Player,Game Link,Country,shotType,goalType,situation,X,Y,Z,bodyPart,goalMouthLocation,Goal Mouth X,Goal mouth Y,Goal Mouth Z,XG,XGOT,time,addedTime,timeSeconds,Start X,Start Y,End X,End Y,Goal X,Goal Y,reversedPeriodTime,reversedPeriodTimeSeconds,incidentType
amir-abrashi,https://www.sofascore.com/andorra-albania/PTbstWb#id:8078424,albania,goal,regular,set-piece,5.6,56.5,0,head,low-left,0,53.2,12,No information,No information,90,6,5732,56.5,5.6,46.8,0,46.8,88,1,568,shot
ledian-memushaj,https://www.sofascore.com/andorra-albania/PTbstWb#id:8078424,albania,save,No information,free-kick,26.1,52.8,0,left-foot,high-right,0,47.8,27.8,No information,No information,90,6,5730,52.8,26.1,52.2,0,52.2,72.2,1,570,shot
berat-djimsiti,https://www.sofascore.com/andorra-albania/PTbstWb#id:8078424,albania,miss,No information,corner,10.1,30.5,0,right-foot,high-right,0,39.7,75,No information,No information,90,2,5461,30.5,10.1,60.3,0,60.3,25,1,839,shot
berat-djimsiti,https://www.sofascore.com/andorra-albania/PTbstWb#id:8078424,albania,miss,No information,corner,6.9,37.3,0,head,right,0,37,4.2,No information,No information,90,1,5459,37.3,6.9,63,0,63,95.8,1,841,shot
bekim-balaj,https://www.sofascore.com/andorra-albania/PTbstWb#id:8078424,albania,goal,regular,regular,12.6,63.4,0,right-foot,low-right,0,46.2,18.4,No information,No information,87,No information,5208,63.4,12.6,53.8,0,53.8,81.6,4,192,shot
armando-sadiku,https://www.sofascore.com/andorra-albania/PTbstWb#id:8078424,albania,miss,No information,assisted,20.1,62.6,0,right-foot,left,0,66.1,30.6,No information,No information,86,No information,5142,62.6,20.1,33.9,0,33.9,69.4,5,258,shot
jordi-alaez,https://www.sofascore.com/andorra-albania/PTbstWb#id:8078424,andorra,miss,No information,regular,18.8,51.9,0,right-foot,right,0,38.7,26.4,No information,No information,84,No information,5027,51.9,18.8,61.3,0,61.3,73.6,7,373,shot
armando-sadiku,https://www.sofascore.com/andorra-albania/PTbstWb#id:8078424,albania,miss,No information,assisted,0.7,64.8,0,right-foot,close-high,0,45.2,54.2,No information,No information,75,No information,4489,64.8,0.7,54.8,0,54.8,45.8,16,911,shot
marc-vales,https://www.sofascore.com/andorra-albania/PTbstWb#id:8078424,andorra,miss,No information,set-piece,8.4,48.2,0,head,high,0,49.1,77.8,No information,No information,67,No information,3966,48.2,8.4,50.9,0,50.9,22.2,24,1434,shot
ludovic-clemente,https://www.sofascore.com/andorra-albania/PTbstWb#id:8078424,andorra,miss,No information,regular,41.4,76.9,0,right-foot,right,0,31.8,33.3,No information,No information,50,No information,2978,76.9,41.4,68.2,0,68.2,66.7,41,2422,shot
ergys-kace,https://www.sofascore.com/andorra-albania/PTbstWb#id:8078424,albania,miss,No information,free-kick,22,34.9,0,right-foot,high-left,0,59.3,61.1,No information,No information,44,No information,2607,34.9,22,40.7,0,40.7,38.9,2,93,shot
armando-sadiku,https://www.sofascore.com/andorra-albania/PTbstWb#id:8078424,albania,block,No information,assisted,10.5,50.3,0,right-foot,No information,No information,No information,No information,No information,No information,34,No information,2035,50.3,10.5,No information,No information,No information,No information,12,665,shot
taulant-xhaka,https://www.sofascore.com/andorra-albania/PTbstWb#id:8078424,albania,miss,No information,regular,6.4,52.2,0,left-foot,close-left,0,58.7,13.9,No information,No information,33,No information,1949,52.2,6.4,41.3,0,41.3,86.1,13,751,shot
ludovic-clemente,https://www.sofascore.com/andorra-albania/PTbstWb#id:8078424,andorra,miss,No information,regular,22.2,33.4,0,right-foot,close-high,0,45.5,47.2,No information,No information,27,No information,1575,33.4,22.2,54.5,0,54.5,52.8,19,1125,shot
armando-sadiku,https://www.sofascore.com/andorra-albania/PTbstWb#id:8078424,albania,goal,regular,regular,26.2,52.2,0,right-foot,low-left,0,53,2.5,No information,No information,21,No information,1232,52.2,26.2,47,0,47,97.5,25,1468,shot
myrto-uzuni,https://www.sofascore.com/andorra-albania/PTbstWb#id:8078424,albania,post,No information,assisted,5,41.2,0,left-foot,high,0,50.8,40.5,No information,No information,1,No information,21,41.2,5,49.2,0,49.2,59.5,45,2679,shot

berat-djimsiti,https://www.sofascore.com/turkey-albania/PTbsaUb#id:8078338,albania,block,No information,corner,7.7,59.4,0,right-foot,No information,No information,No information,No information,No information,No information,90,5,5644,59.4,7.7,No information,No information,No information,No information,1,656,shot
amir-abrashi,https://www.sofascore.com/turkey-albania/PTbsaUb#id:8078338,albania,miss,No information,assisted,8.5,57.5,0,head,left,0,76,19.4,No information,No information,88,No information,5230,57.5,8.5,24,0,24,80.6,3,170,shot
elseid-hysaj,https://www.sofascore.com/turkey-albania/PTbsaUb#id:8078338,albania,save,No information,assisted,24.1,69.4,0,left-foot,high-right,0,46.5,22.8,No information,No information,88,No information,5222,69.4,24.1,53.5,0,53.5,77.2,3,178,shot
ledian-memushaj,https://www.sofascore.com/turkey-albania/PTbsaUb#id:8078338,albania,miss,No information,assisted,11.6,27.7,0,right-foot,high-right,0,34.6,70.8,No information,No information,70,No information,4160,27.7,11.6,65.4,0,65.4,29.2,21,1240,shot
taulant-xhaka,https://www.sofascore.com/turkey-albania/PTbsaUb#id:8078338,albania,block,No information,free-kick,19.4,17.1,0,right-foot,No information,No information,No information,No information,No information,No information,62,No information,3715,17.1,19.4,No information,No information,No information,No information,29,1685,shot
hakan-calhanoglu,https://www.sofascore.com/turkey-albania/PTbsaUb#id:8078338,türkiye,goal,regular,regular,21.6,42.4,0,right-foot,high-right,0,46.1,23.4,No information,No information,55,No information,3242,42.4,21.6,53.9,0,53.9,76.6,36,2158,shot
ledian-memushaj,https://www.sofascore.com/turkey-albania/PTbsaUb#id:8078338,albania,block,No information,set-piece,23.6,36.1,0,right-foot,No information,No information,No information,No information,No information,No information,48,No information,2821,36.1,23.6,No information,No information,No information,No information,43,2579,shot
burak-yilmaz,https://www.sofascore.com/turkey-albania/PTbsaUb#id:8078338,türkiye,miss,No information,assisted,18.9,59.7,0,right-foot,close-right,0,41.7,13.9,No information,No information,46,No information,2758,59.7,18.9,58.3,0,58.3,86.1,45,2642,shot
myrto-uzuni,https://www.sofascore.com/turkey-albania/PTbsaUb#id:8078338,albania,save,No information,regular,11.1,76.3,0,left-foot,low-right,0,46.5,4.4,No information,No information,37,No information,2201,76.3,11.1,53.5,0,53.5,95.6,9,499,shot
ledian-memushaj,https://www.sofascore.com/turkey-albania/PTbsaUb#id:8078338,albania,block,No information,free-kick,13.1,18.8,0,right-foot,No information,No information,No information,No information,No information,No information,31,No information,1803,18.8,13.1,No information,No information,No information,No information,15,897,shot
burak-yilmaz,https://www.sofascore.com/turkey-albania/PTbsaUb#id:8078338,türkiye,goal,regular,assisted,14.2,55.8,0,right-foot,low-left,0,52.8,11.4,No information,No information,21,No information,1249,55.8,14.2,47.2,0,47.2,88.6,25,1451,shot
ivan-balliu,https://www.sofascore.com/turkey-albania/PTbsaUb#id:8078338,albania,save,No information,assisted,14.2,60.5,0,right-foot,low-centre,0,49.7,3.2,No information,No information,20,No information,1163,60.5,14.2,50.3,0,50.3,96.8,26,1537,shot
bekim-balaj,https://www.sofascore.com/turkey-albania/PTbsaUb#id:8078338,albania,miss,No information,assisted,13.3,37,0,right-foot,right,0,33.8,9.7,No information,No information,14,No information,822,37,13.3,66.2,0,66.2,90.3,32,1878,shot
ardian-ismajli,https://www.sofascore.com/turkey-albania/PTbsaUb#id:8078338,albania,miss,No information,set-piece,10.6,47.9,0,head,right,0,38.3,8.3,No information,No information,2,No information,116,47.9,10.6,61.7,0,61.7,91.7,44,2584,shot
ledian-memushaj,https://www.sofascore.com/turkey-albania/PTbsaUb#id:8078338,albania,block,No information,assisted,22.6,65.7,0,left-foot,No information,No information,No information,No information,No information,No information,2,No information,63,65.7,22.6,No information,No information,No information,No information,44,2637,shot

endri-cekici,https://www.sofascore.com/poland-albania/PTbsdUb#id:9223783,albania,miss,No information,regular,32.6,55.7,0,right-foot,high-left,0,65.7,52.8,No information,No information,90,3,5555,55.7,32.6,34.3,0,34.3,47.2,1,745,shot
myrto-uzuni,https://www.sofascore.com/poland-albania/PTbsdUb#id:9223783,albania,block,No information,assisted,32.3,38.4,0,right-foot,low-centre,0,50.6,19,No information,No information,90,2,5469,38.4,32.3,49.4,0,49.4,81,1,831,shot
klaus-gjasula,https://www.sofascore.com/poland-albania/PTbsdUb#id:9223783,albania,block,No information,assisted,24.5,61.5,0,right-foot,low-centre,0,48.3,19,No information,No information,90,1,5444,61.5,24.5,51.7,0,51.7,81,1,856,shot
karol-linetty,https://www.sofascore.com/poland-albania/PTbsdUb#id:9223783,poland,goal,regular,assisted,10.1,60,0,right-foot,low-right,0,47.5,3.8,No information,No information,89,No information,5319,60,10.1,52.5,0,52.5,96.2,2,81,shot
robert-lewandowski,https://www.sofascore.com/poland-albania/PTbsdUb#id:9223783,poland,miss,No information,regular,15.2,63,0,right-foot,left,0,65.4,4.2,No information,No information,75,No information,4496,63,15.2,34.6,0,34.6,95.8,16,904,shot
sokol-cikalleshi,https://www.sofascore.com/poland-albania/PTbsdUb#id:9223783,albania,miss,No information,assisted,14.3,41.2,0,head,right,0,38.2,19.4,No information,No information,71,No information,4231,41.2,14.3,61.8,0,61.8,80.6,20,1169,shot
grzegorz-krychowiak,https://www.sofascore.com/poland-albania/PTbsdUb#id:9223783,poland,block,No information,regular,23.4,67.7,0,right-foot,low-centre,0,51,19,No information,No information,61,No information,3628,67.7,23.4,49,0,49,81,30,1772,shot
grzegorz-krychowiak,https://www.sofascore.com/poland-albania/PTbsdUb#id:9223783,poland,goal,regular,assisted,2.3,45.8,0,right-foot,high-left,0,52.4,30.4,No information,No information,54,No information,3226,45.8,2.3,47.6,0,47.6,69.6,37,2174,shot
berat-djimsiti,https://www.sofascore.com/poland-albania/PTbsdUb#id:9223783,albania,miss,No information,regular,27.3,37,0,right-foot,right,0,37.1,31.9,No information,No information,47,No information,2761,37,27.3,62.9,0,62.9,68.1,44,2639,shot
klaus-gjasula,https://www.sofascore.com/poland-albania/PTbsdUb#id:9223783,albania,miss,No information,regular,25.2,57.2,0,right-foot,left,0,65.5,15.3,No information,No information,45,1,2731,57.2,25.2,34.5,0,34.5,84.7,1,2669,shot
adam-buksa,https://www.sofascore.com/poland-albania/PTbsdUb#id:9223783,poland,goal,regular,corner,10.9,50.4,0,head,low-right,0,47.1,9.5,No information,No information,44,No information,2627,50.4,10.9,52.9,0,52.9,90.5,2,73,shot
elseid-hysaj,https://www.sofascore.com/poland-albania/PTbsdUb#id:9223783,albania,save,No information,regular,22.6,67.2,0,left-foot,low-left,0,53,7,No information,No information,42,No information,2518,67.2,22.6,47,0,47,93,4,182,shot
rey-manaj,https://www.sofascore.com/poland-albania/PTbsdUb#id:9223783,albania,save,No information,regular,15.7,45,0,right-foot,low-left,0,53.9,5.7,No information,No information,40,No information,2371,45,15.7,46.1,0,46.1,94.3,6,329,shot
amir-abrashi,https://www.sofascore.com/poland-albania/PTbsdUb#id:9223783,albania,miss,No information,corner,24.8,68.4,0,right-foot,high-right,0,37.3,55.6,No information,No information,33,No information,1958,68.4,24.8,62.7,0,62.7,44.4,13,742,shot
rey-manaj,https://www.sofascore.com/poland-albania/PTbsdUb#id:9223783,albania,save,No information,regular,11.7,38.2,0,left-foot,low-left,0,54.1,8.9,No information,No information,32,No information,1884,38.2,11.7,45.9,0,45.9,91.1,14,816,shot
sokol-cikalleshi,https://www.sofascore.com/poland-albania/PTbsdUb#id:9223783,albania,goal,regular,assisted,5,35.9,0,left-foot,low-right,0,45.9,1.3,No information,No information,25,No information,1479,35.9,5,54.1,0,54.1,98.7,21,1221,shot
klaus-gjasula,https://www.sofascore.com/poland-albania/PTbsdUb#id:9223783,albania,miss,No information,set-piece,11.4,50.4,0,head,high-right,0,40.7,51.4,No information,No information,19,No information,1125,50.4,11.4,59.3,0,59.3,48.6,27,1575,shot
robert-lewandowski,https://www.sofascore.com/poland-albania/PTbsdUb#id:9223783,poland,goal,regular,set-piece,1.6,44.5,0,head,high-left,0,52.5,25.9,No information,No information,12,No information,709,44.5,1.6,47.5,0,47.5,74.1,34,1991,shot

elseid-hysaj,https://www.sofascore.com/belarus-albania/PTbsTUb#id:8600840,albania,miss,No information,fast-break,24.4,29.8,0,right-foot,high-right,0,40,70.8,No information,No information,90,1,5427,29.8,24.4,60,0,60,29.2,1,873,shot
maksim-skavysh,https://www.sofascore.com/belarus-albania/PTbsTUb#id:8600840,belarus,block,No information,assisted,20.2,36.7,0,right-foot,low-centre,0,49.4,13.9,No information,No information,90,1,5404,36.7,20.2,50.6,0,50.6,86.1,1,896,shot
andrei-khachaturyan,https://www.sofascore.com/belarus-albania/PTbsTUb#id:8600840,belarus,save,No information,assisted,31.1,47.4,0,right-foot,high-centre,0,51,28.5,No information,No information,87,No information,5163,47.4,31.1,49,0,49,71.5,4,237,shot
evgeni-yablonski,https://www.sofascore.com/belarus-albania/PTbsTUb#id:8600840,belarus,save,No information,regular,22.5,55.5,0,right-foot,low-centre,0,49.9,7,No information,No information,85,No information,5054,55.5,22.5,50.1,0,50.1,93,6,346,shot
odise-roshi,https://www.sofascore.com/belarus-albania/PTbsTUb#id:8600840,albania,save,No information,fast-break,12.1,73.7,0,right-foot,low-centre,0,48.2,14.6,No information,No information,84,No information,4985,73.7,12.1,51.8,0,51.8,85.4,7,415,shot
keidi-bare,https://www.sofascore.com/belarus-albania/PTbsTUb#id:8600840,albania,goal,regular,assisted,9.3,64.4,0,right-foot,low-left,0,54.1,3.8,No information,No information,78,No information,4675,64.4,9.3,45.9,0,45.9,96.2,13,725,shot
stanislav-dragun,https://www.sofascore.com/belarus-albania/PTbsTUb#id:8600840,belarus,miss,No information,assisted,7,41.7,0,head,right,0,1,2.8,No information,No information,60,No information,3549,41.7,7,99,0,99,97.2,31,1851,shot
rey-manaj,https://www.sofascore.com/belarus-albania/PTbsTUb#id:8600840,albania,miss,No information,regular,24.5,55.7,0,right-foot,high-right,0,35.1,90.3,No information,No information,49,No information,2885,55.7,24.5,64.9,0,64.9,9.7,42,2515,shot
rey-manaj,https://www.sofascore.com/belarus-albania/PTbsTUb#id:8600840,albania,miss,No information,assisted,11,51,0,head,left,0,69.4,4.2,No information,No information,43,No information,2563,51,11,30.6,0,30.6,95.8,3,137,shot
sokol-cikalleshi,https://www.sofascore.com/belarus-albania/PTbsTUb#id:8600840,albania,goal,regular,assisted,20.5,67.1,0,left-foot,low-right,0,46.4,8.9,No information,No information,23,No information,1345,67.1,20.5,53.6,0,53.6,91.1,23,1355,shot
sokol-cikalleshi,https://www.sofascore.com/belarus-albania/PTbsTUb#id:8600840,albania,miss,No information,corner,7.4,46,0,head,left,0,60.5,19.4,No information,No information,19,No information,1093,46,7.4,39.5,0,39.5,80.6,27,1607,shot
klaus-gjasula,https://www.sofascore.com/belarus-albania/PTbsTUb#id:8600840,albania,miss,No information,corner,7.6,59.3,0,head,left,0,88.1,13.9,No information,No information,19,No information,1092,59.3,7.6,11.9,0,11.9,86.1,27,1608,shot
elseid-hysaj,https://www.sofascore.com/belarus-albania/PTbsTUb#id:8600840,albania,block,No information,assisted,20.8,48,0,left-foot,low-left,0,54.1,19,No information,No information,15,No information,863,48,20.8,45.9,0,45.9,81,31,1837,shot
rey-manaj,https://www.sofascore.com/belarus-albania/PTbsTUb#id:8600840,albania,miss,No information,assisted,13.8,57.1,0,right-foot,high-right,0,43.2,65.3,No information,No information,12,No information,664,57.1,13.8,56.8,0,56.8,34.7,34,2036,shot
sokol-cikalleshi,https://www.sofascore.com/belarus-albania/PTbsTUb#id:8600840,albania,save,No information,assisted,10.7,31.2,0,right-foot,low-right,0,47.8,8.9,No information,No information,6,No information,305,31.2,10.7,52.2,0,52.2,91.1,40,2395,shot

liel-abada,https://www.sofascore.com/albania-israel/FObsPTb#id:10023298,israel,save,No information,assisted,10.8,63.9,0,left-foot,high-centre,0,51.1,23.4,No information,No information,90,6,5756,63.9,10.8,48.9,0,48.9,76.6,1,544,shot
munas-dabbur,https://www.sofascore.com/albania-israel/FObsPTb#id:10023298,israel,post,No information,assisted,25.4,13.7,0,right-foot,right,0,44.8,10.1,No information,No information,90,6,5727,13.7,25.4,55.2,0,55.2,89.9,1,573,shot
endri-cekici,https://www.sofascore.com/albania-israel/FObsPTb#id:10023298,albania,miss,No information,assisted,22.5,16.1,0,right-foot,close-high,0,49.2,55.6,No information,No information,89,No information,5295,16.1,22.5,50.8,0,50.8,44.4,2,105,shot
myrto-uzuni,https://www.sofascore.com/albania-israel/FObsPTb#id:10023298,albania,miss,No information,assisted,9.7,54.8,0,head,high-right,0,40.3,56.9,No information,No information,81,No information,4800,54.8,9.7,59.7,0,59.7,43.1,10,600,shot
ivan-balliu,https://www.sofascore.com/albania-israel/FObsPTb#id:10023298,albania,save,No information,assisted,12.6,64.1,0,right-foot,low-centre,0,49.3,7.6,No information,No information,80,No information,4748,64.1,12.6,50.7,0,50.7,92.4,11,652,shot
manor-solomon,https://www.sofascore.com/albania-israel/FObsPTb#id:10023298,israel,goal,regular,regular,8,47.2,0,right-foot,high-left,0,52.3,24.7,No information,No information,73,No information,4333,47.2,8,47.7,0,47.7,75.3,18,1067,shot
ramzi-safuri,https://www.sofascore.com/albania-israel/FObsPTb#id:10023298,israel,save,No information,assisted,24.1,71.1,0,left-foot,low-right,0,45.5,5.1,No information,No information,73,No information,4328,71.1,24.1,54.5,0,54.5,94.9,18,1072,shot
jaber-mahmoud,https://www.sofascore.com/albania-israel/FObsPTb#id:10023298,israel,save,No information,assisted,14.4,37.7,0,right-foot,low-right,0,47.6,2.5,No information,No information,71,No information,4242,37.7,14.4,52.4,0,52.4,97.5,20,1158,shot
liel-abada,https://www.sofascore.com/albania-israel/FObsPTb#id:10023298,israel,block,No information,assisted,8.8,65.3,0,right-foot,low-centre,0,49.1,19,No information,No information,60,No information,3554,65.3,8.8,50.9,0,50.9,81,31,1846,shot
manor-solomon,https://www.sofascore.com/albania-israel/FObsPTb#id:10023298,israel,goal,regular,fast-break,7.5,33.2,0,left-foot,low-left,0,52.9,19,No information,No information,57,No information,3406,33.2,7.5,47.1,0,47.1,81,34,1994,shot
nedim-bajrami,https://www.sofascore.com/albania-israel/FObsPTb#id:10023298,albania,block,No information,assisted,19.7,38,0,right-foot,low-right,0,47.5,19,No information,No information,54,No information,3235,38,19.7,52.5,0,52.5,81,37,2165,shot
dor-peretz,https://www.sofascore.com/albania-israel/FObsPTb#id:10023298,israel,miss,No information,assisted,23.6,37.3,0,left-foot,high-left,0,59,86.1,No information,No information,48,No information,2852,37.3,23.6,41,0,41,13.9,43,2548,shot
ramzi-safuri,https://www.sofascore.com/albania-israel/FObsPTb#id:10023298,israel,save,No information,assisted,25.5,60.8,0,left-foot,low-centre,0,50.1,13.9,No information,No information,46,No information,2756,60.8,25.5,49.9,0,49.9,86.1,45,2644,shot
armando-broja,https://www.sofascore.com/albania-israel/FObsPTb#id:10023298,albania,goal,penalty,penalty,11.5,50,0,right-foot,low-left,0,52.6,10.1,No information,No information,45,2,2802,50,11.5,47.4,0,47.4,89.9,1,2598,shot
frederic-veseli,https://www.sofascore.com/albania-israel/FObsPTb#id:10023298,albania,miss,No information,regular,25.4,33,0,right-foot,high-right,0,42.4,97.2,No information,No information,40,No information,2368,33,25.4,57.6,0,57.6,2.8,6,332,shot
armando-broja,https://www.sofascore.com/albania-israel/FObsPTb#id:10023298,albania,block,No information,assisted,3.5,32.2,0,right-foot,low-left,0,52,19,No information,No information,40,No information,2366,32.2,3.5,48,0,48,81,6,334,shot
armando-broja,https://www.sofascore.com/albania-israel/FObsPTb#id:10023298,albania,save,No information,fast-break,7,34,0,left-foot,low-centre,0,50.6,19,No information,No information,36,No information,2136,34,7,49.4,0,49.4,81,10,564,shot
nedim-bajrami,https://www.sofascore.com/albania-israel/FObsPTb#id:10023298,albania,miss,No information,assisted,14.2,25.2,0,left-foot,right,0,29.1,4.2,No information,No information,34,No information,2021,25.2,14.2,70.9,0,70.9,95.8,12,679,shot
miguel-vitor,https://www.sofascore.com/albania-israel/FObsPTb#id:10023298,israel,post,No information,corner,4.8,54.4,0,head,right,0,44.3,17.7,No information,No information,29,No information,1733,54.4,4.8,55.7,0,55.7,82.3,17,967,shot
ardian-ismajli,https://www.sofascore.com/albania-israel/FObsPTb#id:10023298,albania,block,No information,corner,9,52.7,0,head,low-centre,0,50.1,19,No information,No information,27,No information,1589,52.7,9,49.9,0,49.9,81,19,1111,shot
liel-abada,https://www.sofascore.com/albania-israel/FObsPTb#id:10023298,israel,miss,No information,assisted,15.2,68.6,0,left-foot,close-left,0,58.7,34.7,No information,No information,10,No information,556,68.6,15.2,41.3,0,41.3,65.3,36,2144,shot

aron-elis-thrandarson,https://www.sofascore.com/iceland-albania/PTbsiUb#id:10023375,iceland,miss,No information,regular,15.4,53.7,0,right-foot,high-right,0,39.5,88.9,No information,No information,82,No information,4861,53.7,15.4,60.5,0,60.5,11.1,9,539,shot
kristjan-asllani,https://www.sofascore.com/iceland-albania/PTbsiUb#id:10023375,albania,block,No information,regular,17.2,55.5,0,left-foot,low-right,0,48,19,No information,No information,78,No information,4628,55.5,17.2,52,0,52,81,13,772,shot
kristjan-asllani,https://www.sofascore.com/iceland-albania/PTbsiUb#id:10023375,albania,block,No information,assisted,16.5,60.6,0,left-foot,low-right,0,46.8,19,No information,No information,78,No information,4627,60.6,16.5,53.2,0,53.2,81,13,773,shot
arnor-sigurdsson,https://www.sofascore.com/iceland-albania/PTbsiUb#id:10023375,iceland,save,No information,fast-break,23.5,62.4,0,right-foot,high-right,0,46.7,23.4,No information,No information,72,No information,4293,62.4,23.5,53.3,0,53.3,76.6,19,1107,shot
ivan-balliu,https://www.sofascore.com/iceland-albania/PTbsiUb#id:10023375,albania,miss,No information,assisted,3,65.1,0,right-foot,high,0,44.9,84.7,No information,No information,64,No information,3821,65.1,3,55.1,0,55.1,15.3,27,1579,shot
jon-dagur-thorsteinsson,https://www.sofascore.com/iceland-albania/PTbsiUb#id:10023375,iceland,save,No information,assisted,16.3,43,0,right-foot,low-left,0,53.9,1.9,No information,No information,56,No information,3304,43,16.3,46.1,0,46.1,98.1,35,2096,shot
taulant-seferi,https://www.sofascore.com/iceland-albania/PTbsiUb#id:10023375,albania,miss,No information,assisted,10.8,44.7,0,head,close-left,0,58.2,15.3,No information,No information,55,No information,3248,44.7,10.8,41.8,0,41.8,84.7,36,2152,shot
klaus-gjasula,https://www.sofascore.com/iceland-albania/PTbsiUb#id:10023375,albania,block,No information,assisted,19.2,64.5,0,right-foot,low-centre,0,51,19,No information,No information,53,No information,3130,64.5,19.2,49,0,49,81,38,2270,shot
jon-dagur-thorsteinsson,https://www.sofascore.com/iceland-albania/PTbsiUb#id:10023375,iceland,goal,regular,regular,9.8,49.7,0,right-foot,low-centre,0,51.5,3.2,No information,No information,49,No information,2895,49.7,9.8,48.5,0,48.5,96.8,42,2505,shot
thorir-johann-helgason,https://www.sofascore.com/iceland-albania/PTbsiUb#id:10023375,iceland,miss,No information,corner,15.2,67.8,0,right-foot,high-right,0,33.3,94.4,No information,No information,48,No information,2857,67.8,15.2,66.7,0,66.7,5.6,43,2543,shot
marash-kumbulla,https://www.sofascore.com/iceland-albania/PTbsiUb#id:10023375,albania,miss,No information,corner,10.1,45.2,0,head,left,0,71.6,2.8,No information,No information,37,No information,2217,45.2,10.1,28.4,0,28.4,97.2,9,483,shot
arnor-sigurdsson,https://www.sofascore.com/iceland-albania/PTbsiUb#id:10023375,iceland,save,No information,assisted,18.2,51.1,0,left-foot,low-centre,0,49.7,13.9,No information,No information,35,No information,2041,51.1,18.2,50.3,0,50.3,86.1,11,659,shot
amir-abrashi,https://www.sofascore.com/iceland-albania/PTbsiUb#id:10023375,albania,miss,No information,assisted,4,57.9,0,right-foot,high-right,0,40.2,68.1,No information,No information,34,No information,2014,57.9,4,59.8,0,59.8,31.9,12,686,shot
taulant-seferi,https://www.sofascore.com/iceland-albania/PTbsiUb#id:10023375,albania,goal,regular,regular,3.3,56.3,0,right-foot,low-right,0,48.1,8.9,No information,No information,30,No information,1755,56.3,3.3,51.9,0,51.9,91.1,16,945,shot
amir-abrashi,https://www.sofascore.com/iceland-albania/PTbsiUb#id:10023375,albania,save,No information,assisted,5.1,70.9,0,right-foot,low-centre,0,48.9,1.9,No information,No information,30,No information,1753,70.9,5.1,51.1,0,51.1,98.1,16,947,shot
ivan-balliu,https://www.sofascore.com/iceland-albania/PTbsiUb#id:10023375,albania,block,No information,regular,15.1,68.2,0,right-foot,low-right,0,47.8,19,No information,No information,29,No information,1717,68.2,15.1,52.2,0,52.2,81,17,983,shot
isak-bergmann-johannesson,https://www.sofascore.com/iceland-albania/PTbsiUb#id:10023375,iceland,miss,No information,assisted,21.1,48.7,0,left-foot,right,0,39.8,2.8,No information,No information,22,No information,1306,48.7,21.1,60.2,0,60.2,97.2,24,1394,shot
thorir-johann-helgason,https://www.sofascore.com/iceland-albania/PTbsiUb#id:10023375,iceland,block,No information,corner,25.6,23.9,0,right-foot,low-centre,0,49,19,No information,No information,20,No information,1180,23.9,25.6,51,0,51,81,26,1520,shot
arnor-sigurdsson,https://www.sofascore.com/iceland-albania/PTbsiUb#id:10023375,iceland,save,No information,throw-in-set-piece,11.1,58.3,0,right-foot,high-centre,0,48.6,28.5,No information,No information,19,No information,1109,58.3,11.1,51.4,0,51.4,71.5,27,1591,shot
taulant-seferi,https://www.sofascore.com/iceland-albania/PTbsiUb#id:10023375,albania,block,No information,assisted,12.3,33.7,0,left-foot,low-left,0,51.8,19,No information,No information,17,No information,968,33.7,12.3,48.2,0,48.2,81,29,1732,shot
klaus-gjasula,https://www.sofascore.com/iceland-albania/PTbsiUb#id:10023375,albania,block,No information,assisted,19.2,48.2,0,right-foot,low-left,0,51.9,19,No information,No information,16,No information,953,48.2,19.2,48.1,0,48.1,81,30,1747,shot

mitaj-mario,https://www.sofascore.com/italy-albania/PTbshUb#id:11873898,albania,miss,No information,assisted,18.2,29.4,0,left-foot,close-high-right,0,41.2,47.2,No information,No information,90,5,5695,29.4,18.2,58.8,0,58.8,52.8,1,605,shot
rey-manaj,https://www.sofascore.com/italy-albania/PTbshUb#id:11873898,albania,miss,No information,assisted,3.8,66.2,0,right-foot,left,0,61,6.9,No information,No information,90,No information,5372,66.2,3.8,39,0,39,93.1,1,28,shot
federico-dimarco,https://www.sofascore.com/italy-albania/PTbshUb#id:11873898,italy,save,No information,assisted,23.8,27.2,0,left-foot,high-centre,0,48.4,24.7,No information,No information,80,No information,4748,27.2,23.8,51.6,0,51.6,75.3,11,652,shot
kristjan-asllani,https://www.sofascore.com/italy-albania/PTbshUb#id:11873898,albania,miss,No information,corner,20.4,56.2,0,left-foot,right,0,37,19.4,No information,No information,69,No information,4132,56.2,20.4,63,0,63,80.6,22,1268,shot
giovanni-di-lorenzo,https://www.sofascore.com/italy-albania/PTbshUb#id:11873898,italy,block,No information,corner,3.6,38.5,0,head,low-centre,0,49.4,18.1,No information,No information,67,No information,3965,38.5,3.6,50.6,0,50.6,81.9,24,1435,shot
federico-chiesa,https://www.sofascore.com/italy-albania/PTbshUb#id:11873898,italy,miss,No information,assisted,17.6,65.8,0,left-foot,close-left,0,57,23.6,No information,No information,60,No information,3541,65.8,17.6,43,0,43,76.4,31,1859,shot
kristjan-asllani,https://www.sofascore.com/italy-albania/PTbshUb#id:11873898,albania,block,No information,free-kick,25,30.9,0,right-foot,low-centre,0,50.9,19,No information,No information,52,No information,3102,30.9,25,49.1,0,49.1,81,39,2298,shot
gianluca-scamacca,https://www.sofascore.com/italy-albania/PTbshUb#id:11873898,italy,miss,No information,regular,21.8,54.4,0,right-foot,left,0,62.2,4.2,No information,No information,48,No information,2857,54.4,21.8,37.8,0,37.8,95.8,43,2543,shot
lorenzo-pellegrini,https://www.sofascore.com/italy-albania/PTbshUb#id:11873898,italy,miss,No information,assisted,8.3,47.1,0,other,left,0,64.9,13.9,No information,No information,45,2,2769,47.1,8.3,35.1,0,35.1,86.1,1,2631,shot
jasir-asani,https://www.sofascore.com/italy-albania/PTbshUb#id:11873898,albania,miss,No information,set-piece,25.7,65.7,0,left-foot,close-high-left,0,58.8,59.7,No information,No information,44,No information,2624,65.7,25.7,41.2,0,41.2,40.3,2,76,shot
riccardo-calafiori,https://www.sofascore.com/italy-albania/PTbshUb#id:11873898,italy,block,No information,corner,8.9,48.1,0,head,low-centre,0,51.4,19,No information,No information,40,No information,2396,48.1,8.9,48.6,0,48.6,81,6,304,shot
gianluca-scamacca,https://www.sofascore.com/italy-albania/PTbshUb#id:11873898,italy,save,No information,assisted,4.2,63.4,0,right-foot,low-centre,0,51.3,0.6,No information,No information,40,No information,2354,63.4,4.2,48.7,0,48.7,99.4,6,346,shot
davide-frattesi,https://www.sofascore.com/italy-albania/PTbshUb#id:11873898,italy,save,No information,regular,6.4,64.2,0,right-foot,high-centre,0,50.3,22.2,No information,No information,33,No information,1971,64.2,6.4,49.7,0,49.7,77.8,13,729,shot
lorenzo-pellegrini,https://www.sofascore.com/italy-albania/PTbshUb#id:11873898,italy,miss,No information,assisted,7.3,39.5,0,right-foot,right,0,38,5.6,No information,No information,31,No information,1814,39.5,7.3,62,0,62,94.4,15,886,shot
federico-chiesa,https://www.sofascore.com/italy-albania/PTbshUb#id:11873898,italy,block,No information,corner,24,43.2,0,right-foot,low-centre,0,50.9,19,No information,No information,21,No information,1234,43.2,24,49.1,0,49.1,81,25,1466,shot
riccardo-calafiori,https://www.sofascore.com/italy-albania/PTbshUb#id:11873898,italy,block,No information,corner,4.5,47.1,0,head,low-centre,0,49.4,19,No information,No information,21,No information,1231,47.1,4.5,50.6,0,50.6,81,25,1469,shot
nicolo-barella,https://www.sofascore.com/italy-albania/PTbshUb#id:11873898,italy,goal,regular,regular,18.9,47.3,0,right-foot,low-left,0,54.6,12.7,No information,No information,16,No information,952,47.3,18.9,45.4,0,45.4,87.3,30,1748,shot
gianluca-scamacca,https://www.sofascore.com/italy-albania/PTbshUb#id:11873898,italy,block,No information,regular,14.5,64.4,0,right-foot,low-left,0,52.2,19,No information,No information,16,No information,949,64.4,14.5,47.8,0,47.8,81,30,1751,shot
alessandro-bastoni,https://www.sofascore.com/italy-albania/PTbshUb#id:11873898,italy,goal,regular,corner,3.2,59.3,0,head,high-centre,0,51.3,22.8,No information,No information,11,No information,615,59.3,3.2,48.7,0,48.7,77.2,35,2085,shot
federico-dimarco,https://www.sofascore.com/italy-albania/PTbshUb#id:11873898,italy,block,No information,assisted,14.5,27.4,0,left-foot,low-centre,0,49.3,19,No information,No information,10,No information,578,27.4,14.5,50.7,0,50.7,81,36,2122,shot
berat-djimsiti,https://www.sofascore.com/italy-albania/PTbshUb#id:11873898,albania,miss,No information,assisted,15.1,41.6,0,left-foot,left,0,78.2,13.9,No information,No information,9,No information,524,41.6,15.1,21.8,0,21.8,86.1,37,2176,shot
jasir-asani,https://www.sofascore.com/italy-albania/PTbshUb#id:11873898,albania,block,No information,assisted,11.1,72.3,0,left-foot,low-left,0,52.5,19,No information,No information,8,No information,438,72.3,11.1,47.5,0,47.5,81,38,2262,shot
federico-chiesa,https://www.sofascore.com/italy-albania/PTbshUb#id:11873898,italy,block,No information,assisted,8.6,72.7,0,left-foot,low-centre,0,48.6,19,No information,No information,6,No information,352,72.7,8.6,51.4,0,51.4,81,40,2348,shot
lorenzo-pellegrini,https://www.sofascore.com/italy-albania/PTbshUb#id:11873898,italy,miss,No information,assisted,14.4,52.7,0,right-foot,close-right,0,42.5,34.7,No information,No information,2,No information,114,52.7,14.4,57.5,0,57.5,65.3,44,2586,shot
nedim-bajrami,https://www.sofascore.com/italy-albania/PTbshUb#id:11873898,albania,goal,regular,regular,7.6,67,0,right-foot,high-right,0,46.2,25.9,No information,No information,1,No information,23,67,7.6,53.8,0,53.8,74.1,45,2677,shot

trent-alexander-arnold,https://www.sofascore.com/england-albania/PTbsnUb#id:9223883,england,block,No information,assisted,13.1,62,0,right-foot,low-right,0,47.3,19,No information,No information,89,No information,5330,62,13.1,52.7,0,52.7,81,2,70,shot
qazim-laci,https://www.sofascore.com/england-albania/PTbsnUb#id:9223883,albania,save,No information,assisted,27.4,39,0,right-foot,high-centre,0,50.1,25.3,No information,No information,87,No information,5187,39,27.4,49.9,0,49.9,74.7,4,213,shot
jack-grealish,https://www.sofascore.com/england-albania/PTbsnUb#id:9223883,england,block,No information,assisted,14.1,37.7,0,left-foot,low-left,0,53.1,19,No information,No information,85,No information,5057,37.7,14.1,46.9,0,46.9,81,6,343,shot
reece-james,https://www.sofascore.com/england-albania/PTbsnUb#id:9223883,england,miss,No information,assisted,11.5,67.4,0,right-foot,left,0,60.5,12.5,No information,No information,70,No information,4195,67.4,11.5,39.5,0,39.5,87.5,21,1205,shot
sokol-cikalleshi,https://www.sofascore.com/england-albania/PTbsnUb#id:9223883,albania,block,No information,assisted,12.6,72,0,right-foot,low-centre,0,50.6,19,No information,No information,66,No information,3922,72,12.6,49.4,0,49.4,81,25,1478,shot
harry-kane,https://www.sofascore.com/england-albania/PTbsnUb#id:9223883,england,miss,No information,assisted,20.7,36.5,0,right-foot,high-right,0,38.2,94.4,No information,No information,52,No information,3070,36.5,20.7,61.8,0,61.8,5.6,39,2330,shot
sokol-cikalleshi,https://www.sofascore.com/england-albania/PTbsnUb#id:9223883,albania,save,No information,assisted,25.4,52.8,0,right-foot,high-centre,0,50.6,20.9,No information,No information,47,No information,2780,52.8,25.4,49.4,0,49.4,79.1,44,2620,shot
harry-kane,https://www.sofascore.com/england-albania/PTbsnUb#id:9223883,england,goal,regular,corner,5.3,43.7,0,right-foot,high-left,0,51.9,32.3,No information,No information,45,1,2759,43.7,5.3,48.1,0,48.1,67.7,1,2641,shot
harry-kane,https://www.sofascore.com/england-albania/PTbsnUb#id:9223883,england,miss,No information,assisted,7.1,53.1,0,head,close-left,0,59.2,12.5,No information,No information,42,No information,2496,53.1,7.1,40.8,0,40.8,87.5,4,204,shot
harry-kane,https://www.sofascore.com/england-albania/PTbsnUb#id:9223883,england,miss,No information,assisted,6.8,67,0,right-foot,left,0,60.8,11.1,No information,No information,38,No information,2260,67,6.8,39.2,0,39.2,88.9,8,440,shot
harry-kane,https://www.sofascore.com/england-albania/PTbsnUb#id:9223883,england,goal,regular,fast-break,4.1,33.8,0,left-foot,high-right,0,48.1,23.4,No information,No information,33,No information,1965,33.8,4.1,51.9,0,51.9,76.6,13,735,shot
john-stones,https://www.sofascore.com/england-albania/PTbsnUb#id:9223883,england,miss,No information,corner,6.8,59.3,0,head,high,0,55.8,68.1,No information,No information,32,No information,1908,59.3,6.8,44.2,0,44.2,31.9,14,792,shot
harry-kane,https://www.sofascore.com/england-albania/PTbsnUb#id:9223883,england,save,No information,assisted,23.8,33.2,0,right-foot,high-right,0,45.4,26.6,No information,No information,32,No information,1863,33.2,23.8,54.6,0,54.6,73.4,14,837,shot
harry-kane,https://www.sofascore.com/england-albania/PTbsnUb#id:9223883,england,block,No information,assisted,8.7,46.6,0,right-foot,low-centre,0,50.2,19,No information,No information,30,No information,1753,46.6,8.7,49.8,0,49.8,81,16,947,shot
jordan-henderson,https://www.sofascore.com/england-albania/PTbsnUb#id:9223883,england,goal,regular,assisted,8.2,46.7,0,left-foot,low-right,0,47.2,4.4,No information,No information,28,No information,1645,46.7,8.2,52.8,0,52.8,95.6,18,1055,shot
sokol-cikalleshi,https://www.sofascore.com/england-albania/PTbsnUb#id:9223883,albania,save,No information,regular,15.5,70.8,0,left-foot,low-right,0,47,7.6,No information,No information,27,No information,1571,70.8,15.5,53,0,53,92.4,19,1129,shot
harry-kane,https://www.sofascore.com/england-albania/PTbsnUb#id:9223883,england,goal,regular,assisted,4.2,48,0,head,low-left,0,53.2,15.2,No information,No information,18,No information,1034,48,4.2,46.8,0,46.8,84.8,28,1666,shot
myrto-uzuni,https://www.sofascore.com/england-albania/PTbsnUb#id:9223883,albania,save,No information,regular,17.2,41.8,0,right-foot,low-right,0,47.1,8.2,No information,No information,14,No information,811,41.8,17.2,52.9,0,52.9,91.8,32,1889,shot
phil-foden,https://www.sofascore.com/england-albania/PTbsnUb#id:9223883,england,miss,No information,regular,17.9,50,0,left-foot,high,0,55.1,70.8,No information,No information,11,No information,612,50,17.9,44.9,0,44.9,29.2,35,2088,shot
harry-maguire,https://www.sofascore.com/england-albania/PTbsnUb#id:9223883,england,goal,regular,set-piece,8.1,44.5,0,head,low-right,0,47.8,17.7,No information,No information,9,No information,510,44.5,8.1,52.2,0,52.2,82.3,37,2190,shot

myrto-uzuni,https://www.sofascore.com/poland-albania/PTbsdUb#id:10752400,albania,miss,No information,assisted,7.6,46.6,0,right-foot,close-left,0,57.1,13.9,No information,No information,88,No information,5232,46.6,7.6,42.9,0,42.9,86.1,3,168,shot
jakub-kaminski,https://www.sofascore.com/poland-albania/PTbsdUb#id:10752400,poland,miss,No information,assisted,23.4,48.4,0,right-foot,high-right,0,41.5,63.9,No information,No information,85,No information,5080,48.4,23.4,58.5,0,58.5,36.1,6,320,shot
robert-lewandowski,https://www.sofascore.com/poland-albania/PTbsdUb#id:10752400,poland,miss,No information,assisted,20.1,51.8,0,right-foot,high,0,54.6,65.3,No information,No information,84,No information,5033,51.8,20.1,45.4,0,45.4,34.7,7,367,shot
taulant-seferi,https://www.sofascore.com/poland-albania/PTbsdUb#id:10752400,albania,miss,No information,assisted,6.9,59.9,0,right-foot,right,0,40.7,36.1,No information,No information,80,No information,4787,59.9,6.9,59.3,0,59.3,63.9,11,613,shot
myrto-uzuni,https://www.sofascore.com/poland-albania/PTbsdUb#id:10752400,albania,miss,No information,free-kick,29.4,52.8,0,right-foot,left,0,59.5,16.7,No information,No information,76,No information,4548,52.8,29.4,40.5,0,40.5,83.3,15,852,shot
kiwior-jakub,https://www.sofascore.com/poland-albania/PTbsdUb#id:10752400,poland,miss,No information,corner,7.3,55.5,0,head,close-left,0,58,5.6,No information,No information,73,No information,4340,55.5,7.3,42,0,42,94.4,18,1060,shot
robert-lewandowski,https://www.sofascore.com/poland-albania/PTbsdUb#id:10752400,poland,block,No information,assisted,19.7,53,0,right-foot,low-left,0,52.3,4.2,No information,No information,72,No information,4310,53,19.7,47.7,0,47.7,95.8,19,1090,shot
robert-lewandowski,https://www.sofascore.com/poland-albania/PTbsdUb#id:10752400,poland,miss,No information,corner,11,53.8,0,right-foot,high,0,51.9,81.9,No information,No information,64,No information,3783,53.8,11,48.1,0,48.1,18.1,27,1617,shot
robert-lewandowski,https://www.sofascore.com/poland-albania/PTbsdUb#id:10752400,poland,block,No information,assisted,10.3,32.9,0,right-foot,low-left,0,52.6,15.3,No information,No information,63,No information,3746,32.9,10.3,47.4,0,47.4,84.7,28,1654,shot
kristjan-asllani,https://www.sofascore.com/poland-albania/PTbsdUb#id:10752400,albania,miss,No information,regular,26.3,40.7,0,left-foot,right,0,40.2,25,No information,No information,62,No information,3670,40.7,26.3,59.8,0,59.8,75,29,1730,shot
kristjan-asllani,https://www.sofascore.com/poland-albania/PTbsdUb#id:10752400,albania,save,No information,corner,10,31.4,0,right-foot,high-left,0,54,23.4,No information,No information,58,No information,3474,31.4,10,46,0,46,76.6,33,1926,shot
myrto-uzuni,https://www.sofascore.com/poland-albania/PTbsdUb#id:10752400,albania,save,No information,assisted,14.8,30.7,0,right-foot,low-right,0,46.3,11.4,No information,No information,58,No information,3442,30.7,14.8,53.7,0,53.7,88.6,33,1958,shot
przemyslaw-frankowski,https://www.sofascore.com/poland-albania/PTbsdUb#id:10752400,poland,save,No information,assisted,15.4,60.2,0,right-foot,low-right,0,47.7,3.8,No information,No information,51,No information,3023,60.2,15.4,52.3,0,52.3,96.2,40,2377,shot
karol-swiderski,https://www.sofascore.com/poland-albania/PTbsdUb#id:10752400,poland,goal,regular,set-piece,7.9,56.9,0,left-foot,low-right,0,46.8,3.8,No information,No information,41,No information,2402,56.9,7.9,53.2,0,53.2,96.2,5,298,shot
jakub-kaminski,https://www.sofascore.com/poland-albania/PTbsdUb#id:10752400,poland,post,No information,set-piece,22.1,46.2,0,right-foot,right,0,44.6,17.1,No information,No information,40,No information,2398,46.2,22.1,55.4,0,55.4,82.9,6,302,shot
karol-swiderski,https://www.sofascore.com/poland-albania/PTbsdUb#id:10752400,poland,save,No information,assisted,21,52.5,0,left-foot,low-centre,0,50.6,1.3,No information,No information,32,No information,1908,52.5,21,49.4,0,49.4,98.7,14,792,shot
sokol-cikalleshi,https://www.sofascore.com/poland-albania/PTbsdUb#id:10752400,albania,save,No information,assisted,25.2,66,0,left-foot,low-right,0,46,19,No information,No information,22,No information,1263,66,25.2,54,0,54,81,24,1437,shot
nicola-zalewski,https://www.sofascore.com/poland-albania/PTbsdUb#id:10752400,poland,save,No information,assisted,28,66.1,0,left-foot,low-centre,0,48.4,13.9,No information,No information,14,No information,795,66.1,28,51.6,0,51.6,86.1,32,1905,shot

odise-roshi,https://www.sofascore.com/san-marino-albania/PTbsIWb#id:9223851,albania,miss,No information,assisted,15.4,40,0,right-foot,high,0,51.1,65.3,No information,No information,90,2,5470,40,15.4,48.9,0,48.9,34.7,1,830,shot
ylber-ramadani,https://www.sofascore.com/san-marino-albania/PTbsIWb#id:9223851,albania,miss,No information,assisted,20.7,28.6,0,left-foot,high,0,47.9,75,No information,No information,85,No information,5067,28.6,20.7,52.1,0,52.1,25,6,333,shot
rey-manaj,https://www.sofascore.com/san-marino-albania/PTbsIWb#id:9223851,albania,save,No information,assisted,5,55.4,0,right-foot,low-centre,0,49.1,12,No information,No information,85,No information,5057,55.4,5,50.9,0,50.9,88,6,343,shot
myrto-uzuni,https://www.sofascore.com/san-marino-albania/PTbsIWb#id:9223851,albania,goal,regular,assisted,14.4,52.8,0,right-foot,low-left,0,52.6,1.9,No information,No information,80,No information,4778,52.8,14.4,47.4,0,47.4,98.1,11,622,shot
myrto-uzuni,https://www.sofascore.com/san-marino-albania/PTbsIWb#id:9223851,albania,block,No information,fast-break,10.1,45.8,0,right-foot,low-centre,0,50.4,19,No information,No information,76,No information,4542,45.8,10.1,49.6,0,49.6,81,15,858,shot
armando-broja,https://www.sofascore.com/san-marino-albania/PTbsIWb#id:9223851,albania,post,No information,regular,9.1,45.8,0,right-foot,high,0,53.3,38.6,No information,No information,73,No information,4337,45.8,9.1,46.7,0,46.7,61.4,18,1063,shot
qazim-laci,https://www.sofascore.com/san-marino-albania/PTbsIWb#id:9223851,albania,block,No information,corner,16.9,42.7,0,right-foot,low-centre,0,51.4,19,No information,No information,71,No information,4205,42.7,16.9,48.6,0,48.6,81,20,1195,shot
elseid-hysaj,https://www.sofascore.com/san-marino-albania/PTbsIWb#id:9223851,albania,goal,regular,assisted,6.1,43.3,0,head,low-centre,0,48.2,14.6,No information,No information,68,No information,4039,43.3,6.1,51.8,0,51.8,85.4,23,1361,shot
armando-broja,https://www.sofascore.com/san-marino-albania/PTbsIWb#id:9223851,albania,goal,regular,assisted,10.8,54.5,0,right-foot,high-centre,0,50.9,28.5,No information,No information,61,No information,3631,54.5,10.8,49.1,0,49.1,71.5,30,1769,shot
armando-broja,https://www.sofascore.com/san-marino-albania/PTbsIWb#id:9223851,albania,miss,No information,corner,12.5,45.4,0,head,left,0,65,20.8,No information,No information,60,No information,3579,45.4,12.5,35,0,35,79.2,31,1821,shot
odise-roshi,https://www.sofascore.com/san-marino-albania/PTbsIWb#id:9223851,albania,save,No information,assisted,12,65.5,0,right-foot,low-centre,0,48.4,14.6,No information,No information,60,No information,3545,65.5,12,51.6,0,51.6,85.4,31,1855,shot
qazim-laci,https://www.sofascore.com/san-marino-albania/PTbsIWb#id:9223851,albania,goal,regular,assisted,23.4,51.3,0,right-foot,low-right,0,45.5,8.9,No information,No information,58,No information,3431,51.3,23.4,54.5,0,54.5,91.1,33,1969,shot
armando-broja,https://www.sofascore.com/san-marino-albania/PTbsIWb#id:9223851,albania,save,No information,corner,8.8,44.9,0,right-foot,low-centre,0,51.4,1.3,No information,No information,53,No information,3122,44.9,8.8,48.6,0,48.6,98.7,38,2278,shot
rey-manaj,https://www.sofascore.com/san-marino-albania/PTbsIWb#id:9223851,albania,block,No information,assisted,15.7,34.2,0,right-foot,low-left,0,52.5,19,No information,No information,52,No information,3071,34.2,15.7,47.5,0,47.5,81,39,2329,shot
berat-djimsiti,https://www.sofascore.com/san-marino-albania/PTbsIWb#id:9223851,albania,miss,No information,corner,7.6,42.2,0,head,right,0,38.5,13.9,No information,No information,50,No information,2982,42.2,7.6,61.5,0,61.5,86.1,41,2418,shot
myrto-uzuni,https://www.sofascore.com/san-marino-albania/PTbsIWb#id:9223851,albania,miss,No information,assisted,11.9,44.8,0,right-foot,right,0,30.1,8.3,No information,No information,45,No information,2661,44.8,11.9,69.9,0,69.9,91.7,1,39,shot
myrto-uzuni,https://www.sofascore.com/san-marino-albania/PTbsIWb#id:9223851,albania,block,No information,assisted,10.8,40.3,0,left-foot,low-centre,0,50.9,19,No information,No information,44,No information,2609,40.3,10.8,49.1,0,49.1,81,2,91,shot
myrto-uzuni,https://www.sofascore.com/san-marino-albania/PTbsIWb#id:9223851,albania,save,No information,assisted,5.8,34.7,0,left-foot,low-left,0,54.2,5.1,No information,No information,34,No information,2030,34.7,5.8,45.8,0,45.8,94.9,12,670,shot
rey-manaj,https://www.sofascore.com/san-marino-albania/PTbsIWb#id:9223851,albania,goal,regular,assisted,3.6,52.7,0,right-foot,low-left,0,53.2,2.5,No information,No information,32,No information,1889,52.7,3.6,46.8,0,46.8,97.5,14,811,shot
rey-manaj,https://www.sofascore.com/san-marino-albania/PTbsIWb#id:9223851,albania,block,No information,assisted,18.7,53.7,0,right-foot,low-centre,0,48.5,19,No information,No information,31,No information,1830,53.7,18.7,51.5,0,51.5,81,15,870,shot
nedim-bajrami,https://www.sofascore.com/san-marino-albania/PTbsIWb#id:9223851,albania,save,No information,corner,12.5,29.3,0,right-foot,low-left,0,52.8,13.3,No information,No information,23,No information,1326,29.3,12.5,47.2,0,47.2,86.7,23,1374,shot
marash-kumbulla,https://www.sofascore.com/san-marino-albania/PTbsIWb#id:9223851,albania,miss,No information,set-piece,9.5,46.4,0,head,high,0,49.1,88.9,No information,No information,19,No information,1136,46.4,9.5,50.9,0,50.9,11.1,27,1564,shot
myrto-uzuni,https://www.sofascore.com/san-marino-albania/PTbsIWb#id:9223851,albania,miss,No information,assisted,13.1,46.4,0,right-foot,close-right,0,42,8.3,No information,No information,12,No information,681,46.4,13.1,58,0,58,91.7,34,2019,shot
nedim-bajrami,https://www.sofascore.com/san-marino-albania/PTbsIWb#id:9223851,albania,miss,No information,assisted,19.1,27.6,0,right-foot,high-right,0,41.5,63.9,No information,No information,10,No information,569,27.6,19.1,58.5,0,58.5,36.1,36,2131,shot
marash-kumbulla,https://www.sofascore.com/san-marino-albania/PTbsIWb#id:9223851,albania,miss,No information,corner,7.8,51.8,0,head,right,0,40.2,1.4,No information,No information,3,No information,126,51.8,7.8,59.8,0,59.8,98.6,43,2574,shot

harry-kane,https://www.sofascore.com/england-albania/PTbsnUb#id:9223730,england,block,No information,assisted,12,33.6,0,right-foot,low-centre,0,49.7,19,No information,No information,90,1,5401,33.6,12,50.3,0,50.3,81,1,899,shot
harry-kane,https://www.sofascore.com/england-albania/PTbsnUb#id:9223730,england,miss,No information,regular,11.1,53.7,0,head,left,0,68.9,12.5,No information,No information,73,No information,4332,53.7,11.1,31.1,0,31.1,87.5,18,1068,shot
mason-mount,https://www.sofascore.com/england-albania/PTbsnUb#id:9223730,england,goal,regular,assisted,11.5,41.3,0,right-foot,low-right,0,46.2,13.3,No information,No information,63,No information,3728,41.3,11.5,53.8,0,53.8,86.7,28,1672,shot
harry-kane,https://www.sofascore.com/england-albania/PTbsnUb#id:9223730,england,miss,No information,corner,7.1,46.2,0,left-foot,high,0,54.6,73.6,No information,No information,57,No information,3381,46.2,7.1,45.4,0,45.4,26.4,34,2019,shot
phil-foden,https://www.sofascore.com/england-albania/PTbsnUb#id:9223730,england,save,No information,assisted,15.7,43.3,0,left-foot,low-left,0,52.3,0.6,No information,No information,52,No information,3078,43.3,15.7,47.7,0,47.7,99.4,39,2322,shot
harry-kane,https://www.sofascore.com/england-albania/PTbsnUb#id:9223730,england,post,No information,assisted,4.1,56.3,0,right-foot,high,0,50.1,39.2,No information,No information,42,No information,2487,56.3,4.1,49.9,0,49.9,60.8,4,213,shot
harry-kane,https://www.sofascore.com/england-albania/PTbsnUb#id:9223730,england,goal,regular,assisted,9.8,52.2,0,head,low-right,0,46,14.6,No information,No information,38,No information,2273,52.2,9.8,54,0,54,85.4,8,427,shot
kyle-walker,https://www.sofascore.com/england-albania/PTbsnUb#id:9223730,england,save,No information,assisted,30.4,63.8,0,right-foot,low-centre,0,50.5,12.7,No information,No information,33,No information,1927,63.8,30.4,49.5,0,49.5,87.3,13,773,shot
ardian-ismajli,https://www.sofascore.com/england-albania/PTbsnUb#id:9223730,albania,block,No information,regular,27.8,50.9,0,right-foot,low-centre,0,49.6,19,No information,No information,23,No information,1325,50.9,27.8,50.4,0,50.4,81,23,1375,shot
myrto-uzuni,https://www.sofascore.com/england-albania/PTbsnUb#id:9223730,albania,miss,No information,fast-break,17.8,50.1,0,left-foot,close-high,0,49.4,50,No information,No information,13,No information,744,50.1,17.8,50.6,0,50.6,50,33,1956,shot
john-stones,https://www.sofascore.com/england-albania/PTbsnUb#id:9223730,england,miss,No information,corner,6.7,53.9,0,head,high,0,51.3,77.8,No information,No information,10,No information,567,53.9,6.7,48.7,0,48.7,22.2,36,2133,shot

taulant-seferi,https://www.sofascore.com/poland-albania/PTbsdUb#id:10752490,albania,miss,No information,fast-break,12.8,27.3,0,right-foot,right,0,38.7,23.6,No information,No information,90,4,5622,27.3,12.8,61.3,0,61.3,76.4,1,678,shot
karol-linetty,https://www.sofascore.com/poland-albania/PTbsdUb#id:10752490,poland,miss,No information,corner,25.2,44.5,0,right-foot,left,0,59.5,4.2,No information,No information,87,No information,5203,44.5,25.2,40.5,0,40.5,95.8,4,197,shot
karol-swiderski,https://www.sofascore.com/poland-albania/PTbsdUb#id:10752490,poland,block,No information,set-piece,23.8,53.6,0,left-foot,low-centre,0,49,19,No information,No information,87,No information,5171,53.6,23.8,51,0,51,81,4,229,shot
tomasz-kedziora,https://www.sofascore.com/poland-albania/PTbsdUb#id:10752490,poland,miss,No information,corner,6.5,46.8,0,head,right,0,40,11.1,No information,No information,85,No information,5066,46.8,6.5,60,0,60,88.9,6,334,shot
kiwior-jakub,https://www.sofascore.com/poland-albania/PTbsdUb#id:10752490,poland,block,No information,regular,7,32.8,0,left-foot,low-left,0,52.2,19,No information,No information,85,No information,5042,32.8,7,47.8,0,47.8,81,6,358,shot
kamil-grosicki,https://www.sofascore.com/poland-albania/PTbsdUb#id:10752490,poland,miss,No information,assisted,25.1,37.4,0,right-foot,high-right,0,37.8,62.5,No information,No information,75,No information,4498,37.4,25.1,62.2,0,62.2,37.5,16,902,shot
nedim-bajrami,https://www.sofascore.com/poland-albania/PTbsdUb#id:10752490,albania,save,No information,free-kick,27.5,59.6,0,right-foot,low-right,0,46.4,3.8,No information,No information,68,No information,4048,59.6,27.5,53.6,0,53.6,96.2,23,1352,shot
kristjan-asllani,https://www.sofascore.com/poland-albania/PTbsdUb#id:10752490,albania,miss,No information,regular,31.6,44.2,0,right-foot,high-right,0,41.3,84.7,No information,No information,66,No information,3920,44.2,31.6,58.7,0,58.7,15.3,25,1480,shot
mirlind-daku,https://www.sofascore.com/poland-albania/PTbsdUb#id:10752490,albania,goal,regular,assisted,3,64.3,0,right-foot,high-centre,0,48.4,25.9,No information,No information,62,No information,3702,64.3,3,51.6,0,51.6,74.1,29,1698,shot
grzegorz-krychowiak,https://www.sofascore.com/poland-albania/PTbsdUb#id:10752490,poland,miss,No information,assisted,23,33,0,left-foot,right,0,34.1,9.7,No information,No information,59,No information,3499,33,23,65.9,0,65.9,90.3,32,1901,shot
jakub-kaminski,https://www.sofascore.com/poland-albania/PTbsdUb#id:10752490,poland,save,No information,assisted,4.5,33.6,0,head,high-left,0,54.5,30.4,No information,No information,57,No information,3408,33.6,4.5,45.5,0,45.5,69.6,34,1992,shot
grzegorz-krychowiak,https://www.sofascore.com/poland-albania/PTbsdUb#id:10752490,poland,miss,No information,assisted,21.2,34.8,0,right-foot,close-high,0,51.1,45.8,No information,No information,55,No information,3264,34.8,21.2,48.9,0,48.9,54.2,36,2136,shot
robert-lewandowski,https://www.sofascore.com/poland-albania/PTbsdUb#id:10752490,poland,block,No information,assisted,26.9,42.4,0,right-foot,low-right,0,47.3,19,No information,No information,54,No information,3234,42.4,26.9,52.7,0,52.7,81,37,2166,shot
kristjan-asllani,https://www.sofascore.com/poland-albania/PTbsdUb#id:10752490,albania,miss,No information,assisted,27.1,63.4,0,left-foot,high,0,49.4,100,No information,No information,45,6,3049,63.4,27.1,50.6,0,50.6,0,1,2351,shot
jakub-kaminski,https://www.sofascore.com/poland-albania/PTbsdUb#id:10752490,poland,block,No information,assisted,29,44.2,0,right-foot,low-centre,0,50.7,19,No information,No information,45,4,2888,44.2,29,49.3,0,49.3,81,1,2512,shot
jakub-kaminski,https://www.sofascore.com/poland-albania/PTbsdUb#id:10752490,poland,block,No information,assisted,11.4,28.9,0,right-foot,low-centre,0,48.2,19,No information,No information,45,3,2866,28.9,11.4,51.8,0,51.8,81,1,2534,shot
jasir-asani,https://www.sofascore.com/poland-albania/PTbsdUb#id:10752490,albania,goal,regular,assisted,21.8,85.1,0,left-foot,high-left,0,54,25.9,No information,No information,37,No information,2207,85.1,21.8,46,0,46,74.1,9,493,shot
kristjan-asllani,https://www.sofascore.com/poland-albania/PTbsdUb#id:10752490,albania,miss,No information,assisted,14.4,43.4,0,left-foot,close-high,0,46.7,50,No information,No information,36,No information,2110,43.4,14.4,53.3,0,53.3,50,10,590,shot
piotr-zielinski,https://www.sofascore.com/poland-albania/PTbsdUb#id:10752490,poland,save,No information,assisted,13.4,28.5,0,left-foot,low-right,0,48.1,2.5,No information,No information,7,No information,418,28.5,13.4,51.9,0,51.9,97.5,39,2282,shot

anderson-mikael,https://www.sofascore.com/iceland-albania/PTbsiUb#id:10023395,iceland,goal,regular,assisted,1.4,46,0,right-foot,high-centre,0,51.7,29.1,No information,No information,90,6,5757,46,1.4,48.3,0,48.3,70.9,1,543,shot
armando-broja,https://www.sofascore.com/iceland-albania/PTbsiUb#id:10023395,albania,block,No information,assisted,6.9,42.4,0,right-foot,low-left,0,53.3,19,No information,No information,80,No information,4790,42.4,6.9,46.7,0,46.7,81,11,610,shot
myrto-uzuni,https://www.sofascore.com/iceland-albania/PTbsiUb#id:10023395,albania,block,No information,assisted,18.1,43.8,0,left-foot,low-centre,0,48.9,19,No information,No information,80,No information,4774,43.8,18.1,51.1,0,51.1,81,11,626,shot
anderson-mikael,https://www.sofascore.com/iceland-albania/PTbsiUb#id:10023395,iceland,save,No information,regular,21.2,28.3,0,left-foot,low-left,0,52.5,6.3,No information,No information,73,No information,4338,28.3,21.2,47.5,0,47.5,93.7,18,1062,shot
nedim-bajrami,https://www.sofascore.com/iceland-albania/PTbsiUb#id:10023395,albania,miss,No information,regular,12.8,69,0,right-foot,high,0,55.5,79.2,No information,No information,68,No information,4069,69,12.8,44.5,0,44.5,20.8,23,1331,shot
amir-abrashi,https://www.sofascore.com/iceland-albania/PTbsiUb#id:10023395,albania,save,No information,regular,19.4,25.9,0,right-foot,low-centre,0,48.3,16.5,No information,No information,68,No information,4066,25.9,19.4,51.7,0,51.7,83.5,23,1334,shot
sokol-cikalleshi,https://www.sofascore.com/iceland-albania/PTbsiUb#id:10023395,albania,miss,No information,assisted,14.7,66,0,left-foot,left,0,77,9.7,No information,No information,68,No information,4053,66,14.7,23,0,23,90.3,23,1347,shot
frederic-veseli,https://www.sofascore.com/iceland-albania/PTbsiUb#id:10023395,albania,block,No information,corner,8.8,59.8,0,right-foot,low-centre,0,49.7,19,No information,No information,65,No information,3889,59.8,8.8,50.3,0,50.3,81,26,1511,shot
ylber-ramadani,https://www.sofascore.com/iceland-albania/PTbsiUb#id:10023395,albania,miss,No information,fast-break,9.6,63.9,0,right-foot,close-right,0,41.7,18.1,No information,No information,63,No information,3737,63.9,9.6,58.3,0,58.3,81.9,28,1663,shot
hordur-magnusson,https://www.sofascore.com/iceland-albania/PTbsiUb#id:10023395,iceland,miss,No information,corner,14.1,50.7,0,head,right,0,37.6,15.3,No information,No information,62,No information,3717,50.7,14.1,62.4,0,62.4,84.7,29,1683,shot
birkir-bjarnason,https://www.sofascore.com/iceland-albania/PTbsiUb#id:10023395,iceland,save,No information,assisted,25.2,51.9,0,left-foot,low-right,0,46.1,1.9,No information,No information,61,No information,3648,51.9,25.2,53.9,0,53.9,98.1,30,1752,shot
nedim-bajrami,https://www.sofascore.com/iceland-albania/PTbsiUb#id:10023395,albania,miss,No information,assisted,18.1,62.7,0,right-foot,close-right,0,42.9,1.4,No information,No information,57,No information,3402,62.7,18.1,57.1,0,57.1,98.6,34,1998,shot
arnor-sigurdsson,https://www.sofascore.com/iceland-albania/PTbsiUb#id:10023395,iceland,save,No information,assisted,13.9,36.9,0,right-foot,low-centre,0,49.8,1.3,No information,No information,54,No information,3229,36.9,13.9,50.2,0,50.2,98.7,37,2171,shot
myrto-uzuni,https://www.sofascore.com/iceland-albania/PTbsiUb#id:10023395,albania,save,No information,assisted,5.8,45.6,0,right-foot,low-centre,0,51.3,3.8,No information,No information,53,No information,3146,45.6,5.8,48.7,0,48.7,96.2,38,2254,shot
nedim-bajrami,https://www.sofascore.com/iceland-albania/PTbsiUb#id:10023395,albania,block,No information,assisted,19.6,66.1,0,left-foot,high-left,0,52.1,20.8,No information,No information,51,No information,3020,66.1,19.6,47.9,0,47.9,79.2,40,2380,shot
victor-palsson,https://www.sofascore.com/iceland-albania/PTbsiUb#id:10023395,iceland,miss,No information,corner,8.1,44.5,0,head,right,0,10.8,2.8,No information,No information,47,No information,2803,44.5,8.1,89.2,0,89.2,97.2,44,2597,shot
thorir-johann-helgason,https://www.sofascore.com/iceland-albania/PTbsiUb#id:10023395,iceland,miss,No information,free-kick,24.1,84.9,0,right-foot,close-right,0,43.5,23.6,No information,No information,45,4,2911,84.9,24.1,56.5,0,56.5,76.4,1,2489,shot
myrto-uzuni,https://www.sofascore.com/iceland-albania/PTbsiUb#id:10023395,albania,block,No information,assisted,15.2,44.3,0,left-foot,low-centre,0,49.3,19,No information,No information,45,3,2841,44.3,15.2,50.7,0,50.7,81,1,2559,shot
sokol-cikalleshi,https://www.sofascore.com/iceland-albania/PTbsiUb#id:10023395,albania,block,No information,regular,19.5,61.5,0,left-foot,low-centre,0,50.6,9.7,No information,No information,43,No information,2532,61.5,19.5,49.4,0,49.4,90.3,3,168,shot
ylber-ramadani,https://www.sofascore.com/iceland-albania/PTbsiUb#id:10023395,albania,block,No information,assisted,22.9,48.7,0,left-foot,low-centre,0,49.5,19,No information,No information,43,No information,2526,48.7,22.9,50.5,0,50.5,81,3,174,shot
myrto-uzuni,https://www.sofascore.com/iceland-albania/PTbsiUb#id:10023395,albania,save,No information,assisted,10.8,31,0,left-foot,low-right,0,47.8,5.7,No information,No information,41,No information,2420,31,10.8,52.2,0,52.2,94.3,5,280,shot
ermir-lenjani,https://www.sofascore.com/iceland-albania/PTbsiUb#id:10023395,albania,goal,regular,assisted,8.1,57,0,head,high-right,0,47.4,26.6,No information,No information,35,No information,2090,57,8.1,52.6,0,52.6,73.4,11,610,shot
ermir-lenjani,https://www.sofascore.com/iceland-albania/PTbsiUb#id:10023395,albania,block,No information,assisted,13.6,34.3,0,right-foot,low-centre,0,50.9,19,No information,No information,32,No information,1867,34.3,13.6,49.1,0,49.1,81,14,833,shot
birkir-bjarnason,https://www.sofascore.com/iceland-albania/PTbsiUb#id:10023395,iceland,save,No information,corner,4.2,42.4,0,right-foot,low-left,0,52.4,11.1,No information,No information,27,No information,1573,42.4,4.2,47.6,0,47.6,88.9,19,1127,shot
myrto-uzuni,https://www.sofascore.com/iceland-albania/PTbsiUb#id:10023395,albania,miss,No information,regular,12.7,64.6,0,right-foot,close-left,0,58.3,4.2,No information,No information,23,No information,1333,64.6,12.7,41.7,0,41.7,95.8,23,1367,shot
ivan-balliu,https://www.sofascore.com/iceland-albania/PTbsiUb#id:10023395,albania,block,No information,corner,24,73.9,0,right-foot,low-centre,0,48.8,19,No information,No information,20,No information,1160,73.9,24,51.2,0,51.2,81,26,1540,shot
sokol-cikalleshi,https://www.sofascore.com/iceland-albania/PTbsiUb#id:10023395,albania,block,No information,corner,9.3,40.9,0,right-foot,low-centre,0,50.7,19,No information,No information,19,No information,1139,40.9,9.3,49.3,0,49.3,81,27,1561,shot
nedim-bajrami,https://www.sofascore.com/iceland-albania/PTbsiUb#id:10023395,albania,block,No information,free-kick,24.6,41.2,0,right-foot,low-centre,0,50.8,19,No information,No information,13,No information,751,41.2,24.6,49.2,0,49.2,81,33,1949,shot
myrto-uzuni,https://www.sofascore.com/iceland-albania/PTbsiUb#id:10023395,albania,block,No information,regular,25.1,82.6,0,right-foot,low-left,0,52.6,13.9,No information,No information,6,No information,309,82.6,25.1,47.4,0,47.4,86.1,40,2391,shot

andras-schafer,https://www.sofascore.com/hungary-albania/PTbsjUb#id:9223897,hungary,miss,No information,assisted,29.2,27.9,0,right-foot,high,0,47.9,93.1,No information,No information,85,No information,5079,27.9,29.2,52.1,0,52.1,6.9,6,321,shot
armando-broja,https://www.sofascore.com/hungary-albania/PTbsjUb#id:9223897,albania,goal,regular,assisted,8.3,72.6,0,right-foot,low-left,0,53.2,1.9,No information,No information,80,No information,4740,72.6,8.3,46.8,0,46.8,98.1,11,660,shot
zsolt-nagy,https://www.sofascore.com/hungary-albania/PTbsjUb#id:9223897,hungary,save,No information,assisted,23.6,26,0,left-foot,low-centre,0,51.3,3.8,No information,No information,78,No information,4626,26,23.6,48.7,0,48.7,96.2,13,774,shot
laszlo-kleinheisler,https://www.sofascore.com/hungary-albania/PTbsjUb#id:9223897,hungary,save,No information,assisted,27.3,47.6,0,left-foot,low-left,0,52.1,1.3,No information,No information,76,No information,4504,47.6,27.3,47.9,0,47.9,98.7,15,896,shot
attila-szalai,https://www.sofascore.com/hungary-albania/PTbsjUb#id:9223897,hungary,post,No information,set-piece,3.7,50.5,0,right-foot,right,0,44.8,15.2,No information,No information,74,No information,4393,50.5,3.7,55.2,0,55.2,84.8,17,1007,shot
klaus-gjasula,https://www.sofascore.com/hungary-albania/PTbsjUb#id:9223897,albania,miss,No information,assisted,21.2,56.3,0,right-foot,close-left,0,58.2,2.8,No information,No information,68,No information,4056,56.3,21.2,41.8,0,41.8,97.2,23,1344,shot
myrto-uzuni,https://www.sofascore.com/hungary-albania/PTbsjUb#id:9223897,albania,save,No information,assisted,7.6,52.5,0,head,high-centre,0,50.2,20.9,No information,No information,65,No information,3872,52.5,7.6,49.8,0,49.8,79.1,26,1528,shot
dominik-szoboszlai,https://www.sofascore.com/hungary-albania/PTbsjUb#id:9223897,hungary,miss,No information,assisted,12.2,26,0,right-foot,high-right,0,38.2,55.6,No information,No information,62,No information,3663,26,12.2,61.8,0,61.8,44.4,29,1737,shot
trashi-lorenc,https://www.sofascore.com/hungary-albania/PTbsjUb#id:9223897,albania,miss,No information,corner,22.2,35.5,0,left-foot,high,0,51.8,61.1,No information,No information,59,No information,3500,35.5,22.2,48.2,0,48.2,38.9,32,1900,shot
myrto-uzuni,https://www.sofascore.com/hungary-albania/PTbsjUb#id:9223897,albania,save,No information,fast-break,15,51.3,0,right-foot,low-right,0,46.4,10.8,No information,No information,58,No information,3453,51.3,15,53.6,0,53.6,89.2,33,1947,shot
sokol-cikalleshi,https://www.sofascore.com/hungary-albania/PTbsjUb#id:9223897,albania,block,No information,assisted,9.8,41.2,0,right-foot,low-centre,0,49.6,19,No information,No information,51,No information,3045,41.2,9.8,50.4,0,50.4,81,40,2355,shot
daniel-salloi,https://www.sofascore.com/hungary-albania/PTbsjUb#id:9223897,hungary,miss,No information,assisted,8,57.7,0,right-foot,close-right,0,42,6.9,No information,No information,46,No information,2728,57.7,8,58,0,58,93.1,45,2672,shot
endri-cekici,https://www.sofascore.com/hungary-albania/PTbsjUb#id:9223897,albania,block,No information,free-kick,29.8,47.7,0,right-foot,low-centre,0,48.8,19,No information,No information,45,3,2864,47.7,29.8,51.2,0,51.2,81,1,2536,shot
ardian-ismajli,https://www.sofascore.com/hungary-albania/PTbsjUb#id:9223897,albania,block,No information,assisted,23.9,66,0,right-foot,low-centre,0,49.4,19,No information,No information,41,No information,2408,66,23.9,50.6,0,50.6,81,5,292,shot
zsolt-nagy,https://www.sofascore.com/hungary-albania/PTbsjUb#id:9223897,hungary,miss,No information,corner,29.3,45.2,0,right-foot,left,0,67.1,1.4,No information,No information,21,No information,1208,45.2,29.3,32.9,0,32.9,98.6,25,1492,shot
keidi-bare,https://www.sofascore.com/hungary-albania/PTbsjUb#id:9223897,albania,block,No information,regular,24.8,52,0,right-foot,low-centre,0,50.6,19,No information,No information,10,No information,551,52,24.8,49.4,0,49.4,81,36,2149,shot

qazim-laci,https://www.sofascore.com/kazakhstan-albania/PTbsxVb#id:8600880,albania,miss,No information,corner,22.3,71.1,0,right-foot,close-left,0,58,36.1,No information,No information,88,No information,5256,71.1,22.3,42,0,42,63.9,3,144,shot
taulant-seferi,https://www.sofascore.com/kazakhstan-albania/PTbsxVb#id:8600880,albania,save,No information,assisted,10.8,58.2,0,right-foot,low-centre,0,49.5,3.8,No information,No information,88,No information,5222,58.2,10.8,50.5,0,50.5,96.2,3,178,shot
armando-broja,https://www.sofascore.com/kazakhstan-albania/PTbsxVb#id:8600880,albania,miss,No information,assisted,25.1,51.3,0,right-foot,high-right,0,37.6,59.7,No information,No information,80,No information,4750,51.3,25.1,62.4,0,62.4,40.3,11,650,shot
marash-kumbulla,https://www.sofascore.com/kazakhstan-albania/PTbsxVb#id:8600880,albania,save,No information,corner,11.5,53.6,0,head,high-left,0,53.1,24.7,No information,No information,79,No information,4707,53.6,11.5,46.9,0,46.9,75.3,12,693,shot
keidi-bare,https://www.sofascore.com/kazakhstan-albania/PTbsxVb#id:8600880,albania,block,No information,regular,15,51.3,0,left-foot,low-left,0,52.5,19,No information,No information,78,No information,4673,51.3,15,47.5,0,47.5,81,13,727,shot
armando-broja,https://www.sofascore.com/kazakhstan-albania/PTbsxVb#id:8600880,albania,miss,No information,regular,14.9,65.1,0,right-foot,close-right,0,41.5,5.6,No information,No information,75,No information,4499,65.1,14.9,58.5,0,58.5,94.4,16,901,shot
trashi-lorenc,https://www.sofascore.com/kazakhstan-albania/PTbsxVb#id:8600880,albania,miss,No information,regular,12.3,38.6,0,left-foot,close-right,0,40.8,8.3,No information,No information,70,No information,4160,38.6,12.3,59.2,0,59.2,91.7,21,1240,shot
berat-djimsiti,https://www.sofascore.com/kazakhstan-albania/PTbsxVb#id:8600880,albania,miss,No information,corner,7.7,59.6,0,head,high-right,0,39.7,47.2,No information,No information,60,No information,3577,59.6,7.7,60.3,0,60.3,52.8,31,1823,shot
armando-broja,https://www.sofascore.com/kazakhstan-albania/PTbsxVb#id:8600880,albania,block,No information,assisted,21.5,64.1,0,right-foot,low-centre,0,49.1,6.9,No information,No information,60,No information,3541,64.1,21.5,50.9,0,50.9,93.1,31,1859,shot
askhat-tagybergen,https://www.sofascore.com/kazakhstan-albania/PTbsxVb#id:8600880,kazakhstan,save,No information,regular,25.9,38.8,0,right-foot,low-centre,0,50.3,13.3,No information,No information,59,No information,3523,38.8,25.9,49.7,0,49.7,86.7,32,1877,shot
marash-kumbulla,https://www.sofascore.com/kazakhstan-albania/PTbsxVb#id:8600880,albania,save,No information,corner,12.6,51.3,0,head,low-left,0,52.3,7.6,No information,No information,51,No information,3025,51.3,12.6,47.7,0,47.7,92.4,40,2375,shot
keidi-bare,https://www.sofascore.com/kazakhstan-albania/PTbsxVb#id:8600880,albania,save,No information,assisted,15.2,71.3,0,left-foot,low-right,0,47.4,3.8,No information,No information,50,No information,2943,71.3,15.2,52.6,0,52.6,96.2,41,2457,shot
marash-kumbulla,https://www.sofascore.com/kazakhstan-albania/PTbsxVb#id:8600880,albania,block,No information,assisted,24.4,47.4,0,right-foot,low-centre,0,50.3,19,No information,No information,48,No information,2879,47.4,24.4,49.7,0,49.7,81,43,2521,shot
aibol-abiken,https://www.sofascore.com/kazakhstan-albania/PTbsxVb#id:8600880,kazakhstan,block,No information,assisted,28.5,46.7,0,right-foot,low-centre,0,50.2,19,No information,No information,45,1,2754,46.7,28.5,49.8,0,49.8,81,1,2646,shot
temirlan-erlanov,https://www.sofascore.com/kazakhstan-albania/PTbsxVb#id:8600880,kazakhstan,miss,No information,set-piece,6.8,50.3,0,head,left,0,98.7,11.1,No information,No information,44,No information,2602,50.3,6.8,1.3,0,1.3,88.9,2,98,shot
temirlan-erlanov,https://www.sofascore.com/kazakhstan-albania/PTbsxVb#id:8600880,kazakhstan,block,No information,set-piece,7.9,68.7,0,left-foot,low-right,0,47.2,19,No information,No information,42,No information,2508,68.7,7.9,52.8,0,52.8,81,4,192,shot
rey-manaj,https://www.sofascore.com/kazakhstan-albania/PTbsxVb#id:8600880,albania,block,No information,assisted,16.4,26.6,0,right-foot,low-left,0,53.5,19,No information,No information,33,No information,1959,26.6,16.4,46.5,0,46.5,81,13,741,shot
sherif-kallaku,https://www.sofascore.com/kazakhstan-albania/PTbsxVb#id:8600880,albania,save,No information,assisted,21.6,36.3,0,right-foot,low-right,0,48,9.5,No information,No information,30,No information,1780,36.3,21.6,52,0,52,90.5,16,920,shot
abat-aimbetov,https://www.sofascore.com/kazakhstan-albania/PTbsxVb#id:8600880,kazakhstan,block,No information,assisted,22.5,59.9,0,right-foot,low-centre,0,49.2,11.1,No information,No information,10,No information,546,59.9,22.5,50.8,0,50.8,88.9,36,2154,shot
abat-aimbetov,https://www.sofascore.com/kazakhstan-albania/PTbsxVb#id:8600880,kazakhstan,save,No information,corner,7.5,56.1,0,right-foot,low-left,0,52.4,5.1,No information,No information,3,No information,125,56.1,7.5,47.6,0,47.6,94.9,43,2575,shot

askhat-tagybergen,https://www.sofascore.com/kazakhstan-albania/PTbsxVb#id:8600898,kazakhstan,miss,No information,regular,22.4,69.9,0,right-foot,close-right,0,42.7,22.2,No information,No information,90,No information,5359,69.9,22.4,57.3,0,57.3,77.8,1,41,shot
elseid-hysaj,https://www.sofascore.com/kazakhstan-albania/PTbsxVb#id:8600898,albania,save,No information,assisted,12.8,31.4,0,left-foot,low-centre,0,50.7,5.1,No information,No information,88,No information,5244,31.4,12.8,49.3,0,49.3,94.9,3,156,shot
yan-vorogovskiy,https://www.sofascore.com/kazakhstan-albania/PTbsxVb#id:8600898,kazakhstan,save,No information,assisted,12.1,60.3,0,right-foot,low-left,0,52.2,3.8,No information,No information,84,No information,4987,60.3,12.1,47.8,0,47.8,96.2,7,413,shot
aleksey-shchetkin,https://www.sofascore.com/kazakhstan-albania/PTbsxVb#id:8600898,kazakhstan,save,No information,assisted,10,74.4,0,right-foot,low-centre,0,48.9,3.2,No information,No information,74,No information,4406,74.4,10,51.1,0,51.1,96.8,17,994,shot
rey-manaj,https://www.sofascore.com/kazakhstan-albania/PTbsxVb#id:8600898,albania,save,No information,regular,19.2,54.6,0,right-foot,low-centre,0,50.9,1.9,No information,No information,69,No information,4107,54.6,19.2,49.1,0,49.1,98.1,22,1293,shot
sokol-cikalleshi,https://www.sofascore.com/kazakhstan-albania/PTbsxVb#id:8600898,albania,save,No information,assisted,12,63.1,0,left-foot,low-centre,0,49.4,1.9,No information,No information,66,No information,3935,63.1,12,50.6,0,50.6,98.1,25,1465,shot
rey-manaj,https://www.sofascore.com/kazakhstan-albania/PTbsxVb#id:8600898,albania,save,No information,assisted,27.3,50.1,0,right-foot,low-centre,0,51.1,1.9,No information,No information,65,No information,3874,50.1,27.3,48.9,0,48.9,98.1,26,1526,shot
gafurzhan-suyumbaev,https://www.sofascore.com/kazakhstan-albania/PTbsxVb#id:8600898,kazakhstan,miss,No information,regular,9.8,52,0,right-foot,high,0,47.6,65.3,No information,No information,63,No information,3779,52,9.8,52.4,0,52.4,34.7,28,1621,shot
abat-aimbetov,https://www.sofascore.com/kazakhstan-albania/PTbsxVb#id:8600898,kazakhstan,save,No information,assisted,8.6,66.4,0,left-foot,low-centre,0,51.3,5.7,No information,No information,63,No information,3778,66.4,8.6,48.7,0,48.7,94.3,28,1622,shot
rey-manaj,https://www.sofascore.com/kazakhstan-albania/PTbsxVb#id:8600898,albania,goal,penalty,penalty,11.5,49.7,0,right-foot,low-right,0,45.9,16.5,No information,No information,62,No information,3713,49.7,11.5,54.1,0,54.1,83.5,29,1687,shot
sokol-cikalleshi,https://www.sofascore.com/kazakhstan-albania/PTbsxVb#id:8600898,albania,block,No information,free-kick,27.1,50.3,0,right-foot,low-centre,0,48.3,19,No information,No information,57,No information,3380,50.3,27.1,51.7,0,51.7,81,34,2020,shot
ledian-memushaj,https://www.sofascore.com/kazakhstan-albania/PTbsxVb#id:8600898,albania,save,No information,assisted,4.7,66.6,0,right-foot,low-right,0,47.4,13.9,No information,No information,49,No information,2903,66.6,4.7,52.6,0,52.6,86.1,42,2497,shot
askhat-tagybergen,https://www.sofascore.com/kazakhstan-albania/PTbsxVb#id:8600898,kazakhstan,block,No information,assisted,30.2,73,0,right-foot,low-centre,0,49.6,19,No information,No information,46,No information,2753,73,30.2,50.4,0,50.4,81,45,2647,shot
gafurzhan-suyumbaev,https://www.sofascore.com/kazakhstan-albania/PTbsxVb#id:8600898,kazakhstan,miss,No information,corner,22.1,49.7,0,right-foot,right,0,33.6,25,No information,No information,45,1,2738,49.7,22.1,66.4,0,66.4,75,1,2662,shot
nuraly-alip,https://www.sofascore.com/kazakhstan-albania/PTbsxVb#id:8600898,kazakhstan,block,No information,corner,9.1,61.2,0,left-foot,low-right,0,46.5,19,No information,No information,45,1,2736,61.2,9.1,53.5,0,53.5,81,1,2664,shot
abzal-beysebekov,https://www.sofascore.com/kazakhstan-albania/PTbsxVb#id:8600898,kazakhstan,block,No information,assisted,18.5,64.7,0,right-foot,low-right,0,48.1,19,No information,No information,41,No information,2413,64.7,18.5,51.9,0,51.9,81,5,287,shot
myrto-uzuni,https://www.sofascore.com/kazakhstan-albania/PTbsxVb#id:8600898,albania,block,No information,regular,4.7,48.9,0,left-foot,low-centre,0,48.8,19,No information,No information,36,No information,2107,48.9,4.7,51.2,0,51.2,81,10,593,shot
myrto-uzuni,https://www.sofascore.com/kazakhstan-albania/PTbsxVb#id:8600898,albania,block,No information,assisted,7.7,44.2,0,right-foot,low-centre,0,49,19,No information,No information,36,No information,2106,44.2,7.7,51,0,51,81,10,594,shot
rey-manaj,https://www.sofascore.com/kazakhstan-albania/PTbsxVb#id:8600898,albania,save,No information,assisted,13,31.6,0,right-foot,low-centre,0,48.4,1.3,No information,No information,36,No information,2103,31.6,13,51.6,0,51.6,98.7,10,597,shot
ledian-memushaj,https://www.sofascore.com/kazakhstan-albania/PTbsxVb#id:8600898,albania,miss,No information,free-kick,25.6,64.9,0,left-foot,high,0,46.6,62.5,No information,No information,34,No information,2038,64.9,25.6,53.4,0,53.4,37.5,12,662,shot
myrto-uzuni,https://www.sofascore.com/kazakhstan-albania/PTbsxVb#id:8600898,albania,miss,No information,fast-break,21.6,69.7,0,right-foot,left,0,66.7,1.4,No information,No information,31,No information,1835,69.7,21.6,33.3,0,33.3,98.6,15,865,shot
aibol-abiken,https://www.sofascore.com/kazakhstan-albania/PTbsxVb#id:8600898,kazakhstan,goal,regular,assisted,53.8,44.8,0,right-foot,high-centre,0,51.4,25.9,No information,No information,24,No information,1388,44.8,53.8,48.6,0,48.6,74.1,22,1312,shot
ardian-ismajli,https://www.sofascore.com/kazakhstan-albania/PTbsxVb#id:8600898,albania,goal,regular,set-piece,11.3,55.7,0,right-foot,low-right,0,47.7,0.6,No information,No information,23,No information,1340,55.7,11.3,52.3,0,52.3,99.4,23,1360,shot
sokol-cikalleshi,https://www.sofascore.com/kazakhstan-albania/PTbsxVb#id:8600898,albania,goal,regular,corner,4.4,47.8,0,head,low-left,0,52.8,10.1,No information,No information,16,No information,914,47.8,4.4,47.2,0,47.2,89.9,30,1786,shot
rey-manaj,https://www.sofascore.com/kazakhstan-albania/PTbsxVb#id:8600898,albania,miss,No information,assisted,17.5,54.2,0,right-foot,left,0,60,2.8,No information,No information,12,No information,662,54.2,17.5,40,0,40,97.2,34,2038,shot
sokol-cikalleshi,https://www.sofascore.com/kazakhstan-albania/PTbsxVb#id:8600898,albania,block,No information,corner,7,63.1,0,head,low-right,0,47.7,19,No information,No information,10,No information,598,63.1,7,52.3,0,52.3,81,36,2102,shot
rey-manaj,https://www.sofascore.com/kazakhstan-albania/PTbsxVb#id:8600898,albania,save,No information,corner,8.8,50.1,0,head,high-centre,0,50.1,34.2,No information,No information,9,No information,520,50.1,8.8,49.9,0,49.9,65.8,37,2180,shot
aibol-abiken,https://www.sofascore.com/kazakhstan-albania/PTbsxVb#id:8600898,kazakhstan,block,No information,assisted,26.4,66.4,0,right-foot,low-centre,0,49.9,19,No information,No information,7,No information,366,66.4,26.4,50.1,0,50.1,81,39,2334,shot
yan-vorogovskiy,https://www.sofascore.com/kazakhstan-albania/PTbsxVb#id:8600898,kazakhstan,save,No information,regular,24.7,71.7,0,left-foot,high-left,0,53,31.6,No information,No information,5,No information,297,71.7,24.7,47,0,47,68.4,41,2403,shot
berat-djimsiti,https://www.sofascore.com/kazakhstan-albania/PTbsxVb#id:8600898,albania,miss,No information,set-piece,9.8,53.4,0,head,high,0,52.4,81.9,No information,No information,2,No information,75,53.4,9.8,47.6,0,47.6,18.1,44,2625,shot

igor-stasevich,https://www.sofascore.com/belarus-albania/PTbsTUb#id:8600901,belarus,miss,No information,regular,25.8,41.2,0,right-foot,close-left,0,56.8,2.8,No information,No information,87,No information,5164,41.2,25.8,43.2,0,43.2,97.2,4,236,shot
maksim-skavysh,https://www.sofascore.com/belarus-albania/PTbsTUb#id:8600901,belarus,miss,No information,assisted,7.6,49.3,0,head,high-left,0,57.3,73.6,No information,No information,84,No information,4987,49.3,7.6,42.7,0,42.7,26.4,7,413,shot
max-ebong,https://www.sofascore.com/belarus-albania/PTbsTUb#id:8600901,belarus,goal,regular,assisted,8.7,45.8,0,right-foot,low-right,0,47.2,6.3,No information,No information,80,No information,4773,45.8,8.7,52.8,0,52.8,93.7,11,627,shot
aleksandr-sachivko,https://www.sofascore.com/belarus-albania/PTbsTUb#id:8600901,belarus,block,No information,assisted,24.1,33.6,0,left-foot,low-centre,0,48.3,19,No information,No information,80,No information,4768,33.6,24.1,51.7,0,51.7,81,11,632,shot
bekim-balaj,https://www.sofascore.com/belarus-albania/PTbsTUb#id:8600901,albania,save,No information,corner,6.3,58.4,0,head,high-centre,0,49.7,31.6,No information,No information,78,No information,4631,58.4,6.3,50.3,0,50.3,68.4,13,769,shot
myrto-uzuni,https://www.sofascore.com/belarus-albania/PTbsTUb#id:8600901,albania,block,No information,assisted,13.3,44.8,0,right-foot,low-centre,0,49.6,19,No information,No information,76,No information,4538,44.8,13.3,50.4,0,50.4,81,15,862,shot
qazim-laci,https://www.sofascore.com/belarus-albania/PTbsTUb#id:8600901,albania,miss,No information,regular,21.8,49.9,0,right-foot,close-right,0,41.7,16.7,No information,No information,71,No information,4241,49.9,21.8,58.3,0,58.3,83.3,20,1159,shot
maksim-skavysh,https://www.sofascore.com/belarus-albania/PTbsTUb#id:8600901,belarus,block,No information,regular,10.5,37.9,0,left-foot,low-left,0,52.6,19,No information,No information,68,No information,4038,37.9,10.5,47.4,0,47.4,81,23,1362,shot
aleksandr-sachivko,https://www.sofascore.com/belarus-albania/PTbsTUb#id:8600901,belarus,save,No information,free-kick,30.1,57.8,0,left-foot,low-left,0,53.2,8.9,No information,No information,67,No information,4004,57.8,30.1,46.8,0,46.8,91.1,24,1396,shot
max-ebong,https://www.sofascore.com/belarus-albania/PTbsTUb#id:8600901,belarus,block,No information,assisted,15.1,36.8,0,right-foot,low-right,0,47.7,19,No information,No information,63,No information,3728,36.8,15.1,52.3,0,52.3,81,28,1672,shot
qazim-laci,https://www.sofascore.com/belarus-albania/PTbsTUb#id:8600901,albania,miss,No information,assisted,17.9,42.8,0,left-foot,close-right,0,41.7,8.3,No information,No information,53,No information,3149,42.8,17.9,58.3,0,58.3,91.7,38,2251,shot
lisakovich-vitali,https://www.sofascore.com/belarus-albania/PTbsTUb#id:8600901,belarus,miss,No information,assisted,22.4,41.5,0,left-foot,close-left,0,58.8,6.9,No information,No information,52,No information,3104,41.5,22.4,41.2,0,41.2,93.1,39,2296,shot
rey-manaj,https://www.sofascore.com/belarus-albania/PTbsTUb#id:8600901,albania,goal,regular,regular,3.7,64.3,0,right-foot,high-left,0,52.4,30.4,No information,No information,44,No information,2627,64.3,3.7,47.6,0,47.6,69.6,2,73,shot
maksim-skavysh,https://www.sofascore.com/belarus-albania/PTbsTUb#id:8600901,belarus,save,No information,assisted,13.1,67.6,0,right-foot,low-centre,0,49.7,4.4,No information,No information,40,No information,2361,67.6,13.1,50.3,0,50.3,95.6,6,339,shot
lisakovich-vitali,https://www.sofascore.com/belarus-albania/PTbsTUb#id:8600901,belarus,block,No information,free-kick,22.1,68.1,0,left-foot,low-centre,0,49.5,19,No information,No information,37,No information,2185,68.1,22.1,50.5,0,50.5,81,9,515,shot
maksim-skavysh,https://www.sofascore.com/belarus-albania/PTbsTUb#id:8600901,belarus,goal,regular,throw-in-set-piece,8.3,58.1,0,left-foot,low-centre,0,51.6,3.2,No information,No information,35,No information,2049,58.1,8.3,48.4,0,48.4,96.8,11,651,shot
sokol-cikalleshi,https://www.sofascore.com/belarus-albania/PTbsTUb#id:8600901,albania,goal,penalty,penalty,11.5,50,0,right-foot,high-left,0,52,20.9,No information,No information,27,No information,1581,50,11.5,48,0,48,79.1,19,1119,shot
sokol-cikalleshi,https://www.sofascore.com/belarus-albania/PTbsTUb#id:8600901,albania,goal,regular,assisted,8.1,47.3,0,head,low-right,0,46.7,11.4,No information,No information,19,No information,1132,47.3,8.1,53.3,0,53.3,88.6,27,1568,shot
rey-manaj,https://www.sofascore.com/belarus-albania/PTbsTUb#id:8600901,albania,block,No information,corner,18.3,53.1,0,right-foot,low-right,0,47.9,19,No information,No information,14,No information,811,53.1,18.3,52.1,0,52.1,81,32,1889,shot
sokol-cikalleshi,https://www.sofascore.com/belarus-albania/PTbsTUb#id:8600901,albania,miss,No information,assisted,11.6,30.7,0,left-foot,high,0,51.8,75,No information,No information,4,No information,206,30.7,11.6,48.2,0,48.2,25,42,2494,shot
sokol-cikalleshi,https://www.sofascore.com/belarus-albania/PTbsTUb#id:8600901,albania,miss,No information,free-kick,22.7,25.8,0,right-foot,close-left,0,57.6,4.2,No information,No information,2,No information,72,25.8,22.7,42.4,0,42.4,95.8,44,2628,shot

gunnar-vatnhamar,https://www.sofascore.com/faroe-islands-albania/PTbskVb#id:10752589,faroe islands,block,No information,corner,5.9,46.6,0,head,low-centre,0,50.2,19,No information,No information,90,5,5681,46.6,5.9,49.8,0,49.8,81,1,619,shot
gunnar-vatnhamar,https://www.sofascore.com/faroe-islands-albania/PTbskVb#id:10752589,faroe islands,block,No information,set-piece,6.9,46.9,0,head,low-centre,0,49.3,19,No information,No information,90,4,5638,46.9,6.9,50.7,0,50.7,81,1,662,shot
jakup-biskopsto-andreasen,https://www.sofascore.com/faroe-islands-albania/PTbskVb#id:10752589,faroe islands,block,No information,assisted,24.8,55,0,left-foot,low-centre,0,49.8,19,No information,No information,80,No information,4741,55,24.8,50.2,0,50.2,81,11,659,shot
odmar-faero,https://www.sofascore.com/faroe-islands-albania/PTbskVb#id:10752589,faroe islands,miss,No information,set-piece,12.5,44.2,0,head,right,0,35.8,16.7,No information,No information,75,No information,4494,44.2,12.5,64.2,0,64.2,83.3,16,906,shot
kristjan-asllani,https://www.sofascore.com/faroe-islands-albania/PTbskVb#id:10752589,albania,miss,No information,regular,27.1,60.6,0,right-foot,close-high,0,49.9,56.9,No information,No information,72,No information,4309,60.6,27.1,50.1,0,50.1,43.1,19,1091,shot
ardian-ismajli,https://www.sofascore.com/faroe-islands-albania/PTbskVb#id:10752589,albania,miss,No information,corner,10.5,47,0,head,left,0,61.8,19.4,No information,No information,68,No information,4037,47,10.5,38.2,0,38.2,80.6,23,1363,shot
jasir-asani,https://www.sofascore.com/faroe-islands-albania/PTbskVb#id:10752589,albania,block,No information,assisted,14.8,64.7,0,left-foot,low-centre,0,50.9,19,No information,No information,67,No information,3996,64.7,14.8,49.1,0,49.1,81,24,1404,shot
jasir-asani,https://www.sofascore.com/faroe-islands-albania/PTbskVb#id:10752589,albania,block,No information,regular,13.9,66.9,0,left-foot,low-right,0,47,19,No information,No information,64,No information,3815,66.9,13.9,53,0,53,81,27,1585,shot
joannes-bjartalid,https://www.sofascore.com/faroe-islands-albania/PTbskVb#id:10752589,faroe islands,miss,No information,regular,18.6,54.5,0,right-foot,close-right,0,43.2,20.8,No information,No information,55,No information,3258,54.5,18.6,56.8,0,56.8,79.2,36,2142,shot
joannes-kalso-danielsen,https://www.sofascore.com/faroe-islands-albania/PTbskVb#id:10752589,faroe islands,miss,No information,regular,25.4,63,0,right-foot,left,0,72.9,5.6,No information,No information,54,No information,3215,63,25.4,27.1,0,27.1,94.4,37,2185,shot
brandur-hendriksson-olsen,https://www.sofascore.com/faroe-islands-albania/PTbskVb#id:10752589,faroe islands,miss,No information,assisted,11.1,63.3,0,right-foot,high,0,44.7,90.3,No information,No information,50,No information,2982,63.3,11.1,55.3,0,55.3,9.7,41,2418,shot
myrto-uzuni,https://www.sofascore.com/faroe-islands-albania/PTbskVb#id:10752589,albania,save,No information,assisted,21.6,38.2,0,right-foot,low-left,0,52.2,3.2,No information,No information,48,No information,2838,38.2,21.6,47.8,0,47.8,96.8,43,2562,shot
mirlind-daku,https://www.sofascore.com/faroe-islands-albania/PTbskVb#id:10752589,albania,save,No information,assisted,10.5,44.3,0,left-foot,low-centre,0,48.5,3.8,No information,No information,45,7,3065,44.3,10.5,51.5,0,51.5,96.2,1,2335,shot
myrto-uzuni,https://www.sofascore.com/faroe-islands-albania/PTbskVb#id:10752589,albania,save,No information,assisted,12.4,34.7,0,left-foot,low-right,0,47,7,No information,No information,45,5,2998,34.7,12.4,53,0,53,93,1,2402,shot
jakup-biskopsto-andreasen,https://www.sofascore.com/faroe-islands-albania/PTbskVb#id:10752589,faroe islands,miss,No information,assisted,14.3,31.8,0,left-foot,high,0,45.7,90.3,No information,No information,45,No information,2689,31.8,14.3,54.3,0,54.3,9.7,1,11,shot
nedim-bajrami,https://www.sofascore.com/faroe-islands-albania/PTbskVb#id:10752589,albania,save,No information,assisted,23.9,41.3,0,right-foot,low-right,0,47.3,17.7,No information,No information,36,No information,2126,41.3,23.9,52.7,0,52.7,82.3,10,574,shot
andrias-edmundsson,https://www.sofascore.com/faroe-islands-albania/PTbskVb#id:10752589,faroe islands,miss,No information,corner,6.7,53.1,0,other,left,0,87.4,8.3,No information,No information,25,No information,1468,53.1,6.7,12.6,0,12.6,91.7,21,1232,shot
jakup-biskopsto-andreasen,https://www.sofascore.com/faroe-islands-albania/PTbskVb#id:10752589,faroe islands,block,No information,assisted,12.1,46.2,0,left-foot,low-centre,0,50,19,No information,No information,24,No information,1425,46.2,12.1,50,0,50,81,22,1275,shot

odise-roshi,https://www.sofascore.com/andorra-albania/PTbstWb#id:9223736,albania,block,No information,assisted,6.8,46.6,0,left-foot,low-centre,0,51.8,19,No information,No information,90,2,5485,46.6,6.8,48.2,0,48.2,81,1,815,shot
klaus-gjasula,https://www.sofascore.com/andorra-albania/PTbstWb#id:9223736,albania,save,No information,assisted,20.8,30.1,0,right-foot,high-centre,0,49.6,33.5,No information,No information,90,No information,5346,30.1,20.8,50.4,0,50.4,66.5,1,54,shot
armando-broja,https://www.sofascore.com/andorra-albania/PTbstWb#id:9223736,albania,save,No information,assisted,7.7,35.5,0,left-foot,low-centre,0,51.8,2.5,No information,No information,89,No information,5306,35.5,7.7,48.2,0,48.2,97.5,2,94,shot
sokol-cikalleshi,https://www.sofascore.com/andorra-albania/PTbstWb#id:9223736,albania,block,No information,free-kick,19.8,60,0,right-foot,low-centre,0,51.2,19,No information,No information,74,No information,4398,60,19.8,48.8,0,48.8,81,17,1002,shot
marcio-vieira,https://www.sofascore.com/andorra-albania/PTbstWb#id:9223736,andorra,save,No information,regular,24.6,32.2,0,right-foot,low-left,0,54,7,No information,No information,68,No information,4026,32.2,24.6,46,0,46,93,23,1374,shot
marcio-vieira,https://www.sofascore.com/andorra-albania/PTbstWb#id:9223736,andorra,miss,No information,throw-in-set-piece,25.1,54.4,0,right-foot,high-right,0,34.6,77.8,No information,No information,65,No information,3888,54.4,25.1,65.4,0,65.4,22.2,26,1512,shot
sokol-cikalleshi,https://www.sofascore.com/andorra-albania/PTbstWb#id:9223736,albania,miss,No information,assisted,12.1,45.2,0,head,right,0,40.5,23.6,No information,No information,53,No information,3125,45.2,12.1,59.5,0,59.5,76.4,38,2275,shot
keidi-bare,https://www.sofascore.com/andorra-albania/PTbstWb#id:9223736,albania,miss,No information,assisted,10,54.8,0,head,right,0,1.3,8.3,No information,No information,51,No information,3015,54.8,10,98.7,0,98.7,91.7,40,2385,shot
marash-kumbulla,https://www.sofascore.com/andorra-albania/PTbstWb#id:9223736,albania,miss,No information,set-piece,6.5,53.2,0,head,close-right,0,42.4,11.1,No information,No information,44,No information,2635,53.2,6.5,57.6,0,57.6,88.9,2,65,shot
ermir-lenjani,https://www.sofascore.com/andorra-albania/PTbstWb#id:9223736,albania,goal,regular,assisted,11.8,35.9,0,left-foot,high-right,0,48.1,22.2,No information,No information,41,No information,2422,35.9,11.8,51.9,0,51.9,77.8,5,278,shot
ardian-ismajli,https://www.sofascore.com/andorra-albania/PTbstWb#id:9223736,albania,miss,No information,corner,6.8,52.4,0,head,left,0,99.8,4.2,No information,No information,40,No information,2341,52.4,6.8,0.2,0,0.2,95.8,6,359,shot
berat-djimsiti,https://www.sofascore.com/andorra-albania/PTbstWb#id:9223736,albania,miss,No information,corner,7.4,54.8,0,head,close-high-right,0,43.2,51.4,No information,No information,36,No information,2137,54.8,7.4,56.8,0,56.8,48.6,10,563,shot
rey-manaj,https://www.sofascore.com/andorra-albania/PTbstWb#id:9223736,albania,block,No information,regular,46.3,17.8,0,right-foot,low-centre,0,49.3,19,No information,No information,34,No information,2023,17.8,46.3,50.7,0,50.7,81,12,677,shot
sokol-cikalleshi,https://www.sofascore.com/andorra-albania/PTbstWb#id:9223736,albania,block,No information,assisted,21.4,51.8,0,right-foot,low-centre,0,50.1,19,No information,No information,28,No information,1664,51.8,21.4,49.9,0,49.9,81,18,1036,shot
rey-manaj,https://www.sofascore.com/andorra-albania/PTbstWb#id:9223736,albania,save,No information,free-kick,19.1,36.7,0,right-foot,low-right,0,47.9,18.4,No information,No information,27,No information,1560,36.7,19.1,52.1,0,52.1,81.6,19,1140,shot
rey-manaj,https://www.sofascore.com/andorra-albania/PTbstWb#id:9223736,albania,miss,No information,corner,10.1,34.9,0,left-foot,high,0,52.3,66.7,No information,No information,19,No information,1127,34.9,10.1,47.7,0,47.7,33.3,27,1573,shot

gratas-sirgedas,https://www.sofascore.com/lithuania-albania/PTbsBVb#id:8600848,lithuania,save,No information,free-kick,10.3,81.2,0,left-foot,high-centre,0,49,24.7,No information,No information,89,No information,5328,81.2,10.3,51,0,51,75.3,2,72,shot
ovidijus-verbickas,https://www.sofascore.com/lithuania-albania/PTbsBVb#id:8600848,lithuania,block,No information,assisted,13.4,46.1,0,right-foot,low-centre,0,50.5,19,No information,No information,86,No information,5124,46.1,13.4,49.5,0,49.5,81,5,276,shot
domantas-simkus,https://www.sofascore.com/lithuania-albania/PTbsBVb#id:8600848,lithuania,block,No information,regular,24.8,33.8,0,right-foot,low-centre,0,51,19,No information,No information,82,No information,4902,33.8,24.8,49,0,49,81,9,498,shot
gratas-sirgedas,https://www.sofascore.com/lithuania-albania/PTbsBVb#id:8600848,lithuania,miss,No information,assisted,25.9,46,0,left-foot,high-left,0,63.2,43.1,No information,No information,80,No information,4747,46,25.9,36.8,0,36.8,56.9,11,653,shot
odise-roshi,https://www.sofascore.com/lithuania-albania/PTbsBVb#id:8600848,albania,block,No information,assisted,9.7,69,0,right-foot,low-centre,0,49.4,19,No information,No information,68,No information,4048,69,9.7,50.6,0,50.6,81,23,1352,shot
rey-manaj,https://www.sofascore.com/lithuania-albania/PTbsBVb#id:8600848,albania,save,No information,free-kick,20.9,43.7,0,right-foot,high-right,0,46.5,26.6,No information,No information,66,No information,3935,43.7,20.9,53.5,0,53.5,73.4,25,1465,shot
qazim-laci,https://www.sofascore.com/lithuania-albania/PTbsBVb#id:8600848,albania,block,No information,regular,24.3,39.4,0,right-foot,low-centre,0,49.7,19,No information,No information,65,No information,3840,39.4,24.3,50.3,0,50.3,81,26,1560,shot
armando-sadiku,https://www.sofascore.com/lithuania-albania/PTbsBVb#id:8600848,albania,miss,No information,assisted,24.2,47.5,0,left-foot,high,0,50.3,62.5,No information,No information,59,No information,3512,47.5,24.2,49.7,0,49.7,37.5,32,1888,shot
donatas-kazlauskas,https://www.sofascore.com/lithuania-albania/PTbsBVb#id:8600848,lithuania,goal,regular,regular,20.1,70.6,0,right-foot,low-left,0,52.6,1.3,No information,No information,50,No information,2996,70.6,20.1,47.4,0,47.4,98.7,41,2404,shot
amir-abrashi,https://www.sofascore.com/lithuania-albania/PTbsBVb#id:8600848,albania,block,No information,regular,9,57.5,0,right-foot,low-right,0,47,19,No information,No information,49,No information,2937,57.5,9,53,0,53,81,42,2463,shot
amir-abrashi,https://www.sofascore.com/lithuania-albania/PTbsBVb#id:8600848,albania,block,No information,regular,13.1,49.1,0,head,low-centre,0,50.9,19,No information,No information,49,No information,2936,49.1,13.1,49.1,0,49.1,81,42,2464,shot
armando-sadiku,https://www.sofascore.com/lithuania-albania/PTbsBVb#id:8600848,albania,block,No information,regular,20.5,77.3,0,right-foot,low-left,0,52.1,19,No information,No information,49,No information,2935,77.3,20.5,47.9,0,47.9,81,42,2465,shot
donatas-kazlauskas,https://www.sofascore.com/lithuania-albania/PTbsBVb#id:8600848,lithuania,save,No information,assisted,11.5,70.2,0,right-foot,low-left,0,52.8,3.8,No information,No information,38,No information,2271,70.2,11.5,47.2,0,47.2,96.2,8,429,shot
armando-sadiku,https://www.sofascore.com/lithuania-albania/PTbsBVb#id:8600848,albania,miss,No information,assisted,15.5,30.9,0,right-foot,high-right,0,38.8,45.8,No information,No information,34,No information,2028,30.9,15.5,61.2,0,61.2,54.2,12,672,shot
trashi-lorenc,https://www.sofascore.com/lithuania-albania/PTbsBVb#id:8600848,albania,block,No information,assisted,14.9,25.5,0,left-foot,low-centre,0,49.2,19,No information,No information,33,No information,1947,25.5,14.9,50.8,0,50.8,81,13,753,shot
justas-lasickas,https://www.sofascore.com/lithuania-albania/PTbsBVb#id:8600848,lithuania,miss,No information,regular,28.9,67.2,0,left-foot,high-right,0,38.3,41.7,No information,No information,17,No information,960,67.2,28.9,61.7,0,61.7,58.3,29,1740,shot
donatas-kazlauskas,https://www.sofascore.com/lithuania-albania/PTbsBVb#id:8600848,lithuania,save,No information,assisted,14.5,65.5,0,right-foot,low-left,0,53.1,1.9,No information,No information,10,No information,556,65.5,14.5,46.9,0,46.9,98.1,36,2144,shot

enea-mihaj,https://www.sofascore.com/lithuania-albania/PTbsBVb#id:8600888,albania,save,No information,corner,8.8,53.2,0,head,low-centre,0,50.2,14.6,No information,No information,90,3,5555,53.2,8.8,49.8,0,49.8,85.4,1,745,shot
trashi-lorenc,https://www.sofascore.com/lithuania-albania/PTbsBVb#id:8600888,albania,miss,No information,assisted,8.4,43.5,0,right-foot,high,0,46.4,63.9,No information,No information,90,1,5408,43.5,8.4,53.6,0,53.6,36.1,1,892,shot
enea-mihaj,https://www.sofascore.com/lithuania-albania/PTbsBVb#id:8600888,albania,miss,No information,assisted,28.1,52.2,0,right-foot,high-right,0,28.6,52.8,No information,No information,83,No information,4930,52.2,28.1,71.4,0,71.4,47.2,8,470,shot
vrioni-giacomo,https://www.sofascore.com/lithuania-albania/PTbsBVb#id:8600888,albania,miss,No information,assisted,24.5,69,0,left-foot,high-left,0,60.8,69.4,No information,No information,81,No information,4850,69,24.5,39.2,0,39.2,30.6,10,550,shot
endri-cekici,https://www.sofascore.com/lithuania-albania/PTbsBVb#id:8600888,albania,save,No information,assisted,22.1,28.1,0,right-foot,low-left,0,52.7,7.6,No information,No information,75,No information,4453,28.1,22.1,47.3,0,47.3,92.4,16,947,shot
martynas-dapkus,https://www.sofascore.com/lithuania-albania/PTbsBVb#id:8600888,lithuania,miss,No information,assisted,26.9,47.8,0,right-foot,right,0,0.3,13.9,No information,No information,71,No information,4203,47.8,26.9,99.7,0,99.7,86.1,20,1197,shot
taulant-seferi,https://www.sofascore.com/lithuania-albania/PTbsBVb#id:8600888,albania,save,No information,assisted,10.8,55.3,0,right-foot,low-right,0,48.1,0.6,No information,No information,65,No information,3868,55.3,10.8,51.9,0,51.9,99.4,26,1532,shot
arvydas-novikovas,https://www.sofascore.com/lithuania-albania/PTbsBVb#id:8600888,lithuania,save,No information,assisted,3,35.3,0,left-foot,low-left,0,53.6,17.1,No information,No information,62,No information,3673,35.3,3,46.4,0,46.4,82.9,29,1727,shot
arvydas-novikovas,https://www.sofascore.com/lithuania-albania/PTbsBVb#id:8600888,lithuania,miss,No information,regular,14.7,63.9,0,left-foot,right,0,40.5,2.8,No information,No information,52,No information,3092,63.9,14.7,59.5,0,59.5,97.2,39,2308,shot
markas-beneta,https://www.sofascore.com/lithuania-albania/PTbsBVb#id:8600888,lithuania,block,No information,assisted,14.2,37.1,0,left-foot,low-left,0,53.3,8.3,No information,No information,47,No information,2817,37.1,14.2,46.7,0,46.7,91.7,44,2583,shot
keidi-bare,https://www.sofascore.com/lithuania-albania/PTbsBVb#id:8600888,albania,miss,No information,set-piece,24.9,35.7,0,right-foot,left,0,71.8,4.2,No information,No information,38,No information,2262,35.7,24.9,28.2,0,28.2,95.8,8,438,shot
taulant-seferi,https://www.sofascore.com/lithuania-albania/PTbsBVb#id:8600888,albania,save,No information,assisted,13.5,64.5,0,right-foot,high-left,0,52.1,23.4,No information,No information,38,No information,2230,64.5,13.5,47.9,0,47.9,76.6,8,470,shot
arvydas-novikovas,https://www.sofascore.com/lithuania-albania/PTbsBVb#id:8600888,lithuania,miss,No information,regular,24.9,70.5,0,left-foot,high-left,0,60.5,91.7,No information,No information,32,No information,1908,70.5,24.9,39.5,0,39.5,8.3,14,792,shot
berat-djimsiti,https://www.sofascore.com/lithuania-albania/PTbsBVb#id:8600888,albania,miss,No information,corner,6.1,41.9,0,head,high-left,0,59.2,80.6,No information,No information,31,No information,1831,41.9,6.1,40.8,0,40.8,19.4,15,869,shot
taulant-seferi,https://www.sofascore.com/lithuania-albania/PTbsBVb#id:8600888,albania,block,No information,assisted,9.7,50.9,0,right-foot,low-right,0,48.1,19,No information,No information,23,No information,1364,50.9,9.7,51.9,0,51.9,81,23,1336,shot
taulant-seferi,https://www.sofascore.com/lithuania-albania/PTbsBVb#id:8600888,albania,block,No information,set-piece,14.5,53.8,0,right-foot,low-centre,0,48.8,19,No information,No information,22,No information,1294,53.8,14.5,51.2,0,51.2,81,24,1406,shot
frederic-veseli,https://www.sofascore.com/lithuania-albania/PTbsBVb#id:8600888,albania,miss,No information,assisted,18.1,70.3,0,right-foot,right,0,39.3,13.9,No information,No information,18,No information,1057,70.3,18.1,60.7,0,60.7,86.1,28,1643,shot
karolis-laukzemis,https://www.sofascore.com/lithuania-albania/PTbsBVb#id:8600888,lithuania,miss,No information,set-piece,6.4,54.5,0,left-foot,high,0,53.1,72.2,No information,No information,17,No information,1001,54.5,6.4,46.9,0,46.9,27.8,29,1699,shot
ermir-lenjani,https://www.sofascore.com/lithuania-albania/PTbsBVb#id:8600888,albania,miss,No information,assisted,18.2,38.4,0,left-foot,right,0,35.3,12.5,No information,No information,7,No information,389,38.4,18.2,64.7,0,64.7,87.5,39,2311,shot
martynas-dapkus,https://www.sofascore.com/lithuania-albania/PTbsBVb#id:8600888,lithuania,miss,No information,corner,4,41.7,0,other,left,0,62,9.7,No information,No information,5,No information,284,41.7,4,38,0,38,90.3,41,2416,shot
qazim-laci,https://www.sofascore.com/lithuania-albania/PTbsBVb#id:8600888,albania,miss,No information,regular,17.5,48.2,0,left-foot,high,0,51.8,83.3,No information,No information,4,No information,209,48.2,17.5,48.2,0,48.2,16.7,42,2491,shot

ladislav-krejci,https://www.sofascore.com/czech-republic-albania/PTbsoUb#id:10752511,czechia,block,No information,corner,7.4,48.7,0,head,low-centre,0,50.1,19,No information,No information,90,6,5702,48.7,7.4,49.9,0,49.9,81,1,598,shot
mirlind-daku,https://www.sofascore.com/czech-republic-albania/PTbsoUb#id:10752511,albania,miss,No information,assisted,12.3,28,0,right-foot,high-right,0,40,72.2,No information,No information,90,2,5507,28,12.3,60,0,60,27.8,1,793,shot
ernest-muci,https://www.sofascore.com/czech-republic-albania/PTbsoUb#id:10752511,albania,miss,No information,assisted,26,31.6,0,right-foot,left,0,65.4,25,No information,No information,88,No information,5229,31.6,26,34.6,0,34.6,75,3,171,shot
lukas-provod,https://www.sofascore.com/czech-republic-albania/PTbsoUb#id:10752511,czechia,block,No information,regular,27.3,54.9,0,right-foot,low-centre,0,50.7,19,No information,No information,80,No information,4783,54.9,27.3,49.3,0,49.3,81,11,617,shot
adam-hlozek,https://www.sofascore.com/czech-republic-albania/PTbsoUb#id:10752511,czechia,miss,No information,assisted,21.6,37.6,0,right-foot,right,0,38.5,31.9,No information,No information,79,No information,4736,37.6,21.6,61.5,0,61.5,68.1,12,664,shot
ladislav-krejci,https://www.sofascore.com/czech-republic-albania/PTbsoUb#id:10752511,czechia,save,No information,assisted,8,45.5,0,head,low-centre,0,50.5,17.7,No information,No information,77,No information,4589,45.5,8,49.5,0,49.5,82.3,14,811,shot
taulant-seferi,https://www.sofascore.com/czech-republic-albania/PTbsoUb#id:10752511,albania,goal,regular,assisted,3.6,46.8,0,left-foot,low-left,0,53,3.2,No information,No information,73,No information,4334,46.8,3.6,47,0,47,96.8,18,1066,shot
ylber-ramadani,https://www.sofascore.com/czech-republic-albania/PTbsoUb#id:10752511,albania,miss,No information,regular,27.6,59.2,0,right-foot,left,0,64.2,29.2,No information,No information,72,No information,4279,59.2,27.6,35.8,0,35.8,70.8,19,1121,shot
taulant-seferi,https://www.sofascore.com/czech-republic-albania/PTbsoUb#id:10752511,albania,goal,regular,assisted,13,43.1,0,right-foot,low-left,0,53.5,6.3,No information,No information,51,No information,3052,43.1,13,46.5,0,46.5,93.7,40,2348,shot
taulant-seferi,https://www.sofascore.com/czech-republic-albania/PTbsoUb#id:10752511,albania,miss,No information,assisted,22.3,26.5,0,right-foot,high-right,0,36,76.4,No information,No information,46,No information,2709,26.5,22.3,64,0,64,23.6,45,2691,shot
jakub-brabec,https://www.sofascore.com/czech-republic-albania/PTbsoUb#id:10752511,czechia,block,No information,set-piece,11.8,44.5,0,head,low-left,0,52.6,19,No information,No information,45,1,2742,44.5,11.8,47.4,0,47.4,81,1,2658,shot
tomas-holes,https://www.sofascore.com/czech-republic-albania/PTbsoUb#id:10752511,czechia,save,No information,assisted,15.3,25.8,0,right-foot,low-centre,0,49.6,19,No information,No information,43,No information,2573,25.8,15.3,50.4,0,50.4,81,3,127,shot
vaclav-cerny,https://www.sofascore.com/czech-republic-albania/PTbsoUb#id:10752511,czechia,save,No information,assisted,44.5,76.8,0,left-foot,low-centre,0,48.7,15.2,No information,No information,42,No information,2481,76.8,44.5,51.3,0,51.3,84.8,4,219,shot
jan-kuchta,https://www.sofascore.com/czech-republic-albania/PTbsoUb#id:10752511,czechia,miss,No information,assisted,3.7,49.5,0,head,left,0,61,23.6,No information,No information,38,No information,2266,49.5,3.7,39,0,39,76.4,8,434,shot
vaclav-cerny,https://www.sofascore.com/czech-republic-albania/PTbsoUb#id:10752511,czechia,block,No information,free-kick,25.8,56.1,0,left-foot,low-centre,0,50.6,19,No information,No information,38,No information,2251,56.1,25.8,49.4,0,49.4,81,8,449,shot
sokol-cikalleshi,https://www.sofascore.com/czech-republic-albania/PTbsoUb#id:10752511,albania,save,No information,fast-break,6.8,31.3,0,left-foot,low-left,0,52,14.6,No information,No information,18,No information,1058,31.3,6.8,48,0,48,85.4,28,1642,shot
vaclav-cerny,https://www.sofascore.com/czech-republic-albania/PTbsoUb#id:10752511,czechia,save,No information,assisted,26.6,70.5,0,left-foot,high-centre,0,50.4,25.3,No information,No information,12,No information,707,70.5,26.6,49.6,0,49.6,74.7,34,1993,shot
jasir-asani,https://www.sofascore.com/czech-republic-albania/PTbsoUb#id:10752511,albania,goal,regular,assisted,26.6,72.1,0,left-foot,low-right,0,46.7,16.5,No information,No information,9,No information,531,72.1,26.6,53.3,0,53.3,83.5,37,2169,shot
mojmir-chytil,https://www.sofascore.com/czech-republic-albania/PTbsoUb#id:10752511,czechia,save,No information,assisted,13.6,50.7,0,head,high-centre,0,51,28.5,No information,No information,6,No information,335,50.7,13.6,49,0,49,71.5,40,2365,shot
mojmir-chytil,https://www.sofascore.com/czech-republic-albania/PTbsoUb#id:10752511,czechia,save,No information,regular,10.3,37.6,0,left-foot,low-centre,0,50.3,6.3,No information,No information,1,No information,12,37.6,10.3,49.7,0,49.7,93.7,45,2688,shot
jan-kuchta,https://www.sofascore.com/czech-republic-albania/PTbsoUb#id:10752511,czechia,save,No information,assisted,26.6,41.3,0,right-foot,high-centre,0,51.4,20.3,No information,No information,1,No information,10,41.3,26.6,48.6,0,48.6,79.7,45,2690,shot

elseid-hysaj,https://www.sofascore.com/san-marino-albania/PTbsIWb#id:9223811,albania,miss,No information,regular,24.6,71.5,0,left-foot,close-high-left,0,58.2,51.4,No information,No information,90,4,5607,71.5,24.6,41.8,0,41.8,48.6,1,693,shot
ylber-ramadani,https://www.sofascore.com/san-marino-albania/PTbsIWb#id:9223811,albania,miss,No information,corner,21.7,38.8,0,left-foot,right,0,40.2,12.5,No information,No information,90,1,5405,38.8,21.7,59.8,0,59.8,87.5,1,895,shot
myrto-uzuni,https://www.sofascore.com/san-marino-albania/PTbsIWb#id:9223811,albania,miss,No information,assisted,6,39.7,0,head,right,0,35.1,1.4,No information,No information,89,No information,5330,39.7,6,64.9,0,64.9,98.6,2,70,shot
myrto-uzuni,https://www.sofascore.com/san-marino-albania/PTbsIWb#id:9223811,albania,goal,regular,corner,2.4,49.5,0,right-foot,low-left,0,53.1,3.2,No information,No information,85,No information,5084,49.5,2.4,46.9,0,46.9,96.8,6,316,shot
frederic-veseli,https://www.sofascore.com/san-marino-albania/PTbsIWb#id:9223811,albania,block,No information,corner,4.9,56.7,0,left-foot,low-centre,0,51.3,19,No information,No information,85,No information,5083,56.7,4.9,48.7,0,48.7,81,6,317,shot
berat-djimsiti,https://www.sofascore.com/san-marino-albania/PTbsIWb#id:9223811,albania,post,No information,corner,7.5,39.5,0,head,high,0,47.1,38.6,No information,No information,85,No information,5081,39.5,7.5,52.9,0,52.9,61.4,6,319,shot
elseid-hysaj,https://www.sofascore.com/san-marino-albania/PTbsIWb#id:9223811,albania,post,No information,assisted,10.8,36.6,0,right-foot,right,0,44.6,5.1,No information,No information,83,No information,4936,36.6,10.8,55.4,0,55.4,94.9,8,464,shot
davide-simoncini,https://www.sofascore.com/san-marino-albania/PTbsIWb#id:9223811,san marino,block,No information,set-piece,27.3,46.2,0,right-foot,low-left,0,52.3,19,No information,No information,82,No information,4911,46.2,27.3,47.7,0,47.7,81,9,489,shot
odise-roshi,https://www.sofascore.com/san-marino-albania/PTbsIWb#id:9223811,albania,block,No information,assisted,13.2,46.9,0,right-foot,low-right,0,46.3,19,No information,No information,78,No information,4655,46.9,13.2,53.7,0,53.7,81,13,745,shot
ylber-ramadani,https://www.sofascore.com/san-marino-albania/PTbsIWb#id:9223811,albania,miss,No information,regular,17.6,60,0,right-foot,high,0,48.6,69.4,No information,No information,76,No information,4522,60,17.6,51.4,0,51.4,30.6,15,878,shot
odise-roshi,https://www.sofascore.com/san-marino-albania/PTbsIWb#id:9223811,albania,block,No information,regular,4.3,53.4,0,right-foot,low-centre,0,50.9,19,No information,No information,68,No information,4037,53.4,4.3,49.1,0,49.1,81,23,1363,shot
myrto-uzuni,https://www.sofascore.com/san-marino-albania/PTbsIWb#id:9223811,albania,save,No information,assisted,6,66.7,0,right-foot,low-centre,0,51.1,17.1,No information,No information,68,No information,4035,66.7,6,48.9,0,48.9,82.9,23,1365,shot
rey-manaj,https://www.sofascore.com/san-marino-albania/PTbsIWb#id:9223811,albania,miss,No information,assisted,7.8,56,0,head,left,0,61,4.2,No information,No information,65,No information,3887,56,7.8,39,0,39,95.8,26,1513,shot
rey-manaj,https://www.sofascore.com/san-marino-albania/PTbsIWb#id:9223811,albania,goal,regular,corner,5.2,49.6,0,head,low-left,0,53.6,13.9,No information,No information,63,No information,3742,49.6,5.2,46.4,0,46.4,86.1,28,1658,shot
nicola-nanni,https://www.sofascore.com/san-marino-albania/PTbsIWb#id:9223811,san marino,save,No information,assisted,27.4,44.6,0,right-foot,high-centre,0,50.2,29.7,No information,No information,61,No information,3636,44.6,27.4,49.8,0,49.8,70.3,30,1764,shot
rey-manaj,https://www.sofascore.com/san-marino-albania/PTbsIWb#id:9223811,albania,miss,No information,corner,4.6,50.9,0,head,right,0,37.8,9.7,No information,No information,56,No information,3348,50.9,4.6,62.2,0,62.2,90.3,35,2052,shot
ermir-lenjani,https://www.sofascore.com/san-marino-albania/PTbsIWb#id:9223811,albania,miss,No information,set-piece,18.3,31.2,0,left-foot,high-left,0,58.7,66.7,No information,No information,53,No information,3148,31.2,18.3,41.3,0,41.3,33.3,38,2252,shot
ylber-ramadani,https://www.sofascore.com/san-marino-albania/PTbsIWb#id:9223811,albania,miss,No information,regular,20.7,48.8,0,left-foot,high,0,46.9,87.5,No information,No information,48,No information,2872,48.8,20.7,53.1,0,53.1,12.5,43,2528,shot
ylber-ramadani,https://www.sofascore.com/san-marino-albania/PTbsIWb#id:9223811,albania,block,No information,regular,24.6,53.9,0,right-foot,low-centre,0,49.5,19,No information,No information,48,No information,2869,53.9,24.6,50.5,0,50.5,81,43,2531,shot
myrto-uzuni,https://www.sofascore.com/san-marino-albania/PTbsIWb#id:9223811,albania,save,No information,regular,5,32.1,0,left-foot,low-centre,0,51.4,1.9,No information,No information,46,No information,2742,32.1,5,48.6,0,48.6,98.1,45,2658,shot
rey-manaj,https://www.sofascore.com/san-marino-albania/PTbsIWb#id:9223811,albania,block,No information,set-piece,25,36.4,0,right-foot,low-centre,0,49.9,19,No information,No information,41,No information,2405,36.4,25,50.1,0,50.1,81,5,295,shot
rey-manaj,https://www.sofascore.com/san-marino-albania/PTbsIWb#id:9223811,albania,block,No information,free-kick,27.4,34.6,0,right-foot,low-centre,0,49.7,19,No information,No information,41,No information,2402,34.6,27.4,50.3,0,50.3,81,5,298,shot
keidi-bare,https://www.sofascore.com/san-marino-albania/PTbsIWb#id:9223811,albania,block,No information,corner,14.6,50.3,0,left-foot,low-centre,0,48.8,19,No information,No information,37,No information,2218,50.3,14.6,51.2,0,51.2,81,9,482,shot
berat-djimsiti,https://www.sofascore.com/san-marino-albania/PTbsIWb#id:9223811,albania,miss,No information,corner,8.7,57.9,0,head,left,0,69.9,9.7,No information,No information,29,No information,1706,57.9,8.7,30.1,0,30.1,90.3,17,994,shot
marcello-mularoni,https://www.sofascore.com/san-marino-albania/PTbsIWb#id:9223811,san marino,miss,No information,set-piece,32.1,65.8,0,right-foot,right,0,0.8,5.6,No information,No information,26,No information,1526,65.8,32.1,99.2,0,99.2,94.4,20,1174,shot
qazim-laci,https://www.sofascore.com/san-marino-albania/PTbsIWb#id:9223811,albania,miss,No information,corner,22.6,48.6,0,left-foot,high-left,0,63.5,72.2,No information,No information,25,No information,1447,48.6,22.6,36.5,0,36.5,27.8,21,1253,shot
rey-manaj,https://www.sofascore.com/san-marino-albania/PTbsIWb#id:9223811,albania,miss,No information,assisted,9.1,38.9,0,head,left,0,62,9.7,No information,No information,18,No information,1031,38.9,9.1,38,0,38,90.3,28,1669,shot
elseid-hysaj,https://www.sofascore.com/san-marino-albania/PTbsIWb#id:9223811,albania,save,No information,assisted,8.2,66.7,0,right-foot,low-centre,0,51.3,10.8,No information,No information,14,No information,815,66.7,8.2,48.7,0,48.7,89.2,32,1885,shot
qazim-laci,https://www.sofascore.com/san-marino-albania/PTbsIWb#id:9223811,albania,block,No information,regular,22.5,49.1,0,right-foot,low-centre,0,50.1,19,No information,No information,6,No information,353,49.1,22.5,49.9,0,49.9,81,40,2347,shot
berardi-filippo,https://www.sofascore.com/san-marino-albania/PTbsIWb#id:9223811,san marino,block,No information,regular,26.8,56.3,0,left-foot,low-centre,0,49.4,19,No information,No information,6,No information,312,56.3,26.8,50.6,0,50.6,81,40,2388,shot

tomas-soucek,https://www.sofascore.com/czech-republic-albania/PTbsoUb#id:10752464,czechia,miss,No information,set-piece,6,56.5,0,head,right,0,37.1,8.3,No information,No information,90,No information,5373,56.5,6,62.9,0,62.9,91.7,1,27,shot
adam-hlozek,https://www.sofascore.com/czech-republic-albania/PTbsoUb#id:10752464,czechia,miss,No information,regular,17.2,43.9,0,left-foot,high,0,55.5,100,No information,No information,80,No information,4774,43.9,17.2,44.5,0,44.5,0,11,626,shot
tomas-soucek,https://www.sofascore.com/czech-republic-albania/PTbsoUb#id:10752464,czechia,miss,No information,corner,14,54.8,0,right-foot,high-left,0,59.3,80.6,No information,No information,74,No information,4433,54.8,14,40.7,0,40.7,19.4,17,967,shot
ladislav-krejci,https://www.sofascore.com/czech-republic-albania/PTbsoUb#id:10752464,czechia,save,No information,assisted,3.8,44.7,0,head,low-left,0,52.4,16.5,No information,No information,74,No information,4393,44.7,3.8,47.6,0,47.6,83.5,17,1007,shot
nedim-bajrami,https://www.sofascore.com/czech-republic-albania/PTbsoUb#id:10752464,albania,goal,regular,assisted,26.6,48,0,right-foot,high-right,0,47.1,25.3,No information,No information,66,No information,3904,48,26.6,52.9,0,52.9,74.7,25,1496,shot
vaclav-cerny,https://www.sofascore.com/czech-republic-albania/PTbsoUb#id:10752464,czechia,goal,regular,assisted,8.7,56.5,0,left-foot,low-left,0,52.8,1.3,No information,No information,56,No information,3356,56.5,8.7,47.2,0,47.2,98.7,35,2044,shot
jan-kuchta,https://www.sofascore.com/czech-republic-albania/PTbsoUb#id:10752464,czechia,block,No information,regular,10.4,47,0,left-foot,low-right,0,47.2,6.9,No information,No information,47,No information,2813,47,10.4,52.8,0,52.8,93.1,44,2587,shot
tomas-soucek,https://www.sofascore.com/czech-republic-albania/PTbsoUb#id:10752464,czechia,block,No information,assisted,13.6,46.4,0,left-foot,low-right,0,47.7,6.9,No information,No information,43,No information,2526,46.4,13.6,52.3,0,52.3,93.1,3,174,shot
tomas-cvancara,https://www.sofascore.com/czech-republic-albania/PTbsoUb#id:10752464,czechia,miss,No information,assisted,3.3,37.1,0,head,high-left,0,56.6,62.5,No information,No information,39,No information,2329,37.1,3.3,43.4,0,43.4,37.5,7,371,shot
lukas-provod,https://www.sofascore.com/czech-republic-albania/PTbsoUb#id:10752464,czechia,miss,No information,assisted,10.1,33,0,head,left,0,63,2.8,No information,No information,37,No information,2178,33,10.1,37,0,37,97.2,9,522,shot
vaclav-cerny,https://www.sofascore.com/czech-republic-albania/PTbsoUb#id:10752464,czechia,miss,No information,regular,22.9,76.1,0,left-foot,high-left,0,62.9,63.9,No information,No information,35,No information,2069,76.1,22.9,37.1,0,37.1,36.1,11,631,shot
tomas-soucek,https://www.sofascore.com/czech-republic-albania/PTbsoUb#id:10752464,czechia,save,No information,assisted,10.8,48.5,0,head,high-centre,0,51,31.6,No information,No information,25,No information,1445,48.5,10.8,49,0,49,68.4,21,1255,shot
vaclav-cerny,https://www.sofascore.com/czech-republic-albania/PTbsoUb#id:10752464,czechia,save,No information,regular,21.2,46.1,0,left-foot,low-left,0,53.3,3.2,No information,No information,12,No information,698,46.1,21.2,46.7,0,46.7,96.8,34,2002,shot

armando-broja,https://www.sofascore.com/hungary-albania/PTbsjUb#id:9223787,albania,goal,regular,fast-break,14.2,67.8,0,right-foot,low-right,0,45.8,10.1,No information,No information,87,No information,5191,67.8,14.2,54.2,0,54.2,89.9,4,209,shot
dominik-szoboszlai,https://www.sofascore.com/hungary-albania/PTbsjUb#id:9223787,hungary,miss,No information,assisted,8.5,33.7,0,left-foot,right,0,37.8,9.7,No information,No information,86,No information,5134,33.7,8.5,62.2,0,62.2,90.3,5,266,shot
qazim-laci,https://www.sofascore.com/hungary-albania/PTbsjUb#id:9223787,albania,miss,No information,assisted,23,43.3,0,left-foot,high-left,0,57.3,73.6,No information,No information,85,No information,5054,43.3,23,42.7,0,42.7,26.4,6,346,shot
myrto-uzuni,https://www.sofascore.com/hungary-albania/PTbsjUb#id:9223787,albania,block,No information,free-kick,25.2,53.4,0,right-foot,low-centre,0,48.7,19,No information,No information,81,No information,4818,53.4,25.2,51.3,0,51.3,81,10,582,shot
qazim-laci,https://www.sofascore.com/hungary-albania/PTbsjUb#id:9223787,albania,block,No information,regular,21.9,69,0,right-foot,low-left,0,52.6,19,No information,No information,76,No information,4500,69,21.9,47.4,0,47.4,81,15,900,shot
endri-cekici,https://www.sofascore.com/hungary-albania/PTbsjUb#id:9223787,albania,block,No information,free-kick,22.7,58.5,0,right-foot,low-centre,0,51.4,19,No information,No information,74,No information,4437,58.5,22.7,48.6,0,48.6,81,17,963,shot
bekim-balaj,https://www.sofascore.com/hungary-albania/PTbsjUb#id:9223787,albania,miss,No information,corner,11.7,53.6,0,head,left,0,62.5,19,No information,No information,72,No information,4304,53.6,11.7,37.5,0,37.5,81,19,1096,shot
endri-cekici,https://www.sofascore.com/hungary-albania/PTbsjUb#id:9223787,albania,save,No information,assisted,5.4,64.9,0,right-foot,low-right,0,47.9,7,No information,No information,72,No information,4275,64.9,5.4,52.1,0,52.1,93,19,1125,shot
laszlo-kleinheisler,https://www.sofascore.com/hungary-albania/PTbsjUb#id:9223787,hungary,miss,No information,assisted,21.6,28.9,0,left-foot,high-left,0,62.5,84.7,No information,No information,69,No information,4085,28.9,21.6,37.5,0,37.5,15.3,22,1315,shot
odise-roshi,https://www.sofascore.com/hungary-albania/PTbsjUb#id:9223787,albania,miss,No information,corner,12.1,41.2,0,right-foot,high-right,0,41,80.6,No information,No information,53,No information,3154,41.2,12.1,59,0,59,19.4,38,2246,shot
bekim-balaj,https://www.sofascore.com/hungary-albania/PTbsjUb#id:9223787,albania,miss,No information,assisted,8.8,34.9,0,left-foot,close-left,0,56.8,1.4,No information,No information,51,No information,3015,34.9,8.8,43.2,0,43.2,98.6,40,2385,shot
willi-orban,https://www.sofascore.com/hungary-albania/PTbsjUb#id:9223787,hungary,miss,No information,regular,28.6,71.7,0,right-foot,high-left,0,60.2,69.4,No information,No information,48,No information,2862,71.7,28.6,39.8,0,39.8,30.6,43,2538,shot
dominik-szoboszlai,https://www.sofascore.com/hungary-albania/PTbsjUb#id:9223787,hungary,save,No information,set-piece,28.3,74.8,0,right-foot,low-centre,0,51.4,3.8,No information,No information,45,No information,2676,74.8,28.3,48.6,0,48.6,96.2,1,24,shot
albi-doka,https://www.sofascore.com/hungary-albania/PTbsjUb#id:9223787,albania,save,No information,assisted,9.6,60.9,0,head,high-centre,0,48.7,20.3,No information,No information,42,No information,2482,60.9,9.6,51.3,0,51.3,79.7,4,218,shot
marash-kumbulla,https://www.sofascore.com/hungary-albania/PTbsjUb#id:9223787,albania,miss,No information,corner,2.3,53.7,0,right-foot,close-high,0,46.7,54.2,No information,No information,33,No information,1957,53.7,2.3,53.3,0,53.3,45.8,13,743,shot
berat-djimsiti,https://www.sofascore.com/hungary-albania/PTbsjUb#id:9223787,albania,miss,No information,corner,7,39.2,0,head,right,0,38.7,9.7,No information,No information,33,No information,1956,39.2,7,61.3,0,61.3,90.3,13,744,shot
nedim-bajrami,https://www.sofascore.com/hungary-albania/PTbsjUb#id:9223787,albania,miss,No information,assisted,25.9,56.5,0,right-foot,close-high-right,0,43.2,45.8,No information,No information,29,No information,1724,56.5,25.9,56.8,0,56.8,54.2,17,976,shot
willi-orban,https://www.sofascore.com/hungary-albania/PTbsjUb#id:9223787,hungary,miss,No information,corner,12.1,53.4,0,right-foot,close-right,0,42.5,18.1,No information,No information,20,No information,1177,53.4,12.1,57.5,0,57.5,81.9,26,1523,shot
adam-lang,https://www.sofascore.com/hungary-albania/PTbsjUb#id:9223787,hungary,block,No information,corner,11.4,56,0,head,low-centre,0,51.3,19,No information,No information,20,No information,1176,56,11.4,48.7,0,48.7,81,26,1524,shot
laszlo-kleinheisler,https://www.sofascore.com/hungary-albania/PTbsjUb#id:9223787,hungary,save,No information,assisted,8.4,60.1,0,right-foot,low-centre,0,48.7,7,No information,No information,18,No information,1078,60.1,8.4,51.3,0,51.3,93,28,1622,shot
myrto-uzuni,https://www.sofascore.com/hungary-albania/PTbsjUb#id:9223787,albania,miss,No information,assisted,14.8,30.6,0,right-foot,high-right,0,43.2,61.1,No information,No information,15,No information,871,30.6,14.8,56.8,0,56.8,38.9,31,1829,shot
ardian-ismajli,https://www.sofascore.com/hungary-albania/PTbsjUb#id:9223787,albania,miss,No information,corner,6.6,46.4,0,head,high,0,52.3,84.7,No information,No information,13,No information,740,46.4,6.6,47.7,0,47.7,15.3,33,1960,shot

artur-craciun,https://www.sofascore.com/moldova-albania/PTbsHVb#id:10752432,moldova,miss,No information,set-piece,12,42.5,0,head,close-high,0,46.4,51.4,No information,No information,85,No information,5046,42.5,12,53.6,0,53.6,48.6,6,354,shot
sergiu-platica,https://www.sofascore.com/moldova-albania/PTbsHVb#id:10752432,moldova,save,No information,assisted,26.1,65.3,0,left-foot,low-left,0,52.9,7,No information,No information,78,No information,4643,65.3,26.1,47.1,0,47.1,93,13,757,shot
nedim-bajrami,https://www.sofascore.com/moldova-albania/PTbsHVb#id:10752432,albania,goal,regular,assisted,14.7,63.7,0,right-foot,low-left,0,53.4,1.9,No information,No information,76,No information,4539,63.7,14.7,46.6,0,46.6,98.1,15,861,shot
victor-stina,https://www.sofascore.com/moldova-albania/PTbsHVb#id:10752432,moldova,block,No information,throw-in-set-piece,8.1,39.6,0,right-foot,low-centre,0,50.3,19,No information,No information,73,No information,4372,39.6,8.1,49.7,0,49.7,81,18,1028,shot
serafim-cojocari,https://www.sofascore.com/moldova-albania/PTbsHVb#id:10752432,moldova,miss,No information,throw-in-set-piece,7.7,41.9,0,head,right,0,38.5,11.1,No information,No information,73,No information,4370,41.9,7.7,61.5,0,61.5,88.9,18,1030,shot
sokol-cikalleshi,https://www.sofascore.com/moldova-albania/PTbsHVb#id:10752432,albania,miss,No information,assisted,22,25.9,0,right-foot,close-high-left,0,57.6,48.6,No information,No information,64,No information,3837,25.9,22,42.4,0,42.4,51.4,27,1563,shot
victor-stina,https://www.sofascore.com/moldova-albania/PTbsHVb#id:10752432,moldova,block,No information,assisted,21.1,62.1,0,right-foot,low-left,0,52.1,19,No information,No information,62,No information,3674,62.1,21.1,47.9,0,47.9,81,29,1726,shot
victor-stina,https://www.sofascore.com/moldova-albania/PTbsHVb#id:10752432,moldova,block,No information,assisted,25.4,43.1,0,left-foot,low-right,0,47.9,19,No information,No information,59,No information,3484,43.1,25.4,52.1,0,52.1,81,32,1916,shot
jasir-asani,https://www.sofascore.com/moldova-albania/PTbsHVb#id:10752432,albania,goal,regular,regular,17.4,71.9,0,left-foot,high-left,0,52.6,25.9,No information,No information,51,No information,3058,71.9,17.4,47.4,0,47.4,74.1,40,2342,shot
ylber-ramadani,https://www.sofascore.com/moldova-albania/PTbsHVb#id:10752432,albania,save,No information,assisted,22.4,28.7,0,right-foot,low-right,0,48,8.2,No information,No information,51,No information,3044,28.7,22.4,52,0,52,91.8,40,2356,shot
jasir-asani,https://www.sofascore.com/moldova-albania/PTbsHVb#id:10752432,albania,block,No information,assisted,9.1,70.4,0,left-foot,low-centre,0,49.6,19,No information,No information,46,No information,2732,70.4,9.1,50.4,0,50.4,81,45,2668,shot
veaceslav-posmac,https://www.sofascore.com/moldova-albania/PTbsHVb#id:10752432,moldova,miss,No information,regular,25.4,63.9,0,left-foot,high-right,0,42,72.2,No information,No information,44,No information,2627,63.9,25.4,58,0,58,27.8,2,73,shot
nedim-bajrami,https://www.sofascore.com/moldova-albania/PTbsHVb#id:10752432,albania,miss,No information,free-kick,25.9,38.6,0,right-foot,close-right,0,42.9,18.1,No information,No information,41,No information,2453,38.6,25.9,57.1,0,57.1,81.9,5,247,shot
myrto-uzuni,https://www.sofascore.com/moldova-albania/PTbsHVb#id:10752432,albania,block,No information,assisted,22.2,33.4,0,right-foot,low-centre,0,51,19,No information,No information,38,No information,2265,33.4,22.2,49,0,49,81,8,435,shot
sokol-cikalleshi,https://www.sofascore.com/moldova-albania/PTbsHVb#id:10752432,albania,post,No information,regular,23.4,73.5,0,left-foot,high,0,47.5,39.2,No information,No information,21,No information,1229,73.5,23.4,52.5,0,52.5,60.8,25,1471,shot
ylber-ramadani,https://www.sofascore.com/moldova-albania/PTbsHVb#id:10752432,albania,save,No information,assisted,28.6,52.4,0,right-foot,low-centre,0,49.3,12,No information,No information,20,No information,1170,52.4,28.6,50.7,0,50.7,88,26,1530,shot
ion-nicolaescu,https://www.sofascore.com/moldova-albania/PTbsHVb#id:10752432,moldova,miss,No information,regular,6.7,48.9,0,head,high,0,49.7,63.9,No information,No information,18,No information,1071,48.9,6.7,50.3,0,50.3,36.1,28,1629,shot
myrto-uzuni,https://www.sofascore.com/moldova-albania/PTbsHVb#id:10752432,albania,miss,No information,regular,21.4,40.3,0,right-foot,high-right,0,39.3,81.9,No information,No information,17,No information,982,40.3,21.4,60.7,0,60.7,18.1,29,1718,shot
nedim-bajrami,https://www.sofascore.com/moldova-albania/PTbsHVb#id:10752432,albania,block,No information,free-kick,11.6,13.6,0,right-foot,low-centre,0,51.7,19,No information,No information,8,No information,476,13.6,11.6,48.3,0,48.3,81,38,2224,shot
ardian-ismajli,https://www.sofascore.com/moldova-albania/PTbsHVb#id:10752432,albania,save,No information,corner,8.9,57.6,0,head,low-centre,0,49.7,12.7,No information,No information,5,No information,299,57.6,8.9,50.3,0,50.3,87.3,41,2401,shot

armando-sadiku,https://www.sofascore.com/faroe-islands-albania/PTbskVb#id:10752453,albania,miss,No information,assisted,9.5,25.2,0,left-foot,high-left,0,57.3,65.3,No information,No information,90,5,5695,25.2,9.5,42.7,0,42.7,34.7,1,605,shot
ernest-muci,https://www.sofascore.com/faroe-islands-albania/PTbskVb#id:10752453,albania,goal,regular,assisted,11.7,40.9,0,left-foot,low-right,0,46.3,5.7,No information,No information,90,1,5454,40.9,11.7,53.7,0,53.7,94.3,1,846,shot
joannes-bjartalid,https://www.sofascore.com/faroe-islands-albania/PTbskVb#id:10752453,faroe islands,block,No information,corner,9.3,69.6,0,left-foot,low-centre,0,48.5,19,No information,No information,85,No information,5056,69.6,9.3,51.5,0,51.5,81,6,344,shot
ardian-ismajli,https://www.sofascore.com/faroe-islands-albania/PTbskVb#id:10752453,albania,miss,No information,corner,12.4,44.8,0,head,high-left,0,61.5,45.8,No information,No information,82,No information,4860,44.8,12.4,38.5,0,38.5,54.2,9,540,shot
myrto-uzuni,https://www.sofascore.com/faroe-islands-albania/PTbskVb#id:10752453,albania,save,No information,assisted,6.4,66.1,0,right-foot,high-right,0,46.8,20.3,No information,No information,81,No information,4818,66.1,6.4,53.2,0,53.2,79.7,10,582,shot
mitaj-mario,https://www.sofascore.com/faroe-islands-albania/PTbskVb#id:10752453,albania,save,No information,assisted,10.1,34.9,0,left-foot,low-centre,0,51.3,19,No information,No information,79,No information,4688,34.9,10.1,48.7,0,48.7,81,12,712,shot
petur-knudsen,https://www.sofascore.com/faroe-islands-albania/PTbskVb#id:10752453,faroe islands,miss,No information,assisted,22.8,53.3,0,right-foot,high-right,0,40,76.4,No information,No information,77,No information,4566,53.3,22.8,60,0,60,23.6,14,834,shot
andrass-johansen,https://www.sofascore.com/faroe-islands-albania/PTbskVb#id:10752453,faroe islands,miss,No information,assisted,6.4,57.3,0,head,close-left,0,58.8,19.4,No information,No information,72,No information,4317,57.3,6.4,41.2,0,41.2,80.6,19,1083,shot
petur-knudsen,https://www.sofascore.com/faroe-islands-albania/PTbskVb#id:10752453,faroe islands,block,No information,assisted,15.5,35.8,0,right-foot,low-left,0,51.8,19,No information,No information,72,No information,4311,35.8,15.5,48.2,0,48.2,81,19,1089,shot
taulant-seferi,https://www.sofascore.com/faroe-islands-albania/PTbskVb#id:10752453,albania,miss,No information,assisted,17.9,42.5,0,right-foot,high,0,47.4,62.5,No information,No information,70,No information,4183,42.5,17.9,52.6,0,52.6,37.5,21,1217,shot
taulant-seferi,https://www.sofascore.com/faroe-islands-albania/PTbskVb#id:10752453,albania,miss,No information,fast-break,8.2,35.2,0,right-foot,close-left,0,57.8,8.3,No information,No information,64,No information,3817,35.2,8.2,42.2,0,42.2,91.7,27,1583,shot
ylber-ramadani,https://www.sofascore.com/faroe-islands-albania/PTbskVb#id:10752453,albania,miss,No information,regular,24.3,33.7,0,right-foot,high,0,52.8,76.4,No information,No information,57,No information,3415,33.7,24.3,47.2,0,47.2,23.6,34,1985,shot
klaemint-olsen,https://www.sofascore.com/faroe-islands-albania/PTbskVb#id:10752453,faroe islands,miss,No information,set-piece,3.4,60,0,head,high-right,0,43.5,62.5,No information,No information,54,No information,3193,60,3.4,56.5,0,56.5,37.5,37,2207,shot
kristjan-asllani,https://www.sofascore.com/faroe-islands-albania/PTbskVb#id:10752453,albania,goal,regular,corner,23.4,58.7,0,left-foot,high-left,0,53.5,30.4,No information,No information,51,No information,3023,58.7,23.4,46.5,0,46.5,69.6,40,2377,shot
jasir-asani,https://www.sofascore.com/faroe-islands-albania/PTbskVb#id:10752453,albania,block,No information,assisted,13.3,51.2,0,left-foot,low-centre,0,48.4,19,No information,No information,50,No information,2987,51.2,13.3,51.6,0,51.6,81,41,2413,shot
odmar-faero,https://www.sofascore.com/faroe-islands-albania/PTbskVb#id:10752453,faroe islands,goal,regular,set-piece,12,51.8,0,head,low-left,0,51.9,7,No information,No information,45,1,2732,51.8,12,48.1,0,48.1,93,1,2668,shot
sokol-cikalleshi,https://www.sofascore.com/faroe-islands-albania/PTbskVb#id:10752453,albania,miss,No information,assisted,6.6,62.1,0,left-foot,high,0,50.8,66.7,No information,No information,44,No information,2634,62.1,6.6,49.2,0,49.2,33.3,2,66,shot
sokol-cikalleshi,https://www.sofascore.com/faroe-islands-albania/PTbskVb#id:10752453,albania,miss,No information,assisted,19.2,44.9,0,left-foot,close-left,0,58.2,11.1,No information,No information,42,No information,2510,44.9,19.2,41.8,0,41.8,88.9,4,190,shot
kristjan-asllani,https://www.sofascore.com/faroe-islands-albania/PTbskVb#id:10752453,albania,miss,No information,assisted,25.3,42.1,0,right-foot,high,0,53.3,76.4,No information,No information,39,No information,2282,42.1,25.3,46.7,0,46.7,23.6,7,418,shot
rene-shaki-joensen,https://www.sofascore.com/faroe-islands-albania/PTbskVb#id:10752453,faroe islands,save,No information,corner,29.7,52.8,0,left-foot,low-centre,0,48.7,15.2,No information,No information,35,No information,2090,52.8,29.7,51.3,0,51.3,84.8,11,610,shot
klaemint-olsen,https://www.sofascore.com/faroe-islands-albania/PTbskVb#id:10752453,faroe islands,block,No information,set-piece,7.4,66.1,0,right-foot,high-right,0,46.6,20.8,No information,No information,35,No information,2052,66.1,7.4,53.4,0,53.4,79.2,11,648,shot
sokol-cikalleshi,https://www.sofascore.com/faroe-islands-albania/PTbskVb#id:10752453,albania,save,No information,penalty,11.5,50,0,right-foot,low-left,0,53.2,5.7,No information,No information,32,No information,1916,50,11.5,46.8,0,46.8,94.3,14,784,shot
nedim-bajrami,https://www.sofascore.com/faroe-islands-albania/PTbskVb#id:10752453,albania,goal,regular,assisted,9,60.3,0,right-foot,low-left,0,53.5,3.2,No information,No information,20,No information,1162,60.3,9,46.5,0,46.5,96.8,26,1538,shot
jasir-asani,https://www.sofascore.com/faroe-islands-albania/PTbskVb#id:10752453,albania,miss,No information,assisted,26.2,53.9,0,left-foot,high-left,0,59,70.8,No information,No information,17,No information,1011,53.9,26.2,41,0,41,29.2,29,1689,shot
kristjan-asllani,https://www.sofascore.com/faroe-islands-albania/PTbskVb#id:10752453,albania,miss,No information,corner,19.6,63,0,right-foot,high,0,49.6,70.8,No information,No information,13,No information,748,63,19.6,50.4,0,50.4,29.2,33,1952,shot
rene-shaki-joensen,https://www.sofascore.com/faroe-islands-albania/PTbskVb#id:10752453,faroe islands,block,No information,corner,19.8,68.6,0,right-foot,low-centre,0,50.7,19,No information,No information,12,No information,704,68.6,19.8,49.3,0,49.3,81,34,1996,shot
kristjan-asllani,https://www.sofascore.com/faroe-islands-albania/PTbskVb#id:10752453,albania,miss,No information,regular,26.8,62.5,0,right-foot,high-right,0,41,61.1,No information,No information,5,No information,294,62.5,26.8,59,0,59,38.9,41,2406,shot
sokol-cikalleshi,https://www.sofascore.com/faroe-islands-albania/PTbskVb#id:10752453,albania,block,No information,assisted,22.2,67.6,0,left-foot,low-left,0,53.8,18.1,No information,No information,5,No information,292,67.6,22.2,46.2,0,46.2,81.9,41,2408,shot

enis-cokaj,https://www.sofascore.com/poland-albania/PTbsdUb#id:9223940,albania,block,No information,assisted,29.3,31.3,0,left-foot,low-centre,0,50,19,No information,No information,90,1,5459,31.3,29.3,50,0,50,81,1,841,shot
armando-broja,https://www.sofascore.com/poland-albania/PTbsdUb#id:9223940,albania,save,No information,assisted,8.8,69.7,0,right-foot,low-right,0,46,10.1,No information,No information,90,No information,5347,69.7,8.8,54,0,54,89.9,1,53,shot
karol-swiderski,https://www.sofascore.com/poland-albania/PTbsdUb#id:9223940,poland,goal,regular,assisted,5,38.6,0,left-foot,low-left,0,54.3,2.5,No information,No information,77,No information,4579,38.6,5,45.7,0,45.7,97.5,14,821,shot
piotr-zielinski,https://www.sofascore.com/poland-albania/PTbsdUb#id:9223940,poland,miss,No information,regular,18.4,51.9,0,right-foot,high,0,47.6,73.6,No information,No information,72,No information,4287,51.9,18.4,52.4,0,52.4,26.4,19,1113,shot
ylber-ramadani,https://www.sofascore.com/poland-albania/PTbsdUb#id:9223940,albania,block,No information,regular,25.8,42.7,0,right-foot,low-centre,0,51.8,19,No information,No information,52,No information,3074,42.7,25.8,48.2,0,48.2,81,39,2326,shot
piotr-zielinski,https://www.sofascore.com/poland-albania/PTbsdUb#id:9223940,poland,save,No information,assisted,21.3,36.3,0,left-foot,low-right,0,47.3,12,No information,No information,30,No information,1769,36.3,21.3,52.7,0,52.7,88,16,931,shot
robert-lewandowski,https://www.sofascore.com/poland-albania/PTbsdUb#id:9223940,poland,block,No information,assisted,14,53,0,left-foot,low-centre,0,50.1,19,No information,No information,29,No information,1722,53,14,49.9,0,49.9,81,17,978,shot
keidi-bare,https://www.sofascore.com/poland-albania/PTbsdUb#id:9223940,albania,miss,No information,assisted,23.9,44.5,0,right-foot,high,0,48.2,94.4,No information,No information,25,No information,1453,44.5,23.9,51.8,0,51.8,5.6,21,1247,shot
adam-buksa,https://www.sofascore.com/poland-albania/PTbsdUb#id:9223940,poland,miss,No information,corner,7.5,51.5,0,left-foot,high,0,50.9,72.2,No information,No information,14,No information,827,51.5,7.5,49.1,0,49.1,27.8,32,1873,shot
ylber-ramadani,https://www.sofascore.com/poland-albania/PTbsdUb#id:9223940,albania,miss,No information,regular,29.2,58.5,0,right-foot,high,0,51.8,69.4,No information,No information,9,No information,514,58.5,29.2,48.2,0,48.2,30.6,37,2186,shot
rey-manaj,https://www.sofascore.com/poland-albania/PTbsdUb#id:9223940,albania,block,No information,assisted,21.2,61,0,right-foot,low-centre,0,51.4,19,No information,No information,9,No information,505,61,21.2,48.6,0,48.6,81,37,2195,shot

mateo-kovacic,https://www.sofascore.com/croatia-albania/PTbspUb#id:11873906,croatia,save,No information,assisted,14.4,39.7,0,left-foot,high-centre,0,48.8,20.3,No information,No information,90,8,5879,39.7,14.4,51.2,0,51.2,79.7,1,421,shot
klaus-gjasula,https://www.sofascore.com/croatia-albania/PTbspUb#id:11873906,albania,block,No information,assisted,19.8,49.3,0,right-foot,low-left,0,52.9,19,No information,No information,90,7,5794,49.3,19.8,47.1,0,47.1,81,1,506,shot
klaus-gjasula,https://www.sofascore.com/croatia-albania/PTbspUb#id:11873906,albania,goal,regular,regular,11.5,50,0,left-foot,low-left,0,52.9,4.4,No information,No information,90,5,5663,50,11.5,47.1,0,47.1,95.6,1,637,shot
mirlind-daku,https://www.sofascore.com/croatia-albania/PTbspUb#id:11873906,albania,block,No information,assisted,9.5,45.8,0,right-foot,low-centre,0,48.6,19,No information,No information,90,3,5549,45.8,9.5,51.4,0,51.4,81,1,751,shot
arber-hoxha,https://www.sofascore.com/croatia-albania/PTbspUb#id:11873906,albania,save,No information,assisted,21.8,56,0,right-foot,low-left,0,52,3.2,No information,No information,90,No information,5344,56,21.8,48,0,48,96.8,1,56,shot
martin-baturina,https://www.sofascore.com/croatia-albania/PTbspUb#id:11873906,croatia,save,No information,fast-break,7.2,30.2,0,right-foot,low-right,0,46.8,8.9,No information,No information,89,No information,5300,30.2,7.2,53.2,0,53.2,91.1,2,100,shot
luka-modric,https://www.sofascore.com/croatia-albania/PTbspUb#id:11873906,croatia,miss,No information,assisted,23.5,60.1,0,right-foot,close-left,0,57.8,15.3,No information,No information,88,No information,5259,60.1,23.5,42.2,0,42.2,84.7,3,141,shot
ante-budimir,https://www.sofascore.com/croatia-albania/PTbspUb#id:11873906,croatia,save,No information,set-piece,12.5,46,0,left-foot,low-left,0,53.8,1.9,No information,No information,80,No information,4752,46,12.5,46.2,0,46.2,98.1,11,648,shot
klaus-gjasula,https://www.sofascore.com/croatia-albania/PTbspUb#id:11873906,croatia,goal,own,regular,7.4,47.6,0,right-foot,high-left,0,53.6,20.3,No information,No information,76,No information,4544,47.6,7.4,46.4,0,46.4,79.7,15,856,shot
luka-sucic,https://www.sofascore.com/croatia-albania/PTbspUb#id:11873906,croatia,save,No information,assisted,8.3,49.1,0,left-foot,low-centre,0,50.9,19,No information,No information,76,No information,4544,49.1,8.3,49.1,0,49.1,81,15,856,shot
ante-budimir,https://www.sofascore.com/croatia-albania/PTbspUb#id:11873906,croatia,save,No information,regular,4.4,56.2,0,left-foot,low-centre,0,48.9,1.3,No information,No information,75,No information,4489,56.2,4.4,51.1,0,51.1,98.7,16,911,shot
andrej-kramaric,https://www.sofascore.com/croatia-albania/PTbspUb#id:11873906,croatia,goal,regular,assisted,10.6,44.8,0,right-foot,low-left,0,53,3.2,No information,No information,74,No information,4400,44.8,10.6,47,0,47,96.8,17,1000,shot
taulant-seferi,https://www.sofascore.com/croatia-albania/PTbspUb#id:11873906,albania,save,No information,regular,26,40.7,0,right-foot,low-left,0,51.9,2.5,No information,No information,73,No information,4374,40.7,26,48.1,0,48.1,97.5,18,1026,shot
mario-pasalic,https://www.sofascore.com/croatia-albania/PTbspUb#id:11873906,croatia,miss,No information,assisted,6,53.2,0,head,high-right,0,42.9,75,No information,No information,69,No information,4089,53.2,6,57.1,0,57.1,25,22,1311,shot
nedim-bajrami,https://www.sofascore.com/croatia-albania/PTbspUb#id:11873906,albania,miss,No information,fast-break,15.1,67.3,0,right-foot,high-right,0,41,84.7,No information,No information,67,No information,3967,67.3,15.1,59,0,59,15.3,24,1433,shot
kristjan-asllani,https://www.sofascore.com/croatia-albania/PTbspUb#id:11873906,albania,save,No information,assisted,21.2,37.6,0,right-foot,low-centre,0,49.1,3.2,No information,No information,63,No information,3767,37.6,21.2,50.9,0,50.9,96.8,28,1633,shot
ivan-perisic,https://www.sofascore.com/croatia-albania/PTbspUb#id:11873906,croatia,save,No information,assisted,23.5,35.4,0,left-foot,low-right,0,45.5,13.3,No information,No information,61,No information,3618,35.4,23.5,54.5,0,54.5,86.7,30,1782,shot
luka-modric,https://www.sofascore.com/croatia-albania/PTbspUb#id:11873906,croatia,block,No information,regular,22.8,66.7,0,right-foot,low-centre,0,50.6,19,No information,No information,59,No information,3534,66.7,22.8,49.4,0,49.4,81,32,1866,shot
josip-sutalo,https://www.sofascore.com/croatia-albania/PTbspUb#id:11873906,croatia,miss,No information,corner,1.2,45.4,0,head,close-left,0,58.2,31.9,No information,No information,58,No information,3433,45.4,1.2,41.8,0,41.8,68.1,33,1967,shot
bruno-petkovic,https://www.sofascore.com/croatia-albania/PTbspUb#id:11873906,croatia,block,No information,assisted,7.9,48.5,0,head,low-right,0,47.1,19,No information,No information,57,No information,3405,48.5,7.9,52.9,0,52.9,81,34,1995,shot
mario-pasalic,https://www.sofascore.com/croatia-albania/PTbspUb#id:11873906,croatia,miss,No information,assisted,7.9,57.9,0,head,right,0,39.2,33.3,No information,No information,54,No information,3226,57.9,7.9,60.8,0,60.8,66.7,37,2174,shot
mateo-kovacic,https://www.sofascore.com/croatia-albania/PTbspUb#id:11873906,croatia,save,No information,assisted,22.5,40.5,0,right-foot,high-centre,0,51.5,22.8,No information,No information,53,No information,3174,40.5,22.5,48.5,0,48.5,77.2,38,2226,shot
mario-pasalic,https://www.sofascore.com/croatia-albania/PTbspUb#id:11873906,croatia,miss,No information,assisted,4.6,56.1,0,head,high,0,46.6,70.8,No information,No information,51,No information,3004,56.1,4.6,53.4,0,53.4,29.2,40,2396,shot
luka-sucic,https://www.sofascore.com/croatia-albania/PTbspUb#id:11873906,croatia,save,No information,assisted,12.2,65.3,0,left-foot,low-centre,0,51.8,5.1,No information,No information,50,No information,2981,65.3,12.2,48.2,0,48.2,94.9,41,2419,shot
bruno-petkovic,https://www.sofascore.com/croatia-albania/PTbspUb#id:11873906,croatia,block,No information,assisted,8.5,44,0,head,low-centre,0,49,19,No information,No information,47,No information,2774,44,8.5,51,0,51,81,44,2626,shot
rey-manaj,https://www.sofascore.com/croatia-albania/PTbspUb#id:11873906,albania,save,No information,assisted,9.8,47,0,head,low-left,0,53.1,17.1,No information,No information,45,1,2733,47,9.8,46.9,0,46.9,82.9,1,2667,shot
jasir-asani,https://www.sofascore.com/croatia-albania/PTbspUb#id:11873906,albania,block,No information,assisted,25.4,70.1,0,left-foot,low-centre,0,48.6,19,No information,No information,45,1,2730,70.1,25.4,51.4,0,51.4,81,1,2670,shot
lovro-majer,https://www.sofascore.com/croatia-albania/PTbspUb#id:11873906,croatia,block,No information,assisted,10.2,54,0,head,low-left,0,52.4,19,No information,No information,43,No information,2536,54,10.2,47.6,0,47.6,81,3,164,shot
marcelo-brozovic,https://www.sofascore.com/croatia-albania/PTbspUb#id:11873906,croatia,save,No information,assisted,28.6,36.6,0,right-foot,low-centre,0,51.3,8.9,No information,No information,38,No information,2272,36.6,28.6,48.7,0,48.7,91.1,8,428,shot
kristjan-asllani,https://www.sofascore.com/croatia-albania/PTbspUb#id:11873906,albania,save,No information,fast-break,12.1,46.9,0,right-foot,low-left,0,52.1,13.9,No information,No information,31,No information,1827,46.9,12.1,47.9,0,47.9,86.1,15,873,shot
elseid-hysaj,https://www.sofascore.com/croatia-albania/PTbspUb#id:11873906,albania,miss,No information,regular,15.4,54.6,0,left-foot,high-left,0,69.9,98.6,No information,No information,29,No information,1726,54.6,15.4,30.1,0,30.1,1.4,17,974,shot
rey-manaj,https://www.sofascore.com/croatia-albania/PTbspUb#id:11873906,albania,block,No information,assisted,9.4,56.5,0,head,low-centre,0,51.6,19,No information,No information,29,No information,1724,56.5,9.4,48.4,0,48.4,81,17,976,shot
bruno-petkovic,https://www.sofascore.com/croatia-albania/PTbspUb#id:11873906,croatia,miss,No information,assisted,9.2,49.9,0,head,high-right,0,40.7,69.4,No information,No information,26,No information,1556,49.9,9.2,59.3,0,59.3,30.6,20,1144,shot
marcelo-brozovic,https://www.sofascore.com/croatia-albania/PTbspUb#id:11873906,croatia,miss,No information,assisted,17.8,68.7,0,right-foot,left,0,60.7,6.9,No information,No information,20,No information,1184,68.7,17.8,39.3,0,39.3,93.1,26,1516,shot
mateo-kovacic,https://www.sofascore.com/croatia-albania/PTbspUb#id:11873906,croatia,block,No information,assisted,25,38.9,0,right-foot,low-centre,0,49.3,19,No information,No information,20,No information,1174,38.9,25,50.7,0,50.7,81,26,1526,shot
elseid-hysaj,https://www.sofascore.com/croatia-albania/PTbspUb#id:11873906,albania,block,No information,corner,21.6,57.7,0,left-foot,low-left,0,52.3,19,No information,No information,16,No information,906,57.7,21.6,47.7,0,47.7,81,30,1794,shot
nedim-bajrami,https://www.sofascore.com/croatia-albania/PTbspUb#id:11873906,albania,block,No information,assisted,11.4,28.3,0,right-foot,low-left,0,53.7,19,No information,No information,15,No information,865,28.3,11.4,46.3,0,46.3,81,31,1835,shot
qazim-laci,https://www.sofascore.com/croatia-albania/PTbspUb#id:11873906,albania,goal,regular,assisted,6.9,54.5,0,head,low-right,0,47.7,5.1,No information,No information,11,No information,616,54.5,6.9,52.3,0,52.3,94.9,35,2084,shot

vladyslav-babohlo,https://www.sofascore.com/moldova-albania/PTbsHVb#id:10752568,moldova,goal,regular,regular,8,59.4,0,left-foot,low-centre,0,50.3,5.7,No information,No information,87,No information,5209,59.4,8,49.7,0,49.7,94.3,4,191,shot
vitalie-damascan,https://www.sofascore.com/moldova-albania/PTbsHVb#id:10752568,moldova,save,No information,set-piece,4,48,0,left-foot,low-left,0,52.9,13.3,No information,No information,87,No information,5161,48,4,47.1,0,47.1,86.7,4,239,shot
postolachi-virgiliu,https://www.sofascore.com/moldova-albania/PTbsHVb#id:10752568,moldova,miss,No information,set-piece,10.3,46.2,0,head,right,0,39.2,16.7,No information,No information,86,No information,5159,46.2,10.3,60.8,0,60.8,83.3,5,241,shot
jasir-asani,https://www.sofascore.com/moldova-albania/PTbsHVb#id:10752568,albania,save,No information,free-kick,24.1,65,0,left-foot,high-centre,0,49.1,24.7,No information,No information,84,No information,5012,65,24.1,50.9,0,50.9,75.3,7,388,shot
victor-stina,https://www.sofascore.com/moldova-albania/PTbsHVb#id:10752568,moldova,miss,No information,set-piece,22.3,54,0,right-foot,high-right,0,31.8,94.4,No information,No information,82,No information,4893,54,22.3,68.2,0,68.2,5.6,9,507,shot
nedim-bajrami,https://www.sofascore.com/moldova-albania/PTbsHVb#id:10752568,albania,miss,No information,assisted,20,68.1,0,left-foot,close-left,0,56.3,34.7,No information,No information,74,No information,4437,68.1,20,43.7,0,43.7,65.3,17,963,shot
taulant-seferi,https://www.sofascore.com/moldova-albania/PTbsHVb#id:10752568,albania,save,No information,assisted,7.5,29.1,0,left-foot,high-centre,0,51.3,24.1,No information,No information,74,No information,4383,29.1,7.5,48.7,0,48.7,75.9,17,1017,shot
postolachi-virgiliu,https://www.sofascore.com/moldova-albania/PTbsHVb#id:10752568,moldova,save,No information,assisted,12.9,58.2,0,right-foot,low-centre,0,48.4,17.1,No information,No information,67,No information,3994,58.2,12.9,51.6,0,51.6,82.9,24,1406,shot
ylber-ramadani,https://www.sofascore.com/moldova-albania/PTbsHVb#id:10752568,albania,miss,No information,regular,30.8,58.6,0,right-foot,right,0,38.7,27.8,No information,No information,66,No information,3938,58.6,30.8,61.3,0,61.3,72.2,25,1462,shot
postolachi-virgiliu,https://www.sofascore.com/moldova-albania/PTbsHVb#id:10752568,moldova,block,No information,set-piece,14.8,45,0,right-foot,low-centre,0,48.9,19,No information,No information,61,No information,3608,45,14.8,51.1,0,51.1,81,30,1792,shot
vadim-rata,https://www.sofascore.com/moldova-albania/PTbsHVb#id:10752568,moldova,miss,No information,assisted,18.3,49.4,0,right-foot,right,0,38.8,27.8,No information,No information,59,No information,3523,49.4,18.3,61.2,0,61.2,72.2,32,1877,shot
jasir-asani,https://www.sofascore.com/moldova-albania/PTbsHVb#id:10752568,albania,block,No information,fast-break,19.9,61.4,0,left-foot,low-centre,0,50.3,19,No information,No information,59,No information,3489,61.4,19.9,49.7,0,49.7,81,32,1911,shot
ion-nicolaescu,https://www.sofascore.com/moldova-albania/PTbsHVb#id:10752568,moldova,save,No information,assisted,30.3,63.1,0,right-foot,low-left,0,52.8,2.5,No information,No information,55,No information,3283,63.1,30.3,47.2,0,47.2,97.5,36,2117,shot
taulant-seferi,https://www.sofascore.com/moldova-albania/PTbsHVb#id:10752568,albania,miss,No information,assisted,21.2,24.4,0,right-foot,close-high,0,51.6,58.3,No information,No information,47,No information,2804,24.4,21.2,48.4,0,48.4,41.7,44,2596,shot
veaceslav-posmac,https://www.sofascore.com/moldova-albania/PTbsHVb#id:10752568,moldova,save,No information,set-piece,12.1,43.6,0,head,low-centre,0,49.6,4.4,No information,No information,44,No information,2623,43.6,12.1,50.4,0,50.4,95.6,2,77,shot
nedim-bajrami,https://www.sofascore.com/moldova-albania/PTbsHVb#id:10752568,albania,save,No information,fast-break,31.2,62,0,right-foot,low-centre,0,50.4,6.3,No information,No information,41,No information,2448,62,31.2,49.6,0,49.6,93.7,5,252,shot
ion-nicolaescu,https://www.sofascore.com/moldova-albania/PTbsHVb#id:10752568,moldova,miss,No information,set-piece,11.8,54,0,head,right,0,39.2,12.5,No information,No information,27,No information,1591,54,11.8,60.8,0,60.8,87.5,19,1109,shot
ion-nicolaescu,https://www.sofascore.com/moldova-albania/PTbsHVb#id:10752568,moldova,block,No information,set-piece,16.1,42.3,0,left-foot,low-left,0,53.1,19,No information,No information,27,No information,1582,42.3,16.1,46.9,0,46.9,81,19,1118,shot
sokol-cikalleshi,https://www.sofascore.com/moldova-albania/PTbsHVb#id:10752568,albania,goal,penalty,penalty,11.5,50,0,right-foot,low-right,0,46.9,2.5,No information,No information,25,No information,1469,50,11.5,53.1,0,53.1,97.5,21,1231,shot
ardian-ismajli,https://www.sofascore.com/moldova-albania/PTbsHVb#id:10752568,albania,miss,No information,corner,8,46.6,0,head,high-right,0,41.3,81.9,No information,No information,23,No information,1346,46.6,8,58.7,0,58.7,18.1,23,1354,shot
artur-craciun,https://www.sofascore.com/moldova-albania/PTbsHVb#id:10752568,moldova,block,No information,corner,14,39.4,0,right-foot,low-right,0,45.6,19,No information,No information,17,No information,984,39.4,14,54.4,0,54.4,81,29,1716,shot
ion-nicolaescu,https://www.sofascore.com/moldova-albania/PTbsHVb#id:10752568,moldova,save,No information,fast-break,13.5,63.4,0,right-foot,low-right,0,45.6,18.4,No information,No information,16,No information,944,63.4,13.5,54.4,0,54.4,81.6,30,1756,shot
kristjan-asllani,https://www.sofascore.com/moldova-albania/PTbsHVb#id:10752568,albania,block,No information,assisted,24.1,37.1,0,right-foot,low-centre,0,49.4,19,No information,No information,14,No information,812,37.1,24.1,50.6,0,50.6,81,32,1888,shot

sergio-moreno,https://www.sofascore.com/andorra-albania/PTbstWb#id:9223950,andorra,miss,No information,regular,27.9,39.8,0,left-foot,left,0,59.8,23.6,No information,No information,90,4,5624,39.8,27.9,40.2,0,40.2,76.4,1,676,shot
nedim-bajrami,https://www.sofascore.com/andorra-albania/PTbstWb#id:9223950,albania,miss,No information,fast-break,14.2,37.9,0,right-foot,high,0,46.1,65.3,No information,No information,76,No information,4547,37.9,14.2,53.9,0,53.9,34.7,15,853,shot
endri-cekici,https://www.sofascore.com/andorra-albania/PTbstWb#id:9223950,albania,goal,penalty,penalty,11.5,50,0,right-foot,low-centre,0,50.9,8.2,No information,No information,73,No information,4374,50,11.5,49.1,0,49.1,91.8,18,1026,shot
myrto-uzuni,https://www.sofascore.com/andorra-albania/PTbstWb#id:9223950,albania,block,No information,assisted,6.4,48.6,0,head,low-centre,0,49.6,19,No information,No information,71,No information,4210,48.6,6.4,50.4,0,50.4,81,20,1190,shot
jordi-alaez,https://www.sofascore.com/andorra-albania/PTbstWb#id:9223950,andorra,miss,No information,regular,1.8,66.2,0,right-foot,left,0,98.7,8.3,No information,No information,67,No information,3987,66.2,1.8,1.3,0,1.3,91.7,24,1413,shot
nedim-bajrami,https://www.sofascore.com/andorra-albania/PTbstWb#id:9223950,albania,block,No information,set-piece,20.5,27.2,0,right-foot,low-centre,0,48.5,19,No information,No information,65,No information,3885,27.2,20.5,51.5,0,51.5,81,26,1515,shot
nedim-bajrami,https://www.sofascore.com/andorra-albania/PTbstWb#id:9223950,albania,miss,No information,assisted,7.1,54.5,0,right-foot,right,0,37,13.9,No information,No information,61,No information,3644,54.5,7.1,63,0,63,86.1,30,1756,shot
nedim-bajrami,https://www.sofascore.com/andorra-albania/PTbstWb#id:9223950,albania,miss,No information,assisted,26.5,46.6,0,right-foot,left,0,60.3,11.1,No information,No information,59,No information,3483,46.6,26.5,39.7,0,39.7,88.9,32,1917,shot
qazim-laci,https://www.sofascore.com/andorra-albania/PTbstWb#id:9223950,albania,miss,No information,set-piece,17.5,33.4,0,left-foot,high,0,52.1,77.8,No information,No information,58,No information,3442,33.4,17.5,47.9,0,47.9,22.2,33,1958,shot
endri-cekici,https://www.sofascore.com/andorra-albania/PTbstWb#id:9223950,albania,block,No information,regular,8.5,33,0,right-foot,low-left,0,52.2,19,No information,No information,53,No information,3163,33,8.5,47.8,0,47.8,81,38,2237,shot
ylber-ramadani,https://www.sofascore.com/andorra-albania/PTbstWb#id:9223950,albania,block,No information,regular,22.9,62,0,right-foot,low-left,0,52.5,19,No information,No information,48,No information,2852,62,22.9,47.5,0,47.5,81,43,2548,shot
cristian-martinez,https://www.sofascore.com/andorra-albania/PTbstWb#id:9223950,andorra,miss,No information,assisted,20.1,30.3,0,right-foot,high,0,49.2,65.3,No information,No information,47,No information,2788,30.3,20.1,50.8,0,50.8,34.7,44,2612,shot
myrto-uzuni,https://www.sofascore.com/andorra-albania/PTbstWb#id:9223950,albania,block,No information,assisted,10.8,56.3,0,head,low-right,0,47.8,19,No information,No information,45,2,2797,56.3,10.8,52.2,0,52.2,81,1,2603,shot
odise-roshi,https://www.sofascore.com/andorra-albania/PTbstWb#id:9223950,albania,post,No information,assisted,2.6,55.5,0,other,right,0,44.8,13.3,No information,No information,45,1,2706,55.5,2.6,55.2,0,55.2,86.7,1,2694,shot
albert-rosas,https://www.sofascore.com/andorra-albania/PTbstWb#id:9223950,andorra,save,No information,assisted,8,65.7,0,right-foot,low-right,0,46.1,8.9,No information,No information,43,No information,2558,65.7,8,53.9,0,53.9,91.1,3,142,shot
myrto-uzuni,https://www.sofascore.com/andorra-albania/PTbstWb#id:9223950,albania,save,No information,regular,3.6,52.1,0,right-foot,low-centre,0,48.7,7.6,No information,No information,40,No information,2395,52.1,3.6,51.3,0,51.3,92.4,6,305,shot
qazim-laci,https://www.sofascore.com/andorra-albania/PTbstWb#id:9223950,albania,save,No information,assisted,7.7,55.5,0,head,low-centre,0,48.5,14.6,No information,No information,40,No information,2394,55.5,7.7,51.5,0,51.5,85.4,6,306,shot
taulant-seferi,https://www.sofascore.com/andorra-albania/PTbstWb#id:9223950,albania,miss,No information,assisted,12.9,58.5,0,head,right,0,39.7,36.1,No information,No information,38,No information,2274,58.5,12.9,60.3,0,60.3,63.9,8,426,shot
cristian-martinez,https://www.sofascore.com/andorra-albania/PTbstWb#id:9223950,andorra,miss,No information,assisted,18.8,19.6,0,right-foot,right,0,4,16.7,No information,No information,32,No information,1896,19.6,18.8,96,0,96,83.3,14,804,shot
marc-pujol,https://www.sofascore.com/andorra-albania/PTbstWb#id:9223950,andorra,block,No information,regular,27.7,51.8,0,left-foot,low-right,0,45.2,19,No information,No information,31,No information,1832,51.8,27.7,54.8,0,54.8,81,15,868,shot
max-llovera,https://www.sofascore.com/andorra-albania/PTbstWb#id:9223950,andorra,save,No information,set-piece,7.4,43.3,0,head,high-centre,0,51.3,22.8,No information,No information,30,No information,1753,43.3,7.4,48.7,0,48.7,77.2,16,947,shot
taulant-seferi,https://www.sofascore.com/andorra-albania/PTbstWb#id:9223950,albania,save,No information,assisted,13.5,46.6,0,right-foot,low-right,0,48.1,5.1,No information,No information,27,No information,1593,46.6,13.5,51.9,0,51.9,94.9,19,1107,shot
jordi-alaez,https://www.sofascore.com/andorra-albania/PTbstWb#id:9223950,andorra,miss,No information,regular,22.4,80.4,0,right-foot,left,0,60.5,12.5,No information,No information,26,No information,1529,80.4,22.4,39.5,0,39.5,87.5,20,1171,shot
myrto-uzuni,https://www.sofascore.com/andorra-albania/PTbstWb#id:9223950,albania,block,No information,assisted,14.5,69.6,0,right-foot,low-centre,0,48.5,19,No information,No information,26,No information,1508,69.6,14.5,51.5,0,51.5,81,20,1192,shot
endri-cekici,https://www.sofascore.com/andorra-albania/PTbstWb#id:9223950,albania,save,No information,assisted,25.5,35.8,0,right-foot,low-centre,0,50.6,15.2,No information,No information,21,No information,1257,35.8,25.5,49.4,0,49.4,84.8,25,1443,shot
myrto-uzuni,https://www.sofascore.com/andorra-albania/PTbstWb#id:9223950,albania,miss,No information,assisted,6.7,56.3,0,head,left,0,63,12.5,No information,No information,19,No information,1100,56.3,6.7,37,0,37,87.5,27,1600,shot
cristian-martinez,https://www.sofascore.com/andorra-albania/PTbstWb#id:9223950,andorra,save,No information,assisted,20.5,33.8,0,right-foot,high-centre,0,51.3,31,No information,No information,14,No information,837,33.8,20.5,48.7,0,48.7,69,32,1863,shot
endri-cekici,https://www.sofascore.com/andorra-albania/PTbstWb#id:9223950,albania,block,No information,assisted,19.8,24.7,0,right-foot,low-centre,0,49.8,19,No information,No information,7,No information,370,24.7,19.8,50.2,0,50.2,81,39,2330,shot

tai-baribo,https://www.sofascore.com/albania-israel/FObsPTb#id:10023436,israel,goal,regular,regular,6.6,51.3,0,right-foot,low-left,0,52.7,2.5,No information,No information,90,2,5505,51.3,6.6,47.3,0,47.3,97.5,1,795,shot
tai-baribo,https://www.sofascore.com/albania-israel/FObsPTb#id:10023436,israel,miss,No information,fast-break,7.9,51,0,head,close-high,0,48.2,51.4,No information,No information,90,1,5435,51,7.9,51.8,0,51.8,48.6,1,865,shot
myrto-uzuni,https://www.sofascore.com/albania-israel/FObsPTb#id:10023436,albania,goal,regular,corner,13.7,44.1,0,right-foot,high-right,0,46.4,26.6,No information,No information,88,No information,5243,44.1,13.7,53.6,0,53.6,73.4,3,157,shot
eli-dasa,https://www.sofascore.com/albania-israel/FObsPTb#id:10023436,israel,miss,No information,assisted,26.3,45.4,0,left-foot,high,0,50.3,75,No information,No information,72,No information,4306,45.4,26.3,49.7,0,49.7,25,19,1094,shot
ylber-ramadani,https://www.sofascore.com/albania-israel/FObsPTb#id:10023436,albania,save,No information,assisted,13.2,67.8,0,right-foot,high-centre,0,50.3,32.9,No information,No information,70,No information,4148,67.8,13.2,49.7,0,49.7,67.1,21,1252,shot
liel-abada,https://www.sofascore.com/albania-israel/FObsPTb#id:10023436,israel,miss,No information,assisted,3.1,56.9,0,head,close-right,0,42.2,27.8,No information,No information,63,No information,3721,56.9,3.1,57.8,0,57.8,72.2,28,1679,shot
sokol-cikalleshi,https://www.sofascore.com/albania-israel/FObsPTb#id:10023436,albania,miss,No information,assisted,12,53.1,0,head,close-high,0,52.3,50,No information,No information,57,No information,3364,53.1,12,47.7,0,47.7,50,34,2036,shot
liel-abada,https://www.sofascore.com/albania-israel/FObsPTb#id:10023436,israel,save,No information,regular,9.6,55.5,0,left-foot,low-centre,0,50.2,8.2,No information,No information,54,No information,3214,55.5,9.6,49.8,0,49.8,91.8,37,2186,shot
armando-broja,https://www.sofascore.com/albania-israel/FObsPTb#id:10023436,albania,block,No information,set-piece,4.3,42.6,0,head,low-left,0,52.2,19,No information,No information,53,No information,3142,42.6,4.3,47.8,0,47.8,81,38,2258,shot
shon-weissman,https://www.sofascore.com/albania-israel/FObsPTb#id:10023436,israel,goal,regular,assisted,6.4,52.2,0,left-foot,low-left,0,52.3,3.2,No information,No information,46,No information,2739,52.2,6.4,47.7,0,47.7,96.8,45,2661,shot
armando-broja,https://www.sofascore.com/albania-israel/FObsPTb#id:10023436,albania,save,No information,assisted,13,53,0,left-foot,low-centre,0,50.3,13.9,No information,No information,44,No information,2631,53,13,49.7,0,49.7,86.1,2,69,shot
dolev-haziza,https://www.sofascore.com/albania-israel/FObsPTb#id:10023436,israel,miss,No information,assisted,22.4,36,0,right-foot,high,0,54.6,62.5,No information,No information,41,No information,2425,36,22.4,45.4,0,45.4,37.5,5,275,shot
eli-dasa,https://www.sofascore.com/albania-israel/FObsPTb#id:10023436,israel,save,No information,assisted,11.2,59.7,0,head,high-centre,0,49,20.9,No information,No information,39,No information,2297,59.7,11.2,51,0,51,79.1,7,403,shot
dolev-haziza,https://www.sofascore.com/albania-israel/FObsPTb#id:10023436,israel,miss,No information,assisted,21.1,29.8,0,right-foot,close-high,0,46.1,58.3,No information,No information,32,No information,1894,29.8,21.1,53.9,0,53.9,41.7,14,806,shot
liel-abada,https://www.sofascore.com/albania-israel/FObsPTb#id:10023436,israel,miss,No information,regular,8.6,61.7,0,right-foot,close-left,0,57.5,8.3,No information,No information,31,No information,1839,61.7,8.6,42.5,0,42.5,91.7,15,861,shot
gabi-kanikovski,https://www.sofascore.com/albania-israel/FObsPTb#id:10023436,israel,block,No information,regular,24.3,62.7,0,right-foot,low-right,0,47.6,19,No information,No information,31,No information,1837,62.7,24.3,52.4,0,52.4,81,15,863,shot
amir-abrashi,https://www.sofascore.com/albania-israel/FObsPTb#id:10023436,albania,block,No information,throw-in-set-piece,13.3,55.5,0,right-foot,low-centre,0,48.7,19,No information,No information,25,No information,1441,55.5,13.3,51.3,0,51.3,81,21,1259,shot
eli-dasa,https://www.sofascore.com/albania-israel/FObsPTb#id:10023436,israel,miss,No information,assisted,36.6,55.3,0,right-foot,high,0,53.4,61.1,No information,No information,19,No information,1129,55.3,36.6,46.6,0,46.6,38.9,27,1571,shot
doron-leidner,https://www.sofascore.com/albania-israel/FObsPTb#id:10023436,israel,block,No information,assisted,28.5,28.6,0,left-foot,low-left,0,52,19,No information,No information,19,No information,1111,28.6,28.5,48,0,48,81,27,1589,shot
sokol-cikalleshi,https://www.sofascore.com/albania-israel/FObsPTb#id:10023436,albania,miss,No information,assisted,17.8,71.5,0,left-foot,high-left,0,59.2,65.3,No information,No information,16,No information,948,71.5,17.8,40.8,0,40.8,34.7,30,1752,shot
armando-broja,https://www.sofascore.com/albania-israel/FObsPTb#id:10023436,albania,save,No information,regular,8.7,64.2,0,left-foot,low-centre,0,49.8,4.4,No information,No information,7,No information,360,64.2,8.7,50.2,0,50.2,95.6,39,2340,shot
shon-weissman,https://www.sofascore.com/albania-israel/FObsPTb#id:10023436,israel,block,No information,assisted,24.6,36.5,0,right-foot,low-centre,0,50.6,19,No information,No information,6,No information,317,36.5,24.6,49.4,0,49.4,81,40,2383,shot
sokol-cikalleshi,https://www.sofascore.com/albania-israel/FObsPTb#id:10023436,albania,block,No information,corner,8.3,57.9,0,head,low-centre,0,49,19,No information,No information,5,No information,277,57.9,8.3,51,0,51,81,41,2423,shot
