Player,Game Link,Country,shotType,goalType,situation,X,Y,Z,bodyPart,goalMouthLocation,Goal Mouth X,Goal mouth Y,Goal Mouth Z,XG,XGOT,time,addedTime,timeSeconds,Start X,Start Y,End X,End Y,Goal X,Goal Y,reversedPeriodTime,reversedPeriodTimeSeconds,incidentType
lois-openda,https://www.sofascore.com/belgium-poland/dUbsrUb#id:10023334,belgium,goal,regular,assisted,3.9,57.9,0,right-foot,low-centre,0,50,1.9,No information,No information,90,3,5570,57.9,3.9,50,0,50,98.1,1,730,shot
matty-cash,https://www.sofascore.com/belgium-poland/dUbsrUb#id:10023334,poland,miss,No information,assisted,13.1,68.4,0,left-foot,high,0,54.3,63.9,No information,No information,90,2,5480,68.4,13.1,45.7,0,45.7,36.1,1,820,shot
adam-buksa,https://www.sofascore.com/belgium-poland/dUbsrUb#id:10023334,poland,block,No information,assisted,7.8,43.7,0,left-foot,low-centre,0,49,19,No information,No information,88,No information,5240,43.7,7.8,51,0,51,81,3,160,shot
nicola-zalewski,https://www.sofascore.com/belgium-poland/dUbsrUb#id:10023334,poland,miss,No information,regular,10.8,42.7,0,right-foot,close-right,0,42.4,8.3,No information,No information,87,No information,5209,42.7,10.8,57.6,0,57.6,91.7,4,191,shot
leander-dendoncker,https://www.sofascore.com/belgium-poland/dUbsrUb#id:10023334,belgium,goal,regular,assisted,27.3,67,0,right-foot,low-left,0,54,4.4,No information,No information,83,No information,4977,67,27.3,46,0,46,95.6,8,423,shot
leandro-trossard,https://www.sofascore.com/belgium-poland/dUbsrUb#id:10023334,belgium,goal,regular,corner,13.4,21.5,0,right-foot,high-right,0,46.1,30.4,No information,No information,80,No information,4779,21.5,13.4,53.9,0,53.9,69.6,11,621,shot
michy-batshuayi,https://www.sofascore.com/belgium-poland/dUbsrUb#id:10023334,belgium,miss,No information,assisted,4.3,52,0,other,close-high,0,50.3,56.9,No information,No information,77,No information,4595,52,4.3,49.7,0,49.7,43.1,14,805,shot
leandro-trossard,https://www.sofascore.com/belgium-poland/dUbsrUb#id:10023334,belgium,goal,regular,assisted,6.5,62.9,0,left-foot,low-right,0,46.3,3.2,No information,No information,73,No information,4326,62.9,6.5,53.7,0,53.7,96.8,18,1074,shot
eden-hazard,https://www.sofascore.com/belgium-poland/dUbsrUb#id:10023334,belgium,save,No information,assisted,10.9,53.1,0,left-foot,low-centre,0,49.6,7.6,No information,No information,63,No information,3774,53.1,10.9,50.4,0,50.4,92.4,28,1626,shot
yannick-carrasco,https://www.sofascore.com/belgium-poland/dUbsrUb#id:10023334,belgium,block,No information,assisted,21.5,34.3,0,right-foot,low-centre,0,50.8,19,No information,No information,62,No information,3680,34.3,21.5,49.2,0,49.2,81,29,1720,shot
kevin-de-bruyne,https://www.sofascore.com/belgium-poland/dUbsrUb#id:10023334,belgium,goal,regular,assisted,11.2,39.5,0,right-foot,low-right,0,47.7,5.7,No information,No information,59,No information,3524,39.5,11.2,52.3,0,52.3,94.3,32,1876,shot
timothy-castagne,https://www.sofascore.com/belgium-poland/dUbsrUb#id:10023334,belgium,miss,No information,assisted,20.1,73.8,0,right-foot,close-left,0,58.7,1.4,No information,No information,59,No information,3484,73.8,20.1,41.3,0,41.3,98.6,32,1916,shot
eden-hazard,https://www.sofascore.com/belgium-poland/dUbsrUb#id:10023334,belgium,save,No information,corner,17.7,32.6,0,right-foot,low-right,0,46.7,6.3,No information,No information,57,No information,3390,32.6,17.7,53.3,0,53.3,93.7,34,2010,shot
leander-dendoncker,https://www.sofascore.com/belgium-poland/dUbsrUb#id:10023334,belgium,save,No information,corner,7.3,50.2,0,head,low-left,0,53,14.6,No information,No information,57,No information,3384,50.2,7.3,47,0,47,85.4,34,2016,shot
yannick-carrasco,https://www.sofascore.com/belgium-poland/dUbsrUb#id:10023334,belgium,block,No information,regular,19.6,32.8,0,right-foot,low-right,0,46.4,19,No information,No information,56,No information,3347,32.8,19.6,53.6,0,53.6,81,35,2053,shot
piotr-zielinski,https://www.sofascore.com/belgium-poland/dUbsrUb#id:10023334,poland,block,No information,assisted,20.1,51.3,0,left-foot,low-centre,0,49.2,19,No information,No information,56,No information,3308,51.3,20.1,50.8,0,50.8,81,35,2092,shot
timothy-castagne,https://www.sofascore.com/belgium-poland/dUbsrUb#id:10023334,belgium,save,No information,assisted,9.9,61.7,0,head,low-left,0,54.5,13.3,No information,No information,44,No information,2586,61.7,9.9,45.5,0,45.5,86.7,2,114,shot
axel-witsel,https://www.sofascore.com/belgium-poland/dUbsrUb#id:10023334,belgium,goal,regular,assisted,19.2,59,0,right-foot,low-right,0,46,19,No information,No information,42,No information,2469,59,19.2,54,0,54,81,4,231,shot
kevin-de-bruyne,https://www.sofascore.com/belgium-poland/dUbsrUb#id:10023334,belgium,save,No information,assisted,5.1,31.5,0,right-foot,low-centre,0,51.6,8.9,No information,No information,42,No information,2464,31.5,5.1,48.4,0,48.4,91.1,4,236,shot
robert-lewandowski,https://www.sofascore.com/belgium-poland/dUbsrUb#id:10023334,poland,goal,regular,assisted,7.8,46.4,0,left-foot,low-left,0,53,13.9,No information,No information,28,No information,1658,46.4,7.8,47,0,47,86.1,18,1042,shot
kevin-de-bruyne,https://www.sofascore.com/belgium-poland/dUbsrUb#id:10023334,belgium,miss,No information,assisted,28.8,28.3,0,right-foot,high-right,0,40.2,84.7,No information,No information,11,No information,626,28.3,28.8,59.8,0,59.8,15.3,35,2074,shot
grzegorz-krychowiak,https://www.sofascore.com/belgium-poland/dUbsrUb#id:10023334,poland,block,No information,assisted,21.9,48.2,0,left-foot,low-right,0,46.4,19,No information,No information,5,No information,275,48.2,21.9,53.6,0,53.6,81,41,2425,shot
eden-hazard,https://www.sofascore.com/belgium-poland/dUbsrUb#id:10023334,belgium,miss,No information,regular,9.7,51.3,0,right-foot,right,0,39.7,6.9,No information,No information,4,No information,212,51.3,9.7,60.3,0,60.3,93.1,42,2488,shot
michy-batshuayi,https://www.sofascore.com/belgium-poland/dUbsrUb#id:10023334,belgium,post,No information,assisted,12.2,62.7,0,right-foot,left,0,55.1,3.2,No information,No information,4,No information,210,62.7,12.2,44.9,0,44.9,96.8,42,2490,shot

tomas-soucek,https://www.sofascore.com/belgium-czech-republic/oUbsrUb#id:9223742,czechia,block,No information,assisted,9.2,58.1,0,head,low-left,0,53.2,19,No information,No information,90,4,5599,58.1,9.2,46.8,0,46.8,81,1,701,shot
romelu-lukaku,https://www.sofascore.com/belgium-czech-republic/oUbsrUb#id:9223742,belgium,block,No information,assisted,20.1,46.2,0,left-foot,low-right,0,47.4,19,No information,No information,90,3,5529,46.2,20.1,52.6,0,52.6,81,1,771,shot
lukas-masopust,https://www.sofascore.com/belgium-czech-republic/oUbsrUb#id:9223742,czechia,save,No information,assisted,9.3,59.2,0,left-foot,low-centre,0,48.7,3.2,No information,No information,90,1,5409,59.2,9.3,51.3,0,51.3,96.8,1,891,shot
jan-boril,https://www.sofascore.com/belgium-czech-republic/oUbsrUb#id:9223742,czechia,post,No information,corner,14,38.8,0,right-foot,high,0,47.2,38.6,No information,No information,84,No information,4995,38.8,14,52.8,0,52.8,61.4,7,405,shot
kevin-de-bruyne,https://www.sofascore.com/belgium-czech-republic/oUbsrUb#id:9223742,belgium,miss,No information,assisted,24.5,52.4,0,left-foot,close-right,0,43.9,20.8,No information,No information,81,No information,4828,52.4,24.5,56.1,0,56.1,79.2,10,572,shot
kevin-de-bruyne,https://www.sofascore.com/belgium-czech-republic/oUbsrUb#id:9223742,belgium,post,No information,assisted,14.2,61.4,0,right-foot,right,0,44.8,10.1,No information,No information,70,No information,4190,61.4,14.2,55.2,0,55.2,89.9,21,1210,shot
jan-boril,https://www.sofascore.com/belgium-czech-republic/oUbsrUb#id:9223742,czechia,save,No information,regular,22.4,29.7,0,right-foot,low-centre,0,49.3,1.9,No information,No information,69,No information,4134,29.7,22.4,50.7,0,50.7,98.1,22,1266,shot
vladimir-coufal,https://www.sofascore.com/belgium-czech-republic/oUbsrUb#id:9223742,czechia,block,No information,corner,27.8,49.7,0,right-foot,low-centre,0,50.9,19,No information,No information,62,No information,3712,49.7,27.8,49.1,0,49.1,81,29,1688,shot
romelu-lukaku,https://www.sofascore.com/belgium-czech-republic/oUbsrUb#id:9223742,belgium,goal,regular,assisted,13.9,45.8,0,left-foot,low-centre,0,49.7,19,No information,No information,60,No information,3594,45.8,13.9,50.3,0,50.3,81,31,1806,shot
ondrej-celustka,https://www.sofascore.com/belgium-czech-republic/oUbsrUb#id:9223742,czechia,miss,No information,set-piece,5.8,41.7,0,head,close-left,0,58.7,18.1,No information,No information,53,No information,3143,41.7,5.8,41.3,0,41.3,81.9,38,2257,shot
lukas-provod,https://www.sofascore.com/belgium-czech-republic/oUbsrUb#id:9223742,czechia,goal,regular,assisted,23.1,40.3,0,right-foot,low-right,0,46.1,3.2,No information,No information,50,No information,2946,40.3,23.1,53.9,0,53.9,96.8,41,2454,shot
lukas-provod,https://www.sofascore.com/belgium-czech-republic/oUbsrUb#id:9223742,czechia,miss,No information,assisted,19.8,66.8,0,right-foot,high,0,51.3,72.2,No information,No information,47,No information,2785,66.8,19.8,48.7,0,48.7,27.8,44,2615,shot
tomas-holes,https://www.sofascore.com/belgium-czech-republic/oUbsrUb#id:9223742,czechia,miss,No information,regular,24.6,37.7,0,right-foot,close-right,0,41.3,18.1,No information,No information,42,No information,2517,37.7,24.6,58.7,0,58.7,81.9,4,183,shot
michael-krmencik,https://www.sofascore.com/belgium-czech-republic/oUbsrUb#id:9223742,czechia,miss,No information,assisted,14.9,46.1,0,right-foot,right,0,0.3,4.2,No information,No information,42,No information,2507,46.1,14.9,99.7,0,99.7,95.8,4,193,shot
timothy-castagne,https://www.sofascore.com/belgium-czech-republic/oUbsrUb#id:9223742,belgium,miss,No information,assisted,9.3,57.1,0,head,right,0,36.5,19.4,No information,No information,38,No information,2261,57.1,9.3,63.5,0,63.5,80.6,8,439,shot
kevin-de-bruyne,https://www.sofascore.com/belgium-czech-republic/oUbsrUb#id:9223742,belgium,save,No information,assisted,8.7,48.7,0,head,low-centre,0,51.3,14.6,No information,No information,31,No information,1815,48.7,8.7,48.7,0,48.7,85.4,15,885,shot
leander-dendoncker,https://www.sofascore.com/belgium-czech-republic/oUbsrUb#id:9223742,belgium,save,No information,regular,13.8,44.5,0,left-foot,low-left,0,52.5,17.7,No information,No information,24,No information,1383,44.5,13.8,47.5,0,47.5,82.3,22,1317,shot
antonin-barak,https://www.sofascore.com/belgium-czech-republic/oUbsrUb#id:9223742,czechia,save,No information,assisted,23.6,35.5,0,right-foot,low-centre,0,51.1,1.3,No information,No information,23,No information,1327,35.5,23.6,48.9,0,48.9,98.7,23,1373,shot
tomas-soucek,https://www.sofascore.com/belgium-czech-republic/oUbsrUb#id:9223742,czechia,block,No information,assisted,18.8,48.7,0,right-foot,low-centre,0,49.9,19,No information,No information,20,No information,1190,48.7,18.8,50.1,0,50.1,81,26,1510,shot
michael-krmencik,https://www.sofascore.com/belgium-czech-republic/oUbsrUb#id:9223742,czechia,post,No information,assisted,11.6,72.5,0,left-foot,right,0,44.8,7.6,No information,No information,16,No information,916,72.5,11.6,55.2,0,55.2,92.4,30,1784,shot
jakub-jankto,https://www.sofascore.com/belgium-czech-republic/oUbsrUb#id:9223742,czechia,save,No information,regular,9.5,30.7,0,left-foot,low-centre,0,50.9,14.6,No information,No information,14,No information,780,30.7,9.5,49.1,0,49.1,85.4,32,1920,shot
dries-mertens,https://www.sofascore.com/belgium-czech-republic/oUbsrUb#id:9223742,belgium,save,No information,assisted,20.5,27,0,right-foot,low-right,0,47.4,3.8,No information,No information,9,No information,513,27,20.5,52.6,0,52.6,96.2,37,2187,shot
romelu-lukaku,https://www.sofascore.com/belgium-czech-republic/oUbsrUb#id:9223742,belgium,miss,No information,assisted,23.2,55.3,0,left-foot,close-high,0,52.8,59.7,No information,No information,7,No information,409,55.3,23.2,47.2,0,47.2,40.3,39,2291,shot

zakaria-aboukhlal,https://www.sofascore.com/morocco-belgium/rUbsDVb#id:10230545,morocco,goal,regular,assisted,9,54.4,0,right-foot,high-right,0,46.6,30.4,No information,No information,90,2,5511,54.4,9,53.4,0,53.4,69.6,1,789,shot
abderrazak-hamdallah,https://www.sofascore.com/morocco-belgium/rUbsDVb#id:10230545,morocco,save,No information,fast-break,3.8,31,0,left-foot,low-left,0,52.9,5.1,No information,No information,90,1,5400,31,3.8,47.1,0,47.1,94.9,1,0,shot
jan-vertonghen,https://www.sofascore.com/morocco-belgium/rUbsDVb#id:10230545,belgium,miss,No information,corner,11.7,44.6,0,head,close-right,0,41.2,16.7,No information,No information,82,No information,4900,44.6,11.7,58.8,0,58.8,83.3,9,500,shot
romain-saiss,https://www.sofascore.com/morocco-belgium/rUbsDVb#id:10230545,morocco,goal,regular,set-piece,0.8,47.2,0,right-foot,low-centre,0,51,1.9,No information,No information,73,No information,4357,47.2,0.8,49,0,49,98.1,18,1043,shot
azzedine-ounahi,https://www.sofascore.com/morocco-belgium/rUbsDVb#id:10230545,morocco,miss,No information,assisted,28.6,46.5,0,right-foot,high,0,53.6,79.2,No information,No information,69,No information,4106,46.5,28.6,46.4,0,46.4,20.8,22,1294,shot
dries-mertens,https://www.sofascore.com/morocco-belgium/rUbsDVb#id:10230545,belgium,save,No information,assisted,20.7,48.5,0,right-foot,low-left,0,52.8,13.3,No information,No information,65,No information,3880,48.5,20.7,47.2,0,47.2,86.7,26,1520,shot
noussair-mazraoui,https://www.sofascore.com/morocco-belgium/rUbsDVb#id:10230545,morocco,miss,No information,assisted,27.5,43.9,0,right-foot,left,0,62,11.1,No information,No information,61,No information,3649,43.9,27.5,38,0,38,88.9,30,1751,shot
sofiane-boufal,https://www.sofascore.com/morocco-belgium/rUbsDVb#id:10230545,morocco,miss,No information,assisted,11.1,26.4,0,right-foot,close-right,0,41.8,8.3,No information,No information,57,No information,3370,26.4,11.1,58.2,0,58.2,91.7,34,2030,shot
amadou-onana,https://www.sofascore.com/morocco-belgium/rUbsDVb#id:10230545,belgium,miss,No information,corner,8.8,50.5,0,head,high-left,0,62.7,63.9,No information,No information,52,No information,3112,50.5,8.8,37.3,0,37.3,36.1,39,2288,shot
eden-hazard,https://www.sofascore.com/morocco-belgium/rUbsDVb#id:10230545,belgium,save,No information,assisted,13.9,72.1,0,right-foot,low-right,0,46.2,17.7,No information,No information,52,No information,3067,72.1,13.9,53.8,0,53.8,82.3,39,2333,shot
hakim-ziyech,https://www.sofascore.com/morocco-belgium/rUbsDVb#id:10230545,morocco,save,No information,assisted,23.3,60.5,0,left-foot,low-centre,0,51,8.2,No information,No information,50,No information,2984,60.5,23.3,49,0,49,91.8,41,2416,shot
kevin-de-bruyne,https://www.sofascore.com/morocco-belgium/rUbsDVb#id:10230545,belgium,miss,No information,free-kick,8.6,10.1,0,right-foot,close-high,0,46.4,55.6,No information,No information,39,No information,2331,10.1,8.6,53.6,0,53.6,44.4,7,369,shot
kevin-de-bruyne,https://www.sofascore.com/morocco-belgium/rUbsDVb#id:10230545,belgium,block,No information,assisted,26.5,52.1,0,left-foot,low-centre,0,49.5,19,No information,No information,35,No information,2094,52.1,26.5,50.5,0,50.5,81,11,606,shot
hakimi-achraf,https://www.sofascore.com/morocco-belgium/rUbsDVb#id:10230545,morocco,miss,No information,assisted,8.8,74.4,0,right-foot,close-high-right,0,41.5,54.2,No information,No information,35,No information,2053,74.4,8.8,58.5,0,58.5,45.8,11,647,shot
amallah-selim,https://www.sofascore.com/morocco-belgium/rUbsDVb#id:10230545,morocco,miss,No information,assisted,14,60.4,0,right-foot,high,0,47.1,77.8,No information,No information,28,No information,1647,60.4,14,52.9,0,52.9,22.2,18,1053,shot
hakim-ziyech,https://www.sofascore.com/morocco-belgium/rUbsDVb#id:10230545,morocco,miss,No information,assisted,29.1,67.1,0,left-foot,close-high,0,48.1,56.9,No information,No information,21,No information,1225,67.1,29.1,51.9,0,51.9,43.1,25,1475,shot
thomas-meunier,https://www.sofascore.com/morocco-belgium/rUbsDVb#id:10230545,belgium,save,No information,assisted,17.9,39.2,0,right-foot,low-centre,0,50.9,11.4,No information,No information,19,No information,1106,39.2,17.9,49.1,0,49.1,88.6,27,1594,shot
amadou-onana,https://www.sofascore.com/morocco-belgium/rUbsDVb#id:10230545,belgium,miss,No information,corner,5.6,50.7,0,head,high,0,51.8,94.4,No information,No information,17,No information,981,50.7,5.6,48.2,0,48.2,5.6,29,1719,shot
kevin-de-bruyne,https://www.sofascore.com/morocco-belgium/rUbsDVb#id:10230545,belgium,block,No information,set-piece,23.7,37.1,0,right-foot,low-centre,0,51.7,19,No information,No information,16,No information,951,37.1,23.7,48.3,0,48.3,81,30,1749,shot
michy-batshuayi,https://www.sofascore.com/morocco-belgium/rUbsDVb#id:10230545,belgium,miss,No information,assisted,8.8,34.2,0,left-foot,left,0,60.8,11.1,No information,No information,5,No information,287,34.2,8.8,39.2,0,39.2,88.9,41,2413,shot

theo-hernandez,https://www.sofascore.com/belgium-france/GObsrUb#id:9212604,france,goal,regular,regular,15.8,34.7,0,left-foot,low-right,0,45.6,17.7,No information,No information,90,No information,5391,34.7,15.8,54.4,0,54.4,82.3,1,9,shot
paul-pogba,https://www.sofascore.com/belgium-france/GObsrUb#id:9212604,france,post,No information,free-kick,25.4,59.4,0,right-foot,high,0,44.2,39.9,No information,No information,90,No information,5351,59.4,25.4,55.8,0,55.8,60.1,1,49,shot
kylian-mbappe,https://www.sofascore.com/belgium-france/GObsrUb#id:9212604,france,miss,No information,assisted,14.4,45.4,0,right-foot,close-left,0,56.1,25,No information,No information,86,No information,5146,45.4,14.4,43.9,0,43.9,75,5,254,shot
antoine-griezmann,https://www.sofascore.com/belgium-france/GObsrUb#id:9212604,france,miss,No information,assisted,18.7,34.5,0,left-foot,high,0,53.8,75,No information,No information,80,No information,4745,34.5,18.7,46.2,0,46.2,25,11,655,shot
aurelien-tchouameni,https://www.sofascore.com/belgium-france/GObsrUb#id:9212604,france,save,No information,regular,18.4,49.7,0,right-foot,high-centre,0,48.7,21.5,No information,No information,77,No information,4583,49.7,18.4,51.3,0,51.3,78.5,14,817,shot
antoine-griezmann,https://www.sofascore.com/belgium-france/GObsrUb#id:9212604,france,block,No information,assisted,14.8,57.3,0,right-foot,low-left,0,52.2,19,No information,No information,77,No information,4580,57.3,14.8,47.8,0,47.8,81,14,820,shot
jan-vertonghen,https://www.sofascore.com/belgium-france/GObsrUb#id:9212604,belgium,miss,No information,corner,8.3,43.1,0,head,close-high,0,51.9,55.6,No information,No information,75,No information,4440,43.1,8.3,48.1,0,48.1,44.4,16,960,shot
kevin-de-bruyne,https://www.sofascore.com/belgium-france/GObsrUb#id:9212604,belgium,save,No information,assisted,20.5,40.3,0,right-foot,high-centre,0,49.4,28.5,No information,No information,73,No information,4373,40.3,20.5,50.6,0,50.6,71.5,18,1027,shot
kylian-mbappe,https://www.sofascore.com/belgium-france/GObsrUb#id:9212604,france,goal,penalty,penalty,11.5,50,0,right-foot,high-right,0,46.3,26.6,No information,No information,69,No information,4113,50,11.5,53.7,0,53.7,73.4,22,1287,shot
kylian-mbappe,https://www.sofascore.com/belgium-france/GObsrUb#id:9212604,france,block,No information,assisted,15.2,54.4,0,left-foot,low-centre,0,48.6,19,No information,No information,66,No information,3947,54.4,15.2,51.4,0,51.4,81,25,1453,shot
karim-benzema,https://www.sofascore.com/belgium-france/GObsrUb#id:9212604,france,goal,regular,assisted,12.7,42.3,0,left-foot,low-right,0,46.7,0.6,No information,No information,62,No information,3704,42.3,12.7,53.3,0,53.3,99.4,29,1696,shot
antoine-griezmann,https://www.sofascore.com/belgium-france/GObsrUb#id:9212604,france,miss,No information,regular,3.8,54.6,0,right-foot,close-right,0,43.7,1.4,No information,No information,58,No information,3447,54.6,3.8,56.3,0,56.3,98.6,33,1953,shot
romelu-lukaku,https://www.sofascore.com/belgium-france/GObsrUb#id:9212604,belgium,save,No information,regular,11.4,52.8,0,right-foot,low-centre,0,49.2,17.1,No information,No information,51,No information,3015,52.8,11.4,50.8,0,50.8,82.9,40,2385,shot
paul-pogba,https://www.sofascore.com/belgium-france/GObsrUb#id:9212604,france,miss,No information,set-piece,6.6,52.7,0,head,high,0,47.2,72.2,No information,No information,50,No information,2947,52.7,6.6,52.8,0,52.8,27.8,41,2453,shot
paul-pogba,https://www.sofascore.com/belgium-france/GObsrUb#id:9212604,france,miss,No information,regular,31.6,48.4,0,right-foot,high-right,0,36.5,56.9,No information,No information,48,No information,2840,48.4,31.6,63.5,0,63.5,43.1,43,2560,shot
kylian-mbappe,https://www.sofascore.com/belgium-france/GObsrUb#id:9212604,france,miss,No information,assisted,3.2,65.2,0,right-foot,close-right,0,43.2,4.2,No information,No information,45,No information,2679,65.2,3.2,56.8,0,56.8,95.8,1,21,shot
eden-hazard,https://www.sofascore.com/belgium-france/GObsrUb#id:9212604,belgium,save,No information,assisted,20,41.1,0,right-foot,low-left,0,52.4,3.2,No information,No information,45,No information,2645,41.1,20,47.6,0,47.6,96.8,1,55,shot
romelu-lukaku,https://www.sofascore.com/belgium-france/GObsrUb#id:9212604,belgium,goal,regular,assisted,3.3,68.4,0,right-foot,high-right,0,46.7,25.9,No information,No information,40,No information,2399,68.4,3.3,53.3,0,53.3,74.1,6,301,shot
yannick-carrasco,https://www.sofascore.com/belgium-france/GObsrUb#id:9212604,belgium,goal,regular,assisted,12.1,30.9,0,right-foot,low-left,0,53.9,1.9,No information,No information,37,No information,2195,30.9,12.1,46.1,0,46.1,98.1,9,505,shot
lucas-hernandez,https://www.sofascore.com/belgium-france/GObsrUb#id:9212604,france,block,No information,assisted,25.1,26.8,0,left-foot,low-centre,0,51.1,19,No information,No information,26,No information,1542,26.8,25.1,48.9,0,48.9,81,20,1158,shot
kylian-mbappe,https://www.sofascore.com/belgium-france/GObsrUb#id:9212604,france,save,No information,assisted,15.4,53.6,0,right-foot,low-centre,0,49.2,5.7,No information,No information,23,No information,1340,53.6,15.4,50.8,0,50.8,94.3,23,1360,shot
kevin-de-bruyne,https://www.sofascore.com/belgium-france/GObsrUb#id:9212604,belgium,miss,No information,regular,21.2,58.1,0,right-foot,high-right,0,39.3,73.6,No information,No information,15,No information,881,58.1,21.2,60.7,0,60.7,26.4,31,1819,shot
youri-tielemans,https://www.sofascore.com/belgium-france/GObsrUb#id:9212604,belgium,miss,No information,assisted,28.9,56.5,0,right-foot,high,0,54.5,75,No information,No information,13,No information,721,56.5,28.9,45.5,0,45.5,25,33,1979,shot
jan-vertonghen,https://www.sofascore.com/belgium-france/GObsrUb#id:9212604,belgium,block,No information,corner,8.6,59.1,0,head,low-centre,0,49.7,4.2,No information,No information,11,No information,658,59.1,8.6,50.3,0,50.3,95.8,35,2042,shot
kevin-de-bruyne,https://www.sofascore.com/belgium-france/GObsrUb#id:9212604,belgium,block,No information,assisted,17.9,54.2,0,right-foot,low-right,0,48,19,No information,No information,11,No information,621,54.2,17.9,52,0,52,81,35,2079,shot
benjamin-pavard,https://www.sofascore.com/belgium-france/GObsrUb#id:9212604,france,save,No information,assisted,10.4,55.3,0,right-foot,high-centre,0,48.7,25.3,No information,No information,8,No information,435,55.3,10.4,51.3,0,51.3,74.7,38,2265,shot
kevin-de-bruyne,https://www.sofascore.com/belgium-france/GObsrUb#id:9212604,belgium,save,No information,regular,10.3,55.7,0,right-foot,low-right,0,47.4,11.4,No information,No information,4,No information,187,55.7,10.3,52.6,0,52.6,88.6,42,2513,shot

kevin-de-bruyne,https://www.sofascore.com/belgium-denmark/BObsrUb#id:8600792,belgium,goal,regular,assisted,9.9,38.3,0,right-foot,high-right,0,45.9,21.5,No information,No information,87,No information,5215,38.3,9.9,54.1,0,54.1,78.5,4,185,shot
nacer-chadli,https://www.sofascore.com/belgium-denmark/BObsrUb#id:8600792,denmark,goal,own,regular,12.8,95.8,0,right-foot,low-right,0,45.8,1.3,No information,No information,86,No information,5140,95.8,12.8,54.2,0,54.2,98.7,5,260,shot
kevin-de-bruyne,https://www.sofascore.com/belgium-denmark/BObsrUb#id:8600792,belgium,block,No information,assisted,20.3,32.2,0,right-foot,low-right,0,48.1,19,No information,No information,85,No information,5043,32.2,20.3,51.9,0,51.9,81,6,357,shot
martin-braithwaite,https://www.sofascore.com/belgium-denmark/BObsrUb#id:8600792,denmark,save,No information,regular,8.4,56.3,0,right-foot,low-right,0,48,19,No information,No information,81,No information,4835,56.3,8.4,52,0,52,81,10,565,shot
romelu-lukaku,https://www.sofascore.com/belgium-denmark/BObsrUb#id:8600792,belgium,goal,regular,assisted,6.3,53.8,0,head,high-right,0,47.5,24.1,No information,No information,69,No information,4127,53.8,6.3,52.5,0,52.5,75.9,22,1273,shot
yussuf-poulsen,https://www.sofascore.com/belgium-denmark/BObsrUb#id:8600792,denmark,miss,No information,assisted,8.7,43.4,0,head,high-left,0,60.2,51.4,No information,No information,65,No information,3858,43.4,8.7,39.8,0,39.8,48.6,26,1542,shot
christian-eriksen,https://www.sofascore.com/belgium-denmark/BObsrUb#id:8600792,denmark,block,No information,assisted,20.6,64.2,0,right-foot,low-centre,0,51.2,19,No information,No information,63,No information,3777,64.2,20.6,48.8,0,48.8,81,28,1623,shot
romelu-lukaku,https://www.sofascore.com/belgium-denmark/BObsrUb#id:8600792,belgium,goal,regular,set-piece,10.7,60.5,0,right-foot,low-centre,0,49.4,17.1,No information,No information,57,No information,3370,60.5,10.7,50.6,0,50.6,82.9,34,2030,shot
thomas-delaney,https://www.sofascore.com/belgium-denmark/BObsrUb#id:8600792,denmark,miss,No information,corner,15.7,54.8,0,left-foot,right,0,0.2,1.4,No information,No information,44,No information,2608,54.8,15.7,99.8,0,99.8,98.6,2,92,shot
romelu-lukaku,https://www.sofascore.com/belgium-denmark/BObsrUb#id:8600792,belgium,miss,No information,corner,7.4,53.3,0,head,close-right,0,41,12.5,No information,No information,29,No information,1696,53.3,7.4,59,0,59,87.5,17,1004,shot
youri-tielemans,https://www.sofascore.com/belgium-denmark/BObsrUb#id:8600792,belgium,block,No information,corner,21.3,37.9,0,right-foot,low-centre,0,48.3,19,No information,No information,29,No information,1687,37.9,21.3,51.7,0,51.7,81,17,1013,shot
daniel-wass,https://www.sofascore.com/belgium-denmark/BObsrUb#id:8600792,denmark,miss,No information,corner,13.5,58.7,0,right-foot,high-left,0,58.8,75,No information,No information,27,No information,1578,58.7,13.5,41.2,0,41.2,25,19,1122,shot
thomas-delaney,https://www.sofascore.com/belgium-denmark/BObsrUb#id:8600792,denmark,block,No information,set-piece,12,65.5,0,left-foot,low-centre,0,50.5,19,No information,No information,26,No information,1542,65.5,12,49.5,0,49.5,81,20,1158,shot
martin-braithwaite,https://www.sofascore.com/belgium-denmark/BObsrUb#id:8600792,denmark,save,No information,assisted,9.1,61.8,0,right-foot,low-centre,0,50.6,2.5,No information,No information,24,No information,1428,61.8,9.1,49.4,0,49.4,97.5,22,1272,shot
kevin-de-bruyne,https://www.sofascore.com/belgium-denmark/BObsrUb#id:8600792,belgium,save,No information,assisted,23.4,52.2,0,left-foot,low-centre,0,51.7,0.6,No information,No information,19,No information,1122,52.2,23.4,48.3,0,48.3,99.4,27,1578,shot
jonas-wind,https://www.sofascore.com/belgium-denmark/BObsrUb#id:8600792,denmark,goal,regular,regular,9,50.2,0,head,low-right,0,45.8,13.3,No information,No information,17,No information,1013,50.2,9,54.2,0,54.2,86.7,29,1687,shot
youri-tielemans,https://www.sofascore.com/belgium-denmark/BObsrUb#id:8600792,belgium,goal,regular,assisted,25.1,42.7,0,left-foot,low-right,0,46.3,2.5,No information,No information,3,No information,146,42.7,25.1,53.7,0,53.7,97.5,43,2554,shot

dante-vanzeir,https://www.sofascore.com/belgium-wales/cUbsrUb#id:9223959,belgium,block,No information,regular,19.8,26,0,right-foot,low-centre,0,49.9,19,No information,No information,90,6,5710,26,19.8,50.1,0,50.1,81,1,590,shot
dedryck-boyata,https://www.sofascore.com/belgium-wales/cUbsrUb#id:9223959,belgium,save,No information,corner,7.4,47.8,0,head,low-left,0,54,2.5,No information,No information,90,4,5635,47.8,7.4,46,0,46,97.5,1,665,shot
leandro-trossard,https://www.sofascore.com/belgium-wales/cUbsrUb#id:9223959,belgium,block,No information,assisted,23.2,60.6,0,left-foot,low-left,0,53.3,19,No information,No information,90,4,5588,60.6,23.2,46.7,0,46.7,81,1,712,shot
dante-vanzeir,https://www.sofascore.com/belgium-wales/cUbsrUb#id:9223959,belgium,miss,No information,assisted,24.5,68.2,0,right-foot,high-right,0,41,66.7,No information,No information,88,No information,5275,68.2,24.5,59,0,59,33.3,3,125,shot
williams-neco,https://www.sofascore.com/belgium-wales/cUbsrUb#id:9223959,wales,save,No information,assisted,16.2,31,0,right-foot,low-right,0,46.1,19,No information,No information,83,No information,4974,31,16.2,53.9,0,53.9,81,8,426,shot
axel-witsel,https://www.sofascore.com/belgium-wales/cUbsrUb#id:9223959,belgium,save,No information,assisted,18.1,25.2,0,right-foot,low-left,0,51.9,0.6,No information,No information,79,No information,4713,25.2,18.1,48.1,0,48.1,99.4,12,687,shot
kieffer-moore,https://www.sofascore.com/belgium-wales/cUbsrUb#id:9223959,wales,block,No information,assisted,14.6,55,0,right-foot,low-centre,0,49.9,19,No information,No information,78,No information,4659,55,14.6,50.1,0,50.1,81,13,741,shot
williams-neco,https://www.sofascore.com/belgium-wales/cUbsrUb#id:9223959,wales,block,No information,assisted,8.7,30,0,left-foot,low-left,0,53.1,19,No information,No information,77,No information,4599,30,8.7,46.9,0,46.9,81,14,801,shot
dedryck-boyata,https://www.sofascore.com/belgium-wales/cUbsrUb#id:9223959,belgium,miss,No information,corner,7.4,53,0,head,high-right,0,39.3,47.2,No information,No information,65,No information,3862,53,7.4,60.7,0,60.7,52.8,26,1538,shot
alexis-saelemaekers,https://www.sofascore.com/belgium-wales/cUbsrUb#id:9223959,belgium,block,No information,assisted,20.1,56.9,0,right-foot,low-left,0,52.2,19,No information,No information,64,No information,3822,56.9,20.1,47.8,0,47.8,81,27,1578,shot
aaron-ramsey,https://www.sofascore.com/belgium-wales/cUbsrUb#id:9223959,wales,block,No information,assisted,17.6,55.5,0,right-foot,low-right,0,47.5,19,No information,No information,62,No information,3704,55.5,17.6,52.5,0,52.5,81,29,1696,shot
morrell-joe,https://www.sofascore.com/belgium-wales/cUbsrUb#id:9223959,wales,save,No information,assisted,30,54.8,0,right-foot,high-right,0,46.8,20.3,No information,No information,52,No information,3115,54.8,30,53.2,0,53.2,79.7,39,2285,shot
connor-roberts,https://www.sofascore.com/belgium-wales/cUbsrUb#id:9223959,wales,miss,No information,assisted,21.3,57.9,0,right-foot,high-right,0,31.8,45.8,No information,No information,50,No information,2942,57.9,21.3,68.2,0,68.2,54.2,41,2458,shot
kieffer-moore,https://www.sofascore.com/belgium-wales/cUbsrUb#id:9223959,wales,miss,No information,assisted,26.8,41.5,0,left-foot,high,0,52.3,65.3,No information,No information,45,1,2735,41.5,26.8,47.7,0,47.7,34.7,1,2665,shot
thorgan-hazard,https://www.sofascore.com/belgium-wales/cUbsrUb#id:9223959,belgium,post,No information,set-piece,19.7,37.1,0,right-foot,right,0,44.7,28.5,No information,No information,41,No information,2406,37.1,19.7,55.3,0,55.3,71.5,5,294,shot
dedryck-boyata,https://www.sofascore.com/belgium-wales/cUbsrUb#id:9223959,belgium,miss,No information,corner,9,48.5,0,head,left,0,64.5,13.9,No information,No information,36,No information,2103,48.5,9,35.5,0,35.5,86.1,10,597,shot
kieffer-moore,https://www.sofascore.com/belgium-wales/cUbsrUb#id:9223959,wales,goal,regular,assisted,9.1,52.8,0,left-foot,low-right,0,47.4,5.1,No information,No information,32,No information,1886,52.8,9.1,52.6,0,52.6,94.9,14,814,shot
kevin-de-bruyne,https://www.sofascore.com/belgium-wales/cUbsrUb#id:9223959,belgium,miss,No information,assisted,23.8,43.5,0,left-foot,high-left,0,61.8,73.6,No information,No information,25,No information,1474,43.5,23.8,38.2,0,38.2,26.4,21,1226,shot
thorgan-hazard,https://www.sofascore.com/belgium-wales/cUbsrUb#id:9223959,belgium,miss,No information,assisted,14.1,28.9,0,left-foot,right,0,37.8,22.2,No information,No information,25,No information,1443,28.9,14.1,62.2,0,62.2,77.8,21,1257,shot
kevin-de-bruyne,https://www.sofascore.com/belgium-wales/cUbsrUb#id:9223959,belgium,goal,regular,regular,18.5,52,0,right-foot,low-right,0,46.8,8.2,No information,No information,12,No information,701,52,18.5,53.2,0,53.2,91.8,34,1999,shot
axel-witsel,https://www.sofascore.com/belgium-wales/cUbsrUb#id:9223959,belgium,block,No information,regular,25.1,53.4,0,left-foot,low-centre,0,48.7,19,No information,No information,12,No information,699,53.4,25.1,51.3,0,51.3,81,34,2001,shot
thomas-meunier,https://www.sofascore.com/belgium-wales/cUbsrUb#id:9223959,belgium,block,No information,regular,8.4,59.3,0,left-foot,low-centre,0,49.6,19,No information,No information,12,No information,696,59.3,8.4,50.4,0,50.4,81,34,2004,shot
divock-origi,https://www.sofascore.com/belgium-wales/cUbsrUb#id:9223959,belgium,miss,No information,corner,3.8,43,0,left-foot,left,0,63.5,12.5,No information,No information,11,No information,638,43,3.8,36.5,0,36.5,87.5,35,2062,shot
divock-origi,https://www.sofascore.com/belgium-wales/cUbsrUb#id:9223959,belgium,save,No information,assisted,27.7,68.4,0,left-foot,low-right,0,45.6,13.3,No information,No information,11,No information,601,68.4,27.7,54.4,0,54.4,86.7,35,2099,shot

xaver-schlager,https://www.sofascore.com/austria-belgium/rUbstUb#id:10752518,austria,block,No information,assisted,23.1,37.3,0,left-foot,low-centre,0,51.4,19,No information,No information,90,5,5644,37.3,23.1,48.6,0,48.6,81,1,656,shot
florian-grillitsch,https://www.sofascore.com/austria-belgium/rUbstUb#id:10752518,austria,miss,No information,assisted,22.1,48.7,0,right-foot,high,0,48.9,83.3,No information,No information,90,No information,5359,48.7,22.1,51.1,0,51.1,16.7,1,41,shot
alexander-prass,https://www.sofascore.com/austria-belgium/rUbstUb#id:10752518,austria,miss,No information,corner,15.7,51.9,0,left-foot,high,0,44.9,86.1,No information,No information,87,No information,5174,51.9,15.7,55.1,0,55.1,13.9,4,226,shot
marcel-sabitzer,https://www.sofascore.com/austria-belgium/rUbstUb#id:10752518,austria,goal,penalty,penalty,11.5,50,0,right-foot,low-right,0,47.5,1.3,No information,No information,84,No information,5024,50,11.5,52.5,0,52.5,98.7,7,376,shot
konrad-laimer,https://www.sofascore.com/austria-belgium/rUbstUb#id:10752518,austria,goal,regular,regular,22.3,45.4,0,right-foot,low-right,0,46.1,6.3,No information,No information,72,No information,4316,45.4,22.3,53.9,0,53.9,93.7,19,1084,shot
konrad-laimer,https://www.sofascore.com/austria-belgium/rUbstUb#id:10752518,austria,miss,No information,assisted,27.4,67.9,0,right-foot,high-right,0,36.6,81.9,No information,No information,69,No information,4123,67.9,27.4,63.4,0,63.4,18.1,22,1277,shot
youri-tielemans,https://www.sofascore.com/austria-belgium/rUbstUb#id:10752518,belgium,block,No information,assisted,14.9,64.7,0,right-foot,low-centre,0,51.1,19,No information,No information,68,No information,4042,64.7,14.9,48.9,0,48.9,81,23,1358,shot
romelu-lukaku,https://www.sofascore.com/austria-belgium/rUbstUb#id:10752518,belgium,goal,regular,fast-break,10.4,38,0,left-foot,low-right,0,46.1,13.3,No information,No information,58,No information,3425,38,10.4,53.9,0,53.9,86.7,33,1975,shot
dodi-lukebakio,https://www.sofascore.com/austria-belgium/rUbstUb#id:10752518,belgium,goal,regular,set-piece,17.9,71.7,0,left-foot,low-right,0,47,13.3,No information,No information,55,No information,3246,71.7,17.9,53,0,53,86.7,36,2154,shot
romelu-lukaku,https://www.sofascore.com/austria-belgium/rUbstUb#id:10752518,belgium,post,No information,assisted,8,40.4,0,left-foot,high,0,48.2,39.2,No information,No information,54,No information,3187,40.4,8,51.8,0,51.8,60.8,37,2213,shot
dodi-lukebakio,https://www.sofascore.com/austria-belgium/rUbstUb#id:10752518,belgium,save,No information,assisted,22.6,67.6,0,left-foot,low-right,0,45.6,4.4,No information,No information,52,No information,3090,67.6,22.6,54.4,0,54.4,95.6,39,2310,shot
maximilian-wober,https://www.sofascore.com/austria-belgium/rUbstUb#id:10752518,austria,miss,No information,assisted,9.4,31.8,0,left-foot,right,0,40.3,2.8,No information,No information,51,No information,3013,31.8,9.4,59.7,0,59.7,97.2,40,2387,shot
christoph-baumgartner,https://www.sofascore.com/austria-belgium/rUbstUb#id:10752518,austria,miss,No information,assisted,26.6,68.6,0,right-foot,close-left,0,57.1,2.8,No information,No information,50,No information,2982,68.6,26.6,42.9,0,42.9,97.2,41,2418,shot
xaver-schlager,https://www.sofascore.com/austria-belgium/rUbstUb#id:10752518,austria,miss,No information,regular,23.8,41.2,0,left-foot,close-high,0,54.3,52.8,No information,No information,43,No information,2520,41.2,23.8,45.7,0,45.7,47.2,3,180,shot
patrick-wimmer,https://www.sofascore.com/austria-belgium/rUbstUb#id:10752518,austria,block,No information,regular,4.1,45,0,right-foot,low-centre,0,51.6,5.7,No information,No information,42,No information,2518,45,4.1,48.4,0,48.4,94.3,4,182,shot
philipp-lienhart,https://www.sofascore.com/austria-belgium/rUbstUb#id:10752518,austria,miss,No information,corner,3.4,40,0,head,close-high,0,52.9,56.9,No information,No information,38,No information,2248,40,3.4,47.1,0,47.1,43.1,8,452,shot
lois-openda,https://www.sofascore.com/austria-belgium/rUbstUb#id:10752518,belgium,miss,No information,corner,7.8,46.8,0,head,right,0,39.5,19.4,No information,No information,27,No information,1615,46.8,7.8,60.5,0,60.5,80.6,19,1085,shot
amadou-onana,https://www.sofascore.com/austria-belgium/rUbstUb#id:10752518,belgium,save,No information,regular,28.6,47,0,right-foot,high-centre,0,51.5,31.6,No information,No information,27,No information,1562,47,28.6,48.5,0,48.5,68.4,19,1138,shot
patrick-wimmer,https://www.sofascore.com/austria-belgium/rUbstUb#id:10752518,austria,block,No information,fast-break,8.5,39,0,right-foot,low-centre,0,51.8,19,No information,No information,21,No information,1243,39,8.5,48.2,0,48.2,81,25,1457,shot
patrick-wimmer,https://www.sofascore.com/austria-belgium/rUbstUb#id:10752518,austria,save,No information,fast-break,9.7,26.8,0,left-foot,low-centre,0,51.3,5.7,No information,No information,21,No information,1239,26.8,9.7,48.7,0,48.7,94.3,25,1461,shot
manprit-sarkaria,https://www.sofascore.com/austria-belgium/rUbstUb#id:10752518,austria,save,No information,assisted,18,60.5,0,left-foot,low-right,0,47.3,8.9,No information,No information,20,No information,1162,60.5,18,52.7,0,52.7,91.1,26,1538,shot
dodi-lukebakio,https://www.sofascore.com/austria-belgium/rUbstUb#id:10752518,belgium,goal,regular,assisted,7.1,65.3,0,left-foot,low-left,0,53.6,18.4,No information,No information,12,No information,700,65.3,7.1,46.4,0,46.4,81.6,34,2000,shot
danso-kevin,https://www.sofascore.com/austria-belgium/rUbstUb#id:10752518,austria,miss,No information,corner,4.5,56.1,0,head,high-right,0,38,58.3,No information,No information,11,No information,605,56.1,4.5,62,0,62,41.7,35,2095,shot
florian-grillitsch,https://www.sofascore.com/austria-belgium/rUbstUb#id:10752518,austria,miss,No information,corner,3.6,62.7,0,head,close-high,0,48.1,45.8,No information,No information,7,No information,390,62.7,3.6,51.9,0,51.9,54.2,39,2310,shot
christoph-baumgartner,https://www.sofascore.com/austria-belgium/rUbstUb#id:10752518,austria,block,No information,assisted,7.1,50.1,0,head,low-centre,0,51.4,19,No information,No information,2,No information,79,50.1,7.1,48.6,0,48.6,81,44,2621,shot

verschaeren-yari,https://www.sofascore.com/belgium-scotland/VTbsrUb#id:8078571,belgium,save,No information,assisted,18.8,51.9,0,right-foot,low-left,0,52.7,8.9,No information,No information,90,2,5491,51.9,18.8,47.3,0,47.3,91.1,1,809,shot
kevin-de-bruyne,https://www.sofascore.com/belgium-scotland/VTbsrUb#id:8078571,belgium,goal,regular,assisted,12.7,35.2,0,right-foot,low-right,0,46.2,5.1,No information,No information,82,No information,4886,35.2,12.7,53.8,0,53.8,94.9,9,514,shot
ryan-christie,https://www.sofascore.com/belgium-scotland/VTbsrUb#id:8078571,scotland,block,No information,corner,22.1,33,0,left-foot,No information,No information,No information,No information,No information,No information,81,No information,4819,33,22.1,No information,No information,No information,No information,10,581,shot
kenny-mclean,https://www.sofascore.com/belgium-scotland/VTbsrUb#id:8078571,scotland,block,No information,assisted,29.3,69.4,0,left-foot,No information,No information,No information,No information,No information,No information,80,No information,4789,69.4,29.3,No information,No information,No information,No information,11,611,shot
toby-alderweireld,https://www.sofascore.com/belgium-scotland/VTbsrUb#id:8078571,belgium,save,No information,corner,4.8,46.1,0,head,low-centre,0,51,17.7,No information,No information,76,No information,4535,46.1,4.8,49,0,49,82.3,15,865,shot
kevin-de-bruyne,https://www.sofascore.com/belgium-scotland/VTbsrUb#id:8078571,belgium,miss,No information,assisted,15.9,53,0,right-foot,close-left,0,58.7,4.2,No information,No information,71,No information,4244,53,15.9,41.3,0,41.3,95.8,20,1156,shot
kevin-de-bruyne,https://www.sofascore.com/belgium-scotland/VTbsrUb#id:8078571,belgium,block,No information,fast-break,11.2,32.7,0,left-foot,No information,No information,No information,No information,No information,No information,64,No information,3820,32.7,11.2,No information,No information,No information,No information,27,1580,shot
ryan-christie,https://www.sofascore.com/belgium-scotland/VTbsrUb#id:8078571,scotland,block,No information,assisted,13.6,60.8,0,left-foot,No information,No information,No information,No information,No information,No information,63,No information,3773,60.8,13.6,No information,No information,No information,No information,28,1627,shot
robert-snodgrass,https://www.sofascore.com/belgium-scotland/VTbsrUb#id:8078571,scotland,miss,No information,free-kick,18.5,33,0,left-foot,high,0,53.1,62.5,No information,No information,61,No information,3608,33,18.5,46.9,0,46.9,37.5,30,1792,shot
kevin-de-bruyne,https://www.sofascore.com/belgium-scotland/VTbsrUb#id:8078571,belgium,block,No information,assisted,23.8,30.1,0,right-foot,No information,No information,No information,No information,No information,No information,57,No information,3367,30.1,23.8,No information,No information,No information,No information,34,2033,shot
matt-phillips,https://www.sofascore.com/belgium-scotland/VTbsrUb#id:8078571,scotland,miss,No information,assisted,29.1,33.3,0,right-foot,left,0,64.9,5.6,No information,No information,52,No information,3107,33.3,29.1,35.1,0,35.1,94.4,39,2293,shot
andrew-robertson,https://www.sofascore.com/belgium-scotland/VTbsrUb#id:8078571,scotland,save,No information,assisted,3.5,34.8,0,left-foot,low-centre,0,51.8,3.2,No information,No information,51,No information,3058,34.8,3.5,48.2,0,48.2,96.8,40,2342,shot
dries-mertens,https://www.sofascore.com/belgium-scotland/VTbsrUb#id:8078571,belgium,save,No information,assisted,11.1,28.6,0,right-foot,low-centre,0,49,16.5,No information,No information,49,No information,2898,28.6,11.1,51,0,51,83.5,42,2502,shot
scott-mctominay,https://www.sofascore.com/belgium-scotland/VTbsrUb#id:8078571,scotland,save,No information,regular,20.3,37,0,left-foot,low-centre,0,51.6,1.3,No information,No information,46,No information,2723,37,20.3,48.4,0,48.4,98.7,45,2677,shot
kenny-mclean,https://www.sofascore.com/belgium-scotland/VTbsrUb#id:8078571,scotland,block,No information,assisted,13.6,33.6,0,left-foot,No information,No information,No information,No information,No information,No information,46,No information,2720,33.6,13.6,No information,No information,No information,No information,45,2680,shot
romelu-lukaku,https://www.sofascore.com/belgium-scotland/VTbsrUb#id:8078571,belgium,save,No information,assisted,9.5,34.5,0,left-foot,low-centre,0,51.1,1.3,No information,No information,44,No information,2585,34.5,9.5,48.9,0,48.9,98.7,2,115,shot
thomas-meunier,https://www.sofascore.com/belgium-scotland/VTbsrUb#id:8078571,belgium,miss,No information,assisted,2.8,65.5,0,right-foot,close-right,0,42.5,2.8,No information,No information,38,No information,2278,65.5,2.8,57.5,0,57.5,97.2,8,422,shot
toby-alderweireld,https://www.sofascore.com/belgium-scotland/VTbsrUb#id:8078571,belgium,goal,regular,corner,9.2,48.8,0,head,high-right,0,48.1,25.3,No information,No information,32,No information,1902,48.8,9.2,51.9,0,51.9,74.7,14,798,shot
youri-tielemans,https://www.sofascore.com/belgium-scotland/VTbsrUb#id:8078571,belgium,miss,No information,regular,17.4,45.8,0,right-foot,close-right,0,42.5,18.1,No information,No information,31,No information,1820,45.8,17.4,57.5,0,57.5,81.9,15,880,shot
matt-phillips,https://www.sofascore.com/belgium-scotland/VTbsrUb#id:8078571,scotland,save,No information,assisted,27.4,56.4,0,right-foot,low-left,0,52.1,1.9,No information,No information,29,No information,1689,56.4,27.4,47.9,0,47.9,98.1,17,1011,shot
thomas-vermaelen,https://www.sofascore.com/belgium-scotland/VTbsrUb#id:8078571,belgium,goal,regular,corner,6.3,49.3,0,left-foot,high-left,0,52.9,25.9,No information,No information,24,No information,1394,49.3,6.3,47.1,0,47.1,74.1,22,1306,shot
romelu-lukaku,https://www.sofascore.com/belgium-scotland/VTbsrUb#id:8078571,belgium,miss,No information,assisted,18.4,38.6,0,right-foot,right,0,32.6,1.4,No information,No information,19,No information,1119,38.6,18.4,67.4,0,67.4,98.6,27,1581,shot
romelu-lukaku,https://www.sofascore.com/belgium-scotland/VTbsrUb#id:8078571,belgium,miss,No information,assisted,7.5,51.5,0,left-foot,right,0,40.7,36.1,No information,No information,18,No information,1037,51.5,7.5,59.3,0,59.3,63.9,28,1663,shot
romelu-lukaku,https://www.sofascore.com/belgium-scotland/VTbsrUb#id:8078571,belgium,goal,regular,fast-break,12.7,60,0,left-foot,low-left,0,52.8,1.3,No information,No information,9,No information,532,60,12.7,47.2,0,47.2,98.7,37,2168,shot
robert-snodgrass,https://www.sofascore.com/belgium-scotland/VTbsrUb#id:8078571,scotland,block,No information,assisted,21.4,70.5,0,left-foot,No information,No information,No information,No information,No information,No information,6,No information,337,70.5,21.4,No information,No information,No information,No information,40,2363,shot

martin-braithwaite,https://www.sofascore.com/belgium-denmark/BObsrUb#id:8513118,denmark,block,No information,fast-break,15.6,32.5,0,right-foot,low-centre,0,51.5,19,No information,No information,90,6,5729,32.5,15.6,48.5,0,48.5,81,1,571,shot
thomas-meunier,https://www.sofascore.com/belgium-denmark/BObsrUb#id:8513118,belgium,block,No information,fast-break,34.7,75.4,0,right-foot,low-centre,0,51.8,19,No information,No information,90,5,5667,75.4,34.7,48.2,0,48.2,81,1,633,shot
mathias-jensen,https://www.sofascore.com/belgium-denmark/BObsrUb#id:8513118,denmark,miss,No information,assisted,22.9,71.1,0,right-foot,close-high,0,45.2,54.2,No information,No information,90,No information,5343,71.1,22.9,54.8,0,54.8,45.8,1,57,shot
andreas-cornelius,https://www.sofascore.com/belgium-denmark/BObsrUb#id:8513118,denmark,block,No information,regular,15.2,49.5,0,left-foot,low-centre,0,50.8,19,No information,No information,89,No information,5280,49.5,15.2,49.2,0,49.2,81,2,120,shot
pierre-emile-hojbjerg,https://www.sofascore.com/belgium-denmark/BObsrUb#id:8513118,denmark,block,No information,assisted,15.1,40.8,0,right-foot,low-left,0,53.2,19,No information,No information,88,No information,5279,40.8,15.1,46.8,0,46.8,81,3,121,shot
martin-braithwaite,https://www.sofascore.com/belgium-denmark/BObsrUb#id:8513118,denmark,post,No information,assisted,10.3,44.5,0,head,high,0,54.9,39.9,No information,No information,87,No information,5186,44.5,10.3,45.1,0,45.1,60.1,4,214,shot
martin-braithwaite,https://www.sofascore.com/belgium-denmark/BObsrUb#id:8513118,denmark,block,No information,assisted,15.1,53,0,left-foot,low-left,0,52.9,19,No information,No information,76,No information,4553,53,15.1,47.1,0,47.1,81,15,847,shot
kevin-de-bruyne,https://www.sofascore.com/belgium-denmark/BObsrUb#id:8513118,belgium,save,No information,fast-break,25.4,55.7,0,left-foot,low-left,0,51.9,2.5,No information,No information,75,No information,4489,55.7,25.4,48.1,0,48.1,97.5,16,911,shot
martin-braithwaite,https://www.sofascore.com/belgium-denmark/BObsrUb#id:8513118,denmark,save,No information,assisted,15.4,52.2,0,left-foot,low-right,0,46.3,7,No information,No information,75,No information,4457,52.2,15.4,53.7,0,53.7,93,16,943,shot
kevin-de-bruyne,https://www.sofascore.com/belgium-denmark/BObsrUb#id:8513118,belgium,goal,regular,assisted,18.2,35.7,0,left-foot,low-left,0,53.1,3.8,No information,No information,70,No information,4196,35.7,18.2,46.9,0,46.9,96.2,21,1204,shot
joakim-maehle,https://www.sofascore.com/belgium-denmark/BObsrUb#id:8513118,denmark,save,No information,assisted,20.5,36.1,0,right-foot,low-centre,0,50.9,5.7,No information,No information,69,No information,4083,36.1,20.5,49.1,0,49.1,94.3,22,1317,shot
joakim-maehle,https://www.sofascore.com/belgium-denmark/BObsrUb#id:8513118,denmark,block,No information,assisted,15.7,33.4,0,right-foot,low-left,0,52,19,No information,No information,62,No information,3698,33.4,15.7,48,0,48,81,29,1702,shot
thomas-delaney,https://www.sofascore.com/belgium-denmark/BObsrUb#id:8513118,denmark,block,No information,set-piece,18.2,64.2,0,right-foot,low-left,0,52,19,No information,No information,58,No information,3468,64.2,18.2,48,0,48,81,33,1932,shot
thorgan-hazard,https://www.sofascore.com/belgium-denmark/BObsrUb#id:8513118,belgium,goal,regular,assisted,7.5,48,0,left-foot,low-centre,0,50.6,1.9,No information,No information,54,No information,3239,48,7.5,49.4,0,49.4,98.1,37,2161,shot
damsgaard-mikkel,https://www.sofascore.com/belgium-denmark/BObsrUb#id:8513118,denmark,block,No information,free-kick,19.9,28.6,0,right-foot,low-left,0,52.7,19,No information,No information,51,No information,3040,28.6,19.9,47.3,0,47.3,81,40,2360,shot
thomas-meunier,https://www.sofascore.com/belgium-denmark/BObsrUb#id:8513118,belgium,miss,No information,assisted,12.2,53.2,0,head,left,0,65.2,38.9,No information,No information,49,No information,2902,53.2,12.2,34.8,0,34.8,61.1,42,2498,shot
thomas-delaney,https://www.sofascore.com/belgium-denmark/BObsrUb#id:8513118,denmark,miss,No information,assisted,24.9,38.6,0,left-foot,right,0,38.2,2.8,No information,No information,48,No information,2845,38.6,24.9,61.8,0,61.8,97.2,43,2555,shot
martin-braithwaite,https://www.sofascore.com/belgium-denmark/BObsrUb#id:8513118,denmark,miss,No information,assisted,15.4,66.8,0,left-foot,high-left,0,64.7,51.4,No information,No information,45,1,2704,66.8,15.4,35.3,0,35.3,48.6,1,2696,shot
damsgaard-mikkel,https://www.sofascore.com/belgium-denmark/BObsrUb#id:8513118,denmark,miss,No information,regular,13.2,61,0,left-foot,close-left,0,57.6,1.4,No information,No information,35,No information,2053,61,13.2,42.4,0,42.4,98.6,11,647,shot
daniel-wass,https://www.sofascore.com/belgium-denmark/BObsrUb#id:8513118,denmark,miss,No information,assisted,26.8,48.9,0,right-foot,high,0,45.7,76.4,No information,No information,26,No information,1545,48.9,26.8,54.3,0,54.3,23.6,20,1155,shot
martin-braithwaite,https://www.sofascore.com/belgium-denmark/BObsrUb#id:8513118,denmark,miss,No information,assisted,4,39.8,0,head,close-left,0,57.3,30.6,No information,No information,16,No information,952,39.8,4,42.7,0,42.7,69.4,30,1748,shot
damsgaard-mikkel,https://www.sofascore.com/belgium-denmark/BObsrUb#id:8513118,denmark,miss,No information,assisted,9.4,46.4,0,right-foot,right,0,25.2,2.8,No information,No information,13,No information,754,46.4,9.4,74.8,0,74.8,97.2,33,1946,shot
daniel-wass,https://www.sofascore.com/belgium-denmark/BObsrUb#id:8513118,denmark,save,No information,assisted,7.8,62.7,0,head,low-left,0,53.8,5.1,No information,No information,6,No information,328,62.7,7.8,46.2,0,46.2,94.9,40,2372,shot
martin-braithwaite,https://www.sofascore.com/belgium-denmark/BObsrUb#id:8513118,denmark,block,No information,assisted,4.7,57.7,0,right-foot,low-centre,0,49.5,19,No information,No information,5,No information,273,57.7,4.7,50.5,0,50.5,81,41,2427,shot
joakim-maehle,https://www.sofascore.com/belgium-denmark/BObsrUb#id:8513118,denmark,save,No information,regular,6.3,42.1,0,right-foot,low-centre,0,48.9,2.5,No information,No information,5,No information,260,42.1,6.3,51.1,0,51.1,97.5,41,2440,shot
dries-mertens,https://www.sofascore.com/belgium-denmark/BObsrUb#id:8513118,belgium,save,No information,assisted,7.7,41.5,0,head,low-left,0,52.3,3.8,No information,No information,4,No information,186,41.5,7.7,47.7,0,47.7,96.2,42,2514,shot
yussuf-poulsen,https://www.sofascore.com/belgium-denmark/BObsrUb#id:8513118,denmark,goal,regular,assisted,13.7,62.3,0,right-foot,low-left,0,53.6,1.9,No information,No information,2,No information,99,62.3,13.7,46.4,0,46.4,98.1,44,2601,shot

dodi-lukebakio,https://www.sofascore.com/belgium-netherlands/fUbsrUb#id:10023378,belgium,post,No information,assisted,7.6,48.4,0,left-foot,right,0,44.7,34.2,No information,No information,90,5,5671,48.4,7.6,55.3,0,55.3,65.8,1,629,shot
steven-bergwijn,https://www.sofascore.com/belgium-netherlands/fUbsrUb#id:10023378,netherlands,save,No information,assisted,6.5,56.1,0,right-foot,low-centre,0,50.8,15.2,No information,No information,90,No information,5349,56.1,6.5,49.2,0,49.2,84.8,1,51,shot
davy-klaassen,https://www.sofascore.com/belgium-netherlands/fUbsrUb#id:10023378,netherlands,save,No information,assisted,9.7,61,0,right-foot,low-centre,0,50.7,9.5,No information,No information,87,No information,5214,61,9.7,49.3,0,49.3,90.5,4,186,shot
timothy-castagne,https://www.sofascore.com/belgium-netherlands/fUbsrUb#id:10023378,belgium,miss,No information,assisted,5.5,68.5,0,right-foot,left,0,66.1,4.2,No information,No information,78,No information,4674,68.5,5.5,33.9,0,33.9,95.8,13,726,shot
steven-bergwijn,https://www.sofascore.com/belgium-netherlands/fUbsrUb#id:10023378,netherlands,miss,No information,assisted,9.3,60.7,0,right-foot,close-right,0,43.7,36.1,No information,No information,76,No information,4514,60.7,9.3,56.3,0,56.3,63.9,15,886,shot
yannick-carrasco,https://www.sofascore.com/belgium-netherlands/fUbsrUb#id:10023378,belgium,miss,No information,assisted,21.1,28.9,0,right-foot,right,0,38.8,15.3,No information,No information,75,No information,4483,28.9,21.1,61.2,0,61.2,84.7,16,917,shot
virgil-van-dijk,https://www.sofascore.com/belgium-netherlands/fUbsrUb#id:10023378,netherlands,goal,regular,corner,4.4,52.6,0,head,low-left,0,52.8,10.1,No information,No information,73,No information,4371,52.6,4.4,47.2,0,47.2,89.9,18,1029,shot
steven-bergwijn,https://www.sofascore.com/belgium-netherlands/fUbsrUb#id:10023378,netherlands,save,No information,fast-break,13.8,34.7,0,right-foot,low-centre,0,51.2,5.7,No information,No information,72,No information,4271,34.7,13.8,48.8,0,48.8,94.3,19,1129,shot
amadou-onana,https://www.sofascore.com/belgium-netherlands/fUbsrUb#id:10023378,belgium,save,No information,assisted,3.3,57.5,0,right-foot,low-left,0,52.8,17.7,No information,No information,66,No information,3955,57.5,3.3,47.2,0,47.2,82.3,25,1445,shot
yannick-carrasco,https://www.sofascore.com/belgium-netherlands/fUbsrUb#id:10023378,belgium,block,No information,assisted,10.9,34.2,0,left-foot,low-right,0,47.7,19,No information,No information,61,No information,3616,34.2,10.9,52.3,0,52.3,81,30,1784,shot
kevin-de-bruyne,https://www.sofascore.com/belgium-netherlands/fUbsrUb#id:10023378,belgium,block,No information,assisted,18.7,61.7,0,left-foot,low-right,0,48.2,19,No information,No information,60,No information,3555,61.7,18.7,51.8,0,51.8,81,31,1845,shot
jurrien-timber,https://www.sofascore.com/belgium-netherlands/fUbsrUb#id:10023378,netherlands,miss,No information,corner,7.3,40.2,0,other,left,0,69.9,18.1,No information,No information,53,No information,3132,40.2,7.3,30.1,0,30.1,81.9,38,2268,shot
kenneth-taylor,https://www.sofascore.com/belgium-netherlands/fUbsrUb#id:10023378,netherlands,block,No information,assisted,9.4,27,0,left-foot,low-centre,0,50.3,19,No information,No information,52,No information,3103,27,9.4,49.7,0,49.7,81,39,2297,shot
denzel-dumfries,https://www.sofascore.com/belgium-netherlands/fUbsrUb#id:10023378,netherlands,save,No information,assisted,4.7,69,0,right-foot,low-left,0,52.8,4.4,No information,No information,49,No information,2938,69,4.7,47.2,0,47.2,95.6,42,2462,shot
cody-gakpo,https://www.sofascore.com/belgium-netherlands/fUbsrUb#id:10023378,netherlands,block,No information,assisted,13.7,57.9,0,left-foot,low-left,0,52.9,19,No information,No information,45,No information,2667,57.9,13.7,47.1,0,47.1,81,1,33,shot
vincent-janssen,https://www.sofascore.com/belgium-netherlands/fUbsrUb#id:10023378,netherlands,miss,No information,corner,8.8,28.9,0,left-foot,left,0,67.1,20.8,No information,No information,44,No information,2630,28.9,8.8,32.9,0,32.9,79.2,2,70,shot
marten-de-roon,https://www.sofascore.com/belgium-netherlands/fUbsrUb#id:10023378,netherlands,block,No information,corner,18.8,52.1,0,right-foot,low-centre,0,49.7,19,No information,No information,44,No information,2626,52.1,18.8,50.3,0,50.3,81,2,74,shot
amadou-onana,https://www.sofascore.com/belgium-netherlands/fUbsrUb#id:10023378,belgium,save,No information,regular,20.2,55.7,0,left-foot,high-centre,0,51.3,31.6,No information,No information,37,No information,2190,55.7,20.2,48.7,0,48.7,68.4,9,510,shot
timothy-castagne,https://www.sofascore.com/belgium-netherlands/fUbsrUb#id:10023378,belgium,miss,No information,regular,19.1,46.6,0,right-foot,high-right,0,39.3,80.6,No information,No information,34,No information,2010,46.6,19.1,60.7,0,60.7,19.4,12,690,shot
axel-witsel,https://www.sofascore.com/belgium-netherlands/fUbsrUb#id:10023378,belgium,save,No information,set-piece,8.7,48.5,0,right-foot,low-centre,0,51.5,10.8,No information,No information,32,No information,1884,48.5,8.7,48.5,0,48.5,89.2,14,816,shot
denzel-dumfries,https://www.sofascore.com/belgium-netherlands/fUbsrUb#id:10023378,netherlands,miss,No information,assisted,12.7,52.1,0,left-foot,high,0,53.9,66.7,No information,No information,29,No information,1715,52.1,12.7,46.1,0,46.1,33.3,17,985,shot
vincent-janssen,https://www.sofascore.com/belgium-netherlands/fUbsrUb#id:10023378,netherlands,miss,No information,regular,25.5,62.9,0,right-foot,close-left,0,59.2,27.8,No information,No information,17,No information,964,62.9,25.5,40.8,0,40.8,72.2,29,1736,shot
michy-batshuayi,https://www.sofascore.com/belgium-netherlands/fUbsrUb#id:10023378,belgium,save,No information,assisted,11,33.2,0,left-foot,low-centre,0,50.3,15.8,No information,No information,14,No information,796,33.2,11,49.7,0,49.7,84.2,32,1904,shot
eden-hazard,https://www.sofascore.com/belgium-netherlands/fUbsrUb#id:10023378,belgium,miss,No information,assisted,15.2,53.4,0,right-foot,high,0,48.9,86.1,No information,No information,4,No information,217,53.4,15.2,51.1,0,51.1,13.9,42,2483,shot

christian-benteke,https://www.sofascore.com/estonia-belgium/rUbsjVb#id:9223798,belgium,block,No information,regular,14,58.4,0,left-foot,low-centre,0,48.9,19,No information,No information,90,3,5520,58.4,14,51.1,0,51.1,81,1,780,shot
christian-benteke,https://www.sofascore.com/estonia-belgium/rUbsjVb#id:9223798,belgium,block,No information,regular,10.7,68.4,0,left-foot,low-right,0,46.6,19,No information,No information,90,2,5517,68.4,10.7,53.4,0,53.4,81,1,783,shot
leandro-trossard,https://www.sofascore.com/estonia-belgium/rUbsjVb#id:9223798,belgium,miss,No information,assisted,15.8,34,0,right-foot,high-right,0,41.7,65.3,No information,No information,90,No information,5395,34,15.8,58.3,0,58.3,34.7,1,5,shot
ken-kallaste,https://www.sofascore.com/estonia-belgium/rUbsjVb#id:9223798,estonia,block,No information,corner,19.2,47.2,0,left-foot,low-centre,0,50.6,19,No information,No information,89,No information,5288,47.2,19.2,49.4,0,49.4,81,2,112,shot
erik-sorga,https://www.sofascore.com/estonia-belgium/rUbsjVb#id:9223798,estonia,block,No information,assisted,6.3,39.4,0,left-foot,low-centre,0,49.9,19,No information,No information,88,No information,5239,39.4,6.3,50.1,0,50.1,81,3,161,shot
erik-sorga,https://www.sofascore.com/estonia-belgium/rUbsjVb#id:9223798,estonia,goal,regular,assisted,2.9,47.4,0,left-foot,low-centre,0,48.7,5.1,No information,No information,83,No information,4970,47.4,2.9,51.3,0,51.3,94.9,8,430,shot
yannick-carrasco,https://www.sofascore.com/estonia-belgium/rUbsjVb#id:9223798,belgium,miss,No information,regular,24.2,40.6,0,right-foot,high,0,49.9,88.9,No information,No information,80,No information,4743,40.6,24.2,50.1,0,50.1,11.1,11,657,shot
thomas-foket,https://www.sofascore.com/estonia-belgium/rUbsjVb#id:9223798,belgium,goal,regular,assisted,7.1,53.2,0,right-foot,low-left,0,53.8,0.6,No information,No information,76,No information,4519,53.2,7.1,46.2,0,46.2,99.4,15,881,shot
mattias-kait,https://www.sofascore.com/estonia-belgium/rUbsjVb#id:9223798,estonia,block,No information,regular,23.1,59.2,0,right-foot,low-centre,0,51.7,19,No information,No information,75,No information,4464,59.2,23.1,48.3,0,48.3,81,16,936,shot
leandro-trossard,https://www.sofascore.com/estonia-belgium/rUbsjVb#id:9223798,belgium,miss,No information,assisted,29.1,63.7,0,right-foot,high,0,49.9,72.2,No information,No information,68,No information,4071,63.7,29.1,50.1,0,50.1,27.8,23,1329,shot
axel-witsel,https://www.sofascore.com/estonia-belgium/rUbsjVb#id:9223798,belgium,goal,regular,assisted,1.6,50.1,0,right-foot,low-centre,0,50.3,1.3,No information,No information,64,No information,3839,50.1,1.6,49.7,0,49.7,98.7,27,1561,shot
leandro-trossard,https://www.sofascore.com/estonia-belgium/rUbsjVb#id:9223798,belgium,miss,No information,assisted,3.9,42.8,0,left-foot,close-right,0,43.5,4.2,No information,No information,64,No information,3838,42.8,3.9,56.5,0,56.5,95.8,27,1562,shot
alexis-saelemaekers,https://www.sofascore.com/estonia-belgium/rUbsjVb#id:9223798,belgium,save,No information,assisted,11.2,69.9,0,left-foot,high-right,0,47.2,20.9,No information,No information,64,No information,3805,69.9,11.2,52.8,0,52.8,79.1,27,1595,shot
axel-witsel,https://www.sofascore.com/estonia-belgium/rUbsjVb#id:9223798,belgium,save,No information,assisted,4.8,41,0,left-foot,low-centre,0,51.8,13.9,No information,No information,60,No information,3567,41,4.8,48.2,0,48.2,86.1,31,1833,shot
leandro-trossard,https://www.sofascore.com/estonia-belgium/rUbsjVb#id:9223798,belgium,miss,No information,regular,15.8,62.5,0,right-foot,high-left,0,56.1,87.5,No information,No information,56,No information,3322,62.5,15.8,43.9,0,43.9,12.5,35,2078,shot
romelu-lukaku,https://www.sofascore.com/estonia-belgium/rUbsjVb#id:9223798,belgium,goal,regular,assisted,15,45.8,0,right-foot,low-right,0,47.4,3.2,No information,No information,52,No information,3084,45.8,15,52.6,0,52.6,96.8,39,2316,shot
romelu-lukaku,https://www.sofascore.com/estonia-belgium/rUbsjVb#id:9223798,belgium,miss,No information,assisted,7.5,53.6,0,head,right,0,22,4.2,No information,No information,49,No information,2918,53.6,7.5,78,0,78,95.8,42,2482,shot
henri-anier,https://www.sofascore.com/estonia-belgium/rUbsjVb#id:9223798,estonia,block,No information,assisted,8.5,54.2,0,left-foot,low-centre,0,49,19,No information,No information,47,No information,2788,54.2,8.5,51,0,51,81,44,2612,shot
hans-vanaken,https://www.sofascore.com/estonia-belgium/rUbsjVb#id:9223798,belgium,miss,No information,corner,7.7,52.8,0,head,right,0,35.8,23.6,No information,No information,45,1,2702,52.8,7.7,64.2,0,64.2,76.4,1,2698,shot
alexis-saelemaekers,https://www.sofascore.com/estonia-belgium/rUbsjVb#id:9223798,belgium,block,No information,assisted,21.9,66.1,0,left-foot,low-left,0,54.8,19,No information,No information,45,No information,2650,66.1,21.9,45.2,0,45.2,81,1,50,shot
alexis-saelemaekers,https://www.sofascore.com/estonia-belgium/rUbsjVb#id:9223798,belgium,post,No information,assisted,18.7,49.9,0,right-foot,high,0,46.9,39.2,No information,No information,38,No information,2247,49.9,18.7,53.1,0,53.1,60.8,8,453,shot
vladislav-kreida,https://www.sofascore.com/estonia-belgium/rUbsjVb#id:9223798,estonia,miss,No information,corner,20.9,52.2,0,right-foot,left,0,71.1,4.2,No information,No information,36,No information,2101,52.2,20.9,28.9,0,28.9,95.8,10,599,shot
henri-anier,https://www.sofascore.com/estonia-belgium/rUbsjVb#id:9223798,estonia,save,No information,corner,8.5,63.7,0,head,low-centre,0,49.9,13.9,No information,No information,35,No information,2065,63.7,8.5,50.1,0,50.1,86.1,11,635,shot
romelu-lukaku,https://www.sofascore.com/estonia-belgium/rUbsjVb#id:9223798,belgium,goal,regular,regular,10.9,42.1,0,left-foot,low-right,0,46.2,0.6,No information,No information,29,No information,1713,42.1,10.9,53.8,0,53.8,99.4,17,987,shot
yannick-carrasco,https://www.sofascore.com/estonia-belgium/rUbsjVb#id:9223798,belgium,miss,No information,assisted,18.4,50,0,right-foot,close-right,0,42.9,16.7,No information,No information,27,No information,1602,50,18.4,57.1,0,57.1,83.3,19,1098,shot
sander-puri,https://www.sofascore.com/estonia-belgium/rUbsjVb#id:9223798,estonia,block,No information,assisted,4.9,66.1,0,right-foot,low-centre,0,50.7,19,No information,No information,26,No information,1553,66.1,4.9,49.3,0,49.3,81,20,1147,shot
henri-anier,https://www.sofascore.com/estonia-belgium/rUbsjVb#id:9223798,estonia,miss,No information,corner,11.1,42.8,0,right-foot,high-right,0,38.3,97.2,No information,No information,24,No information,1407,42.8,11.1,61.7,0,61.7,2.8,22,1293,shot
hans-vanaken,https://www.sofascore.com/estonia-belgium/rUbsjVb#id:9223798,belgium,goal,regular,corner,4.7,46,0,head,high-left,0,54.5,25.3,No information,No information,22,No information,1272,46,4.7,45.5,0,45.5,74.7,24,1428,shot
hans-vanaken,https://www.sofascore.com/estonia-belgium/rUbsjVb#id:9223798,belgium,block,No information,assisted,12.4,61.1,0,right-foot,low-centre,0,48.8,19,No information,No information,21,No information,1234,61.1,12.4,51.2,0,51.2,81,25,1466,shot
toby-alderweireld,https://www.sofascore.com/estonia-belgium/rUbsjVb#id:9223798,belgium,miss,No information,assisted,25.2,64.8,0,right-foot,high,0,54.8,93.1,No information,No information,20,No information,1192,64.8,25.2,45.2,0,45.2,6.9,26,1508,shot
romelu-lukaku,https://www.sofascore.com/estonia-belgium/rUbsjVb#id:9223798,belgium,miss,No information,assisted,9.7,49.9,0,head,left,0,63.4,19.4,No information,No information,14,No information,792,49.9,9.7,36.6,0,36.6,80.6,32,1908,shot
hans-vanaken,https://www.sofascore.com/estonia-belgium/rUbsjVb#id:9223798,belgium,block,No information,assisted,23.2,62.7,0,left-foot,low-right,0,47,19,No information,No information,10,No information,577,62.7,23.2,53,0,53,81,36,2123,shot
yannick-carrasco,https://www.sofascore.com/estonia-belgium/rUbsjVb#id:9223798,belgium,save,No information,corner,6.3,27.9,0,left-foot,high-left,0,54.4,22.8,No information,No information,6,No information,349,27.9,6.3,45.6,0,45.6,77.2,40,2351,shot
yannick-carrasco,https://www.sofascore.com/estonia-belgium/rUbsjVb#id:9223798,belgium,save,No information,assisted,10,40.9,0,head,high-centre,0,50.6,25.3,No information,No information,4,No information,209,40.9,10,49.4,0,49.4,74.7,42,2491,shot
mattias-kait,https://www.sofascore.com/estonia-belgium/rUbsjVb#id:9223798,estonia,goal,regular,regular,18.5,35.8,0,right-foot,low-right,0,45.8,6.3,No information,No information,2,No information,113,35.8,18.5,54.2,0,54.2,93.7,44,2587,shot

jeremy-doku,https://www.sofascore.com/belgium-italy/hUbsrUb#id:8594145,belgium,miss,No information,assisted,20.1,48.9,0,right-foot,close-high,0,45.7,55.6,No information,No information,84,No information,4996,48.9,20.1,54.3,0,54.3,44.4,7,404,shot
romelu-lukaku,https://www.sofascore.com/belgium-italy/hUbsrUb#id:8594145,belgium,block,No information,regular,18.2,50.1,0,left-foot,low-centre,0,50.8,19,No information,No information,76,No information,4500,50.1,18.2,49.2,0,49.2,81,15,900,shot
nacer-chadli,https://www.sofascore.com/belgium-italy/hUbsrUb#id:8594145,belgium,block,No information,assisted,6.3,32.5,0,left-foot,low-centre,0,51.8,5.6,No information,No information,70,No information,4191,32.5,6.3,48.2,0,48.2,94.4,21,1209,shot
lorenzo-insigne,https://www.sofascore.com/belgium-italy/hUbsrUb#id:8594145,italy,save,No information,assisted,24.1,25.8,0,right-foot,low-right,0,47.7,2.5,No information,No information,69,No information,4105,25.8,24.1,52.3,0,52.3,97.5,22,1295,shot
leonardo-spinazzola,https://www.sofascore.com/belgium-italy/hUbsrUb#id:8594145,italy,miss,No information,assisted,8.8,40.4,0,left-foot,close-left,0,57.6,15.3,No information,No information,66,No information,3910,40.4,8.8,42.4,0,42.4,84.7,25,1490,shot
romelu-lukaku,https://www.sofascore.com/belgium-italy/hUbsrUb#id:8594145,belgium,block,No information,assisted,3.8,56.3,0,right-foot,low-right,0,47.7,6.9,No information,No information,61,No information,3633,56.3,3.8,52.3,0,52.3,93.1,30,1767,shot
ciro-immobile,https://www.sofascore.com/belgium-italy/hUbsrUb#id:8594145,italy,block,No information,assisted,13.5,38.6,0,right-foot,low-centre,0,48.2,1.4,No information,No information,58,No information,3478,38.6,13.5,51.8,0,51.8,98.6,33,1922,shot
ciro-immobile,https://www.sofascore.com/belgium-italy/hUbsrUb#id:8594145,italy,miss,No information,assisted,12.4,51.2,0,right-foot,left,0,100,13.9,No information,No information,52,No information,3086,51.2,12.4,0,0,0,86.1,39,2314,shot
federico-chiesa,https://www.sofascore.com/belgium-italy/hUbsrUb#id:8594145,italy,miss,No information,assisted,19.2,51.5,0,right-foot,right,0,38,13.9,No information,No information,47,No information,2783,51.5,19.2,62,0,62,86.1,44,2617,shot
romelu-lukaku,https://www.sofascore.com/belgium-italy/hUbsrUb#id:8594145,belgium,goal,penalty,penalty,11.5,50,0,left-foot,low-centre,0,49.4,5.7,No information,No information,45,2,2803,50,11.5,50.6,0,50.6,94.3,1,2597,shot
lorenzo-insigne,https://www.sofascore.com/belgium-italy/hUbsrUb#id:8594145,italy,goal,regular,assisted,22.1,36.7,0,right-foot,high-right,0,46.1,23.4,No information,No information,44,No information,2593,36.7,22.1,53.9,0,53.9,76.6,2,107,shot
ciro-immobile,https://www.sofascore.com/belgium-italy/hUbsrUb#id:8594145,italy,block,No information,assisted,13.5,46.7,0,right-foot,low-centre,0,50.6,19,No information,No information,43,No information,2553,46.7,13.5,49.4,0,49.4,81,3,147,shot
federico-chiesa,https://www.sofascore.com/belgium-italy/hUbsrUb#id:8594145,italy,miss,No information,corner,19.8,51.1,0,right-foot,close-right,0,43,18.1,No information,No information,41,No information,2409,51.1,19.8,57,0,57,81.9,5,291,shot
nicolo-barella,https://www.sofascore.com/belgium-italy/hUbsrUb#id:8594145,italy,goal,regular,set-piece,9.6,65.4,0,right-foot,low-left,0,54.4,10.8,No information,No information,31,No information,1823,65.4,9.6,45.6,0,45.6,89.2,15,877,shot
federico-chiesa,https://www.sofascore.com/belgium-italy/hUbsrUb#id:8594145,italy,block,No information,assisted,17.2,65.1,0,left-foot,low-right,0,46.9,19,No information,No information,29,No information,1710,65.1,17.2,53.1,0,53.1,81,17,990,shot
lorenzo-insigne,https://www.sofascore.com/belgium-italy/hUbsrUb#id:8594145,italy,miss,No information,assisted,18.8,32.2,0,right-foot,close-high-right,0,42.9,59.7,No information,No information,27,No information,1600,32.2,18.8,57.1,0,57.1,40.3,19,1100,shot
federico-chiesa,https://www.sofascore.com/belgium-italy/hUbsrUb#id:8594145,italy,block,No information,assisted,7.3,33.9,0,left-foot,low-left,0,53.5,19,No information,No information,27,No information,1581,33.9,7.3,46.5,0,46.5,81,19,1119,shot
federico-chiesa,https://www.sofascore.com/belgium-italy/hUbsrUb#id:8594145,italy,miss,No information,fast-break,9.5,33.7,0,right-foot,right,0,32.3,26.4,No information,No information,27,No information,1561,33.7,9.5,67.7,0,67.7,73.6,19,1139,shot
romelu-lukaku,https://www.sofascore.com/belgium-italy/hUbsrUb#id:8594145,belgium,save,No information,fast-break,13.8,67.6,0,left-foot,low-left,0,52,4.4,No information,No information,26,No information,1507,67.6,13.8,48,0,48,95.6,20,1193,shot
kevin-de-bruyne,https://www.sofascore.com/belgium-italy/hUbsrUb#id:8594145,belgium,save,No information,regular,19.4,55.5,0,left-foot,low-left,0,52.3,19.6,No information,No information,22,No information,1295,55.5,19.4,47.7,0,47.7,80.4,24,1405,shot
kevin-de-bruyne,https://www.sofascore.com/belgium-italy/hUbsrUb#id:8594145,belgium,block,No information,corner,27.6,41.2,0,right-foot,low-centre,0,49.8,19,No information,No information,17,No information,964,41.2,27.6,50.2,0,50.2,81,29,1736,shot
youri-tielemans,https://www.sofascore.com/belgium-italy/hUbsrUb#id:8594145,belgium,block,No information,assisted,28.2,45,0,right-foot,low-left,0,53.5,19,No information,No information,16,No information,921,45,28.2,46.5,0,46.5,81,30,1779,shot
giovanni-di-lorenzo,https://www.sofascore.com/belgium-italy/hUbsrUb#id:8594145,italy,miss,No information,set-piece,7.3,49.7,0,left-foot,left,0,81.7,6.9,No information,No information,13,No information,761,49.7,7.3,18.3,0,18.3,93.1,33,1939,shot
toby-alderweireld,https://www.sofascore.com/belgium-italy/hUbsrUb#id:8594145,belgium,block,No information,corner,3,42.3,0,head,low-centre,0,51.6,19,No information,No information,3,No information,153,42.3,3,48.4,0,48.4,81,43,2547,shot

cyle-larin,https://www.sofascore.com/canada-belgium/rUbscVb#id:10230559,canada,block,No information,regular,9.8,43.3,0,head,low-left,0,52.8,19,No information,No information,90,2,5482,43.3,9.8,47.2,0,47.2,81,1,818,shot
kevin-de-bruyne,https://www.sofascore.com/canada-belgium/rUbscVb#id:10230559,belgium,save,No information,corner,5.6,73.4,0,right-foot,low-centre,0,48.7,2.5,No information,No information,90,1,5451,73.4,5.6,51.3,0,51.3,97.5,1,849,shot
thomas-meunier,https://www.sofascore.com/canada-belgium/rUbscVb#id:10230559,belgium,block,No information,assisted,22.2,68.2,0,right-foot,low-centre,0,49.6,19,No information,No information,90,1,5402,68.2,22.2,50.4,0,50.4,81,1,898,shot
cyle-larin,https://www.sofascore.com/canada-belgium/rUbscVb#id:10230559,canada,miss,No information,assisted,8.3,47.4,0,head,high-left,0,57.5,73.6,No information,No information,86,No information,5140,47.4,8.3,42.5,0,42.5,26.4,5,260,shot
kevin-de-bruyne,https://www.sofascore.com/canada-belgium/rUbscVb#id:10230559,belgium,miss,No information,assisted,21.9,50.3,0,right-foot,high-right,0,40.5,77.8,No information,No information,86,No information,5108,50.3,21.9,59.5,0,59.5,22.2,5,292,shot
leander-dendoncker,https://www.sofascore.com/canada-belgium/rUbscVb#id:10230559,belgium,miss,No information,set-piece,8.4,52.4,0,head,high,0,51.8,66.7,No information,No information,85,No information,5074,52.4,8.4,48.2,0,48.2,33.3,6,326,shot
cyle-larin,https://www.sofascore.com/canada-belgium/rUbscVb#id:10230559,canada,save,No information,assisted,11.5,56.1,0,head,low-left,0,52.9,17.7,No information,No information,80,No information,4769,56.1,11.5,47.1,0,47.1,82.3,11,631,shot
jonathan-david,https://www.sofascore.com/canada-belgium/rUbscVb#id:10230559,canada,block,No information,assisted,15.3,47.6,0,left-foot,low-centre,0,49.1,19,No information,No information,77,No information,4608,47.6,15.3,50.9,0,50.9,81,14,792,shot
michy-batshuayi,https://www.sofascore.com/canada-belgium/rUbscVb#id:10230559,belgium,block,No information,assisted,15.5,53.3,0,right-foot,low-left,0,53.9,19,No information,No information,67,No information,4000,53.3,15.5,46.1,0,46.1,81,24,1400,shot
richie-laryea,https://www.sofascore.com/canada-belgium/rUbscVb#id:10230559,canada,miss,No information,assisted,15.6,67.8,0,right-foot,right,0,40.7,22.2,No information,No information,67,No information,3961,67.8,15.6,59.3,0,59.3,77.8,24,1439,shot
tajon-buchanan,https://www.sofascore.com/canada-belgium/rUbscVb#id:10230559,canada,miss,No information,assisted,21,43,0,right-foot,high,0,51.8,87.5,No information,No information,63,No information,3734,43,21,48.2,0,48.2,12.5,28,1666,shot
stephen-eustaquio,https://www.sofascore.com/canada-belgium/rUbscVb#id:10230559,canada,miss,No information,assisted,21.3,66.3,0,right-foot,left,0,61.5,1.4,No information,No information,50,No information,2981,66.3,21.3,38.5,0,38.5,98.6,41,2419,shot
jonathan-david,https://www.sofascore.com/canada-belgium/rUbscVb#id:10230559,canada,miss,No information,assisted,9.1,45,0,head,left,0,59.7,19.4,No information,No information,48,No information,2871,45,9.1,40.3,0,40.3,80.6,43,2529,shot
stephen-eustaquio,https://www.sofascore.com/canada-belgium/rUbscVb#id:10230559,canada,block,No information,corner,19.3,49.5,0,right-foot,low-centre,0,49.8,19,No information,No information,45,4,2931,49.5,19.3,50.2,0,50.2,81,1,2469,shot
tajon-buchanan,https://www.sofascore.com/canada-belgium/rUbscVb#id:10230559,canada,miss,No information,assisted,7.5,53.6,0,left-foot,high,0,50.4,66.7,No information,No information,45,2,2812,53.6,7.5,49.6,0,49.6,33.3,1,2588,shot
michy-batshuayi,https://www.sofascore.com/canada-belgium/rUbscVb#id:10230559,belgium,goal,regular,assisted,8.8,44.7,0,left-foot,low-right,0,47.8,12.7,No information,No information,44,No information,2612,44.7,8.8,52.2,0,52.2,87.3,2,88,shot
michy-batshuayi,https://www.sofascore.com/canada-belgium/rUbscVb#id:10230559,belgium,miss,No information,assisted,8,65.4,0,right-foot,right,0,34.6,13.9,No information,No information,33,No information,1951,65.4,8,65.4,0,65.4,86.1,13,749,shot
jonathan-david,https://www.sofascore.com/canada-belgium/rUbscVb#id:10230559,canada,miss,No information,assisted,8.8,42.1,0,head,high-left,0,57.3,77.8,No information,No information,32,No information,1918,42.1,8.8,42.7,0,42.7,22.2,14,782,shot
jonathan-david,https://www.sofascore.com/canada-belgium/rUbscVb#id:10230559,canada,block,No information,assisted,14.4,48.8,0,right-foot,low-left,0,51.9,19,No information,No information,31,No information,1843,48.8,14.4,48.1,0,48.1,81,15,857,shot
alistair-johnston,https://www.sofascore.com/canada-belgium/rUbscVb#id:10230559,canada,save,No information,assisted,10.5,70.2,0,right-foot,low-right,0,47.7,18.4,No information,No information,30,No information,1756,70.2,10.5,52.3,0,52.3,81.6,16,944,shot
atiba-hutchinson,https://www.sofascore.com/canada-belgium/rUbscVb#id:10230559,canada,miss,No information,assisted,21.4,55.9,0,right-foot,right,0,40.5,23.6,No information,No information,27,No information,1568,55.9,21.4,59.5,0,59.5,76.4,19,1132,shot
michy-batshuayi,https://www.sofascore.com/canada-belgium/rUbscVb#id:10230559,belgium,block,No information,assisted,8.5,62.7,0,right-foot,low-right,0,47.1,19,No information,No information,23,No information,1353,62.7,8.5,52.9,0,52.9,81,23,1347,shot
junior-hoilett,https://www.sofascore.com/canada-belgium/rUbscVb#id:10230559,canada,miss,No information,assisted,13.5,66.6,0,left-foot,left,0,63.2,2.8,No information,No information,16,No information,929,66.6,13.5,36.8,0,36.8,97.2,30,1771,shot
jonathan-david,https://www.sofascore.com/canada-belgium/rUbscVb#id:10230559,canada,block,No information,regular,12.5,58.1,0,left-foot,low-centre,0,49.1,19,No information,No information,13,No information,771,58.1,12.5,50.9,0,50.9,81,33,1929,shot
richie-laryea,https://www.sofascore.com/canada-belgium/rUbscVb#id:10230559,canada,miss,No information,assisted,12,71.1,0,left-foot,close-right,0,41.2,2.8,No information,No information,13,No information,734,71.1,12,58.8,0,58.8,97.2,33,1966,shot
jonathan-david,https://www.sofascore.com/canada-belgium/rUbscVb#id:10230559,canada,miss,No information,set-piece,8.4,44.7,0,right-foot,high-right,0,40.3,83.3,No information,No information,11,No information,601,44.7,8.4,59.7,0,59.7,16.7,35,2099,shot
alphonso-davies,https://www.sofascore.com/canada-belgium/rUbscVb#id:10230559,canada,save,No information,penalty,11.5,50,0,left-foot,low-left,0,52.7,0.6,No information,No information,10,No information,599,50,11.5,47.3,0,47.3,99.4,36,2101,shot
tajon-buchanan,https://www.sofascore.com/canada-belgium/rUbscVb#id:10230559,canada,block,No information,corner,12.6,45.5,0,right-foot,low-centre,0,51.5,19,No information,No information,8,No information,429,45.5,12.6,48.5,0,48.5,81,38,2271,shot
jonathan-david,https://www.sofascore.com/canada-belgium/rUbscVb#id:10230559,canada,block,No information,assisted,8,53.3,0,right-foot,low-centre,0,49,19,No information,No information,7,No information,377,53.3,8,51,0,51,81,39,2323,shot
stephen-eustaquio,https://www.sofascore.com/canada-belgium/rUbscVb#id:10230559,canada,block,No information,assisted,10.7,63.7,0,right-foot,low-centre,0,49.7,19,No information,No information,2,No information,101,63.7,10.7,50.3,0,50.3,81,44,2599,shot
michy-batshuayi,https://www.sofascore.com/canada-belgium/rUbscVb#id:10230559,belgium,save,No information,regular,26.9,40.2,0,right-foot,low-centre,0,49.3,13.9,No information,No information,1,No information,50,40.2,26.9,50.7,0,50.7,86.1,45,2650,shot

tunjov-georgi,https://www.sofascore.com/estonia-belgium/rUbsjVb#id:10752455,estonia,miss,No information,assisted,25.4,69,0,left-foot,high-left,0,56.8,77.8,No information,No information,90,4,5609,69,25.4,43.2,0,43.2,22.2,1,691,shot
yannick-carrasco,https://www.sofascore.com/estonia-belgium/rUbsjVb#id:10752455,belgium,save,No information,fast-break,11.7,40,0,right-foot,low-left,0,52.1,0.6,No information,No information,90,3,5529,40,11.7,47.9,0,47.9,99.4,1,771,shot
johan-bakayoko,https://www.sofascore.com/estonia-belgium/rUbsjVb#id:10752455,belgium,goal,regular,assisted,14.6,57.6,0,left-foot,low-left,0,54,15.2,No information,No information,90,No information,5370,57.6,14.6,46,0,46,84.8,1,30,shot
henri-anier,https://www.sofascore.com/estonia-belgium/rUbsjVb#id:10752455,estonia,miss,No information,corner,18.7,61.2,0,left-foot,high,0,55,91.7,No information,No information,87,No information,5218,61.2,18.7,45,0,45,8.3,4,182,shot
youri-tielemans,https://www.sofascore.com/estonia-belgium/rUbsjVb#id:10752455,belgium,miss,No information,corner,24.8,27.7,0,right-foot,high-right,0,43.7,77.8,No information,No information,80,No information,4786,27.7,24.8,56.3,0,56.3,22.2,11,614,shot
arthur-theate,https://www.sofascore.com/estonia-belgium/rUbsjVb#id:10752455,belgium,miss,No information,regular,15.1,33.9,0,right-foot,high,0,49.7,76.4,No information,No information,76,No information,4548,33.9,15.1,50.3,0,50.3,23.6,15,852,shot
arthur-theate,https://www.sofascore.com/estonia-belgium/rUbsjVb#id:10752455,belgium,miss,No information,regular,13.6,32,0,left-foot,right,0,17.8,2.8,No information,No information,76,No information,4545,32,13.6,82.2,0,82.2,97.2,15,855,shot
johan-bakayoko,https://www.sofascore.com/estonia-belgium/rUbsjVb#id:10752455,belgium,block,No information,assisted,19.4,57.9,0,right-foot,low-centre,0,48.2,19,No information,No information,76,No information,4538,57.9,19.4,51.8,0,51.8,81,15,862,shot
michy-batshuayi,https://www.sofascore.com/estonia-belgium/rUbsjVb#id:10752455,belgium,miss,No information,assisted,15.2,60.6,0,right-foot,high,0,47.1,62.5,No information,No information,75,No information,4483,60.6,15.2,52.9,0,52.9,37.5,16,917,shot
taijo-teniste,https://www.sofascore.com/estonia-belgium/rUbsjVb#id:10752455,estonia,miss,No information,assisted,7.9,63.2,0,right-foot,left,0,99.5,13.9,No information,No information,56,No information,3345,63.2,7.9,0.5,0,0.5,86.1,35,2055,shot
timothy-castagne,https://www.sofascore.com/estonia-belgium/rUbsjVb#id:10752455,belgium,miss,No information,corner,15.5,33.2,0,right-foot,close-left,0,57,19.4,No information,No information,53,No information,3170,33.2,15.5,43,0,43,80.6,38,2230,shot
mike-tresor,https://www.sofascore.com/estonia-belgium/rUbsjVb#id:10752455,belgium,block,No information,assisted,9.2,50.4,0,left-foot,low-centre,0,50.9,19,No information,No information,53,No information,3135,50.4,9.2,49.1,0,49.1,81,38,2265,shot
rauno-sappinen,https://www.sofascore.com/estonia-belgium/rUbsjVb#id:10752455,estonia,miss,No information,assisted,11.4,27.2,0,right-foot,high-right,0,34.6,56.9,No information,No information,52,No information,3090,27.2,11.4,65.4,0,65.4,43.1,39,2310,shot
henrik-ojamaa,https://www.sofascore.com/estonia-belgium/rUbsjVb#id:10752455,estonia,miss,No information,throw-in-set-piece,13.1,24.7,0,right-foot,right,0,37.3,8.3,No information,No information,45,No information,2691,24.7,13.1,62.7,0,62.7,91.7,1,9,shot
henrik-ojamaa,https://www.sofascore.com/estonia-belgium/rUbsjVb#id:10752455,estonia,block,No information,assisted,17.5,45.7,0,left-foot,low-left,0,52.6,19,No information,No information,45,No information,2660,45.7,17.5,47.4,0,47.4,81,1,40,shot
henrik-ojamaa,https://www.sofascore.com/estonia-belgium/rUbsjVb#id:10752455,estonia,block,No information,assisted,23.4,54.6,0,left-foot,low-centre,0,51.6,16.7,No information,No information,45,No information,2652,54.6,23.4,48.4,0,48.4,83.3,1,48,shot
romelu-lukaku,https://www.sofascore.com/estonia-belgium/rUbsjVb#id:10752455,belgium,goal,regular,assisted,6.3,46,0,left-foot,low-centre,0,51.3,0.6,No information,No information,40,No information,2363,46,6.3,48.7,0,48.7,99.4,6,337,shot
romelu-lukaku,https://www.sofascore.com/estonia-belgium/rUbsjVb#id:10752455,belgium,goal,regular,assisted,5,55.7,0,left-foot,low-left,0,54.3,10.8,No information,No information,37,No information,2201,55.7,5,45.7,0,45.7,89.2,9,499,shot
marten-kuusk,https://www.sofascore.com/estonia-belgium/rUbsjVb#id:10752455,estonia,miss,No information,corner,6.4,55.2,0,head,high-right,0,44,91.7,No information,No information,31,No information,1804,55.2,6.4,56,0,56,8.3,15,896,shot
vlasiy-sinyavskiy,https://www.sofascore.com/estonia-belgium/rUbsjVb#id:10752455,estonia,save,No information,assisted,14.9,10.7,0,right-foot,low-left,0,53.8,3.8,No information,No information,30,No information,1760,10.7,14.9,46.2,0,46.2,96.2,16,940,shot
romelu-lukaku,https://www.sofascore.com/estonia-belgium/rUbsjVb#id:10752455,belgium,save,No information,fast-break,8.9,69.3,0,left-foot,low-centre,0,49,3.8,No information,No information,17,No information,977,69.3,8.9,51,0,51,96.2,29,1723,shot

hans-vanaken,https://www.sofascore.com/belarus-belgium/rUbsTUb#id:9223722,belgium,goal,regular,assisted,16.5,45.7,0,right-foot,low-centre,0,48.7,9.5,No information,No information,89,No information,5298,45.7,16.5,51.3,0,51.3,90.5,2,102,shot
leandro-trossard,https://www.sofascore.com/belarus-belgium/rUbsTUb#id:9223722,belgium,miss,No information,regular,14.5,42.3,0,left-foot,high-right,0,43.9,65.3,No information,No information,87,No information,5161,42.3,14.5,56.1,0,56.1,34.7,4,239,shot
christian-benteke,https://www.sofascore.com/belarus-belgium/rUbsTUb#id:9223722,belgium,block,No information,regular,14.2,46.2,0,right-foot,low-centre,0,49,19,No information,No information,84,No information,5010,46.2,14.2,51,0,51,81,7,390,shot
hans-vanaken,https://www.sofascore.com/belarus-belgium/rUbsTUb#id:9223722,belgium,save,No information,assisted,18.8,49.1,0,right-foot,low-right,0,46.8,17.1,No information,No information,83,No information,4963,49.1,18.8,53.2,0,53.2,82.9,8,437,shot
toby-alderweireld,https://www.sofascore.com/belarus-belgium/rUbsTUb#id:9223722,belgium,miss,No information,assisted,14.5,64.9,0,left-foot,close-right,0,42.7,20.8,No information,No information,82,No information,4862,64.9,14.5,57.3,0,57.3,79.2,9,538,shot
christian-benteke,https://www.sofascore.com/belarus-belgium/rUbsTUb#id:9223722,belgium,save,No information,regular,7.4,47.4,0,head,low-centre,0,51.3,11.4,No information,No information,80,No information,4776,47.4,7.4,48.7,0,48.7,88.6,11,624,shot
thorgan-hazard,https://www.sofascore.com/belarus-belgium/rUbsTUb#id:9223722,belgium,save,No information,assisted,20.1,38.8,0,right-foot,high-right,0,47,24.1,No information,No information,78,No information,4637,38.8,20.1,53,0,53,75.9,13,763,shot
leandro-trossard,https://www.sofascore.com/belarus-belgium/rUbsTUb#id:9223722,belgium,goal,regular,assisted,6.7,39.6,0,left-foot,low-left,0,53.1,1.9,No information,No information,75,No information,4497,39.6,6.7,46.9,0,46.9,98.1,16,903,shot
hans-vanaken,https://www.sofascore.com/belarus-belgium/rUbsTUb#id:9223722,belgium,save,No information,corner,3.2,58.6,0,head,low-centre,0,50,2.5,No information,No information,73,No information,4320,58.6,3.2,50,0,50,97.5,18,1080,shot
christian-benteke,https://www.sofascore.com/belarus-belgium/rUbsTUb#id:9223722,belgium,goal,regular,assisted,11.5,48.5,0,right-foot,low-right,0,47.2,4.4,No information,No information,70,No information,4167,48.5,11.5,52.8,0,52.8,95.6,21,1233,shot
thomas-meunier,https://www.sofascore.com/belarus-belgium/rUbsTUb#id:9223722,belgium,save,No information,assisted,7.1,67.6,0,right-foot,low-centre,0,50,5.7,No information,No information,69,No information,4088,67.6,7.1,50,0,50,94.3,22,1312,shot
signevich-nikolay,https://www.sofascore.com/belarus-belgium/rUbsTUb#id:9223722,belarus,miss,No information,regular,13.1,35.1,0,right-foot,right,0,0.5,8.3,No information,No information,66,No information,3958,35.1,13.1,99.5,0,99.5,91.7,25,1442,shot
lisakovich-vitali,https://www.sofascore.com/belarus-belgium/rUbsTUb#id:9223722,belarus,block,No information,regular,22.8,31.8,0,right-foot,low-centre,0,49,19,No information,No information,62,No information,3682,31.8,22.8,51,0,51,81,29,1718,shot
yuri-kendysh,https://www.sofascore.com/belarus-belgium/rUbsTUb#id:9223722,belarus,miss,No information,assisted,12.7,34.2,0,left-foot,close-right,0,43.2,5.6,No information,No information,54,No information,3187,34.2,12.7,56.8,0,56.8,94.4,37,2213,shot
michy-batshuayi,https://www.sofascore.com/belarus-belgium/rUbsTUb#id:9223722,belgium,miss,No information,regular,24.8,45.4,0,right-foot,high-right,0,39.2,50,No information,No information,50,No information,2998,45.4,24.8,60.8,0,60.8,50,41,2402,shot
hans-vanaken,https://www.sofascore.com/belarus-belgium/rUbsTUb#id:9223722,belgium,save,No information,assisted,17.5,40.8,0,right-foot,low-centre,0,48.4,5.7,No information,No information,50,No information,2975,40.8,17.5,51.6,0,51.6,94.3,41,2425,shot
dennis-praet,https://www.sofascore.com/belarus-belgium/rUbsTUb#id:9223722,belgium,goal,regular,assisted,24.1,39.6,0,right-foot,low-left,0,53.4,4.4,No information,No information,49,No information,2907,39.6,24.1,46.6,0,46.6,95.6,42,2493,shot
jeremy-doku,https://www.sofascore.com/belarus-belgium/rUbsTUb#id:9223722,belgium,goal,regular,fast-break,12.4,60.2,0,right-foot,low-centre,0,51.6,14.6,No information,No information,42,No information,2483,60.2,12.4,48.4,0,48.4,85.4,4,217,shot
leandro-trossard,https://www.sofascore.com/belarus-belgium/rUbsTUb#id:9223722,belgium,goal,regular,assisted,20.9,64.6,0,right-foot,high-left,0,53.8,24.7,No information,No information,38,No information,2246,64.6,20.9,46.2,0,46.2,75.3,8,454,shot
leandro-trossard,https://www.sofascore.com/belarus-belgium/rUbsTUb#id:9223722,belgium,miss,No information,assisted,7.3,56.1,0,left-foot,close-right,0,42.5,4.2,No information,No information,27,No information,1566,56.1,7.3,57.5,0,57.5,95.8,19,1134,shot
sergei-kislyak,https://www.sofascore.com/belarus-belgium/rUbsTUb#id:9223722,belarus,block,No information,set-piece,20.4,59.7,0,right-foot,low-centre,0,48.6,19,No information,No information,26,No information,1543,59.7,20.4,51.4,0,51.4,81,20,1157,shot
hans-vanaken,https://www.sofascore.com/belarus-belgium/rUbsTUb#id:9223722,belgium,goal,regular,assisted,6.1,49,0,right-foot,high-centre,0,49.4,24.7,No information,No information,17,No information,1004,49,6.1,50.6,0,50.6,75.3,29,1696,shot
michy-batshuayi,https://www.sofascore.com/belarus-belgium/rUbsTUb#id:9223722,belgium,goal,regular,assisted,8,32.6,0,left-foot,high-left,0,52.9,31.6,No information,No information,14,No information,801,32.6,8,47.1,0,47.1,68.4,32,1899,shot
michy-batshuayi,https://www.sofascore.com/belarus-belgium/rUbsTUb#id:9223722,belgium,save,No information,corner,3.6,51,0,right-foot,low-centre,0,49.7,10.1,No information,No information,5,No information,286,51,3.6,50.3,0,50.3,89.9,41,2414,shot
toby-alderweireld,https://www.sofascore.com/belarus-belgium/rUbsTUb#id:9223722,belgium,miss,No information,corner,3.7,64.7,0,right-foot,right,0,38.5,15.3,No information,No information,2,No information,85,64.7,3.7,61.5,0,61.5,84.7,44,2615,shot

jaromir-zmrhal,https://www.sofascore.com/belgium-czech-republic/oUbsrUb#id:9223794,czechia,miss,No information,assisted,6.8,50.2,0,head,high,0,52.4,61.1,No information,No information,90,2,5470,50.2,6.8,47.6,0,47.6,38.9,1,830,shot
tomas-wiesner,https://www.sofascore.com/belgium-czech-republic/oUbsrUb#id:9223794,czechia,miss,No information,assisted,14.6,67.7,0,right-foot,high,0,49.1,91.7,No information,No information,90,1,5404,67.7,14.6,50.9,0,50.9,8.3,1,896,shot
stanislav-tecl,https://www.sofascore.com/belgium-czech-republic/oUbsrUb#id:9223794,czechia,miss,No information,assisted,7.7,49.3,0,head,left,0,99.8,1.4,No information,No information,90,No information,5388,49.3,7.7,0.2,0,0.2,98.6,1,12,shot
tomas-wiesner,https://www.sofascore.com/belgium-czech-republic/oUbsrUb#id:9223794,czechia,block,No information,assisted,22.2,37.3,0,left-foot,low-centre,0,51.1,19,No information,No information,88,No information,5237,37.3,22.2,48.9,0,48.9,81,3,163,shot
toby-alderweireld,https://www.sofascore.com/belgium-czech-republic/oUbsrUb#id:9223794,belgium,miss,No information,regular,19.1,67.2,0,right-foot,high,0,52.4,95.8,No information,No information,87,No information,5218,67.2,19.1,47.6,0,47.6,4.2,4,182,shot
dodi-lukebakio,https://www.sofascore.com/belgium-czech-republic/oUbsrUb#id:9223794,belgium,block,No information,regular,20.1,34.3,0,left-foot,low-centre,0,50,19,No information,No information,84,No information,4987,34.3,20.1,50,0,50,81,7,413,shot
tomas-holes,https://www.sofascore.com/belgium-czech-republic/oUbsrUb#id:9223794,czechia,block,No information,assisted,16.2,44.3,0,right-foot,low-centre,0,49.2,19,No information,No information,75,No information,4494,44.3,16.2,50.8,0,50.8,81,16,906,shot
alexis-saelemaekers,https://www.sofascore.com/belgium-czech-republic/oUbsrUb#id:9223794,belgium,miss,No information,assisted,20.6,59.6,0,right-foot,close-left,0,58.2,13.9,No information,No information,70,No information,4170,59.6,20.6,41.8,0,41.8,86.1,21,1230,shot
romelu-lukaku,https://www.sofascore.com/belgium-czech-republic/oUbsrUb#id:9223794,belgium,save,No information,assisted,4.5,47.8,0,other,high-centre,0,50,26.6,No information,No information,67,No information,3965,47.8,4.5,50,0,50,73.4,24,1435,shot
alexis-saelemaekers,https://www.sofascore.com/belgium-czech-republic/oUbsrUb#id:9223794,belgium,goal,regular,assisted,11.8,60.5,0,right-foot,low-right,0,47.1,15.2,No information,No information,65,No information,3845,60.5,11.8,52.9,0,52.9,84.8,26,1555,shot
vladimir-coufal,https://www.sofascore.com/belgium-czech-republic/oUbsrUb#id:9223794,czechia,save,No information,corner,24,30.1,0,right-foot,low-left,0,51.9,2.5,No information,No information,63,No information,3757,30.1,24,48.1,0,48.1,97.5,28,1643,shot
adam-hlozek,https://www.sofascore.com/belgium-czech-republic/oUbsrUb#id:9223794,czechia,save,No information,assisted,15.1,61.2,0,left-foot,high-left,0,52.9,24.7,No information,No information,63,No information,3720,61.2,15.1,47.1,0,47.1,75.3,28,1680,shot
jakub-pesek,https://www.sofascore.com/belgium-czech-republic/oUbsrUb#id:9223794,czechia,block,No information,assisted,22.2,62.3,0,right-foot,low-centre,0,50,19,No information,No information,59,No information,3485,62.3,22.2,50,0,50,81,32,1915,shot
romelu-lukaku,https://www.sofascore.com/belgium-czech-republic/oUbsrUb#id:9223794,belgium,save,No information,assisted,7.6,64.8,0,right-foot,low-centre,0,51.2,17.7,No information,No information,55,No information,3275,64.8,7.6,48.8,0,48.8,82.3,36,2125,shot
matej-vydra,https://www.sofascore.com/belgium-czech-republic/oUbsrUb#id:9223794,czechia,save,No information,assisted,15.1,47.1,0,right-foot,low-centre,0,48.8,2.5,No information,No information,48,No information,2853,47.1,15.1,51.2,0,51.2,97.5,43,2547,shot
tomas-soucek,https://www.sofascore.com/belgium-czech-republic/oUbsrUb#id:9223794,czechia,save,No information,assisted,12.5,44.5,0,left-foot,low-centre,0,51.3,1.9,No information,No information,45,2,2793,44.5,12.5,48.7,0,48.7,98.1,1,2607,shot
eden-hazard,https://www.sofascore.com/belgium-czech-republic/oUbsrUb#id:9223794,belgium,goal,regular,assisted,10.1,37.7,0,left-foot,low-right,0,46.7,2.5,No information,No information,41,No information,2409,37.7,10.1,53.3,0,53.3,97.5,5,291,shot
toby-alderweireld,https://www.sofascore.com/belgium-czech-republic/oUbsrUb#id:9223794,belgium,miss,No information,corner,5.9,36.9,0,head,right,0,6.6,23.6,No information,No information,40,No information,2352,36.9,5.9,93.4,0,93.4,76.4,6,348,shot
hans-vanaken,https://www.sofascore.com/belgium-czech-republic/oUbsrUb#id:9223794,belgium,block,No information,assisted,18.3,47.5,0,left-foot,low-centre,0,51,19,No information,No information,36,No information,2116,47.5,18.3,49,0,49,81,10,584,shot
romelu-lukaku,https://www.sofascore.com/belgium-czech-republic/oUbsrUb#id:9223794,belgium,miss,No information,assisted,17,47.9,0,left-foot,high-left,0,58.5,70.8,No information,No information,32,No information,1915,47.9,17,41.5,0,41.5,29.2,14,785,shot
romelu-lukaku,https://www.sofascore.com/belgium-czech-republic/oUbsrUb#id:9223794,belgium,save,No information,assisted,10.3,66.1,0,right-foot,low-centre,0,50.6,18.4,No information,No information,31,No information,1801,66.1,10.3,49.4,0,49.4,81.6,15,899,shot
youri-tielemans,https://www.sofascore.com/belgium-czech-republic/oUbsrUb#id:9223794,belgium,miss,No information,assisted,20.8,63.6,0,right-foot,high-left,0,60,59.7,No information,No information,30,No information,1741,63.6,20.8,40,0,40,40.3,16,959,shot
romelu-lukaku,https://www.sofascore.com/belgium-czech-republic/oUbsrUb#id:9223794,belgium,miss,No information,assisted,7,49.3,0,head,high-right,0,36.5,52.8,No information,No information,23,No information,1322,49.3,7,63.5,0,63.5,47.2,23,1378,shot
yannick-carrasco,https://www.sofascore.com/belgium-czech-republic/oUbsrUb#id:9223794,belgium,block,No information,assisted,13.6,30.3,0,right-foot,low-left,0,53,19,No information,No information,20,No information,1191,30.3,13.6,47,0,47,81,26,1509,shot
yannick-carrasco,https://www.sofascore.com/belgium-czech-republic/oUbsrUb#id:9223794,belgium,miss,No information,assisted,13.1,30.3,0,right-foot,close-left,0,58,6.9,No information,No information,11,No information,620,30.3,13.1,42,0,42,93.1,35,2080,shot
romelu-lukaku,https://www.sofascore.com/belgium-czech-republic/oUbsrUb#id:9223794,belgium,goal,regular,assisted,16.4,61.5,0,left-foot,low-right,0,46.8,8.9,No information,No information,8,No information,472,61.5,16.4,53.2,0,53.2,91.1,38,2228,shot
vladimir-coufal,https://www.sofascore.com/belgium-czech-republic/oUbsrUb#id:9223794,czechia,miss,No information,corner,28.5,47.4,0,right-foot,left,0,83.7,11.1,No information,No information,8,No information,424,47.4,28.5,16.3,0,16.3,88.9,38,2276,shot
adam-hlozek,https://www.sofascore.com/belgium-czech-republic/oUbsrUb#id:9223794,czechia,block,No information,assisted,12.7,29.9,0,right-foot,low-centre,0,50,19,No information,No information,7,No information,377,29.9,12.7,50,0,50,81,39,2323,shot

eden-hazard,https://www.sofascore.com/belgium-finland/mUbsrUb#id:8513132,belgium,miss,No information,fast-break,14.2,40.6,0,right-foot,high-right,0,40.3,45.8,No information,No information,85,No information,5068,40.6,14.2,59.7,0,59.7,54.2,6,332,shot
nikolai-alho,https://www.sofascore.com/belgium-finland/mUbsrUb#id:8513132,finland,block,No information,set-piece,27.9,69.7,0,right-foot,low-centre,0,49.2,19,No information,No information,85,No information,5048,69.7,27.9,50.8,0,50.8,81,6,352,shot
romelu-lukaku,https://www.sofascore.com/belgium-finland/mUbsrUb#id:8513132,belgium,goal,regular,assisted,12.2,52.7,0,right-foot,low-right,0,47.4,2.5,No information,No information,81,No information,4841,52.7,12.2,52.6,0,52.6,97.5,10,559,shot
robin-lod,https://www.sofascore.com/belgium-finland/mUbsrUb#id:8513132,finland,miss,No information,assisted,24.7,52.8,0,left-foot,high,0,52.9,69.4,No information,No information,79,No information,4699,52.8,24.7,47.1,0,47.1,30.6,12,701,shot
teemu-pukki,https://www.sofascore.com/belgium-finland/mUbsrUb#id:8513132,finland,block,No information,assisted,14.1,34,0,right-foot,low-centre,0,50.9,19,No information,No information,78,No information,4631,34,14.1,49.1,0,49.1,81,13,769,shot
kevin-de-bruyne,https://www.sofascore.com/belgium-finland/mUbsrUb#id:8513132,belgium,miss,No information,assisted,11.6,52.7,0,right-foot,left,0,99.3,26.4,No information,No information,76,No information,4552,52.7,11.6,0.7,0,0.7,73.6,15,848,shot
lukas-hradecky,https://www.sofascore.com/belgium-finland/mUbsrUb#id:8513132,belgium,goal,own,corner,1.5,51.3,0,other,low-right,0,47.4,2.5,No information,No information,74,No information,4427,51.3,1.5,52.6,0,52.6,97.5,17,973,shot
thomas-vermaelen,https://www.sofascore.com/belgium-finland/mUbsrUb#id:8513132,belgium,post,No information,corner,8.7,51.3,0,head,right,0,44.6,29.1,No information,No information,74,No information,4425,51.3,8.7,55.4,0,55.4,70.9,17,975,shot
romelu-lukaku,https://www.sofascore.com/belgium-finland/mUbsrUb#id:8513132,belgium,block,No information,assisted,13.7,61,0,left-foot,low-right,0,47.8,19,No information,No information,72,No information,4286,61,13.7,52.2,0,52.2,81,19,1114,shot
joel-pohjanpalo,https://www.sofascore.com/belgium-finland/mUbsrUb#id:8513132,finland,block,No information,assisted,14.9,35.4,0,left-foot,low-left,0,52.9,19,No information,No information,64,No information,3809,35.4,14.9,47.1,0,47.1,81,27,1591,shot
eden-hazard,https://www.sofascore.com/belgium-finland/mUbsrUb#id:8513132,belgium,save,No information,assisted,9.4,43.5,0,left-foot,low-centre,0,49.9,0.6,No information,No information,63,No information,3761,43.5,9.4,50.1,0,50.1,99.4,28,1639,shot
glen-kamara,https://www.sofascore.com/belgium-finland/mUbsrUb#id:8513132,finland,save,No information,assisted,18.4,44.5,0,left-foot,low-centre,0,50,3.2,No information,No information,62,No information,3672,44.5,18.4,50,0,50,96.8,29,1728,shot
eden-hazard,https://www.sofascore.com/belgium-finland/mUbsrUb#id:8513132,belgium,save,No information,corner,10.9,58.4,0,right-foot,low-centre,0,49,2.5,No information,No information,58,No information,3447,58.4,10.9,51,0,51,97.5,33,1953,shot
nacer-chadli,https://www.sofascore.com/belgium-finland/mUbsrUb#id:8513132,belgium,save,No information,assisted,14.5,31.5,0,right-foot,low-centre,0,51.1,1.3,No information,No information,56,No information,3314,31.5,14.5,48.9,0,48.9,98.7,35,2086,shot
eden-hazard,https://www.sofascore.com/belgium-finland/mUbsrUb#id:8513132,belgium,miss,No information,corner,19.9,74.5,0,left-foot,close-right,0,41.5,4.2,No information,No information,53,No information,3171,74.5,19.9,58.5,0,58.5,95.8,38,2229,shot
jason-denayer,https://www.sofascore.com/belgium-finland/mUbsrUb#id:8513132,belgium,miss,No information,assisted,21.4,66.8,0,right-foot,high-right,0,39.8,87.5,No information,No information,51,No information,3016,66.8,21.4,60.2,0,60.2,12.5,40,2384,shot
teemu-pukki,https://www.sofascore.com/belgium-finland/mUbsrUb#id:8513132,finland,block,No information,assisted,12.7,32.5,0,left-foot,low-left,0,54.3,19,No information,No information,46,No information,2726,32.5,12.7,45.7,0,45.7,81,45,2674,shot
joel-pohjanpalo,https://www.sofascore.com/belgium-finland/mUbsrUb#id:8513132,finland,block,No information,assisted,9.8,36.1,0,right-foot,low-centre,0,51.8,8.3,No information,No information,46,No information,2717,36.1,9.8,48.2,0,48.2,91.7,45,2683,shot
jeremy-doku,https://www.sofascore.com/belgium-finland/mUbsrUb#id:8513132,belgium,save,No information,assisted,11.4,28.3,0,right-foot,low-right,0,48,8.2,No information,No information,42,No information,2485,28.3,11.4,52,0,52,91.8,4,215,shot
romelu-lukaku,https://www.sofascore.com/belgium-finland/mUbsrUb#id:8513132,belgium,block,No information,assisted,9.3,45.8,0,left-foot,low-centre,0,51,19,No information,No information,39,No information,2322,45.8,9.3,49,0,49,81,7,378,shot
romelu-lukaku,https://www.sofascore.com/belgium-finland/mUbsrUb#id:8513132,belgium,save,No information,assisted,10.2,47.9,0,head,low-centre,0,51,8.9,No information,No information,37,No information,2218,47.9,10.2,49,0,49,91.1,9,482,shot
jeremy-doku,https://www.sofascore.com/belgium-finland/mUbsrUb#id:8513132,belgium,block,No information,assisted,14,60,0,left-foot,low-centre,0,48.6,19,No information,No information,34,No information,2008,60,14,51.4,0,51.4,81,12,692,shot
leandro-trossard,https://www.sofascore.com/belgium-finland/mUbsrUb#id:8513132,belgium,miss,No information,assisted,22,59.6,0,left-foot,high,0,44.2,61.1,No information,No information,33,No information,1975,59.6,22,55.8,0,55.8,38.9,13,725,shot
axel-witsel,https://www.sofascore.com/belgium-finland/mUbsrUb#id:8513132,belgium,miss,No information,assisted,21.2,53.2,0,right-foot,high,0,45.9,80.6,No information,No information,32,No information,1862,53.2,21.2,54.1,0,54.1,19.4,14,838,shot
axel-witsel,https://www.sofascore.com/belgium-finland/mUbsrUb#id:8513132,belgium,save,No information,assisted,25.8,36.8,0,right-foot,low-left,0,52.9,1.3,No information,No information,23,No information,1344,36.8,25.8,47.1,0,47.1,98.7,23,1356,shot

divock-origi,https://www.sofascore.com/estonia-belgium/rUbsjVb#id:9223878,belgium,save,No information,fast-break,13.3,33.4,0,left-foot,low-centre,0,51.7,3.2,No information,No information,90,3,5565,33.4,13.3,48.3,0,48.3,96.8,1,735,shot
erik-sorga,https://www.sofascore.com/estonia-belgium/rUbsjVb#id:9223878,estonia,save,No information,assisted,21.5,58.1,0,left-foot,low-left,0,54,1.3,No information,No information,90,1,5435,58.1,21.5,46,0,46,98.7,1,865,shot
hans-vanaken,https://www.sofascore.com/estonia-belgium/rUbsjVb#id:9223878,belgium,block,No information,assisted,18.2,45.6,0,left-foot,low-centre,0,50.7,19,No information,No information,89,No information,5325,45.6,18.2,49.3,0,49.3,81,2,75,shot
markus-poom,https://www.sofascore.com/estonia-belgium/rUbsjVb#id:9223878,estonia,save,No information,assisted,18.3,72.3,0,left-foot,low-centre,0,49.6,1.9,No information,No information,76,No information,4549,72.3,18.3,50.4,0,50.4,98.1,15,851,shot
markus-poom,https://www.sofascore.com/estonia-belgium/rUbsjVb#id:9223878,estonia,miss,No information,regular,27.9,85.5,0,left-foot,right,0,39.3,4.2,No information,No information,76,No information,4540,85.5,27.9,60.7,0,60.7,95.8,15,860,shot
dries-mertens,https://www.sofascore.com/estonia-belgium/rUbsjVb#id:9223878,belgium,miss,No information,regular,23.4,59.8,0,right-foot,high-right,0,33.6,97.2,No information,No information,75,No information,4491,59.8,23.4,66.4,0,66.4,2.8,16,909,shot
thorgan-hazard,https://www.sofascore.com/estonia-belgium/rUbsjVb#id:9223878,belgium,goal,regular,assisted,2.9,54.2,0,head,low-centre,0,51.5,6.3,No information,No information,74,No information,4405,54.2,2.9,48.5,0,48.5,93.7,17,995,shot
erik-sorga,https://www.sofascore.com/estonia-belgium/rUbsjVb#id:9223878,estonia,goal,regular,regular,9.4,56.9,0,right-foot,low-left,0,53.3,7.6,No information,No information,70,No information,4163,56.9,9.4,46.7,0,46.7,92.4,21,1237,shot
rauno-sappinen,https://www.sofascore.com/estonia-belgium/rUbsjVb#id:9223878,estonia,save,No information,assisted,12.8,70.9,0,right-foot,low-centre,0,51,7,No information,No information,70,No information,4161,70.9,12.8,49,0,49,93,21,1239,shot
rauno-sappinen,https://www.sofascore.com/estonia-belgium/rUbsjVb#id:9223878,estonia,block,No information,set-piece,12.1,69.5,0,right-foot,low-centre,0,50.8,19,No information,No information,69,No information,4093,69.5,12.1,49.2,0,49.2,81,22,1307,shot
konstantin-vassiljev,https://www.sofascore.com/estonia-belgium/rUbsjVb#id:9223878,estonia,miss,No information,assisted,20.4,52.4,0,right-foot,left,0,60.2,5.6,No information,No information,64,No information,3796,52.4,20.4,39.8,0,39.8,94.4,27,1604,shot
kevin-de-bruyne,https://www.sofascore.com/estonia-belgium/rUbsjVb#id:9223878,belgium,miss,No information,assisted,19.2,33.6,0,right-foot,right,0,39.8,33.3,No information,No information,60,No information,3590,33.6,19.2,60.2,0,60.2,66.7,31,1810,shot
vlasiy-sinyavskiy,https://www.sofascore.com/estonia-belgium/rUbsjVb#id:9223878,estonia,save,No information,assisted,18.8,21.5,0,right-foot,low-centre,0,48.4,17.7,No information,No information,60,No information,3573,21.5,18.8,51.6,0,51.6,82.3,31,1827,shot
eden-hazard,https://www.sofascore.com/estonia-belgium/rUbsjVb#id:9223878,belgium,save,No information,assisted,10.8,35.1,0,right-foot,low-centre,0,50.7,3.2,No information,No information,59,No information,3498,35.1,10.8,49.3,0,49.3,96.8,32,1902,shot
joonas-tamm,https://www.sofascore.com/estonia-belgium/rUbsjVb#id:9223878,estonia,miss,No information,corner,6.7,56.5,0,head,left,0,77,2.8,No information,No information,55,No information,3277,56.5,6.7,23,0,23,97.2,36,2123,shot
sergei-zenjov,https://www.sofascore.com/estonia-belgium/rUbsjVb#id:9223878,estonia,block,No information,assisted,12,34,0,left-foot,low-centre,0,50.4,19,No information,No information,54,No information,3234,34,12,49.6,0,49.6,81,37,2166,shot
yannick-carrasco,https://www.sofascore.com/estonia-belgium/rUbsjVb#id:9223878,belgium,goal,regular,assisted,22.1,48.2,0,left-foot,high-left,0,53.2,26.6,No information,No information,53,No information,3123,48.2,22.1,46.8,0,46.8,73.4,38,2277,shot
christian-benteke,https://www.sofascore.com/estonia-belgium/rUbsjVb#id:9223878,belgium,save,No information,assisted,10.4,53.4,0,right-foot,low-centre,0,50,10.8,No information,No information,41,No information,2401,53.4,10.4,50,0,50,89.2,5,299,shot
yannick-carrasco,https://www.sofascore.com/estonia-belgium/rUbsjVb#id:9223878,belgium,miss,No information,assisted,26.5,41,0,right-foot,high-right,0,42.7,88.9,No information,No information,37,No information,2191,41,26.5,57.3,0,57.3,11.1,9,509,shot
jason-denayer,https://www.sofascore.com/estonia-belgium/rUbsjVb#id:9223878,belgium,miss,No information,corner,6.1,60.2,0,head,high,0,49.7,65.3,No information,No information,31,No information,1808,60.2,6.1,50.3,0,50.3,34.7,15,892,shot
christian-benteke,https://www.sofascore.com/estonia-belgium/rUbsjVb#id:9223878,belgium,save,No information,assisted,7.7,25.4,0,right-foot,low-left,0,52.8,2.5,No information,No information,29,No information,1698,25.4,7.7,47.2,0,47.2,97.5,17,1002,shot
markus-poom,https://www.sofascore.com/estonia-belgium/rUbsjVb#id:9223878,estonia,miss,No information,assisted,19.5,64.9,0,right-foot,close-left,0,58.5,6.9,No information,No information,26,No information,1544,64.9,19.5,41.5,0,41.5,93.1,20,1156,shot
hans-vanaken,https://www.sofascore.com/estonia-belgium/rUbsjVb#id:9223878,belgium,miss,No information,corner,5.5,47.6,0,right-foot,right,0,2.5,4.2,No information,No information,22,No information,1314,47.6,5.5,97.5,0,97.5,95.8,24,1386,shot
eden-hazard,https://www.sofascore.com/estonia-belgium/rUbsjVb#id:9223878,belgium,save,No information,corner,4.6,31.1,0,right-foot,low-right,0,47.1,3.2,No information,No information,22,No information,1313,31.1,4.6,52.9,0,52.9,96.8,24,1387,shot
christian-benteke,https://www.sofascore.com/estonia-belgium/rUbsjVb#id:9223878,belgium,save,No information,assisted,8.2,66.6,0,right-foot,low-centre,0,51.7,2.5,No information,No information,22,No information,1279,66.6,8.2,48.3,0,48.3,97.5,24,1421,shot
kevin-de-bruyne,https://www.sofascore.com/estonia-belgium/rUbsjVb#id:9223878,belgium,block,No information,corner,26.1,48.5,0,right-foot,low-right,0,46.9,19,No information,No information,22,No information,1264,48.5,26.1,53.1,0,53.1,81,24,1436,shot
christian-benteke,https://www.sofascore.com/estonia-belgium/rUbsjVb#id:9223878,belgium,post,No information,assisted,10.7,44.9,0,head,right,0,44.8,13.9,No information,No information,21,No information,1218,44.9,10.7,55.2,0,55.2,86.1,25,1482,shot
thomas-meunier,https://www.sofascore.com/estonia-belgium/rUbsjVb#id:9223878,belgium,block,No information,set-piece,3.9,38.7,0,right-foot,low-centre,0,51.8,19,No information,No information,15,No information,892,38.7,3.9,48.2,0,48.2,81,31,1808,shot
kevin-de-bruyne,https://www.sofascore.com/estonia-belgium/rUbsjVb#id:9223878,belgium,save,No information,free-kick,25.3,28.3,0,right-foot,high-left,0,54.2,27.8,No information,No information,15,No information,890,28.3,25.3,45.8,0,45.8,72.2,31,1810,shot
christian-benteke,https://www.sofascore.com/estonia-belgium/rUbsjVb#id:9223878,belgium,goal,regular,regular,3.4,50.9,0,right-foot,low-centre,0,50,2.5,No information,No information,11,No information,624,50.9,3.4,50,0,50,97.5,35,2076,shot
christian-benteke,https://www.sofascore.com/estonia-belgium/rUbsjVb#id:9223878,belgium,block,No information,assisted,6.9,66.3,0,left-foot,low-centre,0,50.3,19,No information,No information,5,No information,293,66.3,6.9,49.7,0,49.7,81,41,2407,shot

kevin-de-bruyne,https://www.sofascore.com/belgium-slovakia/XTbsrUb#id:11873978,belgium,miss,No information,assisted,9.1,65.4,0,right-foot,left,0,67.4,6.9,No information,No information,90,3,5566,65.4,9.1,32.6,0,32.6,93.1,1,734,shot
johan-bakayoko,https://www.sofascore.com/belgium-slovakia/XTbsrUb#id:11873978,belgium,miss,No information,corner,19.5,59.3,0,left-foot,high-left,0,71.6,40.3,No information,No information,90,1,5443,59.3,19.5,28.4,0,28.4,59.7,1,857,shot
amadou-onana,https://www.sofascore.com/belgium-slovakia/XTbsrUb#id:11873978,belgium,miss,No information,corner,11.4,43,0,head,right,0,38.7,11.1,No information,No information,80,No information,4794,43,11.4,61.3,0,61.3,88.9,11,606,shot
yannick-carrasco,https://www.sofascore.com/belgium-slovakia/XTbsrUb#id:11873978,belgium,block,No information,assisted,20.1,44.8,0,right-foot,low-left,0,51.9,18.1,No information,No information,80,No information,4758,44.8,20.1,48.1,0,48.1,81.9,11,642,shot
juraj-kucka,https://www.sofascore.com/belgium-slovakia/XTbsrUb#id:11873978,slovakia,miss,No information,assisted,23.1,63.2,0,left-foot,left,0,73.3,8.3,No information,No information,78,No information,4672,63.2,23.1,26.7,0,26.7,91.7,13,728,shot
david-strelec,https://www.sofascore.com/belgium-slovakia/XTbsrUb#id:11873978,slovakia,block,No information,assisted,8,59.3,0,right-foot,low-right,0,47.8,19,No information,No information,76,No information,4558,59.3,8,52.2,0,52.2,81,15,842,shot
kevin-de-bruyne,https://www.sofascore.com/belgium-slovakia/XTbsrUb#id:11873978,belgium,block,No information,assisted,19.6,65.5,0,right-foot,low-centre,0,49.5,19,No information,No information,67,No information,3977,65.5,19.6,50.5,0,50.5,81,24,1423,shot
johan-bakayoko,https://www.sofascore.com/belgium-slovakia/XTbsrUb#id:11873978,belgium,save,No information,regular,8.7,51,0,left-foot,low-centre,0,48.9,6.9,No information,No information,62,No information,3708,51,8.7,51.1,0,51.1,93.1,29,1692,shot
romelu-lukaku,https://www.sofascore.com/belgium-slovakia/XTbsrUb#id:11873978,belgium,miss,No information,regular,4.5,61.5,0,right-foot,close-right,0,43.4,12.5,No information,No information,61,No information,3658,61.5,4.5,56.6,0,56.6,87.5,30,1742,shot
yannick-carrasco,https://www.sofascore.com/belgium-slovakia/XTbsrUb#id:11873978,belgium,block,No information,corner,9.8,47.3,0,left-foot,low-centre,0,49.4,6.9,No information,No information,61,No information,3634,47.3,9.8,50.6,0,50.6,93.1,30,1766,shot
leandro-trossard,https://www.sofascore.com/belgium-slovakia/XTbsrUb#id:11873978,belgium,save,No information,assisted,21.2,57.7,0,right-foot,low-right,0,47.2,7.6,No information,No information,59,No information,3500,57.7,21.2,52.8,0,52.8,92.4,32,1900,shot
romelu-lukaku,https://www.sofascore.com/belgium-slovakia/XTbsrUb#id:11873978,belgium,save,No information,assisted,9.4,69.1,0,right-foot,low-right,0,46.2,19,No information,No information,55,No information,3295,69.1,9.4,53.8,0,53.8,81,36,2105,shot
denis-vavro,https://www.sofascore.com/belgium-slovakia/XTbsrUb#id:11873978,slovakia,miss,No information,assisted,31.9,49.9,0,right-foot,close-left,0,58.5,1.4,No information,No information,52,No information,3084,49.9,31.9,41.5,0,41.5,98.6,39,2316,shot
lukas-haraslin,https://www.sofascore.com/belgium-slovakia/XTbsrUb#id:11873978,slovakia,miss,No information,assisted,19.3,31.1,0,right-foot,right,0,37.5,38.9,No information,No information,47,No information,2801,31.1,19.3,62.5,0,62.5,61.1,44,2599,shot
juraj-kucka,https://www.sofascore.com/belgium-slovakia/XTbsrUb#id:11873978,slovakia,miss,No information,corner,3.5,61.1,0,head,high-right,0,39.7,68.1,No information,No information,45,3,2842,61.1,3.5,60.3,0,60.3,31.9,1,2558,shot
lukas-haraslin,https://www.sofascore.com/belgium-slovakia/XTbsrUb#id:11873978,slovakia,save,No information,assisted,15.1,47.3,0,right-foot,high-right,0,45.8,25.9,No information,No information,40,No information,2358,47.3,15.1,54.2,0,54.2,74.1,6,342,shot
amadou-onana,https://www.sofascore.com/belgium-slovakia/XTbsrUb#id:11873978,belgium,save,No information,corner,9.4,52.3,0,head,low-centre,0,50,19.6,No information,No information,36,No information,2115,52.3,9.4,50,0,50,80.4,10,585,shot
leandro-trossard,https://www.sofascore.com/belgium-slovakia/XTbsrUb#id:11873978,belgium,block,No information,regular,20.4,38.9,0,right-foot,low-centre,0,49.9,19,No information,No information,32,No information,1917,38.9,20.4,50.1,0,50.1,81,14,783,shot
robert-bozenik,https://www.sofascore.com/belgium-slovakia/XTbsrUb#id:11873978,slovakia,save,No information,assisted,19.2,50,0,right-foot,low-centre,0,49.3,1.3,No information,No information,31,No information,1836,50,19.2,50.7,0,50.7,98.7,15,864,shot
robert-bozenik,https://www.sofascore.com/belgium-slovakia/XTbsrUb#id:11873978,slovakia,block,No information,regular,15.5,63.4,0,right-foot,low-right,0,48,19,No information,No information,23,No information,1353,63.4,15.5,52,0,52,81,23,1347,shot
leandro-trossard,https://www.sofascore.com/belgium-slovakia/XTbsrUb#id:11873978,belgium,miss,No information,regular,26.5,31.9,0,right-foot,high,0,49.4,61.1,No information,No information,21,No information,1205,31.9,26.5,50.6,0,50.6,38.9,25,1495,shot
jeremy-doku,https://www.sofascore.com/belgium-slovakia/XTbsrUb#id:11873978,belgium,block,No information,assisted,12.1,74.8,0,left-foot,low-centre,0,51,19,No information,No information,16,No information,901,74.8,12.1,49,0,49,81,30,1799,shot
ivan-schranz,https://www.sofascore.com/belgium-slovakia/XTbsrUb#id:11873978,slovakia,goal,regular,regular,2.9,34,0,right-foot,low-right,0,47.8,3.8,No information,No information,7,No information,365,34,2.9,52.2,0,52.2,96.2,39,2335,shot
juraj-kucka,https://www.sofascore.com/belgium-slovakia/XTbsrUb#id:11873978,slovakia,save,No information,assisted,12.5,44.2,0,right-foot,low-left,0,52.5,18.4,No information,No information,7,No information,363,44.2,12.5,47.5,0,47.5,81.6,39,2337,shot
romelu-lukaku,https://www.sofascore.com/belgium-slovakia/XTbsrUb#id:11873978,belgium,save,No information,assisted,6,47.7,0,right-foot,low-centre,0,51.5,17.1,No information,No information,3,No information,133,47.7,6,48.5,0,48.5,82.9,43,2567,shot
kevin-de-bruyne,https://www.sofascore.com/belgium-slovakia/XTbsrUb#id:11873978,belgium,miss,No information,assisted,10.5,52.8,0,left-foot,left,0,65.7,5.6,No information,No information,3,No information,132,52.8,10.5,34.3,0,34.3,94.4,43,2568,shot

karol-swiderski,https://www.sofascore.com/belgium-poland/dUbsrUb#id:10023359,poland,miss,No information,corner,9.4,46.3,0,head,close-high-right,0,41,52.8,No information,No information,90,No information,5394,46.3,9.4,59,0,59,47.2,1,6,shot
karol-swiderski,https://www.sofascore.com/belgium-poland/dUbsrUb#id:10023359,poland,save,No information,assisted,5,57.5,0,head,high-right,0,45.9,24.1,No information,No information,90,No information,5364,57.5,5,54.1,0,54.1,75.9,1,36,shot
lois-openda,https://www.sofascore.com/belgium-poland/dUbsrUb#id:10023359,belgium,save,No information,assisted,8.1,33.8,0,right-foot,low-right,0,46.9,6.3,No information,No information,90,No information,5349,33.8,8.1,53.1,0,53.1,93.7,1,51,shot
kiwior-jakub,https://www.sofascore.com/belgium-poland/dUbsrUb#id:10023359,poland,miss,No information,assisted,15.7,50.3,0,left-foot,high,0,53.1,69.4,No information,No information,88,No information,5227,50.3,15.7,46.9,0,46.9,30.6,3,173,shot
kamil-glik,https://www.sofascore.com/belgium-poland/dUbsrUb#id:10023359,poland,block,No information,corner,12.4,38,0,head,low-centre,0,49.5,19,No information,No information,87,No information,5206,38,12.4,50.5,0,50.5,81,4,194,shot
karol-swiderski,https://www.sofascore.com/belgium-poland/dUbsrUb#id:10023359,poland,save,No information,regular,17.9,51,0,left-foot,high-centre,0,50,34.2,No information,No information,87,No information,5176,51,17.9,50,0,50,65.8,4,224,shot
szymon-zurkowski,https://www.sofascore.com/belgium-poland/dUbsrUb#id:10023359,poland,block,No information,assisted,15.4,53.6,0,left-foot,low-centre,0,49.9,19,No information,No information,84,No information,5034,53.6,15.4,50.1,0,50.1,81,7,366,shot
leandro-trossard,https://www.sofascore.com/belgium-poland/dUbsrUb#id:10023359,belgium,save,No information,assisted,8.7,36.1,0,left-foot,high-left,0,52.9,24.7,No information,No information,83,No information,4928,36.1,8.7,47.1,0,47.1,75.3,8,472,shot
hans-vanaken,https://www.sofascore.com/belgium-poland/dUbsrUb#id:10023359,belgium,save,No information,assisted,19.3,51,0,right-foot,low-centre,0,51.6,8.2,No information,No information,81,No information,4843,51,19.3,48.4,0,48.4,91.8,10,557,shot
leandro-trossard,https://www.sofascore.com/belgium-poland/dUbsrUb#id:10023359,belgium,miss,No information,assisted,20.2,56.7,0,left-foot,high-left,0,57.1,65.3,No information,No information,80,No information,4752,56.7,20.2,42.9,0,42.9,34.7,11,648,shot
kamil-glik,https://www.sofascore.com/belgium-poland/dUbsrUb#id:10023359,poland,miss,No information,corner,7.7,46.7,0,head,close-left,0,59.2,33.3,No information,No information,75,No information,4486,46.7,7.7,40.8,0,40.8,66.7,16,914,shot
robert-lewandowski,https://www.sofascore.com/belgium-poland/dUbsrUb#id:10023359,poland,block,No information,free-kick,22.5,36.6,0,right-foot,low-centre,0,49.3,19,No information,No information,75,No information,4448,36.6,22.5,50.7,0,50.7,81,16,952,shot
jan-vertonghen,https://www.sofascore.com/belgium-poland/dUbsrUb#id:10023359,belgium,miss,No information,assisted,12.4,32.8,0,left-foot,right,0,34.8,2.8,No information,No information,68,No information,4030,32.8,12.4,65.2,0,65.2,97.2,23,1370,shot
thorgan-hazard,https://www.sofascore.com/belgium-poland/dUbsrUb#id:10023359,belgium,miss,No information,corner,19.2,69.7,0,right-foot,close-left,0,58.8,4.2,No information,No information,52,No information,3086,69.7,19.2,41.2,0,41.2,95.8,39,2314,shot
timothy-castagne,https://www.sofascore.com/belgium-poland/dUbsrUb#id:10023359,belgium,block,No information,assisted,19.2,75.4,0,right-foot,low-centre,0,50.1,19,No information,No information,48,No information,2876,75.4,19.2,49.9,0,49.9,81,43,2524,shot
szymon-zurkowski,https://www.sofascore.com/belgium-poland/dUbsrUb#id:10023359,poland,block,No information,assisted,20.7,34.5,0,left-foot,low-left,0,53.9,19,No information,No information,46,No information,2755,34.5,20.7,46.1,0,46.1,81,45,2645,shot
nicola-zalewski,https://www.sofascore.com/belgium-poland/dUbsrUb#id:10023359,poland,miss,No information,assisted,8.9,39.4,0,right-foot,close-right,0,43.5,4.2,No information,No information,45,No information,2678,39.4,8.9,56.5,0,56.5,95.8,1,22,shot
michy-batshuayi,https://www.sofascore.com/belgium-poland/dUbsrUb#id:10023359,belgium,block,No information,assisted,9.9,37.9,0,right-foot,low-left,0,53.4,19,No information,No information,42,No information,2482,37.9,9.9,46.6,0,46.6,81,4,218,shot
axel-witsel,https://www.sofascore.com/belgium-poland/dUbsrUb#id:10023359,belgium,miss,No information,assisted,22.1,56.9,0,right-foot,high,0,53.9,65.3,No information,No information,40,No information,2349,56.9,22.1,46.1,0,46.1,34.7,6,351,shot
youri-tielemans,https://www.sofascore.com/belgium-poland/dUbsrUb#id:10023359,belgium,block,No information,assisted,19.2,31,0,right-foot,low-right,0,47.1,18.1,No information,No information,40,No information,2346,31,19.2,52.9,0,52.9,81.9,6,354,shot
sebastian-szymanski,https://www.sofascore.com/belgium-poland/dUbsrUb#id:10023359,poland,miss,No information,assisted,15.2,47,0,left-foot,high,0,48.9,63.9,No information,No information,30,No information,1798,47,15.2,51.1,0,51.1,36.1,16,902,shot
dries-mertens,https://www.sofascore.com/belgium-poland/dUbsrUb#id:10023359,belgium,block,No information,assisted,14.5,66.6,0,right-foot,low-centre,0,48.6,19,No information,No information,29,No information,1695,66.6,14.5,51.4,0,51.4,81,17,1005,shot
szymon-zurkowski,https://www.sofascore.com/belgium-poland/dUbsrUb#id:10023359,poland,miss,No information,assisted,30.9,45.8,0,right-foot,high-right,0,40.7,65.3,No information,No information,22,No information,1266,45.8,30.9,59.3,0,59.3,34.7,24,1434,shot
michy-batshuayi,https://www.sofascore.com/belgium-poland/dUbsrUb#id:10023359,belgium,goal,regular,assisted,7.6,51.2,0,head,low-right,0,46.1,5.7,No information,No information,16,No information,917,51.2,7.6,53.9,0,53.9,94.3,30,1783,shot

charles-de-ketelaere,https://www.sofascore.com/belgium-italy/hUbsrUb#id:9869231,belgium,goal,regular,fast-break,4.2,59.9,0,left-foot,low-right,0,46.8,6.3,No information,No information,86,No information,5152,59.9,4.2,53.2,0,53.2,93.7,5,248,shot
yannick-carrasco,https://www.sofascore.com/belgium-italy/hUbsrUb#id:9869231,belgium,block,No information,assisted,10.1,37.3,0,right-foot,low-left,0,51.9,5.6,No information,No information,84,No information,5026,37.3,10.1,48.1,0,48.1,94.4,7,374,shot
yannick-carrasco,https://www.sofascore.com/belgium-italy/hUbsrUb#id:9869231,belgium,post,No information,assisted,16.7,52.2,0,right-foot,right,0,44.6,1.9,No information,No information,82,No information,4864,52.2,16.7,55.4,0,55.4,98.1,9,536,shot
federico-chiesa,https://www.sofascore.com/belgium-italy/hUbsrUb#id:9869231,italy,block,No information,assisted,17.3,63.8,0,right-foot,low-centre,0,51,19,No information,No information,79,No information,4691,63.8,17.3,49,0,49,81,12,709,shot
kevin-de-bruyne,https://www.sofascore.com/belgium-italy/hUbsrUb#id:9869231,belgium,block,No information,regular,27.8,54.4,0,right-foot,low-right,0,48.2,19,No information,No information,78,No information,4649,54.4,27.8,51.8,0,51.8,81,13,751,shot
toby-alderweireld,https://www.sofascore.com/belgium-italy/hUbsrUb#id:9869231,belgium,save,No information,corner,14.5,65.8,0,left-foot,low-right,0,47.9,13.9,No information,No information,77,No information,4612,65.8,14.5,52.1,0,52.1,86.1,14,788,shot
kevin-de-bruyne,https://www.sofascore.com/belgium-italy/hUbsrUb#id:9869231,belgium,block,No information,assisted,14.2,37.6,0,right-foot,low-left,0,53,19,No information,No information,77,No information,4586,37.6,14.2,47,0,47,81,14,814,shot
michy-batshuayi,https://www.sofascore.com/belgium-italy/hUbsrUb#id:9869231,belgium,block,No information,assisted,14.8,67.9,0,left-foot,low-left,0,52.2,19,No information,No information,74,No information,4413,67.9,14.8,47.8,0,47.8,81,17,987,shot
toby-alderweireld,https://www.sofascore.com/belgium-italy/hUbsrUb#id:9869231,belgium,save,No information,assisted,12.5,57.6,0,right-foot,low-centre,0,51.7,7,No information,No information,69,No information,4122,57.6,12.5,48.3,0,48.3,93,22,1278,shot
domenico-berardi,https://www.sofascore.com/belgium-italy/hUbsrUb#id:9869231,italy,goal,penalty,penalty,11.5,50,0,left-foot,high-left,0,53.1,29.7,No information,No information,65,No information,3847,50,11.5,46.9,0,46.9,70.3,26,1553,shot
michy-batshuayi,https://www.sofascore.com/belgium-italy/hUbsrUb#id:9869231,belgium,block,No information,assisted,6.5,67.7,0,right-foot,high-centre,0,51.4,36.1,No information,No information,60,No information,3552,67.7,6.5,48.6,0,48.6,63.9,31,1848,shot
nicolo-barella,https://www.sofascore.com/belgium-italy/hUbsrUb#id:9869231,italy,goal,regular,corner,15.4,43.5,0,right-foot,low-left,0,53.7,0.6,No information,No information,46,No information,2759,43.5,15.4,46.3,0,46.3,99.4,45,2641,shot
manuel-locatelli,https://www.sofascore.com/belgium-italy/hUbsrUb#id:9869231,italy,block,No information,corner,4.6,69.6,0,head,low-centre,0,48.3,19,No information,No information,45,1,2750,69.6,4.6,51.7,0,51.7,81,1,2650,shot
federico-chiesa,https://www.sofascore.com/belgium-italy/hUbsrUb#id:9869231,italy,save,No information,assisted,10.5,41.5,0,right-foot,low-right,0,45.7,3.8,No information,No information,45,No information,2696,41.5,10.5,54.3,0,54.3,96.2,1,4,shot
federico-chiesa,https://www.sofascore.com/belgium-italy/hUbsrUb#id:9869231,italy,miss,No information,assisted,27.8,48.5,0,right-foot,right,0,40.5,34.7,No information,No information,42,No information,2467,48.5,27.8,59.5,0,59.5,65.3,4,233,shot
nicolo-barella,https://www.sofascore.com/belgium-italy/hUbsrUb#id:9869231,italy,miss,No information,regular,24.1,63.3,0,right-foot,close-high,0,55.1,58.3,No information,No information,32,No information,1882,63.3,24.1,44.9,0,44.9,41.7,14,818,shot
michy-batshuayi,https://www.sofascore.com/belgium-italy/hUbsrUb#id:9869231,belgium,block,No information,assisted,7.6,49.7,0,left-foot,low-centre,0,49.8,19,No information,No information,29,No information,1717,49.7,7.6,50.2,0,50.2,81,17,983,shot
federico-chiesa,https://www.sofascore.com/belgium-italy/hUbsrUb#id:9869231,italy,save,No information,assisted,15.8,64.1,0,left-foot,low-centre,0,50,1.3,No information,No information,27,No information,1618,64.1,15.8,50,0,50,98.7,19,1082,shot
alexis-saelemaekers,https://www.sofascore.com/belgium-italy/hUbsrUb#id:9869231,belgium,post,No information,assisted,14.8,50.4,0,right-foot,high,0,45,39.2,No information,No information,25,No information,1451,50.4,14.8,55,0,55,60.8,21,1249,shot
toby-alderweireld,https://www.sofascore.com/belgium-italy/hUbsrUb#id:9869231,belgium,save,No information,corner,3.3,35.9,0,head,low-centre,0,51,12,No information,No information,24,No information,1394,35.9,3.3,49,0,49,88,22,1306,shot
giacomo-raspadori,https://www.sofascore.com/belgium-italy/hUbsrUb#id:9869231,italy,block,No information,assisted,10.8,56.9,0,right-foot,low-right,0,47,19,No information,No information,20,No information,1195,56.9,10.8,53,0,53,81,26,1505,shot
domenico-berardi,https://www.sofascore.com/belgium-italy/hUbsrUb#id:9869231,italy,save,No information,assisted,22.9,70.5,0,left-foot,low-right,0,47.2,7,No information,No information,18,No information,1038,70.5,22.9,52.8,0,52.8,93,28,1662,shot
michy-batshuayi,https://www.sofascore.com/belgium-italy/hUbsrUb#id:9869231,belgium,miss,No information,regular,14.8,62.6,0,right-foot,close-high,0,46.7,56.9,No information,No information,7,No information,396,62.6,14.8,53.3,0,53.3,43.1,39,2304,shot
federico-chiesa,https://www.sofascore.com/belgium-italy/hUbsrUb#id:9869231,italy,miss,No information,corner,7.9,72.6,0,right-foot,close-high,0,52.4,59.7,No information,No information,3,No information,122,72.6,7.9,47.6,0,47.6,40.3,43,2578,shot
federico-chiesa,https://www.sofascore.com/belgium-italy/hUbsrUb#id:9869231,italy,block,No information,assisted,10.8,35.7,0,left-foot,low-centre,0,50.5,19,No information,No information,2,No information,82,35.7,10.8,49.5,0,49.5,81,44,2618,shot

aleksei-miranchuk,https://www.sofascore.com/belgium-russia/UTbsrUb#id:8513112,russia,miss,No information,free-kick,19.1,71.1,0,left-foot,close-high,0,45.9,56.9,No information,No information,90,1,5431,71.1,19.1,54.1,0,54.1,43.1,1,869,shot
romelu-lukaku,https://www.sofascore.com/belgium-russia/UTbsrUb#id:8513112,belgium,goal,regular,assisted,15.7,62.7,0,right-foot,low-right,0,47.2,1.3,No information,No information,88,No information,5266,62.7,15.7,52.8,0,52.8,98.7,3,134,shot
romelu-lukaku,https://www.sofascore.com/belgium-russia/UTbsrUb#id:8513112,belgium,block,No information,assisted,20.3,39.7,0,left-foot,low-left,0,52,19,No information,No information,55,No information,3292,39.7,20.3,48,0,48,81,36,2108,shot
aleksandr-golovin,https://www.sofascore.com/belgium-russia/UTbsrUb#id:8513112,russia,block,No information,regular,15.8,27.9,0,right-foot,low-centre,0,49.9,19,No information,No information,55,No information,3265,27.9,15.8,50.1,0,50.1,81,36,2135,shot
roman-zobnin,https://www.sofascore.com/belgium-russia/UTbsrUb#id:8513112,russia,miss,No information,assisted,25.2,61.8,0,right-foot,high-right,0,42.7,77.8,No information,No information,46,No information,2723,61.8,25.2,57.3,0,57.3,22.2,45,2677,shot
yannick-carrasco,https://www.sofascore.com/belgium-russia/UTbsrUb#id:8513112,belgium,miss,No information,regular,10,37.7,0,right-foot,close-high,0,48.6,59.7,No information,No information,45,3,2821,37.7,10,51.4,0,51.4,40.3,1,2579,shot
youri-tielemans,https://www.sofascore.com/belgium-russia/UTbsrUb#id:8513112,belgium,block,No information,assisted,19.1,66,0,left-foot,low-centre,0,51.6,19,No information,No information,45,No information,2684,66,19.1,48.4,0,48.4,81,1,16,shot
thomas-meunier,https://www.sofascore.com/belgium-russia/UTbsrUb#id:8513112,belgium,goal,regular,regular,10,56.5,0,left-foot,low-right,0,47,3.2,No information,No information,34,No information,1995,56.5,10,53,0,53,96.8,12,705,shot
toby-alderweireld,https://www.sofascore.com/belgium-russia/UTbsrUb#id:8513112,belgium,miss,No information,assisted,29.6,65.5,0,right-foot,high,0,51.9,68.1,No information,No information,29,No information,1726,65.5,29.6,48.1,0,48.1,31.9,17,974,shot
thorgan-hazard,https://www.sofascore.com/belgium-russia/UTbsrUb#id:8513112,belgium,save,No information,regular,4.3,38.8,0,left-foot,low-left,0,52.9,12.7,No information,No information,22,No information,1300,38.8,4.3,47.1,0,47.1,87.3,24,1400,shot
leander-dendoncker,https://www.sofascore.com/belgium-russia/UTbsrUb#id:8513112,belgium,miss,No information,assisted,14,53.4,0,right-foot,high,0,45.9,91.7,No information,No information,18,No information,1075,53.4,14,54.1,0,54.1,8.3,28,1625,shot
magomed-ozdoev,https://www.sofascore.com/belgium-russia/UTbsrUb#id:8513112,russia,miss,No information,assisted,18.2,48.2,0,right-foot,left,0,70.1,2.8,No information,No information,16,No information,925,48.2,18.2,29.9,0,29.9,97.2,30,1775,shot
mario-fernandes,https://www.sofascore.com/belgium-russia/UTbsrUb#id:8513112,russia,save,No information,corner,7.7,52.4,0,head,low-centre,0,48.4,14.6,No information,No information,14,No information,815,52.4,7.7,51.6,0,51.6,85.4,32,1885,shot
romelu-lukaku,https://www.sofascore.com/belgium-russia/UTbsrUb#id:8513112,belgium,goal,regular,regular,11.4,45.8,0,left-foot,low-right,0,46.7,5.1,No information,No information,10,No information,572,45.8,11.4,53.3,0,53.3,94.9,36,2128,shot

hugo-siquet,https://www.sofascore.com/estonia-belgium/rUbsjVb#id:10752502,belgium,miss,No information,regular,23.8,51.8,0,left-foot,close-right,0,42.2,13.9,No information,No information,90,1,5433,51.8,23.8,57.8,0,57.8,86.1,1,867,shot
charles-de-ketelaere,https://www.sofascore.com/estonia-belgium/rUbsjVb#id:10752502,belgium,goal,regular,assisted,3,35.7,0,left-foot,high-left,0,53.9,22.2,No information,No information,88,No information,5232,35.7,3,46.1,0,46.1,77.8,3,168,shot
dodi-lukebakio,https://www.sofascore.com/estonia-belgium/rUbsjVb#id:10752502,belgium,block,No information,corner,9.1,41.2,0,head,low-right,0,46.3,19,No information,No information,85,No information,5070,41.2,9.1,53.7,0,53.7,81,6,330,shot
zeno-debast,https://www.sofascore.com/estonia-belgium/rUbsjVb#id:10752502,belgium,miss,No information,corner,13.3,48.8,0,right-foot,right,0,10.3,16.7,No information,No information,85,No information,5056,48.8,13.3,89.7,0,89.7,83.3,6,344,shot
jeremy-doku,https://www.sofascore.com/estonia-belgium/rUbsjVb#id:10752502,belgium,block,No information,regular,5.3,32,0,right-foot,low-right,0,46.4,15.3,No information,No information,83,No information,4968,32,5.3,53.6,0,53.6,84.7,8,432,shot
lois-openda,https://www.sofascore.com/estonia-belgium/rUbsjVb#id:10752502,belgium,block,No information,assisted,25.4,56.4,0,right-foot,low-centre,0,51.3,19,No information,No information,80,No information,4784,56.4,25.4,48.7,0,48.7,81,11,616,shot
jeremy-doku,https://www.sofascore.com/estonia-belgium/rUbsjVb#id:10752502,belgium,block,No information,assisted,8.1,31.8,0,right-foot,low-centre,0,48.6,19,No information,No information,77,No information,4611,31.8,8.1,51.4,0,51.4,81,14,789,shot
dodi-lukebakio,https://www.sofascore.com/estonia-belgium/rUbsjVb#id:10752502,belgium,miss,No information,assisted,22.5,67.2,0,left-foot,left,0,63.7,37.5,No information,No information,75,No information,4468,67.2,22.5,36.3,0,36.3,62.5,16,932,shot
lois-openda,https://www.sofascore.com/estonia-belgium/rUbsjVb#id:10752502,belgium,save,No information,assisted,10.4,33.6,0,right-foot,low-centre,0,51.8,2.5,No information,No information,69,No information,4090,33.6,10.4,48.2,0,48.2,97.5,22,1310,shot
jeremy-doku,https://www.sofascore.com/estonia-belgium/rUbsjVb#id:10752502,belgium,miss,No information,assisted,10.4,28.9,0,right-foot,close-high,0,46.4,58.3,No information,No information,68,No information,4040,28.9,10.4,53.6,0,53.6,41.7,23,1360,shot
romelu-lukaku,https://www.sofascore.com/estonia-belgium/rUbsjVb#id:10752502,belgium,goal,regular,assisted,19.1,40.5,0,right-foot,low-right,0,46.1,3.2,No information,No information,58,No information,3464,40.5,19.1,53.9,0,53.9,96.8,33,1936,shot
romelu-lukaku,https://www.sofascore.com/estonia-belgium/rUbsjVb#id:10752502,belgium,goal,regular,assisted,11.4,64.3,0,right-foot,low-left,0,53.7,1.3,No information,No information,56,No information,3340,64.3,11.4,46.3,0,46.3,98.7,35,2060,shot
romelu-lukaku,https://www.sofascore.com/estonia-belgium/rUbsjVb#id:10752502,belgium,save,No information,regular,12,63.7,0,right-foot,low-left,0,52.1,10.1,No information,No information,49,No information,2904,63.7,12,47.9,0,47.9,89.9,42,2496,shot
jeremy-doku,https://www.sofascore.com/estonia-belgium/rUbsjVb#id:10752502,belgium,save,No information,regular,8.5,71.4,0,left-foot,low-centre,0,51.3,1.9,No information,No information,39,No information,2284,71.4,8.5,48.7,0,48.7,98.1,7,416,shot
yannick-carrasco,https://www.sofascore.com/estonia-belgium/rUbsjVb#id:10752502,belgium,miss,No information,assisted,8.3,32.2,0,left-foot,high,0,50.6,73.6,No information,No information,33,No information,1927,32.2,8.3,49.4,0,49.4,26.4,13,773,shot
amadou-onana,https://www.sofascore.com/estonia-belgium/rUbsjVb#id:10752502,belgium,miss,No information,assisted,28.9,47.2,0,right-foot,high,0,55.6,66.7,No information,No information,29,No information,1731,47.2,28.9,44.4,0,44.4,33.3,17,969,shot
romelu-lukaku,https://www.sofascore.com/estonia-belgium/rUbsjVb#id:10752502,belgium,save,No information,assisted,9.3,64.9,0,right-foot,low-centre,0,49,1.3,No information,No information,25,No information,1466,64.9,9.3,51,0,51,98.7,21,1234,shot
henri-anier,https://www.sofascore.com/estonia-belgium/rUbsjVb#id:10752502,estonia,post,No information,assisted,12.4,35.6,0,left-foot,high,0,53.3,38.6,No information,No information,24,No information,1425,35.6,12.4,46.7,0,46.7,61.4,22,1275,shot
orel-mangala,https://www.sofascore.com/estonia-belgium/rUbsjVb#id:10752502,belgium,block,No information,assisted,19.3,50.4,0,right-foot,low-centre,0,51,19,No information,No information,23,No information,1368,50.4,19.3,49,0,49,81,23,1332,shot
leandro-trossard,https://www.sofascore.com/estonia-belgium/rUbsjVb#id:10752502,belgium,goal,regular,assisted,12.8,62.9,0,right-foot,high-left,0,53.4,27.2,No information,No information,18,No information,1042,62.9,12.8,46.6,0,46.6,72.8,28,1658,shot
wout-faes,https://www.sofascore.com/estonia-belgium/rUbsjVb#id:10752502,belgium,miss,No information,corner,9.3,56.5,0,right-foot,close-right,0,42.7,11.1,No information,No information,9,No information,509,56.5,9.3,57.3,0,57.3,88.9,37,2191,shot
jan-vertonghen,https://www.sofascore.com/estonia-belgium/rUbsjVb#id:10752502,belgium,goal,regular,corner,6.9,48.6,0,head,low-left,0,52.2,13.9,No information,No information,4,No information,203,48.6,6.9,47.8,0,47.8,86.1,42,2497,shot
orel-mangala,https://www.sofascore.com/estonia-belgium/rUbsjVb#id:10752502,belgium,save,No information,assisted,5.3,33.4,0,left-foot,low-left,0,54.1,19,No information,No information,3,No information,153,33.4,5.3,45.9,0,45.9,81,43,2547,shot

joao-felix,https://www.sofascore.com/belgium-portugal/eUbsrUb#id:8594144,portugal,miss,No information,assisted,18.1,38,0,right-foot,close-left,0,57.5,6.9,No information,No information,90,5,5650,38,18.1,42.5,0,42.5,93.1,1,650,shot
bruno-fernandes,https://www.sofascore.com/belgium-portugal/eUbsrUb#id:8594144,portugal,miss,No information,assisted,25.8,50.9,0,right-foot,high,0,55.1,86.1,No information,No information,90,2,5491,50.9,25.8,44.9,0,44.9,13.9,1,809,shot
andre-silva,https://www.sofascore.com/belgium-portugal/eUbsrUb#id:8594144,portugal,save,No information,assisted,2.7,56.9,0,right-foot,low-centre,0,51.3,2.5,No information,No information,88,No information,5262,56.9,2.7,48.7,0,48.7,97.5,3,138,shot
cristiano-ronaldo,https://www.sofascore.com/belgium-portugal/eUbsrUb#id:8594144,portugal,block,No information,assisted,9.7,72.8,0,left-foot,low-centre,0,51.7,19,No information,No information,85,No information,5054,72.8,9.7,48.3,0,48.3,81,6,346,shot
romelu-lukaku,https://www.sofascore.com/belgium-portugal/eUbsrUb#id:8594144,belgium,miss,No information,free-kick,24.2,70.3,0,left-foot,high,0,45.5,72.2,No information,No information,84,No information,5026,70.3,24.2,54.5,0,54.5,27.8,7,374,shot
raphael-guerreiro,https://www.sofascore.com/belgium-portugal/eUbsrUb#id:8594144,portugal,post,No information,regular,17.9,43.7,0,right-foot,right,0,44.7,1.9,No information,No information,83,No information,4962,43.7,17.9,55.3,0,55.3,98.1,8,438,shot
joao-felix,https://www.sofascore.com/belgium-portugal/eUbsrUb#id:8594144,portugal,miss,No information,regular,24.5,28.5,0,right-foot,high-right,0,32.8,87.5,No information,No information,82,No information,4910,28.5,24.5,67.2,0,67.2,12.5,9,490,shot
ruben-dias,https://www.sofascore.com/belgium-portugal/eUbsrUb#id:8594144,portugal,save,No information,corner,8.6,51.2,0,head,high-centre,0,50.2,22.8,No information,No information,82,No information,4887,51.2,8.6,49.8,0,49.8,77.2,9,513,shot
andre-silva,https://www.sofascore.com/belgium-portugal/eUbsrUb#id:8594144,portugal,miss,No information,assisted,8.4,45.6,0,head,high,0,51.3,81.9,No information,No information,80,No information,4789,45.6,8.4,48.7,0,48.7,18.1,11,611,shot
cristiano-ronaldo,https://www.sofascore.com/belgium-portugal/eUbsrUb#id:8594144,portugal,block,No information,free-kick,28.1,51.3,0,right-foot,low-left,0,53.5,19,No information,No information,74,No information,4381,51.3,28.1,46.5,0,46.5,81,17,1019,shot
renato-sanches,https://www.sofascore.com/belgium-portugal/eUbsrUb#id:8594144,portugal,miss,No information,assisted,26.5,43.9,0,right-foot,left,0,62.2,6.9,No information,No information,68,No information,4062,43.9,26.5,37.8,0,37.8,93.1,23,1338,shot
romelu-lukaku,https://www.sofascore.com/belgium-portugal/eUbsrUb#id:8594144,belgium,miss,No information,assisted,17.7,35.1,0,left-foot,close-high-right,0,42.5,58.3,No information,No information,63,No information,3738,35.1,17.7,57.5,0,57.5,41.7,28,1662,shot
bruno-fernandes,https://www.sofascore.com/belgium-portugal/eUbsrUb#id:8594144,portugal,miss,No information,assisted,25.2,55.3,0,right-foot,high,0,50.1,84.7,No information,No information,62,No information,3681,55.3,25.2,49.9,0,49.9,15.3,29,1719,shot
joao-felix,https://www.sofascore.com/belgium-portugal/eUbsrUb#id:8594144,portugal,save,No information,assisted,8.3,54.5,0,head,low-right,0,46.4,14.6,No information,No information,61,No information,3613,54.5,8.3,53.6,0,53.6,85.4,30,1787,shot
diogo-jota,https://www.sofascore.com/belgium-portugal/eUbsrUb#id:8594144,portugal,miss,No information,assisted,12.1,45.4,0,right-foot,high,0,47.7,66.7,No information,No information,58,No information,3450,45.4,12.1,52.3,0,52.3,33.3,33,1950,shot
cristiano-ronaldo,https://www.sofascore.com/belgium-portugal/eUbsrUb#id:8594144,portugal,block,No information,assisted,26.4,52.4,0,right-foot,low-centre,0,49.5,19,No information,No information,54,No information,3212,52.4,26.4,50.5,0,50.5,81,37,2188,shot
joao-moutinho,https://www.sofascore.com/belgium-portugal/eUbsrUb#id:8594144,portugal,block,No information,assisted,21.6,34.9,0,left-foot,low-centre,0,51.2,19,No information,No information,52,No information,3111,34.9,21.6,48.8,0,48.8,81,39,2289,shot
joao-palhinha,https://www.sofascore.com/belgium-portugal/eUbsrUb#id:8594144,portugal,miss,No information,regular,18.7,45,0,left-foot,high-left,0,59.5,95.8,No information,No information,45,3,2825,45,18.7,40.5,0,40.5,4.2,1,2575,shot
thorgan-hazard,https://www.sofascore.com/belgium-portugal/eUbsrUb#id:8594144,belgium,goal,regular,assisted,21.9,29.3,0,right-foot,low-right,0,48,17.7,No information,No information,42,No information,2490,29.3,21.9,52,0,52,82.3,4,210,shot
raphael-guerreiro,https://www.sofascore.com/belgium-portugal/eUbsrUb#id:8594144,portugal,miss,No information,corner,26.8,51.1,0,left-foot,right,0,40.5,5.6,No information,No information,41,No information,2410,51.1,26.8,59.5,0,59.5,94.4,5,290,shot
thomas-meunier,https://www.sofascore.com/belgium-portugal/eUbsrUb#id:8594144,belgium,miss,No information,assisted,20.7,65.5,0,right-foot,close-high-left,0,58.8,56.9,No information,No information,37,No information,2205,65.5,20.7,41.2,0,41.2,43.1,9,495,shot
joao-palhinha,https://www.sofascore.com/belgium-portugal/eUbsrUb#id:8594144,portugal,block,No information,set-piece,11.4,47.9,0,head,low-centre,0,48.9,19,No information,No information,37,No information,2160,47.9,11.4,51.1,0,51.1,81,9,540,shot
joao-palhinha,https://www.sofascore.com/belgium-portugal/eUbsrUb#id:8594144,portugal,miss,No information,assisted,22.2,29.9,0,right-foot,high,0,44.9,81.9,No information,No information,27,No information,1596,29.9,22.2,55.1,0,55.1,18.1,19,1104,shot
joao-palhinha,https://www.sofascore.com/belgium-portugal/eUbsrUb#id:8594144,portugal,miss,No information,set-piece,9.4,41.5,0,head,right,0,40.2,16.7,No information,No information,25,No information,1463,41.5,9.4,59.8,0,59.8,83.3,21,1237,shot
cristiano-ronaldo,https://www.sofascore.com/belgium-portugal/eUbsrUb#id:8594144,portugal,save,No information,free-kick,23,75,0,right-foot,low-left,0,53.3,8.2,No information,No information,25,No information,1461,75,23,46.7,0,46.7,91.8,21,1239,shot
renato-sanches,https://www.sofascore.com/belgium-portugal/eUbsrUb#id:8594144,portugal,miss,No information,assisted,29.2,41,0,right-foot,right,0,40.7,2.8,No information,No information,22,No information,1295,41,29.2,59.3,0,59.3,97.2,24,1405,shot
thorgan-hazard,https://www.sofascore.com/belgium-portugal/eUbsrUb#id:8594144,belgium,block,No information,assisted,16.1,32,0,right-foot,low-left,0,52.4,19,No information,No information,19,No information,1102,32,16.1,47.6,0,47.6,81,27,1598,shot
eden-hazard,https://www.sofascore.com/belgium-portugal/eUbsrUb#id:8594144,belgium,miss,No information,assisted,20.7,35.9,0,right-foot,high-right,0,31.1,87.5,No information,No information,10,No information,573,35.9,20.7,68.9,0,68.9,12.5,36,2127,shot
diogo-jota,https://www.sofascore.com/belgium-portugal/eUbsrUb#id:8594144,portugal,miss,No information,fast-break,12.2,40.4,0,left-foot,right,0,40,5.6,No information,No information,6,No information,304,40.4,12.2,60,0,60,94.4,40,2396,shot

michy-batshuayi,https://www.sofascore.com/belgium-netherlands/fUbsrUb#id:10023414,belgium,goal,regular,corner,4.1,47.4,0,right-foot,low-left,0,52.1,17.1,No information,No information,90,3,5530,47.4,4.1,47.9,0,47.9,82.9,1,770,shot
yannick-carrasco,https://www.sofascore.com/belgium-netherlands/fUbsrUb#id:10023414,belgium,save,No information,assisted,10.3,28.2,0,left-foot,high-left,0,53,20.9,No information,No information,90,2,5510,28.2,10.3,47,0,47,79.1,1,790,shot
memphis-depay,https://www.sofascore.com/belgium-netherlands/fUbsrUb#id:10023414,netherlands,miss,No information,assisted,46,36.1,0,right-foot,high,0,51.4,73.6,No information,No information,90,2,5479,36.1,46,48.6,0,48.6,26.4,1,821,shot
yannick-carrasco,https://www.sofascore.com/belgium-netherlands/fUbsrUb#id:10023414,belgium,block,No information,regular,20.4,32.4,0,right-foot,low-centre,0,48.8,19,No information,No information,81,No information,4807,32.4,20.4,51.2,0,51.2,81,10,593,shot
dries-mertens,https://www.sofascore.com/belgium-netherlands/fUbsrUb#id:10023414,belgium,post,No information,assisted,2.6,67.4,0,right-foot,right,0,44.7,16.5,No information,No information,81,No information,4803,67.4,2.6,55.3,0,55.3,83.5,10,597,shot
dries-mertens,https://www.sofascore.com/belgium-netherlands/fUbsrUb#id:10023414,belgium,save,No information,assisted,25.2,38.6,0,right-foot,low-left,0,52.6,13.3,No information,No information,72,No information,4282,38.6,25.2,47.4,0,47.4,86.7,19,1118,shot
kevin-de-bruyne,https://www.sofascore.com/belgium-netherlands/fUbsrUb#id:10023414,belgium,save,No information,regular,27,57,0,left-foot,high-centre,0,50.7,27.8,No information,No information,70,No information,4142,57,27,49.3,0,49.3,72.2,21,1258,shot
memphis-depay,https://www.sofascore.com/belgium-netherlands/fUbsrUb#id:10023414,netherlands,goal,regular,assisted,12.9,55.4,0,right-foot,low-left,0,52.3,0.6,No information,No information,65,No information,3895,55.4,12.9,47.7,0,47.7,99.4,26,1505,shot
denzel-dumfries,https://www.sofascore.com/belgium-netherlands/fUbsrUb#id:10023414,netherlands,goal,regular,assisted,4.3,55.1,0,left-foot,low-centre,0,48.4,1.3,No information,No information,61,No information,3656,55.1,4.3,51.6,0,51.6,98.7,30,1744,shot
steven-berghuis,https://www.sofascore.com/belgium-netherlands/fUbsrUb#id:10023414,netherlands,save,No information,assisted,24.1,49.4,0,left-foot,low-left,0,53.5,13.3,No information,No information,61,No information,3652,49.4,24.1,46.5,0,46.5,86.7,30,1748,shot
leandro-trossard,https://www.sofascore.com/belgium-netherlands/fUbsrUb#id:10023414,belgium,save,No information,assisted,12.1,37.4,0,left-foot,low-right,0,47.4,3.2,No information,No information,61,No information,3618,37.4,12.1,52.6,0,52.6,96.8,30,1782,shot
jan-vertonghen,https://www.sofascore.com/belgium-netherlands/fUbsrUb#id:10023414,belgium,miss,No information,corner,9.8,44.7,0,left-foot,high,0,51.1,72.2,No information,No information,53,No information,3130,44.7,9.8,48.9,0,48.9,27.8,38,2270,shot
toby-alderweireld,https://www.sofascore.com/belgium-netherlands/fUbsrUb#id:10023414,belgium,block,No information,corner,13.7,50.5,0,head,low-centre,0,50.8,19,No information,No information,53,No information,3129,50.5,13.7,49.2,0,49.2,81,38,2271,shot
kevin-de-bruyne,https://www.sofascore.com/belgium-netherlands/fUbsrUb#id:10023414,belgium,block,No information,corner,24.6,28.3,0,right-foot,low-centre,0,48.3,19,No information,No information,52,No information,3103,28.3,24.6,51.7,0,51.7,81,39,2297,shot
memphis-depay,https://www.sofascore.com/belgium-netherlands/fUbsrUb#id:10023414,netherlands,goal,regular,fast-break,11.8,57.1,0,right-foot,low-centre,0,51.6,1.3,No information,No information,51,No information,3011,57.1,11.8,48.4,0,48.4,98.7,40,2389,shot
steven-bergwijn,https://www.sofascore.com/belgium-netherlands/fUbsrUb#id:10023414,netherlands,goal,regular,assisted,25.7,49.2,0,right-foot,low-right,0,45.7,9.5,No information,No information,40,No information,2393,49.2,25.7,54.3,0,54.3,90.5,6,307,shot
kevin-de-bruyne,https://www.sofascore.com/belgium-netherlands/fUbsrUb#id:10023414,belgium,save,No information,free-kick,24.6,32.6,0,right-foot,high-left,0,51.9,27.2,No information,No information,40,No information,2344,32.6,24.6,48.1,0,48.1,72.8,6,356,shot
memphis-depay,https://www.sofascore.com/belgium-netherlands/fUbsrUb#id:10023414,netherlands,save,No information,assisted,21.8,32.1,0,right-foot,low-centre,0,48.7,7,No information,No information,37,No information,2177,32.1,21.8,51.3,0,51.3,93,9,523,shot
steven-bergwijn,https://www.sofascore.com/belgium-netherlands/fUbsrUb#id:10023414,netherlands,block,No information,assisted,19,45.5,0,right-foot,low-centre,0,51.3,19,No information,No information,36,No information,2152,45.5,19,48.7,0,48.7,81,10,548,shot
steven-berghuis,https://www.sofascore.com/belgium-netherlands/fUbsrUb#id:10023414,netherlands,miss,No information,assisted,18.5,50.9,0,left-foot,high,0,55.8,66.7,No information,No information,33,No information,1979,50.9,18.5,44.2,0,44.2,33.3,13,721,shot
steven-bergwijn,https://www.sofascore.com/belgium-netherlands/fUbsrUb#id:10023414,netherlands,block,No information,fast-break,15,66.2,0,right-foot,low-right,0,46.8,19,No information,No information,31,No information,1837,66.2,15,53.2,0,53.2,81,15,863,shot
memphis-depay,https://www.sofascore.com/belgium-netherlands/fUbsrUb#id:10023414,netherlands,block,No information,fast-break,9.3,35.5,0,right-foot,low-centre,0,50.1,19,No information,No information,30,No information,1745,35.5,9.3,49.9,0,49.9,81,16,955,shot
daley-blind,https://www.sofascore.com/belgium-netherlands/fUbsrUb#id:10023414,netherlands,miss,No information,assisted,13.1,37.6,0,left-foot,close-right,0,42.5,1.4,No information,No information,29,No information,1692,37.6,13.1,57.5,0,57.5,98.6,17,1008,shot
steven-bergwijn,https://www.sofascore.com/belgium-netherlands/fUbsrUb#id:10023414,netherlands,block,No information,corner,18.5,44.3,0,right-foot,low-centre,0,49.7,19,No information,No information,28,No information,1649,44.3,18.5,50.3,0,50.3,81,18,1051,shot
memphis-depay,https://www.sofascore.com/belgium-netherlands/fUbsrUb#id:10023414,netherlands,miss,No information,assisted,14.8,40.3,0,right-foot,close-left,0,57.3,23.6,No information,No information,17,No information,1011,40.3,14.8,42.7,0,42.7,76.4,29,1689,shot
steven-berghuis,https://www.sofascore.com/belgium-netherlands/fUbsrUb#id:10023414,netherlands,save,No information,regular,8.4,63,0,right-foot,low-left,0,52.4,0.6,No information,No information,16,No information,938,63,8.4,47.6,0,47.6,99.4,30,1762,shot
kevin-de-bruyne,https://www.sofascore.com/belgium-netherlands/fUbsrUb#id:10023414,belgium,miss,No information,assisted,13,68,0,right-foot,high-left,0,60.3,44.4,No information,No information,14,No information,834,68,13,39.7,0,39.7,55.6,32,1866,shot
timothy-castagne,https://www.sofascore.com/belgium-netherlands/fUbsrUb#id:10023414,belgium,post,No information,regular,7.8,33.8,0,left-foot,high,0,55,39.2,No information,No information,13,No information,752,33.8,7.8,45,0,45,60.8,33,1948,shot

albin-ekdal,https://www.sofascore.com/belgium-sweden/NTbsrUb#id:10752542,sweden,miss,No information,assisted,19.5,64.6,0,right-foot,high,0,46.4,87.5,No information,No information,45,2,2817,64.6,19.5,53.6,0,53.6,12.5,1,2583,shot
emil-forsberg,https://www.sofascore.com/belgium-sweden/NTbsrUb#id:10752542,sweden,save,No information,assisted,9.4,54,0,right-foot,low-centre,0,49.7,5.1,No information,No information,45,1,2748,54,9.4,50.3,0,50.3,94.9,1,2652,shot
emil-forsberg,https://www.sofascore.com/belgium-sweden/NTbsrUb#id:10752542,sweden,post,No information,assisted,19.7,52.2,0,right-foot,high,0,46.1,39.9,No information,No information,45,1,2708,52.2,19.7,53.9,0,53.9,60.1,1,2692,shot
charles-de-ketelaere,https://www.sofascore.com/belgium-sweden/NTbsrUb#id:10752542,belgium,miss,No information,corner,12.4,60.1,0,left-foot,high-left,0,67.6,59.7,No information,No information,43,No information,2551,60.1,12.4,32.4,0,32.4,40.3,3,149,shot
wout-faes,https://www.sofascore.com/belgium-sweden/NTbsrUb#id:10752542,belgium,block,No information,corner,11.7,52.4,0,right-foot,low-centre,0,49,19,No information,No information,43,No information,2548,52.4,11.7,51,0,51,81,3,152,shot
romelu-lukaku,https://www.sofascore.com/belgium-sweden/NTbsrUb#id:10752542,belgium,miss,No information,corner,4.9,49.5,0,left-foot,right,0,11.3,16.7,No information,No information,43,No information,2546,49.5,4.9,88.7,0,88.7,83.3,3,154,shot
youri-tielemans,https://www.sofascore.com/belgium-sweden/NTbsrUb#id:10752542,belgium,block,No information,assisted,28.3,34.9,0,right-foot,low-centre,0,49.8,19,No information,No information,42,No information,2507,34.9,28.3,50.2,0,50.2,81,4,193,shot
arthur-theate,https://www.sofascore.com/belgium-sweden/NTbsrUb#id:10752542,belgium,miss,No information,corner,13,47.2,0,head,left,0,99.2,23.6,No information,No information,38,No information,2255,47.2,13,0.8,0,0.8,76.4,8,445,shot
emil-forsberg,https://www.sofascore.com/belgium-sweden/NTbsrUb#id:10752542,sweden,miss,No information,assisted,25.2,32.5,0,right-foot,left,0,64.2,5.6,No information,No information,34,No information,2014,32.5,25.2,35.8,0,35.8,94.4,12,686,shot
romelu-lukaku,https://www.sofascore.com/belgium-sweden/NTbsrUb#id:10752542,belgium,goal,penalty,penalty,11.5,50,0,left-foot,high-left,0,52.8,26.6,No information,No information,31,No information,1853,50,11.5,47.2,0,47.2,73.4,15,847,shot
romelu-lukaku,https://www.sofascore.com/belgium-sweden/NTbsrUb#id:10752542,belgium,save,No information,assisted,16,33.3,0,right-foot,low-centre,0,49.1,5.1,No information,No information,22,No information,1305,33.3,16,50.9,0,50.9,94.9,24,1395,shot
dejan-kulusevski,https://www.sofascore.com/belgium-sweden/NTbsrUb#id:10752542,sweden,save,No information,corner,3.4,67.4,0,right-foot,low-right,0,46.4,7,No information,No information,20,No information,1162,67.4,3.4,53.6,0,53.6,93,26,1538,shot
dejan-kulusevski,https://www.sofascore.com/belgium-sweden/NTbsrUb#id:10752542,sweden,block,No information,assisted,8.5,75.2,0,left-foot,low-right,0,46.6,19,No information,No information,19,No information,1139,75.2,8.5,53.4,0,53.4,81,27,1561,shot
linus-wahlqvist,https://www.sofascore.com/belgium-sweden/NTbsrUb#id:10752542,sweden,save,No information,set-piece,10.3,41.4,0,head,high-left,0,53.8,29.1,No information,No information,18,No information,1068,41.4,10.3,46.2,0,46.2,70.9,28,1632,shot
svanberg-mattias,https://www.sofascore.com/belgium-sweden/NTbsrUb#id:10752542,sweden,save,No information,assisted,4.1,64.6,0,right-foot,low-right,0,46.9,0.6,No information,No information,16,No information,952,64.6,4.1,53.1,0,53.1,99.4,30,1748,shot
jens-cajuste,https://www.sofascore.com/belgium-sweden/NTbsrUb#id:10752542,sweden,block,No information,regular,19.2,52,0,right-foot,low-centre,0,50.9,19,No information,No information,16,No information,941,52,19.2,49.1,0,49.1,81,30,1759,shot
viktor-gyokeres,https://www.sofascore.com/belgium-sweden/NTbsrUb#id:10752542,sweden,goal,regular,fast-break,8.7,62.9,0,right-foot,high-right,0,47.7,20.3,No information,No information,15,No information,846,62.9,8.7,52.3,0,52.3,79.7,31,1854,shot
johan-bakayoko,https://www.sofascore.com/belgium-sweden/NTbsrUb#id:10752542,belgium,save,No information,assisted,9.3,46.2,0,left-foot,high-right,0,48.1,21.5,No information,No information,14,No information,809,46.2,9.3,51.9,0,51.9,78.5,32,1891,shot
yannick-carrasco,https://www.sofascore.com/belgium-sweden/NTbsrUb#id:10752542,belgium,block,No information,regular,19.6,27.4,0,left-foot,low-centre,0,51.3,19,No information,No information,7,No information,419,27.4,19.6,48.7,0,48.7,81,39,2281,shot
albin-ekdal,https://www.sofascore.com/belgium-sweden/NTbsrUb#id:10752542,sweden,block,No information,assisted,22.2,38,0,right-foot,low-left,0,52.5,19,No information,No information,7,No information,375,38,22.2,47.5,0,47.5,81,39,2325,shot
filip-helander,https://www.sofascore.com/belgium-sweden/NTbsrUb#id:10752542,sweden,miss,No information,corner,7.8,49,0,head,left,0,68.4,15.3,No information,No information,2,No information,85,49,7.8,31.6,0,31.6,84.7,44,2615,shot
viktor-gyokeres,https://www.sofascore.com/belgium-sweden/NTbsrUb#id:10752542,sweden,block,No information,regular,8.7,58.1,0,right-foot,low-centre,0,48.7,19,No information,No information,1,No information,47,58.1,8.7,51.3,0,51.3,81,45,2653,shot
emil-forsberg,https://www.sofascore.com/belgium-sweden/NTbsrUb#id:10752542,sweden,save,No information,assisted,22.9,37.7,0,right-foot,low-centre,0,50.4,10.8,No information,No information,1,No information,19,37.7,22.9,49.6,0,49.6,89.2,45,2681,shot

timothy-castagne,https://www.sofascore.com/belarus-belgium/rUbsTUb#id:9223805,belgium,miss,No information,assisted,13,29.3,0,right-foot,high,0,51.6,72.2,No information,No information,90,1,5452,29.3,13,48.4,0,48.4,27.8,1,848,shot
eden-hazard,https://www.sofascore.com/belarus-belgium/rUbsTUb#id:9223805,belgium,save,No information,free-kick,20.4,62.6,0,right-foot,low-right,0,48.1,15.8,No information,No information,85,No information,5048,62.6,20.4,51.9,0,51.9,84.2,6,352,shot
artem-bykov,https://www.sofascore.com/belarus-belgium/rUbsTUb#id:9223805,belarus,miss,No information,assisted,26.2,65.6,0,right-foot,high-left,0,57,79.2,No information,No information,78,No information,4647,65.6,26.2,43,0,43,20.8,13,753,shot
michy-batshuayi,https://www.sofascore.com/belarus-belgium/rUbsTUb#id:9223805,belgium,save,No information,assisted,18.8,53.8,0,left-foot,low-centre,0,51.4,1.9,No information,No information,68,No information,4060,53.8,18.8,48.6,0,48.6,98.1,23,1340,shot
dodi-lukebakio,https://www.sofascore.com/belarus-belgium/rUbsTUb#id:9223805,belgium,miss,No information,regular,14.7,38.4,0,left-foot,high-left,0,58.2,86.1,No information,No information,51,No information,3059,38.4,14.7,41.8,0,41.8,13.9,40,2341,shot
youri-tielemans,https://www.sofascore.com/belarus-belgium/rUbsTUb#id:9223805,belgium,save,No information,regular,29.1,62.3,0,right-foot,low-left,0,54,5.1,No information,No information,42,No information,2488,62.3,29.1,46,0,46,94.9,4,212,shot
artem-bykov,https://www.sofascore.com/belarus-belgium/rUbsTUb#id:9223805,belarus,save,No information,corner,12.8,52.7,0,head,high-centre,0,50.7,32.9,No information,No information,35,No information,2065,52.7,12.8,49.3,0,49.3,67.1,11,635,shot
ruslan-lisakovich,https://www.sofascore.com/belarus-belgium/rUbsTUb#id:9223805,belarus,miss,No information,regular,25.8,31.4,0,right-foot,right,0,31.1,18.1,No information,No information,34,No information,2034,31.4,25.8,68.9,0,68.9,81.9,12,666,shot
dennis-praet,https://www.sofascore.com/belarus-belgium/rUbsTUb#id:9223805,belgium,goal,regular,assisted,10.3,65.4,0,right-foot,low-left,0,51.9,1.9,No information,No information,33,No information,1948,65.4,10.3,48.1,0,48.1,98.1,13,752,shot
dedryck-boyata,https://www.sofascore.com/belarus-belgium/rUbsTUb#id:9223805,belgium,post,No information,corner,21.2,50,0,right-foot,high,0,50.2,39.2,No information,No information,31,No information,1812,50,21.2,49.8,0,49.8,60.8,15,888,shot
michy-batshuayi,https://www.sofascore.com/belarus-belgium/rUbsTUb#id:9223805,belgium,miss,No information,assisted,8.3,40.4,0,head,right,0,1.5,18.1,No information,No information,30,No information,1768,40.4,8.3,98.5,0,98.5,81.9,16,932,shot
michy-batshuayi,https://www.sofascore.com/belarus-belgium/rUbsTUb#id:9223805,belgium,block,No information,regular,9.5,63.5,0,right-foot,low-centre,0,49.8,19,No information,No information,20,No information,1176,63.5,9.5,50.2,0,50.2,81,26,1524,shot
nikolay-zolotov,https://www.sofascore.com/belarus-belgium/rUbsTUb#id:9223805,belarus,save,No information,assisted,9.2,31.1,0,right-foot,low-centre,0,50.6,3.8,No information,No information,19,No information,1105,31.1,9.2,49.4,0,49.4,96.2,27,1595,shot
youri-tielemans,https://www.sofascore.com/belarus-belgium/rUbsTUb#id:9223805,belgium,miss,No information,regular,17.8,30.3,0,right-foot,high-right,0,41.8,86.1,No information,No information,16,No information,955,30.3,17.8,58.2,0,58.2,13.9,30,1745,shot
leandro-trossard,https://www.sofascore.com/belarus-belgium/rUbsTUb#id:9223805,belgium,miss,No information,set-piece,21.8,38,0,right-foot,high,0,54.1,69.4,No information,No information,15,No information,876,38,21.8,45.9,0,45.9,30.6,31,1824,shot
michy-batshuayi,https://www.sofascore.com/belarus-belgium/rUbsTUb#id:9223805,belgium,save,No information,assisted,4.5,42.4,0,right-foot,low-left,0,52.9,3.2,No information,No information,3,No information,143,42.4,4.5,47.1,0,47.1,96.8,43,2557,shot

brennan-johnson,https://www.sofascore.com/belgium-wales/cUbsrUb#id:10023337,wales,goal,regular,assisted,13.1,43.7,0,right-foot,low-right,0,48,1.9,No information,No information,86,No information,5149,43.7,13.1,52,0,52,98.1,5,251,shot
rodon-joe,https://www.sofascore.com/belgium-wales/cUbsrUb#id:10023337,wales,miss,No information,set-piece,7.2,47.5,0,head,high,0,51.1,84.7,No information,No information,85,No information,5082,47.5,7.2,48.9,0,48.9,15.3,6,318,shot
brennan-johnson,https://www.sofascore.com/belgium-wales/cUbsrUb#id:10023337,wales,block,No information,fast-break,13.1,63.5,0,left-foot,low-centre,0,50.2,19,No information,No information,75,No information,4475,63.5,13.1,49.8,0,49.8,81,16,925,shot
rodon-joe,https://www.sofascore.com/belgium-wales/cUbsrUb#id:10023337,wales,miss,No information,corner,21.6,46.6,0,right-foot,high,0,47.1,94.4,No information,No information,59,No information,3511,46.6,21.6,52.9,0,52.9,5.6,32,1889,shot
chris-mepham,https://www.sofascore.com/belgium-wales/cUbsrUb#id:10023337,wales,miss,No information,corner,9.5,54.3,0,head,left,0,83.2,4.2,No information,No information,59,No information,3502,54.3,9.5,16.8,0,16.8,95.8,32,1898,shot
leandro-trossard,https://www.sofascore.com/belgium-wales/cUbsrUb#id:10023337,belgium,miss,No information,assisted,8.8,45.4,0,left-foot,right,0,30.4,9.7,No information,No information,54,No information,3208,45.4,8.8,69.6,0,69.6,90.3,37,2192,shot
gareth-bale,https://www.sofascore.com/belgium-wales/cUbsrUb#id:10023337,wales,miss,No information,assisted,25.4,62.5,0,left-foot,high,0,50.4,90.3,No information,No information,52,No information,3107,62.5,25.4,49.6,0,49.6,9.7,39,2293,shot
youri-tielemans,https://www.sofascore.com/belgium-wales/cUbsrUb#id:10023337,belgium,goal,regular,assisted,15.1,52.4,0,right-foot,low-right,0,45.7,3.8,No information,No information,51,No information,3003,52.4,15.1,54.3,0,54.3,96.2,40,2397,shot
williams-neco,https://www.sofascore.com/belgium-wales/cUbsrUb#id:10023337,wales,miss,No information,assisted,22.3,29.4,0,right-foot,left,0,61.5,4.2,No information,No information,47,No information,2788,29.4,22.3,38.5,0,38.5,95.8,44,2612,shot
kevin-de-bruyne,https://www.sofascore.com/belgium-wales/cUbsrUb#id:10023337,belgium,save,No information,assisted,14.5,17.9,0,right-foot,low-left,0,53.6,8.2,No information,No information,45,1,2710,17.9,14.5,46.4,0,46.4,91.8,1,2690,shot
kevin-de-bruyne,https://www.sofascore.com/belgium-wales/cUbsrUb#id:10023337,belgium,block,No information,assisted,17.9,47.6,0,right-foot,low-centre,0,49.3,19,No information,No information,44,No information,2635,47.6,17.9,50.7,0,50.7,81,2,65,shot
aaron-ramsey,https://www.sofascore.com/belgium-wales/cUbsrUb#id:10023337,wales,block,No information,corner,5,57.9,0,head,low-right,0,48.1,19,No information,No information,43,No information,2531,57.9,5,51.9,0,51.9,81,3,169,shot
leandro-trossard,https://www.sofascore.com/belgium-wales/cUbsrUb#id:10023337,belgium,miss,No information,regular,6.9,39.5,0,left-foot,left,0,61,18.1,No information,No information,41,No information,2444,39.5,6.9,39,0,39,81.9,5,256,shot
michy-batshuayi,https://www.sofascore.com/belgium-wales/cUbsrUb#id:10023337,belgium,block,No information,assisted,9.4,61,0,left-foot,low-centre,0,50.7,19,No information,No information,41,No information,2443,61,9.4,49.3,0,49.3,81,5,257,shot
connor-roberts,https://www.sofascore.com/belgium-wales/cUbsrUb#id:10023337,wales,miss,No information,assisted,8.1,54,0,left-foot,high,0,53.8,87.5,No information,No information,40,No information,2377,54,8.1,46.2,0,46.2,12.5,6,323,shot
aaron-ramsey,https://www.sofascore.com/belgium-wales/cUbsrUb#id:10023337,wales,miss,No information,regular,11.6,44,0,left-foot,right,0,30.8,9.7,No information,No information,40,No information,2375,44,11.6,69.2,0,69.2,90.3,6,325,shot
connor-roberts,https://www.sofascore.com/belgium-wales/cUbsrUb#id:10023337,wales,miss,No information,assisted,6,66.8,0,head,close-high,0,46.4,55.6,No information,No information,36,No information,2138,66.8,6,53.6,0,53.6,44.4,10,562,shot
yannick-carrasco,https://www.sofascore.com/belgium-wales/cUbsrUb#id:10023337,belgium,save,No information,assisted,4.6,41.6,0,right-foot,high-centre,0,50.1,22.2,No information,No information,29,No information,1708,41.6,4.6,49.9,0,49.9,77.8,17,992,shot
joe-allen,https://www.sofascore.com/belgium-wales/cUbsrUb#id:10023337,wales,block,No information,assisted,13.4,38,0,right-foot,low-centre,0,49.5,19,No information,No information,24,No information,1423,38,13.4,50.5,0,50.5,81,22,1277,shot
daniel-james,https://www.sofascore.com/belgium-wales/cUbsrUb#id:10023337,wales,save,No information,assisted,5,28.5,0,left-foot,high-centre,0,50.1,22.8,No information,No information,19,No information,1113,28.5,5,49.9,0,49.9,77.2,27,1587,shot
gareth-bale,https://www.sofascore.com/belgium-wales/cUbsrUb#id:10023337,wales,miss,No information,assisted,6.8,45.8,0,left-foot,close-high,0,49.7,52.8,No information,No information,14,No information,810,45.8,6.8,50.3,0,50.3,47.2,32,1890,shot
youri-tielemans,https://www.sofascore.com/belgium-wales/cUbsrUb#id:10023337,belgium,save,No information,regular,9.4,53.7,0,right-foot,low-centre,0,51,14.6,No information,No information,9,No information,514,53.7,9.4,49,0,49,85.4,37,2186,shot
michy-batshuayi,https://www.sofascore.com/belgium-wales/cUbsrUb#id:10023337,belgium,block,No information,assisted,10.6,67.5,0,left-foot,low-centre,0,51.6,4.2,No information,No information,9,No information,512,67.5,10.6,48.4,0,48.4,95.8,37,2188,shot

chris-mepham,https://www.sofascore.com/belgium-wales/cUbsrUb#id:10023379,wales,miss,No information,set-piece,11.7,31.8,0,head,close-left,0,58.2,1.4,No information,No information,90,5,5658,31.8,11.7,41.8,0,41.8,98.6,1,642,shot
thomas-meunier,https://www.sofascore.com/belgium-wales/cUbsrUb#id:10023379,belgium,miss,No information,assisted,24.1,44.2,0,right-foot,high,0,47.7,68.1,No information,No information,90,1,5431,44.2,24.1,52.3,0,52.3,31.9,1,869,shot
ethan-ampadu,https://www.sofascore.com/belgium-wales/cUbsrUb#id:10023379,wales,block,No information,assisted,23.4,46.1,0,left-foot,low-centre,0,50.3,19,No information,No information,89,No information,5317,46.1,23.4,49.7,0,49.7,81,2,83,shot
williams-neco,https://www.sofascore.com/belgium-wales/cUbsrUb#id:10023379,wales,save,No information,assisted,18.1,22,0,right-foot,low-centre,0,48.4,4.4,No information,No information,89,No information,5308,22,18.1,51.6,0,51.6,95.6,2,92,shot
dries-mertens,https://www.sofascore.com/belgium-wales/cUbsrUb#id:10023379,belgium,miss,No information,assisted,10,29.9,0,right-foot,right,0,39.2,29.2,No information,No information,88,No information,5237,29.9,10,60.8,0,60.8,70.8,3,163,shot
brennan-johnson,https://www.sofascore.com/belgium-wales/cUbsrUb#id:10023379,wales,miss,No information,assisted,13.1,63.3,0,right-foot,left,0,60.2,4.2,No information,No information,85,No information,5053,63.3,13.1,39.8,0,39.8,95.8,6,347,shot
gareth-bale,https://www.sofascore.com/belgium-wales/cUbsrUb#id:10023379,wales,block,No information,assisted,8.2,50.3,0,head,low-centre,0,49.4,19,No information,No information,68,No information,4063,50.3,8.2,50.6,0,50.6,81,23,1337,shot
toby-alderweireld,https://www.sofascore.com/belgium-wales/cUbsrUb#id:10023379,belgium,miss,No information,corner,8.8,51.3,0,right-foot,high-right,0,39.5,54.2,No information,No information,67,No information,3979,51.3,8.8,60.5,0,60.5,45.8,24,1421,shot
youri-tielemans,https://www.sofascore.com/belgium-wales/cUbsrUb#id:10023379,belgium,block,No information,set-piece,23.5,51.2,0,right-foot,low-right,0,47.4,19,No information,No information,61,No information,3606,51.2,23.5,52.6,0,52.6,81,30,1794,shot
kieffer-moore,https://www.sofascore.com/belgium-wales/cUbsrUb#id:10023379,wales,goal,regular,assisted,5.3,47.3,0,head,low-left,0,52.9,8.2,No information,No information,50,No information,2978,47.3,5.3,47.1,0,47.1,91.8,41,2422,shot
williams-neco,https://www.sofascore.com/belgium-wales/cUbsrUb#id:10023379,wales,block,No information,corner,11.8,39,0,right-foot,low-right,0,45.9,15.3,No information,No information,45,No information,2697,39,11.8,54.1,0,54.1,84.7,1,3,shot
kieffer-moore,https://www.sofascore.com/belgium-wales/cUbsrUb#id:10023379,wales,miss,No information,corner,7.7,57.5,0,head,left,0,100,4.2,No information,No information,45,No information,2693,57.5,7.7,0,0,0,95.8,1,7,shot
eden-hazard,https://www.sofascore.com/belgium-wales/cUbsrUb#id:10023379,belgium,block,No information,assisted,15,38.3,0,left-foot,low-centre,0,51,19,No information,No information,44,No information,2596,38.3,15,49,0,49,81,2,104,shot
jan-vertonghen,https://www.sofascore.com/belgium-wales/cUbsrUb#id:10023379,belgium,miss,No information,corner,8.6,57,0,head,right,0,36,13.9,No information,No information,43,No information,2567,57,8.6,64,0,64,86.1,3,133,shot
kevin-de-bruyne,https://www.sofascore.com/belgium-wales/cUbsrUb#id:10023379,belgium,save,No information,assisted,13.4,64.3,0,right-foot,low-left,0,54.2,4.4,No information,No information,43,No information,2529,64.3,13.4,45.8,0,45.8,95.6,3,171,shot
ethan-ampadu,https://www.sofascore.com/belgium-wales/cUbsrUb#id:10023379,wales,save,No information,set-piece,5.7,58.3,0,head,high-centre,0,48.4,25.9,No information,No information,40,No information,2385,58.3,5.7,51.6,0,51.6,74.1,6,315,shot
rodon-joe,https://www.sofascore.com/belgium-wales/cUbsrUb#id:10023379,wales,block,No information,set-piece,4.4,59.6,0,head,low-left,0,54.5,15.3,No information,No information,40,No information,2382,59.6,4.4,45.5,0,45.5,84.7,6,318,shot
michy-batshuayi,https://www.sofascore.com/belgium-wales/cUbsrUb#id:10023379,belgium,goal,regular,assisted,2.3,48.7,0,right-foot,low-centre,0,51,3.2,No information,No information,37,No information,2217,48.7,2.3,49,0,49,96.8,9,483,shot
eden-hazard,https://www.sofascore.com/belgium-wales/cUbsrUb#id:10023379,belgium,miss,No information,assisted,12.9,32,0,right-foot,right,0,39.5,8.3,No information,No information,33,No information,1976,32,12.9,60.5,0,60.5,91.7,13,724,shot
kevin-de-bruyne,https://www.sofascore.com/belgium-wales/cUbsrUb#id:10023379,belgium,post,No information,assisted,19.4,55.3,0,right-foot,left,0,55.2,6.3,No information,No information,27,No information,1574,55.3,19.4,44.8,0,44.8,93.7,19,1126,shot
michy-batshuayi,https://www.sofascore.com/belgium-wales/cUbsrUb#id:10023379,belgium,miss,No information,corner,5.4,59.6,0,right-foot,high-right,0,39.8,61.1,No information,No information,25,No information,1448,59.6,5.4,60.2,0,60.2,38.9,21,1252,shot
axel-witsel,https://www.sofascore.com/belgium-wales/cUbsrUb#id:10023379,belgium,block,No information,corner,10,52,0,right-foot,low-centre,0,49.6,19,No information,No information,25,No information,1440,52,10,50.4,0,50.4,81,21,1260,shot
yannick-carrasco,https://www.sofascore.com/belgium-wales/cUbsrUb#id:10023379,belgium,block,No information,assisted,12,31,0,left-foot,low-centre,0,50.4,19,No information,No information,24,No information,1398,31,12,49.6,0,49.6,81,22,1302,shot
kevin-de-bruyne,https://www.sofascore.com/belgium-wales/cUbsrUb#id:10023379,belgium,block,No information,assisted,6.5,34.9,0,left-foot,low-right,0,46.1,6.9,No information,No information,23,No information,1374,34.9,6.5,53.9,0,53.9,93.1,23,1326,shot
kevin-de-bruyne,https://www.sofascore.com/belgium-wales/cUbsrUb#id:10023379,belgium,miss,No information,assisted,19.2,50.9,0,right-foot,high,0,47.7,62.5,No information,No information,20,No information,1145,50.9,19.2,52.3,0,52.3,37.5,26,1555,shot
youri-tielemans,https://www.sofascore.com/belgium-wales/cUbsrUb#id:10023379,belgium,block,No information,assisted,16,68.8,0,right-foot,low-left,0,54.4,19,No information,No information,17,No information,961,68.8,16,45.6,0,45.6,81,29,1739,shot
michy-batshuayi,https://www.sofascore.com/belgium-wales/cUbsrUb#id:10023379,belgium,block,No information,assisted,7.3,56.2,0,right-foot,low-centre,0,50.5,19,No information,No information,16,No information,925,56.2,7.3,49.5,0,49.5,81,30,1775,shot
youri-tielemans,https://www.sofascore.com/belgium-wales/cUbsrUb#id:10023379,belgium,miss,No information,assisted,9.2,46.6,0,left-foot,close-right,0,42,4.2,No information,No information,15,No information,840,46.6,9.2,58,0,58,95.8,31,1860,shot
kevin-de-bruyne,https://www.sofascore.com/belgium-wales/cUbsrUb#id:10023379,belgium,goal,regular,assisted,17.5,57.9,0,left-foot,low-right,0,46.1,4.4,No information,No information,10,No information,597,57.9,17.5,53.9,0,53.9,95.6,36,2103,shot

lois-openda,https://www.sofascore.com/belgium-sweden/NTbsrUb#id:10752379,belgium,save,No information,fast-break,13.5,33.8,0,right-foot,low-centre,0,51.6,2.5,No information,No information,90,1,5434,33.8,13.5,48.4,0,48.4,97.5,1,866,shot
svanberg-mattias,https://www.sofascore.com/belgium-sweden/NTbsrUb#id:10752379,sweden,miss,No information,regular,22.2,38.8,0,left-foot,high-right,0,37.5,68.1,No information,No information,90,No information,5361,38.8,22.2,62.5,0,62.5,31.9,1,39,shot
zlatan-ibrahimovic,https://www.sofascore.com/belgium-sweden/NTbsrUb#id:10752379,sweden,save,No information,assisted,6.9,57.2,0,head,low-centre,0,51.8,13.9,No information,No information,87,No information,5200,57.2,6.9,48.2,0,48.2,86.1,4,200,shot
romelu-lukaku,https://www.sofascore.com/belgium-sweden/NTbsrUb#id:10752379,belgium,goal,regular,assisted,5,47.6,0,left-foot,low-centre,0,51.7,5.1,No information,No information,82,No information,4919,47.6,5,48.3,0,48.3,94.9,9,481,shot
dejan-kulusevski,https://www.sofascore.com/belgium-sweden/NTbsrUb#id:10752379,sweden,block,No information,assisted,8.3,69.3,0,right-foot,low-centre,0,51.6,13.9,No information,No information,77,No information,4612,69.3,8.3,48.4,0,48.4,86.1,14,788,shot
svanberg-mattias,https://www.sofascore.com/belgium-sweden/NTbsrUb#id:10752379,sweden,miss,No information,assisted,15,54.2,0,right-foot,high-right,0,37,55.6,No information,No information,76,No information,4502,54.2,15,63,0,63,44.4,15,898,shot
yannick-carrasco,https://www.sofascore.com/belgium-sweden/NTbsrUb#id:10752379,belgium,miss,No information,assisted,12.1,33.6,0,right-foot,close-left,0,56.6,1.4,No information,No information,69,No information,4111,33.6,12.1,43.4,0,43.4,98.6,22,1289,shot
emil-forsberg,https://www.sofascore.com/belgium-sweden/NTbsrUb#id:10752379,sweden,save,No information,assisted,14.8,42.3,0,right-foot,low-left,0,52.8,6.3,No information,No information,69,No information,4084,42.3,14.8,47.2,0,47.2,93.7,22,1316,shot
alexander-isak,https://www.sofascore.com/belgium-sweden/NTbsrUb#id:10752379,sweden,block,No information,assisted,23.2,50.9,0,right-foot,low-left,0,52.3,19,No information,No information,64,No information,3833,50.9,23.2,47.7,0,47.7,81,27,1567,shot
wout-faes,https://www.sofascore.com/belgium-sweden/NTbsrUb#id:10752379,belgium,block,No information,corner,19.7,51.3,0,right-foot,low-right,0,46.7,19,No information,No information,57,No information,3402,51.3,19.7,53.3,0,53.3,81,34,1998,shot
leandro-trossard,https://www.sofascore.com/belgium-sweden/NTbsrUb#id:10752379,belgium,block,No information,assisted,7.1,33.7,0,left-foot,low-right,0,47.8,19,No information,No information,56,No information,3359,33.7,7.1,52.2,0,52.2,81,35,2041,shot
romelu-lukaku,https://www.sofascore.com/belgium-sweden/NTbsrUb#id:10752379,belgium,goal,regular,corner,1.1,50.6,0,left-foot,low-right,0,47.4,1.3,No information,No information,49,No information,2887,50.6,1.1,52.6,0,52.6,98.7,42,2513,shot
samuel-gustafson,https://www.sofascore.com/belgium-sweden/NTbsrUb#id:10752379,sweden,save,No information,set-piece,19.1,46,0,right-foot,low-left,0,52.1,5.7,No information,No information,38,No information,2236,46,19.1,47.9,0,47.9,94.3,8,464,shot
romelu-lukaku,https://www.sofascore.com/belgium-sweden/NTbsrUb#id:10752379,belgium,goal,regular,assisted,6.3,51,0,head,low-left,0,54.3,5.1,No information,No information,35,No information,2084,51,6.3,45.7,0,45.7,94.9,11,616,shot
kristoffer-olsson,https://www.sofascore.com/belgium-sweden/NTbsrUb#id:10752379,sweden,block,No information,assisted,18.9,45.4,0,right-foot,low-right,0,45.6,19,No information,No information,31,No information,1801,45.4,18.9,54.4,0,54.4,81,15,899,shot
amadou-onana,https://www.sofascore.com/belgium-sweden/NTbsrUb#id:10752379,belgium,miss,No information,corner,11.1,47.9,0,head,right,0,39.2,8.3,No information,No information,26,No information,1558,47.9,11.1,60.8,0,60.8,91.7,20,1142,shot
arthur-theate,https://www.sofascore.com/belgium-sweden/NTbsrUb#id:10752379,belgium,save,No information,corner,8.8,38,0,head,high-right,0,48,27.8,No information,No information,26,No information,1531,38,8.8,52,0,52,72.2,20,1169,shot
leandro-trossard,https://www.sofascore.com/belgium-sweden/NTbsrUb#id:10752379,belgium,block,No information,corner,15,27.2,0,left-foot,low-left,0,52.9,19,No information,No information,20,No information,1145,27.2,15,47.1,0,47.1,81,26,1555,shot
dodi-lukebakio,https://www.sofascore.com/belgium-sweden/NTbsrUb#id:10752379,belgium,miss,No information,assisted,15.6,68.6,0,left-foot,left,0,64.5,18.1,No information,No information,18,No information,1051,68.6,15.6,35.5,0,35.5,81.9,28,1649,shot
dejan-kulusevski,https://www.sofascore.com/belgium-sweden/NTbsrUb#id:10752379,sweden,block,No information,assisted,5.2,70.3,0,left-foot,low-centre,0,51.2,19,No information,No information,15,No information,880,70.3,5.2,48.8,0,48.8,81,31,1820,shot
romelu-lukaku,https://www.sofascore.com/belgium-sweden/NTbsrUb#id:10752379,belgium,block,No information,regular,13.4,53.6,0,right-foot,low-centre,0,50.8,19,No information,No information,9,No information,511,53.6,13.4,49.2,0,49.2,81,37,2189,shot
leandro-trossard,https://www.sofascore.com/belgium-sweden/NTbsrUb#id:10752379,belgium,block,No information,corner,18.6,32.8,0,right-foot,low-centre,0,50.5,19,No information,No information,7,No information,381,32.8,18.6,49.5,0,49.5,81,39,2319,shot
yannick-carrasco,https://www.sofascore.com/belgium-sweden/NTbsrUb#id:10752379,belgium,block,No information,assisted,6.9,34.2,0,left-foot,low-left,0,53,19,No information,No information,6,No information,338,34.2,6.9,47,0,47,81,40,2362,shot

leandro-trossard,https://www.sofascore.com/azerbaijan-belgium/rUbsRUb#id:10752579,belgium,goal,regular,assisted,8.4,50.7,0,right-foot,low-left,0,52.6,6.3,No information,No information,90,No information,5364,50.7,8.4,47.4,0,47.4,93.7,1,36,shot
leandro-trossard,https://www.sofascore.com/azerbaijan-belgium/rUbsRUb#id:10752579,belgium,miss,No information,assisted,18.4,44.8,0,right-foot,high,0,47.7,91.7,No information,No information,86,No information,5107,44.8,18.4,52.3,0,52.3,8.3,5,293,shot
youri-tielemans,https://www.sofascore.com/azerbaijan-belgium/rUbsRUb#id:10752579,belgium,block,No information,assisted,20.8,49.7,0,right-foot,low-centre,0,50.7,19,No information,No information,83,No information,4926,49.7,20.8,49.3,0,49.3,81,8,474,shot
yannick-carrasco,https://www.sofascore.com/azerbaijan-belgium/rUbsRUb#id:10752579,belgium,block,No information,assisted,8.5,36.7,0,left-foot,low-centre,0,51,19,No information,No information,73,No information,4365,36.7,8.5,49,0,49,81,18,1035,shot
youri-tielemans,https://www.sofascore.com/azerbaijan-belgium/rUbsRUb#id:10752579,belgium,miss,No information,regular,22.6,60.3,0,right-foot,left,0,61,5.6,No information,No information,72,No information,4276,60.3,22.6,39,0,39,94.4,19,1124,shot
jeremy-doku,https://www.sofascore.com/azerbaijan-belgium/rUbsRUb#id:10752579,belgium,miss,No information,assisted,25.5,38,0,right-foot,close-high,0,54.5,52.8,No information,No information,71,No information,4221,38,25.5,45.5,0,45.5,47.2,20,1179,shot
jeremy-doku,https://www.sofascore.com/azerbaijan-belgium/rUbsRUb#id:10752579,belgium,miss,No information,regular,9,64.4,0,right-foot,close-high,0,47.2,56.9,No information,No information,67,No information,3991,64.4,9,52.8,0,52.8,43.1,24,1409,shot
lois-openda,https://www.sofascore.com/azerbaijan-belgium/rUbsRUb#id:10752579,belgium,save,No information,assisted,4.8,33.8,0,left-foot,high-left,0,53.6,20.9,No information,No information,65,No information,3875,33.8,4.8,46.4,0,46.4,79.1,26,1525,shot
leandro-trossard,https://www.sofascore.com/azerbaijan-belgium/rUbsRUb#id:10752579,belgium,block,No information,assisted,4.5,31.4,0,right-foot,low-left,0,53.8,19,No information,No information,64,No information,3802,31.4,4.5,46.2,0,46.2,81,27,1598,shot
arthur-theate,https://www.sofascore.com/azerbaijan-belgium/rUbsRUb#id:10752579,belgium,miss,No information,assisted,23.8,36.5,0,left-foot,right,0,37.1,11.1,No information,No information,56,No information,3327,36.5,23.8,62.9,0,62.9,88.9,35,2073,shot
jeremy-doku,https://www.sofascore.com/azerbaijan-belgium/rUbsRUb#id:10752579,belgium,block,No information,assisted,15.5,25.6,0,right-foot,low-centre,0,49.9,19,No information,No information,54,No information,3233,25.6,15.5,50.1,0,50.1,81,37,2167,shot
johan-bakayoko,https://www.sofascore.com/azerbaijan-belgium/rUbsRUb#id:10752579,belgium,save,No information,assisted,14,75.5,0,left-foot,low-left,0,51.9,16.5,No information,No information,46,No information,2747,75.5,14,48.1,0,48.1,83.5,45,2653,shot
johan-bakayoko,https://www.sofascore.com/azerbaijan-belgium/rUbsRUb#id:10752579,belgium,miss,No information,assisted,8,38,0,left-foot,right,0,38.7,6.9,No information,No information,45,4,2911,38,8,61.3,0,61.3,93.1,1,2489,shot
jeremy-doku,https://www.sofascore.com/azerbaijan-belgium/rUbsRUb#id:10752579,belgium,miss,No information,assisted,9.5,28,0,right-foot,close-left,0,57.8,19.4,No information,No information,43,No information,2540,28,9.5,42.2,0,42.2,80.6,3,160,shot
orel-mangala,https://www.sofascore.com/azerbaijan-belgium/rUbsRUb#id:10752579,belgium,miss,No information,assisted,10.6,40,0,left-foot,high,0,45.9,93.1,No information,No information,41,No information,2408,40,10.6,54.1,0,54.1,6.9,5,292,shot
emin-makhmudov,https://www.sofascore.com/azerbaijan-belgium/rUbsRUb#id:10752579,azerbaijan,block,No information,regular,17.7,50.5,0,right-foot,low-centre,0,50.1,19,No information,No information,38,No information,2269,50.5,17.7,49.9,0,49.9,81,8,431,shot
romelu-lukaku,https://www.sofascore.com/azerbaijan-belgium/rUbsRUb#id:10752579,belgium,goal,regular,assisted,12.7,44.7,0,right-foot,low-right,0,45.8,5.1,No information,No information,37,No information,2187,44.7,12.7,54.2,0,54.2,94.9,9,513,shot
wout-faes,https://www.sofascore.com/azerbaijan-belgium/rUbsRUb#id:10752579,belgium,block,No information,corner,8.4,49.7,0,head,low-centre,0,51.6,19,No information,No information,36,No information,2151,49.7,8.4,48.4,0,48.4,81,10,549,shot
romelu-lukaku,https://www.sofascore.com/azerbaijan-belgium/rUbsRUb#id:10752579,belgium,goal,regular,assisted,8.7,47.4,0,head,low-left,0,54,4.4,No information,No information,30,No information,1747,47.4,8.7,46,0,46,95.6,16,953,shot
romelu-lukaku,https://www.sofascore.com/azerbaijan-belgium/rUbsRUb#id:10752579,belgium,goal,regular,assisted,9.3,41.6,0,right-foot,low-left,0,53.5,1.9,No information,No information,26,No information,1507,41.6,9.3,46.5,0,46.5,98.1,20,1193,shot
romelu-lukaku,https://www.sofascore.com/azerbaijan-belgium/rUbsRUb#id:10752579,belgium,goal,regular,assisted,9.5,47.4,0,head,low-left,0,53.8,6.3,No information,No information,17,No information,971,47.4,9.5,46.2,0,46.2,93.7,29,1729,shot
jeremy-doku,https://www.sofascore.com/azerbaijan-belgium/rUbsRUb#id:10752579,belgium,block,No information,regular,21.1,58.8,0,left-foot,low-centre,0,50.5,19,No information,No information,11,No information,619,58.8,21.1,49.5,0,49.5,81,35,2081,shot
timothy-castagne,https://www.sofascore.com/azerbaijan-belgium/rUbsRUb#id:10752579,belgium,block,No information,assisted,9.8,62.9,0,right-foot,low-centre,0,50.2,19,No information,No information,5,No information,267,62.9,9.8,49.8,0,49.8,81,41,2433,shot

romelu-lukaku,https://www.sofascore.com/belgium-croatia/pUbsrUb#id:10230535,belgium,save,No information,assisted,3.7,46.1,0,other,low-centre,0,48.7,12,No information,No information,90,No information,5383,46.1,3.7,51.3,0,51.3,88,1,17,shot
romelu-lukaku,https://www.sofascore.com/belgium-croatia/pUbsrUb#id:10230535,belgium,miss,No information,assisted,4.8,51.7,0,left-foot,close-right,0,41.3,5.6,No information,No information,87,No information,5170,51.7,4.8,58.7,0,58.7,94.4,4,230,shot
thomas-meunier,https://www.sofascore.com/belgium-croatia/pUbsrUb#id:10230535,belgium,miss,No information,regular,8.4,66.4,0,right-foot,left,0,69.7,4.2,No information,No information,87,No information,5169,66.4,8.4,30.3,0,30.3,95.8,4,231,shot
jan-vertonghen,https://www.sofascore.com/belgium-croatia/pUbsrUb#id:10230535,belgium,block,No information,corner,6.4,49,0,head,low-left,0,51.9,19,No information,No information,78,No information,4662,49,6.4,48.1,0,48.1,81,13,738,shot
kevin-de-bruyne,https://www.sofascore.com/belgium-croatia/pUbsrUb#id:10230535,belgium,save,No information,assisted,7.8,76.7,0,right-foot,high-right,0,45.9,31,No information,No information,69,No information,4090,76.7,7.8,54.1,0,54.1,69,22,1310,shot
luka-modric,https://www.sofascore.com/belgium-croatia/pUbsrUb#id:10230535,croatia,save,No information,assisted,12,47,0,right-foot,high-right,0,45.7,22.2,No information,No information,68,No information,4029,47,12,54.3,0,54.3,77.8,23,1371,shot
romelu-lukaku,https://www.sofascore.com/belgium-croatia/pUbsrUb#id:10230535,belgium,miss,No information,regular,7,51.5,0,head,close-high,0,48.2,55.6,No information,No information,62,No information,3710,51.5,7,51.8,0,51.8,44.4,29,1690,shot
romelu-lukaku,https://www.sofascore.com/belgium-croatia/pUbsrUb#id:10230535,belgium,post,No information,regular,9.1,56.1,0,right-foot,right,0,44.8,15.8,No information,No information,60,No information,3589,56.1,9.1,55.2,0,55.2,84.2,31,1811,shot
yannick-carrasco,https://www.sofascore.com/belgium-croatia/pUbsrUb#id:10230535,belgium,block,No information,assisted,7.7,42.1,0,right-foot,low-left,0,52.2,19,No information,No information,60,No information,3586,42.1,7.7,47.8,0,47.8,81,31,1814,shot
luka-modric,https://www.sofascore.com/belgium-croatia/pUbsrUb#id:10230535,croatia,save,No information,assisted,12.8,68.8,0,left-foot,low-left,0,52.2,5.1,No information,No information,54,No information,3221,68.8,12.8,47.8,0,47.8,94.9,37,2179,shot
marcelo-brozovic,https://www.sofascore.com/belgium-croatia/pUbsrUb#id:10230535,croatia,save,No information,assisted,18.5,47,0,left-foot,low-left,0,52.6,3.8,No information,No information,54,No information,3189,47,18.5,47.4,0,47.4,96.2,37,2211,shot
kevin-de-bruyne,https://www.sofascore.com/belgium-croatia/pUbsrUb#id:10230535,belgium,miss,No information,assisted,17.8,38.4,0,left-foot,high-left,0,60.7,61.1,No information,No information,51,No information,3038,38.4,17.8,39.3,0,39.3,38.9,40,2362,shot
borna-sosa,https://www.sofascore.com/belgium-croatia/pUbsrUb#id:10230535,croatia,miss,No information,corner,24.4,46.6,0,left-foot,high-left,0,56.8,68.1,No information,No information,50,No information,2994,46.6,24.4,43.2,0,43.2,31.9,41,2406,shot
mateo-kovacic,https://www.sofascore.com/belgium-croatia/pUbsrUb#id:10230535,croatia,save,No information,assisted,13.8,35.5,0,right-foot,high-left,0,53.4,28.5,No information,No information,50,No information,2955,35.5,13.8,46.6,0,46.6,71.5,41,2445,shot
romelu-lukaku,https://www.sofascore.com/belgium-croatia/pUbsrUb#id:10230535,belgium,save,No information,corner,3.7,42.1,0,head,low-left,0,53.7,12,No information,No information,49,No information,2883,42.1,3.7,46.3,0,46.3,88,42,2517,shot
yannick-carrasco,https://www.sofascore.com/belgium-croatia/pUbsrUb#id:10230535,belgium,miss,No information,corner,18.5,34.7,0,left-foot,right,0,37.1,4.2,No information,No information,48,No information,2875,34.7,18.5,62.9,0,62.9,95.8,43,2525,shot
josip-juranovic,https://www.sofascore.com/belgium-croatia/pUbsrUb#id:10230535,croatia,miss,No information,regular,15.1,67.6,0,right-foot,right,0,37.5,27.8,No information,No information,45,4,2937,67.6,15.1,62.5,0,62.5,72.2,1,2463,shot
ivan-perisic,https://www.sofascore.com/belgium-croatia/pUbsrUb#id:10230535,croatia,miss,No information,assisted,9.6,46.9,0,head,high-left,0,80.7,52.8,No information,No information,45,4,2930,46.9,9.6,19.3,0,19.3,47.2,1,2470,shot
borna-sosa,https://www.sofascore.com/belgium-croatia/pUbsrUb#id:10230535,croatia,miss,No information,assisted,24.8,28.3,0,left-foot,high,0,53.6,77.8,No information,No information,45,No information,2682,28.3,24.8,46.4,0,46.4,22.2,1,18,shot
dries-mertens,https://www.sofascore.com/belgium-croatia/pUbsrUb#id:10230535,belgium,miss,No information,assisted,4.3,58.8,0,left-foot,left,0,99.5,2.8,No information,No information,42,No information,2476,58.8,4.3,0.5,0,0.5,97.2,4,224,shot
marko-livaja,https://www.sofascore.com/belgium-croatia/pUbsrUb#id:10230535,croatia,miss,No information,assisted,7.7,53,0,head,left,0,59.7,25,No information,No information,33,No information,1949,53,7.7,40.3,0,40.3,75,13,751,shot
marcelo-brozovic,https://www.sofascore.com/belgium-croatia/pUbsrUb#id:10230535,croatia,block,No information,assisted,18.4,46.9,0,left-foot,low-left,0,52.7,19,No information,No information,33,No information,1939,46.9,18.4,47.3,0,47.3,81,13,761,shot
axel-witsel,https://www.sofascore.com/belgium-croatia/pUbsrUb#id:10230535,belgium,block,No information,assisted,28.2,43.5,0,right-foot,low-centre,0,49.8,19,No information,No information,25,No information,1490,43.5,28.2,50.2,0,50.2,81,21,1210,shot
dries-mertens,https://www.sofascore.com/belgium-croatia/pUbsrUb#id:10230535,belgium,miss,No information,fast-break,13.4,39,0,right-foot,high-right,0,41.2,81.9,No information,No information,13,No information,775,39,13.4,58.8,0,58.8,18.1,33,1925,shot
yannick-carrasco,https://www.sofascore.com/belgium-croatia/pUbsrUb#id:10230535,belgium,block,No information,assisted,2.6,34.8,0,right-foot,low-centre,0,51.6,19,No information,No information,11,No information,651,34.8,2.6,48.4,0,48.4,81,35,2049,shot
yannick-carrasco,https://www.sofascore.com/belgium-croatia/pUbsrUb#id:10230535,belgium,block,No information,assisted,14.5,33.7,0,right-foot,low-centre,0,51.6,19,No information,No information,10,No information,547,33.7,14.5,48.4,0,48.4,81,36,2153,shot
ivan-perisic,https://www.sofascore.com/belgium-croatia/pUbsrUb#id:10230535,croatia,miss,No information,assisted,16,27.2,0,right-foot,close-right,0,41.8,29.2,No information,No information,1,No information,10,27.2,16,58.2,0,58.2,70.8,45,2690,shot

hans-vanaken,https://www.sofascore.com/san-marino-belgium/rUbsIWb#id:8078660,belgium,save,No information,corner,9,49.9,0,head,low-centre,0,49.9,10.1,No information,No information,90,3,5530,49.9,9,50.1,0,50.1,89.9,1,770,shot
yannick-carrasco,https://www.sofascore.com/san-marino-belgium/rUbsIWb#id:8078660,belgium,block,No information,regular,8,28.5,0,right-foot,No information,No information,No information,No information,No information,No information,90,2,5502,28.5,8,No information,No information,No information,No information,1,798,shot
christian-benteke,https://www.sofascore.com/san-marino-belgium/rUbsIWb#id:8078660,belgium,save,No information,assisted,6,41.6,0,right-foot,low-centre,0,51.1,7.6,No information,No information,90,2,5494,41.6,6,48.9,0,48.9,92.4,1,806,shot
verschaeren-yari,https://www.sofascore.com/san-marino-belgium/rUbsIWb#id:8078660,belgium,miss,No information,assisted,11.7,34,0,right-foot,high-right,0,37,79.2,No information,No information,90,1,5421,34,11.7,63,0,63,20.8,1,879,shot
timothy-castagne,https://www.sofascore.com/san-marino-belgium/rUbsIWb#id:8078660,belgium,goal,regular,regular,6.8,50.6,0,right-foot,low-centre,0,50.3,18.4,No information,No information,90,No information,5367,50.6,6.8,49.7,0,49.7,81.6,1,33,shot
christian-benteke,https://www.sofascore.com/san-marino-belgium/rUbsIWb#id:8078660,belgium,miss,No information,corner,10.3,41.3,0,right-foot,high,0,48.1,70.8,No information,No information,87,No information,5176,41.3,10.3,51.9,0,51.9,29.2,4,224,shot
verschaeren-yari,https://www.sofascore.com/san-marino-belgium/rUbsIWb#id:8078660,belgium,goal,penalty,penalty,11.5,50,0,right-foot,low-right,0,48.1,4.4,No information,No information,84,No information,5013,50,11.5,51.9,0,51.9,95.6,7,387,shot
christian-benteke,https://www.sofascore.com/san-marino-belgium/rUbsIWb#id:8078660,belgium,goal,regular,assisted,21.2,32.2,0,right-foot,low-right,0,46.7,6.3,No information,No information,79,No information,4712,32.2,21.2,53.3,0,53.3,93.7,12,688,shot
youri-tielemans,https://www.sofascore.com/san-marino-belgium/rUbsIWb#id:8078660,belgium,miss,No information,corner,26.8,49.4,0,right-foot,high,0,46.2,66.7,No information,No information,77,No information,4599,49.4,26.8,53.8,0,53.8,33.3,14,801,shot
hans-vanaken,https://www.sofascore.com/san-marino-belgium/rUbsIWb#id:8078660,belgium,miss,No information,assisted,8.4,50.3,0,left-foot,high,0,49.4,86.1,No information,No information,70,No information,4153,50.3,8.4,50.6,0,50.6,13.9,21,1247,shot
romelu-lukaku,https://www.sofascore.com/san-marino-belgium/rUbsIWb#id:8078660,belgium,miss,No information,corner,3,46.2,0,left-foot,close-left,0,58.3,2.8,No information,No information,68,No information,4028,46.2,3,41.7,0,41.7,97.2,23,1372,shot
thomas-vermaelen,https://www.sofascore.com/san-marino-belgium/rUbsIWb#id:8078660,belgium,miss,No information,corner,4.3,46.4,0,left-foot,right,0,39.5,9.7,No information,No information,68,No information,4026,46.4,4.3,60.5,0,60.5,90.3,23,1374,shot
youri-tielemans,https://www.sofascore.com/san-marino-belgium/rUbsIWb#id:8078660,belgium,miss,No information,corner,22.6,54.9,0,right-foot,high,0,47.9,62.5,No information,No information,64,No information,3838,54.9,22.6,52.1,0,52.1,37.5,27,1562,shot
nacer-chadli,https://www.sofascore.com/san-marino-belgium/rUbsIWb#id:8078660,belgium,save,No information,assisted,7.1,31.6,0,left-foot,low-centre,0,51.3,17.1,No information,No information,62,No information,3687,31.6,7.1,48.7,0,48.7,82.9,29,1713,shot
thomas-vermaelen,https://www.sofascore.com/san-marino-belgium/rUbsIWb#id:8078660,belgium,block,No information,corner,7.7,56.3,0,right-foot,No information,No information,No information,No information,No information,No information,62,No information,3676,56.3,7.7,No information,No information,No information,No information,29,1724,shot
romelu-lukaku,https://www.sofascore.com/san-marino-belgium/rUbsIWb#id:8078660,belgium,save,No information,corner,4.3,49.3,0,head,low-centre,0,51.3,18.4,No information,No information,62,No information,3671,49.3,4.3,48.7,0,48.7,81.6,29,1729,shot
youri-tielemans,https://www.sofascore.com/san-marino-belgium/rUbsIWb#id:8078660,belgium,save,No information,regular,2.7,60,0,right-foot,high-right,0,46.7,20.3,No information,No information,61,No information,3646,60,2.7,53.3,0,53.3,79.7,30,1754,shot
dries-mertens,https://www.sofascore.com/san-marino-belgium/rUbsIWb#id:8078660,belgium,post,No information,assisted,12.8,61.1,0,right-foot,left,0,55.1,5.1,No information,No information,61,No information,3643,61.1,12.8,44.9,0,44.9,94.9,30,1757,shot
eden-hazard,https://www.sofascore.com/san-marino-belgium/rUbsIWb#id:8078660,belgium,miss,No information,assisted,13.6,34.2,0,right-foot,close-right,0,42.2,16.7,No information,No information,57,No information,3371,34.2,13.6,57.8,0,57.8,83.3,34,2029,shot
eden-hazard,https://www.sofascore.com/san-marino-belgium/rUbsIWb#id:8078660,belgium,save,No information,assisted,8.7,61.8,0,right-foot,high-right,0,47.4,21.5,No information,No information,55,No information,3284,61.8,8.7,52.6,0,52.6,78.5,36,2116,shot
romelu-lukaku,https://www.sofascore.com/san-marino-belgium/rUbsIWb#id:8078660,belgium,miss,No information,assisted,19.4,41.9,0,right-foot,high-right,0,38.3,77.8,No information,No information,54,No information,3202,41.9,19.4,61.7,0,61.7,22.2,37,2198,shot
eden-hazard,https://www.sofascore.com/san-marino-belgium/rUbsIWb#id:8078660,belgium,save,No information,assisted,10.3,34.3,0,left-foot,high-centre,0,48.8,24.1,No information,No information,52,No information,3087,34.3,10.3,51.2,0,51.2,75.9,39,2313,shot
timothy-castagne,https://www.sofascore.com/san-marino-belgium/rUbsIWb#id:8078660,belgium,miss,No information,assisted,7,52.2,0,head,close-right,0,41.2,36.1,No information,No information,48,No information,2870,52.2,7,58.8,0,58.8,63.9,43,2530,shot
youri-tielemans,https://www.sofascore.com/san-marino-belgium/rUbsIWb#id:8078660,belgium,goal,regular,assisted,13.3,60.6,0,right-foot,high-left,0,52.5,20.3,No information,No information,45,1,2752,60.6,13.3,47.5,0,47.5,79.7,1,2648,shot
toby-alderweireld,https://www.sofascore.com/san-marino-belgium/rUbsIWb#id:8078660,belgium,goal,regular,assisted,20.4,70.5,0,right-foot,low-right,0,46.7,7,No information,No information,43,No information,2550,70.5,20.4,53.3,0,53.3,93,3,150,shot
eden-hazard,https://www.sofascore.com/san-marino-belgium/rUbsIWb#id:8078660,belgium,block,No information,regular,13.4,53.6,0,right-foot,No information,No information,No information,No information,No information,No information,43,No information,2546,53.6,13.4,No information,No information,No information,No information,3,154,shot
romelu-lukaku,https://www.sofascore.com/san-marino-belgium/rUbsIWb#id:8078660,belgium,goal,regular,assisted,13.4,34.9,0,right-foot,low-right,0,48,5.7,No information,No information,41,No information,2429,34.9,13.4,52,0,52,94.3,5,271,shot
eden-hazard,https://www.sofascore.com/san-marino-belgium/rUbsIWb#id:8078660,belgium,block,No information,assisted,21.8,39.8,0,right-foot,No information,No information,No information,No information,No information,No information,38,No information,2277,39.8,21.8,No information,No information,No information,No information,8,423,shot
timothy-castagne,https://www.sofascore.com/san-marino-belgium/rUbsIWb#id:8078660,belgium,miss,No information,assisted,7.2,57.8,0,head,left,0,61,9.7,No information,No information,36,No information,2146,57.8,7.2,39,0,39,90.3,10,554,shot
cristian-brolli,https://www.sofascore.com/san-marino-belgium/rUbsIWb#id:8078660,belgium,goal,own,corner,3.4,47.5,0,right-foot,low-left,0,52.7,10.1,No information,No information,35,No information,2049,47.5,3.4,47.3,0,47.3,89.9,11,651,shot
romelu-lukaku,https://www.sofascore.com/san-marino-belgium/rUbsIWb#id:8078660,belgium,save,No information,corner,7.5,54.6,0,left-foot,low-centre,0,50.4,11.4,No information,No information,35,No information,2046,54.6,7.5,49.6,0,49.6,88.6,11,654,shot
nacer-chadli,https://www.sofascore.com/san-marino-belgium/rUbsIWb#id:8078660,belgium,goal,regular,assisted,20.7,42.1,0,right-foot,low-right,0,47.2,9.5,No information,No information,31,No information,1829,42.1,20.7,52.8,0,52.8,90.5,15,871,shot
romelu-lukaku,https://www.sofascore.com/san-marino-belgium/rUbsIWb#id:8078660,belgium,goal,regular,assisted,12,66.3,0,right-foot,low-right,0,46.7,5.7,No information,No information,28,No information,1658,66.3,12,53.3,0,53.3,94.3,18,1042,shot
timothy-castagne,https://www.sofascore.com/san-marino-belgium/rUbsIWb#id:8078660,belgium,miss,No information,assisted,10.7,58.7,0,head,close-high,0,47.2,51.4,No information,No information,27,No information,1608,58.7,10.7,52.8,0,52.8,48.6,19,1092,shot
romelu-lukaku,https://www.sofascore.com/san-marino-belgium/rUbsIWb#id:8078660,belgium,block,No information,assisted,14.2,43.4,0,right-foot,No information,No information,No information,No information,No information,No information,26,No information,1501,43.4,14.2,No information,No information,No information,No information,20,1199,shot
dries-mertens,https://www.sofascore.com/san-marino-belgium/rUbsIWb#id:8078660,belgium,miss,No information,assisted,8.3,38.8,0,right-foot,right,0,0.2,4.2,No information,No information,24,No information,1384,38.8,8.3,99.8,0,99.8,95.8,22,1316,shot
jan-vertonghen,https://www.sofascore.com/san-marino-belgium/rUbsIWb#id:8078660,belgium,block,No information,corner,25.9,38.2,0,left-foot,No information,No information,No information,No information,No information,No information,23,No information,1332,38.2,25.9,No information,No information,No information,No information,23,1368,shot
eden-hazard,https://www.sofascore.com/san-marino-belgium/rUbsIWb#id:8078660,belgium,miss,No information,corner,5.8,29.7,0,right-foot,close-right,0,43.5,34.7,No information,No information,20,No information,1157,29.7,5.8,56.5,0,56.5,65.3,26,1543,shot
romelu-lukaku,https://www.sofascore.com/san-marino-belgium/rUbsIWb#id:8078660,belgium,miss,No information,assisted,7.3,51.7,0,head,close-high,0,48.1,50,No information,No information,18,No information,1034,51.7,7.3,51.9,0,51.9,50,28,1666,shot
nacer-chadli,https://www.sofascore.com/san-marino-belgium/rUbsIWb#id:8078660,belgium,miss,No information,corner,7.3,55.1,0,head,left,0,100,4.2,No information,No information,14,No information,780,55.1,7.3,0,0,0,95.8,32,1920,shot
dries-mertens,https://www.sofascore.com/san-marino-belgium/rUbsIWb#id:8078660,belgium,save,No information,assisted,8.8,44.9,0,left-foot,low-centre,0,49.6,3.8,No information,No information,11,No information,626,44.9,8.8,50.4,0,50.4,96.2,35,2074,shot
hans-vanaken,https://www.sofascore.com/san-marino-belgium/rUbsIWb#id:8078660,belgium,miss,No information,assisted,14.1,49.1,0,right-foot,close-left,0,59.2,11.1,No information,No information,9,No information,485,49.1,14.1,40.8,0,40.8,88.9,37,2215,shot
youri-tielemans,https://www.sofascore.com/san-marino-belgium/rUbsIWb#id:8078660,belgium,miss,No information,regular,20.4,52.4,0,left-foot,left,0,62,38.9,No information,No information,4,No information,219,52.4,20.4,38,0,38,61.1,42,2481,shot
toby-alderweireld,https://www.sofascore.com/san-marino-belgium/rUbsIWb#id:8078660,belgium,miss,No information,assisted,20.3,72.3,0,right-foot,left,0,67.6,8.3,No information,No information,3,No information,169,72.3,20.3,32.4,0,32.4,91.7,43,2531,shot
nacer-chadli,https://www.sofascore.com/san-marino-belgium/rUbsIWb#id:8078660,belgium,miss,No information,assisted,8.8,43.5,0,head,left,0,99.8,5.6,No information,No information,2,No information,60,43.5,8.8,0.2,0,0.2,94.4,44,2640,shot

yannick-carrasco,https://www.sofascore.com/belgium-iceland/iUbsrUb#id:8600748,belgium,miss,No information,regular,15.1,47.4,0,right-foot,close-left,0,56.8,12.5,No information,No information,89,No information,5305,47.4,15.1,43.2,0,43.2,87.5,2,95,shot
timothy-castagne,https://www.sofascore.com/belgium-iceland/iUbsrUb#id:8600748,belgium,miss,No information,assisted,13.2,47.9,0,head,high-right,0,43.9,61.1,No information,No information,72,No information,4269,47.9,13.2,56.1,0,56.1,38.9,19,1131,shot
hordur-magnusson,https://www.sofascore.com/belgium-iceland/iUbsrUb#id:8600748,iceland,miss,No information,free-kick,28.4,71.5,0,left-foot,close-right,0,42.9,27.8,No information,No information,52,No information,3068,71.5,28.4,57.1,0,57.1,72.2,39,2332,shot
albert-gudmundsson,https://www.sofascore.com/belgium-iceland/iUbsrUb#id:8600748,iceland,block,No information,corner,16.7,39.8,0,right-foot,low-right,0,45.6,19,No information,No information,47,No information,2765,39.8,16.7,54.4,0,54.4,81,44,2635,shot
youri-tielemans,https://www.sofascore.com/belgium-iceland/iUbsrUb#id:8600748,belgium,block,No information,corner,18.5,45.4,0,right-foot,low-left,0,52,19,No information,No information,40,No information,2395,45.4,18.5,48,0,48,81,6,305,shot
romelu-lukaku,https://www.sofascore.com/belgium-iceland/iUbsrUb#id:8600748,belgium,goal,penalty,penalty,11.5,50,0,left-foot,low-right,0,47.3,3.2,No information,No information,38,No information,2227,50,11.5,52.7,0,52.7,96.8,8,473,shot
toby-alderweireld,https://www.sofascore.com/belgium-iceland/iUbsrUb#id:8600748,belgium,miss,No information,assisted,22.1,65.1,0,right-foot,left,0,60.3,20.8,No information,No information,31,No information,1803,65.1,22.1,39.7,0,39.7,79.2,15,897,shot
jon-dadi-bodvarsson,https://www.sofascore.com/belgium-iceland/iUbsrUb#id:8600748,iceland,save,No information,assisted,19.5,56.9,0,right-foot,low-centre,0,49.7,18.4,No information,No information,29,No information,1681,56.9,19.5,50.3,0,50.3,81.6,17,1019,shot
leandro-trossard,https://www.sofascore.com/belgium-iceland/iUbsrUb#id:8600748,belgium,block,No information,assisted,15,47.1,0,left-foot,low-right,0,47.1,19,No information,No information,27,No information,1574,47.1,15,52.9,0,52.9,81,19,1126,shot
axel-witsel,https://www.sofascore.com/belgium-iceland/iUbsrUb#id:8600748,belgium,miss,No information,corner,17.9,42.5,0,right-foot,high-right,0,35.8,41.7,No information,No information,24,No information,1381,42.5,17.9,64.2,0,64.2,58.3,22,1319,shot
birkir-mar-saevarsson,https://www.sofascore.com/belgium-iceland/iUbsrUb#id:8600748,iceland,goal,regular,assisted,10.8,65.2,0,right-foot,low-centre,0,49,1.9,No information,No information,17,No information,989,65.2,10.8,51,0,51,98.1,29,1711,shot
romelu-lukaku,https://www.sofascore.com/belgium-iceland/iUbsrUb#id:8600748,belgium,goal,regular,regular,11.4,53.6,0,left-foot,high-left,0,52.5,20.3,No information,No information,9,No information,529,53.6,11.4,47.5,0,47.5,79.7,37,2171,shot
youri-tielemans,https://www.sofascore.com/belgium-iceland/iUbsrUb#id:8600748,belgium,block,No information,assisted,3.1,66.2,0,right-foot,low-right,0,47.6,19,No information,No information,8,No information,457,66.2,3.1,52.4,0,52.4,81,38,2243,shot

romelu-lukaku,https://www.sofascore.com/belgium-england/nUbsrUb#id:8600823,belgium,miss,No information,fast-break,18,63.3,0,left-foot,close-left,0,58.3,25,No information,No information,90,1,5442,63.3,18,41.7,0,41.7,75,1,858,shot
axel-witsel,https://www.sofascore.com/belgium-england/nUbsrUb#id:8600823,belgium,miss,No information,assisted,10.7,68.2,0,right-foot,high,0,48.7,84.7,No information,No information,87,No information,5206,68.2,10.7,51.3,0,51.3,15.3,4,194,shot
romelu-lukaku,https://www.sofascore.com/belgium-england/nUbsrUb#id:8600823,belgium,block,No information,assisted,20.3,65.8,0,left-foot,low-centre,0,51.2,19,No information,No information,87,No information,5201,65.8,20.3,48.8,0,48.8,81,4,199,shot
harry-kane,https://www.sofascore.com/belgium-england/nUbsrUb#id:8600823,england,block,No information,assisted,7,48.2,0,left-foot,low-centre,0,49.9,19,No information,No information,85,No information,5061,48.2,7,50.1,0,50.1,81,6,339,shot
harry-kane,https://www.sofascore.com/belgium-england/nUbsrUb#id:8600823,england,miss,No information,assisted,21.4,31,0,right-foot,close-right,0,42.2,36.1,No information,No information,82,No information,4910,31,21.4,57.8,0,57.8,63.9,9,490,shot
romelu-lukaku,https://www.sofascore.com/belgium-england/nUbsrUb#id:8600823,belgium,save,No information,assisted,10,44,0,left-foot,low-centre,0,51.7,13.3,No information,No information,77,No information,4573,44,10,48.3,0,48.3,86.7,14,827,shot
harry-kane,https://www.sofascore.com/belgium-england/nUbsrUb#id:8600823,england,block,No information,assisted,23.9,37.7,0,right-foot,low-centre,0,51.5,19,No information,No information,73,No information,4331,37.7,23.9,48.5,0,48.5,81,18,1069,shot
kyle-walker,https://www.sofascore.com/belgium-england/nUbsrUb#id:8600823,england,block,No information,assisted,27.3,59.2,0,right-foot,low-centre,0,48.6,19,No information,No information,67,No information,3995,59.2,27.3,51.4,0,51.4,81,24,1405,shot
jack-grealish,https://www.sofascore.com/belgium-england/nUbsrUb#id:8600823,england,miss,No information,assisted,15.2,38.2,0,right-foot,close-high,0,47.7,54.2,No information,No information,61,No information,3609,38.2,15.2,52.3,0,52.3,45.8,30,1791,shot
harry-kane,https://www.sofascore.com/belgium-england/nUbsrUb#id:8600823,england,save,No information,assisted,15.7,43.7,0,right-foot,low-centre,0,48.8,0.6,No information,No information,57,No information,3396,43.7,15.7,51.2,0,51.2,99.4,34,2004,shot
bukayo-saka,https://www.sofascore.com/belgium-england/nUbsrUb#id:8600823,england,miss,No information,set-piece,14,47.6,0,right-foot,right,0,20.8,26.4,No information,No information,54,No information,3235,47.6,14,79.2,0,79.2,73.6,37,2165,shot
kieran-trippier,https://www.sofascore.com/belgium-england/nUbsrUb#id:8600823,england,block,No information,free-kick,18.3,29.3,0,right-foot,low-centre,0,50.4,19,No information,No information,54,No information,3233,29.3,18.3,49.6,0,49.6,81,37,2167,shot
mason-mount,https://www.sofascore.com/belgium-england/nUbsrUb#id:8600823,england,miss,No information,free-kick,21.3,40.9,0,right-foot,high-left,0,56,66.7,No information,No information,52,No information,3090,40.9,21.3,44,0,44,33.3,39,2310,shot
kevin-de-bruyne,https://www.sofascore.com/belgium-england/nUbsrUb#id:8600823,belgium,miss,No information,assisted,21.3,63.7,0,right-foot,left,0,63.5,1.4,No information,No information,47,No information,2799,63.7,21.3,36.5,0,36.5,98.6,44,2601,shot
mason-mount,https://www.sofascore.com/belgium-england/nUbsrUb#id:8600823,england,miss,No information,corner,7.7,42.3,0,head,left,0,62.7,27.8,No information,No information,45,No information,2647,42.3,7.7,37.3,0,37.3,72.2,1,53,shot
harry-kane,https://www.sofascore.com/belgium-england/nUbsrUb#id:8600823,england,save,No information,regular,4.4,31.6,0,right-foot,low-left,0,52.8,1.3,No information,No information,44,No information,2613,31.6,4.4,47.2,0,47.2,98.7,2,87,shot
dries-mertens,https://www.sofascore.com/belgium-england/nUbsrUb#id:8600823,belgium,miss,No information,regular,47.3,48.7,0,right-foot,left,0,60.8,16.7,No information,No information,41,No information,2435,48.7,47.3,39.2,0,39.2,83.3,5,265,shot
mason-mount,https://www.sofascore.com/belgium-england/nUbsrUb#id:8600823,england,miss,No information,regular,6.3,46.8,0,left-foot,high,0,45,100,No information,No information,34,No information,2032,46.8,6.3,55,0,55,0,12,668,shot
dries-mertens,https://www.sofascore.com/belgium-england/nUbsrUb#id:8600823,belgium,goal,regular,free-kick,22.6,34.9,0,right-foot,low-left,0,53.5,14.6,No information,No information,24,No information,1382,34.9,22.6,46.5,0,46.5,85.4,22,1318,shot
jack-grealish,https://www.sofascore.com/belgium-england/nUbsrUb#id:8600823,england,block,No information,assisted,18.7,48.7,0,right-foot,low-centre,0,49.5,19,No information,No information,15,No information,881,48.7,18.7,50.5,0,50.5,81,31,1819,shot
harry-kane,https://www.sofascore.com/belgium-england/nUbsrUb#id:8600823,england,block,No information,corner,9.1,48,0,head,low-right,0,46.4,19,No information,No information,12,No information,662,48,9.1,53.6,0,53.6,81,34,2038,shot
jack-grealish,https://www.sofascore.com/belgium-england/nUbsrUb#id:8600823,england,block,No information,assisted,8.5,52.8,0,right-foot,low-right,0,48.2,19,No information,No information,11,No information,628,52.8,8.5,51.8,0,51.8,81,35,2072,shot
youri-tielemans,https://www.sofascore.com/belgium-england/nUbsrUb#id:8600823,belgium,goal,regular,assisted,24.1,55.7,0,right-foot,low-right,0,46.1,12.7,No information,No information,10,No information,548,55.7,24.1,53.9,0,53.9,87.3,36,2152,shot
harry-kane,https://www.sofascore.com/belgium-england/nUbsrUb#id:8600823,england,miss,No information,assisted,23.4,53,0,right-foot,close-left,0,58.7,4.2,No information,No information,2,No information,105,53,23.4,41.3,0,41.3,95.8,44,2595,shot

dries-mertens,https://www.sofascore.com/belgium-wales/cUbsrUb#id:9223746,belgium,save,No information,assisted,25.3,40.1,0,right-foot,low-right,0,46.5,9.5,No information,No information,88,No information,5223,40.1,25.3,53.5,0,53.5,90.5,3,177,shot
romelu-lukaku,https://www.sofascore.com/belgium-wales/cUbsrUb#id:9223746,belgium,goal,penalty,penalty,11.5,50.1,0,left-foot,low-right,0,47.4,7,No information,No information,73,No information,4326,50.1,11.5,52.6,0,52.6,93,18,1074,shot
kevin-de-bruyne,https://www.sofascore.com/belgium-wales/cUbsrUb#id:9223746,belgium,miss,No information,regular,20.4,64.1,0,right-foot,close-right,0,43,27.8,No information,No information,66,No information,3923,64.1,20.4,57,0,57,72.2,25,1477,shot
romelu-lukaku,https://www.sofascore.com/belgium-wales/cUbsrUb#id:9223746,belgium,block,No information,regular,10.7,50.1,0,left-foot,low-centre,0,50.4,19,No information,No information,66,No information,3920,50.1,10.7,49.6,0,49.6,81,25,1480,shot
daniel-james,https://www.sofascore.com/belgium-wales/cUbsrUb#id:9223746,wales,miss,No information,assisted,14.1,67.2,0,right-foot,right,0,36.3,27.8,No information,No information,58,No information,3457,67.2,14.1,63.7,0,63.7,72.2,33,1943,shot
daniel-james,https://www.sofascore.com/belgium-wales/cUbsrUb#id:9223746,wales,miss,No information,assisted,13.2,32.8,0,right-foot,close-right,0,42.2,33.3,No information,No information,56,No information,3336,32.8,13.2,57.8,0,57.8,66.7,35,2064,shot
gareth-bale,https://www.sofascore.com/belgium-wales/cUbsrUb#id:9223746,wales,miss,No information,assisted,3.7,56,0,left-foot,right,0,36.6,4.2,No information,No information,49,No information,2880,56,3.7,63.4,0,63.4,95.8,42,2520,shot
dries-mertens,https://www.sofascore.com/belgium-wales/cUbsrUb#id:9223746,belgium,miss,No information,assisted,27.2,33.7,0,right-foot,high,0,53.8,76.4,No information,No information,38,No information,2242,33.7,27.2,46.2,0,46.2,23.6,8,458,shot
thorgan-hazard,https://www.sofascore.com/belgium-wales/cUbsrUb#id:9223746,belgium,miss,No information,assisted,24.9,43.1,0,right-foot,high,0,55.8,73.6,No information,No information,32,No information,1915,43.1,24.9,44.2,0,44.2,26.4,14,785,shot
thorgan-hazard,https://www.sofascore.com/belgium-wales/cUbsrUb#id:9223746,belgium,goal,regular,assisted,7.3,46.1,0,head,low-right,0,47.4,12,No information,No information,28,No information,1649,46.1,7.3,52.6,0,52.6,88,18,1051,shot
toby-alderweireld,https://www.sofascore.com/belgium-wales/cUbsrUb#id:9223746,belgium,miss,No information,corner,6.5,51.9,0,head,left,0,78.7,4.2,No information,No information,25,No information,1465,51.9,6.5,21.3,0,21.3,95.8,21,1235,shot
kevin-de-bruyne,https://www.sofascore.com/belgium-wales/cUbsrUb#id:9223746,belgium,goal,regular,assisted,25.2,34,0,right-foot,low-right,0,45.8,16.5,No information,No information,22,No information,1305,34,25.2,54.2,0,54.2,83.5,24,1395,shot
romelu-lukaku,https://www.sofascore.com/belgium-wales/cUbsrUb#id:9223746,belgium,miss,No information,corner,3.6,48.9,0,left-foot,high-left,0,56.5,63.9,No information,No information,17,No information,974,48.9,3.6,43.5,0,43.5,36.1,29,1726,shot
youri-tielemans,https://www.sofascore.com/belgium-wales/cUbsrUb#id:9223746,belgium,block,No information,regular,18.7,47,0,right-foot,low-centre,0,48.9,19,No information,No information,16,No information,936,47,18.7,51.1,0,51.1,81,30,1764,shot
romelu-lukaku,https://www.sofascore.com/belgium-wales/cUbsrUb#id:9223746,belgium,block,No information,assisted,12.6,64,0,left-foot,low-right,0,48,19,No information,No information,15,No information,851,64,12.6,52,0,52,81,31,1849,shot
harry-wilson,https://www.sofascore.com/belgium-wales/cUbsrUb#id:9223746,wales,goal,regular,assisted,10.5,56.7,0,left-foot,low-left,0,53.5,0.6,No information,No information,10,No information,595,56.7,10.5,46.5,0,46.5,99.4,36,2105,shot

johan-bakayoko,https://www.sofascore.com/austria-belgium/rUbstUb#id:10752434,belgium,block,No information,corner,21.2,64.1,0,left-foot,low-left,0,53.7,19,No information,No information,90,5,5656,64.1,21.2,46.3,0,46.3,81,1,644,shot
youri-tielemans,https://www.sofascore.com/austria-belgium/rUbstUb#id:10752434,belgium,post,No information,corner,21.2,68.6,0,left-foot,high,0,54.5,38.6,No information,No information,90,5,5647,68.6,21.2,45.5,0,45.5,61.4,1,653,shot
romelu-lukaku,https://www.sofascore.com/austria-belgium/rUbstUb#id:10752434,belgium,block,No information,regular,10.5,36.7,0,left-foot,low-left,0,52.7,19,No information,No information,90,3,5542,36.7,10.5,47.3,0,47.3,81,1,758,shot
romelu-lukaku,https://www.sofascore.com/austria-belgium/rUbstUb#id:10752434,belgium,miss,No information,assisted,18.5,40.2,0,left-foot,high-left,0,57.5,66.7,No information,No information,90,1,5402,40.2,18.5,42.5,0,42.5,33.3,1,898,shot
vranckx-aster,https://www.sofascore.com/austria-belgium/rUbstUb#id:10752434,belgium,block,No information,assisted,15.2,35.7,0,right-foot,low-centre,0,49.6,19,No information,No information,89,No information,5309,35.7,15.2,50.4,0,50.4,81,2,91,shot
romelu-lukaku,https://www.sofascore.com/austria-belgium/rUbstUb#id:10752434,belgium,miss,No information,assisted,2.5,39.6,0,left-foot,close-left,0,59,13.9,No information,No information,83,No information,4977,39.6,2.5,41,0,41,86.1,8,423,shot
marcel-sabitzer,https://www.sofascore.com/austria-belgium/rUbstUb#id:10752434,austria,block,No information,assisted,19.4,26,0,right-foot,low-left,0,53.7,19,No information,No information,82,No information,4899,26,19.4,46.3,0,46.3,81,9,501,shot
romelu-lukaku,https://www.sofascore.com/austria-belgium/rUbstUb#id:10752434,belgium,block,No information,regular,14.8,45.6,0,left-foot,low-right,0,47.5,19,No information,No information,80,No information,4754,45.6,14.8,52.5,0,52.5,81,11,646,shot
johan-bakayoko,https://www.sofascore.com/austria-belgium/rUbstUb#id:10752434,belgium,block,No information,assisted,12.8,54,0,left-foot,low-centre,0,50.2,19,No information,No information,80,No information,4752,54,12.8,49.8,0,49.8,81,11,648,shot
yannick-carrasco,https://www.sofascore.com/austria-belgium/rUbstUb#id:10752434,belgium,miss,No information,assisted,17.7,49.5,0,right-foot,close-right,0,42.7,22.2,No information,No information,75,No information,4474,49.5,17.7,57.3,0,57.3,77.8,16,926,shot
johan-bakayoko,https://www.sofascore.com/austria-belgium/rUbstUb#id:10752434,belgium,save,No information,assisted,15,72.8,0,left-foot,high-centre,0,50,29.1,No information,No information,74,No information,4395,72.8,15,50,0,50,70.9,17,1005,shot
xaver-schlager,https://www.sofascore.com/austria-belgium/rUbstUb#id:10752434,austria,miss,No information,regular,13.8,54.3,0,right-foot,left,0,62.7,6.9,No information,No information,68,No information,4051,54.3,13.8,37.3,0,37.3,93.1,23,1349,shot
stefan-posch,https://www.sofascore.com/austria-belgium/rUbstUb#id:10752434,austria,save,No information,assisted,8.8,64.2,0,right-foot,low-centre,0,51.6,6.3,No information,No information,68,No information,4048,64.2,8.8,48.4,0,48.4,93.7,23,1352,shot
marcel-sabitzer,https://www.sofascore.com/austria-belgium/rUbstUb#id:10752434,austria,miss,No information,assisted,18.7,49.1,0,right-foot,close-right,0,43,11.1,No information,No information,67,No information,3966,49.1,18.7,57,0,57,88.9,24,1434,shot
michael-gregoritsch,https://www.sofascore.com/austria-belgium/rUbstUb#id:10752434,austria,save,No information,assisted,8.8,49.3,0,head,low-centre,0,50.5,5.7,No information,No information,63,No information,3735,49.3,8.8,49.5,0,49.5,94.3,28,1665,shot
romelu-lukaku,https://www.sofascore.com/austria-belgium/rUbstUb#id:10752434,belgium,goal,regular,assisted,18.4,57.7,0,left-foot,low-left,0,53.9,3.2,No information,No information,61,No information,3659,57.7,18.4,46.1,0,46.1,96.8,30,1741,shot
romelu-lukaku,https://www.sofascore.com/austria-belgium/rUbstUb#id:10752434,belgium,miss,No information,assisted,22.5,57.5,0,right-foot,left,0,59.5,23.6,No information,No information,59,No information,3523,57.5,22.5,40.5,0,40.5,76.4,32,1877,shot
christoph-baumgartner,https://www.sofascore.com/austria-belgium/rUbstUb#id:10752434,austria,miss,No information,assisted,14.1,46.4,0,head,right,0,39.7,2.8,No information,No information,58,No information,3469,46.4,14.1,60.3,0,60.3,97.2,33,1931,shot
xaver-schlager,https://www.sofascore.com/austria-belgium/rUbstUb#id:10752434,austria,block,No information,regular,29.2,49,0,left-foot,low-left,0,51.9,19,No information,No information,55,No information,3276,49,29.2,48.1,0,48.1,81,36,2124,shot
wout-faes,https://www.sofascore.com/austria-belgium/rUbstUb#id:10752434,belgium,miss,No information,corner,7.6,46.1,0,head,close-high,0,47.1,50,No information,No information,54,No information,3221,46.1,7.6,52.9,0,52.9,50,37,2179,shot
arthur-theate,https://www.sofascore.com/austria-belgium/rUbstUb#id:10752434,belgium,block,No information,corner,8.4,45.9,0,head,low-centre,0,51.4,19,No information,No information,48,No information,2848,45.9,8.4,48.6,0,48.6,81,43,2552,shot
jeremy-doku,https://www.sofascore.com/austria-belgium/rUbstUb#id:10752434,belgium,block,No information,corner,17.8,29.3,0,right-foot,low-centre,0,50.1,19,No information,No information,42,No information,2478,29.3,17.8,49.9,0,49.9,81,4,222,shot
dodi-lukebakio,https://www.sofascore.com/austria-belgium/rUbstUb#id:10752434,belgium,block,No information,assisted,12.8,51.7,0,left-foot,low-centre,0,48.9,19,No information,No information,41,No information,2408,51.7,12.8,51.1,0,51.1,81,5,292,shot
marko-arnautovic,https://www.sofascore.com/austria-belgium/rUbstUb#id:10752434,austria,miss,No information,assisted,13.5,56.5,0,head,left,0,61.2,12.5,No information,No information,36,No information,2132,56.5,13.5,38.8,0,38.8,87.5,10,568,shot
michael-gregoritsch,https://www.sofascore.com/austria-belgium/rUbstUb#id:10752434,austria,goal,regular,corner,10.3,33.8,0,left-foot,low-left,0,52.3,13.9,No information,No information,21,No information,1254,33.8,10.3,47.7,0,47.7,86.1,25,1446,shot
leander-dendoncker,https://www.sofascore.com/austria-belgium/rUbstUb#id:10752434,belgium,block,No information,regular,14.1,47.2,0,right-foot,low-centre,0,51,19,No information,No information,13,No information,758,47.2,14.1,49,0,49,81,33,1942,shot
christoph-baumgartner,https://www.sofascore.com/austria-belgium/rUbstUb#id:10752434,austria,block,No information,throw-in-set-piece,15.7,49.7,0,right-foot,low-left,0,52.3,19,No information,No information,8,No information,451,49.7,15.7,47.7,0,47.7,81,38,2249,shot
maximilian-wober,https://www.sofascore.com/austria-belgium/rUbstUb#id:10752434,austria,block,No information,throw-in-set-piece,18.8,50.9,0,right-foot,low-centre,0,49.3,19,No information,No information,8,No information,449,50.9,18.8,50.7,0,50.7,81,38,2251,shot

anton-krivotsyuk,https://www.sofascore.com/azerbaijan-belgium/rUbsRUb#id:10752477,azerbaijan,miss,No information,corner,11.3,45.2,0,head,high,0,44.5,68.1,No information,No information,90,3,5579,45.2,11.3,55.5,0,55.5,31.9,1,721,shot
emin-makhmudov,https://www.sofascore.com/azerbaijan-belgium/rUbsRUb#id:10752477,azerbaijan,block,No information,free-kick,12.8,17.5,0,right-foot,low-right,0,46.2,18.1,No information,No information,90,3,5547,17.5,12.8,53.8,0,53.8,81.9,1,753,shot
timothy-castagne,https://www.sofascore.com/azerbaijan-belgium/rUbsRUb#id:10752477,belgium,save,No information,corner,15.8,73.9,0,right-foot,low-left,0,54.4,17.1,No information,No information,87,No information,5168,73.9,15.8,45.6,0,45.6,82.9,4,232,shot
michy-batshuayi,https://www.sofascore.com/azerbaijan-belgium/rUbsRUb#id:10752477,belgium,miss,No information,assisted,10.1,72.3,0,left-foot,close-high-left,0,57.3,55.6,No information,No information,85,No information,5064,72.3,10.1,42.7,0,42.7,44.4,6,336,shot
jeremy-doku,https://www.sofascore.com/azerbaijan-belgium/rUbsRUb#id:10752477,belgium,save,No information,assisted,13.5,29.7,0,right-foot,high-centre,0,51.6,31,No information,No information,85,No information,5054,29.7,13.5,48.4,0,48.4,69,6,346,shot
yannick-carrasco,https://www.sofascore.com/azerbaijan-belgium/rUbsRUb#id:10752477,belgium,save,No information,free-kick,29.6,33.7,0,right-foot,high-left,0,53.6,27.2,No information,No information,81,No information,4844,33.7,29.6,46.4,0,46.4,72.8,10,556,shot
elvin-cafarquliyev,https://www.sofascore.com/azerbaijan-belgium/rUbsRUb#id:10752477,azerbaijan,miss,No information,fast-break,14.1,31.6,0,right-foot,high-right,0,33.9,95.8,No information,No information,74,No information,4422,31.6,14.1,66.1,0,66.1,4.2,17,978,shot
cosqun-diniyev,https://www.sofascore.com/azerbaijan-belgium/rUbsRUb#id:10752477,azerbaijan,save,No information,assisted,24.3,31.1,0,right-foot,low-right,0,46.3,4.4,No information,No information,65,No information,3855,31.1,24.3,53.7,0,53.7,95.6,26,1545,shot
leandro-trossard,https://www.sofascore.com/azerbaijan-belgium/rUbsRUb#id:10752477,belgium,save,No information,assisted,13.4,39,0,right-foot,low-left,0,52.5,17.7,No information,No information,60,No information,3563,39,13.4,47.5,0,47.5,82.3,31,1837,shot
yannick-carrasco,https://www.sofascore.com/azerbaijan-belgium/rUbsRUb#id:10752477,belgium,miss,No information,free-kick,5.4,13.8,0,right-foot,high-right,0,37.5,45.8,No information,No information,58,No information,3426,13.8,5.4,62.5,0,62.5,54.2,33,1974,shot
leandro-trossard,https://www.sofascore.com/azerbaijan-belgium/rUbsRUb#id:10752477,belgium,miss,No information,corner,28.3,40.4,0,left-foot,close-right,0,41.3,12.5,No information,No information,54,No information,3193,40.4,28.3,58.7,0,58.7,87.5,37,2207,shot
romelu-lukaku,https://www.sofascore.com/azerbaijan-belgium/rUbsRUb#id:10752477,belgium,block,No information,assisted,15,44.5,0,left-foot,low-centre,0,51.2,19,No information,No information,53,No information,3157,44.5,15,48.8,0,48.8,81,38,2243,shot
toral-bayramov,https://www.sofascore.com/azerbaijan-belgium/rUbsRUb#id:10752477,azerbaijan,miss,No information,corner,2.8,59.4,0,left-foot,close-right,0,42.9,16.7,No information,No information,52,No information,3070,59.4,2.8,57.1,0,57.1,83.3,39,2330,shot
yannick-carrasco,https://www.sofascore.com/azerbaijan-belgium/rUbsRUb#id:10752477,belgium,goal,regular,assisted,16.2,53.6,0,left-foot,low-centre,0,51.6,3.2,No information,No information,38,No information,2244,53.6,16.2,48.4,0,48.4,96.8,8,456,shot
johan-bakayoko,https://www.sofascore.com/azerbaijan-belgium/rUbsRUb#id:10752477,belgium,miss,No information,regular,24.6,50.1,0,left-foot,right,0,38,6.9,No information,No information,38,No information,2242,50.1,24.6,62,0,62,93.1,8,458,shot
ramil-sheydaev,https://www.sofascore.com/azerbaijan-belgium/rUbsRUb#id:10752477,azerbaijan,save,No information,assisted,23.4,62.9,0,right-foot,high-right,0,47.9,20.9,No information,No information,33,No information,1956,62.9,23.4,52.1,0,52.1,79.1,13,744,shot
renat-dadasov,https://www.sofascore.com/azerbaijan-belgium/rUbsRUb#id:10752477,azerbaijan,save,No information,assisted,10.7,40.6,0,head,high-centre,0,48.3,31.6,No information,No information,31,No information,1858,40.6,10.7,51.7,0,51.7,68.4,15,842,shot
romelu-lukaku,https://www.sofascore.com/azerbaijan-belgium/rUbsRUb#id:10752477,belgium,block,No information,assisted,20.2,43.7,0,left-foot,low-centre,0,51.6,19,No information,No information,25,No information,1457,43.7,20.2,48.4,0,48.4,81,21,1243,shot
yannick-carrasco,https://www.sofascore.com/azerbaijan-belgium/rUbsRUb#id:10752477,belgium,save,No information,assisted,12.8,31,0,right-foot,high-centre,0,50.4,20.3,No information,No information,24,No information,1432,31,12.8,49.6,0,49.6,79.7,22,1268,shot
jan-vertonghen,https://www.sofascore.com/azerbaijan-belgium/rUbsRUb#id:10752477,belgium,miss,No information,corner,7.7,50.9,0,head,high-left,0,57,61.1,No information,No information,15,No information,876,50.9,7.7,43,0,43,38.9,31,1824,shot
amadou-onana,https://www.sofascore.com/azerbaijan-belgium/rUbsRUb#id:10752477,belgium,miss,No information,corner,4.3,43.1,0,head,high,0,45.9,65.3,No information,No information,11,No information,625,43.1,4.3,54.1,0,54.1,34.7,35,2075,shot
romelu-lukaku,https://www.sofascore.com/azerbaijan-belgium/rUbsRUb#id:10752477,belgium,miss,No information,assisted,23.9,67.8,0,right-foot,high-right,0,35.8,77.8,No information,No information,8,No information,421,67.8,23.9,64.2,0,64.2,22.2,38,2279,shot
emin-makhmudov,https://www.sofascore.com/azerbaijan-belgium/rUbsRUb#id:10752477,azerbaijan,block,No information,regular,8.5,44,0,left-foot,low-centre,0,48.4,6.9,No information,No information,7,No information,374,44,8.5,51.6,0,51.6,93.1,39,2326,shot
renat-dadasov,https://www.sofascore.com/azerbaijan-belgium/rUbsRUb#id:10752477,azerbaijan,save,No information,assisted,11.6,29.5,0,right-foot,low-centre,0,51,13.3,No information,No information,7,No information,372,29.5,11.6,49,0,49,86.7,39,2328,shot
leandro-trossard,https://www.sofascore.com/azerbaijan-belgium/rUbsRUb#id:10752477,belgium,post,No information,assisted,14.9,46.7,0,right-foot,left,0,55.5,4.4,No information,No information,5,No information,244,46.7,14.9,44.5,0,44.5,95.6,41,2456,shot
