Player,Game Link,Country,shotType,goalType,situation,X,Y,Z,bodyPart,goalMouthLocation,Goal Mouth X,Goal mouth Y,Goal Mouth Z,XG,XGOT,time,addedTime,timeSeconds,Start X,Start Y,End X,End Y,Goal X,Goal Y,reversedPeriodTime,reversedPeriodTimeSeconds,incidentType
marcus-berg,https://www.sofascore.com/croatia-sweden/NTbspUb#id:8600827,sweden,miss,No information,assisted,8.3,49.3,0,head,close-right,0,42,8.3,No information,No information,89,No information,5330,49.3,8.3,58,0,58,91.7,2,70,shot
dejan-kulusevski,https://www.sofascore.com/croatia-sweden/NTbspUb#id:8600827,sweden,block,No information,regular,18.2,49.1,0,left-foot,low-centre,0,49.2,19,No information,No information,86,No information,5144,49.1,18.2,50.8,0,50.8,81,5,256,shot
andrej-kramaric,https://www.sofascore.com/croatia-sweden/NTbspUb#id:8600827,croatia,goal,regular,assisted,6.9,51.9,0,left-foot,low-centre,0,50.3,1.3,No information,No information,84,No information,4990,51.9,6.9,49.7,0,49.7,98.7,7,410,shot
andrej-kramaric,https://www.sofascore.com/croatia-sweden/NTbspUb#id:8600827,croatia,miss,No information,assisted,23.1,48.1,0,left-foot,right,0,37,1.4,No information,No information,79,No information,4728,48.1,23.1,63,0,63,98.6,12,672,shot
viktor-claesson,https://www.sofascore.com/croatia-sweden/NTbspUb#id:8600827,sweden,miss,No information,corner,10.1,58.1,0,head,close-right,0,41,19.4,No information,No information,77,No information,4562,58.1,10.1,59,0,59,80.6,14,838,shot
dejan-kulusevski,https://www.sofascore.com/croatia-sweden/NTbspUb#id:8600827,sweden,miss,No information,assisted,12.5,64.7,0,right-foot,close-right,0,42.2,8.3,No information,No information,72,No information,4296,64.7,12.5,57.8,0,57.8,91.7,19,1104,shot
ludwig-augustinsson,https://www.sofascore.com/croatia-sweden/NTbspUb#id:8600827,sweden,miss,No information,assisted,26.8,35.5,0,left-foot,right,0,32.4,4.2,No information,No information,72,No information,4271,35.5,26.8,67.6,0,67.6,95.8,19,1129,shot
viktor-claesson,https://www.sofascore.com/croatia-sweden/NTbspUb#id:8600827,sweden,miss,No information,assisted,12.7,61.9,0,right-foot,close-right,0,42.2,8.3,No information,No information,69,No information,4121,61.9,12.7,57.8,0,57.8,91.7,22,1279,shot
marcus-berg,https://www.sofascore.com/croatia-sweden/NTbspUb#id:8600827,sweden,goal,regular,assisted,5.8,43.7,0,right-foot,low-centre,0,51.7,3.2,No information,No information,66,No information,3930,43.7,5.8,48.3,0,48.3,96.8,25,1470,shot
marcelo-brozovic,https://www.sofascore.com/croatia-sweden/NTbspUb#id:8600827,croatia,miss,No information,corner,14,61.7,0,right-foot,high,0,49.1,97.2,No information,No information,63,No information,3736,61.7,14,50.9,0,50.9,2.8,28,1664,shot
ivan-perisic,https://www.sofascore.com/croatia-sweden/NTbspUb#id:8600827,croatia,save,No information,assisted,22,31.8,0,right-foot,high-left,0,53.5,21.5,No information,No information,62,No information,3692,31.8,22,46.5,0,46.5,78.5,29,1708,shot
emil-forsberg,https://www.sofascore.com/croatia-sweden/NTbspUb#id:8600827,sweden,save,No information,free-kick,31.1,51.2,0,right-foot,high-left,0,52.2,29.7,No information,No information,57,No information,3419,51.2,31.1,47.8,0,47.8,70.3,34,1981,shot
josip-brekalo,https://www.sofascore.com/croatia-sweden/NTbspUb#id:8600827,croatia,save,No information,assisted,21.5,63.7,0,right-foot,low-left,0,52.6,1.9,No information,No information,53,No information,3154,63.7,21.5,47.4,0,47.4,98.1,38,2246,shot
marcus-berg,https://www.sofascore.com/croatia-sweden/NTbspUb#id:8600827,sweden,block,No information,assisted,14.8,27.5,0,left-foot,low-centre,0,51.3,19,No information,No information,44,No information,2634,27.5,14.8,48.7,0,48.7,81,2,66,shot
dejan-kulusevski,https://www.sofascore.com/croatia-sweden/NTbspUb#id:8600827,sweden,block,No information,assisted,18.1,48.6,0,right-foot,low-centre,0,48.7,19,No information,No information,44,No information,2631,48.6,18.1,51.3,0,51.3,81,2,69,shot
nikola-vlasic,https://www.sofascore.com/croatia-sweden/NTbspUb#id:8600827,croatia,miss,No information,corner,22.1,40,0,right-foot,close-high,0,46.1,55.6,No information,No information,40,No information,2350,40,22.1,53.9,0,53.9,44.4,6,350,shot
luka-modric,https://www.sofascore.com/croatia-sweden/NTbspUb#id:8600827,croatia,block,No information,assisted,18.5,34.9,0,right-foot,low-centre,0,48.5,19,No information,No information,33,No information,1966,34.9,18.5,51.5,0,51.5,81,13,734,shot
nikola-vlasic,https://www.sofascore.com/croatia-sweden/NTbspUb#id:8600827,croatia,goal,regular,fast-break,11.7,58.2,0,right-foot,low-right,0,47.4,0.6,No information,No information,31,No information,1856,58.2,11.7,52.6,0,52.6,99.4,15,844,shot
ivan-perisic,https://www.sofascore.com/croatia-sweden/NTbspUb#id:8600827,croatia,miss,No information,assisted,22.2,38,0,left-foot,close-high,0,47.4,58.3,No information,No information,30,No information,1764,38,22.2,52.6,0,52.6,41.7,16,936,shot
nikola-vlasic,https://www.sofascore.com/croatia-sweden/NTbspUb#id:8600827,croatia,save,No information,assisted,14.4,25.2,0,left-foot,low-left,0,52.3,15.8,No information,No information,26,No information,1509,25.2,14.4,47.7,0,47.7,84.2,20,1191,shot
dejan-kulusevski,https://www.sofascore.com/croatia-sweden/NTbspUb#id:8600827,sweden,save,No information,assisted,18.9,46.2,0,right-foot,low-centre,0,50.2,1.9,No information,No information,25,No information,1460,46.2,18.9,49.8,0,49.8,98.1,21,1240,shot
luka-modric,https://www.sofascore.com/croatia-sweden/NTbspUb#id:8600827,croatia,miss,No information,assisted,13.5,30.1,0,right-foot,high-right,0,35.6,70.8,No information,No information,19,No information,1137,30.1,13.5,64.4,0,64.4,29.2,27,1563,shot
luka-modric,https://www.sofascore.com/croatia-sweden/NTbspUb#id:8600827,croatia,save,No information,assisted,14.9,27.9,0,left-foot,low-centre,0,50.4,14.6,No information,No information,18,No information,1076,27.9,14.9,49.6,0,49.6,85.4,28,1624,shot
filip-uremovic,https://www.sofascore.com/croatia-sweden/NTbspUb#id:8600827,croatia,block,No information,assisted,9.6,68.4,0,right-foot,low-right,0,47.6,19,No information,No information,15,No information,877,68.4,9.6,52.4,0,52.4,81,31,1823,shot
kristoffer-olsson,https://www.sofascore.com/croatia-sweden/NTbspUb#id:8600827,sweden,block,No information,set-piece,29.4,46.4,0,right-foot,low-centre,0,49.4,19,No information,No information,14,No information,803,46.4,29.4,50.6,0,50.6,81,32,1897,shot
emil-forsberg,https://www.sofascore.com/croatia-sweden/NTbspUb#id:8600827,sweden,block,No information,free-kick,26.4,43.1,0,right-foot,low-centre,0,50.5,19,No information,No information,2,No information,119,43.1,26.4,49.5,0,49.5,81,44,2581,shot
albin-ekdal,https://www.sofascore.com/croatia-sweden/NTbspUb#id:8600827,sweden,block,No information,set-piece,27.8,43.4,0,right-foot,low-centre,0,49.3,19,No information,No information,1,No information,58,43.4,27.8,50.7,0,50.7,81,45,2642,shot

mislav-orsic,https://www.sofascore.com/croatia-cyprus/HObspUb#id:9223764,croatia,miss,No information,corner,24.2,23.7,0,right-foot,close-right,0,41.8,18.1,No information,No information,90,3,5525,23.7,24.2,58.2,0,58.2,81.9,1,775,shot
mislav-orsic,https://www.sofascore.com/croatia-cyprus/HObspUb#id:9223764,croatia,miss,No information,assisted,26.4,60.5,0,right-foot,close-high,0,53.8,58.3,No information,No information,85,No information,5091,60.5,26.4,46.2,0,46.2,41.7,6,309,shot
nikola-vlasic,https://www.sofascore.com/croatia-cyprus/HObspUb#id:9223764,croatia,save,No information,assisted,18.9,67.8,0,left-foot,low-centre,0,49.7,11.4,No information,No information,81,No information,4804,67.8,18.9,50.3,0,50.3,88.6,10,596,shot
josip-brekalo,https://www.sofascore.com/croatia-cyprus/HObspUb#id:9223764,croatia,block,No information,corner,20,30.4,0,left-foot,low-centre,0,50.7,19,No information,No information,64,No information,3806,30.4,20,49.3,0,49.3,81,27,1594,shot
chambos-kyriakou,https://www.sofascore.com/croatia-cyprus/HObspUb#id:9223764,cyprus,save,No information,assisted,26.6,26,0,right-foot,low-left,0,53.2,7,No information,No information,62,No information,3684,26,26.6,46.8,0,46.8,93,29,1716,shot
andrej-kramaric,https://www.sofascore.com/croatia-cyprus/HObspUb#id:9223764,croatia,miss,No information,regular,9.7,33,0,right-foot,high-right,0,40.2,95.8,No information,No information,59,No information,3485,33,9.7,59.8,0,59.8,4.2,32,1915,shot
luka-modric,https://www.sofascore.com/croatia-cyprus/HObspUb#id:9223764,croatia,block,No information,assisted,26,62.7,0,right-foot,low-centre,0,50.2,19,No information,No information,54,No information,3196,62.7,26,49.8,0,49.8,81,37,2204,shot
borna-barisic,https://www.sofascore.com/croatia-cyprus/HObspUb#id:9223764,croatia,miss,No information,corner,10.7,66.6,0,left-foot,left,0,96,18.1,No information,No information,51,No information,3042,66.6,10.7,4,0,4,81.9,40,2358,shot
konstantinos-sotiriou,https://www.sofascore.com/croatia-cyprus/HObspUb#id:9223764,cyprus,save,No information,set-piece,9.8,47.6,0,head,low-centre,0,48.4,9.5,No information,No information,45,2,2801,47.6,9.8,51.6,0,51.6,90.5,1,2599,shot
ivan-perisic,https://www.sofascore.com/croatia-cyprus/HObspUb#id:9223764,croatia,save,No information,set-piece,8.1,41.8,0,head,low-centre,0,50.1,4.4,No information,No information,45,1,2724,41.8,8.1,49.9,0,49.9,95.6,1,2676,shot
chambos-kyriakou,https://www.sofascore.com/croatia-cyprus/HObspUb#id:9223764,cyprus,miss,No information,assisted,23.3,67.7,0,right-foot,high,0,54.6,94.4,No information,No information,42,No information,2472,67.7,23.3,45.4,0,45.4,5.6,4,228,shot
mario-pasalic,https://www.sofascore.com/croatia-cyprus/HObspUb#id:9223764,croatia,goal,regular,regular,4.9,48.6,0,head,high-centre,0,48.7,20.3,No information,No information,40,No information,2367,48.6,4.9,51.3,0,51.3,79.7,6,333,shot
luka-modric,https://www.sofascore.com/croatia-cyprus/HObspUb#id:9223764,croatia,miss,No information,assisted,23.1,54.9,0,left-foot,close-high-left,0,58,58.3,No information,No information,36,No information,2148,54.9,23.1,42,0,42,41.7,10,552,shot
mario-pasalic,https://www.sofascore.com/croatia-cyprus/HObspUb#id:9223764,croatia,miss,No information,assisted,3.3,42.9,0,head,close-left,0,58,38.9,No information,No information,30,No information,1773,42.9,3.3,42,0,42,61.1,16,927,shot
marcelo-brozovic,https://www.sofascore.com/croatia-cyprus/HObspUb#id:9223764,croatia,miss,No information,assisted,22.6,48,0,left-foot,close-high-left,0,57.8,43.1,No information,No information,23,No information,1363,48,22.6,42.2,0,42.2,56.9,23,1337,shot
luka-modric,https://www.sofascore.com/croatia-cyprus/HObspUb#id:9223764,croatia,miss,No information,regular,21.4,33.6,0,right-foot,high,0,47.4,69.4,No information,No information,20,No information,1183,33.6,21.4,52.6,0,52.6,30.6,26,1517,shot
sime-vrsaljko,https://www.sofascore.com/croatia-cyprus/HObspUb#id:9223764,croatia,miss,No information,assisted,17.3,65.8,0,right-foot,high,0,52.6,69.4,No information,No information,17,No information,1012,65.8,17.3,47.4,0,47.4,30.6,29,1688,shot
mario-pasalic,https://www.sofascore.com/croatia-cyprus/HObspUb#id:9223764,croatia,miss,No information,assisted,10.8,51.8,0,head,right,0,29.7,12.5,No information,No information,9,No information,509,51.8,10.8,70.3,0,70.3,87.5,37,2191,shot
josip-brekalo,https://www.sofascore.com/croatia-cyprus/HObspUb#id:9223764,croatia,block,No information,assisted,14.3,41.6,0,left-foot,low-centre,0,50.1,19,No information,No information,8,No information,421,41.6,14.3,49.9,0,49.9,81,38,2279,shot
mario-pasalic,https://www.sofascore.com/croatia-cyprus/HObspUb#id:9223764,croatia,miss,No information,assisted,10.4,44.3,0,head,left,0,69.4,8.3,No information,No information,4,No information,220,44.3,10.4,30.6,0,30.6,91.7,42,2480,shot

marcelo-brozovic,https://www.sofascore.com/croatia-denmark/BObspUb#id:10023425,croatia,miss,No information,assisted,17.4,51.5,0,right-foot,high-right,0,43.5,81.9,No information,No information,90,3,5576,51.5,17.4,56.5,0,56.5,18.1,1,724,shot
jonas-wind,https://www.sofascore.com/croatia-denmark/BObspUb#id:10023425,denmark,miss,No information,regular,8.7,51.9,0,left-foot,left,0,94.6,2.8,No information,No information,89,No information,5331,51.9,8.7,5.4,0,5.4,97.2,2,69,shot
luka-modric,https://www.sofascore.com/croatia-denmark/BObspUb#id:10023425,croatia,block,No information,assisted,22.7,71.3,0,right-foot,low-right,0,46.6,19,No information,No information,88,No information,5277,71.3,22.7,53.4,0,53.4,81,3,123,shot
marcelo-brozovic,https://www.sofascore.com/croatia-denmark/BObspUb#id:10023425,croatia,block,No information,corner,21,27,0,right-foot,low-centre,0,50.5,19,No information,No information,85,No information,5090,27,21,49.5,0,49.5,81,6,310,shot
martin-braithwaite,https://www.sofascore.com/croatia-denmark/BObspUb#id:10023425,denmark,miss,No information,regular,20.2,42,0,right-foot,close-left,0,57,5.6,No information,No information,82,No information,4873,42,20.2,43,0,43,94.4,9,527,shot
martin-braithwaite,https://www.sofascore.com/croatia-denmark/BObspUb#id:10023425,denmark,block,No information,assisted,4.4,65.2,0,right-foot,low-right,0,47.4,19,No information,No information,81,No information,4805,65.2,4.4,52.6,0,52.6,81,10,595,shot
nikola-vlasic,https://www.sofascore.com/croatia-denmark/BObspUb#id:10023425,croatia,block,No information,fast-break,9.7,28.2,0,right-foot,low-right,0,47.3,19,No information,No information,80,No information,4741,28.2,9.7,52.7,0,52.7,81,11,659,shot
martin-braithwaite,https://www.sofascore.com/croatia-denmark/BObspUb#id:10023425,denmark,miss,No information,set-piece,10,48.1,0,head,high,0,48.6,75,No information,No information,76,No information,4534,48.1,10,51.4,0,51.4,25,15,866,shot
thomas-delaney,https://www.sofascore.com/croatia-denmark/BObspUb#id:10023425,denmark,block,No information,assisted,11.6,34.6,0,left-foot,low-left,0,52.9,19,No information,No information,73,No information,4339,34.6,11.6,47.1,0,47.1,81,18,1061,shot
mario-pasalic,https://www.sofascore.com/croatia-denmark/BObspUb#id:10023425,croatia,goal,regular,corner,4.7,56.6,0,right-foot,low-centre,0,50.2,5.1,No information,No information,69,No information,4134,56.6,4.7,49.8,0,49.8,94.9,22,1266,shot
josip-stanisic,https://www.sofascore.com/croatia-denmark/BObspUb#id:10023425,croatia,block,No information,set-piece,9.9,57,0,right-foot,low-centre,0,50.5,19,No information,No information,69,No information,4091,57,9.9,49.5,0,49.5,81,22,1309,shot
luka-modric,https://www.sofascore.com/croatia-denmark/BObspUb#id:10023425,croatia,save,No information,assisted,23.2,53.8,0,right-foot,low-right,0,45.3,12.7,No information,No information,63,No information,3728,53.8,23.2,54.7,0,54.7,87.3,28,1672,shot
andrej-kramaric,https://www.sofascore.com/croatia-denmark/BObspUb#id:10023425,croatia,miss,No information,assisted,4.2,51.5,0,head,left,0,84.9,16.7,No information,No information,56,No information,3326,51.5,4.2,15.1,0,15.1,83.3,35,2074,shot
pierre-emile-hojbjerg,https://www.sofascore.com/croatia-denmark/BObspUb#id:10023425,denmark,miss,No information,corner,30.7,51.7,0,right-foot,left,0,62.4,8.3,No information,No information,55,No information,3267,51.7,30.7,37.6,0,37.6,91.7,36,2133,shot
joakim-maehle,https://www.sofascore.com/croatia-denmark/BObspUb#id:10023425,denmark,block,No information,corner,20.2,29.9,0,right-foot,high-centre,0,50.9,27.8,No information,No information,41,No information,2447,29.9,20.2,49.1,0,49.1,72.2,5,253,shot
andreas-cornelius,https://www.sofascore.com/croatia-denmark/BObspUb#id:10023425,denmark,save,No information,assisted,20.5,61.5,0,left-foot,low-left,0,53.7,14.6,No information,No information,40,No information,2393,61.5,20.5,46.3,0,46.3,85.4,6,307,shot
daniel-wass,https://www.sofascore.com/croatia-denmark/BObspUb#id:10023425,denmark,miss,No information,corner,24.9,59.6,0,right-foot,high,0,44.4,93.1,No information,No information,38,No information,2267,59.6,24.9,55.6,0,55.6,6.9,8,433,shot
christian-eriksen,https://www.sofascore.com/croatia-denmark/BObspUb#id:10023425,denmark,block,No information,assisted,20.1,46.5,0,right-foot,low-left,0,52,19,No information,No information,25,No information,1498,46.5,20.1,48,0,48,81,21,1202,shot
pierre-emile-hojbjerg,https://www.sofascore.com/croatia-denmark/BObspUb#id:10023425,denmark,miss,No information,corner,20.4,28,0,right-foot,high-right,0,43.9,88.9,No information,No information,21,No information,1220,28,20.4,56.1,0,56.1,11.1,25,1480,shot
joachim-andersen,https://www.sofascore.com/croatia-denmark/BObspUb#id:10023425,denmark,block,No information,set-piece,9.8,63.7,0,right-foot,low-centre,0,49.2,19,No information,No information,20,No information,1189,63.7,9.8,50.8,0,50.8,81,26,1511,shot
mislav-orsic,https://www.sofascore.com/croatia-denmark/BObspUb#id:10023425,croatia,miss,No information,assisted,13.6,32.6,0,right-foot,high,0,51.6,63.9,No information,No information,13,No information,750,32.6,13.6,48.4,0,48.4,36.1,33,1950,shot
joakim-maehle,https://www.sofascore.com/croatia-denmark/BObspUb#id:10023425,denmark,miss,No information,assisted,6.8,27.9,0,left-foot,close-left,0,57,27.8,No information,No information,11,No information,651,27.9,6.8,43,0,43,72.2,35,2049,shot
andreas-cornelius,https://www.sofascore.com/croatia-denmark/BObspUb#id:10023425,denmark,miss,No information,regular,16.9,53.4,0,left-foot,high,0,53.6,76.4,No information,No information,6,No information,359,53.4,16.9,46.4,0,46.4,23.6,40,2341,shot

mario-pasalic,https://www.sofascore.com/croatia-england/nUbspUb#id:8513120,croatia,miss,No information,throw-in-set-piece,15,53.3,0,left-foot,high,0,53.3,75,No information,No information,90,5,5669,53.3,15,46.7,0,46.7,25,1,631,shot
raheem-sterling,https://www.sofascore.com/croatia-england/nUbspUb#id:8513120,england,miss,No information,set-piece,13.1,39.8,0,left-foot,high,0,52.3,88.9,No information,No information,74,No information,4434,39.8,13.1,47.7,0,47.7,11.1,17,966,shot
ante-rebic,https://www.sofascore.com/croatia-england/nUbspUb#id:8513120,croatia,miss,No information,assisted,8.8,56.1,0,other,left,0,63.4,4.2,No information,No information,73,No information,4356,56.1,8.8,36.6,0,36.6,95.8,18,1044,shot
marcelo-brozovic,https://www.sofascore.com/croatia-england/nUbspUb#id:8513120,croatia,miss,No information,corner,19.1,52.7,0,right-foot,close-left,0,59,11.1,No information,No information,70,No information,4154,52.7,19.1,41,0,41,88.9,21,1246,shot
mason-mount,https://www.sofascore.com/croatia-england/nUbspUb#id:8513120,england,miss,No information,free-kick,23.3,62.1,0,right-foot,close-high,0,54.5,50,No information,No information,67,No information,3999,62.1,23.3,45.5,0,45.5,50,24,1401,shot
ante-rebic,https://www.sofascore.com/croatia-england/nUbspUb#id:8513120,croatia,miss,No information,regular,14.4,46.9,0,left-foot,right,0,38.5,2.8,No information,No information,65,No information,3882,46.9,14.4,61.5,0,61.5,97.2,26,1518,shot
mateo-kovacic,https://www.sofascore.com/croatia-england/nUbspUb#id:8513120,croatia,block,No information,regular,22.8,57.5,0,right-foot,low-left,0,52.6,19,No information,No information,65,No information,3880,57.5,22.8,47.4,0,47.4,81,26,1520,shot
harry-kane,https://www.sofascore.com/croatia-england/nUbspUb#id:8513120,england,miss,No information,assisted,2.5,54.9,0,right-foot,high-right,0,39.8,72.2,No information,No information,61,No information,3639,54.9,2.5,60.2,0,60.2,27.8,30,1761,shot
raheem-sterling,https://www.sofascore.com/croatia-england/nUbspUb#id:8513120,england,goal,regular,assisted,8.9,54.2,0,right-foot,low-centre,0,49.9,13.3,No information,No information,57,No information,3369,54.2,8.9,50.1,0,50.1,86.7,34,2031,shot
luka-modric,https://www.sofascore.com/croatia-england/nUbspUb#id:8513120,croatia,save,No information,assisted,24.4,73,0,right-foot,low-centre,0,48.7,1.3,No information,No information,55,No information,3250,73,24.4,51.3,0,51.3,98.7,36,2150,shot
kieran-trippier,https://www.sofascore.com/croatia-england/nUbspUb#id:8513120,england,block,No information,free-kick,19.8,36,0,right-foot,low-centre,0,51.4,19,No information,No information,43,No information,2548,36,19.8,48.6,0,48.6,81,3,152,shot
ivan-perisic,https://www.sofascore.com/croatia-england/nUbspUb#id:8513120,croatia,miss,No information,assisted,15.1,39.4,0,right-foot,high,0,47.9,77.8,No information,No information,27,No information,1579,39.4,15.1,52.1,0,52.1,22.2,19,1121,shot
raheem-sterling,https://www.sofascore.com/croatia-england/nUbspUb#id:8513120,england,miss,No information,throw-in-set-piece,19.5,35.1,0,right-foot,right,0,26.2,19.4,No information,No information,26,No information,1519,35.1,19.5,73.8,0,73.8,80.6,20,1181,shot
kalvin-phillips,https://www.sofascore.com/croatia-england/nUbspUb#id:8513120,england,save,No information,corner,18.5,66.8,0,right-foot,low-left,0,52.3,5.7,No information,No information,9,No information,499,66.8,18.5,47.7,0,47.7,94.3,37,2201,shot
ante-rebic,https://www.sofascore.com/croatia-england/nUbspUb#id:8513120,croatia,save,No information,assisted,26.8,33.6,0,right-foot,low-left,0,54.3,18.4,No information,No information,6,No information,358,33.6,26.8,45.7,0,45.7,81.6,40,2342,shot
phil-foden,https://www.sofascore.com/croatia-england/nUbspUb#id:8513120,england,block,No information,assisted,14.1,64.5,0,left-foot,low-left,0,52.3,19,No information,No information,6,No information,305,64.5,14.1,47.7,0,47.7,81,40,2395,shot

dejan-lovren,https://www.sofascore.com/argentina-croatia/pUbsuWb#id:10230580,croatia,miss,No information,assisted,26.6,47.4,0,left-foot,close-high,0,49.7,56.9,No information,No information,90,5,5693,47.4,26.6,50.3,0,50.3,43.1,1,607,shot
nikola-vlasic,https://www.sofascore.com/argentina-croatia/pUbsuWb#id:10230580,croatia,miss,No information,assisted,14.7,68,0,left-foot,high-left,0,63.7,59.7,No information,No information,90,3,5571,68,14.7,36.3,0,36.3,40.3,1,729,shot
lovro-majer,https://www.sofascore.com/argentina-croatia/pUbsuWb#id:10230580,croatia,save,No information,assisted,24.1,45.8,0,left-foot,low-right,0,46.6,5.1,No information,No information,89,No information,5303,45.8,24.1,53.4,0,53.4,94.9,2,97,shot
alexis-mac-allister,https://www.sofascore.com/argentina-croatia/pUbsuWb#id:10230580,argentina,miss,No information,set-piece,11.7,55,0,right-foot,close-right,0,41.5,6.9,No information,No information,83,No information,4932,55,11.7,58.5,0,58.5,93.1,8,468,shot
mislav-orsic,https://www.sofascore.com/argentina-croatia/pUbsuWb#id:10230580,croatia,miss,No information,assisted,11.8,27,0,right-foot,close-high-right,0,43.2,55.6,No information,No information,78,No information,4659,27,11.8,56.8,0,56.8,44.4,13,741,shot
ivan-perisic,https://www.sofascore.com/argentina-croatia/pUbsuWb#id:10230580,croatia,miss,No information,assisted,31.9,28.3,0,left-foot,high,0,47.2,76.4,No information,No information,75,No information,4494,28.3,31.9,52.8,0,52.8,23.6,16,906,shot
ivan-perisic,https://www.sofascore.com/argentina-croatia/pUbsuWb#id:10230580,croatia,save,No information,free-kick,27.4,58.8,0,left-foot,low-right,0,47.1,3.2,No information,No information,73,No information,4333,58.8,27.4,52.9,0,52.9,96.8,18,1067,shot
julian-alvarez,https://www.sofascore.com/argentina-croatia/pUbsuWb#id:10230580,argentina,goal,regular,assisted,6.3,56.1,0,right-foot,low-centre,0,50.2,1.9,No information,No information,69,No information,4127,56.1,6.3,49.8,0,49.8,98.1,22,1273,shot
dejan-lovren,https://www.sofascore.com/argentina-croatia/pUbsuWb#id:10230580,croatia,block,No information,set-piece,8.3,52,0,head,low-centre,0,49,19,No information,No information,62,No information,3707,52,8.3,51,0,51,81,29,1693,shot
mislav-orsic,https://www.sofascore.com/argentina-croatia/pUbsuWb#id:10230580,croatia,block,No information,regular,20.9,30.1,0,right-foot,low-centre,0,49.7,19,No information,No information,58,No information,3455,30.1,20.9,50.3,0,50.3,81,33,1945,shot
lionel-messi,https://www.sofascore.com/argentina-croatia/pUbsuWb#id:10230580,argentina,save,No information,assisted,7.5,34.5,0,left-foot,low-left,0,53.2,7,No information,No information,58,No information,3425,34.5,7.5,46.8,0,46.8,93,33,1975,shot
leandro-paredes,https://www.sofascore.com/argentina-croatia/pUbsuWb#id:10230580,argentina,save,No information,assisted,27.1,59.2,0,right-foot,low-centre,0,50.3,12,No information,No information,49,No information,2905,59.2,27.1,49.7,0,49.7,88,42,2495,shot
mario-pasalic,https://www.sofascore.com/argentina-croatia/pUbsuWb#id:10230580,croatia,miss,No information,regular,1.2,58.1,0,right-foot,close-right,0,44,26.4,No information,No information,45,No information,2693,58.1,1.2,56,0,56,73.6,1,7,shot
luka-modric,https://www.sofascore.com/argentina-croatia/pUbsuWb#id:10230580,croatia,block,No information,assisted,24.5,57.2,0,right-foot,low-centre,0,50.2,19,No information,No information,45,No information,2687,57.2,24.5,49.8,0,49.8,81,1,13,shot
alexis-mac-allister,https://www.sofascore.com/argentina-croatia/pUbsuWb#id:10230580,argentina,save,No information,corner,5.4,41.6,0,head,low-centre,0,49.7,11.4,No information,No information,42,No information,2513,41.6,5.4,50.3,0,50.3,88.6,4,187,shot
rodrigo-de-paul,https://www.sofascore.com/argentina-croatia/pUbsuWb#id:10230580,argentina,block,No information,assisted,22.9,65.1,0,right-foot,low-left,0,53.4,16.7,No information,No information,41,No information,2449,65.1,22.9,46.6,0,46.6,83.3,5,251,shot
julian-alvarez,https://www.sofascore.com/argentina-croatia/pUbsuWb#id:10230580,argentina,goal,regular,fast-break,5.4,47.4,0,right-foot,low-left,0,53.2,12.7,No information,No information,39,No information,2306,47.4,5.4,46.8,0,46.8,87.3,7,394,shot
lionel-messi,https://www.sofascore.com/argentina-croatia/pUbsuWb#id:10230580,argentina,goal,penalty,penalty,11.5,50,0,left-foot,high-right,0,47.7,24.7,No information,No information,34,No information,2007,50,11.5,52.3,0,52.3,75.3,12,693,shot
ivan-perisic,https://www.sofascore.com/argentina-croatia/pUbsuWb#id:10230580,croatia,miss,No information,assisted,12.4,27.2,0,right-foot,close-high,0,50.6,56.9,No information,No information,31,No information,1833,27.2,12.4,49.4,0,49.4,43.1,15,867,shot
enzo-fernandez,https://www.sofascore.com/argentina-croatia/pUbsuWb#id:10230580,argentina,save,No information,assisted,25.6,44.3,0,right-foot,low-right,0,46.9,5.7,No information,No information,25,No information,1474,44.3,25.6,53.1,0,53.1,94.3,21,1226,shot
dejan-lovren,https://www.sofascore.com/argentina-croatia/pUbsuWb#id:10230580,croatia,miss,No information,corner,4.4,33.3,0,head,high-left,0,56.6,75,No information,No information,16,No information,952,33.3,4.4,43.4,0,43.4,25,30,1748,shot

nikola-vlasic,https://www.sofascore.com/croatia-latvia/gUbspUb#id:10752472,croatia,save,No information,corner,12.8,37.7,0,left-foot,low-centre,0,50.1,5.1,No information,No information,90,3,5520,37.7,12.8,49.9,0,49.9,94.9,1,780,shot
davis-ikaunieks,https://www.sofascore.com/croatia-latvia/gUbspUb#id:10752472,latvia,miss,No information,regular,22.8,50.3,0,left-foot,left,0,61.2,23.6,No information,No information,90,2,5460,50.3,22.8,38.8,0,38.8,76.4,1,840,shot
ivan-perisic,https://www.sofascore.com/croatia-latvia/gUbspUb#id:10752472,croatia,save,No information,assisted,21.6,68.6,0,left-foot,low-right,0,46.3,6.3,No information,No information,90,1,5402,68.6,21.6,53.7,0,53.7,93.7,1,898,shot
domagoj-vida,https://www.sofascore.com/croatia-latvia/gUbspUb#id:10752472,croatia,miss,No information,corner,7.3,53.8,0,head,right,0,34.1,12.5,No information,No information,88,No information,5226,53.8,7.3,65.9,0,65.9,87.5,3,174,shot
josip-juranovic,https://www.sofascore.com/croatia-latvia/gUbspUb#id:10752472,croatia,block,No information,throw-in-set-piece,13.1,73.2,0,right-foot,low-left,0,53.6,11.1,No information,No information,87,No information,5183,73.2,13.1,46.4,0,46.4,88.9,4,217,shot
josip-sutalo,https://www.sofascore.com/croatia-latvia/gUbspUb#id:10752472,croatia,save,No information,corner,8,56.7,0,head,low-centre,0,49.4,8.9,No information,No information,84,No information,5002,56.7,8,50.6,0,50.6,91.1,7,398,shot
roberts-uldrikis,https://www.sofascore.com/croatia-latvia/gUbspUb#id:10752472,latvia,miss,No information,assisted,13.1,45.4,0,right-foot,high,0,53.8,81.9,No information,No information,83,No information,4921,45.4,13.1,46.2,0,46.2,18.1,8,479,shot
mario-pasalic,https://www.sofascore.com/croatia-latvia/gUbspUb#id:10752472,croatia,goal,regular,assisted,13,45.7,0,right-foot,high-right,0,47.6,20.3,No information,No information,78,No information,4638,45.7,13,52.4,0,52.4,79.7,13,762,shot
josip-juranovic,https://www.sofascore.com/croatia-latvia/gUbspUb#id:10752472,croatia,miss,No information,assisted,10.1,70.5,0,right-foot,high,0,49.2,72.2,No information,No information,75,No information,4485,70.5,10.1,50.8,0,50.8,27.8,16,915,shot
ivan-perisic,https://www.sofascore.com/croatia-latvia/gUbspUb#id:10752472,croatia,miss,No information,assisted,20.2,65,0,left-foot,left,0,59.7,15.3,No information,No information,74,No information,4428,65,20.2,40.3,0,40.3,84.7,17,972,shot
andrej-kramaric,https://www.sofascore.com/croatia-latvia/gUbspUb#id:10752472,croatia,goal,regular,set-piece,4.3,58.1,0,right-foot,low-centre,0,49.3,3.8,No information,No information,68,No information,4034,58.1,4.3,50.7,0,50.7,96.2,23,1366,shot
janis-ikaunieks,https://www.sofascore.com/croatia-latvia/gUbspUb#id:10752472,latvia,save,No information,assisted,7.1,33.2,0,left-foot,low-left,0,51.9,12,No information,No information,64,No information,3817,33.2,7.1,48.1,0,48.1,88,27,1583,shot
raimonds-krollis,https://www.sofascore.com/croatia-latvia/gUbspUb#id:10752472,latvia,save,No information,assisted,14.2,54.8,0,head,low-right,0,47.4,5.1,No information,No information,58,No information,3430,54.8,14.2,52.6,0,52.6,94.9,33,1970,shot
luka-ivanusec,https://www.sofascore.com/croatia-latvia/gUbspUb#id:10752472,croatia,save,No information,assisted,14.2,47.1,0,left-foot,low-centre,0,48.3,9.5,No information,No information,53,No information,3128,47.1,14.2,51.7,0,51.7,90.5,38,2272,shot
luka-modric,https://www.sofascore.com/croatia-latvia/gUbspUb#id:10752472,croatia,miss,No information,regular,15.5,49.5,0,left-foot,high,0,54.3,91.7,No information,No information,48,No information,2862,49.5,15.5,45.7,0,45.7,8.3,43,2538,shot
andrej-kramaric,https://www.sofascore.com/croatia-latvia/gUbspUb#id:10752472,croatia,block,No information,regular,6.9,43.6,0,right-foot,low-left,0,52.8,11.1,No information,No information,48,No information,2860,43.6,6.9,47.2,0,47.2,88.9,43,2540,shot
luka-modric,https://www.sofascore.com/croatia-latvia/gUbspUb#id:10752472,croatia,save,No information,regular,12.5,60.8,0,left-foot,low-right,0,47,17.7,No information,No information,48,No information,2858,60.8,12.5,53,0,53,82.3,43,2542,shot
luka-modric,https://www.sofascore.com/croatia-latvia/gUbspUb#id:10752472,croatia,block,No information,assisted,14.6,66.2,0,right-foot,low-centre,0,48.2,19,No information,No information,48,No information,2856,66.2,14.6,51.8,0,51.8,81,43,2544,shot
ivan-perisic,https://www.sofascore.com/croatia-latvia/gUbspUb#id:10752472,croatia,miss,No information,assisted,27.1,65.8,0,left-foot,close-high-left,0,58.8,48.6,No information,No information,45,1,2726,65.8,27.1,41.2,0,41.2,51.4,1,2674,shot
bruno-petkovic,https://www.sofascore.com/croatia-latvia/gUbspUb#id:10752472,croatia,goal,regular,assisted,3.7,57.3,0,right-foot,low-centre,0,49.3,14.6,No information,No information,44,No information,2590,57.3,3.7,50.7,0,50.7,85.4,2,110,shot
josko-gvardiol,https://www.sofascore.com/croatia-latvia/gUbspUb#id:10752472,croatia,miss,No information,assisted,27.2,47.2,0,left-foot,high,0,52.1,63.9,No information,No information,41,No information,2453,47.2,27.2,47.9,0,47.9,36.1,5,247,shot
andrej-kramaric,https://www.sofascore.com/croatia-latvia/gUbspUb#id:10752472,croatia,miss,No information,assisted,18.6,59.4,0,left-foot,high-left,0,61.7,65.3,No information,No information,33,No information,1933,59.4,18.6,38.3,0,38.3,34.7,13,767,shot
ivan-perisic,https://www.sofascore.com/croatia-latvia/gUbspUb#id:10752472,croatia,miss,No information,assisted,13,36.8,0,left-foot,left,0,60.2,5.6,No information,No information,29,No information,1734,36.8,13,39.8,0,39.8,94.4,17,966,shot
roberts-uldrikis,https://www.sofascore.com/croatia-latvia/gUbspUb#id:10752472,latvia,save,No information,fast-break,12.8,67,0,right-foot,high-centre,0,49.3,24.1,No information,No information,29,No information,1689,67,12.8,50.7,0,50.7,75.9,17,1011,shot
andrej-kramaric,https://www.sofascore.com/croatia-latvia/gUbspUb#id:10752472,croatia,save,No information,assisted,10.7,64.7,0,right-foot,low-right,0,46.8,19,No information,No information,26,No information,1552,64.7,10.7,53.2,0,53.2,81,20,1148,shot
andrej-kramaric,https://www.sofascore.com/croatia-latvia/gUbspUb#id:10752472,croatia,save,No information,assisted,18.9,65.8,0,right-foot,low-centre,0,51.5,5.1,No information,No information,21,No information,1257,65.8,18.9,48.5,0,48.5,94.9,25,1443,shot
josip-juranovic,https://www.sofascore.com/croatia-latvia/gUbspUb#id:10752472,croatia,save,No information,assisted,20.2,66.3,0,left-foot,low-centre,0,48.3,5.7,No information,No information,21,No information,1214,66.3,20.2,51.7,0,51.7,94.3,25,1486,shot
luka-ivanusec,https://www.sofascore.com/croatia-latvia/gUbspUb#id:10752472,croatia,block,No information,assisted,17.7,44.4,0,right-foot,low-centre,0,48.2,12.5,No information,No information,19,No information,1121,44.4,17.7,51.8,0,51.8,87.5,27,1579,shot
luka-ivanusec,https://www.sofascore.com/croatia-latvia/gUbspUb#id:10752472,croatia,goal,regular,regular,1.8,44,0,right-foot,low-centre,0,51.4,7,No information,No information,13,No information,751,44,1.8,48.6,0,48.6,93,33,1949,shot
bruno-petkovic,https://www.sofascore.com/croatia-latvia/gUbspUb#id:10752472,croatia,save,No information,assisted,3.4,48,0,other,low-centre,0,50.8,11.4,No information,No information,13,No information,750,48,3.4,49.2,0,49.2,88.6,33,1950,shot
borna-sosa,https://www.sofascore.com/croatia-latvia/gUbspUb#id:10752472,croatia,block,No information,assisted,9.7,29.2,0,left-foot,low-right,0,47.7,5.6,No information,No information,11,No information,617,29.2,9.7,52.3,0,52.3,94.4,35,2083,shot
ivan-perisic,https://www.sofascore.com/croatia-latvia/gUbspUb#id:10752472,croatia,miss,No information,assisted,7.8,37.5,0,head,left,0,60.3,9.7,No information,No information,7,No information,388,37.5,7.8,39.7,0,39.7,90.3,39,2312,shot
bruno-petkovic,https://www.sofascore.com/croatia-latvia/gUbspUb#id:10752472,croatia,goal,regular,free-kick,28,35.1,0,right-foot,low-left,0,54.1,17.1,No information,No information,3,No information,166,35.1,28,45.9,0,45.9,82.9,43,2534,shot

marquinhos,https://www.sofascore.com/brazil-croatia/pUbsYUb#id:10230640,brazil,post,No information,shootout,11.5,50,0,right-foot,left,0,55.2,3.2,No information,No information,126,No information,7520,50,11.5,44.8,0,44.8,96.8,10,580,shot
mislav-orsic,https://www.sofascore.com/brazil-croatia/pUbsYUb#id:10230640,croatia,goal,penalty,shootout,11.5,50,0,right-foot,low-left,0,53.9,1.3,No information,No information,125,No information,7472,50,11.5,46.1,0,46.1,98.7,11,628,shot
pedro,https://www.sofascore.com/brazil-croatia/pUbsYUb#id:10230640,brazil,goal,penalty,shootout,11.5,50,0,right-foot,low-centre,0,51.2,3.2,No information,No information,124,No information,7427,50,11.5,48.8,0,48.8,96.8,12,673,shot
luka-modric,https://www.sofascore.com/brazil-croatia/pUbsYUb#id:10230640,croatia,goal,penalty,shootout,11.5,50,0,right-foot,low-left,0,53.8,1.3,No information,No information,124,No information,7384,50,11.5,46.2,0,46.2,98.7,12,716,shot
casemiro,https://www.sofascore.com/brazil-croatia/pUbsYUb#id:10230640,brazil,goal,penalty,shootout,11.5,50,0,right-foot,low-left,0,53.9,13.9,No information,No information,123,No information,7336,50,11.5,46.1,0,46.1,86.1,13,764,shot
lovro-majer,https://www.sofascore.com/brazil-croatia/pUbsYUb#id:10230640,croatia,goal,penalty,shootout,11.5,50,0,left-foot,low-centre,0,50.3,11.4,No information,No information,122,No information,7297,50,11.5,49.7,0,49.7,88.6,14,803,shot
rodrygo,https://www.sofascore.com/brazil-croatia/pUbsYUb#id:10230640,brazil,save,No information,shootout,11.5,50,0,right-foot,low-right,0,47.5,12.7,No information,No information,121,No information,7245,50,11.5,52.5,0,52.5,87.3,15,855,shot
nikola-vlasic,https://www.sofascore.com/brazil-croatia/pUbsYUb#id:10230640,croatia,goal,penalty,shootout,11.5,50,0,right-foot,high-centre,0,51,24.7,No information,No information,121,No information,7201,50,11.5,49,0,49,75.3,15,899,shot
casemiro,https://www.sofascore.com/brazil-croatia/pUbsYUb#id:10230640,brazil,save,No information,set-piece,4.7,38.8,0,left-foot,low-centre,0,49.7,12.7,No information,No information,120,2,7279,38.8,4.7,50.3,0,50.3,87.3,1,821,shot
marquinhos,https://www.sofascore.com/brazil-croatia/pUbsYUb#id:10230640,brazil,block,No information,set-piece,8.4,45.3,0,head,low-left,0,52.4,19,No information,No information,120,2,7277,45.3,8.4,47.6,0,47.6,81,1,823,shot
lovro-majer,https://www.sofascore.com/brazil-croatia/pUbsYUb#id:10230640,croatia,miss,No information,assisted,28,71.3,0,left-foot,left,0,59.5,15.3,No information,No information,120,No information,7185,71.3,28,40.5,0,40.5,84.7,1,15,shot
bruno-petkovic,https://www.sofascore.com/brazil-croatia/pUbsYUb#id:10230640,croatia,goal,regular,assisted,14.1,49.3,0,left-foot,low-left,0,53.9,9.5,No information,No information,117,No information,6962,49.3,14.1,46.1,0,46.1,90.5,4,238,shot
neymar,https://www.sofascore.com/brazil-croatia/pUbsYUb#id:10230640,brazil,goal,regular,assisted,2.6,56.9,0,right-foot,high-right,0,48.1,29.7,No information,No information,105,1,6335,56.9,2.6,51.9,0,51.9,70.3,1,865,shot
danilo,https://www.sofascore.com/brazil-croatia/pUbsYUb#id:10230640,brazil,miss,No information,assisted,23.1,30.1,0,right-foot,high-right,0,39.2,80.6,No information,No information,105,No information,6248,30.1,23.1,60.8,0,60.8,19.4,1,52,shot
marcelo-brozovic,https://www.sofascore.com/brazil-croatia/pUbsYUb#id:10230640,croatia,miss,No information,assisted,14.5,57.3,0,right-foot,high-right,0,43.4,77.8,No information,No information,103,No information,6138,57.3,14.5,56.6,0,56.6,22.2,3,162,shot
pedro,https://www.sofascore.com/brazil-croatia/pUbsYUb#id:10230640,brazil,save,No information,assisted,13.7,44.3,0,right-foot,low-centre,0,50.7,15.2,No information,No information,101,No information,6041,44.3,13.7,49.3,0,49.3,84.8,5,259,shot
pedro,https://www.sofascore.com/brazil-croatia/pUbsYUb#id:10230640,brazil,miss,No information,corner,6.3,55.8,0,head,left,0,98.7,15.3,No information,No information,92,No information,5476,55.8,6.3,1.3,0,1.3,84.7,14,824,shot
antony,https://www.sofascore.com/brazil-croatia/pUbsYUb#id:10230640,brazil,save,No information,assisted,23.8,69.7,0,left-foot,low-centre,0,49.3,7,No information,No information,90,4,5615,69.7,23.8,50.7,0,50.7,93,1,685,shot
eder-militao,https://www.sofascore.com/brazil-croatia/pUbsYUb#id:10230640,brazil,block,No information,regular,14.1,60.9,0,left-foot,low-left,0,53.2,19,No information,No information,86,No information,5124,60.9,14.1,46.8,0,46.8,81,5,276,shot
eder-militao,https://www.sofascore.com/brazil-croatia/pUbsYUb#id:10230640,brazil,block,No information,assisted,16.4,64.1,0,right-foot,low-right,0,45.8,19,No information,No information,86,No information,5122,64.1,16.4,54.2,0,54.2,81,5,278,shot
nikola-vlasic,https://www.sofascore.com/brazil-croatia/pUbsYUb#id:10230640,croatia,block,No information,throw-in-set-piece,12.7,69.9,0,right-foot,low-right,0,46.8,19,No information,No information,85,No information,5059,69.9,12.7,53.2,0,53.2,81,6,341,shot
richarlison,https://www.sofascore.com/brazil-croatia/pUbsYUb#id:10230640,brazil,miss,No information,assisted,11.2,52.1,0,head,high,0,50.6,69.4,No information,No information,82,No information,4913,52.1,11.2,49.4,0,49.4,30.6,9,487,shot
lucas-paqueta,https://www.sofascore.com/brazil-croatia/pUbsYUb#id:10230640,brazil,save,No information,assisted,14.3,41,0,left-foot,low-left,0,52.4,5.1,No information,No information,80,No information,4786,41,14.3,47.6,0,47.6,94.9,11,614,shot
neymar,https://www.sofascore.com/brazil-croatia/pUbsYUb#id:10230640,brazil,save,No information,assisted,6,35.1,0,left-foot,low-left,0,53.1,2.5,No information,No information,76,No information,4547,35.1,6,46.9,0,46.9,97.5,15,853,shot
andrej-kramaric,https://www.sofascore.com/brazil-croatia/pUbsYUb#id:10230640,croatia,block,No information,assisted,18.4,69,0,left-foot,high-centre,0,49.6,22.2,No information,No information,71,No information,4257,69,18.4,50.4,0,50.4,77.8,20,1143,shot
eder-militao,https://www.sofascore.com/brazil-croatia/pUbsYUb#id:10230640,brazil,block,No information,corner,16.5,64.7,0,right-foot,low-centre,0,51.8,19,No information,No information,67,No information,3966,64.7,16.5,48.2,0,48.2,81,24,1434,shot
lucas-paqueta,https://www.sofascore.com/brazil-croatia/pUbsYUb#id:10230640,brazil,save,No information,regular,7.2,42.8,0,left-foot,low-left,0,52.1,18.4,No information,No information,66,No information,3931,42.8,7.2,47.9,0,47.9,81.6,25,1469,shot
casemiro,https://www.sofascore.com/brazil-croatia/pUbsYUb#id:10230640,brazil,block,No information,free-kick,30,27.5,0,right-foot,low-centre,0,49.5,19,No information,No information,66,No information,3908,27.5,30,50.5,0,50.5,81,25,1492,shot
neymar,https://www.sofascore.com/brazil-croatia/pUbsYUb#id:10230640,brazil,save,No information,assisted,6.4,33.6,0,left-foot,low-left,0,53.3,2.5,No information,No information,55,No information,3259,33.6,6.4,46.7,0,46.7,97.5,36,2141,shot
ivan-perisic,https://www.sofascore.com/brazil-croatia/pUbsYUb#id:10230640,croatia,miss,No information,corner,7.9,48.2,0,head,high-left,0,80,58.3,No information,No information,51,No information,3003,48.2,7.9,20,0,20,41.7,40,2397,shot
neymar,https://www.sofascore.com/brazil-croatia/pUbsYUb#id:10230640,brazil,save,No information,free-kick,19.4,21.4,0,right-foot,low-centre,0,50.6,13.9,No information,No information,42,No information,2493,21.4,19.4,49.4,0,49.4,86.1,4,207,shot
ivan-perisic,https://www.sofascore.com/brazil-croatia/pUbsYUb#id:10230640,croatia,miss,No information,assisted,19.1,26.3,0,right-foot,high-right,0,39.7,84.7,No information,No information,30,No information,1767,26.3,19.1,60.3,0,60.3,15.3,16,933,shot
casemiro,https://www.sofascore.com/brazil-croatia/pUbsYUb#id:10230640,brazil,block,No information,assisted,21.9,59.3,0,right-foot,low-centre,0,48.3,19,No information,No information,23,No information,1357,59.3,21.9,51.7,0,51.7,81,23,1343,shot
neymar,https://www.sofascore.com/brazil-croatia/pUbsYUb#id:10230640,brazil,save,No information,assisted,10.8,32.4,0,right-foot,low-centre,0,50.4,5.7,No information,No information,21,No information,1204,32.4,10.8,49.6,0,49.6,94.3,25,1496,shot
vinicius-junior,https://www.sofascore.com/brazil-croatia/pUbsYUb#id:10230640,brazil,block,No information,assisted,15.4,46.3,0,right-foot,low-right,0,47.6,19,No information,No information,20,No information,1191,46.3,15.4,52.4,0,52.4,81,26,1509,shot
andrej-kramaric,https://www.sofascore.com/brazil-croatia/pUbsYUb#id:10230640,croatia,block,No information,assisted,19.9,31.8,0,right-foot,low-right,0,46.8,19,No information,No information,19,No information,1106,31.8,19.9,53.2,0,53.2,81,27,1594,shot
ivan-perisic,https://www.sofascore.com/brazil-croatia/pUbsYUb#id:10230640,croatia,miss,No information,assisted,7.3,51.5,0,right-foot,left,0,67.4,20.8,No information,No information,13,No information,723,51.5,7.3,32.6,0,32.6,79.2,33,1977,shot
vinicius-junior,https://www.sofascore.com/brazil-croatia/pUbsYUb#id:10230640,brazil,save,No information,regular,20.4,26.3,0,right-foot,low-right,0,47.7,13.9,No information,No information,5,No information,245,26.3,20.4,52.3,0,52.3,86.1,41,2455,shot

luka-sucic,https://www.sofascore.com/armenia-croatia/pUbsPUb#id:10752595,croatia,save,No information,assisted,20.1,70.4,0,left-foot,high-centre,0,50.5,21.5,No information,No information,90,No information,5384,70.4,20.1,49.5,0,49.5,78.5,1,16,shot
marco-pasalic,https://www.sofascore.com/armenia-croatia/pUbsPUb#id:10752595,croatia,miss,No information,assisted,9.6,73.3,0,left-foot,left,0,85.7,12.5,No information,No information,89,No information,5334,73.3,9.6,14.3,0,14.3,87.5,2,66,shot
marco-pasalic,https://www.sofascore.com/armenia-croatia/pUbsPUb#id:10752595,croatia,miss,No information,regular,4.7,65,0,right-foot,close-right,0,43,5.6,No information,No information,83,No information,4936,65,4.7,57,0,57,94.4,8,464,shot
artak-dashyan,https://www.sofascore.com/armenia-croatia/pUbsPUb#id:10752595,armenia,save,No information,assisted,27.4,27,0,right-foot,high-right,0,47.4,21.5,No information,No information,81,No information,4855,27,27.4,52.6,0,52.6,78.5,10,545,shot
marcelo-brozovic,https://www.sofascore.com/armenia-croatia/pUbsPUb#id:10752595,croatia,save,No information,corner,13.8,41.2,0,right-foot,high-centre,0,50.3,24.7,No information,No information,76,No information,4527,41.2,13.8,49.7,0,49.7,75.3,15,873,shot
lovro-majer,https://www.sofascore.com/armenia-croatia/pUbsPUb#id:10752595,croatia,block,No information,assisted,17.9,41.9,0,right-foot,low-left,0,54.6,19,No information,No information,68,No information,4059,41.9,17.9,45.4,0,45.4,81,23,1341,shot
ante-budimir,https://www.sofascore.com/armenia-croatia/pUbsPUb#id:10752595,croatia,miss,No information,assisted,17.7,59.3,0,left-foot,high,0,49.4,77.8,No information,No information,65,No information,3855,59.3,17.7,50.6,0,50.6,22.2,26,1545,shot
josko-gvardiol,https://www.sofascore.com/armenia-croatia/pUbsPUb#id:10752595,croatia,save,No information,regular,27.7,49.9,0,left-foot,low-centre,0,49.9,5.7,No information,No information,64,No information,3809,49.9,27.7,50.1,0,50.1,94.3,27,1591,shot
styopa-mkrtchyan,https://www.sofascore.com/armenia-croatia/pUbsPUb#id:10752595,armenia,block,No information,assisted,31,31,0,left-foot,low-centre,0,48.6,19,No information,No information,62,No information,3682,31,31,51.4,0,51.4,81,29,1718,shot
mario-pasalic,https://www.sofascore.com/armenia-croatia/pUbsPUb#id:10752595,croatia,save,No information,regular,5.3,32.6,0,left-foot,low-centre,0,51,1.9,No information,No information,57,No information,3371,32.6,5.3,49,0,49,98.1,34,2029,shot
andrej-kramaric,https://www.sofascore.com/armenia-croatia/pUbsPUb#id:10752595,croatia,save,No information,assisted,24.6,27.7,0,right-foot,low-left,0,53.7,6.3,No information,No information,57,No information,3368,27.7,24.6,46.3,0,46.3,93.7,34,2032,shot
nair-tiknizyan,https://www.sofascore.com/armenia-croatia/pUbsPUb#id:10752595,armenia,block,No information,assisted,16.1,30.9,0,left-foot,low-centre,0,51.2,19,No information,No information,46,No information,2748,30.9,16.1,48.8,0,48.8,81,45,2652,shot
marcelo-brozovic,https://www.sofascore.com/armenia-croatia/pUbsPUb#id:10752595,croatia,miss,No information,assisted,23.3,53.3,0,left-foot,close-left,0,57.5,16.7,No information,No information,45,1,2739,53.3,23.3,42.5,0,42.5,83.3,1,2661,shot
luka-modric,https://www.sofascore.com/armenia-croatia/pUbsPUb#id:10752595,croatia,save,No information,regular,28.6,49.4,0,right-foot,high-centre,0,50.1,24.7,No information,No information,45,No information,2661,49.4,28.6,49.9,0,49.9,75.3,1,39,shot
ante-budimir,https://www.sofascore.com/armenia-croatia/pUbsPUb#id:10752595,croatia,goal,regular,assisted,6.8,46,0,head,low-left,0,53.2,15.8,No information,No information,43,No information,2522,46,6.8,46.8,0,46.8,84.2,3,178,shot
luka-ivanusec,https://www.sofascore.com/armenia-croatia/pUbsPUb#id:10752595,croatia,miss,No information,assisted,16,32,0,right-foot,close-high-right,0,41.2,47.2,No information,No information,41,No information,2451,32,16,58.8,0,58.8,52.8,5,249,shot
luka-modric,https://www.sofascore.com/armenia-croatia/pUbsPUb#id:10752595,croatia,block,No information,assisted,16.6,59.2,0,right-foot,low-centre,0,49.2,19,No information,No information,39,No information,2311,59.2,16.6,50.8,0,50.8,81,7,389,shot
lucas-zelarayan,https://www.sofascore.com/armenia-croatia/pUbsPUb#id:10752595,armenia,block,No information,assisted,26.2,42.3,0,right-foot,low-left,0,53.3,19,No information,No information,38,No information,2267,42.3,26.2,46.7,0,46.7,81,8,433,shot
ante-budimir,https://www.sofascore.com/armenia-croatia/pUbsPUb#id:10752595,croatia,save,No information,corner,6.9,51.4,0,head,high-centre,0,49.4,24.1,No information,No information,37,No information,2185,51.4,6.9,50.6,0,50.6,75.9,9,515,shot
luka-modric,https://www.sofascore.com/armenia-croatia/pUbsPUb#id:10752595,croatia,miss,No information,assisted,17.6,61.1,0,right-foot,high,0,46.7,79.2,No information,No information,33,No information,1978,61.1,17.6,53.3,0,53.3,20.8,13,722,shot
luka-ivanusec,https://www.sofascore.com/armenia-croatia/pUbsPUb#id:10752595,croatia,miss,No information,regular,10.4,42,0,left-foot,close-left,0,58.2,11.1,No information,No information,32,No information,1882,42,10.4,41.8,0,41.8,88.9,14,818,shot
eduard-spertsyan,https://www.sofascore.com/armenia-croatia/pUbsPUb#id:10752595,armenia,block,No information,assisted,15.2,40.2,0,right-foot,low-centre,0,49.2,19,No information,No information,31,No information,1855,40.2,15.2,50.8,0,50.8,81,15,845,shot
kamo-hovhannisyan,https://www.sofascore.com/armenia-croatia/pUbsPUb#id:10752595,armenia,save,No information,assisted,14.4,65.8,0,right-foot,high-centre,0,49.9,20.9,No information,No information,30,No information,1747,65.8,14.4,50.1,0,50.1,79.1,16,953,shot
ante-budimir,https://www.sofascore.com/armenia-croatia/pUbsPUb#id:10752595,croatia,save,No information,assisted,10.4,49.4,0,head,low-centre,0,51.3,17.1,No information,No information,22,No information,1278,49.4,10.4,48.7,0,48.7,82.9,24,1422,shot
ante-budimir,https://www.sofascore.com/armenia-croatia/pUbsPUb#id:10752595,croatia,save,No information,assisted,9.4,58.2,0,head,low-right,0,47.3,17.1,No information,No information,18,No information,1028,58.2,9.4,52.7,0,52.7,82.9,28,1672,shot
andrej-kramaric,https://www.sofascore.com/armenia-croatia/pUbsPUb#id:10752595,croatia,save,No information,corner,13.8,59,0,head,low-centre,0,48.2,12.7,No information,No information,13,No information,750,59,13.8,51.8,0,51.8,87.3,33,1950,shot
lovro-majer,https://www.sofascore.com/armenia-croatia/pUbsPUb#id:10752595,croatia,block,No information,corner,19.2,71.8,0,left-foot,low-left,0,53.3,19,No information,No information,12,No information,713,71.8,19.2,46.7,0,46.7,81,34,1987,shot

ante-budimir,https://www.sofascore.com/austria-croatia/pUbstUb#id:10023384,croatia,miss,No information,assisted,6.9,55.8,0,head,left,0,67.6,15.3,No information,No information,90,1,5405,55.8,6.9,32.4,0,32.4,84.7,1,895,shot
marco-friedl,https://www.sofascore.com/austria-croatia/pUbstUb#id:10023384,austria,save,No information,assisted,5.7,31.4,0,left-foot,low-centre,0,51.3,8.9,No information,No information,90,No information,5369,31.4,5.7,48.7,0,48.7,91.1,1,31,shot
xaver-schlager,https://www.sofascore.com/austria-croatia/pUbstUb#id:10023384,austria,save,No information,fast-break,11.3,64.8,0,right-foot,low-centre,0,48.2,3.2,No information,No information,83,No information,4956,64.8,11.3,51.8,0,51.8,96.8,8,444,shot
marcel-sabitzer,https://www.sofascore.com/austria-croatia/pUbstUb#id:10023384,austria,save,No information,regular,55.9,61.4,0,right-foot,low-centre,0,50.3,8.2,No information,No information,82,No information,4864,61.4,55.9,49.7,0,49.7,91.8,9,536,shot
marcel-sabitzer,https://www.sofascore.com/austria-croatia/pUbstUb#id:10023384,austria,miss,No information,corner,21.6,37.6,0,left-foot,high,0,44.2,73.6,No information,No information,73,No information,4334,37.6,21.6,55.8,0,55.8,26.4,18,1066,shot
andreas-weimann,https://www.sofascore.com/austria-croatia/pUbstUb#id:10023384,austria,block,No information,assisted,13,59.4,0,right-foot,low-left,0,52.5,19,No information,No information,72,No information,4262,59.4,13,47.5,0,47.5,81,19,1138,shot
xaver-schlager,https://www.sofascore.com/austria-croatia/pUbstUb#id:10023384,austria,save,No information,corner,21.7,43,0,left-foot,high-centre,0,50.8,23.4,No information,No information,65,No information,3890,43,21.7,49.2,0,49.2,76.6,26,1510,shot
mateo-kovacic,https://www.sofascore.com/austria-croatia/pUbstUb#id:10023384,croatia,block,No information,assisted,18.2,43.8,0,right-foot,low-left,0,53.2,19,No information,No information,61,No information,3633,43.8,18.2,46.8,0,46.8,81,30,1767,shot
marcel-sabitzer,https://www.sofascore.com/austria-croatia/pUbstUb#id:10023384,austria,goal,regular,assisted,24.3,35.1,0,right-foot,low-left,0,53.9,1.3,No information,No information,57,No information,3372,35.1,24.3,46.1,0,46.1,98.7,34,2028,shot
michael-gregoritsch,https://www.sofascore.com/austria-croatia/pUbstUb#id:10023384,austria,goal,regular,assisted,10.4,46.1,0,left-foot,low-right,0,46.6,1.3,No information,No information,54,No information,3199,46.1,10.4,53.4,0,53.4,98.7,37,2201,shot
michael-gregoritsch,https://www.sofascore.com/austria-croatia/pUbstUb#id:10023384,austria,save,No information,assisted,18.2,45.9,0,left-foot,low-left,0,53.4,1.3,No information,No information,51,No information,3034,45.9,18.2,46.6,0,46.6,98.7,40,2366,shot
marin-pongracic,https://www.sofascore.com/austria-croatia/pUbstUb#id:10023384,croatia,miss,No information,corner,9.1,55,0,head,right,0,39.5,27.8,No information,No information,45,No information,2646,55,9.1,60.5,0,60.5,72.2,1,54,shot
lovro-majer,https://www.sofascore.com/austria-croatia/pUbstUb#id:10023384,croatia,save,No information,assisted,2.1,33.7,0,left-foot,low-left,0,52.7,17.7,No information,No information,44,No information,2618,33.7,2.1,47.3,0,47.3,82.3,2,82,shot
marko-arnautovic,https://www.sofascore.com/austria-croatia/pUbstUb#id:10023384,austria,goal,regular,assisted,17.3,42.3,0,right-foot,low-right,0,46.1,10.1,No information,No information,41,No information,2431,42.3,17.3,53.9,0,53.9,89.9,5,269,shot
maximilian-wober,https://www.sofascore.com/austria-croatia/pUbstUb#id:10023384,austria,miss,No information,corner,4.4,59.4,0,head,left,0,99.7,1.4,No information,No information,38,No information,2272,59.4,4.4,0.3,0,0.3,98.6,8,428,shot
marko-arnautovic,https://www.sofascore.com/austria-croatia/pUbstUb#id:10023384,austria,miss,No information,assisted,15.9,64.7,0,right-foot,high,0,48.2,76.4,No information,No information,35,No information,2085,64.7,15.9,51.8,0,51.8,23.6,11,615,shot
andrej-kramaric,https://www.sofascore.com/austria-croatia/pUbstUb#id:10023384,croatia,save,No information,assisted,13.6,70,0,right-foot,low-right,0,47.1,17.7,No information,No information,32,No information,1909,70,13.6,52.9,0,52.9,82.3,14,791,shot
mateo-kovacic,https://www.sofascore.com/austria-croatia/pUbstUb#id:10023384,croatia,save,No information,assisted,21.6,32.7,0,right-foot,low-centre,0,51.6,15.2,No information,No information,29,No information,1729,32.7,21.6,48.4,0,48.4,84.8,17,971,shot
andrej-kramaric,https://www.sofascore.com/austria-croatia/pUbstUb#id:10023384,croatia,miss,No information,regular,7.9,47.1,0,head,close-left,0,56.6,2.8,No information,No information,25,No information,1477,47.1,7.9,43.4,0,43.4,97.2,21,1223,shot
mario-pasalic,https://www.sofascore.com/austria-croatia/pUbstUb#id:10023384,croatia,block,No information,assisted,12.6,61.3,0,left-foot,low-centre,0,49.6,19,No information,No information,25,No information,1476,61.3,12.6,50.4,0,50.4,81,21,1224,shot
andreas-weimann,https://www.sofascore.com/austria-croatia/pUbstUb#id:10023384,austria,miss,No information,assisted,13.9,73.7,0,left-foot,close-left,0,58,15.3,No information,No information,23,No information,1351,73.7,13.9,42,0,42,84.7,23,1349,shot
lovro-majer,https://www.sofascore.com/austria-croatia/pUbstUb#id:10023384,croatia,miss,No information,corner,23.4,45.3,0,left-foot,right,0,36.5,13.9,No information,No information,22,No information,1293,45.3,23.4,63.5,0,63.5,86.1,24,1407,shot
mario-pasalic,https://www.sofascore.com/austria-croatia/pUbstUb#id:10023384,croatia,miss,No information,assisted,12.4,48.8,0,head,right,0,39.8,22.2,No information,No information,19,No information,1085,48.8,12.4,60.2,0,60.2,77.8,27,1615,shot
josip-brekalo,https://www.sofascore.com/austria-croatia/pUbstUb#id:10023384,croatia,block,No information,assisted,12.4,54.6,0,right-foot,low-centre,0,51.2,19,No information,No information,17,No information,985,54.6,12.4,48.8,0,48.8,81,29,1715,shot
marcelo-brozovic,https://www.sofascore.com/austria-croatia/pUbstUb#id:10023384,croatia,miss,No information,assisted,24.6,49.9,0,right-foot,high-right,0,37.8,83.3,No information,No information,14,No information,805,49.9,24.6,62.2,0,62.2,16.7,32,1895,shot
andrej-kramaric,https://www.sofascore.com/austria-croatia/pUbstUb#id:10023384,croatia,block,No information,assisted,21.5,33.4,0,right-foot,low-centre,0,48.3,19,No information,No information,14,No information,791,33.4,21.5,51.7,0,51.7,81,32,1909,shot
stefan-lainer,https://www.sofascore.com/austria-croatia/pUbstUb#id:10023384,austria,miss,No information,assisted,21.3,68.8,0,right-foot,high-left,0,59.8,75,No information,No information,7,No information,379,68.8,21.3,40.2,0,40.2,25,39,2321,shot

andrej-kramaric,https://www.sofascore.com/austria-croatia/pUbstUb#id:10023332,croatia,miss,No information,assisted,18.2,65.2,0,right-foot,left,0,65.9,8.3,No information,No information,90,2,5509,65.2,18.2,34.1,0,34.1,91.7,1,791,shot
stefan-lainer,https://www.sofascore.com/austria-croatia/pUbstUb#id:10023332,austria,block,No information,assisted,16.2,68.4,0,left-foot,low-right,0,47.4,19,No information,No information,88,No information,5258,68.4,16.2,52.6,0,52.6,81,3,142,shot
romano-schmid,https://www.sofascore.com/austria-croatia/pUbstUb#id:10023332,austria,save,No information,regular,23.9,64.2,0,left-foot,low-centre,0,48.7,13.3,No information,No information,87,No information,5193,64.2,23.9,51.3,0,51.3,86.7,4,207,shot
muhammed-cham-saracevic,https://www.sofascore.com/austria-croatia/pUbstUb#id:10023332,austria,miss,No information,assisted,12.8,64.2,0,left-foot,left,0,61.5,2.8,No information,No information,83,No information,4969,64.2,12.8,38.5,0,38.5,97.2,8,431,shot
romano-schmid,https://www.sofascore.com/austria-croatia/pUbstUb#id:10023332,austria,block,No information,assisted,14.4,60,0,right-foot,low-centre,0,49.8,19,No information,No information,83,No information,4966,60,14.4,50.2,0,50.2,81,8,434,shot
danso-kevin,https://www.sofascore.com/austria-croatia/pUbstUb#id:10023332,austria,miss,No information,assisted,23.1,65.6,0,right-foot,high,0,45.2,98.6,No information,No information,77,No information,4561,65.6,23.1,54.8,0,54.8,1.4,14,839,shot
ivan-perisic,https://www.sofascore.com/austria-croatia/pUbstUb#id:10023332,croatia,post,No information,assisted,4.6,30.1,0,left-foot,high,0,45.8,40.5,No information,No information,74,No information,4384,30.1,4.6,54.2,0,54.2,59.5,17,1016,shot
dejan-lovren,https://www.sofascore.com/austria-croatia/pUbstUb#id:10023332,croatia,goal,regular,corner,5.1,57.3,0,head,low-left,0,54.5,19.6,No information,No information,72,No information,4279,57.3,5.1,45.5,0,45.5,80.4,19,1121,shot
marko-livaja,https://www.sofascore.com/austria-croatia/pUbstUb#id:10023332,croatia,goal,regular,assisted,1.7,56.9,0,head,low-right,0,45.4,14.6,No information,No information,69,No information,4088,56.9,1.7,54.6,0,54.6,85.4,22,1312,shot
ivan-perisic,https://www.sofascore.com/austria-croatia/pUbstUb#id:10023332,croatia,block,No information,corner,7.2,29.8,0,left-foot,low-right,0,47.4,19,No information,No information,67,No information,4000,29.8,7.2,52.6,0,52.6,81,24,1400,shot
michael-gregoritsch,https://www.sofascore.com/austria-croatia/pUbstUb#id:10023332,austria,save,No information,assisted,12.5,42.5,0,head,high-right,0,47.7,25.9,No information,No information,65,No information,3850,42.5,12.5,52.3,0,52.3,74.1,26,1550,shot
mateo-kovacic,https://www.sofascore.com/austria-croatia/pUbstUb#id:10023332,croatia,block,No information,regular,18.7,66.4,0,right-foot,low-centre,0,51.3,19,No information,No information,63,No information,3753,66.4,18.7,48.7,0,48.7,81,28,1647,shot
marcel-sabitzer,https://www.sofascore.com/austria-croatia/pUbstUb#id:10023332,austria,block,No information,set-piece,15.8,43.4,0,right-foot,low-centre,0,51.7,19,No information,No information,61,No information,3617,43.4,15.8,48.3,0,48.3,81,30,1783,shot
marcel-sabitzer,https://www.sofascore.com/austria-croatia/pUbstUb#id:10023332,austria,block,No information,set-piece,16.6,41.2,0,left-foot,low-centre,0,50.2,19,No information,No information,61,No information,3616,41.2,16.6,49.8,0,49.8,81,30,1784,shot
marcel-sabitzer,https://www.sofascore.com/austria-croatia/pUbstUb#id:10023332,austria,block,No information,free-kick,19.9,39.1,0,right-foot,low-centre,0,50.6,19,No information,No information,61,No information,3614,39.1,19.9,49.4,0,49.4,81,30,1786,shot
marcel-sabitzer,https://www.sofascore.com/austria-croatia/pUbstUb#id:10023332,austria,block,No information,free-kick,27.7,34.9,0,right-foot,low-centre,0,48.4,19,No information,No information,59,No information,3534,34.9,27.7,51.6,0,51.6,81,32,1866,shot
ivan-perisic,https://www.sofascore.com/austria-croatia/pUbstUb#id:10023332,croatia,save,No information,assisted,27.1,50.9,0,right-foot,low-left,0,53.1,0.6,No information,No information,45,4,2894,50.9,27.1,46.9,0,46.9,99.4,1,2506,shot
nikola-vlasic,https://www.sofascore.com/austria-croatia/pUbstUb#id:10023332,croatia,save,No information,regular,14.1,39.1,0,left-foot,low-centre,0,50,15.2,No information,No information,45,1,2722,39.1,14.1,50,0,50,84.8,1,2678,shot
marko-arnautovic,https://www.sofascore.com/austria-croatia/pUbstUb#id:10023332,austria,save,No information,assisted,8.7,64.1,0,right-foot,low-left,0,51.9,17.1,No information,No information,44,No information,2631,64.1,8.7,48.1,0,48.1,82.9,2,69,shot
lovro-majer,https://www.sofascore.com/austria-croatia/pUbstUb#id:10023332,croatia,block,No information,assisted,19.2,57.2,0,left-foot,low-centre,0,48.7,19,No information,No information,41,No information,2401,57.2,19.2,51.3,0,51.3,81,5,299,shot
xaver-schlager,https://www.sofascore.com/austria-croatia/pUbstUb#id:10023332,austria,block,No information,regular,19.1,59.7,0,left-foot,low-centre,0,49.1,19,No information,No information,39,No information,2284,59.7,19.1,50.9,0,50.9,81,7,416,shot
christoph-baumgartner,https://www.sofascore.com/austria-croatia/pUbstUb#id:10023332,austria,miss,No information,regular,12.1,66.7,0,right-foot,high,0,44.7,75,No information,No information,35,No information,2078,66.7,12.1,55.3,0,55.3,25,11,622,shot
christoph-baumgartner,https://www.sofascore.com/austria-croatia/pUbstUb#id:10023332,austria,save,No information,assisted,9.3,56.5,0,head,high-centre,0,48.3,29.1,No information,No information,35,No information,2076,56.5,9.3,51.7,0,51.7,70.9,11,624,shot
marcel-sabitzer,https://www.sofascore.com/austria-croatia/pUbstUb#id:10023332,austria,block,No information,assisted,19.4,33.5,0,right-foot,high-centre,0,51.3,26.4,No information,No information,28,No information,1666,33.5,19.4,48.7,0,48.7,73.6,18,1034,shot
christoph-baumgartner,https://www.sofascore.com/austria-croatia/pUbstUb#id:10023332,austria,miss,No information,assisted,14.7,58.5,0,right-foot,close-left,0,57.8,8.3,No information,No information,23,No information,1379,58.5,14.7,42.2,0,42.2,91.7,23,1321,shot
marko-arnautovic,https://www.sofascore.com/austria-croatia/pUbstUb#id:10023332,austria,save,No information,assisted,21.1,48.5,0,right-foot,low-centre,0,48.5,5.7,No information,No information,22,No information,1298,48.5,21.1,51.5,0,51.5,94.3,24,1402,shot
christoph-baumgartner,https://www.sofascore.com/austria-croatia/pUbstUb#id:10023332,austria,goal,regular,assisted,10.1,40.1,0,head,low-right,0,45.8,12,No information,No information,9,No information,494,40.1,10.1,54.2,0,54.2,88,37,2206,shot
luka-modric,https://www.sofascore.com/austria-croatia/pUbstUb#id:10023332,croatia,goal,regular,assisted,11.6,62.1,0,right-foot,low-right,0,45.8,5.7,No information,No information,6,No information,342,62.1,11.6,54.2,0,54.2,94.3,40,2358,shot

mateo-kovacic,https://www.sofascore.com/croatia-france/GObspUb#id:8600882,croatia,save,No information,assisted,25.9,52.2,0,right-foot,low-right,0,46.9,4.4,No information,No information,89,No information,5331,52.2,25.9,53.1,0,53.1,95.6,2,69,shot
nikola-vlasic,https://www.sofascore.com/croatia-france/GObspUb#id:8600882,croatia,post,No information,assisted,25.9,41.9,0,right-foot,left,0,55.4,1.9,No information,No information,89,No information,5325,41.9,25.9,44.6,0,44.6,98.1,2,75,shot
nabil-fekir,https://www.sofascore.com/croatia-france/GObspUb#id:8600882,france,block,No information,free-kick,29.2,52.4,0,left-foot,low-centre,0,50.2,19,No information,No information,87,No information,5206,52.4,29.2,49.8,0,49.8,81,4,194,shot
anthony-martial,https://www.sofascore.com/croatia-france/GObspUb#id:8600882,france,block,No information,assisted,8.7,54.4,0,right-foot,low-centre,0,48.8,19,No information,No information,84,No information,5004,54.4,8.7,51.2,0,51.2,81,7,396,shot
andrej-kramaric,https://www.sofascore.com/croatia-france/GObspUb#id:8600882,croatia,miss,No information,assisted,22.1,36.9,0,right-foot,high,0,45.7,68.1,No information,No information,80,No information,4797,36.9,22.1,54.3,0,54.3,31.9,11,603,shot
olivier-giroud,https://www.sofascore.com/croatia-france/GObspUb#id:8600882,france,goal,penalty,penalty,11.5,50,0,left-foot,low-left,0,53.7,6.3,No information,No information,77,No information,4581,50,11.5,46.3,0,46.3,93.7,14,819,shot
anthony-martial,https://www.sofascore.com/croatia-france/GObspUb#id:8600882,france,save,No information,fast-break,8.3,36,0,left-foot,low-centre,0,49.7,10.1,No information,No information,74,No information,4398,36,8.3,50.3,0,50.3,89.9,17,1002,shot
camavinga-eduardo,https://www.sofascore.com/croatia-france/GObspUb#id:8600882,france,save,No information,fast-break,19.4,68.6,0,left-foot,low-right,0,46.1,12.7,No information,No information,71,No information,4212,68.6,19.4,53.9,0,53.9,87.3,20,1188,shot
dayot-upamecano,https://www.sofascore.com/croatia-france/GObspUb#id:8600882,france,goal,regular,corner,6.8,49.9,0,head,low-right,0,47.1,1.3,No information,No information,65,No information,3861,49.9,6.8,52.9,0,52.9,98.7,26,1539,shot
ferland-mendy,https://www.sofascore.com/croatia-france/GObspUb#id:8600882,france,block,No information,assisted,18.8,51.3,0,right-foot,low-centre,0,48.9,19,No information,No information,64,No information,3827,51.3,18.8,51.1,0,51.1,81,27,1573,shot
ivan-perisic,https://www.sofascore.com/croatia-france/GObspUb#id:8600882,croatia,miss,No information,set-piece,7.7,36.3,0,left-foot,high-right,0,42.7,69.4,No information,No information,63,No information,3721,36.3,7.7,57.3,0,57.3,30.6,28,1679,shot
josip-brekalo,https://www.sofascore.com/croatia-france/GObspUb#id:8600882,croatia,goal,regular,assisted,6.5,42.1,0,left-foot,low-right,0,45.8,7.6,No information,No information,55,No information,3288,42.1,6.5,54.2,0,54.2,92.4,36,2112,shot
dayot-upamecano,https://www.sofascore.com/croatia-france/GObspUb#id:8600882,france,miss,No information,corner,8.1,51.3,0,head,close-high,0,49.6,55.6,No information,No information,52,No information,3103,51.3,8.1,50.4,0,50.4,44.4,39,2297,shot
nikola-vlasic,https://www.sofascore.com/croatia-france/GObspUb#id:8600882,croatia,block,No information,assisted,19.6,46.7,0,left-foot,low-left,0,51.9,19,No information,No information,47,No information,2806,46.7,19.6,48.1,0,48.1,81,44,2594,shot
dominik-livakovic,https://www.sofascore.com/croatia-france/GObspUb#id:8600882,france,goal,own,regular,1.1,46.6,0,other,low-centre,0,50.8,5.1,No information,No information,45,1,2743,46.6,1.1,49.2,0,49.2,94.9,1,2657,shot
anthony-martial,https://www.sofascore.com/croatia-france/GObspUb#id:8600882,france,post,No information,assisted,7.9,48.5,0,left-foot,left,0,55.2,2.5,No information,No information,45,1,2743,48.5,7.9,44.8,0,44.8,97.5,1,2657,shot
antoine-griezmann,https://www.sofascore.com/croatia-france/GObspUb#id:8600882,france,goal,regular,assisted,8,49.7,0,left-foot,low-centre,0,49.7,5.1,No information,No information,43,No information,2563,49.7,8,50.3,0,50.3,94.9,3,137,shot
marcelo-brozovic,https://www.sofascore.com/croatia-france/GObspUb#id:8600882,croatia,miss,No information,assisted,30.8,43.1,0,right-foot,left,0,64,4.2,No information,No information,42,No information,2481,43.1,30.8,36,0,36,95.8,4,219,shot
mateo-kovacic,https://www.sofascore.com/croatia-france/GObspUb#id:8600882,croatia,block,No information,corner,25.9,50.5,0,left-foot,low-left,0,52,19,No information,No information,39,No information,2295,50.5,25.9,48,0,48,81,7,405,shot
antoine-griezmann,https://www.sofascore.com/croatia-france/GObspUb#id:8600882,france,miss,No information,free-kick,28.8,56.4,0,left-foot,high,0,44.7,70.8,No information,No information,35,No information,2081,56.4,28.8,55.3,0,55.3,29.2,11,619,shot
antoine-griezmann,https://www.sofascore.com/croatia-france/GObspUb#id:8600882,france,save,No information,assisted,9.3,33.7,0,left-foot,low-centre,0,50.1,3.8,No information,No information,33,No information,1967,33.7,9.3,49.9,0,49.9,96.2,13,733,shot
anthony-martial,https://www.sofascore.com/croatia-france/GObspUb#id:8600882,france,miss,No information,assisted,26,24.4,0,right-foot,high-right,0,40.2,77.8,No information,No information,22,No information,1296,24.4,26,59.8,0,59.8,22.2,24,1404,shot
dejan-lovren,https://www.sofascore.com/croatia-france/GObspUb#id:8600882,croatia,goal,regular,corner,11.2,36.7,0,left-foot,low-right,0,46.1,13.3,No information,No information,16,No information,955,36.7,11.2,53.9,0,53.9,86.7,30,1745,shot
nikola-vlasic,https://www.sofascore.com/croatia-france/GObspUb#id:8600882,croatia,block,No information,regular,29.3,55.3,0,right-foot,low-centre,0,50.3,19,No information,No information,4,No information,214,55.3,29.3,49.7,0,49.7,81,42,2486,shot
ivan-perisic,https://www.sofascore.com/croatia-france/GObspUb#id:8600882,croatia,save,No information,assisted,26.5,31,0,left-foot,high-centre,0,50.4,20.3,No information,No information,2,No information,61,31,26.5,49.6,0,49.6,79.7,44,2639,shot

mehmet-umut-nayir,https://www.sofascore.com/croatia-turkey/aUbspUb#id:10752408,türkiye,miss,No information,regular,3.7,49.9,0,head,close-high,0,52.4,51.4,No information,No information,90,3,5555,49.9,3.7,47.6,0,47.6,48.6,1,745,shot
cenk-tosun,https://www.sofascore.com/croatia-turkey/aUbspUb#id:10752408,türkiye,save,No information,assisted,5.8,66.8,0,right-foot,high-centre,0,49.1,27.8,No information,No information,90,3,5553,66.8,5.8,50.9,0,50.9,72.2,1,747,shot
cenk-tosun,https://www.sofascore.com/croatia-turkey/aUbspUb#id:10752408,türkiye,block,No information,assisted,12.1,53.2,0,head,low-left,0,54.1,19,No information,No information,90,1,5429,53.2,12.1,45.9,0,45.9,81,1,871,shot
lovro-majer,https://www.sofascore.com/croatia-turkey/aUbspUb#id:10752408,croatia,save,No information,regular,27.2,47.6,0,left-foot,high-centre,0,48.7,20.3,No information,No information,90,No information,5369,47.6,27.2,51.3,0,51.3,79.7,1,31,shot
cenk-tosun,https://www.sofascore.com/croatia-turkey/aUbspUb#id:10752408,türkiye,miss,No information,assisted,14.4,52.5,0,right-foot,close-left,0,59.2,8.3,No information,No information,85,No information,5098,52.5,14.4,40.8,0,40.8,91.7,6,302,shot
caglar-soyuncu,https://www.sofascore.com/croatia-turkey/aUbspUb#id:10752408,türkiye,block,No information,corner,8.7,51.3,0,head,low-centre,0,49.9,19,No information,No information,81,No information,4801,51.3,8.7,50.1,0,50.1,81,10,599,shot
merih-demiral,https://www.sofascore.com/croatia-turkey/aUbspUb#id:10752408,türkiye,save,No information,set-piece,8.6,35.4,0,head,low-left,0,53.5,17.1,No information,No information,78,No information,4652,35.4,8.6,46.5,0,46.5,82.9,13,748,shot
andrej-kramaric,https://www.sofascore.com/croatia-turkey/aUbspUb#id:10752408,croatia,miss,No information,assisted,19.2,43.5,0,left-foot,close-left,0,56.8,19.4,No information,No information,77,No information,4579,43.5,19.2,43.2,0,43.2,80.6,14,821,shot
cengiz-under,https://www.sofascore.com/croatia-turkey/aUbspUb#id:10752408,türkiye,miss,No information,assisted,19.4,68.4,0,left-foot,close-left,0,58.7,19.4,No information,No information,71,No information,4217,68.4,19.4,41.3,0,41.3,80.6,20,1183,shot
zeki-celik,https://www.sofascore.com/croatia-turkey/aUbspUb#id:10752408,türkiye,miss,No information,assisted,20.4,68.6,0,right-foot,left,0,68.4,5.6,No information,No information,61,No information,3633,68.6,20.4,31.6,0,31.6,94.4,30,1767,shot
mario-pasalic,https://www.sofascore.com/croatia-turkey/aUbspUb#id:10752408,croatia,save,No information,assisted,4.4,51.4,0,left-foot,low-centre,0,48.9,13.9,No information,No information,58,No information,3436,51.4,4.4,51.1,0,51.1,86.1,33,1964,shot
mario-pasalic,https://www.sofascore.com/croatia-turkey/aUbspUb#id:10752408,croatia,block,No information,assisted,11.8,55,0,right-foot,low-centre,0,50.4,19,No information,No information,54,No information,3194,55,11.8,49.6,0,49.6,81,37,2206,shot
mateo-kovacic,https://www.sofascore.com/croatia-turkey/aUbspUb#id:10752408,croatia,block,No information,assisted,15.8,33.4,0,right-foot,low-right,0,47.2,19,No information,No information,54,No information,3190,33.4,15.8,52.8,0,52.8,81,37,2210,shot
orkun-kokcu,https://www.sofascore.com/croatia-turkey/aUbspUb#id:10752408,türkiye,block,No information,assisted,25.3,54.3,0,right-foot,low-centre,0,49.1,19,No information,No information,52,No information,3063,54.3,25.3,50.9,0,50.9,81,39,2337,shot
ismail-yuksek,https://www.sofascore.com/croatia-turkey/aUbspUb#id:10752408,türkiye,miss,No information,assisted,26.4,65.1,0,right-foot,high,0,48.9,76.4,No information,No information,50,No information,2973,65.1,26.4,51.1,0,51.1,23.6,41,2427,shot
merih-demiral,https://www.sofascore.com/croatia-turkey/aUbspUb#id:10752408,türkiye,miss,No information,corner,8.8,61.8,0,head,close-right,0,41.7,8.3,No information,No information,46,No information,2757,61.8,8.8,58.3,0,58.3,91.7,45,2643,shot
mateo-kovacic,https://www.sofascore.com/croatia-turkey/aUbspUb#id:10752408,croatia,goal,regular,regular,6,48.5,0,left-foot,low-left,0,51.9,1.9,No information,No information,45,4,2910,48.5,6,48.1,0,48.1,98.1,1,2490,shot
mario-pasalic,https://www.sofascore.com/croatia-turkey/aUbspUb#id:10752408,croatia,save,No information,assisted,13.8,28.9,0,left-foot,low-centre,0,48.8,2.5,No information,No information,45,4,2908,28.9,13.8,51.2,0,51.2,97.5,1,2492,shot
ismail-yuksek,https://www.sofascore.com/croatia-turkey/aUbspUb#id:10752408,türkiye,miss,No information,regular,24.8,36.7,0,right-foot,right,0,29.2,26.4,No information,No information,40,No information,2340,36.7,24.8,70.8,0,70.8,73.6,6,360,shot
orkun-kokcu,https://www.sofascore.com/croatia-turkey/aUbspUb#id:10752408,türkiye,block,No information,regular,19.9,75.6,0,right-foot,low-centre,0,50.1,19,No information,No information,33,No information,1970,75.6,19.9,49.9,0,49.9,81,13,730,shot
mateo-kovacic,https://www.sofascore.com/croatia-turkey/aUbspUb#id:10752408,croatia,goal,regular,assisted,12.1,46.2,0,right-foot,low-right,0,46.8,4.4,No information,No information,20,No information,1151,46.2,12.1,53.2,0,53.2,95.6,26,1549,shot
orkun-kokcu,https://www.sofascore.com/croatia-turkey/aUbspUb#id:10752408,türkiye,save,No information,assisted,16,63.9,0,right-foot,low-right,0,47.3,2.5,No information,No information,17,No information,1002,63.9,16,52.7,0,52.7,97.5,29,1698,shot
josip-stanisic,https://www.sofascore.com/croatia-turkey/aUbspUb#id:10752408,croatia,miss,No information,regular,13.2,68.4,0,left-foot,left,0,61.8,4.2,No information,No information,16,No information,946,68.4,13.2,38.2,0,38.2,95.8,30,1754,shot
caglar-soyuncu,https://www.sofascore.com/croatia-turkey/aUbspUb#id:10752408,türkiye,miss,No information,corner,8.3,46.9,0,head,left,0,61.5,13.9,No information,No information,11,No information,626,46.9,8.3,38.5,0,38.5,86.1,35,2074,shot
kerem-akturkoglu,https://www.sofascore.com/croatia-turkey/aUbspUb#id:10752408,türkiye,save,No information,assisted,20,36.7,0,right-foot,low-right,0,46.6,19.6,No information,No information,10,No information,584,36.7,20,53.4,0,53.4,80.4,36,2116,shot
cengiz-under,https://www.sofascore.com/croatia-turkey/aUbspUb#id:10752408,türkiye,miss,No information,assisted,17.4,72.1,0,left-foot,left,0,60,8.3,No information,No information,7,No information,397,72.1,17.4,40,0,40,91.7,39,2303,shot
cengiz-under,https://www.sofascore.com/croatia-turkey/aUbspUb#id:10752408,türkiye,save,No information,assisted,13.1,61.7,0,left-foot,low-left,0,52.6,3.8,No information,No information,5,No information,275,61.7,13.1,47.4,0,47.4,96.2,41,2425,shot

ivan-perisic,https://www.sofascore.com/croatia-netherlands/fUbspUb#id:11014034,croatia,miss,No information,free-kick,27.5,68.8,0,left-foot,high-right,0,43.7,70.8,No information,No information,120,1,7207,68.8,27.5,56.3,0,56.3,29.2,1,893,shot
luka-modric,https://www.sofascore.com/croatia-netherlands/fUbspUb#id:11014034,croatia,goal,penalty,penalty,11.5,50,0,right-foot,low-right,0,46.8,13.3,No information,No information,116,No information,6958,50,11.5,53.2,0,53.2,86.7,5,242,shot
mario-pasalic,https://www.sofascore.com/croatia-netherlands/fUbspUb#id:11014034,croatia,post,No information,regular,9.6,55.5,0,right-foot,high,0,49.2,39.2,No information,No information,114,No information,6831,55.5,9.6,50.8,0,50.8,60.8,7,369,shot
marcelo-brozovic,https://www.sofascore.com/croatia-netherlands/fUbspUb#id:11014034,croatia,block,No information,assisted,9.8,45.4,0,left-foot,low-centre,0,50.6,19,No information,No information,114,No information,6827,45.4,9.8,49.4,0,49.4,81,7,373,shot
noa-lang,https://www.sofascore.com/croatia-netherlands/fUbspUb#id:11014034,netherlands,miss,No information,regular,5.7,36.8,0,right-foot,close-left,0,57,18.1,No information,No information,110,No information,6593,36.8,5.7,43,0,43,81.9,11,607,shot
steven-bergwijn,https://www.sofascore.com/croatia-netherlands/fUbspUb#id:11014034,netherlands,save,No information,assisted,6.5,68.2,0,right-foot,low-centre,0,48.7,3.8,No information,No information,110,No information,6592,68.2,6.5,51.3,0,51.3,96.2,11,608,shot
nikola-vlasic,https://www.sofascore.com/croatia-netherlands/fUbspUb#id:11014034,croatia,save,No information,set-piece,12.2,59.8,0,right-foot,low-centre,0,51.1,3.8,No information,No information,108,No information,6473,59.8,12.2,48.9,0,48.9,96.2,13,727,shot
virgil-van-dijk,https://www.sofascore.com/croatia-netherlands/fUbspUb#id:11014034,netherlands,block,No information,corner,12,50.3,0,head,low-centre,0,49.2,19,No information,No information,105,2,6373,50.3,12,50.8,0,50.8,81,1,827,shot
bruno-petkovic,https://www.sofascore.com/croatia-netherlands/fUbspUb#id:11014034,croatia,goal,regular,assisted,27.4,39.1,0,right-foot,low-left,0,53.4,8.2,No information,No information,98,No information,5865,39.1,27.4,46.6,0,46.6,91.8,8,435,shot
domagoj-vida,https://www.sofascore.com/croatia-netherlands/fUbspUb#id:11014034,croatia,miss,No information,corner,7.8,48.2,0,head,right,0,30.9,5.6,No information,No information,94,No information,5639,48.2,7.8,69.1,0,69.1,94.4,12,661,shot
noa-lang,https://www.sofascore.com/croatia-netherlands/fUbspUb#id:11014034,netherlands,goal,regular,regular,12.1,56.7,0,right-foot,high-centre,0,51.6,25.9,No information,No information,90,6,5720,56.7,12.1,48.4,0,48.4,74.1,1,580,shot
nathan-ake,https://www.sofascore.com/croatia-netherlands/fUbspUb#id:11014034,netherlands,save,No information,corner,9.1,46.4,0,left-foot,low-centre,0,50,13.3,No information,No information,90,3,5546,46.4,9.1,50,0,50,86.7,1,754,shot
cody-gakpo,https://www.sofascore.com/croatia-netherlands/fUbspUb#id:11014034,netherlands,miss,No information,regular,13.1,52,0,right-foot,close-left,0,58,5.6,No information,No information,90,1,5428,52,13.1,42,0,42,94.4,1,872,shot
nikola-vlasic,https://www.sofascore.com/croatia-netherlands/fUbspUb#id:11014034,croatia,miss,No information,assisted,19.1,34.3,0,right-foot,right,0,39.2,9.7,No information,No information,85,No information,5047,34.3,19.1,60.8,0,60.8,90.3,6,353,shot
virgil-van-dijk,https://www.sofascore.com/croatia-netherlands/fUbspUb#id:11014034,netherlands,save,No information,throw-in-set-piece,9.6,57.2,0,head,low-centre,0,48.4,8.2,No information,No information,81,No information,4810,57.2,9.6,51.6,0,51.6,91.8,10,590,shot
mario-pasalic,https://www.sofascore.com/croatia-netherlands/fUbspUb#id:11014034,croatia,goal,regular,assisted,9.2,50,0,left-foot,low-right,0,48,4.4,No information,No information,72,No information,4318,50,9.2,52,0,52,95.6,19,1082,shot
cody-gakpo,https://www.sofascore.com/croatia-netherlands/fUbspUb#id:11014034,netherlands,save,No information,assisted,10.4,31,0,right-foot,low-centre,0,51.3,2.5,No information,No information,69,No information,4089,31,10.4,48.7,0,48.7,97.5,22,1311,shot
luka-ivanusec,https://www.sofascore.com/croatia-netherlands/fUbspUb#id:11014034,croatia,block,No information,assisted,12.8,29.9,0,right-foot,low-left,0,53.4,19,No information,No information,61,No information,3654,29.9,12.8,46.6,0,46.6,81,30,1746,shot
mats-wieffer,https://www.sofascore.com/croatia-netherlands/fUbspUb#id:11014034,netherlands,miss,No information,assisted,19.5,35.9,0,right-foot,high,0,46.9,76.4,No information,No information,57,No information,3387,35.9,19.5,53.1,0,53.1,23.6,34,2013,shot
andrej-kramaric,https://www.sofascore.com/croatia-netherlands/fUbspUb#id:11014034,croatia,goal,penalty,penalty,11.5,50,0,right-foot,low-centre,0,49.8,15.8,No information,No information,55,No information,3256,50,11.5,50.2,0,50.2,84.2,36,2144,shot
donyell-malen,https://www.sofascore.com/croatia-netherlands/fUbspUb#id:11014034,netherlands,block,No information,assisted,12.5,63.7,0,left-foot,low-left,0,53.1,19,No information,No information,45,No information,2647,63.7,12.5,46.9,0,46.9,81,1,53,shot
donyell-malen,https://www.sofascore.com/croatia-netherlands/fUbspUb#id:11014034,netherlands,goal,regular,assisted,10.6,60.9,0,right-foot,low-left,0,54.4,7.6,No information,No information,34,No information,2013,60.9,10.6,45.6,0,45.6,92.4,12,687,shot
teun-koopmeiners,https://www.sofascore.com/croatia-netherlands/fUbspUb#id:11014034,netherlands,miss,No information,assisted,9.8,30.4,0,left-foot,high,0,48.1,68.1,No information,No information,31,No information,1846,30.4,9.8,51.9,0,51.9,31.9,15,854,shot
andrej-kramaric,https://www.sofascore.com/croatia-netherlands/fUbspUb#id:11014034,croatia,miss,No information,corner,10.7,32.8,0,right-foot,close-high-right,0,41.3,55.6,No information,No information,31,No information,1826,32.8,10.7,58.7,0,58.7,44.4,15,874,shot
marcelo-brozovic,https://www.sofascore.com/croatia-netherlands/fUbspUb#id:11014034,croatia,block,No information,assisted,20.1,51,0,right-foot,low-centre,0,50.1,19,No information,No information,27,No information,1612,51,20.1,49.9,0,49.9,81,19,1088,shot
cody-gakpo,https://www.sofascore.com/croatia-netherlands/fUbspUb#id:11014034,netherlands,miss,No information,throw-in-set-piece,8.7,62,0,head,close-right,0,43,25,No information,No information,26,No information,1555,62,8.7,57,0,57,75,20,1145,shot
luka-modric,https://www.sofascore.com/croatia-netherlands/fUbspUb#id:11014034,croatia,block,No information,assisted,23.1,30.1,0,right-foot,low-left,0,51.9,19,No information,No information,24,No information,1395,30.1,23.1,48.1,0,48.1,81,22,1305,shot
mats-wieffer,https://www.sofascore.com/croatia-netherlands/fUbspUb#id:11014034,netherlands,block,No information,corner,9.1,59.2,0,head,low-centre,0,49.5,19,No information,No information,9,No information,513,59.2,9.1,50.5,0,50.5,81,37,2187,shot

ivan-perisic,https://www.sofascore.com/croatia-wales/cUbspUb#id:10752387,croatia,save,No information,regular,16.8,48.8,0,right-foot,low-centre,0,50.3,15.2,No information,No information,90,4,5633,48.8,16.8,49.7,0,49.7,84.8,1,667,shot
nathan-broadhead,https://www.sofascore.com/croatia-wales/cUbspUb#id:10752387,wales,goal,regular,throw-in-set-piece,0.7,42,0,left-foot,low-left,0,53.9,0.6,No information,No information,90,3,5534,42,0.7,46.1,0,46.1,99.4,1,766,shot
ivan-perisic,https://www.sofascore.com/croatia-wales/cUbspUb#id:10752387,croatia,save,No information,set-piece,19.8,32.3,0,left-foot,low-right,0,48.1,8.2,No information,No information,90,1,5425,32.3,19.8,51.9,0,51.9,91.8,1,875,shot
nikola-vlasic,https://www.sofascore.com/croatia-wales/cUbspUb#id:10752387,croatia,save,No information,assisted,20.9,73.3,0,right-foot,low-centre,0,51.7,5.7,No information,No information,85,No information,5048,73.3,20.9,48.3,0,48.3,94.3,6,352,shot
ivan-perisic,https://www.sofascore.com/croatia-wales/cUbspUb#id:10752387,croatia,post,No information,assisted,4.4,18.6,0,left-foot,high,0,50,39.9,No information,No information,82,No information,4899,18.6,4.4,50,0,50,60.1,9,501,shot
josip-sutalo,https://www.sofascore.com/croatia-wales/cUbspUb#id:10752387,croatia,block,No information,corner,9,52.3,0,head,low-centre,0,49.2,19,No information,No information,81,No information,4802,52.3,9,50.8,0,50.8,81,10,598,shot
josko-gvardiol,https://www.sofascore.com/croatia-wales/cUbspUb#id:10752387,croatia,block,No information,corner,2.1,61.4,0,head,low-right,0,46.8,19,No information,No information,78,No information,4648,61.4,2.1,53.2,0,53.2,81,13,752,shot
williams-neco,https://www.sofascore.com/croatia-wales/cUbspUb#id:10752387,wales,miss,No information,assisted,21.6,53.8,0,right-foot,close-high,0,51.3,59.7,No information,No information,73,No information,4360,53.8,21.6,48.7,0,48.7,40.3,18,1040,shot
andrej-kramaric,https://www.sofascore.com/croatia-wales/cUbspUb#id:10752387,croatia,miss,No information,assisted,11.4,43.6,0,left-foot,high,0,53.1,84.7,No information,No information,71,No information,4258,43.6,11.4,46.9,0,46.9,15.3,20,1142,shot
petar-musa,https://www.sofascore.com/croatia-wales/cUbspUb#id:10752387,croatia,block,No information,assisted,11,35.1,0,left-foot,low-centre,0,51.8,19,No information,No information,66,No information,3921,35.1,11,48.2,0,48.2,81,25,1479,shot
daniel-james,https://www.sofascore.com/croatia-wales/cUbspUb#id:10752387,wales,miss,No information,assisted,5.7,35,0,right-foot,close-left,0,58.7,27.8,No information,No information,60,No information,3587,35,5.7,41.3,0,41.3,72.2,31,1813,shot
ivan-perisic,https://www.sofascore.com/croatia-wales/cUbspUb#id:10752387,croatia,save,No information,assisted,9.6,42.5,0,left-foot,low-centre,0,51.3,8.2,No information,No information,56,No information,3317,42.5,9.6,48.7,0,48.7,91.8,35,2083,shot
mateo-kovacic,https://www.sofascore.com/croatia-wales/cUbspUb#id:10752387,croatia,miss,No information,assisted,7,39.3,0,right-foot,high,0,55.8,70.8,No information,No information,50,No information,2945,39.3,7,44.2,0,44.2,29.2,41,2455,shot
andrej-kramaric,https://www.sofascore.com/croatia-wales/cUbspUb#id:10752387,croatia,miss,No information,regular,20,51.2,0,left-foot,high,0,52.4,98.6,No information,No information,45,No information,2661,51.2,20,47.6,0,47.6,1.4,1,39,shot
harry-wilson,https://www.sofascore.com/croatia-wales/cUbspUb#id:10752387,wales,miss,No information,free-kick,20.2,48,0,left-foot,close-high,0,51.8,48.6,No information,No information,43,No information,2569,48,20.2,48.2,0,48.2,51.4,3,131,shot
borna-sosa,https://www.sofascore.com/croatia-wales/cUbspUb#id:10752387,croatia,save,No information,assisted,10.2,35.8,0,right-foot,low-centre,0,49.4,14.6,No information,No information,38,No information,2251,35.8,10.2,50.6,0,50.6,85.4,8,449,shot
luka-modric,https://www.sofascore.com/croatia-wales/cUbspUb#id:10752387,croatia,miss,No information,assisted,14.1,63.4,0,right-foot,left,0,59.5,22.2,No information,No information,35,No information,2082,63.4,14.1,40.5,0,40.5,77.8,11,618,shot
andrej-kramaric,https://www.sofascore.com/croatia-wales/cUbspUb#id:10752387,croatia,goal,regular,regular,19.8,54.4,0,right-foot,low-right,0,46.4,6.3,No information,No information,28,No information,1649,54.4,19.8,53.6,0,53.6,93.7,18,1051,shot
mateo-kovacic,https://www.sofascore.com/croatia-wales/cUbspUb#id:10752387,croatia,block,No information,assisted,20.1,31.6,0,right-foot,low-centre,0,48.9,19,No information,No information,19,No information,1107,31.6,20.1,51.1,0,51.1,81,27,1593,shot
marcelo-brozovic,https://www.sofascore.com/croatia-wales/cUbspUb#id:10752387,croatia,miss,No information,assisted,17.1,28.7,0,right-foot,high-right,0,35,69.4,No information,No information,16,No information,944,28.7,17.1,65,0,65,30.6,30,1756,shot
andrej-kramaric,https://www.sofascore.com/croatia-wales/cUbspUb#id:10752387,croatia,save,No information,assisted,21.6,48,0,right-foot,low-right,0,47.4,7,No information,No information,15,No information,894,48,21.6,52.6,0,52.6,93,31,1806,shot
marko-livaja,https://www.sofascore.com/croatia-wales/cUbspUb#id:10752387,croatia,miss,No information,assisted,6.7,39.3,0,head,right,0,40,11.1,No information,No information,6,No information,340,39.3,6.7,60,0,60,88.9,40,2360,shot
luka-modric,https://www.sofascore.com/croatia-wales/cUbspUb#id:10752387,croatia,save,No information,assisted,22.6,60.3,0,right-foot,low-left,0,53.3,12,No information,No information,3,No information,150,60.3,22.6,46.7,0,46.7,88,43,2550,shot

ibrahima-konate,https://www.sofascore.com/croatia-france/GObspUb#id:10023350,france,miss,No information,assisted,9.4,54.9,0,head,left,0,65.4,31.9,No information,No information,90,5,5659,54.9,9.4,34.6,0,34.6,68.1,1,641,shot
benjamin-pavard,https://www.sofascore.com/croatia-france/GObspUb#id:10023350,france,block,No information,corner,26,52.3,0,right-foot,low-right,0,46.9,19,No information,No information,90,5,5641,52.3,26,53.1,0,53.1,81,1,659,shot
nikola-vlasic,https://www.sofascore.com/croatia-france/GObspUb#id:10023350,croatia,save,No information,assisted,15.5,29.2,0,right-foot,low-left,0,53.5,3.8,No information,No information,88,No information,5267,29.2,15.5,46.5,0,46.5,96.2,3,133,shot
adrien-rabiot,https://www.sofascore.com/croatia-france/GObspUb#id:10023350,france,miss,No information,assisted,8.6,27.9,0,left-foot,high,0,52.8,72.2,No information,No information,86,No information,5155,27.9,8.6,47.2,0,47.2,27.8,5,245,shot
kylian-mbappe,https://www.sofascore.com/croatia-france/GObspUb#id:10023350,france,miss,No information,free-kick,27.3,54.7,0,right-foot,high-right,0,44,79.2,No information,No information,78,No information,4673,54.7,27.3,56,0,56,20.8,13,727,shot
aurelien-tchouameni,https://www.sofascore.com/croatia-france/GObspUb#id:10023350,france,miss,No information,corner,7.1,51.7,0,head,right,0,40.5,15.3,No information,No information,75,No information,4494,51.7,7.1,59.5,0,59.5,84.7,16,906,shot
lovro-majer,https://www.sofascore.com/croatia-france/GObspUb#id:10023350,croatia,save,No information,assisted,13,31.5,0,left-foot,low-centre,0,48.7,17.7,No information,No information,72,No information,4289,31.5,13,51.3,0,51.3,82.3,19,1111,shot
karim-benzema,https://www.sofascore.com/croatia-france/GObspUb#id:10023350,france,miss,No information,assisted,15,68.8,0,right-foot,left,0,75.3,4.2,No information,No information,70,No information,4191,68.8,15,24.7,0,24.7,95.8,21,1209,shot
kylian-mbappe,https://www.sofascore.com/croatia-france/GObspUb#id:10023350,france,block,No information,assisted,17,56.1,0,left-foot,low-centre,0,48.9,19,No information,No information,67,No information,3973,56.1,17,51.1,0,51.1,81,24,1427,shot
kylian-mbappe,https://www.sofascore.com/croatia-france/GObspUb#id:10023350,france,save,No information,assisted,5.3,67.6,0,right-foot,low-centre,0,50.4,2.5,No information,No information,61,No information,3613,67.6,5.3,49.6,0,49.6,97.5,30,1787,shot
kylian-mbappe,https://www.sofascore.com/croatia-france/GObspUb#id:10023350,france,miss,No information,assisted,25.1,68,0,right-foot,close-left,0,57.8,11.1,No information,No information,55,No information,3251,68,25.1,42.2,0,42.2,88.9,36,2149,shot
christopher-nkunku,https://www.sofascore.com/croatia-france/GObspUb#id:10023350,france,save,No information,assisted,5.4,31.3,0,left-foot,low-centre,0,48.5,1.3,No information,No information,51,No information,3039,31.3,5.4,51.5,0,51.5,98.7,40,2361,shot
aurelien-tchouameni,https://www.sofascore.com/croatia-france/GObspUb#id:10023350,france,save,No information,assisted,21.8,39.4,0,right-foot,low-centre,0,51.8,1.9,No information,No information,48,No information,2848,39.4,21.8,48.2,0,48.2,98.1,43,2552,shot
christopher-nkunku,https://www.sofascore.com/croatia-france/GObspUb#id:10023350,france,miss,No information,corner,4.7,46.6,0,head,high,0,49.4,76.4,No information,No information,45,1,2755,46.6,4.7,50.6,0,50.6,23.6,1,2645,shot
lucas-digne,https://www.sofascore.com/croatia-france/GObspUb#id:10023350,france,block,No information,corner,18.4,33.3,0,left-foot,low-centre,0,48.2,19,No information,No information,45,1,2728,33.3,18.4,51.8,0,51.8,81,1,2672,shot
ante-budimir,https://www.sofascore.com/croatia-france/GObspUb#id:10023350,croatia,block,No information,assisted,11.7,28.2,0,left-foot,low-centre,0,49.7,19,No information,No information,39,No information,2292,28.2,11.7,50.3,0,50.3,81,7,408,shot
adrien-rabiot,https://www.sofascore.com/croatia-france/GObspUb#id:10023350,france,block,No information,assisted,25.4,33.6,0,left-foot,low-centre,0,50.9,19,No information,No information,33,No information,1948,33.6,25.4,49.1,0,49.1,81,13,752,shot
christopher-nkunku,https://www.sofascore.com/croatia-france/GObspUb#id:10023350,france,miss,No information,regular,24.1,41.6,0,right-foot,left,0,59.7,13.9,No information,No information,28,No information,1660,41.6,24.1,40.3,0,40.3,86.1,18,1040,shot
kylian-mbappe,https://www.sofascore.com/croatia-france/GObspUb#id:10023350,france,block,No information,regular,6.2,30,0,right-foot,low-left,0,51.9,19,No information,No information,14,No information,819,30,6.2,48.1,0,48.1,81,32,1881,shot
kylian-mbappe,https://www.sofascore.com/croatia-france/GObspUb#id:10023350,france,save,No information,regular,21,38.4,0,right-foot,low-right,0,48.1,12,No information,No information,7,No information,396,38.4,21,51.9,0,51.9,88,39,2304,shot
luka-modric,https://www.sofascore.com/croatia-france/GObspUb#id:10023350,croatia,goal,penalty,penalty,11.5,50,0,right-foot,low-left,0,54,9.5,No information,No information,5,No information,274,50,11.5,46,0,46,90.5,41,2426,shot

ivan-perisic,https://www.sofascore.com/croatia-spain/YTbspUb#id:11873907,croatia,miss,No information,assisted,11,35.2,0,head,high-left,0,63.9,44.4,No information,No information,90,2,5508,35.2,11,36.1,0,36.1,55.6,1,792,shot
ferran-torres,https://www.sofascore.com/croatia-spain/YTbspUb#id:11873907,spain,block,No information,fast-break,9.5,69.5,0,right-foot,low-right,0,47.9,19,No information,No information,88,No information,5272,69.5,9.5,52.1,0,52.1,81,3,128,shot
ivan-perisic,https://www.sofascore.com/croatia-spain/YTbspUb#id:11873907,croatia,save,No information,assisted,28.4,32.7,0,left-foot,low-left,0,53.9,15.2,No information,No information,84,No information,5032,32.7,28.4,46.1,0,46.1,84.8,7,368,shot
ivan-perisic,https://www.sofascore.com/croatia-spain/YTbspUb#id:11873907,croatia,block,No information,assisted,18.2,33.4,0,right-foot,low-centre,0,50.8,19,No information,No information,84,No information,5024,33.4,18.2,49.2,0,49.2,81,7,376,shot
bruno-petkovic,https://www.sofascore.com/croatia-spain/YTbspUb#id:11873907,croatia,save,No information,penalty,11.5,50,0,right-foot,low-left,0,53.8,11.4,No information,No information,80,No information,4742,50,11.5,46.2,0,46.2,88.6,11,658,shot
dani-olmo,https://www.sofascore.com/croatia-spain/YTbspUb#id:11873907,spain,block,No information,assisted,26.2,48.5,0,right-foot,low-centre,0,51.1,19,No information,No information,74,No information,4392,48.5,26.2,48.9,0,48.9,81,17,1008,shot
lamine-yamal,https://www.sofascore.com/croatia-spain/YTbspUb#id:11873907,spain,block,No information,free-kick,25.3,58.7,0,left-foot,low-right,0,47.4,19,No information,No information,58,No information,3437,58.7,25.3,52.6,0,52.6,81,33,1963,shot
mateo-kovacic,https://www.sofascore.com/croatia-spain/YTbspUb#id:11873907,croatia,miss,No information,regular,4.2,43.2,0,head,left,0,78.2,9.7,No information,No information,55,No information,3273,43.2,4.2,21.8,0,21.8,90.3,36,2127,shot
andrej-kramaric,https://www.sofascore.com/croatia-spain/YTbspUb#id:11873907,croatia,save,No information,assisted,2.7,50.9,0,head,high-centre,0,50.3,24.7,No information,No information,55,No information,3272,50.9,2.7,49.7,0,49.7,75.3,36,2128,shot
ante-budimir,https://www.sofascore.com/croatia-spain/YTbspUb#id:11873907,croatia,miss,No information,regular,3,46.6,0,head,close-right,0,41.3,12.5,No information,No information,55,No information,3272,46.6,3,58.7,0,58.7,87.5,36,2128,shot
josip-stanisic,https://www.sofascore.com/croatia-spain/YTbspUb#id:11873907,croatia,block,No information,regular,7.4,59.3,0,right-foot,low-right,0,48.1,19,No information,No information,55,No information,3270,59.3,7.4,51.9,0,51.9,81,36,2130,shot
alvaro-morata,https://www.sofascore.com/croatia-spain/YTbspUb#id:11873907,spain,miss,No information,corner,2.6,42.1,0,right-foot,right,0,0.3,30.6,No information,No information,54,No information,3181,42.1,2.6,99.7,0,99.7,69.4,37,2219,shot
lamine-yamal,https://www.sofascore.com/croatia-spain/YTbspUb#id:11873907,spain,save,No information,fast-break,9.8,61.5,0,left-foot,low-left,0,52.3,3.2,No information,No information,52,No information,3105,61.5,9.8,47.7,0,47.7,96.8,39,2295,shot
josko-gvardiol,https://www.sofascore.com/croatia-spain/YTbspUb#id:11873907,croatia,block,No information,assisted,18.7,30,0,left-foot,low-centre,0,48.8,19,No information,No information,51,No information,3000,30,18.7,51.2,0,51.2,81,40,2400,shot
daniel-carvajal,https://www.sofascore.com/croatia-spain/YTbspUb#id:11873907,spain,goal,regular,corner,5.2,53.6,0,right-foot,low-centre,0,48.7,2.5,No information,No information,45,2,2814,53.6,5.2,51.3,0,51.3,97.5,1,2586,shot
mateo-kovacic,https://www.sofascore.com/croatia-spain/YTbspUb#id:11873907,croatia,miss,No information,assisted,25.4,36.6,0,right-foot,high-right,0,35.1,51.4,No information,No information,45,1,2732,36.6,25.4,64.9,0,64.9,48.6,1,2668,shot
andrej-kramaric,https://www.sofascore.com/croatia-spain/YTbspUb#id:11873907,croatia,miss,No information,assisted,30.4,55.3,0,right-foot,close-high-left,0,57.8,51.4,No information,No information,45,No information,2659,55.3,30.4,42.2,0,42.2,48.6,1,41,shot
josko-gvardiol,https://www.sofascore.com/croatia-spain/YTbspUb#id:11873907,croatia,miss,No information,assisted,4.5,35,0,left-foot,right,0,40.7,12.5,No information,No information,41,No information,2448,35,4.5,59.3,0,59.3,87.5,5,252,shot
robin-le-normand,https://www.sofascore.com/croatia-spain/YTbspUb#id:11873907,spain,miss,No information,corner,6.1,48.5,0,head,high-left,0,57.8,76.4,No information,No information,36,No information,2110,48.5,6.1,42.2,0,42.2,23.6,10,590,shot
lovro-majer,https://www.sofascore.com/croatia-spain/YTbspUb#id:11873907,croatia,miss,No information,regular,2.9,64.2,0,right-foot,close-right,0,42.9,15.3,No information,No information,33,No information,1976,64.2,2.9,57.1,0,57.1,84.7,13,724,shot
marcelo-brozovic,https://www.sofascore.com/croatia-spain/YTbspUb#id:11873907,croatia,save,No information,regular,18.5,49.9,0,right-foot,low-right,0,47.4,3.8,No information,No information,33,No information,1974,49.9,18.5,52.6,0,52.6,96.2,13,726,shot
fabian-ruiz,https://www.sofascore.com/croatia-spain/YTbspUb#id:11873907,spain,goal,regular,assisted,14.3,46.6,0,left-foot,low-right,0,48,0.6,No information,No information,32,No information,1885,46.6,14.3,52,0,52,99.4,14,815,shot
mateo-kovacic,https://www.sofascore.com/croatia-spain/YTbspUb#id:11873907,croatia,save,No information,assisted,15,47.9,0,left-foot,low-right,0,47.7,1.9,No information,No information,30,No information,1792,47.9,15,52.3,0,52.3,98.1,16,908,shot
alvaro-morata,https://www.sofascore.com/croatia-spain/YTbspUb#id:11873907,spain,goal,regular,fast-break,15.6,49.7,0,left-foot,low-left,0,52.6,3.8,No information,No information,29,No information,1688,49.7,15.6,47.4,0,47.4,96.2,17,1012,shot
ante-budimir,https://www.sofascore.com/croatia-spain/YTbspUb#id:11873907,croatia,miss,No information,assisted,13,48.9,0,head,high-right,0,37.6,59.7,No information,No information,22,No information,1308,48.9,13,62.4,0,62.4,40.3,24,1392,shot
lamine-yamal,https://www.sofascore.com/croatia-spain/YTbspUb#id:11873907,spain,miss,No information,fast-break,11.9,62.4,0,left-foot,close-right,0,41.5,12.5,No information,No information,15,No information,852,62.4,11.9,58.5,0,58.5,87.5,31,1848,shot
alvaro-morata,https://www.sofascore.com/croatia-spain/YTbspUb#id:11873907,spain,save,No information,assisted,22.1,63,0,left-foot,low-right,0,46.8,1.9,No information,No information,7,No information,382,63,22.1,53.2,0,53.2,98.1,39,2318,shot

kristijan-lovric,https://www.sofascore.com/croatia-malta/IObspUb#id:9223762,croatia,miss,No information,assisted,12,45.8,0,head,close-right,0,41.3,18.1,No information,No information,90,3,5552,45.8,12,58.7,0,58.7,81.9,1,748,shot
kristijan-lovric,https://www.sofascore.com/croatia-malta/IObspUb#id:9223762,croatia,block,No information,assisted,27.3,24.8,0,right-foot,low-right,0,47.1,19,No information,No information,90,3,5546,24.8,27.3,52.9,0,52.9,81,1,754,shot
josip-brekalo,https://www.sofascore.com/croatia-malta/IObspUb#id:9223762,croatia,goal,regular,assisted,6.9,52.6,0,right-foot,low-centre,0,49,6.3,No information,No information,90,No information,5348,52.6,6.9,51,0,51,93.7,1,52,shot
luka-modric,https://www.sofascore.com/croatia-malta/IObspUb#id:9223762,croatia,goal,penalty,penalty,11.5,50,0,right-foot,low-left,0,53.4,1.3,No information,No information,76,No information,4538,50,11.5,46.6,0,46.6,98.7,15,862,shot
ivan-perisic,https://www.sofascore.com/croatia-malta/IObspUb#id:9223762,croatia,miss,No information,assisted,27.9,68,0,left-foot,high,0,51.4,66.7,No information,No information,65,No information,3882,68,27.9,48.6,0,48.6,33.3,26,1518,shot
nikola-vlasic,https://www.sofascore.com/croatia-malta/IObspUb#id:9223762,croatia,miss,No information,regular,12.4,46.1,0,left-foot,close-right,0,40.8,26.4,No information,No information,64,No information,3804,46.1,12.4,59.2,0,59.2,73.6,27,1596,shot
ivan-perisic,https://www.sofascore.com/croatia-malta/IObspUb#id:9223762,croatia,goal,regular,assisted,4.3,53,0,right-foot,high-centre,0,50,21.5,No information,No information,62,No information,3688,53,4.3,50,0,50,78.5,29,1712,shot
josip-brekalo,https://www.sofascore.com/croatia-malta/IObspUb#id:9223762,croatia,block,No information,assisted,17.5,52.4,0,left-foot,low-right,0,47.7,6.9,No information,No information,55,No information,3244,52.4,17.5,52.3,0,52.3,93.1,36,2156,shot
mario-pasalic,https://www.sofascore.com/croatia-malta/IObspUb#id:9223762,croatia,miss,No information,set-piece,7.3,50,0,head,high,0,52.4,79.2,No information,No information,53,No information,3169,50,7.3,47.6,0,47.6,20.8,38,2231,shot
mislav-orsic,https://www.sofascore.com/croatia-malta/IObspUb#id:9223762,croatia,save,No information,regular,13.8,42.9,0,right-foot,high-right,0,47.2,26.6,No information,No information,50,No information,2976,42.9,13.8,52.8,0,52.8,73.4,41,2424,shot
nikola-vlasic,https://www.sofascore.com/croatia-malta/IObspUb#id:9223762,croatia,save,No information,assisted,12.1,59.6,0,right-foot,low-centre,0,48.7,19.6,No information,No information,47,No information,2802,59.6,12.1,51.3,0,51.3,80.4,44,2598,shot
nikola-vlasic,https://www.sofascore.com/croatia-malta/IObspUb#id:9223762,croatia,block,No information,regular,27.8,37.6,0,left-foot,low-centre,0,51.2,19,No information,No information,46,No information,2747,37.6,27.8,48.8,0,48.8,81,45,2653,shot
mislav-orsic,https://www.sofascore.com/croatia-malta/IObspUb#id:9223762,croatia,block,No information,assisted,24.5,45.8,0,right-foot,low-left,0,52.3,19,No information,No information,45,1,2720,45.8,24.5,47.7,0,47.7,81,1,2680,shot
mislav-orsic,https://www.sofascore.com/croatia-malta/IObspUb#id:9223762,croatia,save,No information,assisted,11.5,33.4,0,right-foot,low-centre,0,48.5,17.7,No information,No information,21,No information,1259,33.4,11.5,51.5,0,51.5,82.3,25,1441,shot
mario-pasalic,https://www.sofascore.com/croatia-malta/IObspUb#id:9223762,croatia,block,No information,assisted,13.7,56.1,0,left-foot,low-centre,0,49.8,19,No information,No information,21,No information,1237,56.1,13.7,50.2,0,50.2,81,25,1463,shot
stephen-pisani,https://www.sofascore.com/croatia-malta/IObspUb#id:9223762,malta,block,No information,assisted,16.2,46.8,0,right-foot,low-left,0,52,19,No information,No information,19,No information,1098,46.8,16.2,48,0,48,81,27,1602,shot
mario-pasalic,https://www.sofascore.com/croatia-malta/IObspUb#id:9223762,croatia,post,No information,assisted,3.9,44.5,0,head,high,0,45.4,41.1,No information,No information,14,No information,813,44.5,3.9,54.6,0,54.6,58.9,32,1887,shot
joseph-mbong,https://www.sofascore.com/croatia-malta/IObspUb#id:9223762,malta,save,No information,fast-break,10.3,23.5,0,left-foot,low-right,0,47.2,6.3,No information,No information,11,No information,640,23.5,10.3,52.8,0,52.8,93.7,35,2060,shot
nikola-vlasic,https://www.sofascore.com/croatia-malta/IObspUb#id:9223762,croatia,miss,No information,assisted,13.1,61,0,left-foot,close-right,0,42.4,6.9,No information,No information,2,No information,98,61,13.1,57.6,0,57.6,93.1,44,2602,shot

andrej-kramaric,https://www.sofascore.com/croatia-france/GObspUb#id:8600755,croatia,save,No information,assisted,11.4,32.8,0,right-foot,low-right,0,47.9,1.3,No information,No information,90,No information,5389,32.8,11.4,52.1,0,52.1,98.7,1,11,shot
mateo-kovacic,https://www.sofascore.com/croatia-france/GObspUb#id:8600755,croatia,save,No information,assisted,20.9,42.5,0,right-foot,low-centre,0,48.5,1.9,No information,No information,86,No information,5118,42.5,20.9,51.5,0,51.5,98.1,5,282,shot
kylian-mbappe,https://www.sofascore.com/croatia-france/GObspUb#id:8600755,france,goal,regular,assisted,6.4,50.1,0,right-foot,low-centre,0,48.5,0.6,No information,No information,79,No information,4700,50.1,6.4,51.5,0,51.5,99.4,12,700,shot
paul-pogba,https://www.sofascore.com/croatia-france/GObspUb#id:8600755,france,save,No information,corner,4.4,63,0,right-foot,low-centre,0,50.4,0.6,No information,No information,77,No information,4560,63,4.4,49.6,0,49.6,99.4,14,840,shot
josip-brekalo,https://www.sofascore.com/croatia-france/GObspUb#id:8600755,croatia,miss,No information,corner,23.6,36.5,0,right-foot,high-right,0,42.4,83.3,No information,No information,69,No information,4086,36.5,23.6,57.6,0,57.6,16.7,22,1314,shot
nikola-vlasic,https://www.sofascore.com/croatia-france/GObspUb#id:8600755,croatia,goal,regular,assisted,14.4,54.8,0,right-foot,low-left,0,53.9,13.9,No information,No information,64,No information,3838,54.8,14.4,46.1,0,46.1,86.1,27,1562,shot
nikola-vlasic,https://www.sofascore.com/croatia-france/GObspUb#id:8600755,croatia,miss,No information,assisted,22.9,26.8,0,left-foot,right,0,39.7,2.8,No information,No information,53,No information,3152,26.8,22.9,60.3,0,60.3,97.2,38,2248,shot
clement-lenglet,https://www.sofascore.com/croatia-france/GObspUb#id:8600755,france,miss,No information,set-piece,8.4,52.8,0,other,close-left,0,58.3,20.8,No information,No information,45,No information,2666,52.8,8.4,41.7,0,41.7,79.2,1,34,shot
ivan-perisic,https://www.sofascore.com/croatia-france/GObspUb#id:8600755,croatia,block,No information,assisted,11.5,52.6,0,head,low-centre,0,50.4,19,No information,No information,36,No information,2103,52.6,11.5,49.6,0,49.6,81,10,597,shot
mario-pasalic,https://www.sofascore.com/croatia-france/GObspUb#id:8600755,croatia,save,No information,regular,4.1,45.2,0,left-foot,low-centre,0,50.3,1.3,No information,No information,30,No information,1766,45.2,4.1,49.7,0,49.7,98.7,16,934,shot
mario-pasalic,https://www.sofascore.com/croatia-france/GObspUb#id:8600755,croatia,block,No information,assisted,9.5,46.4,0,left-foot,low-centre,0,51.7,19,No information,No information,30,No information,1765,46.4,9.5,48.3,0,48.3,81,16,935,shot
ivan-perisic,https://www.sofascore.com/croatia-france/GObspUb#id:8600755,croatia,miss,No information,free-kick,26.9,47.6,0,right-foot,high,0,44.9,65.3,No information,No information,25,No information,1496,47.6,26.9,55.1,0,55.1,34.7,21,1204,shot
dejan-lovren,https://www.sofascore.com/croatia-france/GObspUb#id:8600755,croatia,miss,No information,corner,8.8,39,0,head,close-high,0,51.6,59.7,No information,No information,20,No information,1181,39,8.8,48.4,0,48.4,40.3,26,1519,shot
kylian-mbappe,https://www.sofascore.com/croatia-france/GObspUb#id:8600755,france,miss,No information,assisted,8.1,41,0,right-foot,close-right,0,43.7,2.8,No information,No information,15,No information,853,41,8.1,56.3,0,56.3,97.2,31,1847,shot
antoine-griezmann,https://www.sofascore.com/croatia-france/GObspUb#id:8600755,france,goal,regular,regular,11.5,60.4,0,left-foot,high-left,0,52.2,30.4,No information,No information,8,No information,475,60.4,11.5,47.8,0,47.8,69.6,38,2225,shot

mateo-kovacic,https://www.sofascore.com/croatia-russia/UTbspUb#id:9223858,croatia,miss,No information,assisted,6.3,33.9,0,left-foot,right,0,36.1,9.7,No information,No information,90,2,5470,33.9,6.3,63.9,0,63.9,90.3,1,830,shot
denis-cheryshev,https://www.sofascore.com/croatia-russia/UTbspUb#id:9223858,russia,block,No information,regular,17.8,44.1,0,left-foot,low-centre,0,49.7,19,No information,No information,90,No information,5359,44.1,17.8,50.3,0,50.3,81,1,41,shot
nikola-vlasic,https://www.sofascore.com/croatia-russia/UTbspUb#id:9223858,croatia,miss,No information,assisted,9.3,53.7,0,head,right,0,33.6,12.5,No information,No information,88,No information,5272,53.7,9.3,66.4,0,66.4,87.5,3,128,shot
anton-zabolotnyi,https://www.sofascore.com/croatia-russia/UTbspUb#id:9223858,russia,save,No information,assisted,5,26.5,0,right-foot,low-centre,0,50.7,15.2,No information,No information,88,No information,5236,26.5,5,49.3,0,49.3,84.8,3,164,shot
luka-ivanusec,https://www.sofascore.com/croatia-russia/UTbspUb#id:9223858,croatia,save,No information,regular,15.8,58.5,0,right-foot,low-left,0,53.1,5.7,No information,No information,82,No information,4871,58.5,15.8,46.9,0,46.9,94.3,9,529,shot
igor-diveev,https://www.sofascore.com/croatia-russia/UTbspUb#id:9223858,russia,miss,No information,corner,8.8,57.7,0,head,close-high-left,0,56.8,56.9,No information,No information,78,No information,4628,57.7,8.8,43.2,0,43.2,43.1,13,772,shot
andrej-kramaric,https://www.sofascore.com/croatia-russia/UTbspUb#id:9223858,croatia,miss,No information,assisted,13,62.3,0,right-foot,left,0,71.1,12.5,No information,No information,73,No information,4340,62.3,13,28.9,0,28.9,87.5,18,1060,shot
nikola-vlasic,https://www.sofascore.com/croatia-russia/UTbspUb#id:9223858,croatia,miss,No information,corner,19.4,32.2,0,left-foot,high,0,50.9,86.1,No information,No information,69,No information,4094,32.2,19.4,49.1,0,49.1,13.9,22,1306,shot
borna-sosa,https://www.sofascore.com/croatia-russia/UTbspUb#id:9223858,croatia,save,No information,assisted,29.3,27.2,0,left-foot,high-left,0,52.7,28.5,No information,No information,64,No information,3830,27.2,29.3,47.3,0,47.3,71.5,27,1570,shot
ivan-perisic,https://www.sofascore.com/croatia-russia/UTbspUb#id:9223858,croatia,block,No information,assisted,17.2,31.2,0,left-foot,low-centre,0,49.6,19,No information,No information,64,No information,3788,31.2,17.2,50.4,0,50.4,81,27,1612,shot
nikola-vlasic,https://www.sofascore.com/croatia-russia/UTbspUb#id:9223858,croatia,miss,No information,regular,13.8,33.1,0,right-foot,high-right,0,34.8,73.6,No information,No information,55,No information,3246,33.1,13.8,65.2,0,65.2,26.4,36,2154,shot
aleksey-ionov,https://www.sofascore.com/croatia-russia/UTbspUb#id:9223858,russia,save,No information,throw-in-set-piece,13.7,54.6,0,left-foot,low-centre,0,48.4,5.1,No information,No information,46,No information,2749,54.6,13.7,51.6,0,51.6,94.9,45,2651,shot
nikola-vlasic,https://www.sofascore.com/croatia-russia/UTbspUb#id:9223858,croatia,block,No information,corner,14.4,47.2,0,left-foot,low-left,0,51.9,19,No information,No information,44,No information,2625,47.2,14.4,48.1,0,48.1,81,2,75,shot
ivan-perisic,https://www.sofascore.com/croatia-russia/UTbspUb#id:9223858,croatia,miss,No information,assisted,9.1,42.2,0,right-foot,right,0,40.2,5.6,No information,No information,43,No information,2534,42.2,9.1,59.8,0,59.8,94.4,3,166,shot
nikola-vlasic,https://www.sofascore.com/croatia-russia/UTbspUb#id:9223858,croatia,miss,No information,assisted,9,57.9,0,head,left,0,99.5,11.1,No information,No information,43,No information,2534,57.9,9,0.5,0,0.5,88.9,3,166,shot
mario-pasalic,https://www.sofascore.com/croatia-russia/UTbspUb#id:9223858,croatia,miss,No information,assisted,7.3,52.6,0,head,right,0,37.3,30.6,No information,No information,39,No information,2334,52.6,7.3,62.7,0,62.7,69.4,7,366,shot
ivan-perisic,https://www.sofascore.com/croatia-russia/UTbspUb#id:9223858,croatia,block,No information,regular,15.4,43.9,0,right-foot,low-left,0,53,19,No information,No information,21,No information,1211,43.9,15.4,47,0,47,81,25,1489,shot
aleksei-miranchuk,https://www.sofascore.com/croatia-russia/UTbspUb#id:9223858,russia,miss,No information,assisted,9.9,65.4,0,head,right,0,40.3,15.3,No information,No information,17,No information,1019,65.4,9.9,59.7,0,59.7,84.7,29,1681,shot
igor-diveev,https://www.sofascore.com/croatia-russia/UTbspUb#id:9223858,russia,miss,No information,corner,7.9,62.2,0,left-foot,high-right,0,42.7,87.5,No information,No information,16,No information,900,62.2,7.9,57.3,0,57.3,12.5,30,1800,shot
arsen-zakharyan,https://www.sofascore.com/croatia-russia/UTbspUb#id:9223858,russia,save,No information,assisted,14.4,31.5,0,right-foot,high-centre,0,49.3,31.6,No information,No information,15,No information,845,31.5,14.4,50.7,0,50.7,68.4,31,1855,shot
duje-caleta-car,https://www.sofascore.com/croatia-russia/UTbspUb#id:9223858,croatia,miss,No information,corner,10.1,52.4,0,head,high-left,0,60.8,50,No information,No information,12,No information,715,52.4,10.1,39.2,0,39.2,50,34,1985,shot
ivan-perisic,https://www.sofascore.com/croatia-russia/UTbspUb#id:9223858,croatia,block,No information,assisted,8.7,29.9,0,right-foot,low-left,0,52.2,19,No information,No information,11,No information,658,29.9,8.7,47.8,0,47.8,81,35,2042,shot
aleksey-ionov,https://www.sofascore.com/croatia-russia/UTbspUb#id:9223858,russia,block,No information,assisted,6.9,49,0,head,low-centre,0,48.8,19,No information,No information,3,No information,159,49,6.9,51.2,0,51.2,81,43,2541,shot

andre-silva,https://www.sofascore.com/croatia-portugal/eUbspUb#id:8600740,portugal,goal,regular,corner,2.3,46.4,0,right-foot,low-left,0,53.1,13.3,No information,No information,90,4,5633,46.4,2.3,46.9,0,46.9,86.7,1,667,shot
pepe,https://www.sofascore.com/croatia-portugal/eUbspUb#id:8600740,portugal,miss,No information,corner,8.8,49.7,0,head,close-left,0,59.2,4.2,No information,No information,90,4,5632,49.7,8.8,40.8,0,40.8,95.8,1,668,shot
diogo-jota,https://www.sofascore.com/croatia-portugal/eUbspUb#id:8600740,portugal,save,No information,assisted,14,32.6,0,right-foot,low-right,0,47.4,7,No information,No information,90,4,5591,32.6,14,52.6,0,52.6,93,1,709,shot
diogo-jota,https://www.sofascore.com/croatia-portugal/eUbspUb#id:8600740,portugal,block,No information,assisted,19.3,47.6,0,right-foot,low-left,0,52.6,19,No information,No information,90,1,5456,47.6,19.3,47.4,0,47.4,81,1,844,shot
bruno-petkovic,https://www.sofascore.com/croatia-portugal/eUbspUb#id:8600740,croatia,goal,regular,assisted,10.9,44.3,0,right-foot,low-left,0,52,2.5,No information,No information,90,1,5414,44.3,10.9,48,0,48,97.5,1,886,shot
marcelo-brozovic,https://www.sofascore.com/croatia-portugal/eUbspUb#id:8600740,croatia,miss,No information,assisted,18.9,48.1,0,left-foot,left,0,59.5,15.3,No information,No information,87,No information,5203,48.1,18.9,40.5,0,40.5,84.7,4,197,shot
francisco-trincao,https://www.sofascore.com/croatia-portugal/eUbspUb#id:8600740,portugal,miss,No information,assisted,5.1,63.9,0,left-foot,left,0,68.4,6.9,No information,No information,80,No information,4763,63.9,5.1,31.6,0,31.6,93.1,11,637,shot
nikola-vlasic,https://www.sofascore.com/croatia-portugal/eUbspUb#id:8600740,croatia,block,No information,assisted,19.8,36.7,0,left-foot,low-centre,0,49.7,19,No information,No information,77,No information,4576,36.7,19.8,50.3,0,50.3,81,14,824,shot
joao-moutinho,https://www.sofascore.com/croatia-portugal/eUbspUb#id:8600740,portugal,miss,No information,assisted,24.6,43.1,0,right-foot,left,0,59.3,1.4,No information,No information,72,No information,4270,43.1,24.6,40.7,0,40.7,98.6,19,1130,shot
joao-felix,https://www.sofascore.com/croatia-portugal/eUbspUb#id:8600740,portugal,goal,regular,assisted,19.9,56.5,0,right-foot,low-left,0,52.1,17.1,No information,No information,70,No information,4186,56.5,19.9,47.9,0,47.9,82.9,21,1214,shot
danilo-pereira,https://www.sofascore.com/croatia-portugal/eUbspUb#id:8600740,portugal,block,No information,regular,24.6,51.2,0,right-foot,low-centre,0,48.5,19,No information,No information,70,No information,4178,51.2,24.6,51.5,0,51.5,81,21,1222,shot
diogo-jota,https://www.sofascore.com/croatia-portugal/eUbspUb#id:8600740,portugal,goal,regular,assisted,7.3,38.8,0,right-foot,low-right,0,47.8,1.3,No information,No information,58,No information,3474,38.8,7.3,52.2,0,52.2,98.7,33,1926,shot
bruno-fernandes,https://www.sofascore.com/croatia-portugal/eUbspUb#id:8600740,portugal,save,No information,assisted,19.4,56.9,0,right-foot,low-centre,0,49.1,1.3,No information,No information,57,No information,3410,56.9,19.4,50.9,0,50.9,98.7,34,1990,shot
bruno-fernandes,https://www.sofascore.com/croatia-portugal/eUbspUb#id:8600740,portugal,miss,No information,free-kick,13.6,19.4,0,right-foot,close-high,0,54.6,56.9,No information,No information,54,No information,3237,19.4,13.6,45.4,0,45.4,43.1,37,2163,shot
joao-felix,https://www.sofascore.com/croatia-portugal/eUbspUb#id:8600740,portugal,block,No information,assisted,10,65.8,0,right-foot,low-centre,0,50.9,19,No information,No information,51,No information,3021,65.8,10,49.1,0,49.1,81,40,2379,shot
andrej-kramaric,https://www.sofascore.com/croatia-portugal/eUbspUb#id:8600740,croatia,miss,No information,fast-break,13.2,28.8,0,right-foot,right,0,39.7,26.4,No information,No information,44,No information,2626,28.8,13.2,60.3,0,60.3,73.6,2,74,shot
joao-cancelo,https://www.sofascore.com/croatia-portugal/eUbspUb#id:8600740,portugal,goal,regular,assisted,23.6,53.6,0,left-foot,high-left,0,53.7,29.7,No information,No information,41,No information,2428,53.6,23.6,46.3,0,46.3,70.3,5,272,shot
bernardo-silva,https://www.sofascore.com/croatia-portugal/eUbspUb#id:8600740,portugal,miss,No information,corner,19.1,67.2,0,left-foot,left,0,77.1,12.5,No information,No information,34,No information,2030,67.2,19.1,22.9,0,22.9,87.5,12,670,shot
raphael-guerreiro,https://www.sofascore.com/croatia-portugal/eUbspUb#id:8600740,portugal,post,No information,corner,24.8,56.3,0,left-foot,left,0,55.2,24.1,No information,No information,34,No information,1991,56.3,24.8,44.8,0,44.8,75.9,12,709,shot
diogo-jota,https://www.sofascore.com/croatia-portugal/eUbspUb#id:8600740,portugal,miss,No information,assisted,9.7,71.3,0,right-foot,close-right,0,42.7,8.3,No information,No information,28,No information,1669,71.3,9.7,57.3,0,57.3,91.7,18,1031,shot
diogo-jota,https://www.sofascore.com/croatia-portugal/eUbspUb#id:8600740,portugal,post,No information,assisted,10.3,42.2,0,head,right,0,44.7,15.2,No information,No information,27,No information,1599,42.2,10.3,55.3,0,55.3,84.8,19,1101,shot
danilo-pereira,https://www.sofascore.com/croatia-portugal/eUbspUb#id:8600740,portugal,miss,No information,corner,9.3,54.3,0,head,high,0,51.9,65.3,No information,No information,26,No information,1519,54.3,9.3,48.1,0,48.1,34.7,20,1181,shot
pepe,https://www.sofascore.com/croatia-portugal/eUbspUb#id:8600740,portugal,save,No information,corner,3.3,54.6,0,left-foot,low-centre,0,50.2,0.6,No information,No information,25,No information,1458,54.6,3.3,49.8,0,49.8,99.4,21,1242,shot
pepe,https://www.sofascore.com/croatia-portugal/eUbspUb#id:8600740,portugal,save,No information,corner,6.8,53.4,0,head,low-centre,0,48.2,15.2,No information,No information,25,No information,1456,53.4,6.8,51.8,0,51.8,84.8,21,1244,shot
raphael-guerreiro,https://www.sofascore.com/croatia-portugal/eUbspUb#id:8600740,portugal,save,No information,regular,7.1,32.2,0,left-foot,low-centre,0,48.4,1.3,No information,No information,23,No information,1321,32.2,7.1,51.6,0,51.6,98.7,23,1379,shot
joao-felix,https://www.sofascore.com/croatia-portugal/eUbspUb#id:8600740,portugal,block,No information,assisted,15.2,47,0,left-foot,low-centre,0,51,19,No information,No information,22,No information,1317,47,15.2,49,0,49,81,24,1383,shot
bruno-fernandes,https://www.sofascore.com/croatia-portugal/eUbspUb#id:8600740,portugal,miss,No information,corner,23.5,34.5,0,right-foot,high-right,0,40.3,83.3,No information,No information,20,No information,1159,34.5,23.5,59.7,0,59.7,16.7,26,1541,shot
joao-cancelo,https://www.sofascore.com/croatia-portugal/eUbspUb#id:8600740,portugal,save,No information,assisted,9.8,68.2,0,right-foot,low-centre,0,50,18.4,No information,No information,19,No information,1110,68.2,9.8,50,0,50,81.6,27,1590,shot
joao-felix,https://www.sofascore.com/croatia-portugal/eUbspUb#id:8600740,portugal,block,No information,assisted,19.4,49.5,0,right-foot,low-centre,0,50.7,19,No information,No information,15,No information,850,49.5,19.4,49.3,0,49.3,81,31,1850,shot
bruno-fernandes,https://www.sofascore.com/croatia-portugal/eUbspUb#id:8600740,portugal,save,No information,assisted,25.5,54,0,right-foot,low-centre,0,49.6,3.8,No information,No information,9,No information,530,54,25.5,50.4,0,50.4,96.2,37,2170,shot
danilo-pereira,https://www.sofascore.com/croatia-portugal/eUbspUb#id:8600740,portugal,miss,No information,assisted,23.2,47.2,0,right-foot,high,0,44.4,76.4,No information,No information,5,No information,284,47.2,23.2,55.6,0,55.6,23.6,41,2416,shot
nikola-vlasic,https://www.sofascore.com/croatia-portugal/eUbspUb#id:8600740,croatia,save,No information,assisted,25.2,30.3,0,right-foot,low-left,0,54.5,10.1,No information,No information,2,No information,101,30.3,25.2,45.5,0,45.5,89.9,44,2599,shot

daniel-carvajal,https://www.sofascore.com/croatia-spain/YTbspUb#id:11353239,spain,goal,penalty,shootout,11.5,50,0,right-foot,high-centre,0,51,22.8,No information,No information,129,No information,7692,50,11.5,49,0,49,77.2,7,408,shot
bruno-petkovic,https://www.sofascore.com/croatia-spain/YTbspUb#id:11353239,croatia,save,No information,shootout,11.5,50,0,right-foot,low-left,0,52.3,14.6,No information,No information,128,No information,7638,50,11.5,47.7,0,47.7,85.4,8,462,shot
aymeric-laporte,https://www.sofascore.com/croatia-spain/YTbspUb#id:11353239,spain,post,No information,shootout,11.5,50,0,left-foot,high,0,49.2,38.6,No information,No information,127,No information,7583,50,11.5,50.8,0,50.8,61.4,9,517,shot
ivan-perisic,https://www.sofascore.com/croatia-spain/YTbspUb#id:11353239,croatia,goal,penalty,shootout,11.5,50,0,right-foot,low-right,0,46.3,10.8,No information,No information,126,No information,7543,50,11.5,53.7,0,53.7,89.2,10,557,shot
marco-asensio,https://www.sofascore.com/croatia-spain/YTbspUb#id:11353239,spain,goal,penalty,shootout,11.5,50,0,left-foot,high-right,0,46.8,30.4,No information,No information,125,No information,7498,50,11.5,53.2,0,53.2,69.6,11,602,shot
lovro-majer,https://www.sofascore.com/croatia-spain/YTbspUb#id:11353239,croatia,save,No information,shootout,11.5,50,0,left-foot,low-centre,0,48.9,13.3,No information,No information,125,No information,7447,50,11.5,51.1,0,51.1,86.7,11,653,shot
mikel-merino,https://www.sofascore.com/croatia-spain/YTbspUb#id:11353239,spain,goal,penalty,shootout,11.5,50,0,left-foot,low-right,0,47.4,10.8,No information,No information,124,No information,7404,50,11.5,52.6,0,52.6,89.2,12,696,shot
luka-modric,https://www.sofascore.com/croatia-spain/YTbspUb#id:11353239,croatia,goal,penalty,shootout,11.5,50,0,right-foot,high-centre,0,48.9,34.8,No information,No information,123,No information,7367,50,11.5,51.1,0,51.1,65.2,13,733,shot
rodri,https://www.sofascore.com/croatia-spain/YTbspUb#id:11353239,spain,goal,penalty,shootout,11.5,50,0,right-foot,low-left,0,53.8,13.9,No information,No information,123,No information,7326,50,11.5,46.2,0,46.2,86.1,13,774,shot
marcelo-brozovic,https://www.sofascore.com/croatia-spain/YTbspUb#id:11353239,croatia,goal,penalty,shootout,11.5,50,0,right-foot,low-left,0,52.9,3.2,No information,No information,122,No information,7290,50,11.5,47.1,0,47.1,96.8,14,810,shot
joselu,https://www.sofascore.com/croatia-spain/YTbspUb#id:11353239,spain,goal,penalty,shootout,11.5,50,0,right-foot,high-left,0,53.6,29.7,No information,No information,121,No information,7245,50,11.5,46.4,0,46.4,70.3,15,855,shot
nikola-vlasic,https://www.sofascore.com/croatia-spain/YTbspUb#id:11353239,croatia,goal,penalty,shootout,11.5,50,0,right-foot,high-right,0,46.5,22.2,No information,No information,121,No information,7201,50,11.5,53.5,0,53.5,77.8,15,899,shot
mateo-kovacic,https://www.sofascore.com/croatia-spain/YTbspUb#id:11353239,croatia,miss,No information,assisted,17.5,46.1,0,right-foot,left,0,64.7,5.6,No information,No information,119,No information,7100,46.1,17.5,35.3,0,35.3,94.4,2,100,shot
rodri,https://www.sofascore.com/croatia-spain/YTbspUb#id:11353239,spain,block,No information,assisted,24.1,38,0,right-foot,low-centre,0,50.3,19,No information,No information,116,No information,6901,38,24.1,49.7,0,49.7,81,5,299,shot
nikola-vlasic,https://www.sofascore.com/croatia-spain/YTbspUb#id:11353239,croatia,save,No information,assisted,18.6,38.2,0,right-foot,low-centre,0,48.2,0.6,No information,No information,110,No information,6579,38.2,18.6,51.8,0,51.8,99.4,11,621,shot
rodri,https://www.sofascore.com/croatia-spain/YTbspUb#id:11353239,spain,block,No information,corner,14.6,61,0,right-foot,low-centre,0,51.7,19,No information,No information,109,No information,6504,61,14.6,48.3,0,48.3,81,12,696,shot
marco-asensio,https://www.sofascore.com/croatia-spain/YTbspUb#id:11353239,spain,block,No information,corner,23.8,54.1,0,left-foot,low-right,0,47.2,19,No information,No information,109,No information,6481,54.1,23.8,52.8,0,52.8,81,12,719,shot
dani-olmo,https://www.sofascore.com/croatia-spain/YTbspUb#id:11353239,spain,block,No information,assisted,10.6,47.6,0,right-foot,low-centre,0,50.6,19,No information,No information,108,No information,6446,47.6,10.6,49.4,0,49.4,81,13,754,shot
marcelo-brozovic,https://www.sofascore.com/croatia-spain/YTbspUb#id:11353239,croatia,save,No information,regular,14.1,32.8,0,right-foot,low-right,0,46.9,1.9,No information,No information,105,3,6426,32.8,14.1,53.1,0,53.1,98.1,1,774,shot
nikola-vlasic,https://www.sofascore.com/croatia-spain/YTbspUb#id:11353239,croatia,block,No information,assisted,25.2,43.1,0,right-foot,low-centre,0,50.2,19,No information,No information,105,2,6417,43.1,25.2,49.8,0,49.8,81,1,783,shot
dani-olmo,https://www.sofascore.com/croatia-spain/YTbspUb#id:11353239,spain,miss,No information,regular,17.7,51.2,0,left-foot,high,0,55.1,75,No information,No information,104,No information,6233,51.2,17.7,44.9,0,44.9,25,2,67,shot
marco-asensio,https://www.sofascore.com/croatia-spain/YTbspUb#id:11353239,spain,block,No information,assisted,24,47.8,0,left-foot,low-centre,0,51.1,19,No information,No information,104,No information,6230,47.8,24,48.9,0,48.9,81,2,70,shot
marcelo-brozovic,https://www.sofascore.com/croatia-spain/YTbspUb#id:11353239,croatia,miss,No information,regular,21.2,44.2,0,left-foot,right,0,32.3,6.9,No information,No information,93,No information,5555,44.2,21.2,67.7,0,67.7,93.1,13,745,shot
marco-asensio,https://www.sofascore.com/croatia-spain/YTbspUb#id:11353239,spain,miss,No information,assisted,8.5,69.7,0,right-foot,left,0,73.4,1.4,No information,No information,90,No information,5389,69.7,8.5,26.6,0,26.6,98.6,1,11,shot
aymeric-laporte,https://www.sofascore.com/croatia-spain/YTbspUb#id:11353239,spain,save,No information,corner,7.7,55.1,0,head,high-left,0,51.9,30.4,No information,No information,85,No information,5058,55.1,7.7,48.1,0,48.1,69.6,6,342,shot
ansu-fati,https://www.sofascore.com/croatia-spain/YTbspUb#id:11353239,spain,block,No information,assisted,8.1,48.9,0,left-foot,low-right,0,47.7,19,No information,No information,84,No information,5031,48.9,8.1,52.3,0,52.3,81,7,369,shot
marco-asensio,https://www.sofascore.com/croatia-spain/YTbspUb#id:11353239,spain,miss,No information,regular,15.3,52.8,0,left-foot,close-right,0,41.8,1.4,No information,No information,77,No information,4593,52.8,15.3,58.2,0,58.2,98.6,14,807,shot
fabian-ruiz,https://www.sofascore.com/croatia-spain/YTbspUb#id:11353239,spain,block,No information,regular,19.1,33,0,left-foot,low-centre,0,50.3,19,No information,No information,77,No information,4591,33,19.1,49.7,0,49.7,81,14,809,shot
ansu-fati,https://www.sofascore.com/croatia-spain/YTbspUb#id:11353239,spain,block,No information,assisted,10.8,32.8,0,right-foot,low-right,0,47.5,19,No information,No information,77,No information,4589,32.8,10.8,52.5,0,52.5,81,14,811,shot
fabian-ruiz,https://www.sofascore.com/croatia-spain/YTbspUb#id:11353239,spain,miss,No information,regular,19.6,15,0,left-foot,close-high,0,45.5,56.9,No information,No information,75,No information,4496,15,19.6,54.5,0,54.5,43.1,16,904,shot
rodri,https://www.sofascore.com/croatia-spain/YTbspUb#id:11353239,spain,miss,No information,assisted,28.6,52.2,0,right-foot,close-left,0,59.2,26.4,No information,No information,65,No information,3898,52.2,28.6,40.8,0,40.8,73.6,26,1502,shot
mario-pasalic,https://www.sofascore.com/croatia-spain/YTbspUb#id:11353239,croatia,miss,No information,assisted,3.3,60.6,0,head,close-right,0,43.5,29.2,No information,No information,61,No information,3614,60.6,3.3,56.5,0,56.5,70.8,30,1786,shot
andrej-kramaric,https://www.sofascore.com/croatia-spain/YTbspUb#id:11353239,croatia,miss,No information,assisted,18.4,53.1,0,left-foot,left,0,67.1,16.7,No information,No information,60,No information,3574,53.1,18.4,32.9,0,32.9,83.3,31,1826,shot
marco-asensio,https://www.sofascore.com/croatia-spain/YTbspUb#id:11353239,spain,miss,No information,assisted,8.7,49.1,0,head,close-high,0,48.1,56.9,No information,No information,57,No information,3399,49.1,8.7,51.9,0,51.9,43.1,34,2001,shot
josip-juranovic,https://www.sofascore.com/croatia-spain/YTbspUb#id:11353239,croatia,miss,No information,regular,6.6,67.7,0,right-foot,left,0,77,9.7,No information,No information,51,No information,3007,67.7,6.6,23,0,23,90.3,40,2393,shot
alvaro-morata,https://www.sofascore.com/croatia-spain/YTbspUb#id:11353239,spain,miss,No information,assisted,8.1,42.5,0,head,high,0,53.9,68.1,No information,No information,42,No information,2494,42.5,8.1,46.1,0,46.1,31.9,4,206,shot
ivan-perisic,https://www.sofascore.com/croatia-spain/YTbspUb#id:11353239,croatia,save,No information,assisted,11.8,39.7,0,head,high-right,0,47.1,20.9,No information,No information,39,No information,2309,39.7,11.8,52.9,0,52.9,79.1,7,391,shot
ivan-perisic,https://www.sofascore.com/croatia-spain/YTbspUb#id:11353239,croatia,save,No information,set-piece,14.9,43.1,0,head,low-left,0,54.4,5.7,No information,No information,31,No information,1823,43.1,14.9,45.6,0,45.6,94.3,15,877,shot
rodri,https://www.sofascore.com/croatia-spain/YTbspUb#id:11353239,spain,block,No information,corner,10.3,45,0,head,low-centre,0,49.4,19,No information,No information,27,No information,1587,45,10.3,50.6,0,50.6,81,19,1113,shot
fabian-ruiz,https://www.sofascore.com/croatia-spain/YTbspUb#id:11353239,spain,block,No information,assisted,20.1,35.3,0,left-foot,low-centre,0,49.3,19,No information,No information,26,No information,1512,35.3,20.1,50.7,0,50.7,81,20,1188,shot
mario-pasalic,https://www.sofascore.com/croatia-spain/YTbspUb#id:11353239,croatia,save,No information,regular,7,49.1,0,right-foot,low-centre,0,50.6,9.5,No information,No information,24,No information,1398,49.1,7,49.4,0,49.4,90.5,22,1302,shot
andrej-kramaric,https://www.sofascore.com/croatia-spain/YTbspUb#id:11353239,croatia,block,No information,assisted,12.8,48.2,0,right-foot,low-centre,0,50.1,19,No information,No information,23,No information,1342,48.2,12.8,49.9,0,49.9,81,23,1358,shot
alvaro-morata,https://www.sofascore.com/croatia-spain/YTbspUb#id:11353239,spain,block,No information,assisted,9.8,65.4,0,head,low-centre,0,50.4,19,No information,No information,20,No information,1144,65.4,9.8,49.6,0,49.6,81,26,1556,shot
gavi,https://www.sofascore.com/croatia-spain/YTbspUb#id:11353239,spain,miss,No information,regular,18.7,47.6,0,right-foot,close-left,0,56.8,1.4,No information,No information,12,No information,687,47.6,18.7,43.2,0,43.2,98.6,34,2013,shot
jordi-alba,https://www.sofascore.com/croatia-spain/YTbspUb#id:11353239,spain,block,No information,regular,28.3,41.9,0,left-foot,low-centre,0,50.3,19,No information,No information,2,No information,64,41.9,28.3,49.7,0,49.7,81,44,2636,shot

luka-sucic,https://www.sofascore.com/croatia-france/GObspUb#id:10023295,croatia,miss,No information,assisted,7.4,67.4,0,right-foot,left,0,65.5,6.9,No information,No information,90,3,5569,67.4,7.4,34.5,0,34.5,93.1,1,731,shot
antoine-griezmann,https://www.sofascore.com/croatia-france/GObspUb#id:10023295,france,miss,No information,regular,9.3,26.3,0,left-foot,right,0,30.9,1.4,No information,No information,88,No information,5234,26.3,9.3,69.1,0,69.1,98.6,3,166,shot
nikola-vlasic,https://www.sofascore.com/croatia-france/GObspUb#id:10023295,croatia,save,No information,regular,18.8,59.5,0,left-foot,low-right,0,47.4,9.5,No information,No information,87,No information,5188,59.5,18.8,52.6,0,52.6,90.5,4,212,shot
andrej-kramaric,https://www.sofascore.com/croatia-france/GObspUb#id:10023295,croatia,goal,penalty,penalty,11.5,50,0,right-foot,low-left,0,53.1,2.5,No information,No information,83,No information,4938,50,11.5,46.9,0,46.9,97.5,8,462,shot
luka-sucic,https://www.sofascore.com/croatia-france/GObspUb#id:10023295,croatia,save,No information,assisted,8.8,46.3,0,left-foot,low-centre,0,49.8,13.3,No information,No information,80,No information,4765,46.3,8.8,50.2,0,50.2,86.7,11,635,shot
antoine-griezmann,https://www.sofascore.com/croatia-france/GObspUb#id:10023295,france,save,No information,regular,9.2,68.3,0,right-foot,low-centre,0,48.5,16.5,No information,No information,76,No information,4545,68.3,9.2,51.5,0,51.5,83.5,15,855,shot
antoine-griezmann,https://www.sofascore.com/croatia-france/GObspUb#id:10023295,france,save,No information,assisted,15.1,64.8,0,right-foot,low-right,0,47.7,18.4,No information,No information,76,No information,4543,64.8,15.1,52.3,0,52.3,81.6,15,857,shot
diaby-moussa,https://www.sofascore.com/croatia-france/GObspUb#id:10023295,france,block,No information,assisted,18.1,67.2,0,right-foot,low-right,0,47.6,19,No information,No information,74,No information,4417,67.2,18.1,52.4,0,52.4,81,17,983,shot
luka-modric,https://www.sofascore.com/croatia-france/GObspUb#id:10023295,croatia,save,No information,assisted,20.1,52.2,0,left-foot,low-left,0,52.5,15.8,No information,No information,71,No information,4201,52.2,20.1,47.5,0,47.5,84.2,20,1199,shot
adrien-rabiot,https://www.sofascore.com/croatia-france/GObspUb#id:10023295,france,goal,regular,assisted,13.5,34.9,0,left-foot,high-left,0,53.5,22.2,No information,No information,52,No information,3101,34.9,13.5,46.5,0,46.5,77.8,39,2299,shot
ante-budimir,https://www.sofascore.com/croatia-france/GObspUb#id:10023295,croatia,miss,No information,assisted,8.2,53.3,0,head,left,0,65,11.1,No information,No information,49,No information,2904,53.3,8.2,35,0,35,88.9,42,2496,shot
aurelien-tchouameni,https://www.sofascore.com/croatia-france/GObspUb#id:10023295,france,save,No information,assisted,26.1,28.7,0,right-foot,low-left,0,52.6,12.7,No information,No information,40,No information,2353,28.7,26.1,47.4,0,47.4,87.3,6,347,shot
diaby-moussa,https://www.sofascore.com/croatia-france/GObspUb#id:10023295,france,save,No information,regular,4.7,67.5,0,right-foot,low-centre,0,51.3,15.8,No information,No information,39,No information,2310,67.5,4.7,48.7,0,48.7,84.2,7,390,shot
ante-budimir,https://www.sofascore.com/croatia-france/GObspUb#id:10023295,croatia,save,No information,assisted,5.8,36.1,0,left-foot,low-left,0,52.3,12,No information,No information,18,No information,1040,36.1,5.8,47.7,0,47.7,88,28,1660,shot
lovro-majer,https://www.sofascore.com/croatia-france/GObspUb#id:10023295,croatia,miss,No information,corner,15.8,49.9,0,left-foot,left,0,69.2,2.8,No information,No information,7,No information,389,49.9,15.8,30.8,0,30.8,97.2,39,2311,shot

mario-pasalic,https://www.sofascore.com/japan-croatia/pUbsvVb#id:10230582,croatia,goal,penalty,shootout,11.5,50,0,right-foot,low-left,0,53.1,8.9,No information,No information,125,No information,7467,50,11.5,46.9,0,46.9,91.1,11,633,shot
maya-yoshida,https://www.sofascore.com/japan-croatia/pUbsvVb#id:10230582,japan,save,No information,shootout,11.5,50,0,right-foot,low-left,0,53.4,3.2,No information,No information,124,No information,7428,50,11.5,46.6,0,46.6,96.8,12,672,shot
marko-livaja,https://www.sofascore.com/japan-croatia/pUbsvVb#id:10230582,croatia,post,No information,shootout,11.5,50,0,right-foot,left,0,55.6,10.8,No information,No information,124,No information,7391,50,11.5,44.4,0,44.4,89.2,12,709,shot
takuma-asano,https://www.sofascore.com/japan-croatia/pUbsvVb#id:10230582,japan,goal,penalty,shootout,11.5,50,0,right-foot,low-right,0,48.1,17.1,No information,No information,123,No information,7351,50,11.5,51.9,0,51.9,82.9,13,749,shot
marcelo-brozovic,https://www.sofascore.com/japan-croatia/pUbsvVb#id:10230582,croatia,goal,penalty,shootout,11.5,50,0,right-foot,low-centre,0,50.8,19.6,No information,No information,122,No information,7311,50,11.5,49.2,0,49.2,80.4,14,789,shot
mitoma-kaoru,https://www.sofascore.com/japan-croatia/pUbsvVb#id:10230582,japan,save,No information,shootout,11.5,50,0,right-foot,low-left,0,53.2,3.2,No information,No information,122,No information,7271,50,11.5,46.8,0,46.8,96.8,14,829,shot
nikola-vlasic,https://www.sofascore.com/japan-croatia/pUbsvVb#id:10230582,croatia,goal,penalty,shootout,11.5,50,0,right-foot,low-left,0,53.6,19,No information,No information,121,No information,7241,50,11.5,46.4,0,46.4,81,15,859,shot
takumi-minamino,https://www.sofascore.com/japan-croatia/pUbsvVb#id:10230582,japan,save,No information,shootout,11.5,50,0,right-foot,low-centre,0,48.6,3.8,No information,No information,121,No information,7202,50,11.5,51.4,0,51.4,96.2,15,898,shot
lovro-majer,https://www.sofascore.com/japan-croatia/pUbsvVb#id:10230582,croatia,miss,No information,assisted,19.5,40.6,0,right-foot,left,0,59.3,2.8,No information,No information,120,1,7218,40.6,19.5,40.7,0,40.7,97.2,1,882,shot
mislav-orsic,https://www.sofascore.com/japan-croatia/pUbsvVb#id:10230582,croatia,block,No information,assisted,12.6,23.9,0,right-foot,low-left,0,52.6,19,No information,No information,120,1,7210,23.9,12.6,47.4,0,47.4,81,1,890,shot
marko-livaja,https://www.sofascore.com/japan-croatia/pUbsvVb#id:10230582,croatia,save,No information,throw-in-set-piece,7,59.1,0,head,high-centre,0,50.6,31.6,No information,No information,114,No information,6822,59.1,7,49.4,0,49.4,68.4,7,378,shot
takumi-minamino,https://www.sofascore.com/japan-croatia/pUbsvVb#id:10230582,japan,block,No information,assisted,15.1,49.1,0,right-foot,low-centre,0,50.9,19,No information,No information,105,No information,6260,49.1,15.1,49.1,0,49.1,81,1,40,shot
wataru-endo,https://www.sofascore.com/japan-croatia/pUbsvVb#id:10230582,japan,block,No information,regular,23.5,45.6,0,right-foot,low-centre,0,50.4,19,No information,No information,105,No information,6249,45.6,23.5,49.6,0,49.6,81,1,51,shot
mitoma-kaoru,https://www.sofascore.com/japan-croatia/pUbsvVb#id:10230582,japan,save,No information,fast-break,18.7,44.7,0,right-foot,high-centre,0,50,31,No information,No information,105,No information,6245,44.7,18.7,50,0,50,69,1,55,shot
borna-barisic,https://www.sofascore.com/japan-croatia/pUbsvVb#id:10230582,croatia,block,No information,throw-in-set-piece,22,36.6,0,left-foot,low-centre,0,50.1,19,No information,No information,101,No information,6026,36.6,22,49.9,0,49.9,81,5,274,shot
ivan-perisic,https://www.sofascore.com/japan-croatia/pUbsvVb#id:10230582,croatia,block,No information,throw-in-set-piece,12.5,42.1,0,right-foot,low-left,0,52.8,19,No information,No information,101,No information,6024,42.1,12.5,47.2,0,47.2,81,5,276,shot
shogo-taniguchi,https://www.sofascore.com/japan-croatia/pUbsvVb#id:10230582,japan,miss,No information,corner,4.3,64.5,0,head,close-right,0,40.8,15.3,No information,No information,92,No information,5495,64.5,4.3,59.2,0,59.2,84.7,14,805,shot
mario-pasalic,https://www.sofascore.com/japan-croatia/pUbsvVb#id:10230582,croatia,miss,No information,assisted,7.7,52.2,0,head,right,0,37.8,1.4,No information,No information,86,No information,5141,52.2,7.7,62.2,0,62.2,98.6,5,259,shot
ivan-perisic,https://www.sofascore.com/japan-croatia/pUbsvVb#id:10230582,croatia,block,No information,assisted,22.4,37.5,0,left-foot,low-centre,0,49.2,19,No information,No information,77,No information,4597,37.5,22.4,50.8,0,50.8,81,14,803,shot
mario-pasalic,https://www.sofascore.com/japan-croatia/pUbsvVb#id:10230582,croatia,miss,No information,assisted,10.3,55.3,0,head,left,0,63,16.7,No information,No information,74,No information,4423,55.3,10.3,37,0,37,83.3,17,977,shot
ante-budimir,https://www.sofascore.com/japan-croatia/pUbsvVb#id:10230582,croatia,miss,No information,regular,9.4,55,0,head,close-right,0,43.2,25,No information,No information,66,No information,3953,55,9.4,56.8,0,56.8,75,25,1447,shot
andrej-kramaric,https://www.sofascore.com/japan-croatia/pUbsvVb#id:10230582,croatia,block,No information,assisted,21.6,28.7,0,right-foot,low-centre,0,49.5,19,No information,No information,66,No information,3952,28.7,21.6,50.5,0,50.5,81,25,1448,shot
ivan-perisic,https://www.sofascore.com/japan-croatia/pUbsvVb#id:10230582,croatia,block,No information,assisted,22.9,63.4,0,left-foot,low-left,0,52,19,No information,No information,66,No information,3932,63.4,22.9,48,0,48,81,25,1468,shot
luka-modric,https://www.sofascore.com/japan-croatia/pUbsvVb#id:10230582,croatia,save,No information,assisted,22.6,60.6,0,right-foot,high-left,0,53.5,26.6,No information,No information,63,No information,3733,60.6,22.6,46.5,0,46.5,73.4,28,1667,shot
ritsu-doan,https://www.sofascore.com/japan-croatia/pUbsvVb#id:10230582,japan,save,No information,assisted,18.2,55.3,0,left-foot,low-right,0,47.4,2.5,No information,No information,60,No information,3592,55.3,18.2,52.6,0,52.6,97.5,31,1808,shot
hidemasa-morita,https://www.sofascore.com/japan-croatia/pUbsvVb#id:10230582,japan,block,No information,assisted,21.7,43.3,0,right-foot,low-centre,0,49.8,19,No information,No information,60,No information,3589,43.3,21.7,50.2,0,50.2,81,31,1811,shot
wataru-endo,https://www.sofascore.com/japan-croatia/pUbsvVb#id:10230582,japan,block,No information,regular,27.2,50.3,0,right-foot,low-centre,0,48.8,19,No information,No information,60,No information,3587,50.3,27.2,51.2,0,51.2,81,31,1813,shot
wataru-endo,https://www.sofascore.com/japan-croatia/pUbsvVb#id:10230582,japan,save,No information,regular,23.8,69.9,0,right-foot,high-right,0,46.7,34.8,No information,No information,57,No information,3416,69.9,23.8,53.3,0,53.3,65.2,34,1984,shot
ivan-perisic,https://www.sofascore.com/japan-croatia/pUbsvVb#id:10230582,croatia,goal,regular,assisted,12.5,42.9,0,head,low-right,0,45.8,10.1,No information,No information,55,No information,3295,42.9,12.5,54.2,0,54.2,89.9,36,2105,shot
hidemasa-morita,https://www.sofascore.com/japan-croatia/pUbsvVb#id:10230582,japan,miss,No information,regular,19.7,45.4,0,right-foot,left,0,65.7,8.3,No information,No information,50,No information,2962,45.4,19.7,34.3,0,34.3,91.7,41,2438,shot
mateo-kovacic,https://www.sofascore.com/japan-croatia/pUbsvVb#id:10230582,croatia,miss,No information,throw-in-set-piece,20.5,60.7,0,right-foot,left,0,60.3,25,No information,No information,49,No information,2893,60.7,20.5,39.7,0,39.7,75,42,2507,shot
daichi-kamada,https://www.sofascore.com/japan-croatia/pUbsvVb#id:10230582,japan,miss,No information,assisted,24.8,50.9,0,right-foot,high,0,45,73.6,No information,No information,46,No information,2726,50.9,24.8,55,0,55,26.4,45,2674,shot
daizen-maeda,https://www.sofascore.com/japan-croatia/pUbsvVb#id:10230582,japan,goal,regular,corner,6.7,54,0,left-foot,low-centre,0,48.5,11.4,No information,No information,43,No information,2575,54,6.7,51.5,0,51.5,88.6,3,125,shot
daichi-kamada,https://www.sofascore.com/japan-croatia/pUbsvVb#id:10230582,japan,miss,No information,assisted,5.7,34.9,0,right-foot,right,0,0.3,8.3,No information,No information,41,No information,2407,34.9,5.7,99.7,0,99.7,91.7,5,293,shot
josko-gvardiol,https://www.sofascore.com/japan-croatia/pUbsvVb#id:10230582,croatia,miss,No information,set-piece,17.7,52.8,0,left-foot,high-left,0,62.9,88.9,No information,No information,24,No information,1427,52.8,17.7,37.1,0,37.1,11.1,22,1273,shot
andrej-kramaric,https://www.sofascore.com/japan-croatia/pUbsvVb#id:10230582,croatia,block,No information,regular,4.2,49.8,0,left-foot,low-centre,0,50.9,5.6,No information,No information,8,No information,454,49.8,4.2,49.1,0,49.1,94.4,38,2246,shot
ivan-perisic,https://www.sofascore.com/japan-croatia/pUbsvVb#id:10230582,croatia,save,No information,regular,3.8,33.2,0,right-foot,low-centre,0,50.6,18.4,No information,No information,8,No information,451,33.2,3.8,49.4,0,49.4,81.6,38,2249,shot
shogo-taniguchi,https://www.sofascore.com/japan-croatia/pUbsvVb#id:10230582,japan,miss,No information,corner,6.8,48.7,0,head,close-left,0,59,15.3,No information,No information,3,No information,128,48.7,6.8,41,0,41,84.7,43,2572,shot

dion-drena-beljo,https://www.sofascore.com/croatia-wales/cUbspUb#id:10752535,croatia,save,No information,assisted,7.6,49.5,0,head,low-centre,0,50.9,17.7,No information,No information,90,4,5617,49.5,7.6,49.1,0,49.1,82.3,1,683,shot
connor-roberts,https://www.sofascore.com/croatia-wales/cUbspUb#id:10752535,wales,block,No information,corner,23.5,48.4,0,left-foot,low-left,0,53,19,No information,No information,86,No information,5134,48.4,23.5,47,0,47,81,5,266,shot
kieffer-moore,https://www.sofascore.com/croatia-wales/cUbspUb#id:10752535,wales,block,No information,set-piece,9.6,49.5,0,head,low-centre,0,50.8,19,No information,No information,85,No information,5061,49.5,9.6,49.2,0,49.2,81,6,339,shot
luka-modric,https://www.sofascore.com/croatia-wales/cUbspUb#id:10752535,croatia,miss,No information,assisted,21,56.4,0,right-foot,high-right,0,40.2,86.1,No information,No information,83,No information,4943,56.4,21,59.8,0,59.8,13.9,8,457,shot
luka-modric,https://www.sofascore.com/croatia-wales/cUbspUb#id:10752535,croatia,block,No information,assisted,19.3,65.1,0,right-foot,low-centre,0,50.7,19,No information,No information,82,No information,4916,65.1,19.3,49.3,0,49.3,81,9,484,shot
williams-neco,https://www.sofascore.com/croatia-wales/cUbspUb#id:10752535,wales,miss,No information,assisted,7.2,27.6,0,left-foot,right,0,6.4,9.7,No information,No information,79,No information,4692,27.6,7.2,93.6,0,93.6,90.3,12,708,shot
dion-drena-beljo,https://www.sofascore.com/croatia-wales/cUbspUb#id:10752535,croatia,miss,No information,assisted,7.1,44.3,0,head,close-high-left,0,57.8,47.2,No information,No information,78,No information,4637,44.3,7.1,42.2,0,42.2,52.8,13,763,shot
mario-pasalic,https://www.sofascore.com/croatia-wales/cUbspUb#id:10752535,croatia,goal,regular,corner,3.7,52.5,0,head,high-right,0,47.1,22.8,No information,No information,75,No information,4485,52.5,3.7,52.9,0,52.9,77.2,16,915,shot
dion-drena-beljo,https://www.sofascore.com/croatia-wales/cUbspUb#id:10752535,croatia,save,No information,assisted,9.5,54.2,0,left-foot,low-left,0,54.5,5.7,No information,No information,75,No information,4458,54.2,9.5,45.5,0,45.5,94.3,16,942,shot
daniel-james,https://www.sofascore.com/croatia-wales/cUbspUb#id:10752535,wales,miss,No information,assisted,9.5,30.5,0,right-foot,close-right,0,42.9,29.2,No information,No information,68,No information,4076,30.5,9.5,57.1,0,57.1,70.8,23,1324,shot
harry-wilson,https://www.sofascore.com/croatia-wales/cUbspUb#id:10752535,wales,goal,regular,assisted,10.2,40.6,0,head,low-right,0,46.3,7.6,No information,No information,60,No information,3584,40.6,10.2,53.7,0,53.7,92.4,31,1816,shot
marcelo-brozovic,https://www.sofascore.com/croatia-wales/cUbspUb#id:10752535,croatia,miss,No information,assisted,20,38.6,0,right-foot,close-right,0,42.2,25,No information,No information,59,No information,3506,38.6,20,57.8,0,57.8,75,32,1894,shot
dion-drena-beljo,https://www.sofascore.com/croatia-wales/cUbspUb#id:10752535,croatia,block,No information,regular,17.1,34.2,0,left-foot,low-left,0,53.6,19,No information,No information,50,No information,2975,34.2,17.1,46.4,0,46.4,81,41,2425,shot
kieffer-moore,https://www.sofascore.com/croatia-wales/cUbspUb#id:10752535,wales,save,No information,assisted,5.8,59.3,0,right-foot,low-right,0,48.1,1.3,No information,No information,50,No information,2950,59.3,5.8,51.9,0,51.9,98.7,41,2450,shot
harry-wilson,https://www.sofascore.com/croatia-wales/cUbspUb#id:10752535,wales,goal,regular,assisted,13.2,41.4,0,left-foot,low-right,0,47.3,14.6,No information,No information,47,No information,2788,41.4,13.2,52.7,0,52.7,85.4,44,2612,shot
harry-wilson,https://www.sofascore.com/croatia-wales/cUbspUb#id:10752535,wales,miss,No information,assisted,14.1,56.7,0,left-foot,left,0,63.2,4.2,No information,No information,44,No information,2608,56.7,14.1,36.8,0,36.8,95.8,2,92,shot
josip-brekalo,https://www.sofascore.com/croatia-wales/cUbspUb#id:10752535,croatia,block,No information,assisted,27.1,33.7,0,right-foot,low-centre,0,50.5,19,No information,No information,43,No information,2521,33.7,27.1,49.5,0,49.5,81,3,179,shot
williams-neco,https://www.sofascore.com/croatia-wales/cUbspUb#id:10752535,wales,save,No information,assisted,18.8,33.2,0,right-foot,low-right,0,47.4,4.4,No information,No information,30,No information,1756,33.2,18.8,52.6,0,52.6,95.6,16,944,shot
harry-wilson,https://www.sofascore.com/croatia-wales/cUbspUb#id:10752535,wales,save,No information,free-kick,23.2,48.8,0,left-foot,low-right,0,45.5,18.4,No information,No information,24,No information,1384,48.8,23.2,54.5,0,54.5,81.6,22,1316,shot
petar-musa,https://www.sofascore.com/croatia-wales/cUbspUb#id:10752535,croatia,miss,No information,assisted,8,52.2,0,head,high,0,46.1,75,No information,No information,18,No information,1043,52.2,8,53.9,0,53.9,25,28,1657,shot

fabian-ruiz,https://www.sofascore.com/croatia-spain/YTbspUb#id:8594133,spain,miss,No information,assisted,13.1,36,0,right-foot,close-right,0,43,38.9,No information,No information,120,No information,7183,36,13.1,57,0,57,61.1,1,17,shot
mikel-oyarzabal,https://www.sofascore.com/croatia-spain/YTbspUb#id:8594133,spain,block,No information,regular,7.5,43.3,0,left-foot,low-left,0,52.5,19,No information,No information,120,No information,7173,43.3,7.5,47.5,0,47.5,81,1,27,shot
dani-olmo,https://www.sofascore.com/croatia-spain/YTbspUb#id:8594133,spain,post,No information,assisted,13.4,56,0,left-foot,left,0,55.1,16.5,No information,No information,120,No information,7171,56,13.4,44.9,0,44.9,83.5,1,29,shot
alvaro-morata,https://www.sofascore.com/croatia-spain/YTbspUb#id:8594133,spain,save,No information,assisted,8.4,34.6,0,left-foot,low-left,0,53.9,12,No information,No information,116,No information,6909,34.6,8.4,46.1,0,46.1,88,5,291,shot
ante-budimir,https://www.sofascore.com/croatia-spain/YTbspUb#id:8594133,croatia,miss,No information,assisted,13.7,40,0,left-foot,close-right,0,42,2.8,No information,No information,106,No information,6328,40,13.7,58,0,58,97.2,15,872,shot
mikel-oyarzabal,https://www.sofascore.com/croatia-spain/YTbspUb#id:8594133,spain,goal,regular,assisted,8,45.1,0,left-foot,low-left,0,54.2,6.3,No information,No information,103,No information,6164,45.1,8,45.8,0,45.8,93.7,3,136,shot
andrej-kramaric,https://www.sofascore.com/croatia-spain/YTbspUb#id:8594133,croatia,save,No information,assisted,22.1,36.3,0,right-foot,low-centre,0,51.7,5.1,No information,No information,103,No information,6136,36.3,22.1,48.3,0,48.3,94.9,3,164,shot
alvaro-morata,https://www.sofascore.com/croatia-spain/YTbspUb#id:8594133,spain,goal,regular,assisted,7.7,37.5,0,left-foot,high-left,0,51.9,27.8,No information,No information,100,No information,5980,37.5,7.7,48.1,0,48.1,72.2,6,320,shot
dani-olmo,https://www.sofascore.com/croatia-spain/YTbspUb#id:8594133,spain,block,No information,assisted,11.4,33.1,0,left-foot,low-centre,0,50.5,19,No information,No information,97,No information,5806,33.1,11.4,49.5,0,49.5,81,9,494,shot
andrej-kramaric,https://www.sofascore.com/croatia-spain/YTbspUb#id:8594133,croatia,save,No information,assisted,7.5,49.3,0,left-foot,low-centre,0,50.7,16.5,No information,No information,96,No information,5713,49.3,7.5,49.3,0,49.3,83.5,10,587,shot
mislav-orsic,https://www.sofascore.com/croatia-spain/YTbspUb#id:8594133,croatia,miss,No information,regular,15.2,36.1,0,right-foot,close-high,0,47.9,55.6,No information,No information,92,No information,5491,36.1,15.2,52.1,0,52.1,44.4,14,809,shot
mikel-oyarzabal,https://www.sofascore.com/croatia-spain/YTbspUb#id:8594133,spain,miss,No information,assisted,22.9,66.3,0,left-foot,right,0,40,1.4,No information,No information,90,6,5722,66.3,22.9,60,0,60,98.6,1,578,shot
dani-olmo,https://www.sofascore.com/croatia-spain/YTbspUb#id:8594133,spain,miss,No information,assisted,18.4,50.3,0,right-foot,high,0,48.2,72.2,No information,No information,90,4,5606,50.3,18.4,51.8,0,51.8,27.8,1,694,shot
mario-pasalic,https://www.sofascore.com/croatia-spain/YTbspUb#id:8594133,croatia,goal,regular,assisted,6.7,49,0,head,low-centre,0,48.2,7,No information,No information,90,2,5511,49,6.7,51.8,0,51.8,93,1,789,shot
mislav-orsic,https://www.sofascore.com/croatia-spain/YTbspUb#id:8594133,croatia,goal,regular,throw-in-set-piece,2.5,51.2,0,right-foot,low-centre,0,48.6,17.7,No information,No information,85,No information,5056,51.2,2.5,51.4,0,51.4,82.3,6,344,shot
ante-budimir,https://www.sofascore.com/croatia-spain/YTbspUb#id:8594133,croatia,block,No information,throw-in-set-piece,3.7,52,0,right-foot,low-centre,0,48.6,19,No information,No information,85,No information,5054,52,3.7,51.4,0,51.4,81,6,346,shot
mario-pasalic,https://www.sofascore.com/croatia-spain/YTbspUb#id:8594133,croatia,miss,No information,throw-in-set-piece,4.2,51.4,0,right-foot,close-right,0,43,15.3,No information,No information,85,No information,5054,51.4,4.2,57,0,57,84.7,6,346,shot
dani-olmo,https://www.sofascore.com/croatia-spain/YTbspUb#id:8594133,spain,save,No information,assisted,7.8,73.6,0,right-foot,high-right,0,47.9,25.3,No information,No information,84,No information,5009,73.6,7.8,52.1,0,52.1,74.7,7,391,shot
ferran-torres,https://www.sofascore.com/croatia-spain/YTbspUb#id:8594133,spain,goal,regular,assisted,8.5,61.5,0,left-foot,low-centre,0,50.8,0.6,No information,No information,77,No information,4562,61.5,8.5,49.2,0,49.2,99.4,14,838,shot
josko-gvardiol,https://www.sofascore.com/croatia-spain/YTbspUb#id:8594133,croatia,save,No information,assisted,9.5,37.6,0,right-foot,low-left,0,53.5,3.8,No information,No information,67,No information,4003,37.6,9.5,46.5,0,46.5,96.2,24,1397,shot
ante-rebic,https://www.sofascore.com/croatia-spain/YTbspUb#id:8594133,croatia,save,No information,assisted,16.8,30.3,0,right-foot,low-left,0,52.9,3.2,No information,No information,66,No information,3929,30.3,16.8,47.1,0,47.1,96.8,25,1471,shot
cesar-azpilicueta,https://www.sofascore.com/croatia-spain/YTbspUb#id:8594133,spain,goal,regular,assisted,4.4,51.9,0,head,low-centre,0,48.6,16.5,No information,No information,57,No information,3366,51.9,4.4,51.4,0,51.4,83.5,34,2034,shot
alvaro-morata,https://www.sofascore.com/croatia-spain/YTbspUb#id:8594133,spain,miss,No information,assisted,20.7,55.7,0,right-foot,high-right,0,43,86.1,No information,No information,45,1,2748,55.7,20.7,57,0,57,13.9,1,2652,shot
koke,https://www.sofascore.com/croatia-spain/YTbspUb#id:8594133,spain,miss,No information,corner,22.8,66.9,0,right-foot,right,0,38.8,15.3,No information,No information,43,No information,2530,66.9,22.8,61.2,0,61.2,84.7,3,170,shot
pablo-sarabia,https://www.sofascore.com/croatia-spain/YTbspUb#id:8594133,spain,goal,regular,regular,10.2,54.3,0,left-foot,high-centre,0,49,20.9,No information,No information,38,No information,2248,54.3,10.2,51,0,51,79.1,8,452,shot
jose-luis-gaya,https://www.sofascore.com/croatia-spain/YTbspUb#id:8594133,spain,save,No information,assisted,13.6,34.2,0,left-foot,low-centre,0,50.3,10.8,No information,No information,38,No information,2246,34.2,13.6,49.7,0,49.7,89.2,8,454,shot
jose-luis-gaya,https://www.sofascore.com/croatia-spain/YTbspUb#id:8594133,spain,block,No information,assisted,14.8,32.5,0,right-foot,low-centre,0,49.8,19,No information,No information,38,No information,2241,32.5,14.8,50.2,0,50.2,81,8,459,shot
jose-luis-gaya,https://www.sofascore.com/croatia-spain/YTbspUb#id:8594133,spain,miss,No information,corner,24.6,39.7,0,left-foot,close-right,0,41,18.1,No information,No information,37,No information,2189,39.7,24.6,59,0,59,81.9,9,511,shot
pablo-sarabia,https://www.sofascore.com/croatia-spain/YTbspUb#id:8594133,spain,miss,No information,assisted,9,40.7,0,head,high,0,50.4,63.9,No information,No information,27,No information,1579,40.7,9,49.6,0,49.6,36.1,19,1121,shot
mateo-kovacic,https://www.sofascore.com/croatia-spain/YTbspUb#id:8594133,croatia,miss,No information,assisted,20.8,33,0,right-foot,close-high,0,50.4,55.6,No information,No information,26,No information,1533,33,20.8,49.6,0,49.6,44.4,20,1167,shot
nikola-vlasic,https://www.sofascore.com/croatia-spain/YTbspUb#id:8594133,croatia,miss,No information,assisted,4.4,65.8,0,right-foot,close-right,0,44,20.8,No information,No information,25,No information,1443,65.8,4.4,56,0,56,79.2,21,1257,shot
pedri,https://www.sofascore.com/croatia-spain/YTbspUb#id:8594133,croatia,goal,own,regular,45,74,0,right-foot,low-left,0,53.3,1.3,No information,No information,20,No information,1172,74,45,46.7,0,46.7,98.7,26,1528,shot
alvaro-morata,https://www.sofascore.com/croatia-spain/YTbspUb#id:8594133,spain,miss,No information,assisted,4.1,46.2,0,head,right,0,40.3,20.8,No information,No information,19,No information,1115,46.2,4.1,59.7,0,59.7,79.2,27,1585,shot
koke,https://www.sofascore.com/croatia-spain/YTbspUb#id:8594133,spain,save,No information,assisted,13,53.9,0,right-foot,low-centre,0,50.9,3.8,No information,No information,16,No information,916,53.9,13,49.1,0,49.1,96.2,30,1784,shot
pablo-sarabia,https://www.sofascore.com/croatia-spain/YTbspUb#id:8594133,spain,miss,No information,assisted,9.7,25.8,0,left-foot,close-left,0,57.1,25,No information,No information,13,No information,739,25.8,9.7,42.9,0,42.9,75,33,1961,shot
cesar-azpilicueta,https://www.sofascore.com/croatia-spain/YTbspUb#id:8594133,spain,save,No information,set-piece,14.4,52.5,0,head,low-centre,0,48.9,17.1,No information,No information,9,No information,522,52.5,14.4,51.1,0,51.1,82.9,37,2178,shot

andreas-christensen,https://www.sofascore.com/croatia-denmark/BObspUb#id:10023439,denmark,block,No information,set-piece,12.2,39.4,0,head,low-left,0,52.8,19,No information,No information,90,1,5443,39.4,12.2,47.2,0,47.2,81,1,857,shot
nikola-vlasic,https://www.sofascore.com/croatia-denmark/BObspUb#id:10023439,croatia,save,No information,assisted,11.4,69,0,right-foot,low-left,0,52.5,3.2,No information,No information,90,No information,5344,69,11.4,47.5,0,47.5,96.8,1,56,shot
christian-eriksen,https://www.sofascore.com/croatia-denmark/BObspUb#id:10023439,denmark,save,No information,assisted,14.7,44,0,left-foot,low-centre,0,51.8,0.6,No information,No information,85,No information,5096,44,14.7,48.2,0,48.2,99.4,6,304,shot
joakim-maehle,https://www.sofascore.com/croatia-denmark/BObspUb#id:10023439,denmark,block,No information,assisted,13.2,35.1,0,right-foot,low-right,0,46.2,9.7,No information,No information,85,No information,5084,35.1,13.2,53.8,0,53.8,90.3,6,316,shot
lovro-majer,https://www.sofascore.com/croatia-denmark/BObspUb#id:10023439,croatia,goal,regular,assisted,21.9,42.5,0,left-foot,low-right,0,47.1,9.5,No information,No information,79,No information,4690,42.5,21.9,52.9,0,52.9,90.5,12,710,shot
christian-eriksen,https://www.sofascore.com/croatia-denmark/BObspUb#id:10023439,denmark,goal,regular,assisted,26.9,50.7,0,right-foot,high-left,0,53.6,22.8,No information,No information,77,No information,4594,50.7,26.9,46.4,0,46.4,77.2,14,806,shot
mateo-kovacic,https://www.sofascore.com/croatia-denmark/BObspUb#id:10023439,croatia,miss,No information,assisted,14.3,56.2,0,right-foot,close-right,0,42.5,29.2,No information,No information,70,No information,4197,56.2,14.3,57.5,0,57.5,70.8,21,1203,shot
luka-modric,https://www.sofascore.com/croatia-denmark/BObspUb#id:10023439,croatia,save,No information,assisted,16.4,41.5,0,right-foot,low-centre,0,48.7,12,No information,No information,66,No information,3904,41.5,16.4,51.3,0,51.3,88,25,1496,shot
ivan-perisic,https://www.sofascore.com/croatia-denmark/BObspUb#id:10023439,croatia,miss,No information,free-kick,19.7,66.6,0,left-foot,close-right,0,42.9,6.9,No information,No information,58,No information,3474,66.6,19.7,57.1,0,57.1,93.1,33,1926,shot
andrej-kramaric,https://www.sofascore.com/croatia-denmark/BObspUb#id:10023439,croatia,miss,No information,assisted,28.5,63.3,0,right-foot,high-left,0,57,76.4,No information,No information,51,No information,3017,63.3,28.5,43,0,43,23.6,40,2383,shot
borna-sosa,https://www.sofascore.com/croatia-denmark/BObspUb#id:10023439,croatia,goal,regular,corner,19,51.9,0,left-foot,low-left,0,54.3,4.4,No information,No information,49,No information,2920,51.9,19,45.7,0,45.7,95.6,42,2480,shot
christian-eriksen,https://www.sofascore.com/croatia-denmark/BObspUb#id:10023439,denmark,save,No information,assisted,18.8,34.9,0,left-foot,low-centre,0,50.2,15.8,No information,No information,39,No information,2304,34.9,18.8,49.8,0,49.8,84.2,7,396,shot
joakim-maehle,https://www.sofascore.com/croatia-denmark/BObspUb#id:10023439,denmark,save,No information,assisted,2.6,38.5,0,right-foot,low-right,0,46.8,5.1,No information,No information,34,No information,2025,38.5,2.6,53.2,0,53.2,94.9,12,675,shot
josko-gvardiol,https://www.sofascore.com/croatia-denmark/BObspUb#id:10023439,croatia,miss,No information,corner,8.7,50.3,0,head,close-right,0,41.2,11.1,No information,No information,26,No information,1552,50.3,8.7,58.8,0,58.8,88.9,20,1148,shot
daniel-wass,https://www.sofascore.com/croatia-denmark/BObspUb#id:10023439,denmark,miss,No information,assisted,21.1,56.3,0,right-foot,close-high,0,52.1,58.3,No information,No information,23,No information,1338,56.3,21.1,47.9,0,47.9,41.7,23,1362,shot
ivan-perisic,https://www.sofascore.com/croatia-denmark/BObspUb#id:10023439,croatia,miss,No information,regular,18.4,30.3,0,right-foot,high-right,0,38.7,70.8,No information,No information,22,No information,1292,30.3,18.4,61.3,0,61.3,29.2,24,1408,shot
mateo-kovacic,https://www.sofascore.com/croatia-denmark/BObspUb#id:10023439,croatia,miss,No information,regular,22.6,36.9,0,right-foot,high-right,0,24.5,93.1,No information,No information,17,No information,971,36.9,22.6,75.5,0,75.5,6.9,29,1729,shot
marcelo-brozovic,https://www.sofascore.com/croatia-denmark/BObspUb#id:10023439,croatia,miss,No information,assisted,25.8,66,0,left-foot,high-left,0,66.6,59.7,No information,No information,4,No information,227,66,25.8,33.4,0,33.4,40.3,42,2473,shot
josip-sutalo,https://www.sofascore.com/croatia-denmark/BObspUb#id:10023439,croatia,miss,No information,corner,7,53.6,0,head,close-right,0,42.2,19.4,No information,No information,2,No information,106,53.6,7,57.8,0,57.8,80.6,44,2594,shot

lovro-majer,https://www.sofascore.com/croatia-latvia/gUbspUb#id:10752571,croatia,save,No information,assisted,13.3,34.2,0,right-foot,low-centre,0,51,2.5,No information,No information,90,3,5553,34.2,13.3,49,0,49,97.5,1,747,shot
marco-pasalic,https://www.sofascore.com/croatia-latvia/gUbspUb#id:10752571,croatia,post,No information,assisted,9.1,42.1,0,left-foot,left,0,55.2,2.5,No information,No information,90,1,5401,42.1,9.1,44.8,0,44.8,97.5,1,899,shot
lovro-majer,https://www.sofascore.com/croatia-latvia/gUbspUb#id:10752571,croatia,miss,No information,regular,7.9,51.3,0,right-foot,close-high,0,52.6,58.3,No information,No information,82,No information,4874,51.3,7.9,47.4,0,47.4,41.7,9,526,shot
mario-pasalic,https://www.sofascore.com/croatia-latvia/gUbspUb#id:10752571,croatia,save,No information,assisted,18.1,38.1,0,right-foot,low-centre,0,48.3,19,No information,No information,72,No information,4267,38.1,18.1,51.7,0,51.7,81,19,1133,shot
lovro-majer,https://www.sofascore.com/croatia-latvia/gUbspUb#id:10752571,croatia,miss,No information,free-kick,21.2,63.3,0,left-foot,high,0,44.7,63.9,No information,No information,70,No information,4185,63.3,21.2,55.3,0,55.3,36.1,21,1215,shot
josip-sutalo,https://www.sofascore.com/croatia-latvia/gUbspUb#id:10752571,croatia,save,No information,set-piece,10.3,44.3,0,head,high-right,0,46.7,29.1,No information,No information,65,No information,3898,44.3,10.3,53.3,0,53.3,70.9,26,1502,shot
andrejs-ciganiks,https://www.sofascore.com/croatia-latvia/gUbspUb#id:10752571,latvia,miss,No information,assisted,25.8,36.1,0,left-foot,right,0,39.5,4.2,No information,No information,57,No information,3401,36.1,25.8,60.5,0,60.5,95.8,34,1999,shot
ante-budimir,https://www.sofascore.com/croatia-latvia/gUbspUb#id:10752571,croatia,miss,No information,assisted,6.8,46.3,0,head,left,0,60.3,12.5,No information,No information,50,No information,2990,46.3,6.8,39.7,0,39.7,87.5,41,2410,shot
ante-budimir,https://www.sofascore.com/croatia-latvia/gUbspUb#id:10752571,croatia,miss,No information,assisted,5.7,58.2,0,head,close-high,0,47.4,59.7,No information,No information,33,No information,1953,58.2,5.7,52.6,0,52.6,40.3,13,747,shot
andrej-kramaric,https://www.sofascore.com/croatia-latvia/gUbspUb#id:10752571,croatia,miss,No information,regular,29.3,19.8,0,left-foot,right,0,33.1,5.6,No information,No information,27,No information,1591,19.8,29.3,66.9,0,66.9,94.4,19,1109,shot
andrej-kramaric,https://www.sofascore.com/croatia-latvia/gUbspUb#id:10752571,croatia,goal,regular,assisted,15,50.5,0,right-foot,low-right,0,47.1,8.2,No information,No information,16,No information,943,50.5,15,52.9,0,52.9,91.8,30,1757,shot
luka-ivanusec,https://www.sofascore.com/croatia-latvia/gUbspUb#id:10752571,croatia,block,No information,assisted,17.6,29.8,0,right-foot,low-left,0,53.6,16.7,No information,No information,15,No information,893,29.8,17.6,46.4,0,46.4,83.3,31,1807,shot
lovro-majer,https://www.sofascore.com/croatia-latvia/gUbspUb#id:10752571,croatia,miss,No information,assisted,18.4,46.3,0,left-foot,right,0,39.7,1.4,No information,No information,12,No information,703,46.3,18.4,60.3,0,60.3,98.6,34,1997,shot
lovro-majer,https://www.sofascore.com/croatia-latvia/gUbspUb#id:10752571,croatia,goal,regular,assisted,7.8,42.7,0,left-foot,low-right,0,47.4,5.1,No information,No information,7,No information,363,42.7,7.8,52.6,0,52.6,94.9,39,2337,shot
andrej-kramaric,https://www.sofascore.com/croatia-latvia/gUbspUb#id:10752571,croatia,save,No information,assisted,5.6,62.4,0,head,low-centre,0,50.7,19.6,No information,No information,3,No information,152,62.4,5.6,49.3,0,49.3,80.4,43,2548,shot

youssef-en-nesyri,https://www.sofascore.com/morocco-croatia/pUbsDVb#id:10230637,morocco,miss,No information,assisted,8.7,58,0,head,close-high,0,52.6,52.8,No information,No information,90,6,5731,58,8.7,47.4,0,47.4,47.2,1,569,shot
hakim-ziyech,https://www.sofascore.com/morocco-croatia/pUbsDVb#id:10230637,morocco,miss,No information,assisted,27.5,61.6,0,left-foot,high-left,0,57.5,61.1,No information,No information,90,1,5403,61.6,27.5,42.5,0,42.5,38.9,1,897,shot
youssef-en-nesyri,https://www.sofascore.com/morocco-croatia/pUbsDVb#id:10230637,morocco,block,No information,set-piece,10.6,48.6,0,head,low-left,0,53.5,19,No information,No information,90,No information,5387,48.6,10.6,46.5,0,46.5,81,1,13,shot
mateo-kovacic,https://www.sofascore.com/morocco-croatia/pUbsDVb#id:10230637,croatia,miss,No information,assisted,8.8,34.5,0,left-foot,close-right,0,40.8,4.2,No information,No information,87,No information,5190,34.5,8.8,59.2,0,59.2,95.8,4,210,shot
youssef-en-nesyri,https://www.sofascore.com/morocco-croatia/pUbsDVb#id:10230637,morocco,save,No information,regular,3.6,60.1,0,left-foot,low-centre,0,48.6,12.7,No information,No information,75,No information,4475,60.1,3.6,51.4,0,51.4,87.3,16,925,shot
nikola-vlasic,https://www.sofascore.com/morocco-croatia/pUbsDVb#id:10230637,croatia,miss,No information,regular,26.4,44.7,0,right-foot,high,0,45.9,77.8,No information,No information,71,No information,4224,44.7,26.4,54.1,0,54.1,22.2,20,1176,shot
jawad-el-yamiq,https://www.sofascore.com/morocco-croatia/pUbsDVb#id:10230637,morocco,block,No information,assisted,9.8,49.1,0,head,low-centre,0,49.3,19,No information,No information,65,No information,3896,49.1,9.8,50.7,0,50.7,81,26,1504,shot
mislav-orsic,https://www.sofascore.com/morocco-croatia/pUbsDVb#id:10230637,croatia,miss,No information,corner,29.5,32.6,0,right-foot,high-right,0,37.3,88.9,No information,No information,55,No information,3244,32.6,29.5,62.7,0,62.7,11.1,36,2156,shot
mislav-orsic,https://www.sofascore.com/morocco-croatia/pUbsDVb#id:10230637,croatia,block,No information,assisted,20.5,32.1,0,right-foot,low-centre,0,49.9,19,No information,No information,47,No information,2781,32.1,20.5,50.1,0,50.1,81,44,2619,shot
marko-livaja,https://www.sofascore.com/morocco-croatia/pUbsDVb#id:10230637,croatia,block,No information,assisted,27.4,49.5,0,right-foot,high-right,0,46.7,25,No information,No information,45,2,2794,49.5,27.4,53.3,0,53.3,75,1,2606,shot
mislav-orsic,https://www.sofascore.com/morocco-croatia/pUbsDVb#id:10230637,croatia,goal,regular,assisted,13.1,24.3,0,right-foot,low-right,0,47.1,15.8,No information,No information,42,No information,2503,24.3,13.1,52.9,0,52.9,84.2,4,197,shot
hakim-ziyech,https://www.sofascore.com/morocco-croatia/pUbsDVb#id:10230637,morocco,miss,No information,assisted,27.2,66.6,0,left-foot,close-right,0,42.7,9.7,No information,No information,40,No information,2380,66.6,27.2,57.3,0,57.3,90.3,6,320,shot
youssef-en-nesyri,https://www.sofascore.com/morocco-croatia/pUbsDVb#id:10230637,morocco,miss,No information,corner,2.3,59.1,0,head,left,0,61.3,8.3,No information,No information,37,No information,2177,59.1,2.3,38.7,0,38.7,91.7,9,523,shot
sofiane-boufal,https://www.sofascore.com/morocco-croatia/pUbsDVb#id:10230637,morocco,miss,No information,regular,6.9,34.2,0,left-foot,high-left,0,61.5,40.3,No information,No information,33,No information,1927,34.2,6.9,38.5,0,38.5,59.7,13,773,shot
luka-modric,https://www.sofascore.com/morocco-croatia/pUbsDVb#id:10230637,croatia,save,No information,assisted,18.7,62.5,0,left-foot,low-left,0,51.9,3.2,No information,No information,24,No information,1403,62.5,18.7,48.1,0,48.1,96.8,22,1297,shot
andrej-kramaric,https://www.sofascore.com/morocco-croatia/pUbsDVb#id:10230637,croatia,save,No information,assisted,8.7,43.9,0,head,low-left,0,53.6,19,No information,No information,18,No information,1047,43.9,8.7,46.4,0,46.4,81,28,1653,shot
mislav-orsic,https://www.sofascore.com/morocco-croatia/pUbsDVb#id:10230637,croatia,block,No information,assisted,13.5,47,0,right-foot,low-centre,0,51,19,No information,No information,18,No information,1039,47,13.5,49,0,49,81,28,1661,shot
josip-stanisic,https://www.sofascore.com/morocco-croatia/pUbsDVb#id:10230637,croatia,miss,No information,regular,24.9,50.3,0,right-foot,high,0,48.1,80.6,No information,No information,14,No information,833,50.3,24.9,51.9,0,51.9,19.4,32,1867,shot
mislav-orsic,https://www.sofascore.com/morocco-croatia/pUbsDVb#id:10230637,croatia,miss,No information,assisted,19.7,28.7,0,right-foot,right,0,40.5,27.8,No information,No information,10,No information,573,28.7,19.7,59.5,0,59.5,72.2,36,2127,shot
achraf-dari,https://www.sofascore.com/morocco-croatia/pUbsDVb#id:10230637,morocco,goal,regular,set-piece,3.6,50.2,0,head,low-right,0,48,14.6,No information,No information,9,No information,496,50.2,3.6,52,0,52,85.4,37,2204,shot
josko-gvardiol,https://www.sofascore.com/morocco-croatia/pUbsDVb#id:10230637,croatia,goal,regular,set-piece,11.5,46.6,0,head,high-left,0,54.2,26.6,No information,No information,7,No information,387,46.6,11.5,45.8,0,45.8,73.4,39,2313,shot

mislav-orsic,https://www.sofascore.com/croatia-slovenia/JObspUb#id:9223768,croatia,miss,No information,regular,18,39.7,0,right-foot,close-right,0,41.5,16.7,No information,No information,90,3,5562,39.7,18,58.5,0,58.5,83.3,1,738,shot
mario-pasalic,https://www.sofascore.com/croatia-slovenia/JObspUb#id:9223768,croatia,block,No information,assisted,13.4,50.3,0,left-foot,low-centre,0,51.3,19,No information,No information,90,3,5521,50.3,13.4,48.7,0,48.7,81,1,779,shot
ante-budimir,https://www.sofascore.com/croatia-slovenia/JObspUb#id:9223768,croatia,block,No information,assisted,10.1,51.3,0,head,low-left,0,52.9,19,No information,No information,90,1,5406,51.3,10.1,47.1,0,47.1,81,1,894,shot
blaz-kramer,https://www.sofascore.com/croatia-slovenia/JObspUb#id:9223768,slovenia,miss,No information,fast-break,14,64.3,0,right-foot,high-right,0,43.2,66.7,No information,No information,89,No information,5326,64.3,14,56.8,0,56.8,33.3,2,74,shot
ivan-perisic,https://www.sofascore.com/croatia-slovenia/JObspUb#id:9223768,croatia,save,No information,assisted,10.6,28.7,0,right-foot,low-left,0,51.9,4.4,No information,No information,84,No information,5000,28.7,10.6,48.1,0,48.1,95.6,7,400,shot
blaz-kramer,https://www.sofascore.com/croatia-slovenia/JObspUb#id:9223768,slovenia,save,No information,assisted,23.4,58.3,0,left-foot,high-centre,0,49.2,30.4,No information,No information,78,No information,4633,58.3,23.4,50.8,0,50.8,69.6,13,767,shot
andraz-sporar,https://www.sofascore.com/croatia-slovenia/JObspUb#id:9223768,slovenia,block,No information,set-piece,11.5,40,0,head,high-right,0,47.7,22.2,No information,No information,65,No information,3873,40,11.5,52.3,0,52.3,77.8,26,1527,shot
andraz-sporar,https://www.sofascore.com/croatia-slovenia/JObspUb#id:9223768,slovenia,save,No information,assisted,8.6,66.4,0,right-foot,high-left,0,53.1,24.7,No information,No information,59,No information,3502,66.4,8.6,46.9,0,46.9,75.3,32,1898,shot
mislav-orsic,https://www.sofascore.com/croatia-slovenia/JObspUb#id:9223768,croatia,save,No information,assisted,25.1,50.5,0,right-foot,low-centre,0,50.1,7.6,No information,No information,54,No information,3224,50.5,25.1,49.9,0,49.9,92.4,37,2176,shot
josip-ilicic,https://www.sofascore.com/croatia-slovenia/JObspUb#id:9223768,slovenia,miss,No information,assisted,19.8,67.9,0,right-foot,close-high-left,0,57.8,58.3,No information,No information,43,No information,2538,67.9,19.8,42.2,0,42.2,41.7,3,162,shot
andrej-kramaric,https://www.sofascore.com/croatia-slovenia/JObspUb#id:9223768,croatia,miss,No information,assisted,10.7,40,0,right-foot,right,0,38.7,13.9,No information,No information,37,No information,2216,40,10.7,61.3,0,61.3,86.1,9,484,shot
dejan-lovren,https://www.sofascore.com/croatia-slovenia/JObspUb#id:9223768,croatia,miss,No information,corner,9.1,51.2,0,head,high,0,47.6,62.5,No information,No information,32,No information,1919,51.2,9.1,52.4,0,52.4,37.5,14,781,shot
domagoj-vida,https://www.sofascore.com/croatia-slovenia/JObspUb#id:9223768,croatia,miss,No information,set-piece,9,55.5,0,head,left,0,63.5,15.3,No information,No information,28,No information,1649,55.5,9,36.5,0,36.5,84.7,18,1051,shot
jaka-bijol,https://www.sofascore.com/croatia-slovenia/JObspUb#id:9223768,slovenia,save,No information,corner,5.8,52.6,0,right-foot,high-centre,0,48.3,31.6,No information,No information,22,No information,1282,52.6,5.8,51.7,0,51.7,68.4,24,1418,shot
andraz-sporar,https://www.sofascore.com/croatia-slovenia/JObspUb#id:9223768,slovenia,miss,No information,corner,7.8,59,0,head,close-left,0,58.5,13.9,No information,No information,22,No information,1281,59,7.8,41.5,0,41.5,86.1,24,1419,shot
sandi-lovric,https://www.sofascore.com/croatia-slovenia/JObspUb#id:9223768,slovenia,goal,regular,assisted,15.4,62.7,0,right-foot,low-left,0,54.2,9.5,No information,No information,15,No information,893,62.7,15.4,45.8,0,45.8,90.5,31,1807,shot
nikola-vlasic,https://www.sofascore.com/croatia-slovenia/JObspUb#id:9223768,croatia,save,No information,assisted,2.6,35.5,0,right-foot,low-centre,0,48.4,10.1,No information,No information,10,No information,565,35.5,2.6,51.6,0,51.6,89.9,36,2135,shot
andrej-kramaric,https://www.sofascore.com/croatia-slovenia/JObspUb#id:9223768,croatia,miss,No information,assisted,17.8,47.8,0,right-foot,close-right,0,42.9,16.7,No information,No information,7,No information,409,47.8,17.8,57.1,0,57.1,83.3,39,2291,shot
domagoj-vida,https://www.sofascore.com/croatia-slovenia/JObspUb#id:9223768,croatia,miss,No information,corner,5.6,63.4,0,head,high,0,49.6,76.4,No information,No information,6,No information,331,63.4,5.6,50.4,0,50.4,23.6,40,2369,shot

lovro-majer,https://www.sofascore.com/canada-croatia/pUbscVb#id:10230550,croatia,goal,regular,fast-break,9.2,55.3,0,left-foot,high-right,0,48,31.6,No information,No information,90,4,5606,55.3,9.2,52,0,52,68.4,1,694,shot
junior-hoilett,https://www.sofascore.com/canada-croatia/pUbscVb#id:10230550,canada,miss,No information,regular,20.8,31,0,right-foot,close-left,0,56.8,9.7,No information,No information,90,3,5533,31,20.8,43.2,0,43.2,90.3,1,767,shot
junior-hoilett,https://www.sofascore.com/canada-croatia/pUbscVb#id:10230550,canada,block,No information,regular,22.1,38.4,0,right-foot,low-left,0,52.2,19,No information,No information,90,3,5523,38.4,22.1,47.8,0,47.8,81,1,777,shot
mislav-orsic,https://www.sofascore.com/canada-croatia/pUbscVb#id:10230550,croatia,save,No information,assisted,20.8,46,0,right-foot,low-centre,0,48.4,2.5,No information,No information,90,No information,5361,46,20.8,51.6,0,51.6,97.5,1,39,shot
ivan-perisic,https://www.sofascore.com/canada-croatia/pUbscVb#id:10230550,croatia,miss,No information,regular,22.9,33.6,0,left-foot,right,0,36.8,5.6,No information,No information,82,No information,4912,33.6,22.9,63.2,0,63.2,94.4,9,488,shot
marcelo-brozovic,https://www.sofascore.com/canada-croatia/pUbscVb#id:10230550,croatia,save,No information,assisted,9.3,55.5,0,left-foot,low-centre,0,50.7,8.2,No information,No information,78,No information,4672,55.5,9.3,49.3,0,49.3,91.8,13,728,shot
ivan-perisic,https://www.sofascore.com/canada-croatia/pUbscVb#id:10230550,croatia,save,No information,assisted,3.4,33,0,left-foot,low-centre,0,51.5,1.9,No information,No information,78,No information,4669,33,3.4,48.5,0,48.5,98.1,13,731,shot
junior-hoilett,https://www.sofascore.com/canada-croatia/pUbscVb#id:10230550,canada,miss,No information,assisted,27.1,35.9,0,right-foot,left,0,66.6,2.8,No information,No information,77,No information,4575,35.9,27.1,33.4,0,33.4,97.2,14,825,shot
andrej-kramaric,https://www.sofascore.com/canada-croatia/pUbscVb#id:10230550,croatia,miss,No information,assisted,4.8,58.1,0,left-foot,left,0,99.5,1.4,No information,No information,72,No information,4264,58.1,4.8,0.5,0,0.5,98.6,19,1136,shot
andrej-kramaric,https://www.sofascore.com/canada-croatia/pUbscVb#id:10230550,croatia,goal,regular,assisted,13.1,58.5,0,left-foot,low-left,0,53.6,3.8,No information,No information,70,No information,4176,58.5,13.1,46.4,0,46.4,96.2,21,1224,shot
alphonso-davies,https://www.sofascore.com/canada-croatia/pUbscVb#id:10230550,canada,block,No information,free-kick,19.2,73.4,0,left-foot,low-centre,0,49.7,19,No information,No information,63,No information,3752,73.4,19.2,50.3,0,50.3,81,28,1648,shot
tajon-buchanan,https://www.sofascore.com/canada-croatia/pUbscVb#id:10230550,canada,block,No information,assisted,19.7,67.4,0,right-foot,low-right,0,46.1,19,No information,No information,58,No information,3445,67.4,19.7,53.9,0,53.9,81,33,1955,shot
jonathan-david,https://www.sofascore.com/canada-croatia/pUbscVb#id:10230550,canada,save,No information,assisted,22.6,50.5,0,right-foot,high-left,0,52.1,33.5,No information,No information,56,No information,3316,50.5,22.6,47.9,0,47.9,66.5,35,2084,shot
andrej-kramaric,https://www.sofascore.com/canada-croatia/pUbscVb#id:10230550,croatia,save,No information,assisted,12.1,55.5,0,right-foot,low-left,0,52.2,15.2,No information,No information,54,No information,3223,55.5,12.1,47.8,0,47.8,84.8,37,2177,shot
jonathan-osorio,https://www.sofascore.com/canada-croatia/pUbscVb#id:10230550,canada,miss,No information,assisted,20.9,63.7,0,right-foot,close-left,0,57,20.8,No information,No information,49,No information,2904,63.7,20.9,43,0,43,79.2,42,2496,shot
andrej-kramaric,https://www.sofascore.com/canada-croatia/pUbscVb#id:10230550,croatia,miss,No information,assisted,20.9,39.6,0,left-foot,high-left,0,57.8,66.7,No information,No information,45,2,2785,39.6,20.9,42.2,0,42.2,33.3,1,2615,shot
marko-livaja,https://www.sofascore.com/canada-croatia/pUbscVb#id:10230550,croatia,goal,regular,assisted,18.3,46.6,0,right-foot,low-left,0,53.6,2.5,No information,No information,44,No information,2612,46.6,18.3,46.4,0,46.4,97.5,2,88,shot
andrej-kramaric,https://www.sofascore.com/canada-croatia/pUbscVb#id:10230550,croatia,goal,regular,assisted,4.8,35.1,0,left-foot,low-centre,0,48.2,1.9,No information,No information,36,No information,2154,35.1,4.8,51.8,0,51.8,98.1,10,546,shot
marko-livaja,https://www.sofascore.com/canada-croatia/pUbscVb#id:10230550,croatia,save,No information,assisted,9.1,64.3,0,right-foot,low-centre,0,48.9,9.5,No information,No information,35,No information,2091,64.3,9.1,51.1,0,51.1,90.5,11,609,shot
marko-livaja,https://www.sofascore.com/canada-croatia/pUbscVb#id:10230550,croatia,save,No information,assisted,8.4,46.6,0,right-foot,low-centre,0,49,1.9,No information,No information,22,No information,1291,46.6,8.4,51,0,51,98.1,24,1409,shot
alphonso-davies,https://www.sofascore.com/canada-croatia/pUbscVb#id:10230550,canada,goal,regular,assisted,9.3,45.5,0,head,low-centre,0,49,3.8,No information,No information,2,No information,68,45.5,9.3,51,0,51,96.2,44,2632,shot

ruben-dias,https://www.sofascore.com/croatia-portugal/eUbspUb#id:8600775,portugal,goal,regular,corner,6,48.9,0,right-foot,low-centre,0,49.7,0.6,No information,No information,90,No information,5386,48.9,6,50.3,0,50.3,99.4,1,14,shot
sergio-oliveira,https://www.sofascore.com/croatia-portugal/eUbspUb#id:8600775,portugal,miss,No information,assisted,14.8,33.9,0,right-foot,high-right,0,39.7,66.7,No information,No information,86,No information,5105,33.9,14.8,60.3,0,60.3,33.3,5,295,shot
joao-cancelo,https://www.sofascore.com/croatia-portugal/eUbspUb#id:8600775,portugal,block,No information,regular,22.1,31.4,0,right-foot,low-centre,0,51.2,19,No information,No information,81,No information,4811,31.4,22.1,48.8,0,48.8,81,10,589,shot
bernardo-silva,https://www.sofascore.com/croatia-portugal/eUbspUb#id:8600775,portugal,miss,No information,regular,3.2,57.5,0,left-foot,close-high,0,46.1,45.8,No information,No information,79,No information,4725,57.5,3.2,53.9,0,53.9,54.2,12,675,shot
francisco-trincao,https://www.sofascore.com/croatia-portugal/eUbspUb#id:8600775,portugal,save,No information,regular,13.7,45.6,0,left-foot,low-centre,0,48.6,14.6,No information,No information,79,No information,4723,45.6,13.7,51.4,0,51.4,85.4,12,677,shot
francisco-trincao,https://www.sofascore.com/croatia-portugal/eUbspUb#id:8600775,portugal,miss,No information,assisted,12.5,63.2,0,left-foot,close-right,0,42.5,4.2,No information,No information,76,No information,4557,63.2,12.5,57.5,0,57.5,95.8,15,843,shot
josip-brekalo,https://www.sofascore.com/croatia-portugal/eUbspUb#id:8600775,croatia,miss,No information,assisted,9.6,72.7,0,right-foot,left,0,74.8,5.6,No information,No information,74,No information,4429,72.7,9.6,25.2,0,25.2,94.4,17,971,shot
ivan-perisic,https://www.sofascore.com/croatia-portugal/eUbspUb#id:8600775,croatia,miss,No information,assisted,4.4,26.5,0,left-foot,right,0,17.1,8.3,No information,No information,72,No information,4311,26.5,4.4,82.9,0,82.9,91.7,19,1089,shot
mateo-kovacic,https://www.sofascore.com/croatia-portugal/eUbspUb#id:8600775,croatia,goal,regular,assisted,18.4,64,0,right-foot,low-left,0,54.2,5.1,No information,No information,65,No information,3842,64,18.4,45.8,0,45.8,94.9,26,1558,shot
diogo-jota,https://www.sofascore.com/croatia-portugal/eUbspUb#id:8600775,portugal,save,No information,corner,12.4,44.9,0,head,high-left,0,53,24.1,No information,No information,64,No information,3787,44.9,12.4,47,0,47,75.9,27,1613,shot
joao-felix,https://www.sofascore.com/croatia-portugal/eUbspUb#id:8600775,portugal,goal,regular,assisted,8.8,46,0,left-foot,low-right,0,45.7,11.4,No information,No information,60,No information,3571,46,8.8,54.3,0,54.3,88.6,31,1829,shot
francisco-trincao,https://www.sofascore.com/croatia-portugal/eUbspUb#id:8600775,portugal,block,No information,corner,17.9,54.4,0,left-foot,low-left,0,53.2,19,No information,No information,56,No information,3318,54.4,17.9,46.8,0,46.8,81,35,2082,shot
ruben-dias,https://www.sofascore.com/croatia-portugal/eUbspUb#id:8600775,portugal,goal,regular,set-piece,8.3,51.2,0,right-foot,low-right,0,47.6,2.5,No information,No information,52,No information,3095,51.2,8.3,52.4,0,52.4,97.5,39,2305,shot
cristiano-ronaldo,https://www.sofascore.com/croatia-portugal/eUbspUb#id:8600775,portugal,save,No information,free-kick,28.6,43,0,right-foot,high-centre,0,49.2,24.1,No information,No information,52,No information,3092,43,28.6,50.8,0,50.8,75.9,39,2308,shot
ruben-dias,https://www.sofascore.com/croatia-portugal/eUbspUb#id:8600775,portugal,miss,No information,set-piece,6.9,43.4,0,head,close-high,0,53.6,56.9,No information,No information,48,No information,2822,43.4,6.9,46.4,0,46.4,43.1,43,2578,shot
joao-felix,https://www.sofascore.com/croatia-portugal/eUbspUb#id:8600775,portugal,save,No information,assisted,6.4,31.6,0,left-foot,low-left,0,52.3,1.3,No information,No information,45,No information,2699,31.6,6.4,47.7,0,47.7,98.7,1,1,shot
danilo-pereira,https://www.sofascore.com/croatia-portugal/eUbspUb#id:8600775,portugal,save,No information,set-piece,12.6,43.7,0,right-foot,low-centre,0,50.3,16.5,No information,No information,39,No information,2290,43.7,12.6,49.7,0,49.7,83.5,7,410,shot
josip-juranovic,https://www.sofascore.com/croatia-portugal/eUbspUb#id:8600775,croatia,miss,No information,assisted,3.7,55.9,0,head,close-left,0,57,11.1,No information,No information,37,No information,2184,55.9,3.7,43,0,43,88.9,9,516,shot
diogo-jota,https://www.sofascore.com/croatia-portugal/eUbspUb#id:8600775,portugal,block,No information,assisted,9.7,41.9,0,left-foot,low-centre,0,51.6,19,No information,No information,35,No information,2085,41.9,9.7,48.4,0,48.4,81,11,615,shot
marko-rog,https://www.sofascore.com/croatia-portugal/eUbspUb#id:8600775,croatia,miss,No information,corner,27.4,48.4,0,right-foot,high-right,0,39,83.3,No information,No information,33,No information,1955,48.4,27.4,61,0,61,16.7,13,745,shot
mateo-kovacic,https://www.sofascore.com/croatia-portugal/eUbspUb#id:8600775,croatia,goal,regular,regular,4.1,53,0,left-foot,low-right,0,47,17.1,No information,No information,29,No information,1689,53,4.1,53,0,53,82.9,17,1011,shot
mateo-kovacic,https://www.sofascore.com/croatia-portugal/eUbspUb#id:8600775,croatia,save,No information,assisted,7.7,55.9,0,right-foot,low-right,0,47,3.8,No information,No information,29,No information,1688,55.9,7.7,53,0,53,96.2,17,1012,shot
mario-pasalic,https://www.sofascore.com/croatia-portugal/eUbspUb#id:8600775,croatia,block,No information,assisted,4.6,49.3,0,right-foot,low-centre,0,50.1,19,No information,No information,22,No information,1299,49.3,4.6,49.9,0,49.9,81,24,1401,shot
cristiano-ronaldo,https://www.sofascore.com/croatia-portugal/eUbspUb#id:8600775,portugal,miss,No information,assisted,7.7,52.6,0,head,right,0,37.5,19.4,No information,No information,19,No information,1118,52.6,7.7,62.5,0,62.5,80.6,27,1582,shot
diogo-jota,https://www.sofascore.com/croatia-portugal/eUbspUb#id:8600775,portugal,block,No information,assisted,6.1,48.2,0,head,low-centre,0,50.3,19,No information,No information,14,No information,832,48.2,6.1,49.7,0,49.7,81,32,1868,shot

nikola-vlasic,https://www.sofascore.com/croatia-sweden/NTbspUb#id:8600776,croatia,save,No information,assisted,24.3,30.1,0,right-foot,low-centre,0,49,5.1,No information,No information,90,3,5537,30.1,24.3,51,0,51,94.9,1,763,shot
marko-rog,https://www.sofascore.com/croatia-sweden/NTbspUb#id:8600776,croatia,miss,No information,corner,30.2,41.3,0,right-foot,high,0,49.4,75,No information,No information,90,No information,5382,41.3,30.2,50.6,0,50.6,25,1,18,shot
nikola-vlasic,https://www.sofascore.com/croatia-sweden/NTbspUb#id:8600776,croatia,miss,No information,assisted,10.8,47.2,0,left-foot,left,0,61.3,19.4,No information,No information,90,No information,5343,47.2,10.8,38.7,0,38.7,80.6,1,57,shot
marcus-danielson,https://www.sofascore.com/croatia-sweden/NTbspUb#id:8600776,sweden,save,No information,set-piece,12,49.7,0,head,high-centre,0,51.1,31.6,No information,No information,89,No information,5294,49.7,12,48.9,0,48.9,68.4,2,106,shot
marcus-danielson,https://www.sofascore.com/croatia-sweden/NTbspUb#id:8600776,croatia,goal,own,regular,6.9,53.8,0,other,low-right,0,46,1.9,No information,No information,81,No information,4830,53.8,6.9,54,0,54,98.1,10,570,shot
ivan-perisic,https://www.sofascore.com/croatia-sweden/NTbspUb#id:8600776,croatia,miss,No information,assisted,7.1,58.1,0,head,left,0,87.6,18.1,No information,No information,81,No information,4828,58.1,7.1,12.4,0,12.4,81.9,10,572,shot
kristoffer-olsson,https://www.sofascore.com/croatia-sweden/NTbspUb#id:8600776,sweden,miss,No information,assisted,20.5,70.7,0,right-foot,close-high-right,0,44,59.7,No information,No information,75,No information,4452,70.7,20.5,56,0,56,40.3,16,948,shot
marcus-berg,https://www.sofascore.com/croatia-sweden/NTbspUb#id:8600776,sweden,block,No information,set-piece,9.1,34.6,0,left-foot,low-left,0,51.8,19,No information,No information,69,No information,4101,34.6,9.1,48.2,0,48.2,81,22,1299,shot
emil-forsberg,https://www.sofascore.com/croatia-sweden/NTbspUb#id:8600776,sweden,miss,No information,assisted,18.9,50.7,0,right-foot,high,0,47.6,65.3,No information,No information,67,No information,3979,50.7,18.9,52.4,0,52.4,34.7,24,1421,shot
josip-brekalo,https://www.sofascore.com/croatia-sweden/NTbspUb#id:8600776,croatia,block,No information,throw-in-set-piece,19.6,49.1,0,right-foot,low-right,0,46.9,19,No information,No information,66,No information,3906,49.1,19.6,53.1,0,53.1,81,25,1494,shot
albin-ekdal,https://www.sofascore.com/croatia-sweden/NTbspUb#id:8600776,sweden,miss,No information,assisted,11.2,47.8,0,right-foot,high-right,0,41,75,No information,No information,63,No information,3739,47.8,11.2,59,0,59,25,28,1661,shot
marcus-danielson,https://www.sofascore.com/croatia-sweden/NTbspUb#id:8600776,sweden,goal,regular,corner,7.5,56.9,0,head,low-left,0,52.9,3.8,No information,No information,45,2,2798,56.9,7.5,47.1,0,47.1,96.2,1,2602,shot
dejan-kulusevski,https://www.sofascore.com/croatia-sweden/NTbspUb#id:8600776,sweden,goal,regular,assisted,9.3,61.2,0,left-foot,low-left,0,52.9,3.2,No information,No information,36,No information,2149,61.2,9.3,47.1,0,47.1,96.8,10,551,shot
pierre-bengtsson,https://www.sofascore.com/croatia-sweden/NTbspUb#id:8600776,sweden,miss,No information,assisted,18.8,36.1,0,left-foot,high,0,52.3,87.5,No information,No information,32,No information,1866,36.1,18.8,47.7,0,47.7,12.5,14,834,shot
emil-forsberg,https://www.sofascore.com/croatia-sweden/NTbspUb#id:8600776,sweden,save,No information,free-kick,27.6,31.1,0,right-foot,low-left,0,54.3,13.3,No information,No information,28,No information,1664,31.1,27.6,45.7,0,45.7,86.7,18,1036,shot
ivan-perisic,https://www.sofascore.com/croatia-sweden/NTbspUb#id:8600776,croatia,save,No information,assisted,21.3,71.1,0,left-foot,high-right,0,46.2,22.8,No information,No information,23,No information,1376,71.1,21.3,53.8,0,53.8,77.2,23,1324,shot
josip-brekalo,https://www.sofascore.com/croatia-sweden/NTbspUb#id:8600776,croatia,save,No information,assisted,7.4,23.4,0,right-foot,low-centre,0,49.8,5.1,No information,No information,22,No information,1273,23.4,7.4,50.2,0,50.2,94.9,24,1427,shot
emil-forsberg,https://www.sofascore.com/croatia-sweden/NTbspUb#id:8600776,sweden,save,No information,assisted,13.7,51.8,0,right-foot,low-centre,0,49,1.9,No information,No information,16,No information,923,51.8,13.7,51,0,51,98.1,30,1777,shot
dejan-kulusevski,https://www.sofascore.com/croatia-sweden/NTbspUb#id:8600776,sweden,save,No information,assisted,14,51.5,0,right-foot,high-left,0,51.9,21.5,No information,No information,6,No information,357,51.5,14,48.1,0,48.1,78.5,40,2343,shot

mateo-kovacic,https://www.sofascore.com/croatia-albania/PTbspUb#id:11873906,croatia,save,No information,assisted,14.4,39.7,0,left-foot,high-centre,0,48.8,20.3,No information,No information,90,8,5879,39.7,14.4,51.2,0,51.2,79.7,1,421,shot
klaus-gjasula,https://www.sofascore.com/croatia-albania/PTbspUb#id:11873906,albania,block,No information,assisted,19.8,49.3,0,right-foot,low-left,0,52.9,19,No information,No information,90,7,5794,49.3,19.8,47.1,0,47.1,81,1,506,shot
klaus-gjasula,https://www.sofascore.com/croatia-albania/PTbspUb#id:11873906,albania,goal,regular,regular,11.5,50,0,left-foot,low-left,0,52.9,4.4,No information,No information,90,5,5663,50,11.5,47.1,0,47.1,95.6,1,637,shot
mirlind-daku,https://www.sofascore.com/croatia-albania/PTbspUb#id:11873906,albania,block,No information,assisted,9.5,45.8,0,right-foot,low-centre,0,48.6,19,No information,No information,90,3,5549,45.8,9.5,51.4,0,51.4,81,1,751,shot
arber-hoxha,https://www.sofascore.com/croatia-albania/PTbspUb#id:11873906,albania,save,No information,assisted,21.8,56,0,right-foot,low-left,0,52,3.2,No information,No information,90,No information,5344,56,21.8,48,0,48,96.8,1,56,shot
martin-baturina,https://www.sofascore.com/croatia-albania/PTbspUb#id:11873906,croatia,save,No information,fast-break,7.2,30.2,0,right-foot,low-right,0,46.8,8.9,No information,No information,89,No information,5300,30.2,7.2,53.2,0,53.2,91.1,2,100,shot
luka-modric,https://www.sofascore.com/croatia-albania/PTbspUb#id:11873906,croatia,miss,No information,assisted,23.5,60.1,0,right-foot,close-left,0,57.8,15.3,No information,No information,88,No information,5259,60.1,23.5,42.2,0,42.2,84.7,3,141,shot
ante-budimir,https://www.sofascore.com/croatia-albania/PTbspUb#id:11873906,croatia,save,No information,set-piece,12.5,46,0,left-foot,low-left,0,53.8,1.9,No information,No information,80,No information,4752,46,12.5,46.2,0,46.2,98.1,11,648,shot
klaus-gjasula,https://www.sofascore.com/croatia-albania/PTbspUb#id:11873906,croatia,goal,own,regular,7.4,47.6,0,right-foot,high-left,0,53.6,20.3,No information,No information,76,No information,4544,47.6,7.4,46.4,0,46.4,79.7,15,856,shot
luka-sucic,https://www.sofascore.com/croatia-albania/PTbspUb#id:11873906,croatia,save,No information,assisted,8.3,49.1,0,left-foot,low-centre,0,50.9,19,No information,No information,76,No information,4544,49.1,8.3,49.1,0,49.1,81,15,856,shot
ante-budimir,https://www.sofascore.com/croatia-albania/PTbspUb#id:11873906,croatia,save,No information,regular,4.4,56.2,0,left-foot,low-centre,0,48.9,1.3,No information,No information,75,No information,4489,56.2,4.4,51.1,0,51.1,98.7,16,911,shot
andrej-kramaric,https://www.sofascore.com/croatia-albania/PTbspUb#id:11873906,croatia,goal,regular,assisted,10.6,44.8,0,right-foot,low-left,0,53,3.2,No information,No information,74,No information,4400,44.8,10.6,47,0,47,96.8,17,1000,shot
taulant-seferi,https://www.sofascore.com/croatia-albania/PTbspUb#id:11873906,albania,save,No information,regular,26,40.7,0,right-foot,low-left,0,51.9,2.5,No information,No information,73,No information,4374,40.7,26,48.1,0,48.1,97.5,18,1026,shot
mario-pasalic,https://www.sofascore.com/croatia-albania/PTbspUb#id:11873906,croatia,miss,No information,assisted,6,53.2,0,head,high-right,0,42.9,75,No information,No information,69,No information,4089,53.2,6,57.1,0,57.1,25,22,1311,shot
nedim-bajrami,https://www.sofascore.com/croatia-albania/PTbspUb#id:11873906,albania,miss,No information,fast-break,15.1,67.3,0,right-foot,high-right,0,41,84.7,No information,No information,67,No information,3967,67.3,15.1,59,0,59,15.3,24,1433,shot
kristjan-asllani,https://www.sofascore.com/croatia-albania/PTbspUb#id:11873906,albania,save,No information,assisted,21.2,37.6,0,right-foot,low-centre,0,49.1,3.2,No information,No information,63,No information,3767,37.6,21.2,50.9,0,50.9,96.8,28,1633,shot
ivan-perisic,https://www.sofascore.com/croatia-albania/PTbspUb#id:11873906,croatia,save,No information,assisted,23.5,35.4,0,left-foot,low-right,0,45.5,13.3,No information,No information,61,No information,3618,35.4,23.5,54.5,0,54.5,86.7,30,1782,shot
luka-modric,https://www.sofascore.com/croatia-albania/PTbspUb#id:11873906,croatia,block,No information,regular,22.8,66.7,0,right-foot,low-centre,0,50.6,19,No information,No information,59,No information,3534,66.7,22.8,49.4,0,49.4,81,32,1866,shot
josip-sutalo,https://www.sofascore.com/croatia-albania/PTbspUb#id:11873906,croatia,miss,No information,corner,1.2,45.4,0,head,close-left,0,58.2,31.9,No information,No information,58,No information,3433,45.4,1.2,41.8,0,41.8,68.1,33,1967,shot
bruno-petkovic,https://www.sofascore.com/croatia-albania/PTbspUb#id:11873906,croatia,block,No information,assisted,7.9,48.5,0,head,low-right,0,47.1,19,No information,No information,57,No information,3405,48.5,7.9,52.9,0,52.9,81,34,1995,shot
mario-pasalic,https://www.sofascore.com/croatia-albania/PTbspUb#id:11873906,croatia,miss,No information,assisted,7.9,57.9,0,head,right,0,39.2,33.3,No information,No information,54,No information,3226,57.9,7.9,60.8,0,60.8,66.7,37,2174,shot
mateo-kovacic,https://www.sofascore.com/croatia-albania/PTbspUb#id:11873906,croatia,save,No information,assisted,22.5,40.5,0,right-foot,high-centre,0,51.5,22.8,No information,No information,53,No information,3174,40.5,22.5,48.5,0,48.5,77.2,38,2226,shot
mario-pasalic,https://www.sofascore.com/croatia-albania/PTbspUb#id:11873906,croatia,miss,No information,assisted,4.6,56.1,0,head,high,0,46.6,70.8,No information,No information,51,No information,3004,56.1,4.6,53.4,0,53.4,29.2,40,2396,shot
luka-sucic,https://www.sofascore.com/croatia-albania/PTbspUb#id:11873906,croatia,save,No information,assisted,12.2,65.3,0,left-foot,low-centre,0,51.8,5.1,No information,No information,50,No information,2981,65.3,12.2,48.2,0,48.2,94.9,41,2419,shot
bruno-petkovic,https://www.sofascore.com/croatia-albania/PTbspUb#id:11873906,croatia,block,No information,assisted,8.5,44,0,head,low-centre,0,49,19,No information,No information,47,No information,2774,44,8.5,51,0,51,81,44,2626,shot
rey-manaj,https://www.sofascore.com/croatia-albania/PTbspUb#id:11873906,albania,save,No information,assisted,9.8,47,0,head,low-left,0,53.1,17.1,No information,No information,45,1,2733,47,9.8,46.9,0,46.9,82.9,1,2667,shot
jasir-asani,https://www.sofascore.com/croatia-albania/PTbspUb#id:11873906,albania,block,No information,assisted,25.4,70.1,0,left-foot,low-centre,0,48.6,19,No information,No information,45,1,2730,70.1,25.4,51.4,0,51.4,81,1,2670,shot
lovro-majer,https://www.sofascore.com/croatia-albania/PTbspUb#id:11873906,croatia,block,No information,assisted,10.2,54,0,head,low-left,0,52.4,19,No information,No information,43,No information,2536,54,10.2,47.6,0,47.6,81,3,164,shot
marcelo-brozovic,https://www.sofascore.com/croatia-albania/PTbspUb#id:11873906,croatia,save,No information,assisted,28.6,36.6,0,right-foot,low-centre,0,51.3,8.9,No information,No information,38,No information,2272,36.6,28.6,48.7,0,48.7,91.1,8,428,shot
kristjan-asllani,https://www.sofascore.com/croatia-albania/PTbspUb#id:11873906,albania,save,No information,fast-break,12.1,46.9,0,right-foot,low-left,0,52.1,13.9,No information,No information,31,No information,1827,46.9,12.1,47.9,0,47.9,86.1,15,873,shot
elseid-hysaj,https://www.sofascore.com/croatia-albania/PTbspUb#id:11873906,albania,miss,No information,regular,15.4,54.6,0,left-foot,high-left,0,69.9,98.6,No information,No information,29,No information,1726,54.6,15.4,30.1,0,30.1,1.4,17,974,shot
rey-manaj,https://www.sofascore.com/croatia-albania/PTbspUb#id:11873906,albania,block,No information,assisted,9.4,56.5,0,head,low-centre,0,51.6,19,No information,No information,29,No information,1724,56.5,9.4,48.4,0,48.4,81,17,976,shot
bruno-petkovic,https://www.sofascore.com/croatia-albania/PTbspUb#id:11873906,croatia,miss,No information,assisted,9.2,49.9,0,head,high-right,0,40.7,69.4,No information,No information,26,No information,1556,49.9,9.2,59.3,0,59.3,30.6,20,1144,shot
marcelo-brozovic,https://www.sofascore.com/croatia-albania/PTbspUb#id:11873906,croatia,miss,No information,assisted,17.8,68.7,0,right-foot,left,0,60.7,6.9,No information,No information,20,No information,1184,68.7,17.8,39.3,0,39.3,93.1,26,1516,shot
mateo-kovacic,https://www.sofascore.com/croatia-albania/PTbspUb#id:11873906,croatia,block,No information,assisted,25,38.9,0,right-foot,low-centre,0,49.3,19,No information,No information,20,No information,1174,38.9,25,50.7,0,50.7,81,26,1526,shot
elseid-hysaj,https://www.sofascore.com/croatia-albania/PTbspUb#id:11873906,albania,block,No information,corner,21.6,57.7,0,left-foot,low-left,0,52.3,19,No information,No information,16,No information,906,57.7,21.6,47.7,0,47.7,81,30,1794,shot
nedim-bajrami,https://www.sofascore.com/croatia-albania/PTbspUb#id:11873906,albania,block,No information,assisted,11.4,28.3,0,right-foot,low-left,0,53.7,19,No information,No information,15,No information,865,28.3,11.4,46.3,0,46.3,81,31,1835,shot
qazim-laci,https://www.sofascore.com/croatia-albania/PTbspUb#id:11873906,albania,goal,regular,assisted,6.9,54.5,0,head,low-right,0,47.7,5.1,No information,No information,11,No information,616,54.5,6.9,52.3,0,52.3,94.9,35,2084,shot

dion-drena-beljo,https://www.sofascore.com/croatia-turkey/aUbspUb#id:10752510,croatia,save,No information,assisted,13.3,59.7,0,head,low-centre,0,50.8,9.5,No information,No information,90,7,5798,59.7,13.3,49.2,0,49.2,90.5,1,502,shot
luka-modric,https://www.sofascore.com/croatia-turkey/aUbspUb#id:10752510,croatia,save,No information,regular,27.6,49.3,0,right-foot,high-left,0,51.9,22.8,No information,No information,90,6,5757,49.3,27.6,48.1,0,48.1,77.2,1,543,shot
dion-drena-beljo,https://www.sofascore.com/croatia-turkey/aUbspUb#id:10752510,croatia,miss,No information,assisted,11.2,68.1,0,right-foot,close-right,0,43.7,11.1,No information,No information,88,No information,5253,68.1,11.2,56.3,0,56.3,88.9,3,147,shot
yunus-akgun,https://www.sofascore.com/croatia-turkey/aUbspUb#id:10752510,türkiye,miss,No information,regular,6.7,57.5,0,left-foot,close-right,0,43.2,1.4,No information,No information,84,No information,4993,57.5,6.7,56.8,0,56.8,98.6,7,407,shot
yunus-akgun,https://www.sofascore.com/croatia-turkey/aUbspUb#id:10752510,türkiye,save,No information,assisted,7.2,62.5,0,left-foot,low-centre,0,49,3.8,No information,No information,84,No information,4993,62.5,7.2,51,0,51,96.2,7,407,shot
dion-drena-beljo,https://www.sofascore.com/croatia-turkey/aUbspUb#id:10752510,croatia,save,No information,regular,8.7,48.8,0,left-foot,low-centre,0,50.2,3.8,No information,No information,81,No information,4855,48.8,8.7,49.8,0,49.8,96.2,10,545,shot
bruno-petkovic,https://www.sofascore.com/croatia-turkey/aUbspUb#id:10752510,croatia,block,No information,assisted,10,43.6,0,head,low-centre,0,49.8,19,No information,No information,81,No information,4854,43.6,10,50.2,0,50.2,81,10,546,shot
hakan-calhanoglu,https://www.sofascore.com/croatia-turkey/aUbspUb#id:10752510,türkiye,block,No information,fast-break,26.6,40.9,0,right-foot,low-left,0,51.9,19,No information,No information,76,No information,4523,40.9,26.6,48.1,0,48.1,81,15,877,shot
lovro-majer,https://www.sofascore.com/croatia-turkey/aUbspUb#id:10752510,croatia,block,No information,assisted,24.2,50.9,0,left-foot,low-centre,0,50.7,19,No information,No information,71,No information,4259,50.9,24.2,49.3,0,49.3,81,20,1141,shot
lovro-majer,https://www.sofascore.com/croatia-turkey/aUbspUb#id:10752510,croatia,block,No information,assisted,23.1,29.1,0,left-foot,low-centre,0,50.8,19,No information,No information,71,No information,4204,29.1,23.1,49.2,0,49.2,81,20,1196,shot
bruno-petkovic,https://www.sofascore.com/croatia-turkey/aUbspUb#id:10752510,croatia,block,No information,assisted,15.5,53.1,0,right-foot,low-right,0,45.3,19,No information,No information,70,No information,4165,53.1,15.5,54.7,0,54.7,81,21,1235,shot
marcelo-brozovic,https://www.sofascore.com/croatia-turkey/aUbspUb#id:10752510,croatia,miss,No information,regular,25.7,60,0,right-foot,high-right,0,37,54.2,No information,No information,66,No information,3902,60,25.7,63,0,63,45.8,25,1498,shot
mateo-kovacic,https://www.sofascore.com/croatia-turkey/aUbspUb#id:10752510,croatia,block,No information,assisted,14.7,41.2,0,left-foot,low-right,0,47,19,No information,No information,65,No information,3899,41.2,14.7,53,0,53,81,26,1501,shot
hakan-calhanoglu,https://www.sofascore.com/croatia-turkey/aUbspUb#id:10752510,türkiye,miss,No information,assisted,19.2,57.8,0,right-foot,high-right,0,38.8,80.6,No information,No information,62,No information,3691,57.8,19.2,61.2,0,61.2,19.4,29,1709,shot
irfan-can-kahveci,https://www.sofascore.com/croatia-turkey/aUbspUb#id:10752510,türkiye,save,No information,assisted,7.8,55.4,0,head,low-centre,0,49.7,18.4,No information,No information,62,No information,3662,55.4,7.8,50.3,0,50.3,81.6,29,1738,shot
kerem-akturkoglu,https://www.sofascore.com/croatia-turkey/aUbspUb#id:10752510,türkiye,block,No information,assisted,10.2,58.6,0,right-foot,low-centre,0,51.3,19,No information,No information,60,No information,3580,58.6,10.2,48.7,0,48.7,81,31,1820,shot
mario-pasalic,https://www.sofascore.com/croatia-turkey/aUbspUb#id:10752510,croatia,miss,No information,assisted,14.7,68.6,0,left-foot,high-left,0,59.7,58.3,No information,No information,58,No information,3429,68.6,14.7,40.3,0,40.3,41.7,33,1971,shot
luka-modric,https://www.sofascore.com/croatia-turkey/aUbspUb#id:10752510,croatia,miss,No information,assisted,13.9,58.6,0,right-foot,left,0,66.7,13.9,No information,No information,56,No information,3326,58.6,13.9,33.3,0,33.3,86.1,35,2074,shot
baris-alper-yilmaz,https://www.sofascore.com/croatia-turkey/aUbspUb#id:10752510,türkiye,miss,No information,assisted,12,45.2,0,right-foot,high,0,49.1,79.2,No information,No information,54,No information,3181,45.2,12,50.9,0,50.9,20.8,37,2219,shot
petar-musa,https://www.sofascore.com/croatia-turkey/aUbspUb#id:10752510,croatia,save,No information,assisted,19.6,45.9,0,left-foot,low-centre,0,49.9,1.9,No information,No information,45,3,2839,45.9,19.6,50.1,0,50.1,98.1,1,2561,shot
mateo-kovacic,https://www.sofascore.com/croatia-turkey/aUbspUb#id:10752510,croatia,block,No information,regular,23.6,37.9,0,right-foot,low-left,0,52.9,19,No information,No information,45,3,2834,37.9,23.6,47.1,0,47.1,81,1,2566,shot
kerem-akturkoglu,https://www.sofascore.com/croatia-turkey/aUbspUb#id:10752510,türkiye,miss,No information,assisted,12.9,66.4,0,right-foot,close-right,0,42.9,4.2,No information,No information,40,No information,2345,66.4,12.9,57.1,0,57.1,95.8,6,355,shot
baris-alper-yilmaz,https://www.sofascore.com/croatia-turkey/aUbspUb#id:10752510,türkiye,block,No information,assisted,25.4,61.5,0,right-foot,low-centre,0,51.8,13.9,No information,No information,39,No information,2335,61.5,25.4,48.2,0,48.2,86.1,7,365,shot
baris-alper-yilmaz,https://www.sofascore.com/croatia-turkey/aUbspUb#id:10752510,türkiye,goal,regular,assisted,23.7,69.3,0,right-foot,low-centre,0,50.2,14.6,No information,No information,30,No information,1776,69.3,23.7,49.8,0,49.8,85.4,16,924,shot
luka-modric,https://www.sofascore.com/croatia-turkey/aUbspUb#id:10752510,croatia,block,No information,assisted,15.8,63.5,0,right-foot,low-centre,0,50.2,19,No information,No information,20,No information,1162,63.5,15.8,49.8,0,49.8,81,26,1538,shot
kerem-akturkoglu,https://www.sofascore.com/croatia-turkey/aUbspUb#id:10752510,türkiye,save,No information,assisted,12.3,36.2,0,right-foot,low-right,0,47.5,11.4,No information,No information,13,No information,743,36.2,12.3,52.5,0,52.5,88.6,33,1957,shot
mario-pasalic,https://www.sofascore.com/croatia-turkey/aUbspUb#id:10752510,croatia,block,No information,assisted,19.7,62.7,0,left-foot,low-left,0,53.8,19,No information,No information,10,No information,590,62.7,19.7,46.2,0,46.2,81,36,2110,shot
ismail-yuksek,https://www.sofascore.com/croatia-turkey/aUbspUb#id:10752510,türkiye,miss,No information,corner,23.9,67,0,left-foot,high-left,0,62.7,69.4,No information,No information,9,No information,532,67,23.9,37.3,0,37.3,30.6,37,2168,shot
kerem-akturkoglu,https://www.sofascore.com/croatia-turkey/aUbspUb#id:10752510,türkiye,save,No information,assisted,16.4,66.4,0,right-foot,high-right,0,45.5,20.9,No information,No information,9,No information,490,66.4,16.4,54.5,0,54.5,79.1,37,2210,shot
josip-sutalo,https://www.sofascore.com/croatia-turkey/aUbspUb#id:10752510,croatia,miss,No information,corner,2.8,40.4,0,head,high,0,52.6,86.1,No information,No information,8,No information,455,40.4,2.8,47.4,0,47.4,13.9,38,2245,shot
baris-alper-yilmaz,https://www.sofascore.com/croatia-turkey/aUbspUb#id:10752510,türkiye,save,No information,assisted,16.6,29.3,0,right-foot,low-right,0,47.4,6.3,No information,No information,2,No information,81,29.3,16.6,52.6,0,52.6,93.7,44,2619,shot

bruno-petkovic,https://www.sofascore.com/croatia-czech-republic/oUbspUb#id:8513117,croatia,block,No information,corner,11.2,54,0,head,low-centre,0,49.6,19,No information,No information,89,No information,5310,54,11.2,50.4,0,50.4,81,2,90,shot
bruno-petkovic,https://www.sofascore.com/croatia-czech-republic/oUbspUb#id:8513117,croatia,block,No information,assisted,14.2,47,0,right-foot,low-centre,0,50.3,19,No information,No information,89,No information,5280,47,14.2,49.7,0,49.7,81,2,120,shot
adam-hlozek,https://www.sofascore.com/croatia-czech-republic/oUbspUb#id:8513117,czechia,miss,No information,assisted,10.3,42.9,0,right-foot,high,0,54.5,91.7,No information,No information,76,No information,4502,42.9,10.3,45.5,0,45.5,8.3,15,898,shot
nikola-vlasic,https://www.sofascore.com/croatia-czech-republic/oUbspUb#id:8513117,croatia,miss,No information,regular,12,45.2,0,right-foot,close-high-right,0,43.4,45.8,No information,No information,72,No information,4317,45.2,12,56.6,0,56.6,54.2,19,1083,shot
patrik-schick,https://www.sofascore.com/croatia-czech-republic/oUbspUb#id:8513117,czechia,miss,No information,corner,6,52.2,0,head,high,0,50.9,91.7,No information,No information,61,No information,3642,52.2,6,49.1,0,49.1,8.3,30,1758,shot
tomas-soucek,https://www.sofascore.com/croatia-czech-republic/oUbspUb#id:8513117,czechia,block,No information,set-piece,4.7,37.5,0,left-foot,low-centre,0,49.4,19,No information,No information,61,No information,3618,37.5,4.7,50.6,0,50.6,81,30,1782,shot
andrej-kramaric,https://www.sofascore.com/croatia-czech-republic/oUbspUb#id:8513117,croatia,block,No information,assisted,18.4,46,0,right-foot,low-centre,0,48.7,19,No information,No information,58,No information,3463,46,18.4,51.3,0,51.3,81,33,1937,shot
luka-ivanusec,https://www.sofascore.com/croatia-czech-republic/oUbspUb#id:8513117,croatia,miss,No information,assisted,23.8,32.4,0,right-foot,high-right,0,35.5,69.4,No information,No information,57,No information,3398,32.4,23.8,64.5,0,64.5,30.6,34,2002,shot
jan-boril,https://www.sofascore.com/croatia-czech-republic/oUbspUb#id:8513117,czechia,block,No information,assisted,6.1,45.6,0,head,low-left,0,52.8,19,No information,No information,56,No information,3359,45.6,6.1,47.2,0,47.2,81,35,2041,shot
tomas-soucek,https://www.sofascore.com/croatia-czech-republic/oUbspUb#id:8513117,czechia,miss,No information,assisted,24.6,67.8,0,right-foot,close-left,0,57.8,4.2,No information,No information,52,No information,3108,67.8,24.6,42.2,0,42.2,95.8,39,2292,shot
ivan-perisic,https://www.sofascore.com/croatia-czech-republic/oUbspUb#id:8513117,croatia,goal,regular,assisted,10.4,28.1,0,right-foot,low-right,0,46.8,17.1,No information,No information,47,No information,2812,28.1,10.4,53.2,0,53.2,82.9,44,2588,shot
mateo-kovacic,https://www.sofascore.com/croatia-czech-republic/oUbspUb#id:8513117,croatia,miss,No information,set-piece,26.8,36.3,0,right-foot,high,0,45.4,68.1,No information,No information,46,No information,2758,36.3,26.8,54.6,0,54.6,31.9,45,2642,shot
patrik-schick,https://www.sofascore.com/croatia-czech-republic/oUbspUb#id:8513117,czechia,miss,No information,free-kick,25.1,31.8,0,left-foot,close-high-left,0,57.6,58.3,No information,No information,45,3,2878,31.8,25.1,42.4,0,42.4,41.7,1,2522,shot
andrej-kramaric,https://www.sofascore.com/croatia-czech-republic/oUbspUb#id:8513117,croatia,miss,No information,assisted,22.5,31.9,0,right-foot,close-left,0,57.1,5.6,No information,No information,44,No information,2596,31.9,22.5,42.9,0,42.9,94.4,2,104,shot
ante-rebic,https://www.sofascore.com/croatia-czech-republic/oUbspUb#id:8513117,croatia,miss,No information,assisted,8.1,35.7,0,left-foot,close-left,0,58.2,30.6,No information,No information,39,No information,2293,35.7,8.1,41.8,0,41.8,69.4,7,407,shot
patrik-schick,https://www.sofascore.com/croatia-czech-republic/oUbspUb#id:8513117,czechia,goal,penalty,penalty,11.5,50,0,left-foot,low-left,0,53,7.6,No information,No information,37,No information,2210,50,11.5,47,0,47,92.4,9,490,shot
ivan-perisic,https://www.sofascore.com/croatia-czech-republic/oUbspUb#id:8513117,croatia,save,No information,corner,13.7,45.4,0,left-foot,low-centre,0,51.5,0.6,No information,No information,23,No information,1363,45.4,13.7,48.5,0,48.5,99.4,23,1337,shot
patrik-schick,https://www.sofascore.com/croatia-czech-republic/oUbspUb#id:8513117,czechia,miss,No information,assisted,9.8,56.3,0,right-foot,close-right,0,42.5,2.8,No information,No information,18,No information,1056,56.3,9.8,57.5,0,57.5,97.2,28,1644,shot
jakub-jankto,https://www.sofascore.com/croatia-czech-republic/oUbspUb#id:8513117,czechia,miss,No information,regular,10.8,37.5,0,left-foot,high-left,0,61.8,93.1,No information,No information,12,No information,712,37.5,10.8,38.2,0,38.2,6.9,34,1988,shot
dejan-lovren,https://www.sofascore.com/croatia-czech-republic/oUbspUb#id:8513117,croatia,miss,No information,free-kick,26.5,48,0,right-foot,high,0,55.8,81.9,No information,No information,10,No information,583,48,26.5,44.2,0,44.2,18.1,36,2117,shot
tomas-soucek,https://www.sofascore.com/croatia-czech-republic/oUbspUb#id:8513117,czechia,miss,No information,corner,6.3,57,0,head,close-high,0,49.1,54.2,No information,No information,4,No information,204,57,6.3,50.9,0,50.9,45.8,42,2496,shot
vladimir-coufal,https://www.sofascore.com/croatia-czech-republic/oUbspUb#id:8513117,czechia,block,No information,regular,17.8,52.6,0,left-foot,low-right,0,48.2,19,No information,No information,2,No information,118,52.6,17.8,51.8,0,51.8,81,44,2582,shot

scott-mckenna,https://www.sofascore.com/croatia-scotland/VTbspUb#id:8602463,scotland,miss,No information,corner,6.5,50,0,head,left,0,59.8,11.1,No information,No information,90,3,5551,50,6.5,40.2,0,40.2,88.9,1,749,shot
scott-mctominay,https://www.sofascore.com/croatia-scotland/VTbspUb#id:8602463,scotland,block,No information,assisted,13.2,34.2,0,right-foot,low-centre,0,49.9,19,No information,No information,90,3,5524,34.2,13.2,50.1,0,50.1,81,1,776,shot
scott-mctominay,https://www.sofascore.com/croatia-scotland/VTbspUb#id:8602463,scotland,miss,No information,corner,6.1,50.5,0,head,high,0,45.7,72.2,No information,No information,81,No information,4825,50.5,6.1,54.3,0,54.3,27.8,10,575,shot
che-adams,https://www.sofascore.com/croatia-scotland/VTbspUb#id:8602463,scotland,save,No information,regular,3.3,64.3,0,right-foot,low-right,0,47.7,3.8,No information,No information,80,No information,4771,64.3,3.3,52.3,0,52.3,96.2,11,629,shot
ryan-fraser,https://www.sofascore.com/croatia-scotland/VTbspUb#id:8602463,scotland,block,No information,assisted,14.8,36.3,0,right-foot,low-centre,0,50.4,19,No information,No information,80,No information,4769,36.3,14.8,49.6,0,49.6,81,11,631,shot
ivan-perisic,https://www.sofascore.com/croatia-scotland/VTbspUb#id:8602463,croatia,goal,regular,corner,3.1,40.2,0,head,low-right,0,45.4,10.1,No information,No information,77,No information,4610,40.2,3.1,54.6,0,54.6,89.9,14,790,shot
mateo-kovacic,https://www.sofascore.com/croatia-scotland/VTbspUb#id:8602463,croatia,save,No information,assisted,17.2,29.3,0,right-foot,low-centre,0,50.6,0.6,No information,No information,75,No information,4480,29.3,17.2,49.4,0,49.4,99.4,16,920,shot
ryan-fraser,https://www.sofascore.com/croatia-scotland/VTbspUb#id:8602463,scotland,miss,No information,assisted,25.8,46.2,0,right-foot,high-right,0,36.6,55.6,No information,No information,74,No information,4393,46.2,25.8,63.4,0,63.4,44.4,17,1007,shot
callum-mcgregor,https://www.sofascore.com/croatia-scotland/VTbspUb#id:8602463,scotland,miss,No information,set-piece,21.2,61.2,0,right-foot,high,0,49.4,75,No information,No information,68,No information,4030,61.2,21.2,50.6,0,50.6,25,23,1370,shot
luka-modric,https://www.sofascore.com/croatia-scotland/VTbspUb#id:8602463,croatia,goal,regular,assisted,18.7,52.8,0,right-foot,high-left,0,53.8,20.9,No information,No information,62,No information,3678,52.8,18.7,46.2,0,46.2,79.1,29,1722,shot
john-mcginn,https://www.sofascore.com/croatia-scotland/VTbspUb#id:8602463,scotland,miss,No information,assisted,3,56.1,0,left-foot,right,0,40.2,16.7,No information,No information,59,No information,3486,56.1,3,59.8,0,59.8,83.3,32,1914,shot
josko-gvardiol,https://www.sofascore.com/croatia-scotland/VTbspUb#id:8602463,croatia,save,No information,assisted,21.5,36,0,right-foot,low-centre,0,50.4,3.8,No information,No information,55,No information,3264,36,21.5,49.6,0,49.6,96.2,36,2136,shot
josko-gvardiol,https://www.sofascore.com/croatia-scotland/VTbspUb#id:8602463,croatia,save,No information,assisted,10.1,52,0,left-foot,low-centre,0,49.5,3.8,No information,No information,50,No information,2944,52,10.1,50.5,0,50.5,96.2,41,2456,shot
ivan-perisic,https://www.sofascore.com/croatia-scotland/VTbspUb#id:8602463,croatia,block,No information,regular,23.1,34.9,0,right-foot,low-centre,0,49.9,19,No information,No information,45,1,2757,34.9,23.1,50.1,0,50.1,81,1,2643,shot
callum-mcgregor,https://www.sofascore.com/croatia-scotland/VTbspUb#id:8602463,scotland,goal,regular,regular,17.7,51.1,0,right-foot,low-left,0,54.2,1.9,No information,No information,42,No information,2493,51.1,17.7,45.8,0,45.8,98.1,4,207,shot
ivan-perisic,https://www.sofascore.com/croatia-scotland/VTbspUb#id:8602463,croatia,miss,No information,assisted,8.8,28.3,0,right-foot,high,0,45.7,70.8,No information,No information,40,No information,2348,28.3,8.8,54.3,0,54.3,29.2,6,352,shot
josip-juranovic,https://www.sofascore.com/croatia-scotland/VTbspUb#id:8602463,croatia,miss,No information,assisted,21.5,73.3,0,right-foot,high-left,0,56.6,66.7,No information,No information,38,No information,2246,73.3,21.5,43.4,0,43.4,33.3,8,454,shot
ivan-perisic,https://www.sofascore.com/croatia-scotland/VTbspUb#id:8602463,croatia,block,No information,assisted,25.1,41,0,right-foot,low-left,0,52.1,19,No information,No information,25,No information,1496,41,25.1,47.9,0,47.9,81,21,1204,shot
john-mcginn,https://www.sofascore.com/croatia-scotland/VTbspUb#id:8602463,scotland,save,No information,assisted,14.1,52,0,left-foot,low-left,0,53.7,8.2,No information,No information,24,No information,1420,52,14.1,46.3,0,46.3,91.8,22,1280,shot
luka-modric,https://www.sofascore.com/croatia-scotland/VTbspUb#id:8602463,croatia,miss,No information,assisted,22.5,70.3,0,right-foot,high,0,47.6,65.3,No information,No information,22,No information,1276,70.3,22.5,52.4,0,52.4,34.7,24,1424,shot
nikola-vlasic,https://www.sofascore.com/croatia-scotland/VTbspUb#id:8602463,croatia,goal,regular,assisted,10.2,44.2,0,left-foot,low-left,0,53.8,5.1,No information,No information,17,No information,974,44.2,10.2,46.2,0,46.2,94.9,29,1726,shot
che-adams,https://www.sofascore.com/croatia-scotland/VTbspUb#id:8602463,scotland,miss,No information,assisted,25.4,52,0,right-foot,right,0,40.5,16.7,No information,No information,10,No information,549,52,25.4,59.5,0,59.5,83.3,36,2151,shot

romelu-lukaku,https://www.sofascore.com/belgium-croatia/pUbsrUb#id:10230535,belgium,save,No information,assisted,3.7,46.1,0,other,low-centre,0,48.7,12,No information,No information,90,No information,5383,46.1,3.7,51.3,0,51.3,88,1,17,shot
romelu-lukaku,https://www.sofascore.com/belgium-croatia/pUbsrUb#id:10230535,belgium,miss,No information,assisted,4.8,51.7,0,left-foot,close-right,0,41.3,5.6,No information,No information,87,No information,5170,51.7,4.8,58.7,0,58.7,94.4,4,230,shot
thomas-meunier,https://www.sofascore.com/belgium-croatia/pUbsrUb#id:10230535,belgium,miss,No information,regular,8.4,66.4,0,right-foot,left,0,69.7,4.2,No information,No information,87,No information,5169,66.4,8.4,30.3,0,30.3,95.8,4,231,shot
jan-vertonghen,https://www.sofascore.com/belgium-croatia/pUbsrUb#id:10230535,belgium,block,No information,corner,6.4,49,0,head,low-left,0,51.9,19,No information,No information,78,No information,4662,49,6.4,48.1,0,48.1,81,13,738,shot
kevin-de-bruyne,https://www.sofascore.com/belgium-croatia/pUbsrUb#id:10230535,belgium,save,No information,assisted,7.8,76.7,0,right-foot,high-right,0,45.9,31,No information,No information,69,No information,4090,76.7,7.8,54.1,0,54.1,69,22,1310,shot
luka-modric,https://www.sofascore.com/belgium-croatia/pUbsrUb#id:10230535,croatia,save,No information,assisted,12,47,0,right-foot,high-right,0,45.7,22.2,No information,No information,68,No information,4029,47,12,54.3,0,54.3,77.8,23,1371,shot
romelu-lukaku,https://www.sofascore.com/belgium-croatia/pUbsrUb#id:10230535,belgium,miss,No information,regular,7,51.5,0,head,close-high,0,48.2,55.6,No information,No information,62,No information,3710,51.5,7,51.8,0,51.8,44.4,29,1690,shot
romelu-lukaku,https://www.sofascore.com/belgium-croatia/pUbsrUb#id:10230535,belgium,post,No information,regular,9.1,56.1,0,right-foot,right,0,44.8,15.8,No information,No information,60,No information,3589,56.1,9.1,55.2,0,55.2,84.2,31,1811,shot
yannick-carrasco,https://www.sofascore.com/belgium-croatia/pUbsrUb#id:10230535,belgium,block,No information,assisted,7.7,42.1,0,right-foot,low-left,0,52.2,19,No information,No information,60,No information,3586,42.1,7.7,47.8,0,47.8,81,31,1814,shot
luka-modric,https://www.sofascore.com/belgium-croatia/pUbsrUb#id:10230535,croatia,save,No information,assisted,12.8,68.8,0,left-foot,low-left,0,52.2,5.1,No information,No information,54,No information,3221,68.8,12.8,47.8,0,47.8,94.9,37,2179,shot
marcelo-brozovic,https://www.sofascore.com/belgium-croatia/pUbsrUb#id:10230535,croatia,save,No information,assisted,18.5,47,0,left-foot,low-left,0,52.6,3.8,No information,No information,54,No information,3189,47,18.5,47.4,0,47.4,96.2,37,2211,shot
kevin-de-bruyne,https://www.sofascore.com/belgium-croatia/pUbsrUb#id:10230535,belgium,miss,No information,assisted,17.8,38.4,0,left-foot,high-left,0,60.7,61.1,No information,No information,51,No information,3038,38.4,17.8,39.3,0,39.3,38.9,40,2362,shot
borna-sosa,https://www.sofascore.com/belgium-croatia/pUbsrUb#id:10230535,croatia,miss,No information,corner,24.4,46.6,0,left-foot,high-left,0,56.8,68.1,No information,No information,50,No information,2994,46.6,24.4,43.2,0,43.2,31.9,41,2406,shot
mateo-kovacic,https://www.sofascore.com/belgium-croatia/pUbsrUb#id:10230535,croatia,save,No information,assisted,13.8,35.5,0,right-foot,high-left,0,53.4,28.5,No information,No information,50,No information,2955,35.5,13.8,46.6,0,46.6,71.5,41,2445,shot
romelu-lukaku,https://www.sofascore.com/belgium-croatia/pUbsrUb#id:10230535,belgium,save,No information,corner,3.7,42.1,0,head,low-left,0,53.7,12,No information,No information,49,No information,2883,42.1,3.7,46.3,0,46.3,88,42,2517,shot
yannick-carrasco,https://www.sofascore.com/belgium-croatia/pUbsrUb#id:10230535,belgium,miss,No information,corner,18.5,34.7,0,left-foot,right,0,37.1,4.2,No information,No information,48,No information,2875,34.7,18.5,62.9,0,62.9,95.8,43,2525,shot
josip-juranovic,https://www.sofascore.com/belgium-croatia/pUbsrUb#id:10230535,croatia,miss,No information,regular,15.1,67.6,0,right-foot,right,0,37.5,27.8,No information,No information,45,4,2937,67.6,15.1,62.5,0,62.5,72.2,1,2463,shot
ivan-perisic,https://www.sofascore.com/belgium-croatia/pUbsrUb#id:10230535,croatia,miss,No information,assisted,9.6,46.9,0,head,high-left,0,80.7,52.8,No information,No information,45,4,2930,46.9,9.6,19.3,0,19.3,47.2,1,2470,shot
borna-sosa,https://www.sofascore.com/belgium-croatia/pUbsrUb#id:10230535,croatia,miss,No information,assisted,24.8,28.3,0,left-foot,high,0,53.6,77.8,No information,No information,45,No information,2682,28.3,24.8,46.4,0,46.4,22.2,1,18,shot
dries-mertens,https://www.sofascore.com/belgium-croatia/pUbsrUb#id:10230535,belgium,miss,No information,assisted,4.3,58.8,0,left-foot,left,0,99.5,2.8,No information,No information,42,No information,2476,58.8,4.3,0.5,0,0.5,97.2,4,224,shot
marko-livaja,https://www.sofascore.com/belgium-croatia/pUbsrUb#id:10230535,croatia,miss,No information,assisted,7.7,53,0,head,left,0,59.7,25,No information,No information,33,No information,1949,53,7.7,40.3,0,40.3,75,13,751,shot
marcelo-brozovic,https://www.sofascore.com/belgium-croatia/pUbsrUb#id:10230535,croatia,block,No information,assisted,18.4,46.9,0,left-foot,low-left,0,52.7,19,No information,No information,33,No information,1939,46.9,18.4,47.3,0,47.3,81,13,761,shot
axel-witsel,https://www.sofascore.com/belgium-croatia/pUbsrUb#id:10230535,belgium,block,No information,assisted,28.2,43.5,0,right-foot,low-centre,0,49.8,19,No information,No information,25,No information,1490,43.5,28.2,50.2,0,50.2,81,21,1210,shot
dries-mertens,https://www.sofascore.com/belgium-croatia/pUbsrUb#id:10230535,belgium,miss,No information,fast-break,13.4,39,0,right-foot,high-right,0,41.2,81.9,No information,No information,13,No information,775,39,13.4,58.8,0,58.8,18.1,33,1925,shot
yannick-carrasco,https://www.sofascore.com/belgium-croatia/pUbsrUb#id:10230535,belgium,block,No information,assisted,2.6,34.8,0,right-foot,low-centre,0,51.6,19,No information,No information,11,No information,651,34.8,2.6,48.4,0,48.4,81,35,2049,shot
yannick-carrasco,https://www.sofascore.com/belgium-croatia/pUbsrUb#id:10230535,belgium,block,No information,assisted,14.5,33.7,0,right-foot,low-centre,0,51.6,19,No information,No information,10,No information,547,33.7,14.5,48.4,0,48.4,81,36,2153,shot
ivan-perisic,https://www.sofascore.com/belgium-croatia/pUbsrUb#id:10230535,croatia,miss,No information,assisted,16,27.2,0,right-foot,close-right,0,41.8,29.2,No information,No information,1,No information,10,27.2,16,58.2,0,58.2,70.8,45,2690,shot

artak-dashyan,https://www.sofascore.com/armenia-croatia/pUbsPUb#id:10752493,armenia,block,No information,assisted,26.9,29.3,0,right-foot,low-centre,0,51.2,19,No information,No information,90,2,5470,29.3,26.9,48.8,0,48.8,81,1,830,shot
josko-gvardiol,https://www.sofascore.com/armenia-croatia/pUbsPUb#id:10752493,croatia,block,No information,corner,5.9,62,0,left-foot,low-left,0,53.8,6.9,No information,No information,87,No information,5202,62,5.9,46.2,0,46.2,93.1,4,198,shot
marcelo-brozovic,https://www.sofascore.com/armenia-croatia/pUbsPUb#id:10752493,croatia,block,No information,regular,5.7,54.9,0,right-foot,low-right,0,48.1,19,No information,No information,86,No information,5152,54.9,5.7,51.9,0,51.9,81,5,248,shot
petar-musa,https://www.sofascore.com/armenia-croatia/pUbsPUb#id:10752493,croatia,save,No information,assisted,5.3,47.3,0,right-foot,low-centre,0,51.1,5.1,No information,No information,86,No information,5151,47.3,5.3,48.9,0,48.9,94.9,5,249,shot
ivan-perisic,https://www.sofascore.com/armenia-croatia/pUbsPUb#id:10752493,croatia,miss,No information,assisted,6.7,46.4,0,head,left,0,59.7,27.8,No information,No information,79,No information,4709,46.4,6.7,40.3,0,40.3,72.2,12,691,shot
norberto-briasco,https://www.sofascore.com/armenia-croatia/pUbsPUb#id:10752493,armenia,miss,No information,assisted,14.3,34.3,0,right-foot,left,0,60.7,9.7,No information,No information,76,No information,4514,34.3,14.3,39.3,0,39.3,90.3,15,886,shot
artur-serobyan,https://www.sofascore.com/armenia-croatia/pUbsPUb#id:10752493,armenia,miss,No information,corner,13,65.8,0,left-foot,left,0,86.2,34.7,No information,No information,75,No information,4474,65.8,13,13.8,0,13.8,65.3,16,926,shot
josip-stanisic,https://www.sofascore.com/armenia-croatia/pUbsPUb#id:10752493,croatia,miss,No information,regular,10.2,65.6,0,right-foot,close-left,0,57,5.6,No information,No information,73,No information,4355,65.6,10.2,43,0,43,94.4,18,1045,shot
ivan-perisic,https://www.sofascore.com/armenia-croatia/pUbsPUb#id:10752493,croatia,miss,No information,regular,11.3,25.9,0,left-foot,right,0,0.7,5.6,No information,No information,73,No information,4353,25.9,11.3,99.3,0,99.3,94.4,18,1047,shot
bruno-petkovic,https://www.sofascore.com/armenia-croatia/pUbsPUb#id:10752493,croatia,block,No information,assisted,16.7,39.5,0,left-foot,low-left,0,54,19,No information,No information,73,No information,4351,39.5,16.7,46,0,46,81,18,1049,shot
andrej-kramaric,https://www.sofascore.com/armenia-croatia/pUbsPUb#id:10752493,croatia,save,No information,assisted,14.3,60.2,0,right-foot,low-centre,0,49.6,4.4,No information,No information,67,No information,3987,60.2,14.3,50.4,0,50.4,95.6,24,1413,shot
artur-serobyan,https://www.sofascore.com/armenia-croatia/pUbsPUb#id:10752493,armenia,block,No information,regular,21.4,69.5,0,left-foot,low-left,0,54.5,13.9,No information,No information,66,No information,3951,69.5,21.4,45.5,0,45.5,86.1,25,1449,shot
luka-ivanusec,https://www.sofascore.com/armenia-croatia/pUbsPUb#id:10752493,croatia,save,No information,assisted,17.1,54.3,0,right-foot,low-left,0,53,1.3,No information,No information,65,No information,3850,54.3,17.1,47,0,47,98.7,26,1550,shot
ivan-perisic,https://www.sofascore.com/armenia-croatia/pUbsPUb#id:10752493,croatia,save,No information,assisted,9.9,36,0,left-foot,low-left,0,52.5,1.9,No information,No information,62,No information,3693,36,9.9,47.5,0,47.5,98.1,29,1707,shot
andrej-kramaric,https://www.sofascore.com/armenia-croatia/pUbsPUb#id:10752493,croatia,miss,No information,assisted,17.5,59,0,left-foot,close-right,0,42.5,2.8,No information,No information,60,No information,3595,59,17.5,57.5,0,57.5,97.2,31,1805,shot
bruno-petkovic,https://www.sofascore.com/armenia-croatia/pUbsPUb#id:10752493,croatia,block,No information,regular,17.6,55.4,0,left-foot,low-left,0,54.5,11.1,No information,No information,56,No information,3313,55.4,17.6,45.5,0,45.5,88.9,35,2087,shot
andrej-kramaric,https://www.sofascore.com/armenia-croatia/pUbsPUb#id:10752493,croatia,save,No information,assisted,4.6,39.3,0,right-foot,low-left,0,53.7,4.4,No information,No information,56,No information,3308,39.3,4.6,46.3,0,46.3,95.6,35,2092,shot
marcelo-brozovic,https://www.sofascore.com/armenia-croatia/pUbsPUb#id:10752493,croatia,save,No information,assisted,14.1,57.7,0,right-foot,low-centre,0,49.9,12,No information,No information,55,No information,3276,57.7,14.1,50.1,0,50.1,88,36,2124,shot
luka-modric,https://www.sofascore.com/armenia-croatia/pUbsPUb#id:10752493,croatia,block,No information,regular,25.1,59.4,0,right-foot,low-left,0,53.4,4.2,No information,No information,51,No information,3043,59.4,25.1,46.6,0,46.6,95.8,40,2357,shot
vahan-bichakhchyan,https://www.sofascore.com/armenia-croatia/pUbsPUb#id:10752493,armenia,save,No information,assisted,26.3,75,0,left-foot,low-centre,0,50.1,1.9,No information,No information,45,4,2884,75,26.3,49.9,0,49.9,98.1,1,2516,shot
ivan-perisic,https://www.sofascore.com/armenia-croatia/pUbsPUb#id:10752493,croatia,save,No information,assisted,15.9,65,0,right-foot,low-right,0,45.9,17.7,No information,No information,45,2,2798,65,15.9,54.1,0,54.1,82.3,1,2602,shot
luka-ivanusec,https://www.sofascore.com/armenia-croatia/pUbsPUb#id:10752493,croatia,miss,No information,assisted,16,45.6,0,right-foot,right,0,40.2,4.2,No information,No information,43,No information,2567,45.6,16,59.8,0,59.8,95.8,3,133,shot
marcelo-brozovic,https://www.sofascore.com/armenia-croatia/pUbsPUb#id:10752493,croatia,block,No information,assisted,19.7,64.4,0,right-foot,low-centre,0,50.2,19,No information,No information,43,No information,2528,64.4,19.7,49.8,0,49.8,81,3,172,shot
borna-barisic,https://www.sofascore.com/armenia-croatia/pUbsPUb#id:10752493,croatia,miss,No information,assisted,13.7,34,0,left-foot,close-left,0,58,4.2,No information,No information,38,No information,2248,34,13.7,42,0,42,95.8,8,452,shot
ivan-perisic,https://www.sofascore.com/armenia-croatia/pUbsPUb#id:10752493,croatia,block,No information,assisted,14.2,46,0,right-foot,low-centre,0,50.7,19,No information,No information,37,No information,2175,46,14.2,49.3,0,49.3,81,9,525,shot
ivan-perisic,https://www.sofascore.com/armenia-croatia/pUbsPUb#id:10752493,croatia,miss,No information,assisted,15.5,52.4,0,head,left,0,61.2,23.6,No information,No information,31,No information,1827,52.4,15.5,38.8,0,38.8,76.4,15,873,shot
bruno-petkovic,https://www.sofascore.com/armenia-croatia/pUbsPUb#id:10752493,croatia,miss,No information,corner,4,44.1,0,head,right,0,19.7,9.7,No information,No information,29,No information,1694,44.1,4,80.3,0,80.3,90.3,17,1006,shot
andrej-kramaric,https://www.sofascore.com/armenia-croatia/pUbsPUb#id:10752493,croatia,block,No information,corner,11.7,34.7,0,left-foot,low-centre,0,50.6,19,No information,No information,28,No information,1652,34.7,11.7,49.4,0,49.4,81,18,1048,shot
luka-ivanusec,https://www.sofascore.com/armenia-croatia/pUbsPUb#id:10752493,croatia,block,No information,assisted,17.4,57.5,0,right-foot,low-centre,0,50.3,4.2,No information,No information,27,No information,1618,57.5,17.4,49.7,0,49.7,95.8,19,1082,shot
eduard-spertsyan,https://www.sofascore.com/armenia-croatia/pUbsPUb#id:10752493,armenia,save,No information,assisted,21,50.6,0,right-foot,low-left,0,53.9,5.1,No information,No information,17,No information,992,50.6,21,46.1,0,46.1,94.9,29,1708,shot
andrej-kramaric,https://www.sofascore.com/armenia-croatia/pUbsPUb#id:10752493,croatia,goal,regular,corner,1.7,50.9,0,right-foot,low-centre,0,48.2,4.4,No information,No information,13,No information,736,50.9,1.7,51.8,0,51.8,95.6,33,1964,shot
bruno-petkovic,https://www.sofascore.com/armenia-croatia/pUbsPUb#id:10752493,croatia,miss,No information,assisted,10.2,55.9,0,right-foot,right,0,39,18.1,No information,No information,8,No information,474,55.9,10.2,61,0,61,81.9,38,2226,shot

hakimi-achraf,https://www.sofascore.com/morocco-croatia/pUbsDVb#id:10230570,morocco,save,No information,set-piece,27.2,43.5,0,right-foot,high-right,0,47.7,22.8,No information,No information,65,No information,3846,43.5,27.2,52.3,0,52.3,77.2,26,1554,shot
dejan-lovren,https://www.sofascore.com/morocco-croatia/pUbsDVb#id:10230570,croatia,block,No information,corner,8.3,49.5,0,left-foot,low-left,0,53.5,19,No information,No information,52,No information,3114,49.5,8.3,46.5,0,46.5,81,39,2286,shot
noussair-mazraoui,https://www.sofascore.com/morocco-croatia/pUbsDVb#id:10230570,morocco,save,No information,regular,5.4,35.5,0,head,low-left,0,54.1,8.9,No information,No information,51,No information,3029,35.5,5.4,45.9,0,45.9,91.1,40,2371,shot
sofiane-boufal,https://www.sofascore.com/morocco-croatia/pUbsDVb#id:10230570,morocco,block,No information,assisted,27,50.7,0,left-foot,low-centre,0,51.3,19,No information,No information,51,No information,3026,50.7,27,48.7,0,48.7,81,40,2374,shot
luka-modric,https://www.sofascore.com/morocco-croatia/pUbsDVb#id:10230570,croatia,miss,No information,throw-in-set-piece,18.8,49.1,0,left-foot,high,0,53.4,61.1,No information,No information,45,2,2809,49.1,18.8,46.6,0,46.6,38.9,1,2591,shot
nikola-vlasic,https://www.sofascore.com/morocco-croatia/pUbsDVb#id:10230570,croatia,block,No information,throw-in-set-piece,13.4,43.9,0,right-foot,low-centre,0,48.4,19,No information,No information,45,2,2808,43.9,13.4,51.6,0,51.6,81,1,2592,shot
nikola-vlasic,https://www.sofascore.com/morocco-croatia/pUbsDVb#id:10230570,croatia,save,No information,assisted,4.6,43.1,0,right-foot,low-centre,0,51.8,3.8,No information,No information,45,1,2711,43.1,4.6,48.2,0,48.2,96.2,1,2689,shot
youssef-en-nesyri,https://www.sofascore.com/morocco-croatia/pUbsDVb#id:10230570,morocco,block,No information,assisted,1.7,38.2,0,left-foot,low-left,0,52.1,19,No information,No information,25,No information,1464,38.2,1.7,47.9,0,47.9,81,21,1236,shot
hakim-ziyech,https://www.sofascore.com/morocco-croatia/pUbsDVb#id:10230570,morocco,block,No information,free-kick,24.5,49.8,0,left-foot,low-centre,0,51.6,19,No information,No information,21,No information,1207,49.8,24.5,48.4,0,48.4,81,25,1493,shot
sofiane-boufal,https://www.sofascore.com/morocco-croatia/pUbsDVb#id:10230570,morocco,block,No information,assisted,21.9,57.9,0,left-foot,low-left,0,53.7,19,No information,No information,19,No information,1087,57.9,21.9,46.3,0,46.3,81,27,1613,shot
ivan-perisic,https://www.sofascore.com/morocco-croatia/pUbsDVb#id:10230570,croatia,miss,No information,regular,31.9,44.5,0,left-foot,high,0,48.4,62.5,No information,No information,17,No information,973,44.5,31.9,51.6,0,51.6,37.5,29,1727,shot
hakim-ziyech,https://www.sofascore.com/morocco-croatia/pUbsDVb#id:10230570,morocco,block,No information,regular,15.9,50.7,0,left-foot,low-centre,0,50.7,19,No information,No information,13,No information,768,50.7,15.9,49.3,0,49.3,81,33,1932,shot
noussair-mazraoui,https://www.sofascore.com/morocco-croatia/pUbsDVb#id:10230570,morocco,block,No information,regular,22.6,40.8,0,right-foot,low-left,0,54.7,19,No information,No information,7,No information,419,40.8,22.6,45.3,0,45.3,81,39,2281,shot
