Player,Game Link,Country,shotType,goalType,situation,X,Y,Z,bodyPart,goalMouthLocation,Goal Mouth X,Goal mouth Y,Goal Mouth Z,XG,XGOT,time,addedTime,timeSeconds,Start X,Start Y,End X,End Y,Goal X,Goal Y,reversedPeriodTime,reversedPeriodTimeSeconds,incidentType
ondrej-celustka,https://www.sofascore.com/belarus-czech-republic/oUbsTUb#id:9223876,czechia,miss,No information,set-piece,3.3,56.3,0,head,close-high,0,51.4,58.3,No information,No information,90,1,5453,56.3,3.3,48.6,0,48.6,41.7,1,847,shot
tomas-soucek,https://www.sofascore.com/belarus-czech-republic/oUbsTUb#id:9223876,czechia,save,No information,assisted,21.2,61,0,right-foot,low-right,0,47.4,4.4,No information,No information,87,No information,5214,61,21.2,52.6,0,52.6,95.6,4,186,shot
tomas-wiesner,https://www.sofascore.com/belarus-czech-republic/oUbsTUb#id:9223876,czechia,save,No information,regular,20.1,66.6,0,right-foot,low-centre,0,49,7.6,No information,No information,87,No information,5204,66.6,20.1,51,0,51,92.4,4,196,shot
kirill-pechenin,https://www.sofascore.com/belarus-czech-republic/oUbsTUb#id:9223876,belarus,block,No information,assisted,8.2,32.1,0,left-foot,low-left,0,52.9,19,No information,No information,80,No information,4750,32.1,8.2,47.1,0,47.1,81,11,650,shot
artem-bykov,https://www.sofascore.com/belarus-czech-republic/oUbsTUb#id:9223876,belarus,block,No information,assisted,28.2,70.1,0,right-foot,low-centre,0,49.4,19,No information,No information,71,No information,4255,70.1,28.2,50.6,0,50.6,81,20,1145,shot
adam-hlozek,https://www.sofascore.com/belarus-czech-republic/oUbsTUb#id:9223876,czechia,goal,regular,assisted,12.5,35.7,0,left-foot,high-left,0,53.4,22.2,No information,No information,65,No information,3868,35.7,12.5,46.6,0,46.6,77.8,26,1532,shot
adam-hlozek,https://www.sofascore.com/belarus-czech-republic/oUbsTUb#id:9223876,czechia,miss,No information,assisted,8.3,32,0,left-foot,close-high-left,0,57.3,45.8,No information,No information,63,No information,3764,32,8.3,42.7,0,42.7,54.2,28,1636,shot
jakub-pesek,https://www.sofascore.com/belarus-czech-republic/oUbsTUb#id:9223876,czechia,block,No information,assisted,5,50.7,0,left-foot,low-centre,0,50.5,19,No information,No information,60,No information,3567,50.7,5,49.5,0,49.5,81,31,1833,shot
david-pavelka,https://www.sofascore.com/belarus-czech-republic/oUbsTUb#id:9223876,czechia,block,No information,regular,15.7,49.8,0,left-foot,low-right,0,47.6,19,No information,No information,56,No information,3310,49.8,15.7,52.4,0,52.4,81,35,2090,shot
patrik-schick,https://www.sofascore.com/belarus-czech-republic/oUbsTUb#id:9223876,czechia,miss,No information,fast-break,16.3,46.1,0,left-foot,right,0,38.7,5.6,No information,No information,53,No information,3170,46.1,16.3,61.3,0,61.3,94.4,38,2230,shot
michal-sadilek,https://www.sofascore.com/belarus-czech-republic/oUbsTUb#id:9223876,czechia,block,No information,regular,24.4,44.3,0,right-foot,low-centre,0,50.6,19,No information,No information,48,No information,2859,44.3,24.4,49.4,0,49.4,81,43,2541,shot
jakub-pesek,https://www.sofascore.com/belarus-czech-republic/oUbsTUb#id:9223876,czechia,miss,No information,assisted,11.5,63.7,0,right-foot,close-left,0,57.6,8.3,No information,No information,46,No information,2751,63.7,11.5,42.4,0,42.4,91.7,45,2649,shot
ruslan-yudenkov,https://www.sofascore.com/belarus-czech-republic/oUbsTUb#id:9223876,belarus,miss,No information,regular,27.3,61.8,0,right-foot,right,0,40.3,26.4,No information,No information,44,No information,2618,61.8,27.3,59.7,0,59.7,73.6,2,82,shot
tomas-soucek,https://www.sofascore.com/belarus-czech-republic/oUbsTUb#id:9223876,czechia,save,No information,assisted,25.5,36.4,0,right-foot,low-right,0,46.4,12,No information,No information,36,No information,2144,36.4,25.5,53.6,0,53.6,88,10,556,shot
patrik-schick,https://www.sofascore.com/belarus-czech-republic/oUbsTUb#id:9223876,czechia,save,No information,assisted,15,40.6,0,left-foot,low-centre,0,51.5,1.3,No information,No information,29,No information,1681,40.6,15,48.5,0,48.5,98.7,17,1019,shot
matej-vydra,https://www.sofascore.com/belarus-czech-republic/oUbsTUb#id:9223876,czechia,miss,No information,regular,5.3,40.4,0,left-foot,close-left,0,58,33.3,No information,No information,26,No information,1515,40.4,5.3,42,0,42,66.7,20,1185,shot
patrik-schick,https://www.sofascore.com/belarus-czech-republic/oUbsTUb#id:9223876,czechia,goal,regular,assisted,7.9,59.9,0,left-foot,low-left,0,53.4,5.1,No information,No information,22,No information,1276,59.9,7.9,46.6,0,46.6,94.9,24,1424,shot
pavel-sedko,https://www.sofascore.com/belarus-czech-republic/oUbsTUb#id:9223876,belarus,miss,No information,free-kick,28.4,28.5,0,left-foot,left,0,60.7,34.7,No information,No information,15,No information,853,28.5,28.4,39.3,0,39.3,65.3,31,1847,shot
pavel-sedko,https://www.sofascore.com/belarus-czech-republic/oUbsTUb#id:9223876,belarus,miss,No information,assisted,21.5,66.8,0,left-foot,left,0,59.3,5.6,No information,No information,9,No information,500,66.8,21.5,40.7,0,40.7,94.4,37,2200,shot
dmitri-antilevski,https://www.sofascore.com/belarus-czech-republic/oUbsTUb#id:9223876,belarus,block,No information,assisted,21.2,44.1,0,left-foot,low-left,0,53.6,19,No information,No information,8,No information,425,44.1,21.2,46.4,0,46.4,81,38,2275,shot
adam-hlozek,https://www.sofascore.com/belarus-czech-republic/oUbsTUb#id:9223876,czechia,block,No information,assisted,18.5,48.7,0,right-foot,low-right,0,47.8,19,No information,No information,5,No information,276,48.7,18.5,52.2,0,52.2,81,41,2424,shot
adam-hlozek,https://www.sofascore.com/belarus-czech-republic/oUbsTUb#id:9223876,czechia,block,No information,assisted,14.2,41.2,0,left-foot,low-left,0,53.8,19,No information,No information,2,No information,118,41.2,14.2,46.2,0,46.2,81,44,2582,shot

matej-vydra,https://www.sofascore.com/czech-republic-slovakia/XTbsoUb#id:8600784,czechia,save,No information,assisted,14.3,42.4,0,left-foot,low-right,0,48.1,1.3,No information,No information,87,No information,5173,42.4,14.3,51.9,0,51.9,98.7,4,227,shot
pavol-safranko,https://www.sofascore.com/czech-republic-slovakia/XTbsoUb#id:8600784,slovakia,save,No information,assisted,13.5,45.5,0,right-foot,low-centre,0,51,0.6,No information,No information,86,No information,5125,45.5,13.5,49,0,49,99.4,5,275,shot
patrik-hrosovsky,https://www.sofascore.com/czech-republic-slovakia/XTbsoUb#id:8600784,slovakia,block,No information,assisted,27.7,47,0,left-foot,low-centre,0,49.1,19,No information,No information,83,No information,4970,47,27.7,50.9,0,50.9,81,8,430,shot
jakub-jankto,https://www.sofascore.com/czech-republic-slovakia/XTbsoUb#id:8600784,czechia,miss,No information,fast-break,16.1,46.4,0,left-foot,left,0,64.7,5.6,No information,No information,71,No information,4201,46.4,16.1,35.3,0,35.3,94.4,20,1199,shot
milan-skriniar,https://www.sofascore.com/czech-republic-slovakia/XTbsoUb#id:8600784,slovakia,miss,No information,set-piece,10.7,44.3,0,head,right,0,32.1,12.5,No information,No information,66,No information,3907,44.3,10.7,67.9,0,67.9,87.5,25,1493,shot
robert-mak,https://www.sofascore.com/czech-republic-slovakia/XTbsoUb#id:8600784,slovakia,miss,No information,assisted,14.4,62.1,0,right-foot,close-right,0,42.4,19.4,No information,No information,61,No information,3653,62.1,14.4,57.6,0,57.6,80.6,30,1747,shot
zdenek-ondrasek,https://www.sofascore.com/czech-republic-slovakia/XTbsoUb#id:8600784,czechia,goal,regular,assisted,10.3,51.5,0,right-foot,high-right,0,47,21.5,No information,No information,55,No information,3244,51.5,10.3,53,0,53,78.5,36,2156,shot
peter-pekarik,https://www.sofascore.com/czech-republic-slovakia/XTbsoUb#id:8600784,slovakia,save,No information,assisted,12.1,68.9,0,right-foot,low-centre,0,48.7,2.5,No information,No information,49,No information,2919,68.9,12.1,51.3,0,51.3,97.5,42,2481,shot
vladimir-darida,https://www.sofascore.com/czech-republic-slovakia/XTbsoUb#id:8600784,czechia,save,No information,assisted,26.5,35.2,0,right-foot,low-centre,0,49.9,8.9,No information,No information,46,No information,2749,35.2,26.5,50.1,0,50.1,91.1,45,2651,shot
vaclav-cerny,https://www.sofascore.com/czech-republic-slovakia/XTbsoUb#id:8600784,czechia,block,No information,assisted,11.1,40.8,0,left-foot,low-centre,0,50.9,19,No information,No information,46,No information,2725,40.8,11.1,49.1,0,49.1,81,45,2675,shot
tomas-soucek,https://www.sofascore.com/czech-republic-slovakia/XTbsoUb#id:8600784,czechia,miss,No information,assisted,10.9,39.2,0,right-foot,high,0,54.8,80.6,No information,No information,41,No information,2443,39.2,10.9,45.2,0,45.2,19.4,5,257,shot
tomas-hubocan,https://www.sofascore.com/czech-republic-slovakia/XTbsoUb#id:8600784,slovakia,miss,No information,regular,29.6,36.3,0,right-foot,high-right,0,40.3,80.6,No information,No information,22,No information,1318,36.3,29.6,59.7,0,59.7,19.4,24,1382,shot
tomas-soucek,https://www.sofascore.com/czech-republic-slovakia/XTbsoUb#id:8600784,czechia,goal,regular,corner,9.3,57.2,0,head,low-left,0,53.6,5.7,No information,No information,17,No information,998,57.2,9.3,46.4,0,46.4,94.3,29,1702,shot
zdenek-ondrasek,https://www.sofascore.com/czech-republic-slovakia/XTbsoUb#id:8600784,czechia,save,No information,assisted,10.5,52.5,0,head,high-right,0,46.7,25.3,No information,No information,17,No information,968,52.5,10.5,53.3,0,53.3,74.7,29,1732,shot
juraj-kucka,https://www.sofascore.com/czech-republic-slovakia/XTbsoUb#id:8600784,slovakia,block,No information,set-piece,28.9,47.8,0,right-foot,low-centre,0,49,19,No information,No information,14,No information,835,47.8,28.9,51,0,51,81,32,1865,shot
vladimir-darida,https://www.sofascore.com/czech-republic-slovakia/XTbsoUb#id:8600784,czechia,miss,No information,assisted,31.5,50.5,0,right-foot,right,0,36.8,16.7,No information,No information,9,No information,523,50.5,31.5,63.2,0,63.2,83.3,37,2177,shot
zdenek-ondrasek,https://www.sofascore.com/czech-republic-slovakia/XTbsoUb#id:8600784,czechia,save,No information,assisted,9.8,60.5,0,right-foot,high-right,0,46.4,28.5,No information,No information,6,No information,330,60.5,9.8,53.6,0,53.6,71.5,40,2370,shot
ales-mateju,https://www.sofascore.com/czech-republic-slovakia/XTbsoUb#id:8600784,czechia,miss,No information,assisted,3.3,40.4,0,left-foot,close-high-left,0,58,59.7,No information,No information,3,No information,159,40.4,3.3,42,0,42,40.3,43,2541,shot
zdenek-ondrasek,https://www.sofascore.com/czech-republic-slovakia/XTbsoUb#id:8600784,czechia,miss,No information,assisted,10,61.8,0,head,left,0,61.7,16.7,No information,No information,3,No information,158,61.8,10,38.3,0,38.3,83.3,43,2542,shot

tomas-soucek,https://www.sofascore.com/belgium-czech-republic/oUbsrUb#id:9223742,czechia,block,No information,assisted,9.2,58.1,0,head,low-left,0,53.2,19,No information,No information,90,4,5599,58.1,9.2,46.8,0,46.8,81,1,701,shot
romelu-lukaku,https://www.sofascore.com/belgium-czech-republic/oUbsrUb#id:9223742,belgium,block,No information,assisted,20.1,46.2,0,left-foot,low-right,0,47.4,19,No information,No information,90,3,5529,46.2,20.1,52.6,0,52.6,81,1,771,shot
lukas-masopust,https://www.sofascore.com/belgium-czech-republic/oUbsrUb#id:9223742,czechia,save,No information,assisted,9.3,59.2,0,left-foot,low-centre,0,48.7,3.2,No information,No information,90,1,5409,59.2,9.3,51.3,0,51.3,96.8,1,891,shot
jan-boril,https://www.sofascore.com/belgium-czech-republic/oUbsrUb#id:9223742,czechia,post,No information,corner,14,38.8,0,right-foot,high,0,47.2,38.6,No information,No information,84,No information,4995,38.8,14,52.8,0,52.8,61.4,7,405,shot
kevin-de-bruyne,https://www.sofascore.com/belgium-czech-republic/oUbsrUb#id:9223742,belgium,miss,No information,assisted,24.5,52.4,0,left-foot,close-right,0,43.9,20.8,No information,No information,81,No information,4828,52.4,24.5,56.1,0,56.1,79.2,10,572,shot
kevin-de-bruyne,https://www.sofascore.com/belgium-czech-republic/oUbsrUb#id:9223742,belgium,post,No information,assisted,14.2,61.4,0,right-foot,right,0,44.8,10.1,No information,No information,70,No information,4190,61.4,14.2,55.2,0,55.2,89.9,21,1210,shot
jan-boril,https://www.sofascore.com/belgium-czech-republic/oUbsrUb#id:9223742,czechia,save,No information,regular,22.4,29.7,0,right-foot,low-centre,0,49.3,1.9,No information,No information,69,No information,4134,29.7,22.4,50.7,0,50.7,98.1,22,1266,shot
vladimir-coufal,https://www.sofascore.com/belgium-czech-republic/oUbsrUb#id:9223742,czechia,block,No information,corner,27.8,49.7,0,right-foot,low-centre,0,50.9,19,No information,No information,62,No information,3712,49.7,27.8,49.1,0,49.1,81,29,1688,shot
romelu-lukaku,https://www.sofascore.com/belgium-czech-republic/oUbsrUb#id:9223742,belgium,goal,regular,assisted,13.9,45.8,0,left-foot,low-centre,0,49.7,19,No information,No information,60,No information,3594,45.8,13.9,50.3,0,50.3,81,31,1806,shot
ondrej-celustka,https://www.sofascore.com/belgium-czech-republic/oUbsrUb#id:9223742,czechia,miss,No information,set-piece,5.8,41.7,0,head,close-left,0,58.7,18.1,No information,No information,53,No information,3143,41.7,5.8,41.3,0,41.3,81.9,38,2257,shot
lukas-provod,https://www.sofascore.com/belgium-czech-republic/oUbsrUb#id:9223742,czechia,goal,regular,assisted,23.1,40.3,0,right-foot,low-right,0,46.1,3.2,No information,No information,50,No information,2946,40.3,23.1,53.9,0,53.9,96.8,41,2454,shot
lukas-provod,https://www.sofascore.com/belgium-czech-republic/oUbsrUb#id:9223742,czechia,miss,No information,assisted,19.8,66.8,0,right-foot,high,0,51.3,72.2,No information,No information,47,No information,2785,66.8,19.8,48.7,0,48.7,27.8,44,2615,shot
tomas-holes,https://www.sofascore.com/belgium-czech-republic/oUbsrUb#id:9223742,czechia,miss,No information,regular,24.6,37.7,0,right-foot,close-right,0,41.3,18.1,No information,No information,42,No information,2517,37.7,24.6,58.7,0,58.7,81.9,4,183,shot
michael-krmencik,https://www.sofascore.com/belgium-czech-republic/oUbsrUb#id:9223742,czechia,miss,No information,assisted,14.9,46.1,0,right-foot,right,0,0.3,4.2,No information,No information,42,No information,2507,46.1,14.9,99.7,0,99.7,95.8,4,193,shot
timothy-castagne,https://www.sofascore.com/belgium-czech-republic/oUbsrUb#id:9223742,belgium,miss,No information,assisted,9.3,57.1,0,head,right,0,36.5,19.4,No information,No information,38,No information,2261,57.1,9.3,63.5,0,63.5,80.6,8,439,shot
kevin-de-bruyne,https://www.sofascore.com/belgium-czech-republic/oUbsrUb#id:9223742,belgium,save,No information,assisted,8.7,48.7,0,head,low-centre,0,51.3,14.6,No information,No information,31,No information,1815,48.7,8.7,48.7,0,48.7,85.4,15,885,shot
leander-dendoncker,https://www.sofascore.com/belgium-czech-republic/oUbsrUb#id:9223742,belgium,save,No information,regular,13.8,44.5,0,left-foot,low-left,0,52.5,17.7,No information,No information,24,No information,1383,44.5,13.8,47.5,0,47.5,82.3,22,1317,shot
antonin-barak,https://www.sofascore.com/belgium-czech-republic/oUbsrUb#id:9223742,czechia,save,No information,assisted,23.6,35.5,0,right-foot,low-centre,0,51.1,1.3,No information,No information,23,No information,1327,35.5,23.6,48.9,0,48.9,98.7,23,1373,shot
tomas-soucek,https://www.sofascore.com/belgium-czech-republic/oUbsrUb#id:9223742,czechia,block,No information,assisted,18.8,48.7,0,right-foot,low-centre,0,49.9,19,No information,No information,20,No information,1190,48.7,18.8,50.1,0,50.1,81,26,1510,shot
michael-krmencik,https://www.sofascore.com/belgium-czech-republic/oUbsrUb#id:9223742,czechia,post,No information,assisted,11.6,72.5,0,left-foot,right,0,44.8,7.6,No information,No information,16,No information,916,72.5,11.6,55.2,0,55.2,92.4,30,1784,shot
jakub-jankto,https://www.sofascore.com/belgium-czech-republic/oUbsrUb#id:9223742,czechia,save,No information,regular,9.5,30.7,0,left-foot,low-centre,0,50.9,14.6,No information,No information,14,No information,780,30.7,9.5,49.1,0,49.1,85.4,32,1920,shot
dries-mertens,https://www.sofascore.com/belgium-czech-republic/oUbsrUb#id:9223742,belgium,save,No information,assisted,20.5,27,0,right-foot,low-right,0,47.4,3.8,No information,No information,9,No information,513,27,20.5,52.6,0,52.6,96.2,37,2187,shot
romelu-lukaku,https://www.sofascore.com/belgium-czech-republic/oUbsrUb#id:9223742,belgium,miss,No information,assisted,23.2,55.3,0,left-foot,close-high,0,52.8,59.7,No information,No information,7,No information,409,55.3,23.2,47.2,0,47.2,40.3,39,2291,shot

mojmir-chytil,https://www.sofascore.com/moldova-czech-republic/oUbsHVb#id:10752588,czechia,block,No information,assisted,13.7,66,0,right-foot,low-centre,0,49.7,19,No information,No information,90,2,5490,66,13.7,50.3,0,50.3,81,1,810,shot
tomas-soucek,https://www.sofascore.com/moldova-czech-republic/oUbsHVb#id:10752588,czechia,goal,regular,corner,15.5,51.8,0,right-foot,low-right,0,47.5,7,No information,No information,90,No information,5342,51.8,15.5,52.5,0,52.5,93,1,58,shot
vasil-kusej,https://www.sofascore.com/moldova-czech-republic/oUbsHVb#id:10752588,czechia,block,No information,corner,11,29.5,0,right-foot,low-centre,0,49.9,19,No information,No information,89,No information,5338,29.5,11,50.1,0,50.1,81,2,62,shot
tomas-holes,https://www.sofascore.com/moldova-czech-republic/oUbsHVb#id:10752588,czechia,miss,No information,regular,22.8,28.3,0,right-foot,left,0,60.8,2.8,No information,No information,88,No information,5272,28.3,22.8,39.2,0,39.2,97.2,3,128,shot
vitalie-damascan,https://www.sofascore.com/moldova-czech-republic/oUbsHVb#id:10752588,moldova,save,No information,regular,22.4,15.7,0,right-foot,high-left,0,52.1,32.3,No information,No information,87,No information,5168,15.7,22.4,47.9,0,47.9,67.7,4,232,shot
mihail-platica,https://www.sofascore.com/moldova-czech-republic/oUbsHVb#id:10752588,moldova,block,No information,assisted,19.8,43.7,0,right-foot,low-left,0,54.1,8.3,No information,No information,83,No information,4948,43.7,19.8,45.9,0,45.9,91.7,8,452,shot
lingr-ondrej,https://www.sofascore.com/moldova-czech-republic/oUbsHVb#id:10752588,czechia,miss,No information,regular,4.1,58.3,0,right-foot,left,0,63.2,6.9,No information,No information,80,No information,4792,58.3,4.1,36.8,0,36.8,93.1,11,608,shot
lingr-ondrej,https://www.sofascore.com/moldova-czech-republic/oUbsHVb#id:10752588,czechia,save,No information,assisted,3.7,59.4,0,head,high-right,0,47.5,25.3,No information,No information,80,No information,4790,59.4,3.7,52.5,0,52.5,74.7,11,610,shot
tomas-chory,https://www.sofascore.com/moldova-czech-republic/oUbsHVb#id:10752588,czechia,miss,No information,regular,11.4,32.2,0,right-foot,high,0,47.1,83.3,No information,No information,77,No information,4592,32.2,11.4,52.9,0,52.9,16.7,14,808,shot
tomas-chory,https://www.sofascore.com/moldova-czech-republic/oUbsHVb#id:10752588,czechia,miss,No information,fast-break,12,67.4,0,right-foot,high,0,45.7,75,No information,No information,73,No information,4375,67.4,12,54.3,0,54.3,25,18,1025,shot
tomas-chory,https://www.sofascore.com/moldova-czech-republic/oUbsHVb#id:10752588,czechia,goal,regular,corner,5.2,39.9,0,head,high-left,0,52.1,30.4,No information,No information,72,No information,4271,39.9,5.2,47.9,0,47.9,69.6,19,1129,shot
alex-kral,https://www.sofascore.com/moldova-czech-republic/oUbsHVb#id:10752588,czechia,miss,No information,set-piece,14.7,47,0,right-foot,high,0,45.4,100,No information,No information,65,No information,3858,47,14.7,54.6,0,54.6,0,26,1542,shot
tomas-soucek,https://www.sofascore.com/moldova-czech-republic/oUbsHVb#id:10752588,czechia,miss,No information,set-piece,3.8,48,0,head,right,0,39.5,2.8,No information,No information,65,No information,3845,48,3.8,60.5,0,60.5,97.2,26,1555,shot
alex-kral,https://www.sofascore.com/moldova-czech-republic/oUbsHVb#id:10752588,czechia,save,No information,assisted,24.6,69.6,0,right-foot,low-left,0,52.3,4.4,No information,No information,59,No information,3531,69.6,24.6,47.7,0,47.7,95.6,32,1869,shot
adam-hlozek,https://www.sofascore.com/moldova-czech-republic/oUbsHVb#id:10752588,czechia,block,No information,assisted,26.4,49.5,0,right-foot,low-left,0,52.7,19,No information,No information,57,No information,3365,49.5,26.4,47.3,0,47.3,81,34,2035,shot
mihail-caimacov,https://www.sofascore.com/moldova-czech-republic/oUbsHVb#id:10752588,moldova,miss,No information,regular,23.5,30.7,0,left-foot,close-right,0,41.3,6.9,No information,No information,53,No information,3142,30.7,23.5,58.7,0,58.7,93.1,38,2258,shot
tomas-soucek,https://www.sofascore.com/moldova-czech-republic/oUbsHVb#id:10752588,czechia,block,No information,assisted,20.2,51.2,0,right-foot,low-left,0,51.9,19,No information,No information,51,No information,3005,51.2,20.2,48.1,0,48.1,81,40,2395,shot
mihail-caimacov,https://www.sofascore.com/moldova-czech-republic/oUbsHVb#id:10752588,moldova,save,No information,assisted,2,65.1,0,left-foot,low-right,0,47.6,1.9,No information,No information,49,No information,2920,65.1,2,52.4,0,52.4,98.1,42,2480,shot
adam-hlozek,https://www.sofascore.com/moldova-czech-republic/oUbsHVb#id:10752588,czechia,block,No information,set-piece,21.5,45.4,0,right-foot,low-right,0,47.4,19,No information,No information,48,No information,2853,45.4,21.5,52.6,0,52.6,81,43,2547,shot
adam-hlozek,https://www.sofascore.com/moldova-czech-republic/oUbsHVb#id:10752588,czechia,block,No information,free-kick,21.8,43.1,0,right-foot,low-left,0,53.4,19.4,No information,No information,48,No information,2851,43.1,21.8,46.6,0,46.6,80.6,43,2549,shot
vadim-rata,https://www.sofascore.com/moldova-czech-republic/oUbsHVb#id:10752588,moldova,miss,No information,throw-in-set-piece,25.2,45.8,0,left-foot,high-left,0,70.3,76.4,No information,No information,40,No information,2389,45.8,25.2,29.7,0,29.7,23.6,6,311,shot
michal-sadilek,https://www.sofascore.com/moldova-czech-republic/oUbsHVb#id:10752588,czechia,block,No information,assisted,22.1,56,0,right-foot,low-right,0,47.9,19,No information,No information,32,No information,1918,56,22.1,52.1,0,52.1,81,14,782,shot
ion-nicolaescu,https://www.sofascore.com/moldova-czech-republic/oUbsHVb#id:10752588,moldova,miss,No information,set-piece,17.5,48.5,0,right-foot,close-right,0,42.5,2.8,No information,No information,32,No information,1867,48.5,17.5,57.5,0,57.5,97.2,14,833,shot
nichita-motpan,https://www.sofascore.com/moldova-czech-republic/oUbsHVb#id:10752588,moldova,miss,No information,regular,8.6,35.2,0,right-foot,right,0,29.2,5.6,No information,No information,22,No information,1318,35.2,8.6,70.8,0,70.8,94.4,24,1382,shot
nichita-motpan,https://www.sofascore.com/moldova-czech-republic/oUbsHVb#id:10752588,moldova,block,No information,regular,23.9,27.4,0,right-foot,low-centre,0,49.7,19,No information,No information,20,No information,1149,27.4,23.9,50.3,0,50.3,81,26,1551,shot
michal-sadilek,https://www.sofascore.com/moldova-czech-republic/oUbsHVb#id:10752588,czechia,miss,No information,regular,23.4,43.5,0,left-foot,right,0,35.8,27.8,No information,No information,18,No information,1073,43.5,23.4,64.2,0,64.2,72.2,28,1627,shot
lukas-masopust,https://www.sofascore.com/moldova-czech-republic/oUbsHVb#id:10752588,czechia,miss,No information,assisted,20.1,68.4,0,right-foot,left,0,73.4,11.1,No information,No information,18,No information,1069,68.4,20.1,26.6,0,26.6,88.9,28,1631,shot
david-doudera,https://www.sofascore.com/moldova-czech-republic/oUbsHVb#id:10752588,czechia,goal,regular,assisted,8.3,32.6,0,right-foot,low-right,0,47.8,0.6,No information,No information,14,No information,815,32.6,8.3,52.2,0,52.2,99.4,32,1885,shot
david-doudera,https://www.sofascore.com/moldova-czech-republic/oUbsHVb#id:10752588,czechia,save,No information,assisted,2.9,38,0,head,low-left,0,52.5,2.5,No information,No information,12,No information,711,38,2.9,47.5,0,47.5,97.5,34,1989,shot
adam-hlozek,https://www.sofascore.com/moldova-czech-republic/oUbsHVb#id:10752588,czechia,save,No information,assisted,13.4,29.4,0,right-foot,high-right,0,46.6,29.1,No information,No information,11,No information,651,29.4,13.4,53.4,0,53.4,70.9,35,2049,shot
ion-nicolaescu,https://www.sofascore.com/moldova-czech-republic/oUbsHVb#id:10752588,moldova,miss,No information,corner,10.8,40.6,0,right-foot,right,0,36.6,6.9,No information,No information,5,No information,247,40.6,10.8,63.4,0,63.4,93.1,41,2453,shot
vadim-rata,https://www.sofascore.com/moldova-czech-republic/oUbsHVb#id:10752588,moldova,save,No information,throw-in-set-piece,11.5,71.1,0,right-foot,high-centre,0,51.6,31,No information,No information,4,No information,215,71.1,11.5,48.4,0,48.4,69,42,2485,shot

alex-kral,https://www.sofascore.com/czech-republic-england/nUbsoUb#id:8513134,czechia,miss,No information,regular,30.1,50.1,0,right-foot,high,0,48.2,90.3,No information,No information,90,2,5465,50.1,30.1,51.8,0,51.8,9.7,1,835,shot
tomas-pekhart,https://www.sofascore.com/czech-republic-england/nUbsoUb#id:8513134,czechia,miss,No information,assisted,15.7,62.7,0,right-foot,close-right,0,42,6.9,No information,No information,83,No information,4957,62.7,15.7,58,0,58,93.1,8,443,shot
tomas-soucek,https://www.sofascore.com/czech-republic-england/nUbsoUb#id:8513134,czechia,miss,No information,assisted,14.7,51.9,0,right-foot,close-left,0,57.3,25,No information,No information,35,No information,2079,51.9,14.7,42.7,0,42.7,75,11,621,shot
tomas-soucek,https://www.sofascore.com/czech-republic-england/nUbsoUb#id:8513134,czechia,block,No information,corner,10.1,58.4,0,right-foot,low-right,0,48.2,19,No information,No information,29,No information,1710,58.4,10.1,51.8,0,51.8,81,17,990,shot
tomas-kalas,https://www.sofascore.com/czech-republic-england/nUbsoUb#id:8513134,czechia,block,No information,corner,12.2,53.6,0,right-foot,low-centre,0,50.4,19,No information,No information,28,No information,1653,53.6,12.2,49.6,0,49.6,81,18,1047,shot
tomas-holes,https://www.sofascore.com/czech-republic-england/nUbsoUb#id:8513134,czechia,miss,No information,corner,14.2,54.4,0,head,left,0,74.6,9.7,No information,No information,28,No information,1650,54.4,14.2,25.4,0,25.4,90.3,18,1050,shot
tomas-holes,https://www.sofascore.com/czech-republic-england/nUbsoUb#id:8513134,czechia,save,No information,assisted,26.8,42.8,0,right-foot,low-left,0,53.3,17.1,No information,No information,28,No information,1620,42.8,26.8,46.7,0,46.7,82.9,18,1080,shot
harry-kane,https://www.sofascore.com/czech-republic-england/nUbsoUb#id:8513134,england,save,No information,assisted,8.3,32,0,right-foot,low-centre,0,48.4,12.7,No information,No information,26,No information,1506,32,8.3,51.6,0,51.6,87.3,20,1194,shot
raheem-sterling,https://www.sofascore.com/czech-republic-england/nUbsoUb#id:8513134,england,goal,regular,assisted,2.2,54.3,0,head,low-right,0,47.4,17.7,No information,No information,12,No information,693,54.3,2.2,52.6,0,52.6,82.3,34,2007,shot
harry-kane,https://www.sofascore.com/czech-republic-england/nUbsoUb#id:8513134,england,miss,No information,regular,24.8,75.2,0,right-foot,high,0,50.4,94.4,No information,No information,11,No information,625,75.2,24.8,49.6,0,49.6,5.6,35,2075,shot
john-stones,https://www.sofascore.com/czech-republic-england/nUbsoUb#id:8513134,england,miss,No information,set-piece,5.6,70.6,0,head,close-high-right,0,41.5,56.9,No information,No information,10,No information,566,70.6,5.6,58.5,0,58.5,43.1,36,2134,shot
raheem-sterling,https://www.sofascore.com/czech-republic-england/nUbsoUb#id:8513134,england,save,No information,assisted,11.1,33.4,0,right-foot,low-right,0,46.4,17.1,No information,No information,2,No information,107,33.4,11.1,53.6,0,53.6,82.9,44,2593,shot

tomas-cvancara,https://www.sofascore.com/moldova-czech-republic/oUbsHVb#id:10752401,czechia,miss,No information,corner,6.6,47.9,0,head,left,0,63,5.6,No information,No information,90,2,5514,47.9,6.6,37,0,37,94.4,1,786,shot
tomas-cvancara,https://www.sofascore.com/moldova-czech-republic/oUbsHVb#id:10752401,czechia,miss,No information,assisted,13,52.5,0,right-foot,high-right,0,38.5,75,No information,No information,81,No information,4817,52.5,13,61.5,0,61.5,25,10,583,shot
petr-sevcik,https://www.sofascore.com/moldova-czech-republic/oUbsHVb#id:10752401,czechia,miss,No information,assisted,22,24.9,0,right-foot,close-high-right,0,42.7,56.9,No information,No information,78,No information,4635,24.9,22,57.3,0,57.3,43.1,13,765,shot
adam-hlozek,https://www.sofascore.com/moldova-czech-republic/oUbsHVb#id:10752401,czechia,miss,No information,assisted,12.4,36.1,0,left-foot,close-left,0,59.2,34.7,No information,No information,67,No information,3975,36.1,12.4,40.8,0,40.8,65.3,24,1425,shot
adam-hlozek,https://www.sofascore.com/moldova-czech-republic/oUbsHVb#id:10752401,czechia,save,No information,assisted,21.3,34.6,0,right-foot,low-centre,0,51.8,11.4,No information,No information,63,No information,3742,34.6,21.3,48.2,0,48.2,88.6,28,1658,shot
ion-nicolaescu,https://www.sofascore.com/moldova-czech-republic/oUbsHVb#id:10752401,moldova,save,No information,assisted,18.9,48.2,0,right-foot,low-centre,0,51.2,3.2,No information,No information,59,No information,3533,48.2,18.9,48.8,0,48.8,96.8,32,1867,shot
tomas-soucek,https://www.sofascore.com/moldova-czech-republic/oUbsHVb#id:10752401,czechia,miss,No information,corner,14.1,54,0,right-foot,right,0,37.3,9.7,No information,No information,58,No information,3468,54,14.1,62.7,0,62.7,90.3,33,1932,shot
tomas-holes,https://www.sofascore.com/moldova-czech-republic/oUbsHVb#id:10752401,czechia,block,No information,corner,20.4,63.6,0,right-foot,low-centre,0,50.3,19,No information,No information,58,No information,3466,63.6,20.4,49.7,0,49.7,81,33,1934,shot
tomas-cvancara,https://www.sofascore.com/moldova-czech-republic/oUbsHVb#id:10752401,czechia,save,No information,regular,19.1,38.8,0,right-foot,high-centre,0,51.4,31.6,No information,No information,58,No information,3423,38.8,19.1,48.6,0,48.6,68.4,33,1977,shot
jan-kuchta,https://www.sofascore.com/moldova-czech-republic/oUbsHVb#id:10752401,czechia,save,No information,assisted,20.1,55.7,0,right-foot,low-right,0,46.4,4.4,No information,No information,53,No information,3159,55.7,20.1,53.6,0,53.6,95.6,38,2241,shot
tomas-soucek,https://www.sofascore.com/moldova-czech-republic/oUbsHVb#id:10752401,czechia,post,No information,assisted,4.3,51.4,0,left-foot,high,0,48.4,39.9,No information,No information,45,1,2758,51.4,4.3,51.6,0,51.6,60.1,1,2642,shot
tomas-cvancara,https://www.sofascore.com/moldova-czech-republic/oUbsHVb#id:10752401,czechia,miss,No information,assisted,9.4,41.2,0,head,right,0,37.8,11.1,No information,No information,45,1,2758,41.2,9.4,62.2,0,62.2,88.9,1,2642,shot
ion-nicolaescu,https://www.sofascore.com/moldova-czech-republic/oUbsHVb#id:10752401,moldova,block,No information,regular,15.6,27.7,0,left-foot,low-left,0,52.5,19,No information,No information,45,No information,2653,27.7,15.6,47.5,0,47.5,81,1,47,shot
tomas-holes,https://www.sofascore.com/moldova-czech-republic/oUbsHVb#id:10752401,czechia,miss,No information,corner,18.4,59.8,0,right-foot,high-right,0,42.9,88.9,No information,No information,40,No information,2366,59.8,18.4,57.1,0,57.1,11.1,6,334,shot
tomas-cvancara,https://www.sofascore.com/moldova-czech-republic/oUbsHVb#id:10752401,czechia,miss,No information,assisted,10.8,56.9,0,head,close-right,0,42.4,2.8,No information,No information,28,No information,1679,56.9,10.8,57.6,0,57.6,97.2,18,1021,shot
tomas-soucek,https://www.sofascore.com/moldova-czech-republic/oUbsHVb#id:10752401,czechia,block,No information,regular,21.6,36.3,0,right-foot,low-centre,0,49.1,19,No information,No information,26,No information,1549,36.3,21.6,50.9,0,50.9,81,20,1151,shot
maxim-cojocaru,https://www.sofascore.com/moldova-czech-republic/oUbsHVb#id:10752401,moldova,block,No information,corner,2.4,41.9,0,right-foot,low-left,0,52.2,19,No information,No information,25,No information,1441,41.9,2.4,47.8,0,47.8,81,21,1259,shot
veaceslav-posmac,https://www.sofascore.com/moldova-czech-republic/oUbsHVb#id:10752401,moldova,block,No information,corner,9.3,55,0,head,low-left,0,52.4,19,No information,No information,24,No information,1439,55,9.3,47.6,0,47.6,81,22,1261,shot
tomas-holes,https://www.sofascore.com/moldova-czech-republic/oUbsHVb#id:10752401,czechia,block,No information,set-piece,24.9,64.5,0,right-foot,low-centre,0,50.7,19,No information,No information,23,No information,1357,64.5,24.9,49.3,0,49.3,81,23,1343,shot
tomas-cvancara,https://www.sofascore.com/moldova-czech-republic/oUbsHVb#id:10752401,czechia,miss,No information,set-piece,8,52.8,0,head,right,0,35.1,8.3,No information,No information,23,No information,1341,52.8,8,64.9,0,64.9,91.7,23,1359,shot

jakub-jankto,https://www.sofascore.com/kosovo-czech-republic/oUbsBNlb#id:8078546,czechia,miss,No information,regular,24.8,37.3,0,left-foot,high,0,55,80.6,No information,No information,90,3,5539,37.3,24.8,45,0,45,19.4,1,761,shot
tomas-soucek,https://www.sofascore.com/kosovo-czech-republic/oUbsBNlb#id:8078546,czechia,miss,No information,throw-in-set-piece,15.7,54.5,0,right-foot,left,0,78.8,11.1,No information,No information,90,1,5452,54.5,15.7,21.2,0,21.2,88.9,1,848,shot
ondrej-celustka,https://www.sofascore.com/kosovo-czech-republic/oUbsBNlb#id:8078546,czechia,miss,No information,throw-in-set-piece,19.5,59.3,0,left-foot,right,0,30.9,1.4,No information,No information,90,1,5451,59.3,19.5,69.1,0,69.1,98.6,1,849,shot
valon-berisha,https://www.sofascore.com/kosovo-czech-republic/oUbsBNlb#id:8078546,kosovo,block,No information,fast-break,19.9,36.7,0,right-foot,No information,No information,No information,No information,No information,No information,88,No information,5278,36.7,19.9,No information,No information,No information,No information,3,122,shot
tomas-soucek,https://www.sofascore.com/kosovo-czech-republic/oUbsBNlb#id:8078546,czechia,miss,No information,assisted,9.1,46.4,0,head,high,0,47.7,68.1,No information,No information,86,No information,5156,46.4,9.1,52.3,0,52.3,31.9,5,244,shot
martin-dolezal,https://www.sofascore.com/kosovo-czech-republic/oUbsBNlb#id:8078546,czechia,block,No information,throw-in-set-piece,10.4,44.7,0,left-foot,No information,No information,No information,No information,No information,No information,85,No information,5076,44.7,10.4,No information,No information,No information,No information,6,324,shot
michael-krmencik,https://www.sofascore.com/kosovo-czech-republic/oUbsBNlb#id:8078546,czechia,block,No information,throw-in-set-piece,13.7,50.2,0,left-foot,low-centre,0,50.1,6.9,No information,No information,82,No information,4882,50.2,13.7,49.9,0,49.9,93.1,9,518,shot
fidan-aliti,https://www.sofascore.com/kosovo-czech-republic/oUbsBNlb#id:8078546,kosovo,save,No information,corner,9.6,46.6,0,head,high-centre,0,51.6,23.4,No information,No information,78,No information,4644,46.6,9.6,48.4,0,48.4,76.6,13,756,shot
vedat-muriqi,https://www.sofascore.com/kosovo-czech-republic/oUbsBNlb#id:8078546,kosovo,miss,No information,assisted,13,49.7,0,head,right,0,36.1,5.6,No information,No information,69,No information,4115,49.7,13,63.9,0,63.9,94.4,22,1285,shot
mergim-vojvoda,https://www.sofascore.com/kosovo-czech-republic/oUbsBNlb#id:8078546,kosovo,goal,regular,corner,10.8,55.5,0,left-foot,low-left,0,53.9,12.7,No information,No information,66,No information,3936,55.5,10.8,46.1,0,46.1,87.3,25,1464,shot
bersant-celina,https://www.sofascore.com/kosovo-czech-republic/oUbsBNlb#id:8078546,kosovo,miss,No information,corner,24.7,29.5,0,right-foot,high,0,53.3,66.7,No information,No information,60,No information,3595,29.5,24.7,46.7,0,46.7,33.3,31,1805,shot
amir-rrahmani,https://www.sofascore.com/kosovo-czech-republic/oUbsBNlb#id:8078546,kosovo,save,No information,corner,11.4,56.1,0,head,high-centre,0,48.5,24.7,No information,No information,60,No information,3568,56.1,11.4,51.5,0,51.5,75.3,31,1832,shot
vedat-muriqi,https://www.sofascore.com/kosovo-czech-republic/oUbsBNlb#id:8078546,kosovo,block,No information,assisted,8,72.3,0,right-foot,No information,No information,No information,No information,No information,No information,60,No information,3540,72.3,8,No information,No information,No information,No information,31,1860,shot
patrik-schick,https://www.sofascore.com/kosovo-czech-republic/oUbsBNlb#id:8078546,czechia,save,No information,regular,14.7,53.1,0,left-foot,low-right,0,46.7,1.3,No information,No information,32,No information,1889,53.1,14.7,53.3,0,53.3,98.7,14,811,shot
vladimir-darida,https://www.sofascore.com/kosovo-czech-republic/oUbsBNlb#id:8078546,czechia,miss,No information,assisted,22.4,42.2,0,left-foot,high-left,0,62.5,62.5,No information,No information,30,No information,1762,42.2,22.4,37.5,0,37.5,37.5,16,938,shot
elbasan-rashani,https://www.sofascore.com/kosovo-czech-republic/oUbsBNlb#id:8078546,kosovo,miss,No information,regular,12.4,31.3,0,left-foot,left,0,60.7,11.1,No information,No information,29,No information,1729,31.3,12.4,39.3,0,39.3,88.9,17,971,shot
amir-rrahmani,https://www.sofascore.com/kosovo-czech-republic/oUbsBNlb#id:8078546,kosovo,miss,No information,set-piece,10,43.1,0,head,left,0,61.8,9.7,No information,No information,24,No information,1401,43.1,10,38.2,0,38.2,90.3,22,1299,shot
jakub-jankto,https://www.sofascore.com/kosovo-czech-republic/oUbsBNlb#id:8078546,czechia,save,No information,assisted,20.6,45.2,0,left-foot,low-right,0,45.8,15.8,No information,No information,22,No information,1278,45.2,20.6,54.2,0,54.2,84.2,24,1422,shot
vedat-muriqi,https://www.sofascore.com/kosovo-czech-republic/oUbsBNlb#id:8078546,kosovo,goal,regular,regular,7.8,46.1,0,right-foot,low-right,0,47.4,8.9,No information,No information,20,No information,1150,46.1,7.8,52.6,0,52.6,91.1,26,1550,shot
patrik-schick,https://www.sofascore.com/kosovo-czech-republic/oUbsBNlb#id:8078546,czechia,goal,regular,assisted,13.9,51.3,0,left-foot,low-left,0,54.2,1.3,No information,No information,16,No information,910,51.3,13.9,45.8,0,45.8,98.7,30,1790,shot
patrik-schick,https://www.sofascore.com/kosovo-czech-republic/oUbsBNlb#id:8078546,czechia,miss,No information,regular,16.4,53.6,0,left-foot,high-left,0,64.5,56.9,No information,No information,14,No information,808,53.6,16.4,35.5,0,35.5,43.1,32,1892,shot
vladimir-darida,https://www.sofascore.com/kosovo-czech-republic/oUbsBNlb#id:8078546,czechia,save,No information,assisted,22.5,62,0,right-foot,high-centre,0,49.9,22.2,No information,No information,5,No information,294,62,22.5,50.1,0,50.1,77.8,41,2406,shot

ferran-torres,https://www.sofascore.com/czech-republic-spain/YTbsoUb#id:10023420,spain,block,No information,regular,25.6,57.5,0,right-foot,low-centre,0,49.8,19,No information,No information,86,No information,5131,57.5,25.6,50.2,0,50.2,81,5,269,shot
pablo-sarabia,https://www.sofascore.com/czech-republic-spain/YTbsoUb#id:10023420,spain,miss,No information,assisted,15.2,26.8,0,right-foot,close-right,0,42.2,16.7,No information,No information,82,No information,4911,26.8,15.2,57.8,0,57.8,83.3,9,489,shot
dani-olmo,https://www.sofascore.com/czech-republic-spain/YTbsoUb#id:10023420,spain,save,No information,regular,12.8,50.5,0,right-foot,low-centre,0,50.6,7.6,No information,No information,82,No information,4902,50.5,12.8,49.4,0,49.4,92.4,9,498,shot
pablo-sarabia,https://www.sofascore.com/czech-republic-spain/YTbsoUb#id:10023420,spain,goal,regular,regular,2.3,46,0,left-foot,low-left,0,53.7,4.4,No information,No information,75,No information,4472,46,2.3,46.3,0,46.3,95.6,16,928,shot
gavi,https://www.sofascore.com/czech-republic-spain/YTbsoUb#id:10023420,spain,save,No information,assisted,13.7,68.9,0,left-foot,low-centre,0,51,14.6,No information,No information,71,No information,4201,68.9,13.7,49,0,49,85.4,20,1199,shot
alex-kral,https://www.sofascore.com/czech-republic-spain/YTbsoUb#id:10023420,czechia,miss,No information,assisted,24.3,33.1,0,right-foot,close-left,0,58,9.7,No information,No information,67,No information,3986,33.1,24.3,42,0,42,90.3,24,1414,shot
vaclav-cerny,https://www.sofascore.com/czech-republic-spain/YTbsoUb#id:10023420,czechia,block,No information,assisted,18.6,55.9,0,left-foot,low-centre,0,48.9,19,No information,No information,51,No information,3044,55.9,18.6,51.1,0,51.1,81,40,2356,shot
jakub-pesek,https://www.sofascore.com/czech-republic-spain/YTbsoUb#id:10023420,czechia,miss,No information,regular,9.5,29.1,0,left-foot,close-high,0,50.9,54.2,No information,No information,50,No information,2950,29.1,9.5,49.1,0,49.1,45.8,41,2450,shot
marco-asensio,https://www.sofascore.com/czech-republic-spain/YTbsoUb#id:10023420,spain,block,No information,assisted,10.4,74.9,0,left-foot,low-centre,0,49.9,19,No information,No information,38,No information,2227,74.9,10.4,50.1,0,50.1,81,8,473,shot
dani-olmo,https://www.sofascore.com/czech-republic-spain/YTbsoUb#id:10023420,spain,block,No information,assisted,12.8,25.2,0,right-foot,low-centre,0,50.7,19,No information,No information,37,No information,2178,25.2,12.8,49.3,0,49.3,81,9,522,shot
carlos-soler,https://www.sofascore.com/czech-republic-spain/YTbsoUb#id:10023420,spain,miss,No information,assisted,6.9,56.3,0,left-foot,left,0,76.6,5.6,No information,No information,27,No information,1619,56.3,6.9,23.4,0,23.4,94.4,19,1081,shot
carlos-soler,https://www.sofascore.com/czech-republic-spain/YTbsoUb#id:10023420,spain,goal,regular,assisted,6.7,55.9,0,right-foot,low-right,0,46.9,15.8,No information,No information,24,No information,1395,55.9,6.7,53.1,0,53.1,84.2,22,1305,shot
jan-kuchta,https://www.sofascore.com/czech-republic-spain/YTbsoUb#id:10023420,czechia,save,No information,fast-break,8.7,33.6,0,left-foot,low-centre,0,48.4,1.3,No information,No information,20,No information,1148,33.6,8.7,51.6,0,51.6,98.7,26,1552,shot
vaclav-cerny,https://www.sofascore.com/czech-republic-spain/YTbsoUb#id:10023420,czechia,save,No information,assisted,21.8,52.8,0,left-foot,low-right,0,47.7,0.6,No information,No information,18,No information,1031,52.8,21.8,52.3,0,52.3,99.4,28,1669,shot
vaclav-cerny,https://www.sofascore.com/czech-republic-spain/YTbsoUb#id:10023420,czechia,miss,No information,fast-break,52.5,76.2,0,left-foot,left,0,84.2,25,No information,No information,16,No information,902,76.2,52.5,15.8,0,15.8,75,30,1798,shot
jakub-pesek,https://www.sofascore.com/czech-republic-spain/YTbsoUb#id:10023420,czechia,block,No information,regular,15.8,42.9,0,right-foot,low-centre,0,51.3,19,No information,No information,12,No information,667,42.9,15.8,48.7,0,48.7,81,34,2033,shot

haris-seferovic,https://www.sofascore.com/czech-republic-switzerland/ZTbsoUb#id:10023364,switzerland,block,No information,assisted,15.7,52.5,0,left-foot,low-centre,0,49.5,19,No information,No information,90,4,5606,52.5,15.7,50.5,0,50.5,81,1,694,shot
renato-steffen,https://www.sofascore.com/czech-republic-switzerland/ZTbsoUb#id:10023364,switzerland,block,No information,corner,13.2,62.9,0,left-foot,low-left,0,54.3,19,No information,No information,89,No information,5282,62.9,13.2,45.7,0,45.7,81,2,118,shot
jan-kuchta,https://www.sofascore.com/czech-republic-switzerland/ZTbsoUb#id:10023364,czechia,post,No information,corner,10,42.6,0,head,right,0,44.5,13.9,No information,No information,88,No information,5266,42.6,10,55.5,0,55.5,86.1,3,134,shot
patrik-schick,https://www.sofascore.com/czech-republic-switzerland/ZTbsoUb#id:10023364,czechia,miss,No information,assisted,10.1,51.1,0,other,high,0,47.1,81.9,No information,No information,82,No information,4899,51.1,10.1,52.9,0,52.9,18.1,9,501,shot
denis-zakaria,https://www.sofascore.com/czech-republic-switzerland/ZTbsoUb#id:10023364,switzerland,block,No information,fast-break,21.5,70.5,0,right-foot,low-right,0,47.8,19,No information,No information,80,No information,4755,70.5,21.5,52.2,0,52.2,81,11,645,shot
granit-xhaka,https://www.sofascore.com/czech-republic-switzerland/ZTbsoUb#id:10023364,switzerland,miss,No information,assisted,29.9,54.6,0,left-foot,right,0,40.7,20.8,No information,No information,78,No information,4666,54.6,29.9,59.3,0,59.3,79.2,13,734,shot
djibril-sow,https://www.sofascore.com/czech-republic-switzerland/ZTbsoUb#id:10023364,switzerland,miss,No information,assisted,25.2,47.6,0,right-foot,high-right,0,40.8,76.4,No information,No information,70,No information,4188,47.6,25.2,59.2,0,59.2,23.6,21,1212,shot
tomas-soucek,https://www.sofascore.com/czech-republic-switzerland/ZTbsoUb#id:10023364,czechia,save,No information,penalty,11.5,50,0,right-foot,low-left,0,52.7,3.8,No information,No information,61,No information,3601,50,11.5,47.3,0,47.3,96.2,30,1799,shot
remo-freuler,https://www.sofascore.com/czech-republic-switzerland/ZTbsoUb#id:10023364,switzerland,miss,No information,corner,19.7,71.7,0,right-foot,right,0,39.7,31.9,No information,No information,59,No information,3494,71.7,19.7,60.3,0,60.3,68.1,32,1906,shot
breel-embolo,https://www.sofascore.com/czech-republic-switzerland/ZTbsoUb#id:10023364,switzerland,save,No information,assisted,11.2,50.9,0,head,low-right,0,45.7,16.5,No information,No information,55,No information,3298,50.9,11.2,54.3,0,54.3,83.5,36,2102,shot
tomas-soucek,https://www.sofascore.com/czech-republic-switzerland/ZTbsoUb#id:10023364,czechia,miss,No information,corner,8.1,49.1,0,head,right,0,38.2,1.4,No information,No information,55,No information,3261,49.1,8.1,61.8,0,61.8,98.6,36,2139,shot
patrik-schick,https://www.sofascore.com/czech-republic-switzerland/ZTbsoUb#id:10023364,czechia,block,No information,assisted,12.1,32.1,0,left-foot,low-right,0,46.7,19,No information,No information,54,No information,3235,32.1,12.1,53.3,0,53.3,81,37,2165,shot
breel-embolo,https://www.sofascore.com/czech-republic-switzerland/ZTbsoUb#id:10023364,switzerland,miss,No information,regular,2.5,42.4,0,right-foot,close-left,0,57.6,4.2,No information,No information,47,No information,2810,42.4,2.5,42.4,0,42.4,95.8,44,2590,shot
patrik-schick,https://www.sofascore.com/czech-republic-switzerland/ZTbsoUb#id:10023364,czechia,goal,regular,assisted,9.9,41.9,0,left-foot,high-left,0,52.9,24.7,No information,No information,45,No information,2648,41.9,9.9,47.1,0,47.1,75.3,1,52,shot
vladimir-coufal,https://www.sofascore.com/czech-republic-switzerland/ZTbsoUb#id:10023364,czechia,post,No information,assisted,8.5,59.8,0,right-foot,right,0,44.3,16.5,No information,No information,42,No information,2478,59.8,8.5,55.7,0,55.7,83.5,4,222,shot
ricardo-rodriguez,https://www.sofascore.com/czech-republic-switzerland/ZTbsoUb#id:10023364,switzerland,miss,No information,set-piece,29.6,48.5,0,left-foot,high,0,53.3,95.8,No information,No information,38,No information,2256,48.5,29.6,46.7,0,46.7,4.2,8,444,shot
breel-embolo,https://www.sofascore.com/czech-republic-switzerland/ZTbsoUb#id:10023364,switzerland,goal,regular,regular,17.4,48.7,0,right-foot,low-left,0,53.6,1.3,No information,No information,30,No information,1787,48.7,17.4,46.4,0,46.4,98.7,16,913,shot
remo-freuler,https://www.sofascore.com/czech-republic-switzerland/ZTbsoUb#id:10023364,switzerland,goal,regular,assisted,4.4,48.2,0,head,high-centre,0,51.3,32.9,No information,No information,29,No information,1714,48.2,4.4,48.7,0,48.7,67.1,17,986,shot
ruben-vargas,https://www.sofascore.com/czech-republic-switzerland/ZTbsoUb#id:10023364,switzerland,block,No information,assisted,12.4,57.1,0,head,low-left,0,53.8,19,No information,No information,29,No information,1683,57.1,12.4,46.2,0,46.2,81,17,1017,shot
vaclav-cerny,https://www.sofascore.com/czech-republic-switzerland/ZTbsoUb#id:10023364,czechia,miss,No information,fast-break,12.7,31,0,left-foot,close-right,0,41.2,4.2,No information,No information,28,No information,1626,31,12.7,58.8,0,58.8,95.8,18,1074,shot
ruben-vargas,https://www.sofascore.com/czech-republic-switzerland/ZTbsoUb#id:10023364,switzerland,miss,No information,regular,16,25,0,right-foot,close-left,0,57.1,2.8,No information,No information,24,No information,1422,25,16,42.9,0,42.9,97.2,22,1278,shot
breel-embolo,https://www.sofascore.com/czech-republic-switzerland/ZTbsoUb#id:10023364,switzerland,block,No information,assisted,16.3,42.2,0,right-foot,low-centre,0,51,19,No information,No information,24,No information,1413,42.2,16.3,49,0,49,81,22,1287,shot
vaclav-cerny,https://www.sofascore.com/czech-republic-switzerland/ZTbsoUb#id:10023364,czechia,save,No information,assisted,13.5,64.1,0,left-foot,low-left,0,53.4,10.1,No information,No information,22,No information,1262,64.1,13.5,46.6,0,46.6,89.9,24,1438,shot
ruben-vargas,https://www.sofascore.com/czech-republic-switzerland/ZTbsoUb#id:10023364,switzerland,block,No information,regular,22.5,36.1,0,right-foot,low-centre,0,49,19,No information,No information,21,No information,1211,36.1,22.5,51,0,51,81,25,1489,shot
xherdan-shaqiri,https://www.sofascore.com/czech-republic-switzerland/ZTbsoUb#id:10023364,switzerland,block,No information,assisted,15.8,62.3,0,left-foot,low-centre,0,50.6,19,No information,No information,21,No information,1209,62.3,15.8,49.4,0,49.4,81,25,1491,shot
ruben-vargas,https://www.sofascore.com/czech-republic-switzerland/ZTbsoUb#id:10023364,switzerland,block,No information,assisted,22.4,33.4,0,right-foot,low-right,0,47.8,19,No information,No information,15,No information,869,33.4,22.4,52.2,0,52.2,81,31,1831,shot
antonin-barak,https://www.sofascore.com/czech-republic-switzerland/ZTbsoUb#id:10023364,czechia,block,No information,assisted,22.8,67,0,left-foot,low-centre,0,50.9,19,No information,No information,13,No information,732,67,22.8,49.1,0,49.1,81,33,1968,shot
adam-vlkanova,https://www.sofascore.com/czech-republic-switzerland/ZTbsoUb#id:10023364,czechia,post,No information,regular,25.2,53.4,0,right-foot,high,0,53.6,39.9,No information,No information,8,No information,426,53.4,25.2,46.4,0,46.4,60.1,38,2274,shot
vaclav-jemelka,https://www.sofascore.com/czech-republic-switzerland/ZTbsoUb#id:10023364,czechia,miss,No information,assisted,18.8,28.4,0,left-foot,close-high,0,52.6,54.2,No information,No information,7,No information,369,28.4,18.8,47.4,0,47.4,45.8,39,2331,shot
tomas-soucek,https://www.sofascore.com/czech-republic-switzerland/ZTbsoUb#id:10023364,czechia,save,No information,corner,4.7,50.5,0,head,low-centre,0,50.1,15.8,No information,No information,2,No information,107,50.5,4.7,49.9,0,49.9,84.2,44,2593,shot

robert-lewandowski,https://www.sofascore.com/czech-republic-poland/dUbsoUb#id:10752567,poland,miss,No information,corner,6.5,43.9,0,head,close-high,0,47.9,58.3,No information,No information,90,7,5766,43.9,6.5,52.1,0,52.1,41.7,1,534,shot
lingr-ondrej,https://www.sofascore.com/czech-republic-poland/dUbsoUb#id:10752567,czechia,save,No information,throw-in-set-piece,14.3,65.1,0,left-foot,high-right,0,48,23.4,No information,No information,90,5,5666,65.1,14.3,52,0,52,76.6,1,634,shot
tomas-cvancara,https://www.sofascore.com/czech-republic-poland/dUbsoUb#id:10752567,czechia,miss,No information,assisted,10.3,49.9,0,left-foot,close-left,0,57.1,8.3,No information,No information,90,3,5545,49.9,10.3,42.9,0,42.9,91.7,1,755,shot
alex-kral,https://www.sofascore.com/czech-republic-poland/dUbsoUb#id:10752567,czechia,block,No information,assisted,7.8,67.1,0,right-foot,low-centre,0,49.5,19,No information,No information,90,2,5493,67.1,7.8,50.5,0,50.5,81,1,807,shot
tomas-cvancara,https://www.sofascore.com/czech-republic-poland/dUbsoUb#id:10752567,czechia,miss,No information,assisted,10.6,54.9,0,head,left,0,62.2,30.6,No information,No information,90,1,5416,54.9,10.6,37.8,0,37.8,69.4,1,884,shot
kamil-grosicki,https://www.sofascore.com/czech-republic-poland/dUbsoUb#id:10752567,poland,block,No information,assisted,16.6,36.4,0,right-foot,low-centre,0,49.8,19,No information,No information,90,No information,5341,36.4,16.6,50.2,0,50.2,81,1,59,shot
sebastian-szymanski,https://www.sofascore.com/czech-republic-poland/dUbsoUb#id:10752567,poland,block,No information,fast-break,21.4,64.1,0,left-foot,low-centre,0,48.4,19,No information,No information,89,No information,5337,64.1,21.4,51.6,0,51.6,81,2,63,shot
jakub-piotrowski,https://www.sofascore.com/czech-republic-poland/dUbsoUb#id:10752567,poland,miss,No information,assisted,14.8,32.4,0,right-foot,high-right,0,30.3,73.6,No information,No information,88,No information,5251,32.4,14.8,69.7,0,69.7,26.4,3,149,shot
david-doudera,https://www.sofascore.com/czech-republic-poland/dUbsoUb#id:10752567,czechia,miss,No information,fast-break,28.1,35.1,0,right-foot,close-high-right,0,41.7,43.1,No information,No information,85,No information,5041,35.1,28.1,58.3,0,58.3,56.9,6,359,shot
adam-buksa,https://www.sofascore.com/czech-republic-poland/dUbsoUb#id:10752567,poland,save,No information,corner,6.4,52.7,0,head,low-right,0,46.4,15.2,No information,No information,84,No information,4998,52.7,6.4,53.6,0,53.6,84.8,7,402,shot
robert-lewandowski,https://www.sofascore.com/czech-republic-poland/dUbsoUb#id:10752567,poland,save,No information,free-kick,20.4,70.3,0,right-foot,low-left,0,52,7,No information,No information,78,No information,4670,70.3,20.4,48,0,48,93,13,730,shot
nicola-zalewski,https://www.sofascore.com/czech-republic-poland/dUbsoUb#id:10752567,poland,block,No information,assisted,19,46.3,0,right-foot,low-centre,0,48.7,19,No information,No information,73,No information,4349,46.3,19,51.3,0,51.3,81,18,1051,shot
bartosz-slisz,https://www.sofascore.com/czech-republic-poland/dUbsoUb#id:10752567,poland,block,No information,assisted,26.2,64.5,0,right-foot,low-centre,0,51.4,19,No information,No information,70,No information,4161,64.5,26.2,48.6,0,48.6,81,21,1239,shot
michal-sadilek,https://www.sofascore.com/czech-republic-poland/dUbsoUb#id:10752567,czechia,miss,No information,assisted,11.8,40.6,0,left-foot,high-left,0,59.2,93.1,No information,No information,69,No information,4116,40.6,11.8,40.8,0,40.8,6.9,22,1284,shot
zima-david,https://www.sofascore.com/czech-republic-poland/dUbsoUb#id:10752567,czechia,miss,No information,corner,4.6,43.9,0,right-foot,close-left,0,58.5,33.3,No information,No information,61,No information,3630,43.9,4.6,41.5,0,41.5,66.7,30,1770,shot
tomas-soucek,https://www.sofascore.com/czech-republic-poland/dUbsoUb#id:10752567,czechia,miss,No information,corner,6.5,56.1,0,head,left,0,61.7,11.1,No information,No information,61,No information,3627,56.1,6.5,38.3,0,38.3,88.9,30,1773,shot
robert-lewandowski,https://www.sofascore.com/czech-republic-poland/dUbsoUb#id:10752567,poland,miss,No information,regular,8.7,60.6,0,right-foot,close-high,0,51.3,52.8,No information,No information,55,No information,3294,60.6,8.7,48.7,0,48.7,47.2,36,2106,shot
adam-buksa,https://www.sofascore.com/czech-republic-poland/dUbsoUb#id:10752567,poland,miss,No information,set-piece,19,46.6,0,left-foot,high-left,0,58.5,94.4,No information,No information,55,No information,3250,46.6,19,41.5,0,41.5,5.6,36,2150,shot
tomas-soucek,https://www.sofascore.com/czech-republic-poland/dUbsoUb#id:10752567,czechia,goal,regular,set-piece,8.3,39.5,0,right-foot,low-right,0,47.7,4.4,No information,No information,49,No information,2910,39.5,8.3,52.3,0,52.3,95.6,42,2490,shot
jakub-brabec,https://www.sofascore.com/czech-republic-poland/dUbsoUb#id:10752567,czechia,miss,No information,set-piece,7.5,54.2,0,head,left,0,72.4,2.8,No information,No information,49,No information,2908,54.2,7.5,27.6,0,27.6,97.2,42,2492,shot
nicola-zalewski,https://www.sofascore.com/czech-republic-poland/dUbsoUb#id:10752567,poland,save,No information,assisted,8.8,24.8,0,right-foot,low-left,0,53.6,1.3,No information,No information,48,No information,2824,24.8,8.8,46.4,0,46.4,98.7,43,2576,shot
jakub-piotrowski,https://www.sofascore.com/czech-republic-poland/dUbsoUb#id:10752567,poland,goal,regular,regular,4.8,50.1,0,right-foot,low-right,0,46.8,8.9,No information,No information,38,No information,2242,50.1,4.8,53.2,0,53.2,91.1,8,458,shot
michal-sadilek,https://www.sofascore.com/czech-republic-poland/dUbsoUb#id:10752567,czechia,miss,No information,free-kick,24.8,57.3,0,left-foot,high,0,53.4,77.8,No information,No information,37,No information,2190,57.3,24.8,46.6,0,46.6,22.2,9,510,shot
lukas-provod,https://www.sofascore.com/czech-republic-poland/dUbsoUb#id:10752567,czechia,block,No information,assisted,21.1,68,0,left-foot,low-left,0,52.5,19,No information,No information,35,No information,2099,68,21.1,47.5,0,47.5,81,11,601,shot
david-doudera,https://www.sofascore.com/czech-republic-poland/dUbsoUb#id:10752567,czechia,save,No information,assisted,17.5,33.6,0,right-foot,low-left,0,54.2,0.6,No information,No information,27,No information,1560,33.6,17.5,45.8,0,45.8,99.4,19,1140,shot
kiwior-jakub,https://www.sofascore.com/czech-republic-poland/dUbsoUb#id:10752567,poland,block,No information,assisted,24.5,42.4,0,left-foot,low-centre,0,48.4,19,No information,No information,22,No information,1286,42.4,24.5,51.6,0,51.6,81,24,1414,shot
robert-lewandowski,https://www.sofascore.com/czech-republic-poland/dUbsoUb#id:10752567,poland,block,No information,assisted,19.5,34.3,0,right-foot,low-right,0,47.1,19,No information,No information,22,No information,1267,34.3,19.5,52.9,0,52.9,81,24,1433,shot
kiwior-jakub,https://www.sofascore.com/czech-republic-poland/dUbsoUb#id:10752567,poland,block,No information,corner,9.4,42.2,0,right-foot,low-centre,0,49.7,19,No information,No information,18,No information,1077,42.2,9.4,50.3,0,50.3,81,28,1623,shot
damian-szymanski,https://www.sofascore.com/czech-republic-poland/dUbsoUb#id:10752567,poland,block,No information,corner,13.3,47.8,0,right-foot,low-left,0,51.9,19,No information,No information,18,No information,1076,47.8,13.3,48.1,0,48.1,81,28,1624,shot
robert-lewandowski,https://www.sofascore.com/czech-republic-poland/dUbsoUb#id:10752567,poland,block,No information,corner,9.4,60,0,head,low-left,0,52.1,19,No information,No information,18,No information,1074,60,9.4,47.9,0,47.9,81,28,1626,shot
nicola-zalewski,https://www.sofascore.com/czech-republic-poland/dUbsoUb#id:10752567,poland,save,No information,assisted,23.6,20.1,0,right-foot,low-centre,0,51.7,14.6,No information,No information,6,No information,355,20.1,23.6,48.3,0,48.3,85.4,40,2345,shot
david-doudera,https://www.sofascore.com/czech-republic-poland/dUbsoUb#id:10752567,czechia,miss,No information,assisted,13.2,40,0,right-foot,left,0,60.8,4.2,No information,No information,2,No information,113,40,13.2,39.2,0,39.2,95.8,44,2587,shot
lukas-provod,https://www.sofascore.com/czech-republic-poland/dUbsoUb#id:10752567,czechia,block,No information,assisted,8,31.4,0,left-foot,low-centre,0,48.4,19,No information,No information,2,No information,70,31.4,8,51.6,0,51.6,81,44,2630,shot

henri-anier,https://www.sofascore.com/estonia-czech-republic/oUbsjVb#id:9223748,estonia,goal,regular,assisted,11.9,59.3,0,left-foot,low-left,0,53.6,2.5,No information,No information,86,No information,5102,59.3,11.9,46.4,0,46.4,97.5,5,298,shot
tomas-soucek,https://www.sofascore.com/estonia-czech-republic/oUbsjVb#id:9223748,czechia,miss,No information,assisted,20.5,31,0,right-foot,close-high,0,46.1,56.9,No information,No information,84,No information,5036,31,20.5,53.9,0,53.9,43.1,7,364,shot
rauno-sappinen,https://www.sofascore.com/estonia-czech-republic/oUbsjVb#id:9223748,estonia,miss,No information,assisted,15.2,55.4,0,right-foot,close-high,0,50.8,56.9,No information,No information,68,No information,4035,55.4,15.2,49.2,0,49.2,43.1,23,1365,shot
rauno-sappinen,https://www.sofascore.com/estonia-czech-republic/oUbsjVb#id:9223748,estonia,block,No information,regular,13.2,50.6,0,right-foot,low-centre,0,51.3,19,No information,No information,68,No information,4033,50.6,13.2,48.7,0,48.7,81,23,1367,shot
bogdan-vastsuk,https://www.sofascore.com/estonia-czech-republic/oUbsjVb#id:9223748,estonia,save,No information,assisted,8.4,31.5,0,left-foot,high-left,0,53,24.1,No information,No information,68,No information,4030,31.5,8.4,47,0,47,75.9,23,1370,shot
konstantin-vassiljev,https://www.sofascore.com/estonia-czech-republic/oUbsjVb#id:9223748,estonia,miss,No information,regular,37,32.8,0,right-foot,left,0,61.2,9.7,No information,No information,64,No information,3823,32.8,37,38.8,0,38.8,90.3,27,1577,shot
patrik-schick,https://www.sofascore.com/estonia-czech-republic/oUbsjVb#id:9223748,czechia,save,No information,assisted,4.7,46.8,0,left-foot,low-centre,0,51.5,6.3,No information,No information,60,No information,3549,46.8,4.7,48.5,0,48.5,93.7,31,1851,shot
jakub-jankto,https://www.sofascore.com/estonia-czech-republic/oUbsjVb#id:9223748,czechia,goal,regular,assisted,3.6,34.9,0,left-foot,low-left,0,52.7,13.9,No information,No information,56,No information,3333,34.9,3.6,47.3,0,47.3,86.1,35,2067,shot
tomas-soucek,https://www.sofascore.com/estonia-czech-republic/oUbsjVb#id:9223748,czechia,goal,regular,assisted,7.1,49.2,0,left-foot,low-left,0,51.9,3.2,No information,No information,48,No information,2854,49.2,7.1,48.1,0,48.1,96.8,43,2546,shot
tomas-soucek,https://www.sofascore.com/estonia-czech-republic/oUbsjVb#id:9223748,czechia,goal,regular,assisted,24.2,61.8,0,right-foot,low-left,0,54,1.9,No information,No information,43,No information,2562,61.8,24.2,46,0,46,98.1,3,138,shot
patrik-schick,https://www.sofascore.com/estonia-czech-republic/oUbsjVb#id:9223748,czechia,miss,No information,assisted,6.5,45.2,0,right-foot,close-right,0,41.5,12.5,No information,No information,41,No information,2415,45.2,6.5,58.5,0,58.5,87.5,5,285,shot
pavel-kaderabek,https://www.sofascore.com/estonia-czech-republic/oUbsjVb#id:9223748,czechia,miss,No information,corner,7.5,53.4,0,right-foot,close-left,0,58.8,19,No information,No information,36,No information,2102,53.4,7.5,41.2,0,41.2,81,10,598,shot
jakub-jankto,https://www.sofascore.com/estonia-czech-republic/oUbsjVb#id:9223748,czechia,block,No information,corner,11.8,70.6,0,left-foot,low-centre,0,48.7,19,No information,No information,36,No information,2101,70.6,11.8,51.3,0,51.3,81,10,599,shot
lukas-provod,https://www.sofascore.com/estonia-czech-republic/oUbsjVb#id:9223748,czechia,miss,No information,regular,19.9,51.2,0,left-foot,close-right,0,41.5,19.4,No information,No information,35,No information,2050,51.2,19.9,58.5,0,58.5,80.6,11,650,shot
tomas-soucek,https://www.sofascore.com/estonia-czech-republic/oUbsjVb#id:9223748,czechia,goal,regular,corner,4.8,56.5,0,head,low-left,0,52.4,19,No information,No information,32,No information,1904,56.5,4.8,47.6,0,47.6,81,14,796,shot
antonin-barak,https://www.sofascore.com/estonia-czech-republic/oUbsjVb#id:9223748,czechia,goal,regular,assisted,6.5,54.6,0,right-foot,low-centre,0,51.5,3.2,No information,No information,27,No information,1615,54.6,6.5,48.5,0,48.5,96.8,19,1085,shot
pavel-kaderabek,https://www.sofascore.com/estonia-czech-republic/oUbsjVb#id:9223748,czechia,miss,No information,assisted,5.5,65.4,0,right-foot,right,0,40.3,12.5,No information,No information,26,No information,1555,65.4,5.5,59.7,0,59.7,87.5,20,1145,shot
vladimir-darida,https://www.sofascore.com/estonia-czech-republic/oUbsjVb#id:9223748,czechia,miss,No information,regular,7.4,36.4,0,left-foot,high-left,0,59.3,48.6,No information,No information,26,No information,1506,36.4,7.4,40.7,0,40.7,51.4,20,1194,shot
patrik-schick,https://www.sofascore.com/estonia-czech-republic/oUbsjVb#id:9223748,czechia,block,No information,regular,6.2,48.7,0,left-foot,low-centre,0,49.2,19,No information,No information,26,No information,1504,48.7,6.2,50.8,0,50.8,81,20,1196,shot
jan-boril,https://www.sofascore.com/estonia-czech-republic/oUbsjVb#id:9223748,czechia,miss,No information,assisted,12.7,28.7,0,right-foot,close-left,0,57.8,16.7,No information,No information,23,No information,1337,28.7,12.7,42.2,0,42.2,83.3,23,1363,shot
vladimir-darida,https://www.sofascore.com/estonia-czech-republic/oUbsjVb#id:9223748,czechia,block,No information,assisted,24.4,52.6,0,right-foot,low-centre,0,49.5,19,No information,No information,21,No information,1221,52.6,24.4,50.5,0,50.5,81,25,1479,shot
pavel-kaderabek,https://www.sofascore.com/estonia-czech-republic/oUbsjVb#id:9223748,czechia,save,No information,assisted,6.4,56.7,0,head,high-centre,0,50.3,23.4,No information,No information,20,No information,1162,56.7,6.4,49.7,0,49.7,76.6,26,1538,shot
tomas-soucek,https://www.sofascore.com/estonia-czech-republic/oUbsjVb#id:9223748,czechia,block,No information,assisted,26.1,45.8,0,right-foot,low-centre,0,51.7,19,No information,No information,19,No information,1123,45.8,26.1,48.3,0,48.3,81,27,1577,shot
patrik-schick,https://www.sofascore.com/estonia-czech-republic/oUbsjVb#id:9223748,czechia,goal,regular,assisted,8.3,48.7,0,right-foot,low-right,0,46.1,10.8,No information,No information,18,No information,1027,48.7,8.3,53.9,0,53.9,89.2,28,1673,shot
jakub-jankto,https://www.sofascore.com/estonia-czech-republic/oUbsjVb#id:9223748,czechia,miss,No information,regular,13.6,40.3,0,right-foot,right,0,39.8,16.7,No information,No information,16,No information,940,40.3,13.6,60.2,0,60.2,83.3,30,1760,shot
rauno-sappinen,https://www.sofascore.com/estonia-czech-republic/oUbsjVb#id:9223748,estonia,goal,regular,assisted,10.3,60.4,0,right-foot,low-centre,0,51.6,3.2,No information,No information,12,No information,685,60.4,10.3,48.4,0,48.4,96.8,34,2015,shot

jan-matousek,https://www.sofascore.com/faroe-islands-czech-republic/oUbskVb#id:10752433,czechia,miss,No information,assisted,9.3,54.6,0,right-foot,high,0,46.6,77.8,No information,No information,90,3,5534,54.6,9.3,53.4,0,53.4,22.2,1,766,shot
michal-sadilek,https://www.sofascore.com/faroe-islands-czech-republic/oUbskVb#id:10752433,czechia,block,No information,assisted,9.5,31.6,0,left-foot,low-left,0,53.5,19,No information,No information,90,2,5510,31.6,9.5,46.5,0,46.5,81,1,790,shot
alex-kral,https://www.sofascore.com/faroe-islands-czech-republic/oUbskVb#id:10752433,czechia,miss,No information,assisted,5.4,57.7,0,right-foot,close-right,0,42.5,38.9,No information,No information,86,No information,5103,57.7,5.4,57.5,0,57.5,61.1,5,297,shot
vaclav-cerny,https://www.sofascore.com/faroe-islands-czech-republic/oUbskVb#id:10752433,czechia,miss,No information,assisted,9.8,65.8,0,right-foot,high,0,48.2,87.5,No information,No information,80,No information,4762,65.8,9.8,51.8,0,51.8,12.5,11,638,shot
vaclav-cerny,https://www.sofascore.com/faroe-islands-czech-republic/oUbskVb#id:10752433,czechia,goal,regular,assisted,15.2,64.5,0,left-foot,high-left,0,54.1,22.2,No information,No information,75,No information,4442,64.5,15.2,45.9,0,45.9,77.8,16,958,shot
lukas-provod,https://www.sofascore.com/faroe-islands-czech-republic/oUbskVb#id:10752433,czechia,block,No information,assisted,11.1,54.8,0,left-foot,low-centre,0,48.8,19,No information,No information,69,No information,4129,54.8,11.1,51.2,0,51.2,81,22,1271,shot
jan-kuchta,https://www.sofascore.com/faroe-islands-czech-republic/oUbskVb#id:10752433,czechia,save,No information,assisted,11.1,49.4,0,head,high-centre,0,50,31.6,No information,No information,59,No information,3511,49.4,11.1,50,0,50,68.4,32,1889,shot
jan-kuchta,https://www.sofascore.com/faroe-islands-czech-republic/oUbskVb#id:10752433,czechia,miss,No information,assisted,12.6,62.3,0,right-foot,close-left,0,58.8,4.2,No information,No information,50,No information,2947,62.3,12.6,41.2,0,41.2,95.8,41,2453,shot
vaclav-cerny,https://www.sofascore.com/faroe-islands-czech-republic/oUbskVb#id:10752433,czechia,goal,regular,assisted,22.9,58.9,0,left-foot,low-left,0,53.9,19,No information,No information,44,No information,2616,58.9,22.9,46.1,0,46.1,81,2,84,shot
adam-hlozek,https://www.sofascore.com/faroe-islands-czech-republic/oUbskVb#id:10752433,czechia,save,No information,assisted,23.6,33.6,0,left-foot,low-right,0,46.9,3.8,No information,No information,40,No information,2383,33.6,23.6,53.1,0,53.1,96.2,6,317,shot
tomas-soucek,https://www.sofascore.com/faroe-islands-czech-republic/oUbskVb#id:10752433,czechia,miss,No information,corner,7.5,55.4,0,left-foot,high-left,0,61.5,45.8,No information,No information,39,No information,2323,55.4,7.5,38.5,0,38.5,54.2,7,377,shot
adam-hlozek,https://www.sofascore.com/faroe-islands-czech-republic/oUbskVb#id:10752433,czechia,miss,No information,free-kick,32.5,40.6,0,right-foot,left,0,64.5,8.3,No information,No information,18,No information,1071,40.6,32.5,35.5,0,35.5,91.7,28,1629,shot
ladislav-krejci,https://www.sofascore.com/faroe-islands-czech-republic/oUbskVb#id:10752433,czechia,goal,regular,corner,5,54.9,0,head,low-right,0,46.1,16.5,No information,No information,15,No information,868,54.9,5,53.9,0,53.9,83.5,31,1832,shot
adam-hlozek,https://www.sofascore.com/faroe-islands-czech-republic/oUbskVb#id:10752433,czechia,block,No information,corner,14.5,25.3,0,right-foot,low-centre,0,48.3,19,No information,No information,15,No information,866,25.3,14.5,51.7,0,51.7,81,31,1834,shot
vaclav-jurecka,https://www.sofascore.com/faroe-islands-czech-republic/oUbskVb#id:10752433,czechia,block,No information,throw-in-set-piece,15.2,38.3,0,left-foot,low-centre,0,51.1,19,No information,No information,14,No information,829,38.3,15.2,48.9,0,48.9,81,32,1871,shot
adam-hlozek,https://www.sofascore.com/faroe-islands-czech-republic/oUbskVb#id:10752433,czechia,block,No information,corner,19.9,61.6,0,right-foot,low-centre,0,50.6,19,No information,No information,10,No information,540,61.6,19.9,49.4,0,49.4,81,36,2160,shot
alex-kral,https://www.sofascore.com/faroe-islands-czech-republic/oUbskVb#id:10752433,czechia,block,No information,corner,10.7,56.5,0,left-foot,low-centre,0,49.9,19,No information,No information,9,No information,537,56.5,10.7,50.1,0,50.1,81,37,2163,shot
adam-hlozek,https://www.sofascore.com/faroe-islands-czech-republic/oUbskVb#id:10752433,czechia,miss,No information,assisted,12.4,47.2,0,head,left,0,60.8,16.7,No information,No information,2,No information,105,47.2,12.4,39.2,0,39.2,83.3,44,2595,shot
tomas-soucek,https://www.sofascore.com/faroe-islands-czech-republic/oUbskVb#id:10752433,czechia,block,No information,regular,26.8,43.9,0,left-foot,low-left,0,52.4,19,No information,No information,2,No information,99,43.9,26.8,47.6,0,47.6,81,44,2601,shot

ladislav-krejci,https://www.sofascore.com/czech-republic-sweden/NTbsoUb#id:9980679,czechia,miss,No information,assisted,17.7,41,0,left-foot,left,0,60.7,4.2,No information,No information,112,No information,6700,41,17.7,39.3,0,39.3,95.8,9,500,shot
robin-quaison,https://www.sofascore.com/czech-republic-sweden/NTbsoUb#id:9980679,sweden,goal,regular,assisted,8.8,46,0,right-foot,low-centre,0,49.3,0.6,No information,No information,110,No information,6556,46,8.8,50.7,0,50.7,99.4,11,644,shot
jan-sykora,https://www.sofascore.com/czech-republic-sweden/NTbsoUb#id:9980679,czechia,save,No information,assisted,18.8,66.2,0,right-foot,high-centre,0,48.7,26.6,No information,No information,109,No information,6506,66.2,18.8,51.3,0,51.3,73.4,12,694,shot
alexander-isak,https://www.sofascore.com/czech-republic-sweden/NTbsoUb#id:9980679,sweden,block,No information,assisted,11.5,31.4,0,right-foot,low-left,0,53.2,19,No information,No information,100,No information,5977,31.4,11.5,46.8,0,46.8,81,6,323,shot
milan-havel,https://www.sofascore.com/czech-republic-sweden/NTbsoUb#id:9980679,czechia,miss,No information,assisted,7.8,59.1,0,left-foot,left,0,64.9,16.7,No information,No information,90,4,5585,59.1,7.8,35.1,0,35.1,83.3,1,715,shot
jan-kuchta,https://www.sofascore.com/czech-republic-sweden/NTbsoUb#id:9980679,czechia,miss,No information,regular,16.4,57.5,0,left-foot,left,0,61,13.9,No information,No information,80,No information,4763,57.5,16.4,39,0,39,86.1,11,637,shot
svanberg-mattias,https://www.sofascore.com/czech-republic-sweden/NTbsoUb#id:9980679,sweden,save,No information,corner,6.5,47.8,0,head,low-centre,0,49.7,13.9,No information,No information,79,No information,4735,47.8,6.5,50.3,0,50.3,86.1,12,665,shot
antonin-barak,https://www.sofascore.com/czech-republic-sweden/NTbsoUb#id:9980679,czechia,miss,No information,set-piece,16.2,47.6,0,left-foot,high,0,53.9,70.8,No information,No information,62,No information,3691,47.6,16.2,46.1,0,46.1,29.2,29,1709,shot
tomas-soucek,https://www.sofascore.com/czech-republic-sweden/NTbsoUb#id:9980679,czechia,miss,No information,assisted,10.7,54.8,0,head,left,0,61.3,8.3,No information,No information,59,No information,3484,54.8,10.7,38.7,0,38.7,91.7,32,1916,shot
alexander-isak,https://www.sofascore.com/czech-republic-sweden/NTbsoUb#id:9980679,sweden,block,No information,assisted,24.4,46.1,0,right-foot,low-centre,0,50.8,19,No information,No information,55,No information,3254,46.1,24.4,49.2,0,49.2,81,36,2146,shot
emil-forsberg,https://www.sofascore.com/czech-republic-sweden/NTbsoUb#id:9980679,sweden,miss,No information,free-kick,23.5,16.9,0,right-foot,high,0,50.3,72.2,No information,No information,54,No information,3212,16.9,23.5,49.7,0,49.7,27.8,37,2188,shot
michal-sadilek,https://www.sofascore.com/czech-republic-sweden/NTbsoUb#id:9980679,czechia,block,No information,assisted,19.9,33.4,0,left-foot,low-centre,0,49.6,19,No information,No information,49,No information,2907,33.4,19.9,50.4,0,50.4,81,42,2493,shot
emil-forsberg,https://www.sofascore.com/czech-republic-sweden/NTbsoUb#id:9980679,sweden,miss,No information,assisted,18.5,40,0,right-foot,right,0,38.8,8.3,No information,No information,45,No information,2678,40,18.5,61.2,0,61.2,91.7,1,22,shot
dejan-kulusevski,https://www.sofascore.com/czech-republic-sweden/NTbsoUb#id:9980679,sweden,miss,No information,assisted,8.4,63.5,0,right-foot,left,0,65.9,6.9,No information,No information,29,No information,1692,63.5,8.4,34.1,0,34.1,93.1,17,1008,shot
tomas-holes,https://www.sofascore.com/czech-republic-sweden/NTbsoUb#id:9980679,czechia,miss,No information,corner,26.4,52,0,right-foot,right,0,38.8,19.4,No information,No information,28,No information,1627,52,26.4,61.2,0,61.2,80.6,18,1073,shot
adam-hlozek,https://www.sofascore.com/czech-republic-sweden/NTbsoUb#id:9980679,czechia,save,No information,regular,14.8,29.9,0,right-foot,low-left,0,52.3,1.9,No information,No information,18,No information,1073,29.9,14.8,47.7,0,47.7,98.1,28,1627,shot
tomas-soucek,https://www.sofascore.com/czech-republic-sweden/NTbsoUb#id:9980679,czechia,miss,No information,set-piece,11,56.9,0,left-foot,high-left,0,60,69.4,No information,No information,14,No information,814,56.9,11,40,0,40,30.6,32,1886,shot
dejan-kulusevski,https://www.sofascore.com/czech-republic-sweden/NTbsoUb#id:9980679,sweden,miss,No information,assisted,4.3,41.6,0,head,right,0,1,2.8,No information,No information,10,No information,555,41.6,4.3,99,0,99,97.2,36,2145,shot
alexander-isak,https://www.sofascore.com/czech-republic-sweden/NTbsoUb#id:9980679,sweden,miss,No information,corner,4.5,41.2,0,right-foot,close-high,0,53.6,58.3,No information,No information,7,No information,403,41.2,4.5,46.4,0,46.4,41.7,39,2297,shot
emil-forsberg,https://www.sofascore.com/czech-republic-sweden/NTbsoUb#id:9980679,sweden,miss,No information,regular,17.7,27.4,0,right-foot,high-right,0,32.8,87.5,No information,No information,5,No information,269,27.4,17.7,67.2,0,67.2,12.5,41,2431,shot

jaromir-zmrhal,https://www.sofascore.com/belgium-czech-republic/oUbsrUb#id:9223794,czechia,miss,No information,assisted,6.8,50.2,0,head,high,0,52.4,61.1,No information,No information,90,2,5470,50.2,6.8,47.6,0,47.6,38.9,1,830,shot
tomas-wiesner,https://www.sofascore.com/belgium-czech-republic/oUbsrUb#id:9223794,czechia,miss,No information,assisted,14.6,67.7,0,right-foot,high,0,49.1,91.7,No information,No information,90,1,5404,67.7,14.6,50.9,0,50.9,8.3,1,896,shot
stanislav-tecl,https://www.sofascore.com/belgium-czech-republic/oUbsrUb#id:9223794,czechia,miss,No information,assisted,7.7,49.3,0,head,left,0,99.8,1.4,No information,No information,90,No information,5388,49.3,7.7,0.2,0,0.2,98.6,1,12,shot
tomas-wiesner,https://www.sofascore.com/belgium-czech-republic/oUbsrUb#id:9223794,czechia,block,No information,assisted,22.2,37.3,0,left-foot,low-centre,0,51.1,19,No information,No information,88,No information,5237,37.3,22.2,48.9,0,48.9,81,3,163,shot
toby-alderweireld,https://www.sofascore.com/belgium-czech-republic/oUbsrUb#id:9223794,belgium,miss,No information,regular,19.1,67.2,0,right-foot,high,0,52.4,95.8,No information,No information,87,No information,5218,67.2,19.1,47.6,0,47.6,4.2,4,182,shot
dodi-lukebakio,https://www.sofascore.com/belgium-czech-republic/oUbsrUb#id:9223794,belgium,block,No information,regular,20.1,34.3,0,left-foot,low-centre,0,50,19,No information,No information,84,No information,4987,34.3,20.1,50,0,50,81,7,413,shot
tomas-holes,https://www.sofascore.com/belgium-czech-republic/oUbsrUb#id:9223794,czechia,block,No information,assisted,16.2,44.3,0,right-foot,low-centre,0,49.2,19,No information,No information,75,No information,4494,44.3,16.2,50.8,0,50.8,81,16,906,shot
alexis-saelemaekers,https://www.sofascore.com/belgium-czech-republic/oUbsrUb#id:9223794,belgium,miss,No information,assisted,20.6,59.6,0,right-foot,close-left,0,58.2,13.9,No information,No information,70,No information,4170,59.6,20.6,41.8,0,41.8,86.1,21,1230,shot
romelu-lukaku,https://www.sofascore.com/belgium-czech-republic/oUbsrUb#id:9223794,belgium,save,No information,assisted,4.5,47.8,0,other,high-centre,0,50,26.6,No information,No information,67,No information,3965,47.8,4.5,50,0,50,73.4,24,1435,shot
alexis-saelemaekers,https://www.sofascore.com/belgium-czech-republic/oUbsrUb#id:9223794,belgium,goal,regular,assisted,11.8,60.5,0,right-foot,low-right,0,47.1,15.2,No information,No information,65,No information,3845,60.5,11.8,52.9,0,52.9,84.8,26,1555,shot
vladimir-coufal,https://www.sofascore.com/belgium-czech-republic/oUbsrUb#id:9223794,czechia,save,No information,corner,24,30.1,0,right-foot,low-left,0,51.9,2.5,No information,No information,63,No information,3757,30.1,24,48.1,0,48.1,97.5,28,1643,shot
adam-hlozek,https://www.sofascore.com/belgium-czech-republic/oUbsrUb#id:9223794,czechia,save,No information,assisted,15.1,61.2,0,left-foot,high-left,0,52.9,24.7,No information,No information,63,No information,3720,61.2,15.1,47.1,0,47.1,75.3,28,1680,shot
jakub-pesek,https://www.sofascore.com/belgium-czech-republic/oUbsrUb#id:9223794,czechia,block,No information,assisted,22.2,62.3,0,right-foot,low-centre,0,50,19,No information,No information,59,No information,3485,62.3,22.2,50,0,50,81,32,1915,shot
romelu-lukaku,https://www.sofascore.com/belgium-czech-republic/oUbsrUb#id:9223794,belgium,save,No information,assisted,7.6,64.8,0,right-foot,low-centre,0,51.2,17.7,No information,No information,55,No information,3275,64.8,7.6,48.8,0,48.8,82.3,36,2125,shot
matej-vydra,https://www.sofascore.com/belgium-czech-republic/oUbsrUb#id:9223794,czechia,save,No information,assisted,15.1,47.1,0,right-foot,low-centre,0,48.8,2.5,No information,No information,48,No information,2853,47.1,15.1,51.2,0,51.2,97.5,43,2547,shot
tomas-soucek,https://www.sofascore.com/belgium-czech-republic/oUbsrUb#id:9223794,czechia,save,No information,assisted,12.5,44.5,0,left-foot,low-centre,0,51.3,1.9,No information,No information,45,2,2793,44.5,12.5,48.7,0,48.7,98.1,1,2607,shot
eden-hazard,https://www.sofascore.com/belgium-czech-republic/oUbsrUb#id:9223794,belgium,goal,regular,assisted,10.1,37.7,0,left-foot,low-right,0,46.7,2.5,No information,No information,41,No information,2409,37.7,10.1,53.3,0,53.3,97.5,5,291,shot
toby-alderweireld,https://www.sofascore.com/belgium-czech-republic/oUbsrUb#id:9223794,belgium,miss,No information,corner,5.9,36.9,0,head,right,0,6.6,23.6,No information,No information,40,No information,2352,36.9,5.9,93.4,0,93.4,76.4,6,348,shot
hans-vanaken,https://www.sofascore.com/belgium-czech-republic/oUbsrUb#id:9223794,belgium,block,No information,assisted,18.3,47.5,0,left-foot,low-centre,0,51,19,No information,No information,36,No information,2116,47.5,18.3,49,0,49,81,10,584,shot
romelu-lukaku,https://www.sofascore.com/belgium-czech-republic/oUbsrUb#id:9223794,belgium,miss,No information,assisted,17,47.9,0,left-foot,high-left,0,58.5,70.8,No information,No information,32,No information,1915,47.9,17,41.5,0,41.5,29.2,14,785,shot
romelu-lukaku,https://www.sofascore.com/belgium-czech-republic/oUbsrUb#id:9223794,belgium,save,No information,assisted,10.3,66.1,0,right-foot,low-centre,0,50.6,18.4,No information,No information,31,No information,1801,66.1,10.3,49.4,0,49.4,81.6,15,899,shot
youri-tielemans,https://www.sofascore.com/belgium-czech-republic/oUbsrUb#id:9223794,belgium,miss,No information,assisted,20.8,63.6,0,right-foot,high-left,0,60,59.7,No information,No information,30,No information,1741,63.6,20.8,40,0,40,40.3,16,959,shot
romelu-lukaku,https://www.sofascore.com/belgium-czech-republic/oUbsrUb#id:9223794,belgium,miss,No information,assisted,7,49.3,0,head,high-right,0,36.5,52.8,No information,No information,23,No information,1322,49.3,7,63.5,0,63.5,47.2,23,1378,shot
yannick-carrasco,https://www.sofascore.com/belgium-czech-republic/oUbsrUb#id:9223794,belgium,block,No information,assisted,13.6,30.3,0,right-foot,low-left,0,53,19,No information,No information,20,No information,1191,30.3,13.6,47,0,47,81,26,1509,shot
yannick-carrasco,https://www.sofascore.com/belgium-czech-republic/oUbsrUb#id:9223794,belgium,miss,No information,assisted,13.1,30.3,0,right-foot,close-left,0,58,6.9,No information,No information,11,No information,620,30.3,13.1,42,0,42,93.1,35,2080,shot
romelu-lukaku,https://www.sofascore.com/belgium-czech-republic/oUbsrUb#id:9223794,belgium,goal,regular,assisted,16.4,61.5,0,left-foot,low-right,0,46.8,8.9,No information,No information,8,No information,472,61.5,16.4,53.2,0,53.2,91.1,38,2228,shot
vladimir-coufal,https://www.sofascore.com/belgium-czech-republic/oUbsrUb#id:9223794,czechia,miss,No information,corner,28.5,47.4,0,right-foot,left,0,83.7,11.1,No information,No information,8,No information,424,47.4,28.5,16.3,0,16.3,88.9,38,2276,shot
adam-hlozek,https://www.sofascore.com/belgium-czech-republic/oUbsrUb#id:9223794,czechia,block,No information,assisted,12.7,29.9,0,right-foot,low-centre,0,50,19,No information,No information,7,No information,377,29.9,12.7,50,0,50,81,39,2323,shot

lingr-ondrej,https://www.sofascore.com/czech-republic-switzerland/ZTbsoUb#id:10023331,czechia,miss,No information,assisted,13.3,62.7,0,left-foot,left,0,74.5,4.2,No information,No information,90,4,5610,62.7,13.3,25.5,0,25.5,95.8,1,690,shot
haris-seferovic,https://www.sofascore.com/czech-republic-switzerland/ZTbsoUb#id:10023331,switzerland,miss,No information,set-piece,3.1,56.5,0,left-foot,left,0,81.3,5.6,No information,No information,90,3,5563,56.5,3.1,18.7,0,18.7,94.4,1,737,shot
nico-elvedi,https://www.sofascore.com/czech-republic-switzerland/ZTbsoUb#id:10023331,switzerland,miss,No information,set-piece,9,45.4,0,head,right,0,34.3,12.5,No information,No information,90,3,5563,45.4,9,65.7,0,65.7,87.5,1,737,shot
granit-xhaka,https://www.sofascore.com/czech-republic-switzerland/ZTbsoUb#id:10023331,switzerland,miss,No information,assisted,18.3,43.8,0,left-foot,close-high,0,50.1,51.4,No information,No information,90,1,5406,43.8,18.3,49.9,0,49.9,48.6,1,894,shot
breel-embolo,https://www.sofascore.com/czech-republic-switzerland/ZTbsoUb#id:10023331,switzerland,save,No information,assisted,10.7,33.8,0,left-foot,low-left,0,53.8,1.3,No information,No information,84,No information,4989,33.8,10.7,46.2,0,46.2,98.7,7,411,shot
steven-zuber,https://www.sofascore.com/czech-republic-switzerland/ZTbsoUb#id:10023331,switzerland,block,No information,assisted,27.6,30.1,0,right-foot,low-centre,0,51.6,19,No information,No information,82,No information,4905,30.1,27.6,48.4,0,48.4,81,9,495,shot
breel-embolo,https://www.sofascore.com/czech-republic-switzerland/ZTbsoUb#id:10023331,switzerland,save,No information,regular,8,61.2,0,right-foot,low-centre,0,50.1,2.5,No information,No information,69,No information,4095,61.2,8,49.9,0,49.9,97.5,22,1305,shot
fabian-schar,https://www.sofascore.com/czech-republic-switzerland/ZTbsoUb#id:10023331,switzerland,miss,No information,corner,6.7,41.7,0,head,close-right,0,40.8,5.6,No information,No information,67,No information,3962,41.7,6.7,59.2,0,59.2,94.4,24,1438,shot
silvan-widmer,https://www.sofascore.com/czech-republic-switzerland/ZTbsoUb#id:10023331,switzerland,save,No information,assisted,14,65.1,0,left-foot,low-left,0,52.8,4.4,No information,No information,66,No information,3931,65.1,14,47.2,0,47.2,95.6,25,1469,shot
adam-hlozek,https://www.sofascore.com/czech-republic-switzerland/ZTbsoUb#id:10023331,czechia,miss,No information,regular,23.8,70.1,0,right-foot,high,0,54.3,90.3,No information,No information,60,No information,3582,70.1,23.8,45.7,0,45.7,9.7,31,1818,shot
djibril-sow,https://www.sofascore.com/czech-republic-switzerland/ZTbsoUb#id:10023331,czechia,goal,own,regular,18.2,83.8,0,other,low-left,0,54.6,13.9,No information,No information,58,No information,3447,83.8,18.2,45.4,0,45.4,86.1,33,1953,shot
vladimir-coufal,https://www.sofascore.com/czech-republic-switzerland/ZTbsoUb#id:10023331,czechia,post,No information,corner,26.8,39.2,0,right-foot,left,0,55.6,14.6,No information,No information,55,No information,3260,39.2,26.8,44.4,0,44.4,85.4,36,2140,shot
adam-hlozek,https://www.sofascore.com/czech-republic-switzerland/ZTbsoUb#id:10023331,czechia,miss,No information,assisted,7.3,43.3,0,right-foot,left,0,60.5,15.3,No information,No information,54,No information,3228,43.3,7.3,39.5,0,39.5,84.7,37,2172,shot
silvan-widmer,https://www.sofascore.com/czech-republic-switzerland/ZTbsoUb#id:10023331,switzerland,miss,No information,corner,16.1,63.3,0,right-foot,left,0,65.9,4.2,No information,No information,50,No information,2989,63.3,16.1,34.1,0,34.1,95.8,41,2411,shot
breel-embolo,https://www.sofascore.com/czech-republic-switzerland/ZTbsoUb#id:10023331,switzerland,miss,No information,regular,7.1,54.6,0,head,right,0,0.3,2.8,No information,No information,48,No information,2839,54.6,7.1,99.7,0,99.7,97.2,43,2561,shot
ruben-vargas,https://www.sofascore.com/czech-republic-switzerland/ZTbsoUb#id:10023331,switzerland,save,No information,assisted,9.7,32.6,0,left-foot,low-centre,0,49.5,5.7,No information,No information,46,No information,2732,32.6,9.7,50.5,0,50.5,94.3,45,2668,shot
noah-okafor,https://www.sofascore.com/czech-republic-switzerland/ZTbsoUb#id:10023331,switzerland,goal,regular,regular,7.5,40.9,0,left-foot,high-left,0,53.4,35.4,No information,No information,44,No information,2600,40.9,7.5,46.6,0,46.6,64.6,2,100,shot
jakub-jankto,https://www.sofascore.com/czech-republic-switzerland/ZTbsoUb#id:10023331,czechia,save,No information,assisted,10.5,64.1,0,left-foot,high-left,0,54.3,25.3,No information,No information,34,No information,1991,64.1,10.5,45.7,0,45.7,74.7,12,709,shot
jakub-jankto,https://www.sofascore.com/czech-republic-switzerland/ZTbsoUb#id:10023331,czechia,save,No information,assisted,8.7,71.5,0,right-foot,low-left,0,52.9,7,No information,No information,27,No information,1575,71.5,8.7,47.1,0,47.1,93,19,1125,shot
ruben-vargas,https://www.sofascore.com/czech-republic-switzerland/ZTbsoUb#id:10023331,switzerland,block,No information,corner,14.5,56.9,0,right-foot,low-centre,0,50.5,19,No information,No information,24,No information,1415,56.9,14.5,49.5,0,49.5,81,22,1285,shot
jan-kuchta,https://www.sofascore.com/czech-republic-switzerland/ZTbsoUb#id:10023331,czechia,goal,regular,throw-in-set-piece,2.9,45.5,0,right-foot,low-left,0,54.4,13.3,No information,No information,11,No information,611,45.5,2.9,45.6,0,45.6,86.7,35,2089,shot
breel-embolo,https://www.sofascore.com/czech-republic-switzerland/ZTbsoUb#id:10023331,switzerland,save,No information,assisted,10.5,34.2,0,right-foot,low-centre,0,49.4,2.5,No information,No information,10,No information,549,34.2,10.5,50.6,0,50.6,97.5,36,2151,shot
jakub-jankto,https://www.sofascore.com/czech-republic-switzerland/ZTbsoUb#id:10023331,czechia,miss,No information,assisted,11,61,0,head,high,0,49.7,65.3,No information,No information,8,No information,470,61,11,50.3,0,50.3,34.7,38,2230,shot
ruben-vargas,https://www.sofascore.com/czech-republic-switzerland/ZTbsoUb#id:10023331,switzerland,save,No information,assisted,13.9,33.4,0,right-foot,low-centre,0,51.3,8.2,No information,No information,2,No information,73,33.4,13.9,48.7,0,48.7,91.8,44,2627,shot

eran-zahavi,https://www.sofascore.com/czech-republic-israel/FObsoUb#id:8600782,israel,miss,No information,assisted,13.8,54.6,0,right-foot,high-right,0,42,68.1,No information,No information,90,1,5403,54.6,13.8,58,0,58,31.9,1,897,shot
eran-zahavi,https://www.sofascore.com/czech-republic-israel/FObsoUb#id:8600782,israel,save,No information,assisted,18.2,49.7,0,right-foot,low-right,0,46,6.3,No information,No information,88,No information,5222,49.7,18.2,54,0,54,93.7,3,178,shot
jakub-jankto,https://www.sofascore.com/czech-republic-israel/FObsoUb#id:8600782,czechia,miss,No information,regular,27.6,27.6,0,right-foot,left,0,80,8.3,No information,No information,57,No information,3415,27.6,27.6,20,0,20,91.7,34,1985,shot
dor-peretz,https://www.sofascore.com/czech-republic-israel/FObsoUb#id:8600782,israel,miss,No information,corner,9.2,54.3,0,right-foot,high-right,0,42.7,81.9,No information,No information,54,No information,3213,54.3,9.2,57.3,0,57.3,18.1,37,2187,shot
eran-zahavi,https://www.sofascore.com/czech-republic-israel/FObsoUb#id:8600782,israel,block,No information,corner,8.5,65.4,0,right-foot,low-right,0,47.7,19,No information,No information,53,No information,3149,65.4,8.5,52.3,0,52.3,81,38,2251,shot
eran-zahavi,https://www.sofascore.com/czech-republic-israel/FObsoUb#id:8600782,israel,miss,No information,assisted,8.7,58.8,0,right-foot,left,0,98.3,11.1,No information,No information,48,No information,2820,58.8,8.7,1.7,0,1.7,88.9,43,2580,shot
vladimir-darida,https://www.sofascore.com/czech-republic-israel/FObsoUb#id:8600782,czechia,miss,No information,assisted,26.9,47.7,0,left-foot,high,0,52.6,62.5,No information,No information,45,1,2739,47.7,26.9,47.4,0,47.4,37.5,1,2661,shot
tomas-soucek,https://www.sofascore.com/czech-republic-israel/FObsoUb#id:8600782,czechia,block,No information,corner,14.9,45.2,0,right-foot,low-centre,0,51.3,19,No information,No information,41,No information,2431,45.2,14.9,48.7,0,48.7,81,5,269,shot
tomas-kalas,https://www.sofascore.com/czech-republic-israel/FObsoUb#id:8600782,czechia,save,No information,corner,7.8,49.5,0,head,low-centre,0,51.6,0.6,No information,No information,38,No information,2275,49.5,7.8,48.4,0,48.4,99.4,8,425,shot
jakub-jankto,https://www.sofascore.com/czech-republic-israel/FObsoUb#id:8600782,czechia,miss,No information,assisted,10.3,36.7,0,left-foot,right,0,40.7,1.4,No information,No information,31,No information,1812,36.7,10.3,59.3,0,59.3,98.6,15,888,shot
jakub-jankto,https://www.sofascore.com/czech-republic-israel/FObsoUb#id:8600782,czechia,miss,No information,assisted,8.3,56.9,0,head,high,0,51.6,79.2,No information,No information,27,No information,1562,56.9,8.3,48.4,0,48.4,20.8,19,1138,shot
alex-kral,https://www.sofascore.com/czech-republic-israel/FObsoUb#id:8600782,czechia,save,No information,corner,7.4,51.5,0,head,high-centre,0,51.1,35.4,No information,No information,17,No information,960,51.5,7.4,48.9,0,48.9,64.6,29,1740,shot
jakub-jankto,https://www.sofascore.com/czech-republic-israel/FObsoUb#id:8600782,czechia,save,No information,fast-break,13.3,70,0,left-foot,low-left,0,53.9,3.8,No information,No information,16,No information,917,70,13.3,46.1,0,46.1,96.2,30,1783,shot
hatem-abd-elhamed,https://www.sofascore.com/czech-republic-israel/FObsoUb#id:8600782,israel,miss,No information,corner,11.8,55.7,0,head,right,0,39.7,20.8,No information,No information,9,No information,484,55.7,11.8,60.3,0,60.3,79.2,37,2216,shot
vladimir-darida,https://www.sofascore.com/czech-republic-israel/FObsoUb#id:8600782,czechia,goal,regular,assisted,8.4,51.5,0,left-foot,low-centre,0,51.3,1.9,No information,No information,7,No information,376,51.5,8.4,48.7,0,48.7,98.1,39,2324,shot
eran-zahavi,https://www.sofascore.com/czech-republic-israel/FObsoUb#id:8600782,israel,save,No information,assisted,25.2,39.8,0,right-foot,low-right,0,47.7,1.9,No information,No information,3,No information,122,39.8,25.2,52.3,0,52.3,98.1,43,2578,shot

patrik-schick,https://www.sofascore.com/czech-republic-portugal/eUbsoUb#id:10023353,czechia,save,No information,assisted,13.6,55.8,0,head,low-centre,0,49,18.4,No information,No information,90,No information,5390,55.8,13.6,51,0,51,81.6,1,10,shot
ruben-neves,https://www.sofascore.com/czech-republic-portugal/eUbsoUb#id:10023353,portugal,miss,No information,assisted,19.4,52.6,0,right-foot,close-left,0,56.3,11.1,No information,No information,89,No information,5322,52.6,19.4,43.7,0,43.7,88.9,2,78,shot
matheus-nunes,https://www.sofascore.com/czech-republic-portugal/eUbsoUb#id:10023353,portugal,block,No information,regular,12.9,42.2,0,right-foot,low-right,0,46.7,19,No information,No information,85,No information,5052,42.2,12.9,53.3,0,53.3,81,6,348,shot
diogo-jota,https://www.sofascore.com/czech-republic-portugal/eUbsoUb#id:10023353,portugal,goal,regular,corner,1.6,45.5,0,head,low-left,0,52.3,13.3,No information,No information,82,No information,4905,45.5,1.6,47.7,0,47.7,86.7,9,495,shot
cristiano-ronaldo,https://www.sofascore.com/czech-republic-portugal/eUbsoUb#id:10023353,portugal,miss,No information,corner,7.7,54.2,0,head,left,0,61.7,11.1,No information,No information,82,No information,4903,54.2,7.7,38.3,0,38.3,88.9,9,497,shot
patrik-schick,https://www.sofascore.com/czech-republic-portugal/eUbsoUb#id:10023353,czechia,miss,No information,assisted,21.6,38.7,0,left-foot,high-left,0,57,83.3,No information,No information,81,No information,4825,38.7,21.6,43,0,43,16.7,10,575,shot
ricardo-horta,https://www.sofascore.com/czech-republic-portugal/eUbsoUb#id:10023353,portugal,miss,No information,corner,18.4,66.7,0,right-foot,left,0,67.2,16.7,No information,No information,75,No information,4449,66.7,18.4,32.8,0,32.8,83.3,16,951,shot
patrik-schick,https://www.sofascore.com/czech-republic-portugal/eUbsoUb#id:10023353,czechia,miss,No information,assisted,7.3,47.4,0,head,high-right,0,37,56.9,No information,No information,66,No information,3948,47.4,7.3,63,0,63,43.1,25,1452,shot
patrik-schick,https://www.sofascore.com/czech-republic-portugal/eUbsoUb#id:10023353,czechia,miss,No information,corner,3.9,37.8,0,left-foot,high,0,52.9,61.1,No information,No information,59,No information,3519,37.8,3.9,47.1,0,47.1,38.9,32,1881,shot
adam-hlozek,https://www.sofascore.com/czech-republic-portugal/eUbsoUb#id:10023353,czechia,block,No information,regular,18.2,50.3,0,right-foot,low-right,0,47.8,19,No information,No information,56,No information,3356,50.3,18.2,52.2,0,52.2,81,35,2044,shot
diogo-dalot,https://www.sofascore.com/czech-republic-portugal/eUbsoUb#id:10023353,portugal,goal,regular,assisted,24.7,51.6,0,left-foot,low-left,0,54,8.9,No information,No information,52,No information,3077,51.6,24.7,46,0,46,91.1,39,2323,shot
patrik-schick,https://www.sofascore.com/czech-republic-portugal/eUbsoUb#id:10023353,czechia,post,No information,penalty,11.5,50,0,left-foot,high,0,50.8,40.5,No information,No information,45,6,3043,50,11.5,49.2,0,49.2,59.5,1,2357,shot
bruno-fernandes,https://www.sofascore.com/czech-republic-portugal/eUbsoUb#id:10023353,portugal,goal,regular,assisted,4.2,49.5,0,right-foot,high-right,0,47.6,30.4,No information,No information,45,2,2771,49.5,4.2,52.4,0,52.4,69.6,1,2629,shot
william-carvalho,https://www.sofascore.com/czech-republic-portugal/eUbsoUb#id:10023353,portugal,save,No information,assisted,9.7,54.2,0,head,high-centre,0,50.3,25.9,No information,No information,43,No information,2568,54.2,9.7,49.7,0,49.7,74.1,3,132,shot
cristiano-ronaldo,https://www.sofascore.com/czech-republic-portugal/eUbsoUb#id:10023353,portugal,miss,No information,assisted,8.3,66.3,0,right-foot,high,0,44.2,73.6,No information,No information,39,No information,2312,66.3,8.3,55.8,0,55.8,26.4,7,388,shot
alex-kral,https://www.sofascore.com/czech-republic-portugal/eUbsoUb#id:10023353,czechia,save,No information,assisted,5.8,25.4,0,left-foot,low-left,0,54.3,2.5,No information,No information,35,No information,2093,25.4,5.8,45.7,0,45.7,97.5,11,607,shot
diogo-dalot,https://www.sofascore.com/czech-republic-portugal/eUbsoUb#id:10023353,portugal,goal,regular,assisted,6.9,51.6,0,left-foot,low-centre,0,50.8,7.6,No information,No information,33,No information,1935,51.6,6.9,49.2,0,49.2,92.4,13,765,shot
cristiano-ronaldo,https://www.sofascore.com/czech-republic-portugal/eUbsoUb#id:10023353,portugal,miss,No information,assisted,6.8,53.3,0,right-foot,left,0,74.1,1.4,No information,No information,33,No information,1932,53.3,6.8,25.9,0,25.9,98.6,13,768,shot
antonin-barak,https://www.sofascore.com/czech-republic-portugal/eUbsoUb#id:10023353,czechia,miss,No information,assisted,6,48.5,0,head,close-left,0,56.5,20.8,No information,No information,31,No information,1829,48.5,6,43.5,0,43.5,79.2,15,871,shot
patrik-schick,https://www.sofascore.com/czech-republic-portugal/eUbsoUb#id:10023353,czechia,block,No information,assisted,3.1,59.4,0,head,low-right,0,47.1,19,No information,No information,31,No information,1823,59.4,3.1,52.9,0,52.9,81,15,877,shot
mario-rui,https://www.sofascore.com/czech-republic-portugal/eUbsoUb#id:10023353,portugal,miss,No information,assisted,30.5,41.6,0,left-foot,high,0,50.6,90.3,No information,No information,27,No information,1607,41.6,30.5,49.4,0,49.4,9.7,19,1093,shot
ruben-dias,https://www.sofascore.com/czech-republic-portugal/eUbsoUb#id:10023353,portugal,block,No information,corner,7.1,58.8,0,right-foot,low-right,0,46.3,19,No information,No information,11,No information,639,58.8,7.1,53.7,0,53.7,81,35,2061,shot
ruben-neves,https://www.sofascore.com/czech-republic-portugal/eUbsoUb#id:10023353,portugal,miss,No information,assisted,24.5,62.2,0,right-foot,left,0,66.4,16.7,No information,No information,9,No information,528,62.2,24.5,33.6,0,33.6,83.3,37,2172,shot
cristiano-ronaldo,https://www.sofascore.com/czech-republic-portugal/eUbsoUb#id:10023353,portugal,block,No information,assisted,10.8,54.6,0,right-foot,low-centre,0,48.6,19,No information,No information,6,No information,326,54.6,10.8,51.4,0,51.4,81,40,2374,shot
rafael-leao,https://www.sofascore.com/czech-republic-portugal/eUbsoUb#id:10023353,portugal,block,No information,assisted,9.4,34.8,0,right-foot,low-left,0,52.8,19,No information,No information,6,No information,306,34.8,9.4,47.2,0,47.2,81,40,2394,shot
patrik-schick,https://www.sofascore.com/czech-republic-portugal/eUbsoUb#id:10023353,czechia,miss,No information,assisted,13.8,64.2,0,left-foot,high,0,53.6,66.7,No information,No information,5,No information,275,64.2,13.8,46.4,0,46.4,33.3,41,2425,shot
vaclav-jemelka,https://www.sofascore.com/czech-republic-portugal/eUbsoUb#id:10023353,czechia,miss,No information,assisted,14.4,30.5,0,right-foot,high-right,0,39.2,61.1,No information,No information,4,No information,235,30.5,14.4,60.8,0,60.8,38.9,42,2465,shot

karol-swiderski,https://www.sofascore.com/czech-republic-poland/dUbsoUb#id:10752377,poland,miss,No information,assisted,7,42.9,0,head,left,0,59.3,34.7,No information,No information,90,3,5571,42.9,7,40.7,0,40.7,65.3,1,729,shot
karol-swiderski,https://www.sofascore.com/czech-republic-poland/dUbsoUb#id:10752377,poland,miss,No information,assisted,4.9,52.8,0,head,left,0,67.1,5.6,No information,No information,90,2,5469,52.8,4.9,32.9,0,32.9,94.4,1,831,shot
damian-szymanski,https://www.sofascore.com/czech-republic-poland/dUbsoUb#id:10752377,poland,goal,regular,corner,4.1,53,0,right-foot,high-right,0,47.5,26.6,No information,No information,87,No information,5177,53,4.1,52.5,0,52.5,73.4,4,223,shot
robert-gumny,https://www.sofascore.com/czech-republic-poland/dUbsoUb#id:10752377,poland,block,No information,regular,11.5,71.7,0,left-foot,high-left,0,52.4,20.8,No information,No information,86,No information,5142,71.7,11.5,47.6,0,47.6,79.2,5,258,shot
robert-lewandowski,https://www.sofascore.com/czech-republic-poland/dUbsoUb#id:10752377,poland,block,No information,assisted,30.2,51.3,0,right-foot,low-centre,0,49.7,19,No information,No information,81,No information,4804,51.3,30.2,50.3,0,50.3,81,10,596,shot
adam-hlozek,https://www.sofascore.com/czech-republic-poland/dUbsoUb#id:10752377,czechia,miss,No information,assisted,13.4,31,0,left-foot,close-right,0,42,5.6,No information,No information,75,No information,4480,31,13.4,58,0,58,94.4,16,920,shot
piotr-zielinski,https://www.sofascore.com/czech-republic-poland/dUbsoUb#id:10752377,poland,miss,No information,free-kick,20.3,71,0,right-foot,close-high-right,0,43.9,43.1,No information,No information,67,No information,3978,71,20.3,56.1,0,56.1,56.9,24,1422,shot
jan-kuchta,https://www.sofascore.com/czech-republic-poland/dUbsoUb#id:10752377,czechia,goal,regular,assisted,6.4,50.1,0,right-foot,low-centre,0,51.3,7.6,No information,No information,64,No information,3782,50.1,6.4,48.7,0,48.7,92.4,27,1618,shot
tomas-cvancara,https://www.sofascore.com/czech-republic-poland/dUbsoUb#id:10752377,czechia,save,No information,fast-break,11.7,62,0,right-foot,low-right,0,46.4,3.2,No information,No information,61,No information,3627,62,11.7,53.6,0,53.6,96.8,30,1773,shot
robert-lewandowski,https://www.sofascore.com/czech-republic-poland/dUbsoUb#id:10752377,poland,save,No information,corner,1.9,42.2,0,head,high-left,0,52.1,25.3,No information,No information,55,No information,3264,42.2,1.9,47.9,0,47.9,74.7,36,2136,shot
tomas-cvancara,https://www.sofascore.com/czech-republic-poland/dUbsoUb#id:10752377,czechia,save,No information,regular,3.1,52.2,0,left-foot,low-right,0,47.7,1.9,No information,No information,45,1,2726,52.2,3.1,52.3,0,52.3,98.1,1,2674,shot
tomas-cvancara,https://www.sofascore.com/czech-republic-poland/dUbsoUb#id:10752377,czechia,save,No information,assisted,5.7,70.9,0,right-foot,low-right,0,46.4,1.9,No information,No information,45,1,2724,70.9,5.7,53.6,0,53.6,98.1,1,2676,shot
karol-linetty,https://www.sofascore.com/czech-republic-poland/dUbsoUb#id:10752377,poland,save,No information,assisted,29.3,43.5,0,right-foot,low-left,0,52.6,19,No information,No information,41,No information,2405,43.5,29.3,47.4,0,47.4,81,5,295,shot
piotr-zielinski,https://www.sofascore.com/czech-republic-poland/dUbsoUb#id:10752377,poland,miss,No information,assisted,28.3,35.5,0,right-foot,left,0,61.5,1.4,No information,No information,36,No information,2110,35.5,28.3,38.5,0,38.5,98.6,10,590,shot
przemyslaw-frankowski,https://www.sofascore.com/czech-republic-poland/dUbsoUb#id:10752377,poland,save,No information,assisted,14.5,50.5,0,right-foot,low-centre,0,50,8.9,No information,No information,20,No information,1188,50.5,14.5,50,0,50,91.1,26,1512,shot
robert-lewandowski,https://www.sofascore.com/czech-republic-poland/dUbsoUb#id:10752377,poland,block,No information,set-piece,25.5,33,0,right-foot,low-centre,0,50.4,19,No information,No information,18,No information,1069,33,25.5,49.6,0,49.6,81,28,1631,shot
tomas-soucek,https://www.sofascore.com/czech-republic-poland/dUbsoUb#id:10752377,czechia,miss,No information,set-piece,9.4,42.2,0,head,high-left,0,65.4,61.1,No information,No information,17,No information,1004,42.2,9.4,34.6,0,34.6,38.9,29,1696,shot
tomas-cvancara,https://www.sofascore.com/czech-republic-poland/dUbsoUb#id:10752377,czechia,goal,regular,assisted,7.2,47,0,right-foot,low-left,0,53.9,3.8,No information,No information,3,No information,129,47,7.2,46.1,0,46.1,96.2,43,2571,shot
ladislav-krejci,https://www.sofascore.com/czech-republic-poland/dUbsoUb#id:10752377,czechia,goal,regular,throw-in-set-piece,7.7,53.4,0,head,low-right,0,47.1,17.7,No information,No information,1,No information,26,53.4,7.7,52.9,0,52.9,82.3,45,2674,shot

antonin-barak,https://www.sofascore.com/czech-republic-denmark/BObsoUb#id:8594151,czechia,miss,No information,regular,23.9,53.6,0,left-foot,left,0,61.5,8.3,No information,No information,90,6,5703,53.6,23.9,38.5,0,38.5,91.7,1,597,shot
michael-krmencik,https://www.sofascore.com/czech-republic-denmark/BObsoUb#id:8594151,czechia,miss,No information,assisted,14.4,53.7,0,right-foot,high-left,0,64.9,87.5,No information,No information,90,3,5543,53.7,14.4,35.1,0,35.1,12.5,1,757,shot
joakim-maehle,https://www.sofascore.com/czech-republic-denmark/BObsoUb#id:8594151,denmark,save,No information,assisted,6.1,34.8,0,right-foot,low-left,0,53.3,1.3,No information,No information,82,No information,4870,34.8,6.1,46.7,0,46.7,98.7,9,530,shot
tomas-soucek,https://www.sofascore.com/czech-republic-denmark/BObsoUb#id:8594151,czechia,block,No information,assisted,25.3,52.5,0,right-foot,low-left,0,52.3,19,No information,No information,80,No information,4768,52.5,25.3,47.7,0,47.7,81,11,632,shot
yussuf-poulsen,https://www.sofascore.com/czech-republic-denmark/BObsoUb#id:8594151,denmark,save,No information,assisted,17.9,51.9,0,right-foot,high-right,0,45.8,27.2,No information,No information,78,No information,4658,51.9,17.9,54.2,0,54.2,72.8,13,742,shot
jakub-jankto,https://www.sofascore.com/czech-republic-denmark/BObsoUb#id:8594151,czechia,miss,No information,regular,7.5,29.5,0,left-foot,right,0,38.2,1.4,No information,No information,72,No information,4303,29.5,7.5,61.8,0,61.8,98.6,19,1097,shot
yussuf-poulsen,https://www.sofascore.com/czech-republic-denmark/BObsoUb#id:8594151,denmark,save,No information,fast-break,20,58.8,0,right-foot,low-left,0,52.6,0.6,No information,No information,69,No information,4120,58.8,20,47.4,0,47.4,99.4,22,1280,shot
yussuf-poulsen,https://www.sofascore.com/czech-republic-denmark/BObsoUb#id:8594151,denmark,block,No information,assisted,10.2,38.8,0,left-foot,low-centre,0,48.5,19,No information,No information,62,No information,3677,38.8,10.2,51.5,0,51.5,81,29,1723,shot
michael-krmencik,https://www.sofascore.com/czech-republic-denmark/BObsoUb#id:8594151,czechia,block,No information,assisted,12.3,47.9,0,left-foot,low-left,0,52.4,19,No information,No information,54,No information,3224,47.9,12.3,47.6,0,47.6,81,37,2176,shot
patrik-schick,https://www.sofascore.com/czech-republic-denmark/BObsoUb#id:8594151,czechia,goal,regular,assisted,12.6,51.9,0,right-foot,low-left,0,53.2,8.9,No information,No information,49,No information,2891,51.9,12.6,46.8,0,46.8,91.1,42,2509,shot
patrik-schick,https://www.sofascore.com/czech-republic-denmark/BObsoUb#id:8594151,czechia,block,No information,assisted,9.8,56.3,0,left-foot,low-left,0,52,19,No information,No information,48,No information,2824,56.3,9.8,48,0,48,81,43,2576,shot
antonin-barak,https://www.sofascore.com/czech-republic-denmark/BObsoUb#id:8594151,czechia,save,No information,regular,18.5,48.8,0,left-foot,low-left,0,54,9.5,No information,No information,47,No information,2762,48.8,18.5,46,0,46,90.5,44,2638,shot
michael-krmencik,https://www.sofascore.com/czech-republic-denmark/BObsoUb#id:8594151,czechia,save,No information,assisted,23.1,34,0,right-foot,low-centre,0,50.1,9.5,No information,No information,46,No information,2727,34,23.1,49.9,0,49.9,90.5,45,2673,shot
kasper-dolberg,https://www.sofascore.com/czech-republic-denmark/BObsoUb#id:8594151,denmark,goal,regular,assisted,6.5,51.3,0,right-foot,high-right,0,47.1,27.2,No information,No information,42,No information,2475,51.3,6.5,52.9,0,52.9,72.8,4,225,shot
damsgaard-mikkel,https://www.sofascore.com/czech-republic-denmark/BObsoUb#id:8594151,denmark,save,No information,fast-break,13.4,70.9,0,right-foot,low-centre,0,51.5,11.4,No information,No information,38,No information,2221,70.9,13.4,48.5,0,48.5,88.6,8,479,shot
tomas-holes,https://www.sofascore.com/czech-republic-denmark/BObsoUb#id:8594151,czechia,save,No information,assisted,12.1,40.6,0,right-foot,low-left,0,52,7,No information,No information,35,No information,2064,40.6,12.1,48,0,48,93,11,636,shot
martin-braithwaite,https://www.sofascore.com/czech-republic-denmark/BObsoUb#id:8594151,denmark,miss,No information,assisted,5.1,69.4,0,right-foot,right,0,40.3,29.2,No information,No information,27,No information,1609,69.4,5.1,59.7,0,59.7,70.8,19,1091,shot
tomas-soucek,https://www.sofascore.com/czech-republic-denmark/BObsoUb#id:8594151,czechia,miss,No information,corner,8.1,54.8,0,head,close-right,0,41,11.1,No information,No information,26,No information,1534,54.8,8.1,59,0,59,88.9,20,1166,shot
tomas-holes,https://www.sofascore.com/czech-republic-denmark/BObsoUb#id:8594151,czechia,save,No information,assisted,3.3,39.5,0,left-foot,low-left,0,52.3,2.5,No information,No information,22,No information,1281,39.5,3.3,47.7,0,47.7,97.5,24,1419,shot
tomas-soucek,https://www.sofascore.com/czech-republic-denmark/BObsoUb#id:8594151,czechia,miss,No information,corner,4.4,47.2,0,other,left,0,63.2,11.1,No information,No information,20,No information,1141,47.2,4.4,36.8,0,36.8,88.9,26,1559,shot
thomas-delaney,https://www.sofascore.com/czech-republic-denmark/BObsoUb#id:8594151,denmark,miss,No information,assisted,11.8,53.4,0,right-foot,close-right,0,43.5,5.6,No information,No information,17,No information,964,53.4,11.8,56.5,0,56.5,94.4,29,1736,shot
petr-sevcik,https://www.sofascore.com/czech-republic-denmark/BObsoUb#id:8594151,czechia,miss,No information,set-piece,14.4,45.8,0,right-foot,high,0,47.1,87.5,No information,No information,14,No information,838,45.8,14.4,52.9,0,52.9,12.5,32,1862,shot
damsgaard-mikkel,https://www.sofascore.com/czech-republic-denmark/BObsoUb#id:8594151,denmark,block,No information,fast-break,7.7,62.9,0,right-foot,low-left,0,54.1,4.2,No information,No information,13,No information,741,62.9,7.7,45.9,0,45.9,95.8,33,1959,shot
patrik-schick,https://www.sofascore.com/czech-republic-denmark/BObsoUb#id:8594151,czechia,block,No information,assisted,10.4,68,0,left-foot,low-centre,0,51.7,19,No information,No information,12,No information,696,68,10.4,48.3,0,48.3,81,34,2004,shot
kasper-dolberg,https://www.sofascore.com/czech-republic-denmark/BObsoUb#id:8594151,denmark,block,No information,assisted,23.1,54.2,0,right-foot,low-centre,0,49.4,19,No information,No information,8,No information,453,54.2,23.1,50.6,0,50.6,81,38,2247,shot
thomas-delaney,https://www.sofascore.com/czech-republic-denmark/BObsoUb#id:8594151,denmark,goal,regular,corner,9.5,46.9,0,head,low-left,0,53.3,14.6,No information,No information,5,No information,292,46.9,9.5,46.7,0,46.7,85.4,41,2408,shot
vladimir-coufal,https://www.sofascore.com/czech-republic-denmark/BObsoUb#id:8594151,czechia,block,No information,assisted,21.9,65.5,0,left-foot,low-right,0,47.3,19,No information,No information,4,No information,206,65.5,21.9,52.7,0,52.7,81,42,2494,shot

inigo-martinez,https://www.sofascore.com/czech-republic-spain/YTbsoUb#id:10023385,spain,goal,regular,corner,9,55.3,0,head,low-right,0,46.2,12.7,No information,No information,90,No information,5349,55.3,9,53.8,0,53.8,87.3,1,51,shot
alvaro-morata,https://www.sofascore.com/czech-republic-spain/YTbsoUb#id:10023385,spain,miss,No information,assisted,20.8,32.5,0,right-foot,high,0,47.1,75,No information,No information,86,No information,5135,32.5,20.8,52.9,0,52.9,25,5,265,shot
ferran-torres,https://www.sofascore.com/czech-republic-spain/YTbsoUb#id:10023385,spain,post,No information,assisted,12.1,55.7,0,head,right,0,44.4,3.2,No information,No information,70,No information,4183,55.7,12.1,55.6,0,55.6,96.8,21,1217,shot
alvaro-morata,https://www.sofascore.com/czech-republic-spain/YTbsoUb#id:10023385,spain,miss,No information,assisted,1.3,42.3,0,right-foot,close-left,0,57.8,5.6,No information,No information,69,No information,4117,42.3,1.3,42.2,0,42.2,94.4,22,1283,shot
jan-kuchta,https://www.sofascore.com/czech-republic-spain/YTbsoUb#id:10023385,czechia,goal,regular,fast-break,19.4,50.2,0,right-foot,low-right,0,46.9,19.6,No information,No information,66,No information,3952,50.2,19.4,53.1,0,53.1,80.4,25,1448,shot
marco-asensio,https://www.sofascore.com/czech-republic-spain/YTbsoUb#id:10023385,spain,post,No information,assisted,10.5,31,0,left-foot,right,0,44.9,1.9,No information,No information,62,No information,3687,31,10.5,55.1,0,55.1,98.1,29,1713,shot
ferran-torres,https://www.sofascore.com/czech-republic-spain/YTbsoUb#id:10023385,spain,save,No information,corner,5.6,52.6,0,right-foot,low-right,0,47.8,12.7,No information,No information,57,No information,3418,52.6,5.6,52.2,0,52.2,87.3,34,1982,shot
koke,https://www.sofascore.com/czech-republic-spain/YTbsoUb#id:10023385,spain,block,No information,corner,11.1,58.6,0,right-foot,low-centre,0,51.1,19,No information,No information,57,No information,3418,58.6,11.1,48.9,0,48.9,81,34,1982,shot
raul-de-tomas,https://www.sofascore.com/czech-republic-spain/YTbsoUb#id:10023385,spain,save,No information,corner,1.1,61,0,right-foot,low-centre,0,48.4,12.7,No information,No information,57,No information,3414,61,1.1,51.6,0,51.6,87.3,34,1986,shot
rodri,https://www.sofascore.com/czech-republic-spain/YTbsoUb#id:10023385,spain,miss,No information,corner,11,52,0,right-foot,right,0,38.7,18.1,No information,No information,57,No information,3412,52,11,61.3,0,61.3,81.9,34,1988,shot
jan-kuchta,https://www.sofascore.com/czech-republic-spain/YTbsoUb#id:10023385,czechia,miss,No information,assisted,14.5,37.5,0,left-foot,close-right,0,42.9,11.1,No information,No information,54,No information,3236,37.5,14.5,57.1,0,57.1,88.9,37,2164,shot
dani-olmo,https://www.sofascore.com/czech-republic-spain/YTbsoUb#id:10023385,spain,miss,No information,assisted,14.7,25.6,0,right-foot,right,0,39.8,20.8,No information,No information,49,No information,2923,25.6,14.7,60.2,0,60.2,79.2,42,2477,shot
gavi,https://www.sofascore.com/czech-republic-spain/YTbsoUb#id:10023385,spain,goal,regular,assisted,11.9,65.2,0,left-foot,low-left,0,53,2.5,No information,No information,45,3,2829,65.2,11.9,47,0,47,97.5,1,2571,shot
eric-garcia,https://www.sofascore.com/czech-republic-spain/YTbsoUb#id:10023385,spain,save,No information,set-piece,13.4,58.4,0,head,high-centre,0,50.3,33.5,No information,No information,34,No information,2010,58.4,13.4,49.7,0,49.7,66.5,12,690,shot
pablo-sarabia,https://www.sofascore.com/czech-republic-spain/YTbsoUb#id:10023385,spain,miss,No information,regular,13,63.5,0,left-foot,left,0,66.9,6.9,No information,No information,27,No information,1572,63.5,13,33.1,0,33.1,93.1,19,1128,shot
jakub-pesek,https://www.sofascore.com/czech-republic-spain/YTbsoUb#id:10023385,czechia,goal,regular,assisted,6.8,43.9,0,left-foot,low-left,0,53.4,0.6,No information,No information,4,No information,205,43.9,6.8,46.6,0,46.6,99.4,42,2495,shot

quincy-promes,https://www.sofascore.com/czech-republic-netherlands/fUbsoUb#id:8594241,netherlands,block,No information,assisted,13.7,26.8,0,right-foot,low-left,0,52.1,19,No information,No information,90,No information,5341,26.8,13.7,47.9,0,47.9,81,1,59,shot
patrik-schick,https://www.sofascore.com/czech-republic-netherlands/fUbsoUb#id:8594241,czechia,goal,regular,assisted,8.5,43.5,0,left-foot,low-left,0,53.6,2.5,No information,No information,80,No information,4755,43.5,8.5,46.4,0,46.4,97.5,11,645,shot
lukas-masopust,https://www.sofascore.com/czech-republic-netherlands/fUbsoUb#id:8594241,czechia,save,No information,assisted,14.7,29.7,0,right-foot,high-right,0,46.3,28.5,No information,No information,78,No information,4656,29.7,14.7,53.7,0,53.7,71.5,13,744,shot
tomas-soucek,https://www.sofascore.com/czech-republic-netherlands/fUbsoUb#id:8594241,czechia,save,No information,assisted,24.8,35.5,0,right-foot,low-left,0,53.8,8.9,No information,No information,77,No information,4617,35.5,24.8,46.2,0,46.2,91.1,14,783,shot
tomas-holes,https://www.sofascore.com/czech-republic-netherlands/fUbsoUb#id:8594241,czechia,goal,regular,set-piece,3.7,56.3,0,head,low-right,0,46.4,15.2,No information,No information,68,No information,4059,56.3,3.7,53.6,0,53.6,84.8,23,1341,shot
pavel-kaderabek,https://www.sofascore.com/czech-republic-netherlands/fUbsoUb#id:8594241,czechia,block,No information,regular,10.7,39.8,0,right-foot,low-centre,0,48.7,19,No information,No information,64,No information,3833,39.8,10.7,51.3,0,51.3,81,27,1567,shot
patrik-schick,https://www.sofascore.com/czech-republic-netherlands/fUbsoUb#id:8594241,czechia,miss,No information,corner,4.1,57.8,0,head,close-high-right,0,41.5,43.1,No information,No information,60,No information,3568,57.8,4.1,58.5,0,58.5,56.9,31,1832,shot
vladimir-coufal,https://www.sofascore.com/czech-republic-netherlands/fUbsoUb#id:8594241,czechia,block,No information,free-kick,22,28.1,0,right-foot,low-centre,0,49.3,19,No information,No information,56,No information,3321,28.1,22,50.7,0,50.7,81,35,2079,shot
patrick-van-aanholt,https://www.sofascore.com/czech-republic-netherlands/fUbsoUb#id:8594241,netherlands,miss,No information,assisted,9.5,40.6,0,left-foot,right,0,38.5,5.6,No information,No information,45,2,2783,40.6,9.5,61.5,0,61.5,94.4,1,2617,shot
tomas-soucek,https://www.sofascore.com/czech-republic-netherlands/fUbsoUb#id:8594241,czechia,miss,No information,corner,9,51.5,0,head,left,0,76,5.6,No information,No information,39,No information,2284,51.5,9,24,0,24,94.4,7,416,shot
antonin-barak,https://www.sofascore.com/czech-republic-netherlands/fUbsoUb#id:8594241,czechia,block,No information,assisted,8.1,64.1,0,left-foot,low-centre,0,51.6,19,No information,No information,38,No information,2223,64.1,8.1,48.4,0,48.4,81,8,477,shot
patrick-van-aanholt,https://www.sofascore.com/czech-republic-netherlands/fUbsoUb#id:8594241,netherlands,miss,No information,corner,27.2,60,0,left-foot,right,0,36,1.4,No information,No information,33,No information,1936,60,27.2,64,0,64,98.6,13,764,shot
donyell-malen,https://www.sofascore.com/czech-republic-netherlands/fUbsoUb#id:8594241,netherlands,block,No information,assisted,11.5,62,0,right-foot,low-right,0,47.7,19,No information,No information,31,No information,1845,62,11.5,52.3,0,52.3,81,15,855,shot
patrik-schick,https://www.sofascore.com/czech-republic-netherlands/fUbsoUb#id:8594241,czechia,save,No information,assisted,22.4,59.4,0,left-foot,low-centre,0,51.6,17.1,No information,No information,28,No information,1660,59.4,22.4,48.4,0,48.4,82.9,18,1040,shot
tomas-soucek,https://www.sofascore.com/czech-republic-netherlands/fUbsoUb#id:8594241,czechia,miss,No information,assisted,5.3,55.7,0,head,left,0,68.6,4.2,No information,No information,22,No information,1271,55.7,5.3,31.4,0,31.4,95.8,24,1429,shot
memphis-depay,https://www.sofascore.com/czech-republic-netherlands/fUbsoUb#id:8594241,netherlands,miss,No information,corner,7.5,73.8,0,right-foot,left,0,99.5,29.2,No information,No information,8,No information,431,73.8,7.5,0.5,0,0.5,70.8,38,2269,shot
matthijs-de-ligt,https://www.sofascore.com/czech-republic-netherlands/fUbsoUb#id:8594241,netherlands,miss,No information,corner,2.4,42.4,0,head,right,0,0.5,2.8,No information,No information,8,No information,429,42.4,2.4,99.5,0,99.5,97.2,38,2271,shot
tomas-holes,https://www.sofascore.com/czech-republic-netherlands/fUbsoUb#id:8594241,czechia,miss,No information,assisted,30.1,48.5,0,right-foot,high,0,53.6,66.7,No information,No information,2,No information,88,48.5,30.1,46.4,0,46.4,33.3,44,2612,shot

marko-jankovic,https://www.sofascore.com/montenegro-czech-republic/oUbsORc#id:8078485,montenegro,save,No information,assisted,27,35.2,0,left-foot,low-centre,0,49.4,0.6,No information,No information,90,4,5586,35.2,27,50.6,0,50.6,99.4,1,714,shot
patrik-schick,https://www.sofascore.com/montenegro-czech-republic/oUbsORc#id:8078485,czechia,goal,penalty,penalty,11.5,50,0,left-foot,high-left,0,54.2,31.6,No information,No information,82,No information,4871,50,11.5,45.8,0,45.8,68.4,9,529,shot
vladimir-jovovic,https://www.sofascore.com/montenegro-czech-republic/oUbsORc#id:8078485,montenegro,save,No information,regular,12.8,60.8,0,right-foot,low-centre,0,50.8,15.2,No information,No information,71,No information,4246,60.8,12.8,49.2,0,49.2,84.8,20,1154,shot
patrik-schick,https://www.sofascore.com/montenegro-czech-republic/oUbsORc#id:8078485,czechia,miss,No information,assisted,41.4,37,0,left-foot,high-left,0,62.9,79.2,No information,No information,68,No information,4067,37,41.4,37.1,0,37.1,20.8,23,1333,shot
jan-kopic,https://www.sofascore.com/montenegro-czech-republic/oUbsORc#id:8078485,czechia,block,No information,assisted,21.5,74.6,0,left-foot,No information,No information,No information,No information,No information,No information,68,No information,4028,74.6,21.5,No information,No information,No information,No information,23,1372,shot
alex-kral,https://www.sofascore.com/montenegro-czech-republic/oUbsORc#id:8078485,czechia,block,No information,corner,6.2,39.7,0,head,No information,No information,No information,No information,No information,No information,58,No information,3441,39.7,6.2,No information,No information,No information,No information,33,1959,shot
tomas-soucek,https://www.sofascore.com/montenegro-czech-republic/oUbsORc#id:8078485,czechia,save,No information,assisted,24.4,61.7,0,left-foot,low-centre,0,50.4,17.7,No information,No information,55,No information,3296,61.7,24.4,49.6,0,49.6,82.3,36,2104,shot
alex-kral,https://www.sofascore.com/montenegro-czech-republic/oUbsORc#id:8078485,czechia,miss,No information,assisted,24.1,36.5,0,right-foot,left,0,61.2,6.9,No information,No information,55,No information,3280,36.5,24.1,38.8,0,38.8,93.1,36,2120,shot
jakub-jankto,https://www.sofascore.com/montenegro-czech-republic/oUbsORc#id:8078485,czechia,miss,No information,assisted,22.3,60.3,0,left-foot,high,0,51.9,77.8,No information,No information,53,No information,3146,60.3,22.3,48.1,0,48.1,22.2,38,2254,shot
boris-kopitovic,https://www.sofascore.com/montenegro-czech-republic/oUbsORc#id:8078485,czechia,goal,own,regular,3.9,45.8,0,right-foot,low-left,0,53.2,2.5,No information,No information,49,No information,2895,45.8,3.9,46.8,0,46.8,97.5,42,2505,shot
vladimir-jovovic,https://www.sofascore.com/montenegro-czech-republic/oUbsORc#id:8078485,montenegro,block,No information,assisted,23.6,47,0,right-foot,No information,No information,No information,No information,No information,No information,47,No information,2811,47,23.6,No information,No information,No information,No information,44,2589,shot
vladimir-jovovic,https://www.sofascore.com/montenegro-czech-republic/oUbsORc#id:8078485,montenegro,miss,No information,assisted,22,32.5,0,right-foot,right,0,40,20.8,No information,No information,45,1,2715,32.5,22,60,0,60,79.2,1,2685,shot
alex-kral,https://www.sofascore.com/montenegro-czech-republic/oUbsORc#id:8078485,czechia,save,No information,assisted,12.5,69.1,0,right-foot,low-left,0,52.6,2.5,No information,No information,44,No information,2623,69.1,12.5,47.4,0,47.4,97.5,2,77,shot
adam-marusic,https://www.sofascore.com/montenegro-czech-republic/oUbsORc#id:8078485,montenegro,block,No information,assisted,20.2,56.9,0,left-foot,No information,No information,No information,No information,No information,No information,37,No information,2187,56.9,20.2,No information,No information,No information,No information,9,513,shot
patrik-schick,https://www.sofascore.com/montenegro-czech-republic/oUbsORc#id:8078485,czechia,save,No information,assisted,9.2,60.5,0,head,low-right,0,45.8,4.4,No information,No information,32,No information,1879,60.5,9.2,54.2,0,54.2,95.6,14,821,shot
marko-vesovic,https://www.sofascore.com/montenegro-czech-republic/oUbsORc#id:8078485,montenegro,save,No information,assisted,17.4,57.2,0,left-foot,low-centre,0,50,2.5,No information,No information,31,No information,1827,57.2,17.4,50,0,50,97.5,15,873,shot
alex-kral,https://www.sofascore.com/montenegro-czech-republic/oUbsORc#id:8078485,czechia,miss,No information,corner,8,40.2,0,head,right,0,31.6,11.1,No information,No information,30,No information,1791,40.2,8,68.4,0,68.4,88.9,16,909,shot
patrik-schick,https://www.sofascore.com/montenegro-czech-republic/oUbsORc#id:8078485,czechia,block,No information,free-kick,22.4,57.8,0,left-foot,No information,No information,No information,No information,No information,No information,30,No information,1762,57.8,22.4,No information,No information,No information,No information,16,938,shot
stefan-mugosa,https://www.sofascore.com/montenegro-czech-republic/oUbsORc#id:8078485,montenegro,block,No information,set-piece,15.5,41.3,0,left-foot,No information,No information,No information,No information,No information,No information,22,No information,1310,41.3,15.5,No information,No information,No information,No information,24,1390,shot
stefan-mugosa,https://www.sofascore.com/montenegro-czech-republic/oUbsORc#id:8078485,montenegro,block,No information,free-kick,18.7,43.1,0,right-foot,No information,No information,No information,No information,No information,No information,22,No information,1307,43.1,18.7,No information,No information,No information,No information,24,1393,shot
jakub-jankto,https://www.sofascore.com/montenegro-czech-republic/oUbsORc#id:8078485,czechia,goal,regular,set-piece,8,32.2,0,left-foot,low-right,0,48.1,1.9,No information,No information,18,No information,1066,32.2,8,51.9,0,51.9,98.1,28,1634,shot
lukas-masopust,https://www.sofascore.com/montenegro-czech-republic/oUbsORc#id:8078485,czechia,miss,No information,assisted,10.3,39,0,head,right,0,20.7,9.7,No information,No information,11,No information,659,39,10.3,79.3,0,79.3,90.3,35,2041,shot
jakub-jankto,https://www.sofascore.com/montenegro-czech-republic/oUbsORc#id:8078485,czechia,block,No information,assisted,23,21,0,left-foot,No information,No information,No information,No information,No information,No information,11,No information,645,21,23,No information,No information,No information,No information,35,2055,shot
patrik-schick,https://www.sofascore.com/montenegro-czech-republic/oUbsORc#id:8078485,czechia,miss,No information,assisted,9.4,44.3,0,head,left,0,60,16.7,No information,No information,7,No information,417,44.3,9.4,40,0,40,83.3,39,2283,shot
boris-kopitovic,https://www.sofascore.com/montenegro-czech-republic/oUbsORc#id:8078485,montenegro,block,No information,corner,1.3,39.4,0,right-foot,No information,No information,No information,No information,No information,No information,3,No information,167,39.4,1.3,No information,No information,No information,No information,43,2533,shot

ladislav-krejci,https://www.sofascore.com/czech-republic-albania/PTbsoUb#id:10752511,czechia,block,No information,corner,7.4,48.7,0,head,low-centre,0,50.1,19,No information,No information,90,6,5702,48.7,7.4,49.9,0,49.9,81,1,598,shot
mirlind-daku,https://www.sofascore.com/czech-republic-albania/PTbsoUb#id:10752511,albania,miss,No information,assisted,12.3,28,0,right-foot,high-right,0,40,72.2,No information,No information,90,2,5507,28,12.3,60,0,60,27.8,1,793,shot
ernest-muci,https://www.sofascore.com/czech-republic-albania/PTbsoUb#id:10752511,albania,miss,No information,assisted,26,31.6,0,right-foot,left,0,65.4,25,No information,No information,88,No information,5229,31.6,26,34.6,0,34.6,75,3,171,shot
lukas-provod,https://www.sofascore.com/czech-republic-albania/PTbsoUb#id:10752511,czechia,block,No information,regular,27.3,54.9,0,right-foot,low-centre,0,50.7,19,No information,No information,80,No information,4783,54.9,27.3,49.3,0,49.3,81,11,617,shot
adam-hlozek,https://www.sofascore.com/czech-republic-albania/PTbsoUb#id:10752511,czechia,miss,No information,assisted,21.6,37.6,0,right-foot,right,0,38.5,31.9,No information,No information,79,No information,4736,37.6,21.6,61.5,0,61.5,68.1,12,664,shot
ladislav-krejci,https://www.sofascore.com/czech-republic-albania/PTbsoUb#id:10752511,czechia,save,No information,assisted,8,45.5,0,head,low-centre,0,50.5,17.7,No information,No information,77,No information,4589,45.5,8,49.5,0,49.5,82.3,14,811,shot
taulant-seferi,https://www.sofascore.com/czech-republic-albania/PTbsoUb#id:10752511,albania,goal,regular,assisted,3.6,46.8,0,left-foot,low-left,0,53,3.2,No information,No information,73,No information,4334,46.8,3.6,47,0,47,96.8,18,1066,shot
ylber-ramadani,https://www.sofascore.com/czech-republic-albania/PTbsoUb#id:10752511,albania,miss,No information,regular,27.6,59.2,0,right-foot,left,0,64.2,29.2,No information,No information,72,No information,4279,59.2,27.6,35.8,0,35.8,70.8,19,1121,shot
taulant-seferi,https://www.sofascore.com/czech-republic-albania/PTbsoUb#id:10752511,albania,goal,regular,assisted,13,43.1,0,right-foot,low-left,0,53.5,6.3,No information,No information,51,No information,3052,43.1,13,46.5,0,46.5,93.7,40,2348,shot
taulant-seferi,https://www.sofascore.com/czech-republic-albania/PTbsoUb#id:10752511,albania,miss,No information,assisted,22.3,26.5,0,right-foot,high-right,0,36,76.4,No information,No information,46,No information,2709,26.5,22.3,64,0,64,23.6,45,2691,shot
jakub-brabec,https://www.sofascore.com/czech-republic-albania/PTbsoUb#id:10752511,czechia,block,No information,set-piece,11.8,44.5,0,head,low-left,0,52.6,19,No information,No information,45,1,2742,44.5,11.8,47.4,0,47.4,81,1,2658,shot
tomas-holes,https://www.sofascore.com/czech-republic-albania/PTbsoUb#id:10752511,czechia,save,No information,assisted,15.3,25.8,0,right-foot,low-centre,0,49.6,19,No information,No information,43,No information,2573,25.8,15.3,50.4,0,50.4,81,3,127,shot
vaclav-cerny,https://www.sofascore.com/czech-republic-albania/PTbsoUb#id:10752511,czechia,save,No information,assisted,44.5,76.8,0,left-foot,low-centre,0,48.7,15.2,No information,No information,42,No information,2481,76.8,44.5,51.3,0,51.3,84.8,4,219,shot
jan-kuchta,https://www.sofascore.com/czech-republic-albania/PTbsoUb#id:10752511,czechia,miss,No information,assisted,3.7,49.5,0,head,left,0,61,23.6,No information,No information,38,No information,2266,49.5,3.7,39,0,39,76.4,8,434,shot
vaclav-cerny,https://www.sofascore.com/czech-republic-albania/PTbsoUb#id:10752511,czechia,block,No information,free-kick,25.8,56.1,0,left-foot,low-centre,0,50.6,19,No information,No information,38,No information,2251,56.1,25.8,49.4,0,49.4,81,8,449,shot
sokol-cikalleshi,https://www.sofascore.com/czech-republic-albania/PTbsoUb#id:10752511,albania,save,No information,fast-break,6.8,31.3,0,left-foot,low-left,0,52,14.6,No information,No information,18,No information,1058,31.3,6.8,48,0,48,85.4,28,1642,shot
vaclav-cerny,https://www.sofascore.com/czech-republic-albania/PTbsoUb#id:10752511,czechia,save,No information,assisted,26.6,70.5,0,left-foot,high-centre,0,50.4,25.3,No information,No information,12,No information,707,70.5,26.6,49.6,0,49.6,74.7,34,1993,shot
jasir-asani,https://www.sofascore.com/czech-republic-albania/PTbsoUb#id:10752511,albania,goal,regular,assisted,26.6,72.1,0,left-foot,low-right,0,46.7,16.5,No information,No information,9,No information,531,72.1,26.6,53.3,0,53.3,83.5,37,2169,shot
mojmir-chytil,https://www.sofascore.com/czech-republic-albania/PTbsoUb#id:10752511,czechia,save,No information,assisted,13.6,50.7,0,head,high-centre,0,51,28.5,No information,No information,6,No information,335,50.7,13.6,49,0,49,71.5,40,2365,shot
mojmir-chytil,https://www.sofascore.com/czech-republic-albania/PTbsoUb#id:10752511,czechia,save,No information,regular,10.3,37.6,0,left-foot,low-centre,0,50.3,6.3,No information,No information,1,No information,12,37.6,10.3,49.7,0,49.7,93.7,45,2688,shot
jan-kuchta,https://www.sofascore.com/czech-republic-albania/PTbsoUb#id:10752511,czechia,save,No information,assisted,26.6,41.3,0,right-foot,high-centre,0,51.4,20.3,No information,No information,1,No information,10,41.3,26.6,48.6,0,48.6,79.7,45,2690,shot

michal-rabusic,https://www.sofascore.com/czech-republic-scotland/VTbsoUb#id:8600757,czechia,block,No information,assisted,23.5,63.1,0,right-foot,low-centre,0,49.5,19,No information,No information,90,2,5484,63.1,23.5,50.5,0,50.5,81,1,816,shot
jan-boril,https://www.sofascore.com/czech-republic-scotland/VTbsoUb#id:8600757,czechia,save,No information,assisted,19.9,33,0,right-foot,high-centre,0,50.3,31,No information,No information,90,1,5444,33,19.9,49.7,0,49.7,69,1,856,shot
oliver-mcburnie,https://www.sofascore.com/czech-republic-scotland/VTbsoUb#id:8600757,scotland,post,No information,assisted,23,29.8,0,right-foot,high,0,53.4,39.9,No information,No information,84,No information,5001,29.8,23,46.6,0,46.6,60.1,7,399,shot
tomas-soucek,https://www.sofascore.com/czech-republic-scotland/VTbsoUb#id:8600757,czechia,miss,No information,regular,3.9,48.6,0,right-foot,close-high,0,46.9,59.7,No information,No information,82,No information,4919,48.6,3.9,53.1,0,53.1,40.3,9,481,shot
alex-kral,https://www.sofascore.com/czech-republic-scotland/VTbsoUb#id:8600757,czechia,block,No information,corner,4.2,50.4,0,right-foot,low-centre,0,49.4,13.9,No information,No information,69,No information,4119,50.4,4.2,50.6,0,50.6,86.1,22,1281,shot
alex-kral,https://www.sofascore.com/czech-republic-scotland/VTbsoUb#id:8600757,czechia,miss,No information,corner,9.9,40.4,0,head,high,0,51.8,81.9,No information,No information,65,No information,3844,40.4,9.9,48.2,0,48.2,18.1,26,1556,shot
tomas-soucek,https://www.sofascore.com/czech-republic-scotland/VTbsoUb#id:8600757,czechia,miss,No information,assisted,7,45,0,head,close-left,0,58.2,5.6,No information,No information,61,No information,3644,45,7,41.8,0,41.8,94.4,30,1756,shot
stephen-odonnell,https://www.sofascore.com/czech-republic-scotland/VTbsoUb#id:8600757,scotland,miss,No information,assisted,26.5,75.6,0,right-foot,high,0,47.6,77.8,No information,No information,55,No information,3292,75.6,26.5,52.4,0,52.4,22.2,36,2108,shot
matej-vydra,https://www.sofascore.com/czech-republic-scotland/VTbsoUb#id:8600757,czechia,save,No information,assisted,19.2,42.2,0,right-foot,low-left,0,52.9,19,No information,No information,54,No information,3194,42.2,19.2,47.1,0,47.1,81,37,2206,shot
matej-vydra,https://www.sofascore.com/czech-republic-scotland/VTbsoUb#id:8600757,czechia,save,No information,corner,1.9,49.7,0,left-foot,high-centre,0,49.7,23.4,No information,No information,53,No information,3178,49.7,1.9,50.3,0,50.3,76.6,38,2222,shot
tomas-soucek,https://www.sofascore.com/czech-republic-scotland/VTbsoUb#id:8600757,czechia,block,No information,corner,7.1,47.6,0,head,low-centre,0,49.3,19,No information,No information,53,No information,3177,47.6,7.1,50.7,0,50.7,81,38,2223,shot
matej-vydra,https://www.sofascore.com/czech-republic-scotland/VTbsoUb#id:8600757,czechia,miss,No information,assisted,4.3,33.6,0,right-foot,right,0,33.9,36.1,No information,No information,50,No information,2963,33.6,4.3,66.1,0,66.1,63.9,41,2437,shot
ryan-fraser,https://www.sofascore.com/czech-republic-scotland/VTbsoUb#id:8600757,scotland,miss,No information,fast-break,17.1,63,0,right-foot,close-high,0,51.6,45.8,No information,No information,34,No information,2036,63,17.1,48.4,0,48.4,54.2,12,664,shot
matej-vydra,https://www.sofascore.com/czech-republic-scotland/VTbsoUb#id:8600757,czechia,block,No information,assisted,7.6,67,0,left-foot,low-left,0,52.4,2.8,No information,No information,30,No information,1766,67,7.6,47.6,0,47.6,97.2,16,934,shot
ryan-fraser,https://www.sofascore.com/czech-republic-scotland/VTbsoUb#id:8600757,scotland,miss,No information,fast-break,22.1,59,0,right-foot,right,0,40.2,27.8,No information,No information,27,No information,1611,59,22.1,59.8,0,59.8,72.2,19,1089,shot
matej-vydra,https://www.sofascore.com/czech-republic-scotland/VTbsoUb#id:8600757,czechia,miss,No information,regular,3.1,48.7,0,left-foot,close-left,0,56.5,2.8,No information,No information,23,No information,1373,48.7,3.1,43.5,0,43.5,97.2,23,1327,shot
matej-vydra,https://www.sofascore.com/czech-republic-scotland/VTbsoUb#id:8600757,czechia,save,No information,assisted,8.8,50.1,0,head,high-centre,0,48.4,27.8,No information,No information,13,No information,753,50.1,8.8,51.6,0,51.6,72.2,33,1947,shot
lukas-provod,https://www.sofascore.com/czech-republic-scotland/VTbsoUb#id:8600757,czechia,miss,No information,assisted,27.7,46.4,0,left-foot,high-left,0,62.5,81.9,No information,No information,12,No information,693,46.4,27.7,37.5,0,37.5,18.1,34,2007,shot
lukas-provod,https://www.sofascore.com/czech-republic-scotland/VTbsoUb#id:8600757,czechia,save,No information,regular,14.1,44,0,head,high-centre,0,49.6,25.9,No information,No information,10,No information,584,44,14.1,50.4,0,50.4,74.1,36,2116,shot
ryan-fraser,https://www.sofascore.com/czech-republic-scotland/VTbsoUb#id:8600757,scotland,goal,regular,assisted,10.4,60.6,0,right-foot,low-right,0,47.7,1.3,No information,No information,6,No information,346,60.6,10.4,52.3,0,52.3,98.7,40,2354,shot
lukas-provod,https://www.sofascore.com/czech-republic-scotland/VTbsoUb#id:8600757,czechia,save,No information,free-kick,25.3,46.6,0,left-foot,low-centre,0,51.1,12.7,No information,No information,2,No information,71,46.6,25.3,48.9,0,48.9,87.3,44,2629,shot

tomas-soucek,https://www.sofascore.com/belarus-czech-republic/oUbsTUb#id:9223810,czechia,block,No information,corner,7.4,44.3,0,head,low-centre,0,51.3,11.1,No information,No information,85,No information,5096,44.3,7.4,48.7,0,48.7,88.9,6,304,shot
ales-mateju,https://www.sofascore.com/belarus-czech-republic/oUbsTUb#id:9223810,czechia,block,No information,set-piece,18.6,50.2,0,right-foot,low-centre,0,48.6,19,No information,No information,84,No information,4998,50.2,18.6,51.4,0,51.4,81,7,402,shot
tomas-soucek,https://www.sofascore.com/belarus-czech-republic/oUbsTUb#id:9223810,czechia,miss,No information,corner,4.3,55.9,0,right-foot,right,0,39.2,20.8,No information,No information,79,No information,4731,55.9,4.3,60.8,0,60.8,79.2,12,669,shot
antonin-barak,https://www.sofascore.com/belarus-czech-republic/oUbsTUb#id:9223810,czechia,save,No information,regular,10.6,26.4,0,left-foot,high-left,0,52.1,24.1,No information,No information,78,No information,4677,26.4,10.6,47.9,0,47.9,75.9,13,723,shot
jakub-pesek,https://www.sofascore.com/belarus-czech-republic/oUbsTUb#id:9223810,czechia,block,No information,assisted,23.4,31,0,right-foot,low-left,0,52.9,19,No information,No information,78,No information,4674,31,23.4,47.1,0,47.1,81,13,726,shot
jakub-jankto,https://www.sofascore.com/belarus-czech-republic/oUbsTUb#id:9223810,czechia,save,No information,assisted,16.2,30.6,0,left-foot,high-centre,0,51.6,28.5,No information,No information,76,No information,4505,30.6,16.2,48.4,0,48.4,71.5,15,895,shot
adam-hlozek,https://www.sofascore.com/belarus-czech-republic/oUbsTUb#id:9223810,czechia,miss,No information,assisted,12.6,54.6,0,head,left,0,61.5,23.6,No information,No information,74,No information,4432,54.6,12.6,38.5,0,38.5,76.4,17,968,shot
artem-rakhmanov,https://www.sofascore.com/belarus-czech-republic/oUbsTUb#id:9223810,belarus,block,No information,corner,13,47,0,left-foot,low-left,0,52.1,19,No information,No information,73,No information,4349,47,13,47.9,0,47.9,81,18,1051,shot
nikita-korzun,https://www.sofascore.com/belarus-czech-republic/oUbsTUb#id:9223810,belarus,miss,No information,corner,24,56.3,0,left-foot,left,0,68.1,6.9,No information,No information,73,No information,4348,56.3,24,31.9,0,31.9,93.1,18,1052,shot
jakub-jankto,https://www.sofascore.com/belarus-czech-republic/oUbsTUb#id:9223810,czechia,miss,No information,assisted,3.3,56.3,0,head,left,0,61.8,20.8,No information,No information,68,No information,4048,56.3,3.3,38.2,0,38.2,79.2,23,1352,shot
tomas-soucek,https://www.sofascore.com/belarus-czech-republic/oUbsTUb#id:9223810,czechia,block,No information,assisted,12.8,30.4,0,right-foot,low-centre,0,49,19,No information,No information,65,No information,3842,30.4,12.8,51,0,51,81,26,1558,shot
aleksandr-sachivko,https://www.sofascore.com/belarus-czech-republic/oUbsTUb#id:9223810,belarus,save,No information,assisted,5.1,18.8,0,left-foot,low-right,0,45.6,3.2,No information,No information,53,No information,3133,18.8,5.1,54.4,0,54.4,96.8,38,2267,shot
adam-hlozek,https://www.sofascore.com/belarus-czech-republic/oUbsTUb#id:9223810,czechia,save,No information,assisted,7.3,37.8,0,head,high-centre,0,50.3,24.1,No information,No information,51,No information,3048,37.8,7.3,49.7,0,49.7,75.9,40,2352,shot
max-ebong,https://www.sofascore.com/belarus-czech-republic/oUbsTUb#id:9223810,belarus,block,No information,regular,21.7,44,0,left-foot,low-left,0,52.5,19,No information,No information,50,No information,2983,44,21.7,47.5,0,47.5,81,41,2417,shot
tomas-kalas,https://www.sofascore.com/belarus-czech-republic/oUbsTUb#id:9223810,czechia,block,No information,corner,8.9,56.3,0,head,low-centre,0,48.9,19,No information,No information,45,No information,2694,56.3,8.9,51.1,0,51.1,81,1,6,shot
jakub-jankto,https://www.sofascore.com/belarus-czech-republic/oUbsTUb#id:9223810,czechia,block,No information,corner,7.5,72.8,0,left-foot,low-right,0,47.9,15.3,No information,No information,45,No information,2652,72.8,7.5,52.1,0,52.1,84.7,1,48,shot
antonin-barak,https://www.sofascore.com/belarus-czech-republic/oUbsTUb#id:9223810,czechia,goal,regular,assisted,10.1,42.1,0,left-foot,low-left,0,53.4,1.9,No information,No information,34,No information,1983,42.1,10.1,46.6,0,46.6,98.1,12,717,shot
vladislav-klimovich,https://www.sofascore.com/belarus-czech-republic/oUbsTUb#id:9223810,belarus,save,No information,assisted,27.6,40.4,0,right-foot,low-centre,0,50.7,3.2,No information,No information,33,No information,1957,40.4,27.6,49.3,0,49.3,96.8,13,743,shot
adam-hlozek,https://www.sofascore.com/belarus-czech-republic/oUbsTUb#id:9223810,czechia,miss,No information,assisted,13.6,51.5,0,right-foot,high,0,47.7,86.1,No information,No information,32,No information,1867,51.5,13.6,52.3,0,52.3,13.9,14,833,shot
jakub-jankto,https://www.sofascore.com/belarus-czech-republic/oUbsTUb#id:9223810,czechia,miss,No information,assisted,24.2,71.9,0,left-foot,high,0,54.8,84.7,No information,No information,29,No information,1683,71.9,24.2,45.2,0,45.2,15.3,17,1017,shot
lisakovich-vitali,https://www.sofascore.com/belarus-czech-republic/oUbsTUb#id:9223810,belarus,block,No information,assisted,23.2,62.3,0,left-foot,low-centre,0,51.7,19,No information,No information,23,No information,1353,62.3,23.2,48.3,0,48.3,81,23,1347,shot
jakub-jankto,https://www.sofascore.com/belarus-czech-republic/oUbsTUb#id:9223810,czechia,block,No information,corner,21.1,76.3,0,left-foot,low-centre,0,49.3,19,No information,No information,20,No information,1194,76.3,21.1,50.7,0,50.7,81,26,1506,shot
jakub-jankto,https://www.sofascore.com/belarus-czech-republic/oUbsTUb#id:9223810,czechia,block,No information,assisted,11.7,79.9,0,left-foot,low-left,0,53.4,19,No information,No information,19,No information,1121,79.9,11.7,46.6,0,46.6,81,27,1579,shot
adam-hlozek,https://www.sofascore.com/belarus-czech-republic/oUbsTUb#id:9223810,czechia,miss,No information,regular,21.7,28.3,0,right-foot,high-right,0,37.6,70.8,No information,No information,18,No information,1073,28.3,21.7,62.4,0,62.4,29.2,28,1627,shot
jakub-jankto,https://www.sofascore.com/belarus-czech-republic/oUbsTUb#id:9223810,czechia,save,No information,regular,12.8,73.6,0,left-foot,low-left,0,52.3,2.5,No information,No information,17,No information,1011,73.6,12.8,47.7,0,47.7,97.5,29,1689,shot
alex-kral,https://www.sofascore.com/belarus-czech-republic/oUbsTUb#id:9223810,czechia,block,No information,regular,8,52.3,0,right-foot,low-centre,0,48.5,19,No information,No information,17,No information,1005,52.3,8,51.5,0,51.5,81,29,1695,shot
tomas-soucek,https://www.sofascore.com/belarus-czech-republic/oUbsTUb#id:9223810,czechia,block,No information,assisted,28.6,48.9,0,right-foot,low-centre,0,49.5,19,No information,No information,16,No information,907,48.9,28.6,50.5,0,50.5,81,30,1793,shot
antonin-barak,https://www.sofascore.com/belarus-czech-republic/oUbsTUb#id:9223810,czechia,miss,No information,assisted,18.7,63.9,0,left-foot,high,0,55.1,83.3,No information,No information,11,No information,605,63.9,18.7,44.9,0,44.9,16.7,35,2095,shot
jakub-jankto,https://www.sofascore.com/belarus-czech-republic/oUbsTUb#id:9223810,czechia,save,No information,assisted,26.9,67.5,0,left-foot,low-centre,0,50.7,4.4,No information,No information,8,No information,450,67.5,26.9,49.3,0,49.3,95.6,38,2250,shot
tomas-soucek,https://www.sofascore.com/belarus-czech-republic/oUbsTUb#id:9223810,czechia,block,No information,regular,23.8,59.3,0,right-foot,low-centre,0,49.3,19,No information,No information,3,No information,147,59.3,23.8,50.7,0,50.7,81,43,2553,shot
lisakovich-vitali,https://www.sofascore.com/belarus-czech-republic/oUbsTUb#id:9223810,belarus,miss,No information,regular,19.1,66.8,0,left-foot,left,0,61.5,4.2,No information,No information,1,No information,42,66.8,19.1,38.5,0,38.5,95.8,45,2658,shot

tomas-soucek,https://www.sofascore.com/czech-republic-albania/PTbsoUb#id:10752464,czechia,miss,No information,set-piece,6,56.5,0,head,right,0,37.1,8.3,No information,No information,90,No information,5373,56.5,6,62.9,0,62.9,91.7,1,27,shot
adam-hlozek,https://www.sofascore.com/czech-republic-albania/PTbsoUb#id:10752464,czechia,miss,No information,regular,17.2,43.9,0,left-foot,high,0,55.5,100,No information,No information,80,No information,4774,43.9,17.2,44.5,0,44.5,0,11,626,shot
tomas-soucek,https://www.sofascore.com/czech-republic-albania/PTbsoUb#id:10752464,czechia,miss,No information,corner,14,54.8,0,right-foot,high-left,0,59.3,80.6,No information,No information,74,No information,4433,54.8,14,40.7,0,40.7,19.4,17,967,shot
ladislav-krejci,https://www.sofascore.com/czech-republic-albania/PTbsoUb#id:10752464,czechia,save,No information,assisted,3.8,44.7,0,head,low-left,0,52.4,16.5,No information,No information,74,No information,4393,44.7,3.8,47.6,0,47.6,83.5,17,1007,shot
nedim-bajrami,https://www.sofascore.com/czech-republic-albania/PTbsoUb#id:10752464,albania,goal,regular,assisted,26.6,48,0,right-foot,high-right,0,47.1,25.3,No information,No information,66,No information,3904,48,26.6,52.9,0,52.9,74.7,25,1496,shot
vaclav-cerny,https://www.sofascore.com/czech-republic-albania/PTbsoUb#id:10752464,czechia,goal,regular,assisted,8.7,56.5,0,left-foot,low-left,0,52.8,1.3,No information,No information,56,No information,3356,56.5,8.7,47.2,0,47.2,98.7,35,2044,shot
jan-kuchta,https://www.sofascore.com/czech-republic-albania/PTbsoUb#id:10752464,czechia,block,No information,regular,10.4,47,0,left-foot,low-right,0,47.2,6.9,No information,No information,47,No information,2813,47,10.4,52.8,0,52.8,93.1,44,2587,shot
tomas-soucek,https://www.sofascore.com/czech-republic-albania/PTbsoUb#id:10752464,czechia,block,No information,assisted,13.6,46.4,0,left-foot,low-right,0,47.7,6.9,No information,No information,43,No information,2526,46.4,13.6,52.3,0,52.3,93.1,3,174,shot
tomas-cvancara,https://www.sofascore.com/czech-republic-albania/PTbsoUb#id:10752464,czechia,miss,No information,assisted,3.3,37.1,0,head,high-left,0,56.6,62.5,No information,No information,39,No information,2329,37.1,3.3,43.4,0,43.4,37.5,7,371,shot
lukas-provod,https://www.sofascore.com/czech-republic-albania/PTbsoUb#id:10752464,czechia,miss,No information,assisted,10.1,33,0,head,left,0,63,2.8,No information,No information,37,No information,2178,33,10.1,37,0,37,97.2,9,522,shot
vaclav-cerny,https://www.sofascore.com/czech-republic-albania/PTbsoUb#id:10752464,czechia,miss,No information,regular,22.9,76.1,0,left-foot,high-left,0,62.9,63.9,No information,No information,35,No information,2069,76.1,22.9,37.1,0,37.1,36.1,11,631,shot
tomas-soucek,https://www.sofascore.com/czech-republic-albania/PTbsoUb#id:10752464,czechia,save,No information,assisted,10.8,48.5,0,head,high-centre,0,51,31.6,No information,No information,25,No information,1445,48.5,10.8,49,0,49,68.4,21,1255,shot
vaclav-cerny,https://www.sofascore.com/czech-republic-albania/PTbsoUb#id:10752464,czechia,save,No information,regular,21.2,46.1,0,left-foot,low-left,0,53.3,3.2,No information,No information,12,No information,698,46.1,21.2,46.7,0,46.7,96.8,34,2002,shot

bruno-petkovic,https://www.sofascore.com/croatia-czech-republic/oUbspUb#id:8513117,croatia,block,No information,corner,11.2,54,0,head,low-centre,0,49.6,19,No information,No information,89,No information,5310,54,11.2,50.4,0,50.4,81,2,90,shot
bruno-petkovic,https://www.sofascore.com/croatia-czech-republic/oUbspUb#id:8513117,croatia,block,No information,assisted,14.2,47,0,right-foot,low-centre,0,50.3,19,No information,No information,89,No information,5280,47,14.2,49.7,0,49.7,81,2,120,shot
adam-hlozek,https://www.sofascore.com/croatia-czech-republic/oUbspUb#id:8513117,czechia,miss,No information,assisted,10.3,42.9,0,right-foot,high,0,54.5,91.7,No information,No information,76,No information,4502,42.9,10.3,45.5,0,45.5,8.3,15,898,shot
nikola-vlasic,https://www.sofascore.com/croatia-czech-republic/oUbspUb#id:8513117,croatia,miss,No information,regular,12,45.2,0,right-foot,close-high-right,0,43.4,45.8,No information,No information,72,No information,4317,45.2,12,56.6,0,56.6,54.2,19,1083,shot
patrik-schick,https://www.sofascore.com/croatia-czech-republic/oUbspUb#id:8513117,czechia,miss,No information,corner,6,52.2,0,head,high,0,50.9,91.7,No information,No information,61,No information,3642,52.2,6,49.1,0,49.1,8.3,30,1758,shot
tomas-soucek,https://www.sofascore.com/croatia-czech-republic/oUbspUb#id:8513117,czechia,block,No information,set-piece,4.7,37.5,0,left-foot,low-centre,0,49.4,19,No information,No information,61,No information,3618,37.5,4.7,50.6,0,50.6,81,30,1782,shot
andrej-kramaric,https://www.sofascore.com/croatia-czech-republic/oUbspUb#id:8513117,croatia,block,No information,assisted,18.4,46,0,right-foot,low-centre,0,48.7,19,No information,No information,58,No information,3463,46,18.4,51.3,0,51.3,81,33,1937,shot
luka-ivanusec,https://www.sofascore.com/croatia-czech-republic/oUbspUb#id:8513117,croatia,miss,No information,assisted,23.8,32.4,0,right-foot,high-right,0,35.5,69.4,No information,No information,57,No information,3398,32.4,23.8,64.5,0,64.5,30.6,34,2002,shot
jan-boril,https://www.sofascore.com/croatia-czech-republic/oUbspUb#id:8513117,czechia,block,No information,assisted,6.1,45.6,0,head,low-left,0,52.8,19,No information,No information,56,No information,3359,45.6,6.1,47.2,0,47.2,81,35,2041,shot
tomas-soucek,https://www.sofascore.com/croatia-czech-republic/oUbspUb#id:8513117,czechia,miss,No information,assisted,24.6,67.8,0,right-foot,close-left,0,57.8,4.2,No information,No information,52,No information,3108,67.8,24.6,42.2,0,42.2,95.8,39,2292,shot
ivan-perisic,https://www.sofascore.com/croatia-czech-republic/oUbspUb#id:8513117,croatia,goal,regular,assisted,10.4,28.1,0,right-foot,low-right,0,46.8,17.1,No information,No information,47,No information,2812,28.1,10.4,53.2,0,53.2,82.9,44,2588,shot
mateo-kovacic,https://www.sofascore.com/croatia-czech-republic/oUbspUb#id:8513117,croatia,miss,No information,set-piece,26.8,36.3,0,right-foot,high,0,45.4,68.1,No information,No information,46,No information,2758,36.3,26.8,54.6,0,54.6,31.9,45,2642,shot
patrik-schick,https://www.sofascore.com/croatia-czech-republic/oUbspUb#id:8513117,czechia,miss,No information,free-kick,25.1,31.8,0,left-foot,close-high-left,0,57.6,58.3,No information,No information,45,3,2878,31.8,25.1,42.4,0,42.4,41.7,1,2522,shot
andrej-kramaric,https://www.sofascore.com/croatia-czech-republic/oUbspUb#id:8513117,croatia,miss,No information,assisted,22.5,31.9,0,right-foot,close-left,0,57.1,5.6,No information,No information,44,No information,2596,31.9,22.5,42.9,0,42.9,94.4,2,104,shot
ante-rebic,https://www.sofascore.com/croatia-czech-republic/oUbspUb#id:8513117,croatia,miss,No information,assisted,8.1,35.7,0,left-foot,close-left,0,58.2,30.6,No information,No information,39,No information,2293,35.7,8.1,41.8,0,41.8,69.4,7,407,shot
patrik-schick,https://www.sofascore.com/croatia-czech-republic/oUbspUb#id:8513117,czechia,goal,penalty,penalty,11.5,50,0,left-foot,low-left,0,53,7.6,No information,No information,37,No information,2210,50,11.5,47,0,47,92.4,9,490,shot
ivan-perisic,https://www.sofascore.com/croatia-czech-republic/oUbspUb#id:8513117,croatia,save,No information,corner,13.7,45.4,0,left-foot,low-centre,0,51.5,0.6,No information,No information,23,No information,1363,45.4,13.7,48.5,0,48.5,99.4,23,1337,shot
patrik-schick,https://www.sofascore.com/croatia-czech-republic/oUbspUb#id:8513117,czechia,miss,No information,assisted,9.8,56.3,0,right-foot,close-right,0,42.5,2.8,No information,No information,18,No information,1056,56.3,9.8,57.5,0,57.5,97.2,28,1644,shot
jakub-jankto,https://www.sofascore.com/croatia-czech-republic/oUbspUb#id:8513117,czechia,miss,No information,regular,10.8,37.5,0,left-foot,high-left,0,61.8,93.1,No information,No information,12,No information,712,37.5,10.8,38.2,0,38.2,6.9,34,1988,shot
dejan-lovren,https://www.sofascore.com/croatia-czech-republic/oUbspUb#id:8513117,croatia,miss,No information,free-kick,26.5,48,0,right-foot,high,0,55.8,81.9,No information,No information,10,No information,583,48,26.5,44.2,0,44.2,18.1,36,2117,shot
tomas-soucek,https://www.sofascore.com/croatia-czech-republic/oUbspUb#id:8513117,czechia,miss,No information,corner,6.3,57,0,head,close-high,0,49.1,54.2,No information,No information,4,No information,204,57,6.3,50.9,0,50.9,45.8,42,2496,shot
vladimir-coufal,https://www.sofascore.com/croatia-czech-republic/oUbspUb#id:8513117,czechia,block,No information,regular,17.8,52.6,0,left-foot,low-right,0,48.2,19,No information,No information,2,No information,118,52.6,17.8,51.8,0,51.8,81,44,2582,shot

andrias-edmundsson,https://www.sofascore.com/faroe-islands-czech-republic/oUbskVb#id:10752531,faroe islands,block,No information,set-piece,11.1,47.1,0,right-foot,low-left,0,54,19,No information,No information,90,4,5616,47.1,11.1,46,0,46,81,1,684,shot
joannes-bjartalid,https://www.sofascore.com/faroe-islands-czech-republic/oUbskVb#id:10752531,faroe islands,miss,No information,set-piece,22.4,33.6,0,left-foot,right,0,39.3,19,No information,No information,90,4,5616,33.6,22.4,60.7,0,60.7,81,1,684,shot
solvi-vatnhamar,https://www.sofascore.com/faroe-islands-czech-republic/oUbskVb#id:10752531,faroe islands,block,No information,assisted,10.7,67.8,0,right-foot,low-centre,0,49,19,No information,No information,80,No information,4742,67.8,10.7,51,0,51,81,11,658,shot
tomas-soucek,https://www.sofascore.com/faroe-islands-czech-republic/oUbskVb#id:10752531,czechia,goal,penalty,penalty,11.5,50,0,right-foot,high-centre,0,51.4,23.4,No information,No information,76,No information,4516,50,11.5,48.6,0,48.6,76.6,15,884,shot
vaclav-cerny,https://www.sofascore.com/faroe-islands-czech-republic/oUbskVb#id:10752531,czechia,miss,No information,set-piece,28.7,59.1,0,left-foot,left,0,60.5,5.6,No information,No information,71,No information,4214,59.1,28.7,39.5,0,39.5,94.4,20,1186,shot
tomas-soucek,https://www.sofascore.com/faroe-islands-czech-republic/oUbskVb#id:10752531,czechia,miss,No information,assisted,3.6,41,0,right-foot,left,0,61,30.6,No information,No information,67,No information,3970,41,3.6,39,0,39,69.4,24,1430,shot
lukas-provod,https://www.sofascore.com/faroe-islands-czech-republic/oUbskVb#id:10752531,czechia,block,No information,assisted,19.1,29.1,0,right-foot,low-left,0,53.1,19,No information,No information,64,No information,3794,29.1,19.1,46.9,0,46.9,81,27,1606,shot
jan-kuchta,https://www.sofascore.com/faroe-islands-czech-republic/oUbskVb#id:10752531,czechia,miss,No information,regular,7.3,42.3,0,head,high,0,50.8,86.1,No information,No information,58,No information,3428,42.3,7.3,49.2,0,49.2,13.9,33,1972,shot
sonni-nattestad,https://www.sofascore.com/faroe-islands-czech-republic/oUbskVb#id:10752531,faroe islands,save,No information,assisted,6.2,46.9,0,head,high-left,0,53.4,22.8,No information,No information,55,No information,3289,46.9,6.2,46.6,0,46.6,77.2,36,2111,shot
tomas-cvancara,https://www.sofascore.com/faroe-islands-czech-republic/oUbskVb#id:10752531,czechia,save,No information,assisted,12.7,60.6,0,right-foot,low-centre,0,49.5,3.2,No information,No information,50,No information,2947,60.6,12.7,50.5,0,50.5,96.8,41,2453,shot
tomas-cvancara,https://www.sofascore.com/faroe-islands-czech-republic/oUbskVb#id:10752531,czechia,miss,No information,assisted,14.4,48.2,0,head,left,0,62.9,11.1,No information,No information,45,3,2860,48.2,14.4,37.1,0,37.1,88.9,1,2540,shot
adam-hlozek,https://www.sofascore.com/faroe-islands-czech-republic/oUbskVb#id:10752531,czechia,miss,No information,assisted,9.1,41.7,0,right-foot,close-high,0,53.4,54.2,No information,No information,45,2,2772,41.7,9.1,46.6,0,46.6,45.8,1,2628,shot
andrias-edmundsson,https://www.sofascore.com/faroe-islands-czech-republic/oUbskVb#id:10752531,faroe islands,miss,No information,regular,29.3,66.3,0,left-foot,right,0,36.1,4.2,No information,No information,45,1,2738,66.3,29.3,63.9,0,63.9,95.8,1,2662,shot
tomas-cvancara,https://www.sofascore.com/faroe-islands-czech-republic/oUbskVb#id:10752531,czechia,miss,No information,assisted,10.9,45.5,0,head,left,0,60.8,6.9,No information,No information,42,No information,2485,45.5,10.9,39.2,0,39.2,93.1,4,215,shot
vaclav-cerny,https://www.sofascore.com/faroe-islands-czech-republic/oUbskVb#id:10752531,czechia,miss,No information,assisted,27.6,70.2,0,left-foot,left,0,63.4,31.9,No information,No information,39,No information,2313,70.2,27.6,36.6,0,36.6,68.1,7,387,shot
lingr-ondrej,https://www.sofascore.com/faroe-islands-czech-republic/oUbskVb#id:10752531,czechia,miss,No information,assisted,8.3,50.4,0,head,high,0,47.9,75,No information,No information,38,No information,2241,50.4,8.3,52.1,0,52.1,25,8,459,shot
adam-hlozek,https://www.sofascore.com/faroe-islands-czech-republic/oUbskVb#id:10752531,czechia,post,No information,free-kick,24.4,37.9,0,right-foot,left,0,55.5,25.3,No information,No information,35,No information,2040,37.9,24.4,44.5,0,44.5,74.7,11,660,shot
david-jurasek,https://www.sofascore.com/faroe-islands-czech-republic/oUbskVb#id:10752531,czechia,miss,No information,regular,9.5,31.9,0,left-foot,right,0,18.8,6.9,No information,No information,32,No information,1871,31.9,9.5,81.2,0,81.2,93.1,14,829,shot
michal-sadilek,https://www.sofascore.com/faroe-islands-czech-republic/oUbskVb#id:10752531,czechia,miss,No information,free-kick,13.4,80.8,0,left-foot,high,0,45.7,62.5,No information,No information,29,No information,1720,80.8,13.4,54.3,0,54.3,37.5,17,980,shot
lingr-ondrej,https://www.sofascore.com/faroe-islands-czech-republic/oUbskVb#id:10752531,czechia,miss,No information,assisted,10.7,43.3,0,head,right,0,39.8,13.9,No information,No information,26,No information,1522,43.3,10.7,60.2,0,60.2,86.1,20,1178,shot
tomas-cvancara,https://www.sofascore.com/faroe-islands-czech-republic/oUbskVb#id:10752531,czechia,miss,No information,assisted,8.1,53,0,head,left,0,72.9,5.6,No information,No information,24,No information,1412,53,8.1,27.1,0,27.1,94.4,22,1288,shot
ladislav-krejci,https://www.sofascore.com/faroe-islands-czech-republic/oUbskVb#id:10752531,czechia,save,No information,corner,10.1,46.4,0,head,low-centre,0,50.8,6.3,No information,No information,23,No information,1360,46.4,10.1,49.2,0,49.2,93.7,23,1340,shot
adam-hlozek,https://www.sofascore.com/faroe-islands-czech-republic/oUbskVb#id:10752531,czechia,block,No information,assisted,8,61.7,0,right-foot,low-right,0,47.9,19,No information,No information,23,No information,1335,61.7,8,52.1,0,52.1,81,23,1365,shot
tomas-soucek,https://www.sofascore.com/faroe-islands-czech-republic/oUbskVb#id:10752531,czechia,save,No information,assisted,27.3,53.6,0,right-foot,low-right,0,47.1,5.1,No information,No information,20,No information,1193,53.6,27.3,52.9,0,52.9,94.9,26,1507,shot
adam-hlozek,https://www.sofascore.com/faroe-islands-czech-republic/oUbskVb#id:10752531,czechia,save,No information,assisted,21.1,38.6,0,left-foot,low-centre,0,50.5,3.8,No information,No information,19,No information,1131,38.6,21.1,49.5,0,49.5,96.2,27,1569,shot
vaclav-cerny,https://www.sofascore.com/faroe-islands-czech-republic/oUbskVb#id:10752531,czechia,save,No information,regular,31.4,71.4,0,left-foot,low-right,0,47.3,0.6,No information,No information,14,No information,829,71.4,31.4,52.7,0,52.7,99.4,32,1871,shot
lingr-ondrej,https://www.sofascore.com/faroe-islands-czech-republic/oUbskVb#id:10752531,czechia,save,No information,corner,4.2,57.9,0,head,low-right,0,47.3,7.6,No information,No information,14,No information,812,57.9,4.2,52.7,0,52.7,92.4,32,1888,shot
lingr-ondrej,https://www.sofascore.com/faroe-islands-czech-republic/oUbskVb#id:10752531,czechia,block,No information,corner,1.1,35.9,0,left-foot,low-centre,0,50.2,19,No information,No information,9,No information,512,35.9,1.1,49.8,0,49.8,81,37,2188,shot
ladislav-krejci,https://www.sofascore.com/faroe-islands-czech-republic/oUbskVb#id:10752531,czechia,block,No information,corner,10,44.6,0,head,low-left,0,52.6,19,No information,No information,9,No information,510,44.6,10,47.4,0,47.4,81,37,2190,shot
david-doudera,https://www.sofascore.com/faroe-islands-czech-republic/oUbskVb#id:10752531,czechia,miss,No information,corner,28.3,49.4,0,right-foot,left,0,64.4,11.1,No information,No information,8,No information,477,49.4,28.3,35.6,0,35.6,88.9,38,2223,shot
tomas-cvancara,https://www.sofascore.com/faroe-islands-czech-republic/oUbskVb#id:10752531,czechia,miss,No information,corner,5.1,48.5,0,head,high,0,54.3,93.1,No information,No information,5,No information,247,48.5,5.1,45.7,0,45.7,6.9,41,2453,shot
david-doudera,https://www.sofascore.com/faroe-islands-czech-republic/oUbskVb#id:10752531,czechia,block,No information,regular,6.3,66.9,0,right-foot,low-left,0,53.2,19,No information,No information,4,No information,206,66.9,6.3,46.8,0,46.8,81,42,2494,shot
michal-sadilek,https://www.sofascore.com/faroe-islands-czech-republic/oUbskVb#id:10752531,czechia,post,No information,assisted,20.5,61.5,0,left-foot,left,0,55.2,20.9,No information,No information,4,No information,203,61.5,20.5,44.8,0,44.8,79.1,42,2497,shot
adam-hlozek,https://www.sofascore.com/faroe-islands-czech-republic/oUbskVb#id:10752531,czechia,block,No information,regular,21.1,37.3,0,left-foot,low-left,0,53.5,19,No information,No information,2,No information,76,37.3,21.1,46.5,0,46.5,81,44,2624,shot

adam-vlkanova,https://www.sofascore.com/czech-republic-portugal/eUbsoUb#id:10023306,czechia,miss,No information,regular,7.7,34,0,left-foot,close-left,0,57.1,19.4,No information,No information,86,No information,5144,34,7.7,42.9,0,42.9,80.6,5,256,shot
vaclav-jurecka,https://www.sofascore.com/czech-republic-portugal/eUbsoUb#id:10023306,czechia,miss,No information,assisted,11.6,68.2,0,right-foot,high-right,0,43.4,68.1,No information,No information,71,No information,4215,68.2,11.6,56.6,0,56.6,31.9,20,1185,shot
cristiano-ronaldo,https://www.sofascore.com/czech-republic-portugal/eUbsoUb#id:10023306,portugal,save,No information,assisted,10.3,35.3,0,left-foot,low-right,0,45.5,1.3,No information,No information,71,No information,4201,35.3,10.3,54.5,0,54.5,98.7,20,1199,shot
goncalo-guedes,https://www.sofascore.com/czech-republic-portugal/eUbsoUb#id:10023306,portugal,miss,No information,regular,8.7,48.7,0,right-foot,right,0,31.8,4.2,No information,No information,66,No information,3939,48.7,8.7,68.2,0,68.2,95.8,25,1461,shot
diogo-jota,https://www.sofascore.com/czech-republic-portugal/eUbsoUb#id:10023306,portugal,save,No information,regular,14.1,49.3,0,right-foot,high-right,0,48,21.5,No information,No information,61,No information,3641,49.3,14.1,52,0,52,78.5,30,1759,shot
vaclav-jurecka,https://www.sofascore.com/czech-republic-portugal/eUbsoUb#id:10023306,czechia,miss,No information,fast-break,13,65.8,0,right-foot,close-right,0,41.7,15.3,No information,No information,60,No information,3591,65.8,13,58.3,0,58.3,84.7,31,1809,shot
william-carvalho,https://www.sofascore.com/czech-republic-portugal/eUbsoUb#id:10023306,portugal,miss,No information,corner,8.1,54.2,0,head,left,0,62.4,4.2,No information,No information,45,1,2750,54.2,8.1,37.6,0,37.6,95.8,1,2650,shot
goncalo-guedes,https://www.sofascore.com/czech-republic-portugal/eUbsoUb#id:10023306,portugal,goal,regular,assisted,9.2,64.4,0,right-foot,low-left,0,53.6,0.6,No information,No information,38,No information,2253,64.4,9.2,46.4,0,46.4,99.4,8,447,shot
joao-cancelo,https://www.sofascore.com/czech-republic-portugal/eUbsoUb#id:10023306,portugal,goal,regular,assisted,4.4,66.8,0,right-foot,low-left,0,54,17.1,No information,No information,33,No information,1948,66.8,4.4,46,0,46,82.9,13,752,shot
vladimir-coufal,https://www.sofascore.com/czech-republic-portugal/eUbsoUb#id:10023306,czechia,miss,No information,corner,24.4,38.2,0,left-foot,high-left,0,61.2,44.4,No information,No information,31,No information,1849,38.2,24.4,38.8,0,38.8,55.6,15,851,shot
jan-kuchta,https://www.sofascore.com/czech-republic-portugal/eUbsoUb#id:10023306,czechia,save,No information,assisted,10.5,32.6,0,left-foot,high-left,0,52.9,20.9,No information,No information,31,No information,1802,32.6,10.5,47.1,0,47.1,79.1,15,898,shot
goncalo-guedes,https://www.sofascore.com/czech-republic-portugal/eUbsoUb#id:10023306,portugal,miss,No information,assisted,6.5,55.3,0,right-foot,right,0,6.7,1.4,No information,No information,29,No information,1732,55.3,6.5,93.3,0,93.3,98.6,17,968,shot
cristiano-ronaldo,https://www.sofascore.com/czech-republic-portugal/eUbsoUb#id:10023306,portugal,miss,No information,fast-break,10.8,32,0,left-foot,high-left,0,59.5,47.2,No information,No information,24,No information,1391,32,10.8,40.5,0,40.5,52.8,22,1309,shot
michal-sadilek,https://www.sofascore.com/czech-republic-portugal/eUbsoUb#id:10023306,czechia,miss,No information,assisted,12.7,38.4,0,left-foot,high,0,52.3,77.8,No information,No information,17,No information,985,38.4,12.7,47.7,0,47.7,22.2,29,1715,shot
lingr-ondrej,https://www.sofascore.com/czech-republic-portugal/eUbsoUb#id:10023306,czechia,block,No information,assisted,5,72.1,0,right-foot,low-right,0,46.9,16.7,No information,No information,17,No information,976,72.1,5,53.1,0,53.1,83.3,29,1724,shot
cristiano-ronaldo,https://www.sofascore.com/czech-republic-portugal/eUbsoUb#id:10023306,portugal,save,No information,corner,15,32.8,0,right-foot,low-centre,0,49.7,5.1,No information,No information,15,No information,899,32.8,15,50.3,0,50.3,94.9,31,1801,shot
william-carvalho,https://www.sofascore.com/czech-republic-portugal/eUbsoUb#id:10023306,portugal,block,No information,set-piece,3.8,63.9,0,right-foot,low-centre,0,48.8,19,No information,No information,15,No information,850,63.9,3.8,51.2,0,51.2,81,31,1850,shot
ruben-neves,https://www.sofascore.com/czech-republic-portugal/eUbsoUb#id:10023306,portugal,miss,No information,assisted,26.4,48.5,0,right-foot,left,0,62.2,4.2,No information,No information,10,No information,542,48.5,26.4,37.8,0,37.8,95.8,36,2158,shot
lingr-ondrej,https://www.sofascore.com/czech-republic-portugal/eUbsoUb#id:10023306,czechia,miss,No information,regular,20.2,70.7,0,right-foot,high-right,0,36,66.7,No information,No information,4,No information,233,70.7,20.2,64,0,64,33.3,42,2467,shot
michal-sadilek,https://www.sofascore.com/czech-republic-portugal/eUbsoUb#id:10023306,czechia,miss,No information,regular,23.2,62.5,0,right-foot,left,0,60.5,1.4,No information,No information,4,No information,224,62.5,23.2,39.5,0,39.5,98.6,42,2476,shot

francisco-conceicao,https://www.sofascore.com/czech-republic-portugal/eUbsoUb#id:11873989,portugal,goal,regular,regular,3.6,47.4,0,left-foot,low-left,0,53.2,3.8,No information,No information,90,2,5471,47.4,3.6,46.8,0,46.8,96.2,1,829,shot
tomas-soucek,https://www.sofascore.com/czech-republic-portugal/eUbsoUb#id:11873989,czechia,miss,No information,regular,18.7,54.6,0,left-foot,close-right,0,42.2,8.3,No information,No information,81,No information,4858,54.6,18.7,57.8,0,57.8,91.7,10,542,shot
petr-sevcik,https://www.sofascore.com/czech-republic-portugal/eUbsoUb#id:11873989,czechia,block,No information,throw-in-set-piece,14.6,55,0,left-foot,low-centre,0,49.5,19,No information,No information,81,No information,4856,55,14.6,50.5,0,50.5,81,10,544,shot
bruno-fernandes,https://www.sofascore.com/czech-republic-portugal/eUbsoUb#id:11873989,portugal,block,No information,corner,11.8,19.1,0,right-foot,low-right,0,47.6,12.5,No information,No information,81,No information,4805,19.1,11.8,52.4,0,52.4,87.5,10,595,shot
vitinha,https://www.sofascore.com/czech-republic-portugal/eUbsoUb#id:11873989,portugal,save,No information,assisted,26.8,39.4,0,right-foot,low-left,0,52.5,6.3,No information,No information,78,No information,4652,39.4,26.8,47.5,0,47.5,93.7,13,748,shot
bernardo-silva,https://www.sofascore.com/czech-republic-portugal/eUbsoUb#id:11873989,portugal,save,No information,assisted,13.3,29.1,0,left-foot,low-left,0,51.9,18.4,No information,No information,72,No information,4313,29.1,13.3,48.1,0,48.1,81.6,19,1087,shot
robin-hranac,https://www.sofascore.com/czech-republic-portugal/eUbsoUb#id:11873989,portugal,goal,own,regular,1.8,48.6,0,left-foot,low-left,0,51.9,9.5,No information,No information,69,No information,4131,48.6,1.8,48.1,0,48.1,90.5,22,1269,shot
nuno-mendes,https://www.sofascore.com/czech-republic-portugal/eUbsoUb#id:11873989,portugal,save,No information,assisted,4.6,37.6,0,head,low-centre,0,49.7,0.6,No information,No information,69,No information,4129,37.6,4.6,50.3,0,50.3,99.4,22,1271,shot
lukas-provod,https://www.sofascore.com/czech-republic-portugal/eUbsoUb#id:11873989,czechia,goal,regular,assisted,20.7,56.6,0,right-foot,low-left,0,54.2,13.9,No information,No information,62,No information,3691,56.6,20.7,45.8,0,45.8,86.1,29,1709,shot
mojmir-chytil,https://www.sofascore.com/czech-republic-portugal/eUbsoUb#id:11873989,czechia,miss,No information,assisted,13,44.8,0,head,left,0,99.8,1.4,No information,No information,62,No information,3678,44.8,13,0.2,0,0.2,98.6,29,1722,shot
rafael-leao,https://www.sofascore.com/czech-republic-portugal/eUbsoUb#id:11873989,portugal,block,No information,assisted,11.2,25.6,0,right-foot,low-right,0,47.9,13.9,No information,No information,60,No information,3548,25.6,11.2,52.1,0,52.1,86.1,31,1852,shot
cristiano-ronaldo,https://www.sofascore.com/czech-republic-portugal/eUbsoUb#id:11873989,portugal,save,No information,free-kick,27.3,48.5,0,right-foot,low-centre,0,51.3,19,No information,No information,58,No information,3461,48.5,27.3,48.7,0,48.7,81,33,1939,shot
cristiano-ronaldo,https://www.sofascore.com/czech-republic-portugal/eUbsoUb#id:11873989,portugal,block,No information,assisted,9,48.9,0,head,low-centre,0,49.7,19,No information,No information,55,No information,3262,48.9,9,50.3,0,50.3,81,36,2138,shot
bernardo-silva,https://www.sofascore.com/czech-republic-portugal/eUbsoUb#id:11873989,portugal,miss,No information,regular,17.8,70.7,0,left-foot,high-left,0,59.7,63.9,No information,No information,52,No information,3081,70.7,17.8,40.3,0,40.3,36.1,39,2319,shot
diogo-dalot,https://www.sofascore.com/czech-republic-portugal/eUbsoUb#id:11873989,portugal,miss,No information,assisted,20.6,64.9,0,left-foot,high,0,53.6,75,No information,No information,46,No information,2757,64.9,20.6,46.4,0,46.4,25,45,2643,shot
cristiano-ronaldo,https://www.sofascore.com/czech-republic-portugal/eUbsoUb#id:11873989,portugal,save,No information,corner,9.8,69.6,0,left-foot,low-centre,0,51.6,17.1,No information,No information,45,1,2701,69.6,9.8,48.4,0,48.4,82.9,1,2699,shot
vitinha,https://www.sofascore.com/czech-republic-portugal/eUbsoUb#id:11873989,portugal,block,No information,assisted,11.8,44.8,0,right-foot,low-left,0,52.6,19,No information,No information,33,No information,1955,44.8,11.8,47.4,0,47.4,81,13,745,shot
vitinha,https://www.sofascore.com/czech-republic-portugal/eUbsoUb#id:11873989,portugal,save,No information,regular,22.5,41.6,0,right-foot,low-right,0,46.8,8.2,No information,No information,32,No information,1877,41.6,22.5,53.2,0,53.2,91.8,14,823,shot
cristiano-ronaldo,https://www.sofascore.com/czech-republic-portugal/eUbsoUb#id:11873989,portugal,save,No information,assisted,9.8,43.6,0,left-foot,low-centre,0,48.7,4.4,No information,No information,32,No information,1873,43.6,9.8,51.3,0,51.3,95.6,14,827,shot
bruno-fernandes,https://www.sofascore.com/czech-republic-portugal/eUbsoUb#id:11873989,portugal,block,No information,assisted,25.3,28,0,right-foot,low-left,0,52.7,19,No information,No information,24,No information,1396,28,25.3,47.3,0,47.3,81,22,1304,shot
joao-cancelo,https://www.sofascore.com/czech-republic-portugal/eUbsoUb#id:11873989,portugal,block,No information,assisted,14.2,31.1,0,right-foot,low-centre,0,49.3,19,No information,No information,23,No information,1375,31.1,14.2,50.7,0,50.7,81,23,1325,shot
ruben-dias,https://www.sofascore.com/czech-republic-portugal/eUbsoUb#id:11873989,portugal,block,No information,assisted,20.3,69.3,0,right-foot,low-centre,0,50.2,19,No information,No information,22,No information,1278,69.3,20.3,49.8,0,49.8,81,24,1422,shot
nuno-mendes,https://www.sofascore.com/czech-republic-portugal/eUbsoUb#id:11873989,portugal,miss,No information,assisted,28.5,32.7,0,left-foot,high-right,0,38.5,58.3,No information,No information,17,No information,968,32.7,28.5,61.5,0,61.5,41.7,29,1732,shot
cristiano-ronaldo,https://www.sofascore.com/czech-republic-portugal/eUbsoUb#id:11873989,portugal,miss,No information,assisted,10.6,49,0,head,close-left,0,57.6,6.9,No information,No information,8,No information,450,49,10.6,42.4,0,42.4,93.1,38,2250,shot
pavel-sulc,https://www.sofascore.com/czech-republic-portugal/eUbsoUb#id:11873989,czechia,block,No information,assisted,15.5,40.7,0,right-foot,low-right,0,48,19,No information,No information,4,No information,218,40.7,15.5,52,0,52,81,42,2482,shot

sorba-thomas,https://www.sofascore.com/czech-republic-wales/cUbsoUb#id:9223864,wales,block,No information,assisted,15.1,28.9,0,right-foot,low-centre,0,48.9,19,No information,No information,88,No information,5242,28.9,15.1,51.1,0,51.1,81,3,158,shot
michal-sadilek,https://www.sofascore.com/czech-republic-wales/cUbsoUb#id:9223864,czechia,miss,No information,assisted,20.8,35.3,0,left-foot,high-left,0,58.8,66.7,No information,No information,85,No information,5093,35.3,20.8,41.2,0,41.2,33.3,6,307,shot
harry-wilson,https://www.sofascore.com/czech-republic-wales/cUbsoUb#id:9223864,wales,block,No information,assisted,25.3,34.3,0,left-foot,low-centre,0,51.8,19,No information,No information,83,No information,4942,34.3,25.3,48.2,0,48.2,81,8,458,shot
daniel-james,https://www.sofascore.com/czech-republic-wales/cUbsoUb#id:9223864,wales,miss,No information,fast-break,21.7,58.8,0,right-foot,left,0,62.5,8.3,No information,No information,81,No information,4817,58.8,21.7,37.5,0,37.5,91.7,10,583,shot
connor-roberts,https://www.sofascore.com/czech-republic-wales/cUbsoUb#id:9223864,wales,miss,No information,assisted,5.3,60.6,0,right-foot,close-right,0,43.9,2.8,No information,No information,78,No information,4658,60.6,5.3,56.1,0,56.1,97.2,13,742,shot
alex-kral,https://www.sofascore.com/czech-republic-wales/cUbsoUb#id:9223864,czechia,miss,No information,regular,23.1,53.7,0,right-foot,high,0,47.4,79.2,No information,No information,77,No information,4606,53.7,23.1,52.6,0,52.6,20.8,14,794,shot
patrik-schick,https://www.sofascore.com/czech-republic-wales/cUbsoUb#id:9223864,czechia,block,No information,assisted,17.5,42.5,0,left-foot,low-left,0,52.9,19,No information,No information,77,No information,4603,42.5,17.5,47.1,0,47.1,81,14,797,shot
ales-mateju,https://www.sofascore.com/czech-republic-wales/cUbsoUb#id:9223864,czechia,block,No information,assisted,21.5,69.4,0,right-foot,low-centre,0,49.1,19,No information,No information,77,No information,4600,69.4,21.5,50.9,0,50.9,81,14,800,shot
michal-sadilek,https://www.sofascore.com/czech-republic-wales/cUbsoUb#id:9223864,czechia,block,No information,regular,24.3,44.2,0,left-foot,low-centre,0,50,19,No information,No information,77,No information,4596,44.2,24.3,50,0,50,81,14,804,shot
michal-sadilek,https://www.sofascore.com/czech-republic-wales/cUbsoUb#id:9223864,czechia,block,No information,regular,20.5,55.2,0,left-foot,low-centre,0,49.4,19,No information,No information,77,No information,4593,55.2,20.5,50.6,0,50.6,81,14,807,shot
kieffer-moore,https://www.sofascore.com/czech-republic-wales/cUbsoUb#id:9223864,wales,miss,No information,assisted,4.9,44.6,0,head,close-right,0,44,4.2,No information,No information,75,No information,4475,44.6,4.9,56,0,56,95.8,16,925,shot
harry-wilson,https://www.sofascore.com/czech-republic-wales/cUbsoUb#id:9223864,wales,block,No information,assisted,23.6,49,0,left-foot,low-right,0,46.6,18.1,No information,No information,74,No information,4390,49,23.6,53.4,0,53.4,81.9,17,1010,shot
aaron-ramsey,https://www.sofascore.com/czech-republic-wales/cUbsoUb#id:9223864,wales,save,No information,assisted,6.7,64.9,0,left-foot,low-right,0,47.1,4.4,No information,No information,71,No information,4212,64.9,6.7,52.9,0,52.9,95.6,20,1188,shot
daniel-james,https://www.sofascore.com/czech-republic-wales/cUbsoUb#id:9223864,wales,goal,regular,assisted,10.7,63.4,0,right-foot,low-left,0,54.6,7.6,No information,No information,69,No information,4084,63.4,10.7,45.4,0,45.4,92.4,22,1316,shot
aaron-ramsey,https://www.sofascore.com/czech-republic-wales/cUbsoUb#id:9223864,wales,block,No information,regular,20.7,63.6,0,right-foot,low-centre,0,49.8,19,No information,No information,62,No information,3680,63.6,20.7,50.2,0,50.2,81,29,1720,shot
kieffer-moore,https://www.sofascore.com/czech-republic-wales/cUbsoUb#id:9223864,wales,save,No information,assisted,3.9,44.6,0,head,low-centre,0,49,11.4,No information,No information,61,No information,3634,44.6,3.9,51,0,51,88.6,30,1766,shot
tomas-soucek,https://www.sofascore.com/czech-republic-wales/cUbsoUb#id:9223864,czechia,miss,No information,assisted,18.3,65.4,0,right-foot,left,0,65,11.1,No information,No information,60,No information,3543,65.4,18.3,35,0,35,88.9,31,1857,shot
williams-neco,https://www.sofascore.com/czech-republic-wales/cUbsoUb#id:9223864,wales,miss,No information,corner,10.6,25.3,0,left-foot,high-left,0,56.5,81.9,No information,No information,52,No information,3087,25.3,10.6,43.5,0,43.5,18.1,39,2313,shot
danny-ward,https://www.sofascore.com/czech-republic-wales/cUbsoUb#id:9223864,czechia,goal,own,regular,2.1,51.1,0,right-foot,low-right,0,45.3,1.3,No information,No information,49,No information,2903,51.1,2.1,54.7,0,54.7,98.7,42,2497,shot
williams-neco,https://www.sofascore.com/czech-republic-wales/cUbsoUb#id:9223864,wales,miss,No information,set-piece,24.9,44.5,0,right-foot,high-right,0,43,80.6,No information,No information,48,No information,2838,44.5,24.9,57,0,57,19.4,43,2562,shot
jakub-pesek,https://www.sofascore.com/czech-republic-wales/cUbsoUb#id:9223864,czechia,goal,regular,regular,8.8,54.2,0,right-foot,low-centre,0,50.7,3.2,No information,No information,38,No information,2223,54.2,8.8,49.3,0,49.3,96.8,8,477,shot
filip-novak,https://www.sofascore.com/czech-republic-wales/cUbsoUb#id:9223864,czechia,save,No information,assisted,8.4,28.1,0,left-foot,low-centre,0,50.4,3.8,No information,No information,38,No information,2220,28.1,8.4,49.6,0,49.6,96.2,8,480,shot
aaron-ramsey,https://www.sofascore.com/czech-republic-wales/cUbsoUb#id:9223864,wales,goal,regular,fast-break,3.8,38.8,0,right-foot,low-right,0,46.6,8.9,No information,No information,36,No information,2120,38.8,3.8,53.4,0,53.4,91.1,10,580,shot
patrik-schick,https://www.sofascore.com/czech-republic-wales/cUbsoUb#id:9223864,czechia,block,No information,assisted,27.3,47,0,left-foot,low-centre,0,48.2,19,No information,No information,35,No information,2071,47,27.3,51.8,0,51.8,81,11,629,shot
kieffer-moore,https://www.sofascore.com/czech-republic-wales/cUbsoUb#id:9223864,wales,miss,No information,corner,8.4,51.6,0,head,left,0,61.7,4.2,No information,No information,33,No information,1948,51.6,8.4,38.3,0,38.3,95.8,13,752,shot
kieffer-moore,https://www.sofascore.com/czech-republic-wales/cUbsoUb#id:9223864,wales,save,No information,fast-break,14,52.7,0,right-foot,low-right,0,47.1,1.9,No information,No information,18,No information,1030,52.7,14,52.9,0,52.9,98.1,28,1670,shot
patrik-schick,https://www.sofascore.com/czech-republic-wales/cUbsoUb#id:9223864,czechia,block,No information,assisted,24.1,42.1,0,right-foot,low-centre,0,50.6,19,No information,No information,17,No information,1018,42.1,24.1,49.4,0,49.4,81,29,1682,shot
daniel-james,https://www.sofascore.com/czech-republic-wales/cUbsoUb#id:9223864,wales,miss,No information,regular,15.6,30.3,0,right-foot,high-right,0,40.5,62.5,No information,No information,15,No information,874,30.3,15.6,59.5,0,59.5,37.5,31,1826,shot
adam-hlozek,https://www.sofascore.com/czech-republic-wales/cUbsoUb#id:9223864,czechia,save,No information,assisted,12,38.8,0,right-foot,low-right,0,48.1,7,No information,No information,8,No information,469,38.8,12,51.9,0,51.9,93,38,2231,shot

ondrej-celustka,https://www.sofascore.com/czech-republic-wales/cUbsoUb#id:9223729,czechia,block,No information,regular,9.4,55.5,0,right-foot,low-centre,0,48.8,19,No information,No information,90,2,5515,55.5,9.4,51.2,0,51.2,81,1,785,shot
kieffer-moore,https://www.sofascore.com/czech-republic-wales/cUbsoUb#id:9223729,wales,miss,No information,assisted,13.1,36.7,0,right-foot,close-right,0,41.2,34.7,No information,No information,84,No information,5021,36.7,13.1,58.8,0,58.8,65.3,7,379,shot
daniel-james,https://www.sofascore.com/czech-republic-wales/cUbsoUb#id:9223729,wales,goal,regular,assisted,8.1,54.7,0,head,low-left,0,53,15.8,No information,No information,81,No information,4856,54.7,8.1,47,0,47,84.2,10,544,shot
rodon-joe,https://www.sofascore.com/czech-republic-wales/cUbsoUb#id:9223729,wales,miss,No information,corner,10,46.1,0,head,left,0,62.7,18.1,No information,No information,80,No information,4742,46.1,10,37.3,0,37.3,81.9,11,658,shot
daniel-james,https://www.sofascore.com/czech-republic-wales/cUbsoUb#id:9223729,wales,save,No information,assisted,5.4,64.7,0,right-foot,low-right,0,47.1,4.4,No information,No information,79,No information,4696,64.7,5.4,52.9,0,52.9,95.6,12,704,shot
vladimir-darida,https://www.sofascore.com/czech-republic-wales/cUbsoUb#id:9223729,czechia,miss,No information,assisted,25.1,61.8,0,right-foot,high,0,53.4,76.4,No information,No information,70,No information,4143,61.8,25.1,46.6,0,46.6,23.6,21,1257,shot
gareth-bale,https://www.sofascore.com/czech-republic-wales/cUbsoUb#id:9223729,wales,block,No information,regular,15,53.3,0,left-foot,low-centre,0,48.8,19,No information,No information,61,No information,3646,53.3,15,51.2,0,51.2,81,30,1754,shot
ondrej-celustka,https://www.sofascore.com/czech-republic-wales/cUbsoUb#id:9223729,czechia,save,No information,set-piece,9.9,49.4,0,head,high-centre,0,50,21.5,No information,No information,55,No information,3283,49.4,9.9,50,0,50,78.5,36,2117,shot
williams-neco,https://www.sofascore.com/czech-republic-wales/cUbsoUb#id:9223729,wales,miss,No information,assisted,54.5,14.3,0,right-foot,left,0,99.8,8.3,No information,No information,51,No information,3026,14.3,54.5,0.2,0,0.2,91.7,40,2374,shot
jakub-jankto,https://www.sofascore.com/czech-republic-wales/cUbsoUb#id:9223729,czechia,miss,No information,assisted,18.1,64.6,0,left-foot,high-left,0,56.5,62.5,No information,No information,45,No information,2689,64.6,18.1,43.5,0,43.5,37.5,1,11,shot
patrik-schick,https://www.sofascore.com/czech-republic-wales/cUbsoUb#id:9223729,czechia,miss,No information,corner,11.1,45.4,0,head,right,0,39.7,16.7,No information,No information,42,No information,2502,45.4,11.1,60.3,0,60.3,83.3,4,198,shot
jakub-jankto,https://www.sofascore.com/czech-republic-wales/cUbsoUb#id:9223729,czechia,block,No information,regular,13.5,62,0,left-foot,low-centre,0,50.7,19,No information,No information,41,No information,2433,62,13.5,49.3,0,49.3,81,5,267,shot
patrik-schick,https://www.sofascore.com/czech-republic-wales/cUbsoUb#id:9223729,czechia,block,No information,assisted,15.5,47,0,left-foot,low-centre,0,50,19,No information,No information,41,No information,2423,47,15.5,50,0,50,81,5,277,shot
patrik-schick,https://www.sofascore.com/czech-republic-wales/cUbsoUb#id:9223729,czechia,save,No information,assisted,13,57.2,0,right-foot,low-left,0,52.3,14.6,No information,No information,39,No information,2314,57.2,13,47.7,0,47.7,85.4,7,386,shot
gareth-bale,https://www.sofascore.com/czech-republic-wales/cUbsoUb#id:9223729,wales,block,No information,corner,12.8,35.3,0,left-foot,low-centre,0,48.2,19,No information,No information,37,No information,2189,35.3,12.8,51.8,0,51.8,81,9,511,shot
gareth-bale,https://www.sofascore.com/czech-republic-wales/cUbsoUb#id:9223729,wales,save,No information,assisted,6.4,53.4,0,left-foot,high-centre,0,50.3,24.7,No information,No information,36,No information,2136,53.4,6.4,49.7,0,49.7,75.3,10,564,shot
jakub-jankto,https://www.sofascore.com/czech-republic-wales/cUbsoUb#id:9223729,czechia,miss,No information,assisted,9,67,0,right-foot,close-right,0,42.7,26.4,No information,No information,14,No information,811,67,9,57.3,0,57.3,73.6,32,1889,shot
jakub-jankto,https://www.sofascore.com/czech-republic-wales/cUbsoUb#id:9223729,czechia,miss,No information,assisted,19.1,56.5,0,left-foot,close-left,0,57.1,9.7,No information,No information,11,No information,618,56.5,19.1,42.9,0,42.9,90.3,35,2082,shot
jakub-jankto,https://www.sofascore.com/czech-republic-wales/cUbsoUb#id:9223729,czechia,save,No information,assisted,18.4,55.7,0,left-foot,low-centre,0,50.6,7,No information,No information,3,No information,154,55.7,18.4,49.4,0,49.4,93,43,2546,shot

kevin-nisbet,https://www.sofascore.com/czech-republic-scotland/VTbsoUb#id:8602458,scotland,block,No information,assisted,4,59.8,0,head,low-right,0,47.3,19,No information,No information,90,4,5597,59.8,4,52.7,0,52.7,81,1,703,shot
michael-krmencik,https://www.sofascore.com/czech-republic-scotland/VTbsoUb#id:8602458,czechia,save,No information,assisted,8.8,55.7,0,left-foot,low-centre,0,50.3,16.5,No information,No information,90,No information,5378,55.7,8.8,49.7,0,49.7,83.5,1,22,shot
ryan-fraser,https://www.sofascore.com/czech-republic-scotland/VTbsoUb#id:8602458,scotland,block,No information,assisted,15.7,27.5,0,right-foot,low-centre,0,51.4,19,No information,No information,85,No information,5068,27.5,15.7,48.6,0,48.6,81,6,332,shot
james-forrest,https://www.sofascore.com/czech-republic-scotland/VTbsoUb#id:8602458,scotland,block,No information,assisted,9,60.2,0,left-foot,low-centre,0,48.7,13.9,No information,No information,84,No information,4987,60.2,9,51.3,0,51.3,86.1,7,413,shot
kevin-nisbet,https://www.sofascore.com/czech-republic-scotland/VTbsoUb#id:8602458,scotland,save,No information,assisted,20.2,69.4,0,right-foot,low-centre,0,51.6,12,No information,No information,82,No information,4897,69.4,20.2,48.4,0,48.4,88,9,503,shot
patrik-schick,https://www.sofascore.com/czech-republic-scotland/VTbsoUb#id:8602458,czechia,save,No information,assisted,12.7,45.2,0,left-foot,low-centre,0,51.2,4.4,No information,No information,81,No information,4819,45.2,12.7,48.8,0,48.8,95.6,10,581,shot
scott-mctominay,https://www.sofascore.com/czech-republic-scotland/VTbsoUb#id:8602458,scotland,miss,No information,set-piece,4.1,62.5,0,right-foot,high,0,47.6,66.7,No information,No information,77,No information,4598,62.5,4.1,52.4,0,52.4,33.3,14,802,shot
lyndon-dykes,https://www.sofascore.com/czech-republic-scotland/VTbsoUb#id:8602458,scotland,save,No information,assisted,11.4,42.7,0,left-foot,low-centre,0,51.1,3.2,No information,No information,66,No information,3916,42.7,11.4,48.9,0,48.9,96.8,25,1484,shot
grant-hanley,https://www.sofascore.com/czech-republic-scotland/VTbsoUb#id:8602458,scotland,miss,No information,corner,8.8,46.2,0,head,close-high,0,52.8,54.2,No information,No information,65,No information,3876,46.2,8.8,47.2,0,47.2,45.8,26,1524,shot
lyndon-dykes,https://www.sofascore.com/czech-republic-scotland/VTbsoUb#id:8602458,scotland,save,No information,corner,3,46.2,0,right-foot,low-centre,0,51.3,7.6,No information,No information,62,No information,3674,46.2,3,48.7,0,48.7,92.4,29,1726,shot
stuart-armstrong,https://www.sofascore.com/czech-republic-scotland/VTbsoUb#id:8602458,scotland,block,No information,fast-break,22.1,53.2,0,right-foot,low-centre,0,50.4,19,No information,No information,61,No information,3622,53.2,22.1,49.6,0,49.6,81,30,1778,shot
lyndon-dykes,https://www.sofascore.com/czech-republic-scotland/VTbsoUb#id:8602458,scotland,block,No information,regular,9,47.8,0,right-foot,low-right,0,48,19,No information,No information,57,No information,3365,47.8,9,52,0,52,81,34,2035,shot
john-mcginn,https://www.sofascore.com/czech-republic-scotland/VTbsoUb#id:8602458,scotland,block,No information,assisted,13.5,53,0,left-foot,low-right,0,47.6,13.9,No information,No information,57,No information,3362,53,13.5,52.4,0,52.4,86.1,34,2038,shot
vladimir-darida,https://www.sofascore.com/czech-republic-scotland/VTbsoUb#id:8602458,czechia,miss,No information,assisted,14.4,30.3,0,right-foot,close-high,0,46.1,58.3,No information,No information,55,No information,3243,30.3,14.4,53.9,0,53.9,41.7,36,2157,shot
patrik-schick,https://www.sofascore.com/czech-republic-scotland/VTbsoUb#id:8602458,czechia,goal,regular,fast-break,46.3,32.4,0,left-foot,high-left,0,52.5,21.5,No information,No information,52,No information,3094,32.4,46.3,47.5,0,47.5,78.5,39,2306,shot
jack-hendry,https://www.sofascore.com/czech-republic-scotland/VTbsoUb#id:8602458,scotland,block,No information,assisted,28.8,62.3,0,right-foot,low-centre,0,48.9,11.1,No information,No information,52,No information,3087,62.3,28.8,51.1,0,51.1,88.9,39,2313,shot
jack-hendry,https://www.sofascore.com/czech-republic-scotland/VTbsoUb#id:8602458,scotland,post,No information,assisted,17.8,57.3,0,right-foot,high,0,52.8,39.2,No information,No information,48,No information,2839,57.3,17.8,47.2,0,47.2,60.8,43,2561,shot
vladimir-darida,https://www.sofascore.com/czech-republic-scotland/VTbsoUb#id:8602458,czechia,save,No information,assisted,23.2,24.8,0,right-foot,low-left,0,54.1,2.5,No information,No information,47,No information,2766,24.8,23.2,45.9,0,45.9,97.5,44,2634,shot
patrik-schick,https://www.sofascore.com/czech-republic-scotland/VTbsoUb#id:8602458,czechia,save,No information,assisted,13.7,60.2,0,right-foot,high-centre,0,51.8,21.5,No information,No information,46,No information,2743,60.2,13.7,48.2,0,48.2,78.5,45,2657,shot
stuart-armstrong,https://www.sofascore.com/czech-republic-scotland/VTbsoUb#id:8602458,scotland,block,No information,regular,23.1,45.2,0,left-foot,low-left,0,52.6,9.7,No information,No information,45,1,2735,45.2,23.1,47.4,0,47.4,90.3,1,2665,shot
patrik-schick,https://www.sofascore.com/czech-republic-scotland/VTbsoUb#id:8602458,czechia,goal,regular,corner,8,53,0,head,low-left,0,54.3,6.3,No information,No information,42,No information,2465,53,8,45.7,0,45.7,93.7,4,235,shot
john-mcginn,https://www.sofascore.com/czech-republic-scotland/VTbsoUb#id:8602458,scotland,block,No information,corner,16.6,47.4,0,right-foot,low-left,0,51.9,13.9,No information,No information,32,No information,1899,47.4,16.6,48.1,0,48.1,86.1,14,801,shot
john-mcginn,https://www.sofascore.com/czech-republic-scotland/VTbsoUb#id:8602458,scotland,block,No information,corner,14.4,41.8,0,left-foot,low-centre,0,51.6,13.9,No information,No information,32,No information,1897,41.8,14.4,48.4,0,48.4,86.1,14,803,shot
andrew-robertson,https://www.sofascore.com/czech-republic-scotland/VTbsoUb#id:8602458,scotland,save,No information,assisted,14.1,33.2,0,left-foot,high-centre,0,51.3,31,No information,No information,32,No information,1865,33.2,14.1,48.7,0,48.7,69,14,835,shot
lyndon-dykes,https://www.sofascore.com/czech-republic-scotland/VTbsoUb#id:8602458,scotland,miss,No information,assisted,10.2,39,0,right-foot,close-left,0,58,13.9,No information,No information,18,No information,1056,39,10.2,42,0,42,86.1,28,1644,shot
jakub-jankto,https://www.sofascore.com/czech-republic-scotland/VTbsoUb#id:8602458,czechia,miss,No information,corner,20.6,32.6,0,left-foot,high-left,0,56.6,97.2,No information,No information,16,No information,936,32.6,20.6,43.4,0,43.4,2.8,30,1764,shot
patrik-schick,https://www.sofascore.com/czech-republic-scotland/VTbsoUb#id:8602458,czechia,save,No information,assisted,13.1,37,0,left-foot,low-left,0,53.6,10.8,No information,No information,16,No information,903,37,13.1,46.4,0,46.4,89.2,30,1797,shot
patrik-schick,https://www.sofascore.com/czech-republic-scotland/VTbsoUb#id:8602458,czechia,miss,No information,assisted,13,60.8,0,head,right,0,37.1,19.4,No information,No information,11,No information,602,60.8,13,62.9,0,62.9,80.6,35,2098,shot
john-mcginn,https://www.sofascore.com/czech-republic-scotland/VTbsoUb#id:8602458,scotland,block,No information,regular,5.4,66,0,right-foot,low-right,0,47.4,8.3,No information,No information,5,No information,298,66,5.4,52.6,0,52.6,91.7,41,2402,shot

jan-sykora,https://www.sofascore.com/estonia-czech-republic/oUbsjVb#id:9223964,czechia,miss,No information,assisted,18.7,55,0,right-foot,high-right,0,44,80.6,No information,No information,90,No information,5391,55,18.7,56,0,56,19.4,1,9,shot
jan-sykora,https://www.sofascore.com/estonia-czech-republic/oUbsjVb#id:9223964,czechia,goal,regular,assisted,10.4,62,0,left-foot,low-centre,0,50.6,6.3,No information,No information,85,No information,5072,62,10.4,49.4,0,49.4,93.7,6,328,shot
sergei-zenjov,https://www.sofascore.com/estonia-czech-republic/oUbsjVb#id:9223964,estonia,save,No information,set-piece,19.4,34,0,left-foot,high-right,0,45.9,32.3,No information,No information,83,No information,4932,34,19.4,54.1,0,54.1,67.7,8,468,shot
jan-sykora,https://www.sofascore.com/estonia-czech-republic/oUbsjVb#id:9223964,czechia,miss,No information,set-piece,23.4,34.9,0,left-foot,high,0,51.6,88.9,No information,No information,76,No information,4535,34.9,23.4,48.4,0,48.4,11.1,15,865,shot
jan-sykora,https://www.sofascore.com/estonia-czech-republic/oUbsjVb#id:9223964,czechia,block,No information,assisted,25.4,49.9,0,right-foot,low-centre,0,51.1,19,No information,No information,73,No information,4338,49.9,25.4,48.9,0,48.9,81,18,1062,shot
michael-krmencik,https://www.sofascore.com/estonia-czech-republic/oUbsjVb#id:9223964,czechia,save,No information,assisted,3.2,62.6,0,head,low-right,0,46.7,4.4,No information,No information,72,No information,4273,62.6,3.2,53.3,0,53.3,95.6,19,1127,shot
matej-vydra,https://www.sofascore.com/estonia-czech-republic/oUbsjVb#id:9223964,czechia,miss,No information,corner,7.4,52.1,0,head,high,0,48.4,72.2,No information,No information,68,No information,4028,52.1,7.4,51.6,0,51.6,27.8,23,1372,shot
markus-poom,https://www.sofascore.com/estonia-czech-republic/oUbsjVb#id:9223964,estonia,miss,No information,regular,12.7,57.9,0,left-foot,high-left,0,64.5,80.6,No information,No information,64,No information,3789,57.9,12.7,35.5,0,35.5,19.4,27,1611,shot
marten-kuusk,https://www.sofascore.com/estonia-czech-republic/oUbsjVb#id:9223964,estonia,block,No information,assisted,7.1,64.9,0,left-foot,low-left,0,53.4,8.3,No information,No information,64,No information,3787,64.9,7.1,46.6,0,46.6,91.7,27,1613,shot
jakub-brabec,https://www.sofascore.com/estonia-czech-republic/oUbsjVb#id:9223964,czechia,goal,regular,corner,2.8,48.9,0,right-foot,low-right,0,47.6,5.7,No information,No information,59,No information,3489,48.9,2.8,52.4,0,52.4,94.3,32,1911,shot
michal-sadilek,https://www.sofascore.com/estonia-czech-republic/oUbsjVb#id:9223964,czechia,save,No information,assisted,24.8,62.7,0,left-foot,high-right,0,46.7,31.6,No information,No information,58,No information,3457,62.7,24.8,53.3,0,53.3,68.4,33,1943,shot
vladimir-coufal,https://www.sofascore.com/estonia-czech-republic/oUbsjVb#id:9223964,czechia,miss,No information,regular,19.1,51.9,0,left-foot,high,0,53.3,87.5,No information,No information,56,No information,3352,51.9,19.1,46.7,0,46.7,12.5,35,2048,shot
jan-sykora,https://www.sofascore.com/estonia-czech-republic/oUbsjVb#id:9223964,czechia,block,No information,assisted,13.2,36.4,0,right-foot,low-left,0,52.5,19,No information,No information,55,No information,3265,36.4,13.2,47.5,0,47.5,81,36,2135,shot
vladimir-coufal,https://www.sofascore.com/estonia-czech-republic/oUbsjVb#id:9223964,czechia,miss,No information,throw-in-set-piece,14.8,49.5,0,left-foot,high,0,49.1,86.1,No information,No information,54,No information,3213,49.5,14.8,50.9,0,50.9,13.9,37,2187,shot
vladimir-coufal,https://www.sofascore.com/estonia-czech-republic/oUbsjVb#id:9223964,czechia,block,No information,assisted,19.4,64.5,0,left-foot,low-left,0,53.7,19,No information,No information,51,No information,3002,64.5,19.4,46.3,0,46.3,81,40,2398,shot
konstantin-vassiljev,https://www.sofascore.com/estonia-czech-republic/oUbsjVb#id:9223964,estonia,block,No information,throw-in-set-piece,14.4,46.1,0,right-foot,low-centre,0,51.2,19,No information,No information,47,No information,2797,46.1,14.4,48.8,0,48.8,81,44,2603,shot
erik-sorga,https://www.sofascore.com/estonia-czech-republic/oUbsjVb#id:9223964,estonia,miss,No information,regular,8.7,52.4,0,other,close-left,0,57.6,15.3,No information,No information,45,3,2820,52.4,8.7,42.4,0,42.4,84.7,1,2580,shot
konstantin-vassiljev,https://www.sofascore.com/estonia-czech-republic/oUbsjVb#id:9223964,estonia,block,No information,regular,23.1,38.8,0,left-foot,low-right,0,46.7,19,No information,No information,45,2,2818,38.8,23.1,53.3,0,53.3,81,1,2582,shot
markus-poom,https://www.sofascore.com/estonia-czech-republic/oUbsjVb#id:9223964,estonia,block,No information,regular,9.4,34.7,0,left-foot,low-left,0,52.3,19,No information,No information,45,2,2777,34.7,9.4,47.7,0,47.7,81,1,2623,shot
jan-sykora,https://www.sofascore.com/estonia-czech-republic/oUbsjVb#id:9223964,czechia,miss,No information,assisted,9.2,58.2,0,head,close-high,0,50.8,58.3,No information,No information,45,No information,2683,58.2,9.2,49.2,0,49.2,41.7,1,17,shot
lukas-masopust,https://www.sofascore.com/estonia-czech-republic/oUbsjVb#id:9223964,czechia,miss,No information,assisted,25.9,69,0,left-foot,high-left,0,57.3,91.7,No information,No information,43,No information,2566,69,25.9,42.7,0,42.7,8.3,3,134,shot
markus-poom,https://www.sofascore.com/estonia-czech-republic/oUbsjVb#id:9223964,estonia,save,No information,assisted,18.8,58.1,0,right-foot,low-centre,0,50,3.2,No information,No information,43,No information,2542,58.1,18.8,50,0,50,96.8,3,158,shot
zima-david,https://www.sofascore.com/estonia-czech-republic/oUbsjVb#id:9223964,czechia,save,No information,corner,3.4,55,0,right-foot,low-right,0,46.1,5.7,No information,No information,41,No information,2441,55,3.4,53.9,0,53.9,94.3,5,259,shot
jakub-brabec,https://www.sofascore.com/estonia-czech-republic/oUbsjVb#id:9223964,czechia,miss,No information,corner,11.3,59,0,right-foot,close-right,0,42,6.9,No information,No information,41,No information,2441,59,11.3,58,0,58,93.1,5,259,shot
alex-kral,https://www.sofascore.com/estonia-czech-republic/oUbsjVb#id:9223964,czechia,block,No information,throw-in-set-piece,7.8,67.4,0,right-foot,low-right,0,47.6,19,No information,No information,40,No information,2354,67.4,7.8,52.4,0,52.4,81,6,346,shot
rauno-sappinen,https://www.sofascore.com/estonia-czech-republic/oUbsjVb#id:9223964,estonia,miss,No information,set-piece,12.4,45.4,0,head,close-high,0,50.9,59.7,No information,No information,32,No information,1891,45.4,12.4,49.1,0,49.1,40.3,14,809,shot
jan-sykora,https://www.sofascore.com/estonia-czech-republic/oUbsjVb#id:9223964,czechia,save,No information,assisted,10.8,29.6,0,left-foot,low-centre,0,51.3,17.1,No information,No information,31,No information,1800,29.6,10.8,48.7,0,48.7,82.9,15,900,shot
vlasiy-sinyavskiy,https://www.sofascore.com/estonia-czech-republic/oUbsjVb#id:9223964,estonia,block,No information,assisted,18.4,46,0,right-foot,low-right,0,47.7,19,No information,No information,27,No information,1602,46,18.4,52.3,0,52.3,81,19,1098,shot
matej-vydra,https://www.sofascore.com/estonia-czech-republic/oUbsjVb#id:9223964,czechia,miss,No information,assisted,3.6,33.4,0,right-foot,right,0,32.3,8.3,No information,No information,26,No information,1512,33.4,3.6,67.7,0,67.7,91.7,20,1188,shot
michal-sadilek,https://www.sofascore.com/estonia-czech-republic/oUbsjVb#id:9223964,czechia,miss,No information,regular,21.6,60.6,0,right-foot,right,0,3.9,8.3,No information,No information,21,No information,1221,60.6,21.6,96.1,0,96.1,91.7,25,1479,shot
jakub-pesek,https://www.sofascore.com/estonia-czech-republic/oUbsjVb#id:9223964,czechia,save,No information,corner,13.3,32,0,right-foot,low-centre,0,49.4,4.4,No information,No information,17,No information,981,32,13.3,50.6,0,50.6,95.6,29,1719,shot
lukas-masopust,https://www.sofascore.com/estonia-czech-republic/oUbsjVb#id:9223964,czechia,block,No information,throw-in-set-piece,12.8,66.2,0,right-foot,low-right,0,47.5,19,No information,No information,14,No information,825,66.2,12.8,52.5,0,52.5,81,32,1875,shot
maksim-paskotsi,https://www.sofascore.com/estonia-czech-republic/oUbsjVb#id:9223964,estonia,miss,No information,corner,9.1,45.6,0,head,high-right,0,37.1,81.9,No information,No information,11,No information,607,45.6,9.1,62.9,0,62.9,18.1,35,2093,shot
rauno-sappinen,https://www.sofascore.com/estonia-czech-republic/oUbsjVb#id:9223964,estonia,block,No information,assisted,12.7,29.5,0,right-foot,low-left,0,54.1,19,No information,No information,3,No information,167,29.5,12.7,45.9,0,45.9,81,43,2533,shot

manor-solomon,https://www.sofascore.com/czech-republic-israel/FObsoUb#id:8600741,israel,save,No information,assisted,5.6,65.1,0,right-foot,low-centre,0,50.1,3.2,No information,No information,90,2,5499,65.1,5.6,49.9,0,49.9,96.8,1,801,shot
dia-saba,https://www.sofascore.com/czech-republic-israel/FObsoUb#id:8600741,israel,miss,No information,assisted,13.2,61.5,0,left-foot,close-high,0,54.6,50,No information,No information,88,No information,5232,61.5,13.2,45.4,0,45.4,50,3,168,shot
mohammad-abu-fani,https://www.sofascore.com/czech-republic-israel/FObsoUb#id:8600741,israel,miss,No information,assisted,23.8,39.7,0,right-foot,high,0,49.4,63.9,No information,No information,82,No information,4871,39.7,23.8,50.6,0,50.6,36.1,9,529,shot
lukas-provod,https://www.sofascore.com/czech-republic-israel/FObsoUb#id:8600741,czechia,block,No information,regular,6.8,54.9,0,right-foot,low-centre,0,49.5,19,No information,No information,78,No information,4655,54.9,6.8,50.5,0,50.5,81,13,745,shot
alex-kral,https://www.sofascore.com/czech-republic-israel/FObsoUb#id:8600741,czechia,miss,No information,assisted,21.3,63.2,0,left-foot,high-left,0,59.2,61.1,No information,No information,71,No information,4248,63.2,21.3,40.8,0,40.8,38.9,20,1152,shot
manor-solomon,https://www.sofascore.com/czech-republic-israel/FObsoUb#id:8600741,israel,save,No information,assisted,25.9,30.8,0,right-foot,low-centre,0,50.2,10.1,No information,No information,63,No information,3739,30.8,25.9,49.8,0,49.8,89.9,28,1661,shot
eran-zahavi,https://www.sofascore.com/czech-republic-israel/FObsoUb#id:8600741,israel,goal,regular,assisted,14.5,63,0,right-foot,high-left,0,54.2,25.3,No information,No information,55,No information,3297,63,14.5,45.8,0,45.8,74.7,36,2103,shot
manor-solomon,https://www.sofascore.com/czech-republic-israel/FObsoUb#id:8600741,israel,miss,No information,regular,8,55.1,0,right-foot,close-right,0,43.4,2.8,No information,No information,53,No information,3167,55.1,8,56.6,0,56.6,97.2,38,2233,shot
manor-solomon,https://www.sofascore.com/czech-republic-israel/FObsoUb#id:8600741,israel,block,No information,fast-break,9.1,35.2,0,right-foot,low-centre,0,51.3,19,No information,No information,51,No information,3044,35.2,9.1,48.7,0,48.7,81,40,2356,shot
matej-vydra,https://www.sofascore.com/czech-republic-israel/FObsoUb#id:8600741,czechia,goal,regular,regular,14.4,53,0,right-foot,low-right,0,46.9,3.8,No information,No information,47,No information,2819,53,14.4,53.1,0,53.1,96.2,44,2581,shot
eran-zahavi,https://www.sofascore.com/czech-republic-israel/FObsoUb#id:8600741,israel,miss,No information,assisted,23.2,60.8,0,right-foot,left,0,60.8,9.7,No information,No information,46,No information,2750,60.8,23.2,39.2,0,39.2,90.3,45,2650,shot
mohammad-abu-fani,https://www.sofascore.com/czech-republic-israel/FObsoUb#id:8600741,israel,miss,No information,assisted,15.7,66.3,0,right-foot,close-left,0,56.6,6.9,No information,No information,42,No information,2501,66.3,15.7,43.4,0,43.4,93.1,4,199,shot
jan-boril,https://www.sofascore.com/czech-republic-israel/FObsoUb#id:8600741,czechia,miss,No information,assisted,15.8,31,0,right-foot,close-high,0,46.9,58.3,No information,No information,31,No information,1827,31,15.8,53.1,0,53.1,41.7,15,873,shot
eran-zahavi,https://www.sofascore.com/czech-republic-israel/FObsoUb#id:8600741,israel,save,No information,set-piece,9.4,53.1,0,head,high-left,0,53.2,27.2,No information,No information,29,No information,1706,53.1,9.4,46.8,0,46.8,72.8,17,994,shot
lukas-masopust,https://www.sofascore.com/czech-republic-israel/FObsoUb#id:8600741,czechia,block,No information,assisted,26.9,39.8,0,left-foot,low-right,0,47.3,19,No information,No information,24,No information,1402,39.8,26.9,52.7,0,52.7,81,22,1298,shot
eran-zahavi,https://www.sofascore.com/czech-republic-israel/FObsoUb#id:8600741,israel,save,No information,regular,14.1,58.8,0,right-foot,low-left,0,51.9,15.2,No information,No information,20,No information,1175,58.8,14.1,48.1,0,48.1,84.8,26,1525,shot
joel-abu-hanna,https://www.sofascore.com/czech-republic-israel/FObsoUb#id:8600741,czechia,goal,own,regular,18.1,95.6,0,left-foot,low-centre,0,51.7,1.3,No information,No information,14,No information,827,95.6,18.1,48.3,0,48.3,98.7,32,1873,shot
vladimir-darida,https://www.sofascore.com/czech-republic-israel/FObsoUb#id:8600741,czechia,block,No information,assisted,4.7,60.9,0,right-foot,low-right,0,47.5,19,No information,No information,13,No information,752,60.9,4.7,52.5,0,52.5,81,33,1948,shot
vladimir-darida,https://www.sofascore.com/czech-republic-israel/FObsoUb#id:8600741,czechia,miss,No information,assisted,15.7,65.6,0,right-foot,high-right,0,41.8,73.6,No information,No information,12,No information,708,65.6,15.7,58.2,0,58.2,26.4,34,1992,shot
ondrej-celustka,https://www.sofascore.com/czech-republic-israel/FObsoUb#id:8600741,czechia,miss,No information,corner,5.6,55,0,head,high,0,48.2,68.1,No information,No information,9,No information,528,55,5.6,51.8,0,51.8,31.9,37,2172,shot
jan-boril,https://www.sofascore.com/czech-republic-israel/FObsoUb#id:8600741,czechia,miss,No information,assisted,3.7,43.4,0,right-foot,close-left,0,58.2,13.9,No information,No information,7,No information,378,43.4,3.7,41.8,0,41.8,86.1,39,2322,shot
