Player,Game Link,Country,shotType,goalType,situation,X,Y,Z,bodyPart,goalMouthLocation,Goal Mouth X,Goal mouth Y,Goal Mouth Z,XG,XGOT,time,addedTime,timeSeconds,Start X,Start Y,End X,End Y,Goal X,Goal Y,reversedPeriodTime,reversedPeriodTimeSeconds,incidentType
joel-pohjanpalo,https://www.sofascore.com/finland-denmark/BObsmUb#id:10752487,finland,miss,No information,corner,10.3,51.6,0,head,right,0,38.3,18.1,No information,No information,90,5,5679,51.6,10.3,61.7,0,61.7,81.9,1,621,shot
pierre-emile-hojbjerg,https://www.sofascore.com/finland-denmark/BObsmUb#id:10752487,denmark,goal,regular,assisted,22.5,57.9,0,right-foot,low-left,0,53.8,3.8,No information,No information,86,No information,5136,57.9,22.5,46.2,0,46.2,96.2,5,264,shot
kristiansen-victor,https://www.sofascore.com/finland-denmark/BObsmUb#id:10752487,denmark,block,No information,regular,9.8,25.6,0,left-foot,low-centre,0,50.8,19,No information,No information,86,No information,5125,25.6,9.8,49.2,0,49.2,81,5,275,shot
joachim-andersen,https://www.sofascore.com/finland-denmark/BObsmUb#id:10752487,denmark,miss,No information,set-piece,8.1,57.5,0,head,high-right,0,40,54.2,No information,No information,78,No information,4644,57.5,8.1,60,0,60,45.8,13,756,shot
joakim-maehle,https://www.sofascore.com/finland-denmark/BObsmUb#id:10752487,denmark,miss,No information,assisted,4,40.2,0,head,high,0,54.6,66.7,No information,No information,75,No information,4460,40.2,4,45.4,0,45.4,33.3,16,940,shot
christian-norgaard,https://www.sofascore.com/finland-denmark/BObsmUb#id:10752487,denmark,save,No information,assisted,26.8,41.3,0,right-foot,high-right,0,47.6,31,No information,No information,74,No information,4433,41.3,26.8,52.4,0,52.4,69,17,967,shot
jonas-wind,https://www.sofascore.com/finland-denmark/BObsmUb#id:10752487,denmark,block,No information,assisted,13,41.2,0,right-foot,low-centre,0,50.5,19,No information,No information,65,No information,3894,41.2,13,49.5,0,49.5,81,26,1506,shot
andreas-skov-olsen,https://www.sofascore.com/finland-denmark/BObsmUb#id:10752487,denmark,save,No information,assisted,6.3,68.6,0,right-foot,low-right,0,47.9,3.2,No information,No information,59,No information,3515,68.6,6.3,52.1,0,52.1,96.8,32,1885,shot
andreas-christensen,https://www.sofascore.com/finland-denmark/BObsmUb#id:10752487,denmark,miss,No information,assisted,29.1,48.5,0,right-foot,close-high-left,0,57.8,56.9,No information,No information,51,No information,3012,48.5,29.1,42.2,0,42.2,43.1,40,2388,shot
christian-eriksen,https://www.sofascore.com/finland-denmark/BObsmUb#id:10752487,denmark,save,No information,free-kick,18.2,29.7,0,right-foot,low-right,0,46.3,13.3,No information,No information,50,No information,2981,29.7,18.2,53.7,0,53.7,86.7,41,2419,shot
christian-eriksen,https://www.sofascore.com/finland-denmark/BObsmUb#id:10752487,denmark,block,No information,assisted,13,39.8,0,left-foot,low-centre,0,50.8,19,No information,No information,49,No information,2889,39.8,13,49.2,0,49.2,81,42,2511,shot
teemu-pukki,https://www.sofascore.com/finland-denmark/BObsmUb#id:10752487,finland,block,No information,assisted,19.6,67.5,0,right-foot,low-centre,0,49,19,No information,No information,45,1,2741,67.5,19.6,51,0,51,81,1,2659,shot
jonas-wind,https://www.sofascore.com/finland-denmark/BObsmUb#id:10752487,denmark,block,No information,corner,11.2,45.4,0,head,low-right,0,47.7,19,No information,No information,43,No information,2524,45.4,11.2,52.3,0,52.3,81,3,176,shot
christian-eriksen,https://www.sofascore.com/finland-denmark/BObsmUb#id:10752487,denmark,miss,No information,assisted,26.1,37.7,0,left-foot,right,0,38.5,4.2,No information,No information,36,No information,2151,37.7,26.1,61.5,0,61.5,95.8,10,549,shot
pierre-emile-hojbjerg,https://www.sofascore.com/finland-denmark/BObsmUb#id:10752487,denmark,block,No information,assisted,32.6,38.1,0,right-foot,low-centre,0,49.5,19,No information,No information,32,No information,1916,38.1,32.6,50.5,0,50.5,81,14,784,shot
teemu-pukki,https://www.sofascore.com/finland-denmark/BObsmUb#id:10752487,finland,block,No information,fast-break,11.9,36.3,0,right-foot,low-right,0,47.7,18.1,No information,No information,31,No information,1858,36.3,11.9,52.3,0,52.3,81.9,15,842,shot
nikolai-alho,https://www.sofascore.com/finland-denmark/BObsmUb#id:10752487,finland,miss,No information,assisted,24.9,76.5,0,left-foot,right,0,40.5,19.4,No information,No information,23,No information,1362,76.5,24.9,59.5,0,59.5,80.6,23,1338,shot
christian-eriksen,https://www.sofascore.com/finland-denmark/BObsmUb#id:10752487,denmark,save,No information,free-kick,29.4,44.5,0,right-foot,low-left,0,53.4,6.3,No information,No information,19,No information,1124,44.5,29.4,46.6,0,46.6,93.7,27,1576,shot
christian-norgaard,https://www.sofascore.com/finland-denmark/BObsmUb#id:10752487,denmark,miss,No information,corner,8.8,47.2,0,head,right,0,0.3,22.2,No information,No information,16,No information,918,47.2,8.8,99.7,0,99.7,77.8,30,1782,shot
jesper-lindstrom,https://www.sofascore.com/finland-denmark/BObsmUb#id:10752487,denmark,save,No information,assisted,23.2,75.6,0,right-foot,high-centre,0,51.4,25.3,No information,No information,15,No information,883,75.6,23.2,48.6,0,48.6,74.7,31,1817,shot

joakim-maehle,https://www.sofascore.com/france-denmark/BObsGOb#id:10230577,denmark,miss,No information,throw-in-set-piece,27.6,52.2,0,right-foot,high,0,48.6,77.8,No information,No information,90,7,5796,52.2,27.6,51.4,0,51.4,22.2,1,504,shot
kylian-mbappe,https://www.sofascore.com/france-denmark/BObsGOb#id:10230577,france,save,No information,fast-break,19.3,31.3,0,right-foot,low-centre,0,51.6,7.6,No information,No information,90,1,5418,31.3,19.3,48.4,0,48.4,92.4,1,882,shot
joachim-andersen,https://www.sofascore.com/france-denmark/BObsGOb#id:10230577,denmark,block,No information,assisted,25,66.1,0,left-foot,low-centre,0,49.5,19,No information,No information,89,No information,5298,66.1,25,50.5,0,50.5,81,2,102,shot
kylian-mbappe,https://www.sofascore.com/france-denmark/BObsGOb#id:10230577,france,goal,regular,assisted,2,46.4,0,right-foot,low-left,0,53.6,19.6,No information,No information,86,No information,5109,46.4,2,46.4,0,46.4,80.4,5,291,shot
pierre-emile-hojbjerg,https://www.sofascore.com/france-denmark/BObsGOb#id:10230577,denmark,miss,No information,assisted,27.5,59.8,0,right-foot,left,0,61.7,5.6,No information,No information,84,No information,5037,59.8,27.5,38.3,0,38.3,94.4,7,363,shot
martin-braithwaite,https://www.sofascore.com/france-denmark/BObsGOb#id:10230577,denmark,post,No information,assisted,10.3,60,0,right-foot,right,0,44.5,12.7,No information,No information,81,No information,4815,60,10.3,55.5,0,55.5,87.3,10,585,shot
adrien-rabiot,https://www.sofascore.com/france-denmark/BObsGOb#id:10230577,france,miss,No information,corner,7.5,63.7,0,left-foot,close-high-right,0,42.2,56.9,No information,No information,80,No information,4742,63.7,7.5,57.8,0,57.8,43.1,11,658,shot
jules-kounde,https://www.sofascore.com/france-denmark/BObsGOb#id:10230577,france,block,No information,corner,8.1,50.5,0,head,low-centre,0,50.6,19,No information,No information,79,No information,4700,50.5,8.1,49.4,0,49.4,81,12,700,shot
aurelien-tchouameni,https://www.sofascore.com/france-denmark/BObsGOb#id:10230577,france,block,No information,corner,5.4,47.2,0,head,low-centre,0,49.6,19,No information,No information,78,No information,4657,47.2,5.4,50.4,0,50.4,81,13,743,shot
christian-eriksen,https://www.sofascore.com/france-denmark/BObsGOb#id:10230577,denmark,block,No information,corner,25.2,53.9,0,left-foot,low-centre,0,48.9,19,No information,No information,74,No information,4397,53.9,25.2,51.1,0,51.1,81,17,1003,shot
jesper-lindstrom,https://www.sofascore.com/france-denmark/BObsGOb#id:10230577,denmark,save,No information,assisted,11.4,40.2,0,right-foot,low-centre,0,49.7,17.1,No information,No information,73,No information,4340,40.2,11.4,50.3,0,50.3,82.9,18,1060,shot
andreas-christensen,https://www.sofascore.com/france-denmark/BObsGOb#id:10230577,denmark,goal,regular,corner,6.1,48.2,0,head,high-centre,0,49.7,25.9,No information,No information,68,No information,4035,48.2,6.1,50.3,0,50.3,74.1,23,1365,shot
joachim-andersen,https://www.sofascore.com/france-denmark/BObsGOb#id:10230577,denmark,miss,No information,corner,8.1,56,0,head,left,0,85.2,6.9,No information,No information,68,No information,4034,56,8.1,14.8,0,14.8,93.1,23,1366,shot
kylian-mbappe,https://www.sofascore.com/france-denmark/BObsGOb#id:10230577,france,goal,regular,assisted,8.3,40.1,0,right-foot,low-centre,0,50,7,No information,No information,61,No information,3625,40.1,8.3,50,0,50,93,30,1775,shot
antoine-griezmann,https://www.sofascore.com/france-denmark/BObsGOb#id:10230577,france,miss,No information,assisted,15.2,47.9,0,left-foot,high-left,0,57.1,84.7,No information,No information,60,No information,3541,47.9,15.2,42.9,0,42.9,15.3,31,1859,shot
kylian-mbappe,https://www.sofascore.com/france-denmark/BObsGOb#id:10230577,france,save,No information,assisted,13.6,32.2,0,left-foot,high-left,0,52.4,29.1,No information,No information,56,No information,3359,32.2,13.6,47.6,0,47.6,70.9,35,2041,shot
kylian-mbappe,https://www.sofascore.com/france-denmark/BObsGOb#id:10230577,france,block,No information,assisted,21.9,24.4,0,right-foot,low-centre,0,49.6,19,No information,No information,45,3,2845,24.4,21.9,50.4,0,50.4,81,1,2555,shot
christian-eriksen,https://www.sofascore.com/france-denmark/BObsGOb#id:10230577,denmark,miss,No information,regular,33,52.7,0,right-foot,left,0,61.2,5.6,No information,No information,45,No information,2683,52.7,33,38.8,0,38.8,94.4,1,17,shot
kylian-mbappe,https://www.sofascore.com/france-denmark/BObsGOb#id:10230577,france,miss,No information,assisted,13.9,53.3,0,right-foot,high,0,44.9,93.1,No information,No information,40,No information,2374,53.3,13.9,55.1,0,55.1,6.9,6,326,shot
olivier-giroud,https://www.sofascore.com/france-denmark/BObsGOb#id:10230577,france,miss,No information,assisted,9.5,56.3,0,head,right,0,40.3,5.6,No information,No information,37,No information,2193,56.3,9.5,59.7,0,59.7,94.4,9,507,shot
andreas-cornelius,https://www.sofascore.com/france-denmark/BObsGOb#id:10230577,denmark,miss,No information,fast-break,13.8,70.9,0,right-foot,close-right,0,43,19.4,No information,No information,36,No information,2117,70.9,13.8,57,0,57,80.6,10,583,shot
adrien-rabiot,https://www.sofascore.com/france-denmark/BObsGOb#id:10230577,france,block,No information,regular,18.2,25.5,0,left-foot,low-right,0,46.8,19,No information,No information,34,No information,2016,25.5,18.2,53.2,0,53.2,81,12,684,shot
ousmane-dembele,https://www.sofascore.com/france-denmark/BObsGOb#id:10230577,france,block,No information,assisted,10.5,59.4,0,left-foot,low-right,0,47.8,19,No information,No information,33,No information,1975,59.4,10.5,52.2,0,52.2,81,13,725,shot
aurelien-tchouameni,https://www.sofascore.com/france-denmark/BObsGOb#id:10230577,france,block,No information,assisted,19.5,48.9,0,right-foot,low-left,0,52.7,19,No information,No information,33,No information,1972,48.9,19.5,47.3,0,47.3,81,13,728,shot
antoine-griezmann,https://www.sofascore.com/france-denmark/BObsGOb#id:10230577,france,save,No information,assisted,3.6,28.7,0,left-foot,low-centre,0,51.3,3.2,No information,No information,33,No information,1968,28.7,3.6,48.7,0,48.7,96.8,13,732,shot
jules-kounde,https://www.sofascore.com/france-denmark/BObsGOb#id:10230577,france,block,No information,assisted,9.5,68.6,0,right-foot,low-left,0,53.6,19,No information,No information,30,No information,1793,68.6,9.5,46.4,0,46.4,81,16,907,shot
adrien-rabiot,https://www.sofascore.com/france-denmark/BObsGOb#id:10230577,france,save,No information,set-piece,9.3,54.6,0,head,low-centre,0,51.8,16.5,No information,No information,21,No information,1218,54.6,9.3,48.2,0,48.2,83.5,25,1482,shot
olivier-giroud,https://www.sofascore.com/france-denmark/BObsGOb#id:10230577,france,miss,No information,regular,7.9,49.7,0,head,left,0,71.1,11.1,No information,No information,15,No information,893,49.7,7.9,28.9,0,28.9,88.9,31,1807,shot
raphael-varane,https://www.sofascore.com/france-denmark/BObsGOb#id:10230577,france,miss,No information,corner,7.3,55.7,0,head,left,0,60.5,15.3,No information,No information,13,No information,755,55.7,7.3,39.5,0,39.5,84.7,33,1945,shot
adrien-rabiot,https://www.sofascore.com/france-denmark/BObsGOb#id:10230577,france,block,No information,assisted,4.9,56.3,0,head,low-centre,0,48.3,19,No information,No information,10,No information,549,56.3,4.9,51.7,0,51.7,81,36,2151,shot
ousmane-dembele,https://www.sofascore.com/france-denmark/BObsGOb#id:10230577,france,block,No information,assisted,20.8,48.5,0,right-foot,low-centre,0,50.9,19,No information,No information,6,No information,321,48.5,20.8,49.1,0,49.1,81,40,2379,shot

marcelo-brozovic,https://www.sofascore.com/croatia-denmark/BObspUb#id:10023425,croatia,miss,No information,assisted,17.4,51.5,0,right-foot,high-right,0,43.5,81.9,No information,No information,90,3,5576,51.5,17.4,56.5,0,56.5,18.1,1,724,shot
jonas-wind,https://www.sofascore.com/croatia-denmark/BObspUb#id:10023425,denmark,miss,No information,regular,8.7,51.9,0,left-foot,left,0,94.6,2.8,No information,No information,89,No information,5331,51.9,8.7,5.4,0,5.4,97.2,2,69,shot
luka-modric,https://www.sofascore.com/croatia-denmark/BObspUb#id:10023425,croatia,block,No information,assisted,22.7,71.3,0,right-foot,low-right,0,46.6,19,No information,No information,88,No information,5277,71.3,22.7,53.4,0,53.4,81,3,123,shot
marcelo-brozovic,https://www.sofascore.com/croatia-denmark/BObspUb#id:10023425,croatia,block,No information,corner,21,27,0,right-foot,low-centre,0,50.5,19,No information,No information,85,No information,5090,27,21,49.5,0,49.5,81,6,310,shot
martin-braithwaite,https://www.sofascore.com/croatia-denmark/BObspUb#id:10023425,denmark,miss,No information,regular,20.2,42,0,right-foot,close-left,0,57,5.6,No information,No information,82,No information,4873,42,20.2,43,0,43,94.4,9,527,shot
martin-braithwaite,https://www.sofascore.com/croatia-denmark/BObspUb#id:10023425,denmark,block,No information,assisted,4.4,65.2,0,right-foot,low-right,0,47.4,19,No information,No information,81,No information,4805,65.2,4.4,52.6,0,52.6,81,10,595,shot
nikola-vlasic,https://www.sofascore.com/croatia-denmark/BObspUb#id:10023425,croatia,block,No information,fast-break,9.7,28.2,0,right-foot,low-right,0,47.3,19,No information,No information,80,No information,4741,28.2,9.7,52.7,0,52.7,81,11,659,shot
martin-braithwaite,https://www.sofascore.com/croatia-denmark/BObspUb#id:10023425,denmark,miss,No information,set-piece,10,48.1,0,head,high,0,48.6,75,No information,No information,76,No information,4534,48.1,10,51.4,0,51.4,25,15,866,shot
thomas-delaney,https://www.sofascore.com/croatia-denmark/BObspUb#id:10023425,denmark,block,No information,assisted,11.6,34.6,0,left-foot,low-left,0,52.9,19,No information,No information,73,No information,4339,34.6,11.6,47.1,0,47.1,81,18,1061,shot
mario-pasalic,https://www.sofascore.com/croatia-denmark/BObspUb#id:10023425,croatia,goal,regular,corner,4.7,56.6,0,right-foot,low-centre,0,50.2,5.1,No information,No information,69,No information,4134,56.6,4.7,49.8,0,49.8,94.9,22,1266,shot
josip-stanisic,https://www.sofascore.com/croatia-denmark/BObspUb#id:10023425,croatia,block,No information,set-piece,9.9,57,0,right-foot,low-centre,0,50.5,19,No information,No information,69,No information,4091,57,9.9,49.5,0,49.5,81,22,1309,shot
luka-modric,https://www.sofascore.com/croatia-denmark/BObspUb#id:10023425,croatia,save,No information,assisted,23.2,53.8,0,right-foot,low-right,0,45.3,12.7,No information,No information,63,No information,3728,53.8,23.2,54.7,0,54.7,87.3,28,1672,shot
andrej-kramaric,https://www.sofascore.com/croatia-denmark/BObspUb#id:10023425,croatia,miss,No information,assisted,4.2,51.5,0,head,left,0,84.9,16.7,No information,No information,56,No information,3326,51.5,4.2,15.1,0,15.1,83.3,35,2074,shot
pierre-emile-hojbjerg,https://www.sofascore.com/croatia-denmark/BObspUb#id:10023425,denmark,miss,No information,corner,30.7,51.7,0,right-foot,left,0,62.4,8.3,No information,No information,55,No information,3267,51.7,30.7,37.6,0,37.6,91.7,36,2133,shot
joakim-maehle,https://www.sofascore.com/croatia-denmark/BObspUb#id:10023425,denmark,block,No information,corner,20.2,29.9,0,right-foot,high-centre,0,50.9,27.8,No information,No information,41,No information,2447,29.9,20.2,49.1,0,49.1,72.2,5,253,shot
andreas-cornelius,https://www.sofascore.com/croatia-denmark/BObspUb#id:10023425,denmark,save,No information,assisted,20.5,61.5,0,left-foot,low-left,0,53.7,14.6,No information,No information,40,No information,2393,61.5,20.5,46.3,0,46.3,85.4,6,307,shot
daniel-wass,https://www.sofascore.com/croatia-denmark/BObspUb#id:10023425,denmark,miss,No information,corner,24.9,59.6,0,right-foot,high,0,44.4,93.1,No information,No information,38,No information,2267,59.6,24.9,55.6,0,55.6,6.9,8,433,shot
christian-eriksen,https://www.sofascore.com/croatia-denmark/BObspUb#id:10023425,denmark,block,No information,assisted,20.1,46.5,0,right-foot,low-left,0,52,19,No information,No information,25,No information,1498,46.5,20.1,48,0,48,81,21,1202,shot
pierre-emile-hojbjerg,https://www.sofascore.com/croatia-denmark/BObspUb#id:10023425,denmark,miss,No information,corner,20.4,28,0,right-foot,high-right,0,43.9,88.9,No information,No information,21,No information,1220,28,20.4,56.1,0,56.1,11.1,25,1480,shot
joachim-andersen,https://www.sofascore.com/croatia-denmark/BObspUb#id:10023425,denmark,block,No information,set-piece,9.8,63.7,0,right-foot,low-centre,0,49.2,19,No information,No information,20,No information,1189,63.7,9.8,50.8,0,50.8,81,26,1511,shot
mislav-orsic,https://www.sofascore.com/croatia-denmark/BObspUb#id:10023425,croatia,miss,No information,assisted,13.6,32.6,0,right-foot,high,0,51.6,63.9,No information,No information,13,No information,750,32.6,13.6,48.4,0,48.4,36.1,33,1950,shot
joakim-maehle,https://www.sofascore.com/croatia-denmark/BObspUb#id:10023425,denmark,miss,No information,assisted,6.8,27.9,0,left-foot,close-left,0,57,27.8,No information,No information,11,No information,651,27.9,6.8,43,0,43,72.2,35,2049,shot
andreas-cornelius,https://www.sofascore.com/croatia-denmark/BObspUb#id:10023425,denmark,miss,No information,regular,16.9,53.4,0,left-foot,high,0,53.6,76.4,No information,No information,6,No information,359,53.4,16.9,46.4,0,46.4,23.6,40,2341,shot

rasmus-hojlund,https://www.sofascore.com/france-denmark/BObsGOb#id:10023410,denmark,miss,No information,assisted,24.9,57.3,0,left-foot,left,0,62.5,9.7,No information,No information,90,2,5483,57.3,24.9,37.5,0,37.5,90.3,1,817,shot
martin-braithwaite,https://www.sofascore.com/france-denmark/BObsGOb#id:10023410,denmark,save,No information,corner,2.4,55.1,0,head,low-centre,0,49.1,2.5,No information,No information,85,No information,5067,55.1,2.4,50.9,0,50.9,97.5,6,333,shot
rasmus-hojlund,https://www.sofascore.com/france-denmark/BObsGOb#id:10023410,denmark,miss,No information,corner,4.4,49.3,0,head,right,0,32.9,9.7,No information,No information,85,No information,5066,49.3,4.4,67.1,0,67.1,90.3,6,334,shot
jesper-lindstrom,https://www.sofascore.com/france-denmark/BObsGOb#id:10023410,denmark,block,No information,corner,19.6,32.5,0,left-foot,low-left,0,53.5,19,No information,No information,84,No information,5025,32.5,19.6,46.5,0,46.5,81,7,375,shot
martin-braithwaite,https://www.sofascore.com/france-denmark/BObsGOb#id:10023410,denmark,block,No information,assisted,15,71.2,0,right-foot,low-left,0,53.6,19,No information,No information,83,No information,4976,71.2,15,46.4,0,46.4,81,8,424,shot
christian-eriksen,https://www.sofascore.com/france-denmark/BObsGOb#id:10023410,denmark,block,No information,regular,32.4,60.2,0,right-foot,low-left,0,52.9,19.4,No information,No information,78,No information,4646,60.2,32.4,47.1,0,47.1,80.6,13,754,shot
andreas-christensen,https://www.sofascore.com/france-denmark/BObsGOb#id:10023410,denmark,block,No information,corner,7.7,62.7,0,head,low-right,0,47.2,13.9,No information,No information,72,No information,4309,62.7,7.7,52.8,0,52.8,86.1,19,1091,shot
antoine-griezmann,https://www.sofascore.com/france-denmark/BObsGOb#id:10023410,france,save,No information,regular,21.6,53.6,0,left-foot,low-centre,0,48.7,18.4,No information,No information,70,No information,4182,53.6,21.6,51.3,0,51.3,81.6,21,1218,shot
kylian-mbappe,https://www.sofascore.com/france-denmark/BObsGOb#id:10023410,france,save,No information,assisted,14,51.7,0,right-foot,low-centre,0,49.8,18.4,No information,No information,70,No information,4157,51.7,14,50.2,0,50.2,81.6,21,1243,shot
kylian-mbappe,https://www.sofascore.com/france-denmark/BObsGOb#id:10023410,france,save,No information,assisted,18.2,60.8,0,right-foot,low-centre,0,48.5,3.2,No information,No information,67,No information,4004,60.8,18.2,51.5,0,51.5,96.8,24,1396,shot
kylian-mbappe,https://www.sofascore.com/france-denmark/BObsGOb#id:10023410,france,save,No information,fast-break,13.8,63.5,0,right-foot,low-left,0,53.1,3.2,No information,No information,67,No information,3967,63.5,13.8,46.9,0,46.9,96.8,24,1433,shot
youssouf-fofana,https://www.sofascore.com/france-denmark/BObsGOb#id:10023410,france,miss,No information,assisted,24.8,33,0,right-foot,left,0,59.3,1.4,No information,No information,64,No information,3784,33,24.8,40.7,0,40.7,98.6,27,1616,shot
benoit-badiashile,https://www.sofascore.com/france-denmark/BObsGOb#id:10023410,france,miss,No information,corner,7.8,45.4,0,head,left,0,62.5,9.7,No information,No information,63,No information,3743,45.4,7.8,37.5,0,37.5,90.3,28,1657,shot
andreas-skov-olsen,https://www.sofascore.com/france-denmark/BObsGOb#id:10023410,denmark,save,No information,assisted,4.2,66.9,0,left-foot,low-centre,0,49.2,2.5,No information,No information,58,No information,3471,66.9,4.2,50.8,0,50.8,97.5,33,1929,shot
kylian-mbappe,https://www.sofascore.com/france-denmark/BObsGOb#id:10023410,france,miss,No information,assisted,26.4,29.8,0,right-foot,high-right,0,27.6,83.3,No information,No information,56,No information,3321,29.8,26.4,72.4,0,72.4,16.7,35,2079,shot
antoine-griezmann,https://www.sofascore.com/france-denmark/BObsGOb#id:10023410,france,save,No information,free-kick,26.3,37.8,0,left-foot,low-right,0,46.2,4.4,No information,No information,52,No information,3068,37.8,26.3,53.8,0,53.8,95.6,39,2332,shot
pierre-emile-hojbjerg,https://www.sofascore.com/france-denmark/BObsGOb#id:10023410,denmark,block,No information,corner,21.9,61.4,0,right-foot,low-right,0,46.9,19,No information,No information,43,No information,2531,61.4,21.9,53.1,0,53.1,81,3,169,shot
andreas-skov-olsen,https://www.sofascore.com/france-denmark/BObsGOb#id:10023410,denmark,goal,regular,corner,16.7,47.8,0,left-foot,low-left,0,52.3,10.1,No information,No information,39,No information,2305,47.8,16.7,47.7,0,47.7,89.9,7,395,shot
joakim-maehle,https://www.sofascore.com/france-denmark/BObsGOb#id:10023410,denmark,save,No information,assisted,2.5,37.3,0,left-foot,low-left,0,52.3,15.8,No information,No information,37,No information,2219,37.3,2.5,47.7,0,47.7,84.2,9,481,shot
andreas-skov-olsen,https://www.sofascore.com/france-denmark/BObsGOb#id:10023410,denmark,miss,No information,assisted,12.9,65.7,0,left-foot,left,0,71.9,15.3,No information,No information,37,No information,2217,65.7,12.9,28.1,0,28.1,84.7,9,483,shot
thomas-delaney,https://www.sofascore.com/france-denmark/BObsGOb#id:10023410,denmark,save,No information,corner,7,57.9,0,head,low-centre,0,49,9.5,No information,No information,37,No information,2180,57.9,7,51,0,51,90.5,9,520,shot
kasper-dolberg,https://www.sofascore.com/france-denmark/BObsGOb#id:10023410,denmark,goal,regular,assisted,8.5,46.2,0,right-foot,low-left,0,53.1,5.1,No information,No information,33,No information,1979,46.2,8.5,46.9,0,46.9,94.9,13,721,shot
benjamin-pavard,https://www.sofascore.com/france-denmark/BObsGOb#id:10023410,france,miss,No information,regular,26.9,73.6,0,right-foot,left,0,77.5,13.9,No information,No information,31,No information,1819,73.6,26.9,22.5,0,22.5,86.1,15,881,shot
thomas-delaney,https://www.sofascore.com/france-denmark/BObsGOb#id:10023410,denmark,block,No information,corner,9.9,51,0,head,low-centre,0,50.8,19,No information,No information,25,No information,1483,51,9.9,49.2,0,49.2,81,21,1217,shot
thomas-delaney,https://www.sofascore.com/france-denmark/BObsGOb#id:10023410,denmark,save,No information,corner,9.1,56.1,0,head,low-left,0,52.7,7,No information,No information,23,No information,1356,56.1,9.1,47.3,0,47.3,93,23,1344,shot
camavinga-eduardo,https://www.sofascore.com/france-denmark/BObsGOb#id:10023410,france,block,No information,assisted,25.6,51.5,0,left-foot,low-centre,0,51.4,19,No information,No information,18,No information,1038,51.5,25.6,48.6,0,48.6,81,28,1662,shot
camavinga-eduardo,https://www.sofascore.com/france-denmark/BObsGOb#id:10023410,france,miss,No information,assisted,24.6,43.9,0,left-foot,high,0,46.2,73.6,No information,No information,17,No information,992,43.9,24.6,53.8,0,53.8,26.4,29,1708,shot
antoine-griezmann,https://www.sofascore.com/france-denmark/BObsGOb#id:10023410,france,save,No information,assisted,11.5,33.9,0,right-foot,low-centre,0,48.6,5.7,No information,No information,15,No information,841,33.9,11.5,51.4,0,51.4,94.3,31,1859,shot
camavinga-eduardo,https://www.sofascore.com/france-denmark/BObsGOb#id:10023410,france,miss,No information,regular,16,52.8,0,left-foot,left,0,64.9,5.6,No information,No information,14,No information,817,52.8,16,35.1,0,35.1,94.4,32,1883,shot
benjamin-pavard,https://www.sofascore.com/france-denmark/BObsGOb#id:10023410,france,block,No information,regular,12.8,64.5,0,left-foot,low-left,0,52.6,5.6,No information,No information,14,No information,815,64.5,12.8,47.4,0,47.4,94.4,32,1885,shot
aurelien-tchouameni,https://www.sofascore.com/france-denmark/BObsGOb#id:10023410,france,block,No information,assisted,23.1,32.7,0,right-foot,low-centre,0,50.4,19,No information,No information,14,No information,812,32.7,23.1,49.6,0,49.6,81,32,1888,shot
dayot-upamecano,https://www.sofascore.com/france-denmark/BObsGOb#id:10023410,france,block,No information,corner,3.8,52.2,0,head,low-centre,0,49.1,19,No information,No information,10,No information,552,52.2,3.8,50.9,0,50.9,81,36,2148,shot
kylian-mbappe,https://www.sofascore.com/france-denmark/BObsGOb#id:10023410,france,save,No information,corner,5.3,67,0,right-foot,high-centre,0,48.6,26.6,No information,No information,8,No information,453,67,5.3,51.4,0,51.4,73.4,38,2247,shot

kevin-de-bruyne,https://www.sofascore.com/belgium-denmark/BObsrUb#id:8600792,belgium,goal,regular,assisted,9.9,38.3,0,right-foot,high-right,0,45.9,21.5,No information,No information,87,No information,5215,38.3,9.9,54.1,0,54.1,78.5,4,185,shot
nacer-chadli,https://www.sofascore.com/belgium-denmark/BObsrUb#id:8600792,denmark,goal,own,regular,12.8,95.8,0,right-foot,low-right,0,45.8,1.3,No information,No information,86,No information,5140,95.8,12.8,54.2,0,54.2,98.7,5,260,shot
kevin-de-bruyne,https://www.sofascore.com/belgium-denmark/BObsrUb#id:8600792,belgium,block,No information,assisted,20.3,32.2,0,right-foot,low-right,0,48.1,19,No information,No information,85,No information,5043,32.2,20.3,51.9,0,51.9,81,6,357,shot
martin-braithwaite,https://www.sofascore.com/belgium-denmark/BObsrUb#id:8600792,denmark,save,No information,regular,8.4,56.3,0,right-foot,low-right,0,48,19,No information,No information,81,No information,4835,56.3,8.4,52,0,52,81,10,565,shot
romelu-lukaku,https://www.sofascore.com/belgium-denmark/BObsrUb#id:8600792,belgium,goal,regular,assisted,6.3,53.8,0,head,high-right,0,47.5,24.1,No information,No information,69,No information,4127,53.8,6.3,52.5,0,52.5,75.9,22,1273,shot
yussuf-poulsen,https://www.sofascore.com/belgium-denmark/BObsrUb#id:8600792,denmark,miss,No information,assisted,8.7,43.4,0,head,high-left,0,60.2,51.4,No information,No information,65,No information,3858,43.4,8.7,39.8,0,39.8,48.6,26,1542,shot
christian-eriksen,https://www.sofascore.com/belgium-denmark/BObsrUb#id:8600792,denmark,block,No information,assisted,20.6,64.2,0,right-foot,low-centre,0,51.2,19,No information,No information,63,No information,3777,64.2,20.6,48.8,0,48.8,81,28,1623,shot
romelu-lukaku,https://www.sofascore.com/belgium-denmark/BObsrUb#id:8600792,belgium,goal,regular,set-piece,10.7,60.5,0,right-foot,low-centre,0,49.4,17.1,No information,No information,57,No information,3370,60.5,10.7,50.6,0,50.6,82.9,34,2030,shot
thomas-delaney,https://www.sofascore.com/belgium-denmark/BObsrUb#id:8600792,denmark,miss,No information,corner,15.7,54.8,0,left-foot,right,0,0.2,1.4,No information,No information,44,No information,2608,54.8,15.7,99.8,0,99.8,98.6,2,92,shot
romelu-lukaku,https://www.sofascore.com/belgium-denmark/BObsrUb#id:8600792,belgium,miss,No information,corner,7.4,53.3,0,head,close-right,0,41,12.5,No information,No information,29,No information,1696,53.3,7.4,59,0,59,87.5,17,1004,shot
youri-tielemans,https://www.sofascore.com/belgium-denmark/BObsrUb#id:8600792,belgium,block,No information,corner,21.3,37.9,0,right-foot,low-centre,0,48.3,19,No information,No information,29,No information,1687,37.9,21.3,51.7,0,51.7,81,17,1013,shot
daniel-wass,https://www.sofascore.com/belgium-denmark/BObsrUb#id:8600792,denmark,miss,No information,corner,13.5,58.7,0,right-foot,high-left,0,58.8,75,No information,No information,27,No information,1578,58.7,13.5,41.2,0,41.2,25,19,1122,shot
thomas-delaney,https://www.sofascore.com/belgium-denmark/BObsrUb#id:8600792,denmark,block,No information,set-piece,12,65.5,0,left-foot,low-centre,0,50.5,19,No information,No information,26,No information,1542,65.5,12,49.5,0,49.5,81,20,1158,shot
martin-braithwaite,https://www.sofascore.com/belgium-denmark/BObsrUb#id:8600792,denmark,save,No information,assisted,9.1,61.8,0,right-foot,low-centre,0,50.6,2.5,No information,No information,24,No information,1428,61.8,9.1,49.4,0,49.4,97.5,22,1272,shot
kevin-de-bruyne,https://www.sofascore.com/belgium-denmark/BObsrUb#id:8600792,belgium,save,No information,assisted,23.4,52.2,0,left-foot,low-centre,0,51.7,0.6,No information,No information,19,No information,1122,52.2,23.4,48.3,0,48.3,99.4,27,1578,shot
jonas-wind,https://www.sofascore.com/belgium-denmark/BObsrUb#id:8600792,denmark,goal,regular,regular,9,50.2,0,head,low-right,0,45.8,13.3,No information,No information,17,No information,1013,50.2,9,54.2,0,54.2,86.7,29,1687,shot
youri-tielemans,https://www.sofascore.com/belgium-denmark/BObsrUb#id:8600792,belgium,goal,regular,assisted,25.1,42.7,0,left-foot,low-right,0,46.3,2.5,No information,No information,3,No information,146,42.7,25.1,53.7,0,53.7,97.5,43,2554,shot

andreas-cornelius,https://www.sofascore.com/israel-denmark/BObsFOb#id:9223832,denmark,goal,regular,set-piece,2.9,57.9,0,head,low-right,0,46.3,17.7,No information,No information,90,1,5421,57.9,2.9,53.7,0,53.7,82.3,1,879,shot
daniel-wass,https://www.sofascore.com/israel-denmark/BObsFOb#id:9223832,denmark,miss,No information,free-kick,27.8,60.4,0,right-foot,high,0,48.7,98.6,No information,No information,82,No information,4898,60.4,27.8,51.3,0,51.3,1.4,9,502,shot
simon-kjaer,https://www.sofascore.com/israel-denmark/BObsFOb#id:9223832,denmark,block,No information,corner,7.6,56.9,0,head,low-centre,0,51.5,19,No information,No information,75,No information,4458,56.9,7.6,48.5,0,48.5,81,16,942,shot
mohammad-abu-fani,https://www.sofascore.com/israel-denmark/BObsFOb#id:9223832,israel,miss,No information,corner,26.8,37,0,right-foot,high-right,0,38,45.8,No information,No information,73,No information,4337,37,26.8,62,0,62,54.2,18,1063,shot
damsgaard-mikkel,https://www.sofascore.com/israel-denmark/BObsFOb#id:9223832,denmark,save,No information,regular,19.7,26.8,0,right-foot,low-centre,0,50.7,18.4,No information,No information,65,No information,3897,26.8,19.7,49.3,0,49.3,81.6,26,1503,shot
thomas-delaney,https://www.sofascore.com/israel-denmark/BObsFOb#id:9223832,denmark,goal,regular,set-piece,4.6,60.4,0,head,high-right,0,47.4,21.5,No information,No information,58,No information,3421,60.4,4.6,52.6,0,52.6,78.5,33,1979,shot
dolev-haziza,https://www.sofascore.com/israel-denmark/BObsFOb#id:9223832,israel,miss,No information,assisted,27.2,30.3,0,right-foot,high-right,0,33.4,76.4,No information,No information,47,No information,2816,30.3,27.2,66.6,0,66.6,23.6,44,2584,shot
damsgaard-mikkel,https://www.sofascore.com/israel-denmark/BObsFOb#id:9223832,denmark,block,No information,regular,19,46.4,0,right-foot,low-right,0,47.2,19,No information,No information,46,No information,2713,46.4,19,52.8,0,52.8,81,45,2687,shot
thomas-delaney,https://www.sofascore.com/israel-denmark/BObsFOb#id:9223832,denmark,save,No information,assisted,7.1,40.4,0,left-foot,low-centre,0,51.3,1.9,No information,No information,46,No information,2710,40.4,7.1,48.7,0,48.7,98.1,45,2690,shot
yussuf-poulsen,https://www.sofascore.com/israel-denmark/BObsFOb#id:9223832,denmark,save,No information,assisted,4.3,63.3,0,right-foot,low-centre,0,48.4,10.1,No information,No information,45,2,2784,63.3,4.3,51.6,0,51.6,89.9,1,2616,shot
andreas-skov-olsen,https://www.sofascore.com/israel-denmark/BObsFOb#id:9223832,denmark,goal,regular,assisted,10.7,63.5,0,left-foot,low-left,0,54.2,17.1,No information,No information,41,No information,2412,63.5,10.7,45.8,0,45.8,82.9,5,288,shot
simon-kjaer,https://www.sofascore.com/israel-denmark/BObsFOb#id:9223832,denmark,goal,regular,set-piece,8.4,51.5,0,head,low-left,0,52.8,3.2,No information,No information,31,No information,1852,51.5,8.4,47.2,0,47.2,96.8,15,848,shot
yussuf-poulsen,https://www.sofascore.com/israel-denmark/BObsFOb#id:9223832,denmark,goal,regular,regular,4.6,41.9,0,left-foot,high-left,0,52.9,29.7,No information,No information,28,No information,1639,41.9,4.6,47.1,0,47.1,70.3,18,1061,shot
damsgaard-mikkel,https://www.sofascore.com/israel-denmark/BObsFOb#id:9223832,denmark,save,No information,assisted,18.9,44.5,0,right-foot,low-left,0,53.6,2.5,No information,No information,28,No information,1637,44.5,18.9,46.4,0,46.4,97.5,18,1063,shot
eran-zahavi,https://www.sofascore.com/israel-denmark/BObsFOb#id:9223832,israel,miss,No information,assisted,18.4,47,0,left-foot,close-left,0,56.8,13.9,No information,No information,24,No information,1414,47,18.4,43.2,0,43.2,86.1,22,1286,shot
yussuf-poulsen,https://www.sofascore.com/israel-denmark/BObsFOb#id:9223832,denmark,miss,No information,assisted,8.6,41.6,0,head,left,0,62.4,34.7,No information,No information,19,No information,1139,41.6,8.6,37.6,0,37.6,65.3,27,1561,shot
joakim-maehle,https://www.sofascore.com/israel-denmark/BObsFOb#id:9223832,denmark,block,No information,corner,14.2,35.9,0,left-foot,low-centre,0,51.7,19,No information,No information,18,No information,1075,35.9,14.2,48.3,0,48.3,81,28,1625,shot
joakim-maehle,https://www.sofascore.com/israel-denmark/BObsFOb#id:9223832,denmark,block,No information,corner,26.1,45.2,0,right-foot,low-centre,0,48.3,19,No information,No information,18,No information,1071,45.2,26.1,51.7,0,51.7,81,28,1629,shot

rasmus-hojlund,https://www.sofascore.com/finland-denmark/BObsmUb#id:10752369,denmark,goal,regular,regular,5.6,42.7,0,left-foot,low-right,0,48.1,3.2,No information,No information,90,3,5558,42.7,5.6,51.9,0,51.9,96.8,1,742,shot
philip-billing,https://www.sofascore.com/finland-denmark/BObsmUb#id:10752369,denmark,block,No information,assisted,13.5,53,0,left-foot,low-centre,0,51,19,No information,No information,90,2,5510,53,13.5,49,0,49,81,1,790,shot
anssi-suhonen,https://www.sofascore.com/finland-denmark/BObsmUb#id:10752369,finland,miss,No information,free-kick,26.3,60.5,0,right-foot,close-high-right,0,41.8,45.8,No information,No information,90,1,5420,60.5,26.3,58.2,0,58.2,54.2,1,880,shot
rasmus-hojlund,https://www.sofascore.com/finland-denmark/BObsmUb#id:10752369,denmark,goal,regular,corner,2.6,48.4,0,head,high-centre,0,51.7,24.7,No information,No information,82,No information,4875,48.4,2.6,48.3,0,48.3,75.3,9,525,shot
mohamed-daramy,https://www.sofascore.com/finland-denmark/BObsmUb#id:10752369,denmark,miss,No information,regular,9.9,39.6,0,right-foot,high,0,47.1,69.4,No information,No information,76,No information,4555,39.6,9.9,52.9,0,52.9,30.6,15,845,shot
rasmus-hojlund,https://www.sofascore.com/finland-denmark/BObsmUb#id:10752369,denmark,save,No information,assisted,3.5,51.3,0,head,low-right,0,47.1,18.4,No information,No information,70,No information,4146,51.3,3.5,52.9,0,52.9,81.6,21,1254,shot
joel-pohjanpalo,https://www.sofascore.com/finland-denmark/BObsmUb#id:10752369,finland,save,No information,assisted,17.7,53.3,0,right-foot,high-right,0,47.7,26.6,No information,No information,67,No information,4007,53.3,17.7,52.3,0,52.3,73.4,24,1393,shot
teemu-pukki,https://www.sofascore.com/finland-denmark/BObsmUb#id:10752369,finland,miss,No information,assisted,9.9,56,0,left-foot,close-right,0,40.8,4.2,No information,No information,66,No information,3939,56,9.9,59.2,0,59.2,95.8,25,1461,shot
robin-lod,https://www.sofascore.com/finland-denmark/BObsmUb#id:10752369,finland,block,No information,assisted,21.8,68.6,0,left-foot,low-left,0,53.9,19,No information,No information,66,No information,3938,68.6,21.8,46.1,0,46.1,81,25,1462,shot
joakim-maehle,https://www.sofascore.com/finland-denmark/BObsmUb#id:10752369,denmark,save,No information,corner,23.9,62.5,0,right-foot,high-left,0,52.2,31.6,No information,No information,63,No information,3753,62.5,23.9,47.8,0,47.8,68.4,28,1647,shot
rasmus-hojlund,https://www.sofascore.com/finland-denmark/BObsmUb#id:10752369,denmark,save,No information,assisted,10.9,40.3,0,left-foot,low-right,0,48,3.8,No information,No information,62,No information,3703,40.3,10.9,52,0,52,96.2,29,1697,shot
damsgaard-mikkel,https://www.sofascore.com/finland-denmark/BObsmUb#id:10752369,denmark,save,No information,regular,7.3,33.3,0,right-foot,high-left,0,54.3,21.5,No information,No information,61,No information,3610,33.3,7.3,45.7,0,45.7,78.5,30,1790,shot
joakim-maehle,https://www.sofascore.com/finland-denmark/BObsmUb#id:10752369,denmark,save,No information,assisted,14.1,30.8,0,right-foot,high-left,0,52.1,21.5,No information,No information,61,No information,3608,30.8,14.1,47.9,0,47.9,78.5,30,1792,shot
oliver-antman,https://www.sofascore.com/finland-denmark/BObsmUb#id:10752369,finland,block,No information,assisted,20.9,56.2,0,right-foot,high-left,0,53.9,22.2,No information,No information,58,No information,3449,56.2,20.9,46.1,0,46.1,77.8,33,1951,shot
oliver-antman,https://www.sofascore.com/finland-denmark/BObsmUb#id:10752369,finland,goal,regular,assisted,9.5,45.8,0,right-foot,low-right,0,46.8,2.5,No information,No information,53,No information,3165,45.8,9.5,53.2,0,53.2,97.5,38,2235,shot
mathias-jensen,https://www.sofascore.com/finland-denmark/BObsmUb#id:10752369,denmark,miss,No information,assisted,26.9,67.9,0,right-foot,left,0,59.5,11.1,No information,No information,53,No information,3128,67.9,26.9,40.5,0,40.5,88.9,38,2272,shot
martin-braithwaite,https://www.sofascore.com/finland-denmark/BObsmUb#id:10752369,denmark,miss,No information,assisted,15.8,47.2,0,right-foot,high-right,0,41.2,70.8,No information,No information,51,No information,3044,47.2,15.8,58.8,0,58.8,29.2,40,2356,shot
richard-jensen,https://www.sofascore.com/finland-denmark/BObsmUb#id:10752369,finland,miss,No information,set-piece,14.5,45.2,0,left-foot,high,0,48.4,87.5,No information,No information,49,No information,2928,45.2,14.5,51.6,0,51.6,12.5,42,2472,shot
christian-norgaard,https://www.sofascore.com/finland-denmark/BObsmUb#id:10752369,denmark,save,No information,corner,9.1,63,0,head,low-left,0,52.7,18.4,No information,No information,45,4,2934,63,9.1,47.3,0,47.3,81.6,1,2466,shot
rasmus-hojlund,https://www.sofascore.com/finland-denmark/BObsmUb#id:10752369,denmark,block,No information,assisted,22.5,57.5,0,left-foot,high-left,0,52.9,29.2,No information,No information,45,3,2874,57.5,22.5,47.1,0,47.1,70.8,1,2526,shot
joel-pohjanpalo,https://www.sofascore.com/finland-denmark/BObsmUb#id:10752369,finland,miss,No information,corner,4.3,63.3,0,head,close-high,0,52.6,56.9,No information,No information,45,No information,2674,63.3,4.3,47.4,0,47.4,43.1,1,26,shot
rasmus-hojlund,https://www.sofascore.com/finland-denmark/BObsmUb#id:10752369,denmark,save,No information,assisted,15.5,50.9,0,right-foot,low-left,0,52.6,2.5,No information,No information,30,No information,1762,50.9,15.5,47.4,0,47.4,97.5,16,938,shot
rasmus-hojlund,https://www.sofascore.com/finland-denmark/BObsmUb#id:10752369,denmark,goal,regular,assisted,4.1,53,0,left-foot,low-left,0,53.8,3.8,No information,No information,21,No information,1217,53,4.1,46.2,0,46.2,96.2,25,1483,shot
mathias-jensen,https://www.sofascore.com/finland-denmark/BObsmUb#id:10752369,denmark,block,No information,regular,18.8,44.3,0,left-foot,low-centre,0,50.6,19,No information,No information,9,No information,496,44.3,18.8,49.4,0,49.4,81,37,2204,shot
martin-braithwaite,https://www.sofascore.com/finland-denmark/BObsmUb#id:10752369,denmark,miss,No information,corner,12.1,53.8,0,right-foot,close-right,0,43.4,4.2,No information,No information,7,No information,372,53.8,12.1,56.6,0,56.6,95.8,39,2328,shot
martin-braithwaite,https://www.sofascore.com/finland-denmark/BObsmUb#id:10752369,denmark,block,No information,assisted,8.5,66,0,right-foot,low-centre,0,50.6,12.5,No information,No information,6,No information,319,66,8.5,49.4,0,49.4,87.5,40,2381,shot

eran-zahavi,https://www.sofascore.com/israel-denmark/BObsFOb#id:9223745,israel,block,No information,regular,14.9,50.2,0,left-foot,low-right,0,46.7,19,No information,No information,87,No information,5204,50.2,14.9,53.3,0,53.3,81,4,196,shot
shon-weissman,https://www.sofascore.com/israel-denmark/BObsFOb#id:9223745,israel,block,No information,assisted,21.9,72.7,0,right-foot,low-left,0,54.2,19,No information,No information,87,No information,5175,72.7,21.9,45.8,0,45.8,81,4,225,shot
martin-braithwaite,https://www.sofascore.com/israel-denmark/BObsFOb#id:9223745,denmark,post,No information,assisted,7.5,34.2,0,left-foot,high,0,55.3,39.9,No information,No information,83,No information,4956,34.2,7.5,44.7,0,44.7,60.1,8,444,shot
pierre-emile-hojbjerg,https://www.sofascore.com/israel-denmark/BObsFOb#id:9223745,denmark,miss,No information,corner,26.4,61,0,right-foot,left,0,65.4,4.2,No information,No information,81,No information,4845,61,26.4,34.6,0,34.6,95.8,10,555,shot
andreas-skov-olsen,https://www.sofascore.com/israel-denmark/BObsFOb#id:9223745,denmark,save,No information,regular,13.8,60.3,0,left-foot,low-right,0,46.6,1.9,No information,No information,81,No information,4807,60.3,13.8,53.4,0,53.4,98.1,10,593,shot
simon-kjaer,https://www.sofascore.com/israel-denmark/BObsFOb#id:9223745,denmark,save,No information,corner,6.4,45.7,0,head,low-centre,0,50.7,3.2,No information,No information,78,No information,4676,45.7,6.4,49.3,0,49.3,96.8,13,724,shot
jonas-wind,https://www.sofascore.com/israel-denmark/BObsFOb#id:9223745,denmark,goal,regular,regular,10.8,52.4,0,left-foot,low-centre,0,48.2,3.8,No information,No information,67,No information,3993,52.4,10.8,51.8,0,51.8,96.2,24,1407,shot
joakim-maehle,https://www.sofascore.com/israel-denmark/BObsFOb#id:9223745,denmark,block,No information,set-piece,18.1,35.3,0,left-foot,low-left,0,53.6,19,No information,No information,65,No information,3874,35.3,18.1,46.4,0,46.4,81,26,1526,shot
christian-eriksen,https://www.sofascore.com/israel-denmark/BObsFOb#id:9223745,denmark,block,No information,regular,12.4,43.7,0,left-foot,low-centre,0,51,19,No information,No information,62,No information,3717,43.7,12.4,49,0,49,81,29,1683,shot
bibars-natcho,https://www.sofascore.com/israel-denmark/BObsFOb#id:9223745,israel,block,No information,set-piece,24.7,51.6,0,right-foot,low-centre,0,50.5,19,No information,No information,55,No information,3278,51.6,24.7,49.5,0,49.5,81,36,2122,shot
eran-zahavi,https://www.sofascore.com/israel-denmark/BObsFOb#id:9223745,israel,block,No information,free-kick,18.5,46.6,0,right-foot,low-centre,0,51.8,19,No information,No information,55,No information,3275,46.6,18.5,48.2,0,48.2,81,36,2125,shot
sun-menahem,https://www.sofascore.com/israel-denmark/BObsFOb#id:9223745,israel,block,No information,corner,19.8,36.9,0,left-foot,low-centre,0,48.5,19,No information,No information,52,No information,3117,36.9,19.8,51.5,0,51.5,81,39,2283,shot
eran-zahavi,https://www.sofascore.com/israel-denmark/BObsFOb#id:9223745,israel,block,No information,assisted,19.5,47.9,0,left-foot,low-right,0,48,19,No information,No information,52,No information,3090,47.9,19.5,52,0,52,81,39,2310,shot
manor-solomon,https://www.sofascore.com/israel-denmark/BObsFOb#id:9223745,israel,block,No information,corner,19,38.2,0,right-foot,low-left,0,52.1,19,No information,No information,51,No information,3040,38.2,19,47.9,0,47.9,81,40,2360,shot
eran-zahavi,https://www.sofascore.com/israel-denmark/BObsFOb#id:9223745,israel,block,No information,assisted,25.1,79.6,0,right-foot,low-left,0,53.1,19,No information,No information,51,No information,3014,79.6,25.1,46.9,0,46.9,81,40,2386,shot
eli-dasa,https://www.sofascore.com/israel-denmark/BObsFOb#id:9223745,israel,miss,No information,regular,14.6,71.1,0,right-foot,close-right,0,43.5,4.2,No information,No information,48,No information,2835,71.1,14.6,56.5,0,56.5,95.8,43,2565,shot
munas-dabbur,https://www.sofascore.com/israel-denmark/BObsFOb#id:9223745,israel,block,No information,assisted,18.7,61.2,0,right-foot,low-right,0,47.4,19,No information,No information,48,No information,2831,61.2,18.7,52.6,0,52.6,81,43,2569,shot
sun-menahem,https://www.sofascore.com/israel-denmark/BObsFOb#id:9223745,israel,save,No information,assisted,7,38.7,0,head,high-left,0,52.9,27.8,No information,No information,45,1,2733,38.7,7,47.1,0,47.1,72.2,1,2667,shot
munas-dabbur,https://www.sofascore.com/israel-denmark/BObsFOb#id:9223745,israel,miss,No information,set-piece,12,66.1,0,right-foot,right,0,35.8,23.6,No information,No information,42,No information,2463,66.1,12,64.2,0,64.2,76.4,4,237,shot
christian-eriksen,https://www.sofascore.com/israel-denmark/BObsFOb#id:9223745,denmark,miss,No information,assisted,18.1,47.3,0,right-foot,right,0,4,2.8,No information,No information,39,No information,2302,47.3,18.1,96,0,96,97.2,7,398,shot
eran-zahavi,https://www.sofascore.com/israel-denmark/BObsFOb#id:9223745,israel,block,No information,assisted,25,37.3,0,right-foot,low-left,0,52.3,19,No information,No information,33,No information,1923,37.3,25,47.7,0,47.7,81,13,777,shot
thomas-delaney,https://www.sofascore.com/israel-denmark/BObsFOb#id:9223745,denmark,save,No information,corner,8.8,62.5,0,head,high-centre,0,50.8,24.1,No information,No information,28,No information,1650,62.5,8.8,49.2,0,49.2,75.9,18,1050,shot
andreas-christensen,https://www.sofascore.com/israel-denmark/BObsFOb#id:9223745,denmark,miss,No information,corner,29.6,44.5,0,right-foot,left,0,65.9,23.6,No information,No information,26,No information,1501,44.5,29.6,34.1,0,34.1,76.4,20,1199,shot
martin-braithwaite,https://www.sofascore.com/israel-denmark/BObsFOb#id:9223745,denmark,save,No information,assisted,8.3,46.1,0,head,high-right,0,48.1,31.6,No information,No information,21,No information,1245,46.1,8.3,51.9,0,51.9,68.4,25,1455,shot
yussuf-poulsen,https://www.sofascore.com/israel-denmark/BObsFOb#id:9223745,denmark,save,No information,regular,24.4,70.5,0,right-foot,low-left,0,52.6,10.1,No information,No information,19,No information,1131,70.5,24.4,47.4,0,47.4,89.9,27,1569,shot
eran-zahavi,https://www.sofascore.com/israel-denmark/BObsFOb#id:9223745,israel,save,No information,assisted,11.2,53.1,0,right-foot,low-centre,0,48.8,10.8,No information,No information,15,No information,876,53.1,11.2,51.2,0,51.2,89.2,31,1824,shot
martin-braithwaite,https://www.sofascore.com/israel-denmark/BObsFOb#id:9223745,denmark,goal,regular,assisted,8.8,44.1,0,right-foot,low-centre,0,49.7,8.9,No information,No information,13,No information,740,44.1,8.8,50.3,0,50.3,91.1,33,1960,shot
daniel-wass,https://www.sofascore.com/israel-denmark/BObsFOb#id:9223745,denmark,miss,No information,assisted,8.4,69.5,0,right-foot,right,0,40.7,18.1,No information,No information,2,No information,83,69.5,8.4,59.3,0,59.3,81.9,44,2617,shot

christian-eriksen,https://www.sofascore.com/san-marino-denmark/BObsIWb#id:10752468,denmark,goal,regular,assisted,23.8,13,0,right-foot,low-centre,0,51,8.2,No information,No information,90,3,5565,13,23.8,49,0,49,91.8,1,735,shot
christian-eriksen,https://www.sofascore.com/san-marino-denmark/BObsIWb#id:10752468,denmark,miss,No information,assisted,27,32.5,0,right-foot,high,0,44.9,81.9,No information,No information,90,2,5482,32.5,27,55.1,0,55.1,18.1,1,818,shot
rasmus-hojlund,https://www.sofascore.com/san-marino-denmark/BObsIWb#id:10752468,denmark,block,No information,assisted,13.7,52.9,0,right-foot,low-right,0,48,19,No information,No information,88,No information,5256,52.9,13.7,52,0,52,81,3,144,shot
hjulmand-morten,https://www.sofascore.com/san-marino-denmark/BObsIWb#id:10752468,denmark,miss,No information,set-piece,19.6,67.2,0,right-foot,high-right,0,42.7,84.7,No information,No information,76,No information,4548,67.2,19.6,57.3,0,57.3,15.3,15,852,shot
simon-kjaer,https://www.sofascore.com/san-marino-denmark/BObsIWb#id:10752468,denmark,miss,No information,set-piece,7.4,50.6,0,head,right,0,38.8,25,No information,No information,76,No information,4543,50.6,7.4,61.2,0,61.2,75,15,857,shot
simone-franciosi,https://www.sofascore.com/san-marino-denmark/BObsIWb#id:10752468,san marino,miss,No information,regular,29.8,59.1,0,right-foot,high-right,0,30.8,72.2,No information,No information,75,No information,4482,59.1,29.8,69.2,0,69.2,27.8,16,918,shot
joachim-andersen,https://www.sofascore.com/san-marino-denmark/BObsIWb#id:10752468,denmark,miss,No information,corner,10.9,55.6,0,head,left,0,69.9,16.7,No information,No information,71,No information,4211,55.6,10.9,30.1,0,30.1,83.3,20,1189,shot
rasmus-hojlund,https://www.sofascore.com/san-marino-denmark/BObsIWb#id:10752468,denmark,block,No information,assisted,7,54.5,0,head,low-centre,0,50.2,19,No information,No information,70,No information,4147,54.5,7,49.8,0,49.8,81,21,1253,shot
rasmus-hojlund,https://www.sofascore.com/san-marino-denmark/BObsIWb#id:10752468,denmark,block,No information,regular,20.9,40.6,0,left-foot,low-centre,0,50.2,19,No information,No information,67,No information,3982,40.6,20.9,49.8,0,49.8,81,24,1418,shot
martin-braithwaite,https://www.sofascore.com/san-marino-denmark/BObsIWb#id:10752468,denmark,miss,No information,assisted,7.7,55,0,head,right,0,40,22.2,No information,No information,64,No information,3824,55,7.7,60,0,60,77.8,27,1576,shot
hjulmand-morten,https://www.sofascore.com/san-marino-denmark/BObsIWb#id:10752468,denmark,block,No information,corner,18.2,48,0,left-foot,low-left,0,52.8,19,No information,No information,62,No information,3660,48,18.2,47.2,0,47.2,81,29,1740,shot
martin-braithwaite,https://www.sofascore.com/san-marino-denmark/BObsIWb#id:10752468,denmark,block,No information,assisted,9.5,59.6,0,right-foot,low-centre,0,49.3,19,No information,No information,60,No information,3550,59.6,9.5,50.7,0,50.7,81,31,1850,shot
jesper-lindstrom,https://www.sofascore.com/san-marino-denmark/BObsIWb#id:10752468,denmark,block,No information,regular,13,67,0,right-foot,low-left,0,52.7,19,No information,No information,58,No information,3435,67,13,47.3,0,47.3,81,33,1965,shot
joakim-maehle,https://www.sofascore.com/san-marino-denmark/BObsIWb#id:10752468,denmark,block,No information,corner,22.5,34.5,0,right-foot,low-centre,0,49.3,19,No information,No information,57,No information,3392,34.5,22.5,50.7,0,50.7,81,34,2008,shot
simon-kjaer,https://www.sofascore.com/san-marino-denmark/BObsIWb#id:10752468,denmark,miss,No information,corner,4.6,60.4,0,head,left,0,77.8,12.5,No information,No information,57,No information,3383,60.4,4.6,22.2,0,22.2,87.5,34,2017,shot
andreas-skov-olsen,https://www.sofascore.com/san-marino-denmark/BObsIWb#id:10752468,denmark,block,No information,assisted,14.3,65.2,0,left-foot,low-right,0,47.2,19,No information,No information,56,No information,3331,65.2,14.3,52.8,0,52.8,81,35,2069,shot
simon-kjaer,https://www.sofascore.com/san-marino-denmark/BObsIWb#id:10752468,denmark,block,No information,assisted,10.1,52.9,0,head,low-centre,0,51.1,19,No information,No information,52,No information,3086,52.9,10.1,48.9,0,48.9,81,39,2314,shot
jesper-lindstrom,https://www.sofascore.com/san-marino-denmark/BObsIWb#id:10752468,denmark,miss,No information,regular,21.3,40.1,0,right-foot,high-left,0,60,45.8,No information,No information,50,No information,2978,40.1,21.3,40,0,40,54.2,41,2422,shot
simon-kjaer,https://www.sofascore.com/san-marino-denmark/BObsIWb#id:10752468,denmark,miss,No information,corner,11.8,53.3,0,right-foot,left,0,65.2,23.6,No information,No information,49,No information,2888,53.3,11.8,34.8,0,34.8,76.4,42,2512,shot
pierre-emile-hojbjerg,https://www.sofascore.com/san-marino-denmark/BObsIWb#id:10752468,denmark,block,No information,corner,20.9,31.2,0,right-foot,low-right,0,45.6,19,No information,No information,49,No information,2880,31.2,20.9,54.4,0,54.4,81,42,2520,shot
joakim-maehle,https://www.sofascore.com/san-marino-denmark/BObsIWb#id:10752468,denmark,block,No information,assisted,7.5,39.6,0,right-foot,low-left,0,52,19,No information,No information,45,2,2775,39.6,7.5,48,0,48,81,1,2625,shot
jonas-wind,https://www.sofascore.com/san-marino-denmark/BObsIWb#id:10752468,denmark,miss,No information,set-piece,6.4,48.9,0,head,close-right,0,42.5,1.4,No information,No information,43,No information,2542,48.9,6.4,57.5,0,57.5,98.6,3,158,shot
jonas-wind,https://www.sofascore.com/san-marino-denmark/BObsIWb#id:10752468,denmark,goal,regular,assisted,7.9,49.5,0,right-foot,low-centre,0,49.8,14.6,No information,No information,40,No information,2379,49.5,7.9,50.2,0,50.2,85.4,6,321,shot
christian-eriksen,https://www.sofascore.com/san-marino-denmark/BObsIWb#id:10752468,denmark,miss,No information,assisted,14.5,37.1,0,left-foot,right,0,39,8.3,No information,No information,40,No information,2379,37.1,14.5,61,0,61,91.7,6,321,shot
andreas-skov-olsen,https://www.sofascore.com/san-marino-denmark/BObsIWb#id:10752468,denmark,miss,No information,assisted,14.3,68.4,0,right-foot,close-right,0,41.5,13.9,No information,No information,34,No information,2010,68.4,14.3,58.5,0,58.5,86.1,12,690,shot
christian-eriksen,https://www.sofascore.com/san-marino-denmark/BObsIWb#id:10752468,denmark,miss,No information,corner,5.5,31.6,0,right-foot,right,0,1.3,6.9,No information,No information,30,No information,1797,31.6,5.5,98.7,0,98.7,93.1,16,903,shot
simon-kjaer,https://www.sofascore.com/san-marino-denmark/BObsIWb#id:10752468,denmark,miss,No information,corner,8.9,47.3,0,head,left,0,82.2,12.5,No information,No information,30,No information,1795,47.3,8.9,17.8,0,17.8,87.5,16,905,shot
joakim-maehle,https://www.sofascore.com/san-marino-denmark/BObsIWb#id:10752468,denmark,goal,regular,assisted,5.5,60.7,0,right-foot,low-right,0,47.4,1.9,No information,No information,28,No information,1631,60.7,5.5,52.6,0,52.6,98.1,18,1069,shot
pierre-emile-hojbjerg,https://www.sofascore.com/san-marino-denmark/BObsIWb#id:10752468,denmark,goal,regular,assisted,12.8,55.4,0,right-foot,low-right,0,46.3,17.7,No information,No information,26,No information,1522,55.4,12.8,53.7,0,53.7,82.3,20,1178,shot
joakim-maehle,https://www.sofascore.com/san-marino-denmark/BObsIWb#id:10752468,denmark,miss,No information,assisted,9.1,45.9,0,head,high,0,55.8,80.6,No information,No information,17,No information,963,45.9,9.1,44.2,0,44.2,19.4,29,1737,shot
pierre-emile-hojbjerg,https://www.sofascore.com/san-marino-denmark/BObsIWb#id:10752468,denmark,save,No information,corner,20.3,53.3,0,right-foot,low-right,0,48.1,2.5,No information,No information,6,No information,312,53.3,20.3,51.9,0,51.9,97.5,40,2388,shot
jonas-wind,https://www.sofascore.com/san-marino-denmark/BObsIWb#id:10752468,denmark,save,No information,regular,3.5,45.5,0,head,high-left,0,53.3,32.3,No information,No information,5,No information,298,45.5,3.5,46.7,0,46.7,67.7,41,2402,shot
joakim-maehle,https://www.sofascore.com/san-marino-denmark/BObsIWb#id:10752468,denmark,block,No information,set-piece,27.8,39.1,0,right-foot,low-left,0,51.9,19,No information,No information,5,No information,262,39.1,27.8,48.1,0,48.1,81,41,2438,shot

jonas-wind,https://www.sofascore.com/san-marino-denmark/BObsIWb#id:10752553,denmark,save,No information,assisted,19.2,40.3,0,right-foot,low-centre,0,49.8,16.5,No information,No information,90,7,5813,40.3,19.2,50.2,0,50.2,83.5,1,487,shot
matteo-vitaioli,https://www.sofascore.com/san-marino-denmark/BObsIWb#id:10752553,san marino,miss,No information,assisted,17.1,73.6,0,right-foot,right,0,39.5,26.4,No information,No information,90,3,5522,73.6,17.1,60.5,0,60.5,73.6,1,778,shot
rasmus-hojlund,https://www.sofascore.com/san-marino-denmark/BObsIWb#id:10752553,denmark,block,No information,assisted,6.8,38.4,0,left-foot,low-right,0,45.9,19,No information,No information,84,No information,5010,38.4,6.8,54.1,0,54.1,81,7,390,shot
robert-skov,https://www.sofascore.com/san-marino-denmark/BObsIWb#id:10752553,denmark,miss,No information,free-kick,29.9,60,0,left-foot,right,0,40.3,16.7,No information,No information,82,No information,4905,60,29.9,59.7,0,59.7,83.3,9,495,shot
yussuf-poulsen,https://www.sofascore.com/san-marino-denmark/BObsIWb#id:10752553,denmark,goal,regular,assisted,4.4,53.6,0,head,low-left,0,54,17.1,No information,No information,70,No information,4149,53.6,4.4,46,0,46,82.9,21,1251,shot
alessandro-golinucci,https://www.sofascore.com/san-marino-denmark/BObsIWb#id:10752553,san marino,goal,regular,corner,12,45.8,0,right-foot,high-centre,0,51.7,31.6,No information,No information,61,No information,3606,45.8,12,48.3,0,48.3,68.4,30,1794,shot
cevoli-michele,https://www.sofascore.com/san-marino-denmark/BObsIWb#id:10752553,san marino,block,No information,set-piece,14.5,44.5,0,head,low-right,0,47.3,19,No information,No information,60,No information,3561,44.5,14.5,52.7,0,52.7,81,31,1839,shot
rasmus-hojlund,https://www.sofascore.com/san-marino-denmark/BObsIWb#id:10752553,denmark,block,No information,assisted,7.6,41.4,0,left-foot,low-centre,0,50.6,19,No information,No information,45,1,2729,41.4,7.6,49.4,0,49.4,81,1,2671,shot
rasmus-hojlund,https://www.sofascore.com/san-marino-denmark/BObsIWb#id:10752553,denmark,goal,regular,assisted,8.4,28.3,0,left-foot,high-centre,0,48.8,34.2,No information,No information,42,No information,2486,28.3,8.4,51.2,0,51.2,65.8,4,214,shot
marcello-mularoni,https://www.sofascore.com/san-marino-denmark/BObsIWb#id:10752553,san marino,miss,No information,regular,26.1,66.6,0,right-foot,close-right,0,42.4,12.5,No information,No information,35,No information,2081,66.6,26.1,57.6,0,57.6,87.5,11,619,shot
pierre-emile-hojbjerg,https://www.sofascore.com/san-marino-denmark/BObsIWb#id:10752553,denmark,block,No information,assisted,35.8,42.2,0,right-foot,low-centre,0,48.4,19,No information,No information,34,No information,2009,42.2,35.8,51.6,0,51.6,81,12,691,shot
christian-norgaard,https://www.sofascore.com/san-marino-denmark/BObsIWb#id:10752553,denmark,miss,No information,corner,8.7,52.7,0,head,left,0,62.2,22.2,No information,No information,28,No information,1653,52.7,8.7,37.8,0,37.8,77.8,18,1047,shot
christian-norgaard,https://www.sofascore.com/san-marino-denmark/BObsIWb#id:10752553,denmark,miss,No information,assisted,27.5,43.3,0,right-foot,close-left,0,56.6,15.3,No information,No information,18,No information,1067,43.3,27.5,43.4,0,43.4,84.7,28,1633,shot
alessandro-daddario,https://www.sofascore.com/san-marino-denmark/BObsIWb#id:10752553,san marino,miss,No information,fast-break,14.8,77.7,0,right-foot,left,0,65.2,9.7,No information,No information,11,No information,605,77.7,14.8,34.8,0,34.8,90.3,35,2095,shot
christian-eriksen,https://www.sofascore.com/san-marino-denmark/BObsIWb#id:10752553,denmark,block,No information,assisted,27.5,42.2,0,left-foot,low-left,0,52.6,19,No information,No information,10,No information,592,42.2,27.5,47.4,0,47.4,81,36,2108,shot

jannik-vestergaard,https://www.sofascore.com/moldova-denmark/BObsHVb#id:9223867,denmark,save,No information,set-piece,9.2,52.4,0,head,low-centre,0,51.6,13.3,No information,No information,90,1,5412,52.4,9.2,48.4,0,48.4,86.7,1,888,shot
andreas-cornelius,https://www.sofascore.com/moldova-denmark/BObsHVb#id:9223867,denmark,block,No information,assisted,23.1,44,0,left-foot,low-centre,0,51.3,19,No information,No information,81,No information,4804,44,23.1,48.7,0,48.7,81,10,596,shot
mathias-jensen,https://www.sofascore.com/moldova-denmark/BObsHVb#id:9223867,denmark,block,No information,assisted,22.6,25.8,0,right-foot,low-centre,0,49,19,No information,No information,79,No information,4734,25.8,22.6,51,0,51,81,12,666,shot
andreas-cornelius,https://www.sofascore.com/moldova-denmark/BObsHVb#id:9223867,denmark,save,No information,set-piece,10.4,61.1,0,head,high-centre,0,49.9,20.9,No information,No information,79,No information,4715,61.1,10.4,50.1,0,50.1,79.1,12,685,shot
christian-norgaard,https://www.sofascore.com/moldova-denmark/BObsHVb#id:9223867,denmark,save,No information,corner,11.4,61.4,0,right-foot,low-right,0,48.1,7.6,No information,No information,74,No information,4423,61.4,11.4,51.9,0,51.9,92.4,17,977,shot
yussuf-poulsen,https://www.sofascore.com/moldova-denmark/BObsHVb#id:9223867,denmark,miss,No information,assisted,8,65.3,0,right-foot,right,0,38.2,22.2,No information,No information,71,No information,4227,65.3,8,61.8,0,61.8,77.8,20,1173,shot
kasper-dolberg,https://www.sofascore.com/moldova-denmark/BObsHVb#id:9223867,denmark,block,No information,assisted,13.4,55,0,right-foot,low-left,0,52.1,19,No information,No information,69,No information,4092,55,13.4,47.9,0,47.9,81,22,1308,shot
damsgaard-mikkel,https://www.sofascore.com/moldova-denmark/BObsHVb#id:9223867,denmark,block,No information,corner,18.4,63.1,0,right-foot,low-right,0,47.8,19,No information,No information,60,No information,3541,63.1,18.4,52.2,0,52.2,81,31,1859,shot
daniel-wass,https://www.sofascore.com/moldova-denmark/BObsHVb#id:9223867,denmark,miss,No information,free-kick,29.5,53.4,0,right-foot,high,0,48.2,79.2,No information,No information,49,No information,2936,53.4,29.5,51.8,0,51.8,20.8,42,2464,shot
yussuf-poulsen,https://www.sofascore.com/moldova-denmark/BObsHVb#id:9223867,denmark,miss,No information,assisted,21.7,50.9,0,left-foot,high-left,0,63.4,61.1,No information,No information,47,No information,2801,50.9,21.7,36.6,0,36.6,38.9,44,2599,shot
joakim-maehle,https://www.sofascore.com/moldova-denmark/BObsHVb#id:9223867,denmark,goal,regular,regular,11.9,41.9,0,right-foot,low-right,0,46.6,2.5,No information,No information,44,No information,2628,41.9,11.9,53.4,0,53.4,97.5,2,72,shot
yussuf-poulsen,https://www.sofascore.com/moldova-denmark/BObsHVb#id:9223867,denmark,save,No information,assisted,12.7,55,0,left-foot,low-centre,0,48.9,5.1,No information,No information,44,No information,2626,55,12.7,51.1,0,51.1,94.9,2,74,shot
yussuf-poulsen,https://www.sofascore.com/moldova-denmark/BObsHVb#id:9223867,denmark,block,No information,assisted,14.1,57.3,0,right-foot,low-right,0,47.5,19,No information,No information,44,No information,2617,57.3,14.1,52.5,0,52.5,81,2,83,shot
christian-norgaard,https://www.sofascore.com/moldova-denmark/BObsHVb#id:9223867,denmark,goal,regular,corner,2.3,47.5,0,right-foot,low-centre,0,49.3,15.8,No information,No information,39,No information,2289,47.5,2.3,50.7,0,50.7,84.2,7,411,shot
simon-kjaer,https://www.sofascore.com/moldova-denmark/BObsHVb#id:9223867,denmark,goal,penalty,penalty,11.5,50,0,right-foot,high-right,0,47.2,31.6,No information,No information,34,No information,1986,50,11.5,52.8,0,52.8,68.4,12,714,shot
daniel-wass,https://www.sofascore.com/moldova-denmark/BObsHVb#id:9223867,denmark,miss,No information,assisted,23.9,66.3,0,right-foot,high-left,0,57.3,69.4,No information,No information,27,No information,1589,66.3,23.9,42.7,0,42.7,30.6,19,1111,shot
yussuf-poulsen,https://www.sofascore.com/moldova-denmark/BObsHVb#id:9223867,denmark,save,No information,assisted,12.9,46,0,right-foot,low-right,0,48.1,10.1,No information,No information,26,No information,1515,46,12.9,51.9,0,51.9,89.9,20,1185,shot
andreas-skov-olsen,https://www.sofascore.com/moldova-denmark/BObsHVb#id:9223867,denmark,goal,regular,regular,4.6,66.8,0,right-foot,low-left,0,54,2.5,No information,No information,23,No information,1340,66.8,4.6,46,0,46,97.5,23,1360,shot
pierre-emile-hojbjerg,https://www.sofascore.com/moldova-denmark/BObsHVb#id:9223867,denmark,save,No information,assisted,8.5,58.4,0,right-foot,low-right,0,45.8,2.5,No information,No information,23,No information,1336,58.4,8.5,54.2,0,54.2,97.5,23,1364,shot
damsgaard-mikkel,https://www.sofascore.com/moldova-denmark/BObsHVb#id:9223867,denmark,block,No information,free-kick,19.9,64.9,0,right-foot,low-right,0,47.3,19,No information,No information,22,No information,1276,64.9,19.9,52.7,0,52.7,81,24,1424,shot
pierre-emile-hojbjerg,https://www.sofascore.com/moldova-denmark/BObsHVb#id:9223867,denmark,miss,No information,assisted,25.8,63.3,0,right-foot,left,0,73.8,5.6,No information,No information,15,No information,898,63.3,25.8,26.2,0,26.2,94.4,31,1802,shot

conor-coady,https://www.sofascore.com/england-denmark/BObsnUb#id:8600764,england,block,No information,set-piece,5.4,56.5,0,head,low-left,0,53,19,No information,No information,90,1,5401,56.5,5.4,47,0,47,81,1,899,shot
dominic-calvert-lewin,https://www.sofascore.com/england-denmark/BObsnUb#id:8600764,england,miss,No information,set-piece,12.1,51,0,head,left,0,95,5.6,No information,No information,90,No information,5395,51,12.1,5,0,5,94.4,1,5,shot
yussuf-poulsen,https://www.sofascore.com/england-denmark/BObsnUb#id:8600764,denmark,save,No information,assisted,18.5,53.3,0,right-foot,low-right,0,47.7,3.2,No information,No information,81,No information,4856,53.3,18.5,52.3,0,52.3,96.8,10,544,shot
harry-kane,https://www.sofascore.com/england-denmark/BObsnUb#id:8600764,england,block,No information,assisted,13.2,28.7,0,left-foot,low-centre,0,51.3,19,No information,No information,79,No information,4718,28.7,13.2,48.7,0,48.7,81,12,682,shot
harry-kane,https://www.sofascore.com/england-denmark/BObsnUb#id:8600764,england,miss,No information,corner,7.8,48,0,head,left,0,65.5,4.2,No information,No information,79,No information,4700,48,7.8,34.5,0,34.5,95.8,12,700,shot
reece-james,https://www.sofascore.com/england-denmark/BObsnUb#id:8600764,england,save,No information,free-kick,20.9,39.4,0,right-foot,high-centre,0,48.8,36.7,No information,No information,78,No information,4670,39.4,20.9,51.2,0,51.2,63.3,13,730,shot
simon-kjaer,https://www.sofascore.com/england-denmark/BObsnUb#id:8600764,denmark,save,No information,corner,9.8,50.1,0,head,low-right,0,47.8,15.2,No information,No information,75,No information,4465,50.1,9.8,52.2,0,52.2,84.8,16,935,shot
pione-sisto,https://www.sofascore.com/england-denmark/BObsnUb#id:8600764,denmark,miss,No information,assisted,12.9,39.5,0,right-foot,right,0,38,6.9,No information,No information,74,No information,4413,39.5,12.9,62,0,62,93.1,17,987,shot
daniel-wass,https://www.sofascore.com/england-denmark/BObsnUb#id:8600764,denmark,miss,No information,assisted,9,55,0,head,close-high,0,47.7,59.7,No information,No information,67,No information,4016,55,9,52.3,0,52.3,40.3,24,1384,shot
mason-mount,https://www.sofascore.com/england-denmark/BObsnUb#id:8600764,england,save,No information,corner,3.8,50.1,0,head,high-right,0,47.7,25.3,No information,No information,66,No information,3905,50.1,3.8,52.3,0,52.3,74.7,25,1495,shot
declan-rice,https://www.sofascore.com/england-denmark/BObsnUb#id:8600764,england,block,No information,corner,10.7,55,0,head,low-left,0,51.9,19,No information,No information,66,No information,3905,55,10.7,48.1,0,48.1,81,25,1495,shot
marcus-rashford,https://www.sofascore.com/england-denmark/BObsnUb#id:8600764,england,block,No information,assisted,26.4,27.5,0,right-foot,low-centre,0,48.7,19,No information,No information,65,No information,3869,27.5,26.4,51.3,0,51.3,81,26,1531,shot
harry-kane,https://www.sofascore.com/england-denmark/BObsnUb#id:8600764,england,block,No information,assisted,27.8,57.1,0,right-foot,low-centre,0,51.6,19,No information,No information,65,No information,3854,57.1,27.8,48.4,0,48.4,81,26,1546,shot
reece-james,https://www.sofascore.com/england-denmark/BObsnUb#id:8600764,england,save,No information,assisted,20.7,68.5,0,left-foot,low-centre,0,50.9,12,No information,No information,63,No information,3723,68.5,20.7,49.1,0,49.1,88,28,1677,shot
marcus-rashford,https://www.sofascore.com/england-denmark/BObsnUb#id:8600764,england,miss,No information,assisted,25.3,23.2,0,right-foot,close-left,0,59.2,6.9,No information,No information,55,No information,3247,23.2,25.3,40.8,0,40.8,93.1,36,2153,shot
yussuf-poulsen,https://www.sofascore.com/england-denmark/BObsnUb#id:8600764,denmark,save,No information,assisted,15.1,39.1,0,head,low-centre,0,49.1,19.6,No information,No information,51,No information,3025,39.1,15.1,50.9,0,50.9,80.4,40,2375,shot
christian-eriksen,https://www.sofascore.com/england-denmark/BObsnUb#id:8600764,denmark,miss,No information,assisted,25.6,47.2,0,right-foot,high,0,46.6,77.8,No information,No information,48,No information,2824,47.2,25.6,53.4,0,53.4,22.2,43,2576,shot
declan-rice,https://www.sofascore.com/england-denmark/BObsnUb#id:8600764,england,block,No information,assisted,20.7,28.4,0,right-foot,low-right,0,47,19,No information,No information,42,No information,2479,28.4,20.7,53,0,53,81,4,221,shot
christian-eriksen,https://www.sofascore.com/england-denmark/BObsnUb#id:8600764,denmark,goal,penalty,penalty,11.5,50,0,right-foot,high-centre,0,49.9,22.8,No information,No information,35,No information,2081,50,11.5,50.1,0,50.1,77.2,11,619,shot
harry-kane,https://www.sofascore.com/england-denmark/BObsnUb#id:8600764,england,block,No information,assisted,8.6,56.7,0,right-foot,low-left,0,52.9,1.4,No information,No information,29,No information,1721,56.7,8.6,47.1,0,47.1,98.6,17,979,shot
christian-eriksen,https://www.sofascore.com/england-denmark/BObsnUb#id:8600764,denmark,miss,No information,fast-break,24.4,60,0,right-foot,high,0,46.6,81.9,No information,No information,18,No information,1065,60,24.4,53.4,0,53.4,18.1,28,1635,shot
marcus-rashford,https://www.sofascore.com/england-denmark/BObsnUb#id:8600764,england,save,No information,assisted,25.7,19.7,0,right-foot,low-left,0,53.2,4.4,No information,No information,16,No information,945,19.7,25.7,46.8,0,46.8,95.6,30,1755,shot
robert-skov,https://www.sofascore.com/england-denmark/BObsnUb#id:8600764,denmark,miss,No information,regular,20.5,44.3,0,right-foot,high-left,0,57.6,66.7,No information,No information,11,No information,659,44.3,20.5,42.4,0,42.4,33.3,35,2041,shot
kasper-dolberg,https://www.sofascore.com/england-denmark/BObsnUb#id:8600764,denmark,block,No information,corner,14.1,62,0,right-foot,low-centre,0,48.8,19,No information,No information,8,No information,463,62,14.1,51.2,0,51.2,81,38,2237,shot
harry-kane,https://www.sofascore.com/england-denmark/BObsnUb#id:8600764,england,block,No information,regular,24.5,54.8,0,left-foot,low-centre,0,49.3,19,No information,No information,2,No information,109,54.8,24.5,50.7,0,50.7,81,44,2591,shot

martin-braithwaite,https://www.sofascore.com/belgium-denmark/BObsrUb#id:8513118,denmark,block,No information,fast-break,15.6,32.5,0,right-foot,low-centre,0,51.5,19,No information,No information,90,6,5729,32.5,15.6,48.5,0,48.5,81,1,571,shot
thomas-meunier,https://www.sofascore.com/belgium-denmark/BObsrUb#id:8513118,belgium,block,No information,fast-break,34.7,75.4,0,right-foot,low-centre,0,51.8,19,No information,No information,90,5,5667,75.4,34.7,48.2,0,48.2,81,1,633,shot
mathias-jensen,https://www.sofascore.com/belgium-denmark/BObsrUb#id:8513118,denmark,miss,No information,assisted,22.9,71.1,0,right-foot,close-high,0,45.2,54.2,No information,No information,90,No information,5343,71.1,22.9,54.8,0,54.8,45.8,1,57,shot
andreas-cornelius,https://www.sofascore.com/belgium-denmark/BObsrUb#id:8513118,denmark,block,No information,regular,15.2,49.5,0,left-foot,low-centre,0,50.8,19,No information,No information,89,No information,5280,49.5,15.2,49.2,0,49.2,81,2,120,shot
pierre-emile-hojbjerg,https://www.sofascore.com/belgium-denmark/BObsrUb#id:8513118,denmark,block,No information,assisted,15.1,40.8,0,right-foot,low-left,0,53.2,19,No information,No information,88,No information,5279,40.8,15.1,46.8,0,46.8,81,3,121,shot
martin-braithwaite,https://www.sofascore.com/belgium-denmark/BObsrUb#id:8513118,denmark,post,No information,assisted,10.3,44.5,0,head,high,0,54.9,39.9,No information,No information,87,No information,5186,44.5,10.3,45.1,0,45.1,60.1,4,214,shot
martin-braithwaite,https://www.sofascore.com/belgium-denmark/BObsrUb#id:8513118,denmark,block,No information,assisted,15.1,53,0,left-foot,low-left,0,52.9,19,No information,No information,76,No information,4553,53,15.1,47.1,0,47.1,81,15,847,shot
kevin-de-bruyne,https://www.sofascore.com/belgium-denmark/BObsrUb#id:8513118,belgium,save,No information,fast-break,25.4,55.7,0,left-foot,low-left,0,51.9,2.5,No information,No information,75,No information,4489,55.7,25.4,48.1,0,48.1,97.5,16,911,shot
martin-braithwaite,https://www.sofascore.com/belgium-denmark/BObsrUb#id:8513118,denmark,save,No information,assisted,15.4,52.2,0,left-foot,low-right,0,46.3,7,No information,No information,75,No information,4457,52.2,15.4,53.7,0,53.7,93,16,943,shot
kevin-de-bruyne,https://www.sofascore.com/belgium-denmark/BObsrUb#id:8513118,belgium,goal,regular,assisted,18.2,35.7,0,left-foot,low-left,0,53.1,3.8,No information,No information,70,No information,4196,35.7,18.2,46.9,0,46.9,96.2,21,1204,shot
joakim-maehle,https://www.sofascore.com/belgium-denmark/BObsrUb#id:8513118,denmark,save,No information,assisted,20.5,36.1,0,right-foot,low-centre,0,50.9,5.7,No information,No information,69,No information,4083,36.1,20.5,49.1,0,49.1,94.3,22,1317,shot
joakim-maehle,https://www.sofascore.com/belgium-denmark/BObsrUb#id:8513118,denmark,block,No information,assisted,15.7,33.4,0,right-foot,low-left,0,52,19,No information,No information,62,No information,3698,33.4,15.7,48,0,48,81,29,1702,shot
thomas-delaney,https://www.sofascore.com/belgium-denmark/BObsrUb#id:8513118,denmark,block,No information,set-piece,18.2,64.2,0,right-foot,low-left,0,52,19,No information,No information,58,No information,3468,64.2,18.2,48,0,48,81,33,1932,shot
thorgan-hazard,https://www.sofascore.com/belgium-denmark/BObsrUb#id:8513118,belgium,goal,regular,assisted,7.5,48,0,left-foot,low-centre,0,50.6,1.9,No information,No information,54,No information,3239,48,7.5,49.4,0,49.4,98.1,37,2161,shot
damsgaard-mikkel,https://www.sofascore.com/belgium-denmark/BObsrUb#id:8513118,denmark,block,No information,free-kick,19.9,28.6,0,right-foot,low-left,0,52.7,19,No information,No information,51,No information,3040,28.6,19.9,47.3,0,47.3,81,40,2360,shot
thomas-meunier,https://www.sofascore.com/belgium-denmark/BObsrUb#id:8513118,belgium,miss,No information,assisted,12.2,53.2,0,head,left,0,65.2,38.9,No information,No information,49,No information,2902,53.2,12.2,34.8,0,34.8,61.1,42,2498,shot
thomas-delaney,https://www.sofascore.com/belgium-denmark/BObsrUb#id:8513118,denmark,miss,No information,assisted,24.9,38.6,0,left-foot,right,0,38.2,2.8,No information,No information,48,No information,2845,38.6,24.9,61.8,0,61.8,97.2,43,2555,shot
martin-braithwaite,https://www.sofascore.com/belgium-denmark/BObsrUb#id:8513118,denmark,miss,No information,assisted,15.4,66.8,0,left-foot,high-left,0,64.7,51.4,No information,No information,45,1,2704,66.8,15.4,35.3,0,35.3,48.6,1,2696,shot
damsgaard-mikkel,https://www.sofascore.com/belgium-denmark/BObsrUb#id:8513118,denmark,miss,No information,regular,13.2,61,0,left-foot,close-left,0,57.6,1.4,No information,No information,35,No information,2053,61,13.2,42.4,0,42.4,98.6,11,647,shot
daniel-wass,https://www.sofascore.com/belgium-denmark/BObsrUb#id:8513118,denmark,miss,No information,assisted,26.8,48.9,0,right-foot,high,0,45.7,76.4,No information,No information,26,No information,1545,48.9,26.8,54.3,0,54.3,23.6,20,1155,shot
martin-braithwaite,https://www.sofascore.com/belgium-denmark/BObsrUb#id:8513118,denmark,miss,No information,assisted,4,39.8,0,head,close-left,0,57.3,30.6,No information,No information,16,No information,952,39.8,4,42.7,0,42.7,69.4,30,1748,shot
damsgaard-mikkel,https://www.sofascore.com/belgium-denmark/BObsrUb#id:8513118,denmark,miss,No information,assisted,9.4,46.4,0,right-foot,right,0,25.2,2.8,No information,No information,13,No information,754,46.4,9.4,74.8,0,74.8,97.2,33,1946,shot
daniel-wass,https://www.sofascore.com/belgium-denmark/BObsrUb#id:8513118,denmark,save,No information,assisted,7.8,62.7,0,head,low-left,0,53.8,5.1,No information,No information,6,No information,328,62.7,7.8,46.2,0,46.2,94.9,40,2372,shot
martin-braithwaite,https://www.sofascore.com/belgium-denmark/BObsrUb#id:8513118,denmark,block,No information,assisted,4.7,57.7,0,right-foot,low-centre,0,49.5,19,No information,No information,5,No information,273,57.7,4.7,50.5,0,50.5,81,41,2427,shot
joakim-maehle,https://www.sofascore.com/belgium-denmark/BObsrUb#id:8513118,denmark,save,No information,regular,6.3,42.1,0,right-foot,low-centre,0,48.9,2.5,No information,No information,5,No information,260,42.1,6.3,51.1,0,51.1,97.5,41,2440,shot
dries-mertens,https://www.sofascore.com/belgium-denmark/BObsrUb#id:8513118,belgium,save,No information,assisted,7.7,41.5,0,head,low-left,0,52.3,3.8,No information,No information,4,No information,186,41.5,7.7,47.7,0,47.7,96.2,42,2514,shot
yussuf-poulsen,https://www.sofascore.com/belgium-denmark/BObsrUb#id:8513118,denmark,goal,regular,assisted,13.7,62.3,0,right-foot,low-left,0,53.6,1.9,No information,No information,2,No information,99,62.3,13.7,46.4,0,46.4,98.1,44,2601,shot

raheem-sterling,https://www.sofascore.com/england-denmark/BObsnUb#id:8594134,england,save,No information,fast-break,2.5,59.3,0,right-foot,low-right,0,47.4,10.1,No information,No information,120,No information,7196,59.3,2.5,52.6,0,52.6,89.9,1,4,shot
martin-braithwaite,https://www.sofascore.com/england-denmark/BObsnUb#id:8594134,denmark,miss,No information,assisted,24.5,42.5,0,right-foot,close-left,0,56.6,11.1,No information,No information,114,No information,6826,42.5,24.5,43.4,0,43.4,88.9,7,374,shot
harry-kane,https://www.sofascore.com/england-denmark/BObsnUb#id:8594134,england,goal,regular,set-piece,5.7,53,0,right-foot,low-left,0,51.9,8.2,No information,No information,104,No information,6223,53,5.7,48.1,0,48.1,91.8,2,77,shot
harry-kane,https://www.sofascore.com/england-denmark/BObsnUb#id:8594134,england,save,No information,penalty,11.5,50,0,right-foot,low-right,0,46.8,3.8,No information,No information,104,No information,6221,50,11.5,53.2,0,53.2,96.2,2,79,shot
raheem-sterling,https://www.sofascore.com/england-denmark/BObsnUb#id:8594134,england,miss,No information,corner,16.4,43.7,0,right-foot,high,0,48.6,81.9,No information,No information,98,No information,5864,43.7,16.4,51.4,0,51.4,18.1,8,436,shot
jack-grealish,https://www.sofascore.com/england-denmark/BObsnUb#id:8594134,england,save,No information,corner,20.1,31,0,right-foot,high-centre,0,51.7,22.8,No information,No information,98,No information,5852,31,20.1,48.3,0,48.3,77.2,8,448,shot
john-stones,https://www.sofascore.com/england-denmark/BObsnUb#id:8594134,england,block,No information,corner,8.1,54.6,0,head,low-centre,0,51.6,19,No information,No information,98,No information,5846,54.6,8.1,48.4,0,48.4,81,8,454,shot
harry-kane,https://www.sofascore.com/england-denmark/BObsnUb#id:8594134,england,save,No information,assisted,8.1,70.3,0,right-foot,low-left,0,52.5,3.8,No information,No information,94,No information,5588,70.3,8.1,47.5,0,47.5,96.2,12,712,shot
harry-maguire,https://www.sofascore.com/england-denmark/BObsnUb#id:8594134,england,save,No information,set-piece,10.9,41.9,0,head,low-left,0,54,3.8,No information,No information,90,5,5672,41.9,10.9,46,0,46,96.2,1,628,shot
kalvin-phillips,https://www.sofascore.com/england-denmark/BObsnUb#id:8594134,england,miss,No information,assisted,19.6,47.9,0,left-foot,high,0,52.6,77.8,No information,No information,90,3,5571,47.9,19.6,47.4,0,47.4,22.2,1,729,shot
john-stones,https://www.sofascore.com/england-denmark/BObsnUb#id:8594134,england,miss,No information,set-piece,14.9,52.1,0,head,right,0,36.8,15.3,No information,No information,83,No information,4920,52.1,14.9,63.2,0,63.2,84.7,8,480,shot
kalvin-phillips,https://www.sofascore.com/england-denmark/BObsnUb#id:8594134,england,miss,No information,regular,28,44.5,0,right-foot,left,0,61.5,1.4,No information,No information,80,No information,4778,44.5,28,38.5,0,38.5,98.6,11,622,shot
raheem-sterling,https://www.sofascore.com/england-denmark/BObsnUb#id:8594134,england,block,No information,corner,9.3,55.5,0,right-foot,low-centre,0,50.1,19,No information,No information,74,No information,4388,55.5,9.3,49.9,0,49.9,81,17,1012,shot
mason-mount,https://www.sofascore.com/england-denmark/BObsnUb#id:8594134,england,save,No information,assisted,15.7,39.4,0,right-foot,high-centre,0,48.8,22.2,No information,No information,64,No information,3787,39.4,15.7,51.2,0,51.2,77.8,27,1613,shot
mason-mount,https://www.sofascore.com/england-denmark/BObsnUb#id:8594134,england,block,No information,assisted,9.5,64.5,0,left-foot,low-left,0,51.8,19,No information,No information,62,No information,3667,64.5,9.5,48.2,0,48.2,81,29,1733,shot
harry-maguire,https://www.sofascore.com/england-denmark/BObsnUb#id:8594134,england,miss,No information,corner,13,49.3,0,head,left,0,64.2,13.9,No information,No information,60,No information,3575,49.3,13,35.8,0,35.8,86.1,31,1825,shot
kasper-dolberg,https://www.sofascore.com/england-denmark/BObsnUb#id:8594134,denmark,save,No information,assisted,19.3,55.8,0,left-foot,low-centre,0,49.2,1.3,No information,No information,58,No information,3479,55.8,19.3,50.8,0,50.8,98.7,33,1921,shot
harry-maguire,https://www.sofascore.com/england-denmark/BObsnUb#id:8594134,england,save,No information,set-piece,11.1,43,0,head,low-left,0,53.7,15.8,No information,No information,55,No information,3272,43,11.1,46.3,0,46.3,84.2,36,2128,shot
simon-kjaer,https://www.sofascore.com/england-denmark/BObsnUb#id:8594134,england,goal,own,regular,2.1,48.5,0,right-foot,high-centre,0,50.2,31.6,No information,No information,39,No information,2299,48.5,2.1,49.8,0,49.8,68.4,7,401,shot
raheem-sterling,https://www.sofascore.com/england-denmark/BObsnUb#id:8594134,england,save,No information,regular,8.8,50.6,0,right-foot,low-centre,0,49.6,15.2,No information,No information,38,No information,2251,50.6,8.8,50.4,0,50.4,84.8,8,449,shot
raheem-sterling,https://www.sofascore.com/england-denmark/BObsnUb#id:8594134,england,block,No information,free-kick,26.4,52.7,0,right-foot,low-centre,0,48.7,19,No information,No information,36,No information,2127,52.7,26.4,51.3,0,51.3,81,10,573,shot
damsgaard-mikkel,https://www.sofascore.com/england-denmark/BObsnUb#id:8594134,denmark,goal,regular,free-kick,30.2,47,0,right-foot,high-centre,0,51.7,32.3,No information,No information,30,No information,1765,47,30.2,48.3,0,48.3,67.7,16,935,shot
damsgaard-mikkel,https://www.sofascore.com/england-denmark/BObsnUb#id:8594134,denmark,miss,No information,assisted,15.3,34.5,0,right-foot,close-high-right,0,43,41.7,No information,No information,25,No information,1465,34.5,15.3,57,0,57,58.3,21,1235,shot
martin-braithwaite,https://www.sofascore.com/england-denmark/BObsnUb#id:8594134,denmark,block,No information,assisted,18.5,43.1,0,right-foot,low-left,0,52.6,5.6,No information,No information,16,No information,902,43.1,18.5,47.4,0,47.4,94.4,30,1798,shot
pierre-emile-hojbjerg,https://www.sofascore.com/england-denmark/BObsnUb#id:8594134,denmark,save,No information,regular,24.8,31,0,right-foot,low-centre,0,51.1,2.5,No information,No information,15,No information,892,31,24.8,48.9,0,48.9,97.5,31,1808,shot
harry-kane,https://www.sofascore.com/england-denmark/BObsnUb#id:8594134,england,miss,No information,assisted,22.6,63.4,0,right-foot,high-right,0,42.5,87.5,No information,No information,15,No information,843,63.4,22.6,57.5,0,57.5,12.5,31,1857,shot
raheem-sterling,https://www.sofascore.com/england-denmark/BObsnUb#id:8594134,england,save,No information,assisted,13.6,39.9,0,right-foot,low-centre,0,51.2,1.9,No information,No information,13,No information,732,39.9,13.6,48.8,0,48.8,98.1,33,1968,shot

john-johannesen-frederiksen,https://www.sofascore.com/faroe-islands-denmark/BObskVb#id:9223843,faroe islands,save,No information,assisted,18.4,69.7,0,left-foot,low-centre,0,48.7,1.9,No information,No information,90,4,5622,69.7,18.4,51.3,0,51.3,98.1,1,678,shot
damsgaard-mikkel,https://www.sofascore.com/faroe-islands-denmark/BObskVb#id:9223843,denmark,miss,No information,assisted,14,51.8,0,right-foot,high-right,0,40.2,94.4,No information,No information,89,No information,5287,51.8,14,59.8,0,59.8,5.6,2,113,shot
jonas-wind,https://www.sofascore.com/faroe-islands-denmark/BObskVb#id:9223843,denmark,goal,regular,set-piece,10.5,47.4,0,head,low-left,0,54.5,16.5,No information,No information,85,No information,5055,47.4,10.5,45.5,0,45.5,83.5,6,345,shot
yussuf-poulsen,https://www.sofascore.com/faroe-islands-denmark/BObskVb#id:9223843,denmark,miss,No information,assisted,4.3,56,0,head,high-right,0,42.7,65.3,No information,No information,82,No information,4885,56,4.3,57.3,0,57.3,34.7,9,515,shot
anders-christiansen,https://www.sofascore.com/faroe-islands-denmark/BObskVb#id:9223843,denmark,block,No information,assisted,22.9,67.6,0,right-foot,low-left,0,52.8,19,No information,No information,69,No information,4123,67.6,22.9,47.2,0,47.2,81,22,1277,shot
hallur-hansson,https://www.sofascore.com/faroe-islands-denmark/BObskVb#id:9223843,faroe islands,miss,No information,throw-in-set-piece,7,50.3,0,left-foot,high,0,52.3,76.4,No information,No information,58,No information,3470,50.3,7,47.7,0,47.7,23.6,33,1930,shot
joan-edmundsson,https://www.sofascore.com/faroe-islands-denmark/BObskVb#id:9223843,faroe islands,post,No information,throw-in-set-piece,4,53.8,0,head,high,0,48.7,41.1,No information,No information,58,No information,3468,53.8,4,51.3,0,51.3,58.9,33,1932,shot
jonas-wind,https://www.sofascore.com/faroe-islands-denmark/BObskVb#id:9223843,denmark,save,No information,assisted,14.4,35.1,0,left-foot,low-centre,0,51.8,2.5,No information,No information,55,No information,3292,35.1,14.4,48.2,0,48.2,97.5,36,2108,shot
victor-nelsson,https://www.sofascore.com/faroe-islands-denmark/BObskVb#id:9223843,denmark,miss,No information,corner,7.7,49.3,0,head,right,0,31.9,1.4,No information,No information,54,No information,3197,49.3,7.7,68.1,0,68.1,98.6,37,2203,shot
andreas-christensen,https://www.sofascore.com/faroe-islands-denmark/BObskVb#id:9223843,denmark,save,No information,assisted,27.2,40.6,0,right-foot,low-left,0,52.3,0.6,No information,No information,49,No information,2902,40.6,27.2,47.7,0,47.7,99.4,42,2498,shot
andreas-skov-olsen,https://www.sofascore.com/faroe-islands-denmark/BObskVb#id:9223843,denmark,save,No information,assisted,13.7,61.6,0,left-foot,low-centre,0,50.3,0.6,No information,No information,46,No information,2745,61.6,13.7,49.7,0,49.7,99.4,45,2655,shot
anders-christiansen,https://www.sofascore.com/faroe-islands-denmark/BObskVb#id:9223843,denmark,save,No information,assisted,10,43.9,0,left-foot,low-left,0,52.6,1.9,No information,No information,39,No information,2288,43.9,10,47.4,0,47.4,98.1,7,412,shot
anders-christiansen,https://www.sofascore.com/faroe-islands-denmark/BObskVb#id:9223843,denmark,save,No information,regular,4.7,52.8,0,right-foot,low-centre,0,50,5.7,No information,No information,38,No information,2279,52.8,4.7,50,0,50,94.3,8,421,shot
mohamed-daramy,https://www.sofascore.com/faroe-islands-denmark/BObskVb#id:9223843,denmark,block,No information,regular,9,58.5,0,right-foot,low-right,0,47.5,19,No information,No information,38,No information,2278,58.5,9,52.5,0,52.5,81,8,422,shot
brandur-hendriksson-olsen,https://www.sofascore.com/faroe-islands-denmark/BObskVb#id:9223843,faroe islands,save,No information,free-kick,20.7,19.2,0,right-foot,low-centre,0,49.2,9.5,No information,No information,26,No information,1502,19.2,20.7,50.8,0,50.8,90.5,20,1198,shot
mohamed-daramy,https://www.sofascore.com/faroe-islands-denmark/BObskVb#id:9223843,denmark,save,No information,assisted,17.8,65.5,0,left-foot,low-centre,0,50.5,3.2,No information,No information,22,No information,1287,65.5,17.8,49.5,0,49.5,96.8,24,1413,shot
christian-norgaard,https://www.sofascore.com/faroe-islands-denmark/BObskVb#id:9223843,denmark,block,No information,assisted,22.8,42.3,0,right-foot,low-left,0,54,19,No information,No information,22,No information,1271,42.3,22.8,46,0,46,81,24,1429,shot
christian-norgaard,https://www.sofascore.com/faroe-islands-denmark/BObskVb#id:9223843,denmark,block,No information,corner,8.6,41.6,0,head,low-centre,0,51.2,19,No information,No information,19,No information,1080,41.6,8.6,48.8,0,48.8,81,27,1620,shot
jacob-bruun-larsen,https://www.sofascore.com/faroe-islands-denmark/BObskVb#id:9223843,denmark,save,No information,assisted,13,54.4,0,left-foot,high-left,0,53.4,21.5,No information,No information,18,No information,1042,54.4,13,46.6,0,46.6,78.5,28,1658,shot
andreas-christensen,https://www.sofascore.com/faroe-islands-denmark/BObskVb#id:9223843,denmark,block,No information,corner,9.3,50.4,0,right-foot,low-centre,0,51.5,19,No information,No information,10,No information,564,50.4,9.3,48.5,0,48.5,81,36,2136,shot
rasmus-kristensen,https://www.sofascore.com/faroe-islands-denmark/BObskVb#id:9223843,denmark,block,No information,corner,7.1,48,0,head,low-right,0,48.1,19,No information,No information,10,No information,563,48,7.1,51.9,0,51.9,81,36,2137,shot
jacob-bruun-larsen,https://www.sofascore.com/faroe-islands-denmark/BObskVb#id:9223843,denmark,miss,No information,corner,15.8,33.2,0,left-foot,right,0,40.5,23.6,No information,No information,8,No information,455,33.2,15.8,59.5,0,59.5,76.4,38,2245,shot
anders-christiansen,https://www.sofascore.com/faroe-islands-denmark/BObskVb#id:9223843,denmark,block,No information,assisted,26.1,56.3,0,right-foot,low-left,0,52.5,19,No information,No information,7,No information,407,56.3,26.1,47.5,0,47.5,81,39,2293,shot
gunnar-vatnhamar,https://www.sofascore.com/faroe-islands-denmark/BObskVb#id:9223843,faroe islands,save,No information,set-piece,3.2,66,0,head,low-right,0,48.1,5.7,No information,No information,2,No information,70,66,3.2,51.9,0,51.9,94.3,44,2630,shot

marcus-ingvartsen,https://www.sofascore.com/moldova-denmark/BObsHVb#id:9223718,denmark,goal,regular,regular,16.3,50.4,0,left-foot,low-centre,0,49.7,0.6,No information,No information,89,No information,5332,50.4,16.3,50.3,0,50.3,99.4,2,68,shot
christian-eriksen,https://www.sofascore.com/moldova-denmark/BObsHVb#id:9223718,denmark,save,No information,assisted,13.1,44.3,0,left-foot,low-centre,0,51.6,3.2,No information,No information,89,No information,5329,44.3,13.1,48.4,0,48.4,96.8,2,71,shot
damsgaard-mikkel,https://www.sofascore.com/moldova-denmark/BObsHVb#id:9223718,denmark,save,No information,assisted,14.2,41.3,0,right-foot,low-centre,0,50.3,4.4,No information,No information,87,No information,5181,41.3,14.2,49.7,0,49.7,95.6,4,219,shot
robert-skov,https://www.sofascore.com/moldova-denmark/BObsHVb#id:9223718,denmark,goal,regular,assisted,5.9,71.8,0,right-foot,low-centre,0,51.7,3.8,No information,No information,81,No information,4851,71.8,5.9,48.3,0,48.3,96.2,10,549,shot
andrei-cojocari,https://www.sofascore.com/moldova-denmark/BObsHVb#id:9223718,moldova,save,No information,regular,22.2,55.5,0,left-foot,low-right,0,45.8,1.3,No information,No information,70,No information,4155,55.5,22.2,54.2,0,54.2,98.7,21,1245,shot
robert-skov,https://www.sofascore.com/moldova-denmark/BObsHVb#id:9223718,denmark,block,No information,free-kick,26.2,64.8,0,left-foot,low-centre,0,50.3,19,No information,No information,68,No information,4055,64.8,26.2,49.7,0,49.7,81,23,1345,shot
kasper-dolberg,https://www.sofascore.com/moldova-denmark/BObsHVb#id:9223718,denmark,goal,regular,assisted,4.2,51.9,0,head,low-right,0,47.8,12.7,No information,No information,48,No information,2862,51.9,4.2,52.2,0,52.2,87.3,43,2538,shot
kasper-dolberg,https://www.sofascore.com/moldova-denmark/BObsHVb#id:9223718,denmark,block,No information,assisted,13.8,60.8,0,right-foot,low-centre,0,50.9,19,No information,No information,44,No information,2593,60.8,13.8,49.1,0,49.1,81,2,107,shot
christian-norgaard,https://www.sofascore.com/moldova-denmark/BObsHVb#id:9223718,denmark,miss,No information,assisted,17.2,56.7,0,right-foot,high-right,0,42.7,73.6,No information,No information,43,No information,2524,56.7,17.2,57.3,0,57.3,26.4,3,176,shot
mathias-jensen,https://www.sofascore.com/moldova-denmark/BObsHVb#id:9223718,denmark,goal,regular,regular,11,55.3,0,left-foot,low-right,0,47.2,1.3,No information,No information,39,No information,2280,55.3,11,52.8,0,52.8,98.7,7,420,shot
artur-ionita,https://www.sofascore.com/moldova-denmark/BObsHVb#id:9223718,moldova,miss,No information,corner,11.8,57.5,0,right-foot,left,0,67.6,16.7,No information,No information,37,No information,2181,57.5,11.8,32.4,0,32.4,83.3,9,519,shot
ion-nicolaescu,https://www.sofascore.com/moldova-denmark/BObsHVb#id:9223718,moldova,block,No information,corner,12.1,52,0,head,low-left,0,51.8,19,No information,No information,37,No information,2176,52,12.1,48.2,0,48.2,81,9,524,shot
jens-stryger-larsen,https://www.sofascore.com/moldova-denmark/BObsHVb#id:9223718,denmark,goal,regular,assisted,10.4,58.1,0,left-foot,low-left,0,53.8,17.1,No information,No information,35,No information,2058,58.1,10.4,46.2,0,46.2,82.9,11,642,shot
damsgaard-mikkel,https://www.sofascore.com/moldova-denmark/BObsHVb#id:9223718,denmark,goal,regular,assisted,7.5,47.8,0,right-foot,low-right,0,47.1,0.6,No information,No information,29,No information,1689,47.8,7.5,52.9,0,52.9,99.4,17,1011,shot
damsgaard-mikkel,https://www.sofascore.com/moldova-denmark/BObsHVb#id:9223718,denmark,miss,No information,assisted,19.4,45,0,right-foot,close-high,0,44.5,56.9,No information,No information,27,No information,1593,45,19.4,55.5,0,55.5,43.1,19,1107,shot
damsgaard-mikkel,https://www.sofascore.com/moldova-denmark/BObsHVb#id:9223718,denmark,goal,regular,assisted,9.9,51.9,0,right-foot,low-left,0,53.6,1.3,No information,No information,21,No information,1258,51.9,9.9,46.4,0,46.4,98.7,25,1442,shot
alexandru-antoniuc,https://www.sofascore.com/moldova-denmark/BObsHVb#id:9223718,moldova,save,No information,regular,8.3,69.3,0,right-foot,low-right,0,45.9,6.3,No information,No information,20,No information,1170,69.3,8.3,54.1,0,54.1,93.7,26,1530,shot
kasper-dolberg,https://www.sofascore.com/moldova-denmark/BObsHVb#id:9223718,denmark,goal,penalty,penalty,11.6,50.1,0,right-foot,low-left,0,52.8,1.9,No information,No information,19,No information,1082,50.1,11.6,47.2,0,47.2,98.1,27,1618,shot
damsgaard-mikkel,https://www.sofascore.com/moldova-denmark/BObsHVb#id:9223718,denmark,block,No information,assisted,10.7,37.5,0,right-foot,low-right,0,47.5,19,No information,No information,11,No information,654,37.5,10.7,52.5,0,52.5,81,35,2046,shot
damsgaard-mikkel,https://www.sofascore.com/moldova-denmark/BObsHVb#id:9223718,denmark,save,No information,regular,18.9,41,0,right-foot,low-centre,0,49.1,9.5,No information,No information,8,No information,447,41,18.9,50.9,0,50.9,90.5,38,2253,shot
andreas-skov-olsen,https://www.sofascore.com/moldova-denmark/BObsHVb#id:9223718,denmark,miss,No information,assisted,8.7,69.2,0,left-foot,high-left,0,64.5,63.9,No information,No information,7,No information,388,69.2,8.7,35.5,0,35.5,36.1,39,2312,shot
lasse-schone,https://www.sofascore.com/moldova-denmark/BObsHVb#id:9223718,denmark,block,No information,assisted,10.3,46,0,right-foot,low-centre,0,50.7,19,No information,No information,6,No information,337,46,10.3,49.3,0,49.3,81,40,2363,shot

konrad-laimer,https://www.sofascore.com/austria-denmark/BObstUb#id:10023453,austria,block,No information,corner,14.7,66,0,right-foot,low-right,0,47.2,19,No information,No information,90,7,5778,66,14.7,52.8,0,52.8,81,1,522,shot
marcel-sabitzer,https://www.sofascore.com/austria-denmark/BObstUb#id:10023453,austria,block,No information,assisted,28.8,53.6,0,right-foot,low-centre,0,50.1,19,No information,No information,90,6,5742,53.6,28.8,49.9,0,49.9,81,1,558,shot
david-alaba,https://www.sofascore.com/austria-denmark/BObstUb#id:10023453,austria,miss,No information,regular,18.2,45.2,0,right-foot,right,0,18.8,5.6,No information,No information,90,5,5663,45.2,18.2,81.2,0,81.2,94.4,1,637,shot
maximilian-wober,https://www.sofascore.com/austria-denmark/BObstUb#id:10023453,austria,miss,No information,regular,13.4,33.7,0,left-foot,close-left,0,58.3,25,No information,No information,90,3,5528,33.7,13.4,41.7,0,41.7,75,1,772,shot
michael-gregoritsch,https://www.sofascore.com/austria-denmark/BObstUb#id:10023453,austria,miss,No information,assisted,3.8,40.4,0,left-foot,close-left,0,56.1,18.1,No information,No information,88,No information,5231,40.4,3.8,43.9,0,43.9,81.9,3,169,shot
jens-stryger-larsen,https://www.sofascore.com/austria-denmark/BObstUb#id:10023453,denmark,goal,regular,assisted,19.1,27.7,0,right-foot,low-right,0,45.8,18.4,No information,No information,84,No information,5019,27.7,19.1,54.2,0,54.2,81.6,7,381,shot
marko-arnautovic,https://www.sofascore.com/austria-denmark/BObstUb#id:10023453,austria,miss,No information,assisted,16.5,44.3,0,left-foot,left,0,61.8,27.8,No information,No information,78,No information,4628,44.3,16.5,38.2,0,38.2,72.2,13,772,shot
marcel-sabitzer,https://www.sofascore.com/austria-denmark/BObstUb#id:10023453,austria,miss,No information,regular,17.9,46.2,0,right-foot,high,0,46.4,65.3,No information,No information,74,No information,4427,46.2,17.9,53.6,0,53.6,34.7,17,973,shot
marko-arnautovic,https://www.sofascore.com/austria-denmark/BObstUb#id:10023453,austria,post,No information,assisted,5.8,40.7,0,left-foot,left,0,55.3,24.7,No information,No information,74,No information,4423,40.7,5.8,44.7,0,44.7,75.3,17,977,shot
damsgaard-mikkel,https://www.sofascore.com/austria-denmark/BObstUb#id:10023453,denmark,save,No information,corner,22.1,43.1,0,right-foot,high-left,0,52.4,21.5,No information,No information,72,No information,4266,43.1,22.1,47.6,0,47.6,78.5,19,1134,shot
christian-eriksen,https://www.sofascore.com/austria-denmark/BObstUb#id:10023453,denmark,save,No information,regular,25.7,69.3,0,right-foot,low-left,0,54.3,15.2,No information,No information,70,No information,4193,69.3,25.7,45.7,0,45.7,84.8,21,1207,shot
andreas-cornelius,https://www.sofascore.com/austria-denmark/BObstUb#id:10023453,denmark,block,No information,assisted,15,29.9,0,left-foot,low-right,0,45.9,11.1,No information,No information,70,No information,4153,29.9,15,54.1,0,54.1,88.9,21,1247,shot
xaver-schlager,https://www.sofascore.com/austria-denmark/BObstUb#id:10023453,austria,goal,regular,assisted,12,41.5,0,left-foot,high-right,0,46.4,20.3,No information,No information,67,No information,3972,41.5,12,53.6,0,53.6,79.7,24,1428,shot
xaver-schlager,https://www.sofascore.com/austria-denmark/BObstUb#id:10023453,austria,miss,No information,assisted,14.4,61,0,right-foot,high-right,0,40.8,61.1,No information,No information,64,No information,3791,61,14.4,59.2,0,59.2,38.9,27,1609,shot
marko-arnautovic,https://www.sofascore.com/austria-denmark/BObstUb#id:10023453,austria,block,No information,assisted,8.9,62.9,0,right-foot,low-centre,0,48.8,19,No information,No information,64,No information,3782,62.9,8.9,51.2,0,51.2,81,27,1618,shot
andreas-skov-olsen,https://www.sofascore.com/austria-denmark/BObstUb#id:10023453,denmark,miss,No information,fast-break,8.8,30.7,0,left-foot,right,0,39.2,6.9,No information,No information,58,No information,3474,30.7,8.8,60.8,0,60.8,93.1,33,1926,shot
christian-eriksen,https://www.sofascore.com/austria-denmark/BObstUb#id:10023453,denmark,save,No information,assisted,27.5,44,0,right-foot,low-left,0,53.8,17.1,No information,No information,57,No information,3399,44,27.5,46.2,0,46.2,82.9,34,2001,shot
marco-friedl,https://www.sofascore.com/austria-denmark/BObstUb#id:10023453,austria,miss,No information,corner,3.8,63.5,0,left-foot,close-high,0,51.8,54.2,No information,No information,56,No information,3343,63.5,3.8,48.2,0,48.2,45.8,35,2057,shot
marko-arnautovic,https://www.sofascore.com/austria-denmark/BObstUb#id:10023453,austria,miss,No information,assisted,13,58.9,0,right-foot,right,0,37.5,1.4,No information,No information,50,No information,2968,58.9,13,62.5,0,62.5,98.6,41,2432,shot
christoph-baumgartner,https://www.sofascore.com/austria-denmark/BObstUb#id:10023453,austria,miss,No information,assisted,9.1,43.9,0,head,high-right,0,41.5,76.4,No information,No information,45,No information,2667,43.9,9.1,58.5,0,58.5,23.6,1,33,shot
seiwald-nicolas,https://www.sofascore.com/austria-denmark/BObstUb#id:10023453,austria,block,No information,corner,24.1,55.5,0,right-foot,low-left,0,54.1,19,No information,No information,44,No information,2602,55.5,24.1,45.9,0,45.9,81,2,98,shot
yussuf-poulsen,https://www.sofascore.com/austria-denmark/BObstUb#id:10023453,denmark,save,No information,regular,12.5,35.7,0,right-foot,low-right,0,46.7,6.3,No information,No information,33,No information,1933,35.7,12.5,53.3,0,53.3,93.7,13,767,shot
pierre-emile-hojbjerg,https://www.sofascore.com/austria-denmark/BObstUb#id:10023453,denmark,goal,regular,regular,8.7,52.8,0,right-foot,low-centre,0,50.3,2.5,No information,No information,28,No information,1621,52.8,8.7,49.7,0,49.7,97.5,18,1079,shot
xaver-schlager,https://www.sofascore.com/austria-denmark/BObstUb#id:10023453,austria,miss,No information,assisted,18.2,49,0,head,right,0,37.1,5.6,No information,No information,25,No information,1489,49,18.2,62.9,0,62.9,94.4,21,1211,shot
christoph-baumgartner,https://www.sofascore.com/austria-denmark/BObstUb#id:10023453,austria,block,No information,regular,23.2,66,0,left-foot,low-centre,0,49.1,19,No information,No information,4,No information,201,66,23.2,50.9,0,50.9,81,42,2499,shot

joakim-maehle,https://www.sofascore.com/faroe-islands-denmark/BObskVb#id:9223868,denmark,goal,regular,regular,18.5,66.1,0,right-foot,low-left,0,52.8,14.6,No information,No information,90,3,5550,66.1,18.5,47.2,0,47.2,85.4,1,750,shot
klaemint-olsen,https://www.sofascore.com/faroe-islands-denmark/BObskVb#id:9223868,faroe islands,goal,regular,assisted,9.3,54.2,0,head,low-left,0,53.9,10.1,No information,No information,89,No information,5327,54.2,9.3,46.1,0,46.1,89.9,2,73,shot
klaemint-olsen,https://www.sofascore.com/faroe-islands-denmark/BObskVb#id:9223868,faroe islands,save,No information,assisted,4.6,49.1,0,head,low-centre,0,49.1,18.4,No information,No information,88,No information,5262,49.1,4.6,50.9,0,50.9,81.6,3,138,shot
trondur-jensen,https://www.sofascore.com/faroe-islands-denmark/BObskVb#id:9223868,faroe islands,block,No information,set-piece,19.5,53.6,0,right-foot,low-centre,0,51.5,19,No information,No information,86,No information,5153,53.6,19.5,48.5,0,48.5,81,5,247,shot
anders-dreyer,https://www.sofascore.com/faroe-islands-denmark/BObskVb#id:9223868,denmark,block,No information,assisted,16,65.5,0,left-foot,low-left,0,52.2,19,No information,No information,79,No information,4706,65.5,16,47.8,0,47.8,81,12,694,shot
anders-dreyer,https://www.sofascore.com/faroe-islands-denmark/BObskVb#id:9223868,denmark,block,No information,assisted,14.7,67.2,0,right-foot,low-centre,0,49.9,19,No information,No information,70,No information,4145,67.2,14.7,50.1,0,50.1,81,21,1255,shot
simon-kjaer,https://www.sofascore.com/faroe-islands-denmark/BObskVb#id:9223868,denmark,miss,No information,assisted,30.3,58.3,0,right-foot,left,0,60.8,6.9,No information,No information,66,No information,3916,58.3,30.3,39.2,0,39.2,93.1,25,1484,shot
jacob-bruun-larsen,https://www.sofascore.com/faroe-islands-denmark/BObskVb#id:9223868,denmark,goal,regular,regular,1.3,46.7,0,left-foot,low-left,0,53.4,3.2,No information,No information,63,No information,3723,46.7,1.3,46.6,0,46.6,96.8,28,1677,shot
yussuf-poulsen,https://www.sofascore.com/faroe-islands-denmark/BObskVb#id:9223868,denmark,block,No information,assisted,10.1,66.6,0,right-foot,low-left,0,53.6,19,No information,No information,63,No information,3721,66.6,10.1,46.4,0,46.4,81,28,1679,shot
daniel-wass,https://www.sofascore.com/faroe-islands-denmark/BObskVb#id:9223868,denmark,miss,No information,assisted,11.2,45.2,0,right-foot,high-left,0,60.3,70.8,No information,No information,61,No information,3625,45.2,11.2,39.7,0,39.7,29.2,30,1775,shot
andreas-christensen,https://www.sofascore.com/faroe-islands-denmark/BObskVb#id:9223868,denmark,save,No information,assisted,27.9,47.4,0,right-foot,low-centre,0,50.1,3.8,No information,No information,53,No information,3161,47.4,27.9,49.9,0,49.9,96.2,38,2239,shot
jesper-lindstrom,https://www.sofascore.com/faroe-islands-denmark/BObskVb#id:9223868,denmark,miss,No information,set-piece,18.1,37.1,0,left-foot,high-left,0,62.2,41.7,No information,No information,47,No information,2814,37.1,18.1,37.8,0,37.8,58.3,44,2586,shot
yussuf-poulsen,https://www.sofascore.com/faroe-islands-denmark/BObskVb#id:9223868,denmark,block,No information,assisted,22.5,33.6,0,right-foot,low-right,0,47.5,19,No information,No information,46,No information,2737,33.6,22.5,52.5,0,52.5,81,45,2663,shot
daniel-wass,https://www.sofascore.com/faroe-islands-denmark/BObskVb#id:9223868,denmark,block,No information,assisted,23.3,66.5,0,right-foot,low-right,0,46.9,19,No information,No information,45,3,2830,66.5,23.3,53.1,0,53.1,81,1,2570,shot
yussuf-poulsen,https://www.sofascore.com/faroe-islands-denmark/BObskVb#id:9223868,denmark,block,No information,assisted,18.2,52.1,0,left-foot,low-left,0,52.7,19,No information,No information,45,3,2825,52.1,18.2,47.3,0,47.3,81,1,2575,shot
daniel-wass,https://www.sofascore.com/faroe-islands-denmark/BObskVb#id:9223868,denmark,miss,No information,assisted,24.5,61.8,0,right-foot,high,0,47.4,63.9,No information,No information,29,No information,1713,61.8,24.5,52.6,0,52.6,36.1,17,987,shot
jens-stryger-larsen,https://www.sofascore.com/faroe-islands-denmark/BObskVb#id:9223868,denmark,miss,No information,assisted,12.4,47.3,0,head,right,0,36,6.9,No information,No information,28,No information,1652,47.3,12.4,64,0,64,93.1,18,1048,shot
andreas-skov-olsen,https://www.sofascore.com/faroe-islands-denmark/BObskVb#id:9223868,denmark,goal,regular,regular,3.8,59.1,0,right-foot,low-right,0,46.7,2.5,No information,No information,18,No information,1060,59.1,3.8,53.3,0,53.3,97.5,28,1640,shot
yussuf-poulsen,https://www.sofascore.com/faroe-islands-denmark/BObskVb#id:9223868,denmark,block,No information,assisted,14.9,42.6,0,left-foot,low-right,0,47.2,19,No information,No information,18,No information,1057,42.6,14.9,52.8,0,52.8,81,28,1643,shot
yussuf-poulsen,https://www.sofascore.com/faroe-islands-denmark/BObskVb#id:9223868,denmark,miss,No information,assisted,2.7,57.3,0,head,close-right,0,43.4,25,No information,No information,12,No information,675,57.3,2.7,56.6,0,56.6,75,34,2025,shot
andreas-skov-olsen,https://www.sofascore.com/faroe-islands-denmark/BObskVb#id:9223868,denmark,miss,No information,regular,22.3,68.5,0,left-foot,right,0,40,1.4,No information,No information,7,No information,415,68.5,22.3,60,0,60,98.6,39,2285,shot
jesper-lindstrom,https://www.sofascore.com/faroe-islands-denmark/BObskVb#id:9223868,denmark,block,No information,regular,19.8,58.5,0,right-foot,low-centre,0,49.1,19,No information,No information,7,No information,414,58.5,19.8,50.9,0,50.9,81,39,2286,shot

martin-braithwaite,https://www.sofascore.com/wales-denmark/BObscUb#id:8594153,denmark,goal,regular,fast-break,12.1,57.1,0,left-foot,low-left,0,54.2,3.2,No information,No information,90,4,5582,57.1,12.1,45.8,0,45.8,96.8,1,718,shot
joakim-maehle,https://www.sofascore.com/wales-denmark/BObscUb#id:8594153,denmark,goal,regular,assisted,8.5,61.4,0,left-foot,high-right,0,46.1,24.7,No information,No information,88,No information,5276,61.4,8.5,53.9,0,53.9,75.3,3,124,shot
joachim-andersen,https://www.sofascore.com/wales-denmark/BObscUb#id:8594153,denmark,miss,No information,corner,3.6,59.6,0,right-foot,close-left,0,57.6,5.6,No information,No information,86,No information,5122,59.6,3.6,42.4,0,42.4,94.4,5,278,shot
martin-braithwaite,https://www.sofascore.com/wales-denmark/BObscUb#id:8594153,denmark,post,No information,corner,2.3,57.5,0,right-foot,right,0,44.6,4.4,No information,No information,86,No information,5121,57.5,2.3,55.4,0,55.4,95.6,5,279,shot
andreas-cornelius,https://www.sofascore.com/wales-denmark/BObscUb#id:8594153,denmark,save,No information,corner,7.4,42.1,0,head,low-centre,0,48.3,13.9,No information,No information,86,No information,5119,42.1,7.4,51.7,0,51.7,86.1,5,281,shot
martin-braithwaite,https://www.sofascore.com/wales-denmark/BObscUb#id:8594153,denmark,miss,No information,free-kick,26.6,45.6,0,right-foot,high,0,52.9,75,No information,No information,81,No information,4824,45.6,26.6,47.1,0,47.1,25,10,576,shot
andreas-cornelius,https://www.sofascore.com/wales-denmark/BObscUb#id:8594153,denmark,block,No information,assisted,23.8,53.8,0,left-foot,low-centre,0,50.8,19,No information,No information,79,No information,4687,53.8,23.8,49.2,0,49.2,81,12,713,shot
joe-allen,https://www.sofascore.com/wales-denmark/BObscUb#id:8594153,wales,block,No information,assisted,13.1,73.2,0,left-foot,low-left,0,51.9,19,No information,No information,67,No information,3965,73.2,13.1,48.1,0,48.1,81,24,1435,shot
joe-allen,https://www.sofascore.com/wales-denmark/BObscUb#id:8594153,wales,miss,No information,throw-in-set-piece,22.8,50.3,0,right-foot,high,0,52.1,70.8,No information,No information,63,No information,3764,50.3,22.8,47.9,0,47.9,29.2,28,1636,shot
jannik-vestergaard,https://www.sofascore.com/wales-denmark/BObscUb#id:8594153,denmark,save,No information,regular,28.1,41.2,0,left-foot,low-centre,0,48.4,3.2,No information,No information,61,No information,3646,41.2,28.1,51.6,0,51.6,96.8,30,1754,shot
pierre-emile-hojbjerg,https://www.sofascore.com/wales-denmark/BObscUb#id:8594153,denmark,block,No information,assisted,26.5,62.9,0,right-foot,low-left,0,51.9,19,No information,No information,61,No information,3636,62.9,26.5,48.1,0,48.1,81,30,1764,shot
daniel-james,https://www.sofascore.com/wales-denmark/BObscUb#id:8594153,wales,miss,No information,regular,13.8,60,0,right-foot,left,0,60.7,13.9,No information,No information,59,No information,3490,60,13.8,39.3,0,39.3,86.1,32,1910,shot
gareth-bale,https://www.sofascore.com/wales-denmark/BObscUb#id:8594153,wales,miss,No information,assisted,7.8,49.3,0,head,close-right,0,41,8.3,No information,No information,53,No information,3171,49.3,7.8,59,0,59,91.7,38,2229,shot
damsgaard-mikkel,https://www.sofascore.com/wales-denmark/BObscUb#id:8594153,denmark,block,No information,assisted,30.2,48.2,0,right-foot,low-centre,0,49.5,19,No information,No information,52,No information,3107,48.2,30.2,50.5,0,50.5,81,39,2293,shot
kasper-dolberg,https://www.sofascore.com/wales-denmark/BObscUb#id:8594153,denmark,goal,regular,regular,6.4,60,0,right-foot,low-right,0,46.8,3.2,No information,No information,48,No information,2872,60,6.4,53.2,0,53.2,96.8,43,2528,shot
joakim-maehle,https://www.sofascore.com/wales-denmark/BObscUb#id:8594153,denmark,save,No information,assisted,3.6,32.8,0,right-foot,low-left,0,54.2,13.9,No information,No information,45,1,2710,32.8,3.6,45.8,0,45.8,86.1,1,2690,shot
kasper-dolberg,https://www.sofascore.com/wales-denmark/BObscUb#id:8594153,denmark,save,No information,assisted,2.4,43.9,0,right-foot,low-left,0,51.9,3.2,No information,No information,32,No information,1882,43.9,2.4,48.1,0,48.1,96.8,14,818,shot
kasper-dolberg,https://www.sofascore.com/wales-denmark/BObscUb#id:8594153,denmark,goal,regular,assisted,19.9,38.2,0,right-foot,low-right,0,45.5,9.5,No information,No information,27,No information,1591,38.2,19.9,54.5,0,54.5,90.5,19,1109,shot
jannik-vestergaard,https://www.sofascore.com/wales-denmark/BObscUb#id:8594153,denmark,miss,No information,corner,4.3,47.2,0,head,high,0,45.5,68.1,No information,No information,24,No information,1416,47.2,4.3,54.5,0,54.5,31.9,22,1284,shot
daniel-james,https://www.sofascore.com/wales-denmark/BObscUb#id:8594153,wales,save,No information,assisted,21.4,24.6,0,right-foot,low-left,0,52.2,2.5,No information,No information,18,No information,1044,24.6,21.4,47.8,0,47.8,97.5,28,1656,shot
aaron-ramsey,https://www.sofascore.com/wales-denmark/BObscUb#id:8594153,wales,block,No information,assisted,17.2,63.9,0,right-foot,low-centre,0,49.4,19,No information,No information,14,No information,821,63.9,17.2,50.6,0,50.6,81,32,1879,shot
gareth-bale,https://www.sofascore.com/wales-denmark/BObscUb#id:8594153,wales,miss,No information,assisted,27.8,51.3,0,left-foot,close-right,0,41.3,4.2,No information,No information,12,No information,702,51.3,27.8,58.7,0,58.7,95.8,34,1998,shot
aaron-ramsey,https://www.sofascore.com/wales-denmark/BObscUb#id:8594153,wales,block,No information,regular,10.1,46,0,right-foot,low-left,0,52,19,No information,No information,11,No information,639,46,10.1,48,0,48,81,35,2061,shot
aaron-ramsey,https://www.sofascore.com/wales-denmark/BObscUb#id:8594153,wales,block,No information,assisted,9.7,45,0,right-foot,low-centre,0,51.8,19,No information,No information,11,No information,637,45,9.7,48.2,0,48.2,81,35,2063,shot
gareth-bale,https://www.sofascore.com/wales-denmark/BObscUb#id:8594153,wales,miss,No information,assisted,21.1,67.4,0,left-foot,close-left,0,57.5,6.9,No information,No information,10,No information,554,67.4,21.1,42.5,0,42.5,93.1,36,2146,shot
kasper-dolberg,https://www.sofascore.com/wales-denmark/BObscUb#id:8594153,denmark,miss,No information,assisted,26.1,44.1,0,right-foot,high-right,0,40.7,87.5,No information,No information,8,No information,450,44.1,26.1,59.3,0,59.3,12.5,38,2250,shot
chris-mepham,https://www.sofascore.com/wales-denmark/BObscUb#id:8594153,wales,block,No information,set-piece,13.2,48.2,0,head,low-centre,0,49,19,No information,No information,5,No information,252,48.2,13.2,51,0,51,81,41,2448,shot

hume-trai,https://www.sofascore.com/northern-ireland-denmark/BObsLVb#id:10752419,northern ireland,block,No information,assisted,12.7,56.5,0,right-foot,low-centre,0,50.7,19,No information,No information,90,11,6044,56.5,12.7,49.3,0,49.3,81,1,256,shot
george-saville,https://www.sofascore.com/northern-ireland-denmark/BObsLVb#id:10752419,northern ireland,save,No information,assisted,5.4,23.5,0,left-foot,low-left,0,53.2,15.2,No information,No information,88,No information,5244,23.5,5.4,46.8,0,46.8,84.8,3,156,shot
simon-kjaer,https://www.sofascore.com/northern-ireland-denmark/BObsLVb#id:10752419,denmark,miss,No information,corner,6.1,41.9,0,head,high-left,0,60,51.4,No information,No information,82,No information,4908,41.9,6.1,40,0,40,48.6,9,492,shot
pierre-emile-hojbjerg,https://www.sofascore.com/northern-ireland-denmark/BObsLVb#id:10752419,denmark,save,No information,assisted,13.5,73.3,0,right-foot,low-right,0,47.8,14.6,No information,No information,76,No information,4521,73.3,13.5,52.2,0,52.2,85.4,15,879,shot
george-saville,https://www.sofascore.com/northern-ireland-denmark/BObsLVb#id:10752419,northern ireland,block,No information,regular,22.6,46.9,0,right-foot,low-centre,0,50.8,18.1,No information,No information,70,No information,4172,46.9,22.6,49.2,0,49.2,81.9,21,1228,shot
jonas-wind,https://www.sofascore.com/northern-ireland-denmark/BObsLVb#id:10752419,denmark,block,No information,corner,2.7,34.5,0,right-foot,low-left,0,52.4,16.7,No information,No information,61,No information,3609,34.5,2.7,47.6,0,47.6,83.3,30,1791,shot
paddy-mcnair,https://www.sofascore.com/northern-ireland-denmark/BObsLVb#id:10752419,northern ireland,save,No information,corner,4.6,59.4,0,head,high-centre,0,49.7,21.5,No information,No information,59,No information,3495,59.4,4.6,50.3,0,50.3,78.5,32,1905,shot
isaac-price,https://www.sofascore.com/northern-ireland-denmark/BObsLVb#id:10752419,northern ireland,save,No information,fast-break,3.7,67.8,0,right-foot,high-centre,0,48.3,22.2,No information,No information,58,No information,3426,67.8,3.7,51.7,0,51.7,77.8,33,1974,shot
rasmus-hojlund,https://www.sofascore.com/northern-ireland-denmark/BObsLVb#id:10752419,denmark,save,No information,fast-break,9.2,35.6,0,left-foot,low-centre,0,51.4,12,No information,No information,55,No information,3266,35.6,9.2,48.6,0,48.6,88,36,2134,shot
christian-eriksen,https://www.sofascore.com/northern-ireland-denmark/BObsLVb#id:10752419,denmark,save,No information,regular,27.8,51.8,0,left-foot,high-centre,0,48.6,20.3,No information,No information,53,No information,3130,51.8,27.8,51.4,0,51.4,79.7,38,2270,shot
pierre-emile-hojbjerg,https://www.sofascore.com/northern-ireland-denmark/BObsLVb#id:10752419,denmark,miss,No information,regular,28.9,43.1,0,right-foot,close-left,0,57.5,33.3,No information,No information,52,No information,3097,43.1,28.9,42.5,0,42.5,66.7,39,2303,shot
rasmus-hojlund,https://www.sofascore.com/northern-ireland-denmark/BObsLVb#id:10752419,denmark,miss,No information,corner,11.7,52.5,0,head,right,0,40.7,22.2,No information,No information,50,No information,2951,52.5,11.7,59.3,0,59.3,77.8,41,2449,shot
jonas-wind,https://www.sofascore.com/northern-ireland-denmark/BObsLVb#id:10752419,denmark,goal,regular,regular,2.3,40.9,0,left-foot,low-centre,0,51.6,4.4,No information,No information,47,No information,2809,40.9,2.3,48.4,0,48.4,95.6,44,2591,shot
joachim-andersen,https://www.sofascore.com/northern-ireland-denmark/BObsLVb#id:10752419,denmark,save,No information,assisted,24.3,66.9,0,right-foot,low-centre,0,49.7,10.1,No information,No information,29,No information,1705,66.9,24.3,50.3,0,50.3,89.9,17,995,shot
christian-eriksen,https://www.sofascore.com/northern-ireland-denmark/BObsLVb#id:10752419,denmark,miss,No information,free-kick,30.1,48.6,0,right-foot,close-high-left,0,56.6,52.8,No information,No information,24,No information,1421,48.6,30.1,43.4,0,43.4,47.2,22,1279,shot
simon-kjaer,https://www.sofascore.com/northern-ireland-denmark/BObsLVb#id:10752419,denmark,miss,No information,corner,10,46.1,0,right-foot,high-left,0,56.5,93.1,No information,No information,21,No information,1257,46.1,10,43.5,0,43.5,6.9,25,1443,shot
joakim-maehle,https://www.sofascore.com/northern-ireland-denmark/BObsLVb#id:10752419,denmark,block,No information,set-piece,23.5,42.9,0,right-foot,low-left,0,52.6,16.7,No information,No information,21,No information,1216,42.9,23.5,47.4,0,47.4,83.3,25,1484,shot
shayne-lavery,https://www.sofascore.com/northern-ireland-denmark/BObsLVb#id:10752419,northern ireland,save,No information,assisted,22.2,45.2,0,left-foot,low-right,0,47.4,1.9,No information,No information,15,No information,868,45.2,22.2,52.6,0,52.6,98.1,31,1832,shot
pierre-emile-hojbjerg,https://www.sofascore.com/northern-ireland-denmark/BObsLVb#id:10752419,denmark,miss,No information,assisted,9.6,46.5,0,right-foot,left,0,61.8,19.4,No information,No information,5,No information,273,46.5,9.6,38.2,0,38.2,80.6,41,2427,shot

jonathan-clauss,https://www.sofascore.com/france-denmark/BObsGOb#id:10023340,france,miss,No information,assisted,26.4,64.6,0,right-foot,close-high,0,46.1,56.9,No information,No information,90,6,5730,64.6,26.4,53.9,0,53.9,43.1,1,570,shot
adrien-rabiot,https://www.sofascore.com/france-denmark/BObsGOb#id:10023340,france,save,No information,assisted,8.5,49.7,0,head,high-centre,0,50.3,22.2,No information,No information,90,No information,5383,49.7,8.5,49.7,0,49.7,77.8,1,17,shot
andreas-cornelius,https://www.sofascore.com/france-denmark/BObsGOb#id:10023340,denmark,goal,regular,assisted,6.5,31,0,left-foot,high-left,0,52.9,29.7,No information,No information,88,No information,5272,31,6.5,47.1,0,47.1,70.3,3,128,shot
christian-eriksen,https://www.sofascore.com/france-denmark/BObsGOb#id:10023340,denmark,save,No information,assisted,9.1,50.3,0,left-foot,low-centre,0,51.1,3.8,No information,No information,86,No information,5146,50.3,9.1,48.9,0,48.9,96.2,5,254,shot
christopher-nkunku,https://www.sofascore.com/france-denmark/BObsGOb#id:10023340,france,save,No information,assisted,9.5,66.9,0,right-foot,high-right,0,47.5,24.1,No information,No information,82,No information,4904,66.9,9.5,52.5,0,52.5,75.9,9,496,shot
christopher-nkunku,https://www.sofascore.com/france-denmark/BObsGOb#id:10023340,france,miss,No information,regular,12.3,49.5,0,right-foot,high-right,0,41.3,70.8,No information,No information,81,No information,4800,49.5,12.3,58.7,0,58.7,29.2,10,600,shot
ngolo-kante,https://www.sofascore.com/france-denmark/BObsGOb#id:10023340,france,post,No information,assisted,23.6,47,0,right-foot,right,0,44.8,29.1,No information,No information,80,No information,4798,47,23.6,55.2,0,55.2,70.9,11,602,shot
aurelien-tchouameni,https://www.sofascore.com/france-denmark/BObsGOb#id:10023340,france,block,No information,regular,23.2,38.4,0,right-foot,low-centre,0,49.2,19,No information,No information,75,No information,4454,38.4,23.2,50.8,0,50.8,81,16,946,shot
karim-benzema,https://www.sofascore.com/france-denmark/BObsGOb#id:10023340,france,block,No information,assisted,14.2,44.5,0,left-foot,low-centre,0,51.4,19,No information,No information,75,No information,4451,44.5,14.2,48.6,0,48.6,81,16,949,shot
antoine-griezmann,https://www.sofascore.com/france-denmark/BObsGOb#id:10023340,france,miss,No information,free-kick,24.4,53.6,0,left-foot,high,0,45.2,62.5,No information,No information,74,No information,4398,53.6,24.4,54.8,0,54.8,37.5,17,1002,shot
andreas-skov-olsen,https://www.sofascore.com/france-denmark/BObsGOb#id:10023340,denmark,save,No information,assisted,19.5,69.9,0,left-foot,high-right,0,47,24.1,No information,No information,71,No information,4250,69.9,19.5,53,0,53,75.9,20,1150,shot
ngolo-kante,https://www.sofascore.com/france-denmark/BObsGOb#id:10023340,france,block,No information,assisted,23.7,47.5,0,right-foot,low-left,0,54,19,No information,No information,71,No information,4229,47.5,23.7,46,0,46,81,20,1171,shot
andreas-cornelius,https://www.sofascore.com/france-denmark/BObsGOb#id:10023340,denmark,goal,regular,assisted,9.4,53.6,0,right-foot,low-left,0,53.6,5.1,No information,No information,68,No information,4033,53.6,9.4,46.4,0,46.4,94.9,23,1367,shot
rasmus-kristensen,https://www.sofascore.com/france-denmark/BObsGOb#id:10023340,denmark,miss,No information,regular,17.7,71.3,0,left-foot,left,0,63.5,1.4,No information,No information,67,No information,3974,71.3,17.7,36.5,0,36.5,98.6,24,1426,shot
aurelien-tchouameni,https://www.sofascore.com/france-denmark/BObsGOb#id:10023340,france,miss,No information,assisted,30.4,70.9,0,right-foot,high,0,49.7,70.8,No information,No information,56,No information,3316,70.9,30.4,50.3,0,50.3,29.2,35,2084,shot
theo-hernandez,https://www.sofascore.com/france-denmark/BObsGOb#id:10023340,france,miss,No information,corner,22.9,38.6,0,left-foot,right,0,38.2,13.9,No information,No information,55,No information,3287,38.6,22.9,61.8,0,61.8,86.1,36,2113,shot
karim-benzema,https://www.sofascore.com/france-denmark/BObsGOb#id:10023340,france,goal,regular,assisted,8.3,51.8,0,left-foot,low-left,0,52.1,0.6,No information,No information,51,No information,3044,51.8,8.3,47.9,0,47.9,99.4,40,2356,shot
karim-benzema,https://www.sofascore.com/france-denmark/BObsGOb#id:10023340,france,save,No information,assisted,4.4,48.2,0,right-foot,low-centre,0,48.7,12.7,No information,No information,48,No information,2826,48.2,4.4,51.3,0,51.3,87.3,43,2574,shot
karim-benzema,https://www.sofascore.com/france-denmark/BObsGOb#id:10023340,france,block,No information,assisted,16.3,55.9,0,right-foot,low-centre,0,49.3,19,No information,No information,46,No information,2719,55.9,16.3,50.7,0,50.7,81,45,2681,shot
joakim-maehle,https://www.sofascore.com/france-denmark/BObsGOb#id:10023340,denmark,save,No information,regular,8.2,48.3,0,right-foot,low-left,0,52.8,5.7,No information,No information,39,No information,2296,48.3,8.2,47.2,0,47.2,94.3,7,404,shot
kylian-mbappe,https://www.sofascore.com/france-denmark/BObsGOb#id:10023340,france,save,No information,assisted,16,23,0,right-foot,low-centre,0,51.4,16.5,No information,No information,30,No information,1777,23,16,48.6,0,48.6,83.5,16,923,shot
karim-benzema,https://www.sofascore.com/france-denmark/BObsGOb#id:10023340,france,block,No information,assisted,10.2,54.6,0,right-foot,low-centre,0,50.1,19,No information,No information,13,No information,721,54.6,10.2,49.9,0,49.9,81,33,1979,shot
karim-benzema,https://www.sofascore.com/france-denmark/BObsGOb#id:10023340,france,miss,No information,corner,9.7,44.1,0,head,left,0,64.4,2.8,No information,No information,12,No information,667,44.1,9.7,35.6,0,35.6,97.2,34,2033,shot
raphael-varane,https://www.sofascore.com/france-denmark/BObsGOb#id:10023340,france,miss,No information,corner,9.7,49.5,0,head,left,0,68.2,8.3,No information,No information,12,No information,667,49.5,9.7,31.8,0,31.8,91.7,34,2033,shot
antoine-griezmann,https://www.sofascore.com/france-denmark/BObsGOb#id:10023340,france,save,No information,assisted,28.2,29.9,0,left-foot,low-centre,0,50.3,5.1,No information,No information,9,No information,515,29.9,28.2,49.7,0,49.7,94.9,37,2185,shot
joakim-maehle,https://www.sofascore.com/france-denmark/BObsGOb#id:10023340,denmark,post,No information,assisted,1.6,42.3,0,left-foot,left,0,55.6,12.7,No information,No information,4,No information,192,42.3,1.6,44.4,0,44.4,87.3,42,2508,shot
kasper-dolberg,https://www.sofascore.com/france-denmark/BObsGOb#id:10023340,denmark,miss,No information,regular,4.9,60.6,0,right-foot,left,0,86.6,18.1,No information,No information,4,No information,191,60.6,4.9,13.4,0,13.4,81.9,42,2509,shot

antonin-barak,https://www.sofascore.com/czech-republic-denmark/BObsoUb#id:8594151,czechia,miss,No information,regular,23.9,53.6,0,left-foot,left,0,61.5,8.3,No information,No information,90,6,5703,53.6,23.9,38.5,0,38.5,91.7,1,597,shot
michael-krmencik,https://www.sofascore.com/czech-republic-denmark/BObsoUb#id:8594151,czechia,miss,No information,assisted,14.4,53.7,0,right-foot,high-left,0,64.9,87.5,No information,No information,90,3,5543,53.7,14.4,35.1,0,35.1,12.5,1,757,shot
joakim-maehle,https://www.sofascore.com/czech-republic-denmark/BObsoUb#id:8594151,denmark,save,No information,assisted,6.1,34.8,0,right-foot,low-left,0,53.3,1.3,No information,No information,82,No information,4870,34.8,6.1,46.7,0,46.7,98.7,9,530,shot
tomas-soucek,https://www.sofascore.com/czech-republic-denmark/BObsoUb#id:8594151,czechia,block,No information,assisted,25.3,52.5,0,right-foot,low-left,0,52.3,19,No information,No information,80,No information,4768,52.5,25.3,47.7,0,47.7,81,11,632,shot
yussuf-poulsen,https://www.sofascore.com/czech-republic-denmark/BObsoUb#id:8594151,denmark,save,No information,assisted,17.9,51.9,0,right-foot,high-right,0,45.8,27.2,No information,No information,78,No information,4658,51.9,17.9,54.2,0,54.2,72.8,13,742,shot
jakub-jankto,https://www.sofascore.com/czech-republic-denmark/BObsoUb#id:8594151,czechia,miss,No information,regular,7.5,29.5,0,left-foot,right,0,38.2,1.4,No information,No information,72,No information,4303,29.5,7.5,61.8,0,61.8,98.6,19,1097,shot
yussuf-poulsen,https://www.sofascore.com/czech-republic-denmark/BObsoUb#id:8594151,denmark,save,No information,fast-break,20,58.8,0,right-foot,low-left,0,52.6,0.6,No information,No information,69,No information,4120,58.8,20,47.4,0,47.4,99.4,22,1280,shot
yussuf-poulsen,https://www.sofascore.com/czech-republic-denmark/BObsoUb#id:8594151,denmark,block,No information,assisted,10.2,38.8,0,left-foot,low-centre,0,48.5,19,No information,No information,62,No information,3677,38.8,10.2,51.5,0,51.5,81,29,1723,shot
michael-krmencik,https://www.sofascore.com/czech-republic-denmark/BObsoUb#id:8594151,czechia,block,No information,assisted,12.3,47.9,0,left-foot,low-left,0,52.4,19,No information,No information,54,No information,3224,47.9,12.3,47.6,0,47.6,81,37,2176,shot
patrik-schick,https://www.sofascore.com/czech-republic-denmark/BObsoUb#id:8594151,czechia,goal,regular,assisted,12.6,51.9,0,right-foot,low-left,0,53.2,8.9,No information,No information,49,No information,2891,51.9,12.6,46.8,0,46.8,91.1,42,2509,shot
patrik-schick,https://www.sofascore.com/czech-republic-denmark/BObsoUb#id:8594151,czechia,block,No information,assisted,9.8,56.3,0,left-foot,low-left,0,52,19,No information,No information,48,No information,2824,56.3,9.8,48,0,48,81,43,2576,shot
antonin-barak,https://www.sofascore.com/czech-republic-denmark/BObsoUb#id:8594151,czechia,save,No information,regular,18.5,48.8,0,left-foot,low-left,0,54,9.5,No information,No information,47,No information,2762,48.8,18.5,46,0,46,90.5,44,2638,shot
michael-krmencik,https://www.sofascore.com/czech-republic-denmark/BObsoUb#id:8594151,czechia,save,No information,assisted,23.1,34,0,right-foot,low-centre,0,50.1,9.5,No information,No information,46,No information,2727,34,23.1,49.9,0,49.9,90.5,45,2673,shot
kasper-dolberg,https://www.sofascore.com/czech-republic-denmark/BObsoUb#id:8594151,denmark,goal,regular,assisted,6.5,51.3,0,right-foot,high-right,0,47.1,27.2,No information,No information,42,No information,2475,51.3,6.5,52.9,0,52.9,72.8,4,225,shot
damsgaard-mikkel,https://www.sofascore.com/czech-republic-denmark/BObsoUb#id:8594151,denmark,save,No information,fast-break,13.4,70.9,0,right-foot,low-centre,0,51.5,11.4,No information,No information,38,No information,2221,70.9,13.4,48.5,0,48.5,88.6,8,479,shot
tomas-holes,https://www.sofascore.com/czech-republic-denmark/BObsoUb#id:8594151,czechia,save,No information,assisted,12.1,40.6,0,right-foot,low-left,0,52,7,No information,No information,35,No information,2064,40.6,12.1,48,0,48,93,11,636,shot
martin-braithwaite,https://www.sofascore.com/czech-republic-denmark/BObsoUb#id:8594151,denmark,miss,No information,assisted,5.1,69.4,0,right-foot,right,0,40.3,29.2,No information,No information,27,No information,1609,69.4,5.1,59.7,0,59.7,70.8,19,1091,shot
tomas-soucek,https://www.sofascore.com/czech-republic-denmark/BObsoUb#id:8594151,czechia,miss,No information,corner,8.1,54.8,0,head,close-right,0,41,11.1,No information,No information,26,No information,1534,54.8,8.1,59,0,59,88.9,20,1166,shot
tomas-holes,https://www.sofascore.com/czech-republic-denmark/BObsoUb#id:8594151,czechia,save,No information,assisted,3.3,39.5,0,left-foot,low-left,0,52.3,2.5,No information,No information,22,No information,1281,39.5,3.3,47.7,0,47.7,97.5,24,1419,shot
tomas-soucek,https://www.sofascore.com/czech-republic-denmark/BObsoUb#id:8594151,czechia,miss,No information,corner,4.4,47.2,0,other,left,0,63.2,11.1,No information,No information,20,No information,1141,47.2,4.4,36.8,0,36.8,88.9,26,1559,shot
thomas-delaney,https://www.sofascore.com/czech-republic-denmark/BObsoUb#id:8594151,denmark,miss,No information,assisted,11.8,53.4,0,right-foot,close-right,0,43.5,5.6,No information,No information,17,No information,964,53.4,11.8,56.5,0,56.5,94.4,29,1736,shot
petr-sevcik,https://www.sofascore.com/czech-republic-denmark/BObsoUb#id:8594151,czechia,miss,No information,set-piece,14.4,45.8,0,right-foot,high,0,47.1,87.5,No information,No information,14,No information,838,45.8,14.4,52.9,0,52.9,12.5,32,1862,shot
damsgaard-mikkel,https://www.sofascore.com/czech-republic-denmark/BObsoUb#id:8594151,denmark,block,No information,fast-break,7.7,62.9,0,right-foot,low-left,0,54.1,4.2,No information,No information,13,No information,741,62.9,7.7,45.9,0,45.9,95.8,33,1959,shot
patrik-schick,https://www.sofascore.com/czech-republic-denmark/BObsoUb#id:8594151,czechia,block,No information,assisted,10.4,68,0,left-foot,low-centre,0,51.7,19,No information,No information,12,No information,696,68,10.4,48.3,0,48.3,81,34,2004,shot
kasper-dolberg,https://www.sofascore.com/czech-republic-denmark/BObsoUb#id:8594151,denmark,block,No information,assisted,23.1,54.2,0,right-foot,low-centre,0,49.4,19,No information,No information,8,No information,453,54.2,23.1,50.6,0,50.6,81,38,2247,shot
thomas-delaney,https://www.sofascore.com/czech-republic-denmark/BObsoUb#id:8594151,denmark,goal,regular,corner,9.5,46.9,0,head,low-left,0,53.3,14.6,No information,No information,5,No information,292,46.9,9.5,46.7,0,46.7,85.4,41,2408,shot
vladimir-coufal,https://www.sofascore.com/czech-republic-denmark/BObsoUb#id:8594151,czechia,block,No information,assisted,21.9,65.5,0,left-foot,low-right,0,47.3,19,No information,No information,4,No information,206,65.5,21.9,52.7,0,52.7,81,42,2494,shot

pierre-emile-hojbjerg,https://www.sofascore.com/russia-denmark/BObsUTb#id:8513131,denmark,block,No information,corner,13.4,26.2,0,right-foot,low-centre,0,49.8,19,No information,No information,90,3,5530,26.2,13.4,50.2,0,50.2,81,1,770,shot
joakim-maehle,https://www.sofascore.com/russia-denmark/BObsUTb#id:8513131,denmark,goal,regular,fast-break,15.6,42.5,0,right-foot,low-left,0,53.5,3.8,No information,No information,82,No information,4867,42.5,15.6,46.5,0,46.5,96.2,9,533,shot
andreas-christensen,https://www.sofascore.com/russia-denmark/BObsUTb#id:8513131,denmark,goal,regular,regular,26,61.9,0,right-foot,high-left,0,51.9,22.2,No information,No information,79,No information,4728,61.9,26,48.1,0,48.1,77.8,12,672,shot
simon-kjaer,https://www.sofascore.com/russia-denmark/BObsUTb#id:8513131,denmark,save,No information,assisted,6.4,53.3,0,left-foot,low-centre,0,49.4,0.6,No information,No information,79,No information,4724,53.3,6.4,50.6,0,50.6,99.4,12,676,shot
martin-braithwaite,https://www.sofascore.com/russia-denmark/BObsUTb#id:8513131,denmark,save,No information,assisted,9,43.7,0,head,low-right,0,46.7,5.1,No information,No information,79,No information,4721,43.7,9,53.3,0,53.3,94.9,12,679,shot
andreas-christensen,https://www.sofascore.com/russia-denmark/BObsUTb#id:8513131,denmark,save,No information,corner,10.7,46.8,0,head,low-left,0,52.9,3.2,No information,No information,79,No information,4702,46.8,10.7,47.1,0,47.1,96.8,12,698,shot
roman-zobnin,https://www.sofascore.com/russia-denmark/BObsUTb#id:8513131,russia,block,No information,set-piece,18.2,49.1,0,left-foot,low-centre,0,51,19,No information,No information,77,No information,4575,49.1,18.2,49,0,49,81,14,825,shot
pierre-emile-hojbjerg,https://www.sofascore.com/russia-denmark/BObsUTb#id:8513131,denmark,save,No information,free-kick,26.8,32,0,right-foot,high-left,0,53.2,22.2,No information,No information,76,No information,4538,32,26.8,46.8,0,46.8,77.8,15,862,shot
andreas-christensen,https://www.sofascore.com/russia-denmark/BObsUTb#id:8513131,denmark,block,No information,corner,8.1,50.1,0,right-foot,low-centre,0,50.4,19,No information,No information,74,No information,4420,50.1,8.1,49.6,0,49.6,81,17,980,shot
jannik-vestergaard,https://www.sofascore.com/russia-denmark/BObsUTb#id:8513131,denmark,save,No information,corner,7.5,47.4,0,left-foot,low-centre,0,50.6,4.4,No information,No information,74,No information,4418,47.4,7.5,49.4,0,49.4,95.6,17,982,shot
simon-kjaer,https://www.sofascore.com/russia-denmark/BObsUTb#id:8513131,denmark,block,No information,corner,4.8,49.1,0,right-foot,low-centre,0,49.3,19,No information,No information,74,No information,4417,49.1,4.8,50.7,0,50.7,81,17,983,shot
artem-dzyuba,https://www.sofascore.com/russia-denmark/BObsUTb#id:8513131,russia,goal,penalty,penalty,11.5,50,0,right-foot,low-centre,0,49.9,17.7,No information,No information,70,No information,4154,50,11.5,50.1,0,50.1,82.3,21,1246,shot
joakim-maehle,https://www.sofascore.com/russia-denmark/BObsUTb#id:8513131,denmark,save,No information,regular,9.3,30.7,0,left-foot,low-centre,0,49.4,2.5,No information,No information,63,No information,3775,30.7,9.3,50.6,0,50.6,97.5,28,1625,shot
yussuf-poulsen,https://www.sofascore.com/russia-denmark/BObsUTb#id:8513131,denmark,goal,regular,regular,8.9,47,0,left-foot,low-left,0,52.1,3.2,No information,No information,59,No information,3517,47,8.9,47.9,0,47.9,96.8,32,1883,shot
yussuf-poulsen,https://www.sofascore.com/russia-denmark/BObsUTb#id:8513131,denmark,block,No information,regular,21.6,30.7,0,right-foot,low-centre,0,48.9,19,No information,No information,57,No information,3360,30.7,21.6,51.1,0,51.1,81,34,2040,shot
jannik-vestergaard,https://www.sofascore.com/russia-denmark/BObsUTb#id:8513131,denmark,miss,No information,corner,10.6,44.2,0,head,close-right,0,41.5,6.9,No information,No information,41,No information,2434,44.2,10.6,58.5,0,58.5,93.1,5,266,shot
damsgaard-mikkel,https://www.sofascore.com/russia-denmark/BObsUTb#id:8513131,denmark,goal,regular,assisted,24.3,47,0,right-foot,low-right,0,47.2,18.4,No information,No information,38,No information,2258,47,24.3,52.8,0,52.8,81.6,8,442,shot
aleksandr-golovin,https://www.sofascore.com/russia-denmark/BObsUTb#id:8513131,russia,miss,No information,assisted,18.8,52.8,0,right-foot,high,0,46.6,65.3,No information,No information,34,No information,1997,52.8,18.8,53.4,0,53.4,34.7,12,703,shot
pierre-emile-hojbjerg,https://www.sofascore.com/russia-denmark/BObsUTb#id:8513131,denmark,miss,No information,assisted,30.5,52.2,0,right-foot,close-left,0,58.3,20.8,No information,No information,29,No information,1724,52.2,30.5,41.7,0,41.7,79.2,17,976,shot
artem-dzyuba,https://www.sofascore.com/russia-denmark/BObsUTb#id:8513131,russia,miss,No information,assisted,13.7,66.6,0,right-foot,right,0,31.1,23.6,No information,No information,20,No information,1146,66.6,13.7,68.9,0,68.9,76.4,26,1554,shot
mario-fernandes,https://www.sofascore.com/russia-denmark/BObsUTb#id:8513131,russia,miss,No information,regular,25.6,62.7,0,right-foot,high,0,49.2,70.8,No information,No information,18,No information,1034,62.7,25.6,50.8,0,50.8,29.2,28,1666,shot
aleksandr-golovin,https://www.sofascore.com/russia-denmark/BObsUTb#id:8513131,russia,save,No information,fast-break,11.8,60.9,0,right-foot,low-centre,0,50.6,1.3,No information,No information,18,No information,1027,60.9,11.8,49.4,0,49.4,98.7,28,1673,shot

kristiansen-victor,https://www.sofascore.com/slovenia-denmark/BObsJOb#id:10752445,denmark,miss,No information,assisted,6.6,36.1,0,left-foot,left,0,61.5,1.4,No information,No information,85,No information,5055,36.1,6.6,38.5,0,38.5,98.6,6,345,shot
christian-eriksen,https://www.sofascore.com/slovenia-denmark/BObsJOb#id:10752445,denmark,miss,No information,free-kick,21.9,66.6,0,right-foot,left,0,60.3,31.9,No information,No information,83,No information,4952,66.6,21.9,39.7,0,39.7,68.1,8,448,shot
jan-mlakar,https://www.sofascore.com/slovenia-denmark/BObsJOb#id:10752445,slovenia,miss,No information,corner,10.5,61,0,head,right,0,40.3,34.7,No information,No information,77,No information,4574,61,10.5,59.7,0,59.7,65.3,14,826,shot
jens-stryger-larsen,https://www.sofascore.com/slovenia-denmark/BObsJOb#id:10752445,denmark,miss,No information,assisted,11,41.8,0,right-foot,left,0,62.9,29.2,No information,No information,72,No information,4305,41.8,11,37.1,0,37.1,70.8,19,1095,shot
jan-mlakar,https://www.sofascore.com/slovenia-denmark/BObsJOb#id:10752445,slovenia,post,No information,regular,12,38,0,left-foot,high,0,49.8,39.9,No information,No information,68,No information,4057,38,12,50.2,0,50.2,60.1,23,1343,shot
andreas-christensen,https://www.sofascore.com/slovenia-denmark/BObsJOb#id:10752445,denmark,miss,No information,corner,7,55,0,left-foot,close-right,0,43.4,26.4,No information,No information,65,No information,3897,55,7,56.6,0,56.6,73.6,26,1503,shot
christian-eriksen,https://www.sofascore.com/slovenia-denmark/BObsJOb#id:10752445,denmark,post,No information,assisted,4.1,59,0,right-foot,left,0,55.2,3.8,No information,No information,64,No information,3805,59,4.1,44.8,0,44.8,96.2,27,1595,shot
andreas-skov-olsen,https://www.sofascore.com/slovenia-denmark/BObsJOb#id:10752445,denmark,miss,No information,assisted,14.7,67.8,0,left-foot,close-high,0,48.1,59.7,No information,No information,61,No information,3623,67.8,14.7,51.9,0,51.9,40.3,30,1777,shot
benjamin-sesko,https://www.sofascore.com/slovenia-denmark/BObsJOb#id:10752445,slovenia,save,No information,regular,9.2,70.8,0,right-foot,low-right,0,47.1,3.2,No information,No information,59,No information,3509,70.8,9.2,52.9,0,52.9,96.8,32,1891,shot
zan-karnicnik,https://www.sofascore.com/slovenia-denmark/BObsJOb#id:10752445,slovenia,miss,No information,regular,25.1,50.1,0,right-foot,high-right,0,36.5,72.2,No information,No information,52,No information,3096,50.1,25.1,63.5,0,63.5,27.8,39,2304,shot
christian-eriksen,https://www.sofascore.com/slovenia-denmark/BObsJOb#id:10752445,denmark,save,No information,assisted,26,66.1,0,right-foot,high-centre,0,48.8,29.1,No information,No information,49,No information,2904,66.1,26,51.2,0,51.2,70.9,42,2496,shot
rasmus-hojlund,https://www.sofascore.com/slovenia-denmark/BObsJOb#id:10752445,denmark,goal,regular,assisted,5,50.4,0,right-foot,low-centre,0,49.2,2.5,No information,No information,42,No information,2487,50.4,5,50.8,0,50.8,97.5,4,213,shot
jens-stryger-larsen,https://www.sofascore.com/slovenia-denmark/BObsJOb#id:10752445,denmark,miss,No information,assisted,17.8,27.2,0,right-foot,close-right,0,42,38.9,No information,No information,29,No information,1718,27.2,17.8,58,0,58,61.1,17,982,shot
andraz-sporar,https://www.sofascore.com/slovenia-denmark/BObsJOb#id:10752445,slovenia,goal,regular,corner,8.4,55,0,right-foot,low-right,0,47,4.4,No information,No information,25,No information,1445,55,8.4,53,0,53,95.6,21,1255,shot
andreas-skov-olsen,https://www.sofascore.com/slovenia-denmark/BObsJOb#id:10752445,denmark,block,No information,regular,11.7,54.8,0,left-foot,low-centre,0,51.5,19,No information,No information,18,No information,1027,54.8,11.7,48.5,0,48.5,81,28,1673,shot
zan-karnicnik,https://www.sofascore.com/slovenia-denmark/BObsJOb#id:10752445,slovenia,miss,No information,assisted,13.5,69.7,0,right-foot,close-right,0,41.5,29.2,No information,No information,9,No information,485,69.7,13.5,58.5,0,58.5,70.8,37,2215,shot

joakim-maehle,https://www.sofascore.com/scotland-denmark/BObsVTb#id:9223956,denmark,block,No information,assisted,16,36.1,0,right-foot,low-centre,0,50.8,19,No information,No information,90,No information,5383,36.1,16,49.2,0,49.2,81,1,17,shot
stuart-armstrong,https://www.sofascore.com/scotland-denmark/BObsVTb#id:9223956,scotland,block,No information,assisted,4.4,54.1,0,right-foot,low-centre,0,49.4,19,No information,No information,89,No information,5296,54.1,4.4,50.6,0,50.6,81,2,104,shot
che-adams,https://www.sofascore.com/scotland-denmark/BObsVTb#id:9223956,scotland,goal,regular,fast-break,14.6,54.5,0,right-foot,low-right,0,46.3,7.6,No information,No information,86,No information,5154,54.5,14.6,53.7,0,53.7,92.4,5,246,shot
mikael-uhre,https://www.sofascore.com/scotland-denmark/BObsVTb#id:9223956,denmark,save,No information,regular,9.4,48,0,left-foot,low-centre,0,50.6,1.9,No information,No information,85,No information,5072,48,9.4,49.4,0,49.4,98.1,6,328,shot
andreas-skov-olsen,https://www.sofascore.com/scotland-denmark/BObsVTb#id:9223956,denmark,save,No information,corner,21.2,61.8,0,left-foot,low-right,0,45.8,2.5,No information,No information,83,No information,4942,61.8,21.2,54.2,0,54.2,97.5,8,458,shot
pione-sisto,https://www.sofascore.com/scotland-denmark/BObsVTb#id:9223956,denmark,block,No information,assisted,24.6,34,0,right-foot,low-left,0,52.5,19,No information,No information,76,No information,4544,34,24.6,47.5,0,47.5,81,15,856,shot
andreas-cornelius,https://www.sofascore.com/scotland-denmark/BObsVTb#id:9223956,denmark,block,No information,assisted,10.9,44.7,0,head,low-left,0,52.8,19,No information,No information,70,No information,4164,44.7,10.9,47.2,0,47.2,81,21,1236,shot
jens-stage,https://www.sofascore.com/scotland-denmark/BObsVTb#id:9223956,denmark,block,No information,assisted,11.1,34.2,0,left-foot,low-left,0,53.6,19,No information,No information,67,No information,3981,34.2,11.1,46.4,0,46.4,81,24,1419,shot
kieran-tierney,https://www.sofascore.com/scotland-denmark/BObsVTb#id:9223956,scotland,post,No information,regular,32.6,12.4,0,left-foot,high,0,54,39.9,No information,No information,64,No information,3820,12.4,32.6,46,0,46,60.1,27,1580,shot
gilmour-billy,https://www.sofascore.com/scotland-denmark/BObsVTb#id:9223956,scotland,save,No information,assisted,25.4,70.2,0,right-foot,high-centre,0,49.6,27.8,No information,No information,62,No information,3674,70.2,25.4,50.4,0,50.4,72.2,29,1726,shot
daniel-wass,https://www.sofascore.com/scotland-denmark/BObsVTb#id:9223956,denmark,block,No information,assisted,19.8,63.7,0,right-foot,low-centre,0,51.2,19,No information,No information,44,No information,2622,63.7,19.8,48.8,0,48.8,81,2,78,shot
andreas-cornelius,https://www.sofascore.com/scotland-denmark/BObsVTb#id:9223956,denmark,block,No information,regular,12.4,44,0,left-foot,low-centre,0,50.8,19,No information,No information,37,No information,2203,44,12.4,49.2,0,49.2,81,9,497,shot
john-souttar,https://www.sofascore.com/scotland-denmark/BObsVTb#id:9223956,scotland,goal,regular,corner,5,45.8,0,head,low-right,0,46.3,7.6,No information,No information,35,No information,2091,45.8,5,53.7,0,53.7,92.4,11,609,shot
che-adams,https://www.sofascore.com/scotland-denmark/BObsVTb#id:9223956,scotland,block,No information,fast-break,19.1,53.8,0,right-foot,low-right,0,46.3,19,No information,No information,33,No information,1966,53.8,19.1,53.7,0,53.7,81,13,734,shot
john-mcginn,https://www.sofascore.com/scotland-denmark/BObsVTb#id:9223956,scotland,block,No information,regular,10.2,63.7,0,left-foot,low-centre,0,50.3,19,No information,No information,28,No information,1645,63.7,10.2,49.7,0,49.7,81,18,1055,shot
che-adams,https://www.sofascore.com/scotland-denmark/BObsVTb#id:9223956,scotland,save,No information,assisted,8.8,57.3,0,right-foot,low-right,0,46.5,1.3,No information,No information,23,No information,1326,57.3,8.8,53.5,0,53.5,98.7,23,1374,shot
kieran-tierney,https://www.sofascore.com/scotland-denmark/BObsVTb#id:9223956,scotland,miss,No information,corner,3.2,54.3,0,head,high,0,46.1,75,No information,No information,22,No information,1265,54.3,3.2,53.9,0,53.9,25,24,1435,shot
andreas-christensen,https://www.sofascore.com/scotland-denmark/BObsVTb#id:9223956,denmark,miss,No information,assisted,25.5,65.8,0,right-foot,close-high,0,54.5,58.3,No information,No information,16,No information,915,65.8,25.5,45.5,0,45.5,41.7,30,1785,shot
daniel-wass,https://www.sofascore.com/scotland-denmark/BObsVTb#id:9223956,denmark,miss,No information,regular,10.8,49.8,0,other,left,0,61.2,13.9,No information,No information,9,No information,530,49.8,10.8,38.8,0,38.8,86.1,37,2170,shot

jannik-vestergaard,https://www.sofascore.com/finland-denmark/BObsmUb#id:8513122,denmark,miss,No information,assisted,9.1,47.4,0,head,right,0,20.5,12.5,No information,No information,90,3,5532,47.4,9.1,79.5,0,79.5,87.5,1,768,shot
jannik-vestergaard,https://www.sofascore.com/finland-denmark/BObsmUb#id:8513122,denmark,save,No information,assisted,12.7,45.4,0,head,low-right,0,46.4,8.2,No information,No information,90,2,5487,45.4,12.7,53.6,0,53.6,91.8,1,813,shot
andreas-cornelius,https://www.sofascore.com/finland-denmark/BObsmUb#id:8513122,denmark,miss,No information,set-piece,4.7,61.8,0,head,right,0,40.5,11.1,No information,No information,77,No information,4570,61.8,4.7,59.5,0,59.5,88.9,14,830,shot
pierre-emile-hojbjerg,https://www.sofascore.com/finland-denmark/BObsmUb#id:8513122,denmark,save,No information,penalty,11.5,50,0,right-foot,low-right,0,46.6,0.6,No information,No information,74,No information,4428,50,11.5,53.4,0,53.4,99.4,17,972,shot
daniel-wass,https://www.sofascore.com/finland-denmark/BObsmUb#id:8513122,denmark,miss,No information,assisted,17.7,67.2,0,left-foot,close-high,0,53.3,58.3,No information,No information,69,No information,4137,67.2,17.7,46.7,0,46.7,41.7,22,1263,shot
joel-pohjanpalo,https://www.sofascore.com/finland-denmark/BObsmUb#id:8513122,finland,goal,regular,assisted,7.1,53.2,0,head,low-centre,0,49,5.7,No information,No information,60,No information,3542,53.2,7.1,51,0,51,94.3,31,1858,shot
thomas-delaney,https://www.sofascore.com/finland-denmark/BObsmUb#id:8513122,denmark,miss,No information,assisted,22.2,44.3,0,left-foot,high,0,52.1,72.2,No information,No information,59,No information,3490,44.3,22.2,47.9,0,47.9,27.8,32,1910,shot
joakim-maehle,https://www.sofascore.com/finland-denmark/BObsmUb#id:8513122,denmark,block,No information,assisted,22.9,41.2,0,right-foot,low-centre,0,49.3,19,No information,No information,55,No information,3297,41.2,22.9,50.7,0,50.7,81,36,2103,shot
jonas-wind,https://www.sofascore.com/finland-denmark/BObsmUb#id:8513122,denmark,block,No information,regular,7.6,31.6,0,left-foot,low-centre,0,49.7,2.8,No information,No information,55,No information,3275,31.6,7.6,50.3,0,50.3,97.2,36,2125,shot
mathias-jensen,https://www.sofascore.com/finland-denmark/BObsmUb#id:8513122,denmark,miss,No information,assisted,23.5,48.7,0,right-foot,high-left,0,56.1,76.4,No information,No information,52,No information,3119,48.7,23.5,43.9,0,43.9,23.6,39,2281,shot
thomas-delaney,https://www.sofascore.com/finland-denmark/BObsmUb#id:8513122,denmark,block,No information,assisted,18.7,37.3,0,left-foot,low-left,0,52.9,19,No information,No information,46,No information,2749,37.3,18.7,47.1,0,47.1,81,45,2651,shot
daniel-wass,https://www.sofascore.com/finland-denmark/BObsmUb#id:8513122,denmark,save,No information,assisted,10.1,65.1,0,head,low-centre,0,49.7,8.2,No information,No information,42,No information,2460,65.1,10.1,50.3,0,50.3,91.8,4,240,shot
martin-braithwaite,https://www.sofascore.com/finland-denmark/BObsmUb#id:8513122,denmark,miss,No information,assisted,18.7,34.9,0,right-foot,close-right,0,41,19.4,No information,No information,40,No information,2345,34.9,18.7,59,0,59,80.6,6,355,shot
jonas-wind,https://www.sofascore.com/finland-denmark/BObsmUb#id:8513122,denmark,block,No information,assisted,9.5,60.8,0,right-foot,low-centre,0,50.4,19,No information,No information,37,No information,2189,60.8,9.5,49.6,0,49.6,81,9,511,shot
martin-braithwaite,https://www.sofascore.com/finland-denmark/BObsmUb#id:8513122,denmark,miss,No information,assisted,11.1,29.3,0,left-foot,close-left,0,57.6,16.7,No information,No information,26,No information,1504,29.3,11.1,42.4,0,42.4,83.3,20,1196,shot
thomas-delaney,https://www.sofascore.com/finland-denmark/BObsmUb#id:8513122,denmark,miss,No information,corner,11.4,36,0,left-foot,close-high,0,54.1,58.3,No information,No information,22,No information,1284,36,11.4,45.9,0,45.9,41.7,24,1416,shot
christian-eriksen,https://www.sofascore.com/finland-denmark/BObsmUb#id:8513122,denmark,save,No information,assisted,20.1,69,0,right-foot,low-left,0,53.4,13.3,No information,No information,18,No information,1077,69,20.1,46.6,0,46.6,86.7,28,1623,shot
pierre-emile-hojbjerg,https://www.sofascore.com/finland-denmark/BObsmUb#id:8513122,denmark,save,No information,assisted,10.7,54.8,0,head,high-centre,0,51.1,31,No information,No information,15,No information,884,54.8,10.7,48.9,0,48.9,69,31,1816,shot
jonas-wind,https://www.sofascore.com/finland-denmark/BObsmUb#id:8513122,denmark,miss,No information,assisted,7.7,51.3,0,head,right,0,35.3,4.2,No information,No information,12,No information,681,51.3,7.7,64.7,0,64.7,95.8,34,2019,shot
christian-eriksen,https://www.sofascore.com/finland-denmark/BObsmUb#id:8513122,denmark,block,No information,assisted,11.5,69.5,0,right-foot,low-left,0,52.9,19,No information,No information,12,No information,665,69.5,11.5,47.1,0,47.1,81,34,2035,shot
joakim-maehle,https://www.sofascore.com/finland-denmark/BObsmUb#id:8513122,denmark,block,No information,assisted,13.9,37.6,0,right-foot,low-left,0,53.3,19,No information,No information,10,No information,567,37.6,13.9,46.7,0,46.7,81,36,2133,shot
yussuf-poulsen,https://www.sofascore.com/finland-denmark/BObsmUb#id:8513122,denmark,miss,No information,corner,12.4,46,0,head,right,0,27.4,5.6,No information,No information,8,No information,456,46,12.4,72.6,0,72.6,94.4,38,2244,shot
jonas-wind,https://www.sofascore.com/finland-denmark/BObsmUb#id:8513122,denmark,save,No information,assisted,23.1,41.5,0,right-foot,low-left,0,52.7,5.7,No information,No information,7,No information,390,41.5,23.1,47.3,0,47.3,94.3,39,2310,shot

philip-billing,https://www.sofascore.com/kazakhstan-denmark/BObsxVb#id:10752390,denmark,miss,No information,set-piece,16.8,61.2,0,right-foot,high,0,52.6,70.8,No information,No information,90,6,5755,61.2,16.8,47.4,0,47.4,29.2,1,545,shot
mohamed-daramy,https://www.sofascore.com/kazakhstan-denmark/BObsxVb#id:10752390,denmark,miss,No information,set-piece,6.9,27.7,0,right-foot,left,0,60.7,19.4,No information,No information,90,3,5574,27.7,6.9,39.3,0,39.3,80.6,1,726,shot
abat-aimbetov,https://www.sofascore.com/kazakhstan-denmark/BObsxVb#id:10752390,kazakhstan,goal,regular,assisted,6.5,56.9,0,head,high-right,0,46.2,30.4,No information,No information,89,No information,5289,56.9,6.5,53.8,0,53.8,69.6,2,111,shot
askhat-tagybergen,https://www.sofascore.com/kazakhstan-denmark/BObsxVb#id:10752390,kazakhstan,goal,regular,assisted,26.8,25.9,0,right-foot,high-right,0,46.7,27.2,No information,No information,86,No information,5118,25.9,26.8,53.3,0,53.3,72.8,5,282,shot
bakhtiyar-zaynutdinov,https://www.sofascore.com/kazakhstan-denmark/BObsxVb#id:10752390,kazakhstan,goal,penalty,penalty,11.5,50,0,left-foot,high-centre,0,51,27.2,No information,No information,73,No information,4348,50,11.5,49,0,49,72.8,18,1052,shot
abzal-beysebekov,https://www.sofascore.com/kazakhstan-denmark/BObsxVb#id:10752390,kazakhstan,save,No information,assisted,11.2,46.4,0,right-foot,high-right,0,48.1,20.3,No information,No information,70,No information,4187,46.4,11.2,51.9,0,51.9,79.7,21,1213,shot
rasmus-hojlund,https://www.sofascore.com/kazakhstan-denmark/BObsxVb#id:10752390,denmark,miss,No information,assisted,4.7,59.6,0,right-foot,right,0,40.2,6.9,No information,No information,63,No information,3735,59.6,4.7,59.8,0,59.8,93.1,28,1665,shot
askhat-tagybergen,https://www.sofascore.com/kazakhstan-denmark/BObsxVb#id:10752390,kazakhstan,miss,No information,assisted,30,66.1,0,right-foot,high,0,49.2,80.6,No information,No information,61,No information,3633,66.1,30,50.8,0,50.8,19.4,30,1767,shot
bakhtiyar-zaynutdinov,https://www.sofascore.com/kazakhstan-denmark/BObsxVb#id:10752390,kazakhstan,save,No information,assisted,18.1,33.4,0,left-foot,low-centre,0,49.5,5.1,No information,No information,61,No information,3620,33.4,18.1,50.5,0,50.5,94.9,30,1780,shot
yan-vorogovskiy,https://www.sofascore.com/kazakhstan-denmark/BObsxVb#id:10752390,kazakhstan,miss,No information,assisted,30.2,49,0,left-foot,left,0,61.7,20.8,No information,No information,58,No information,3479,49,30.2,38.3,0,38.3,79.2,33,1921,shot
ramazan-orazov,https://www.sofascore.com/kazakhstan-denmark/BObsxVb#id:10752390,kazakhstan,miss,No information,assisted,9.7,61.8,0,head,left,0,70.4,9.7,No information,No information,50,No information,2988,61.8,9.7,29.6,0,29.6,90.3,41,2412,shot
abzal-beysebekov,https://www.sofascore.com/kazakhstan-denmark/BObsxVb#id:10752390,kazakhstan,miss,No information,assisted,23,38.3,0,right-foot,right,0,38.2,8.3,No information,No information,49,No information,2927,38.3,23,61.8,0,61.8,91.7,42,2473,shot
jonas-wind,https://www.sofascore.com/kazakhstan-denmark/BObsxVb#id:10752390,denmark,save,No information,assisted,15.4,66.6,0,right-foot,low-centre,0,48.5,1.3,No information,No information,46,No information,2719,66.6,15.4,51.5,0,51.5,98.7,45,2681,shot
maksim-samorodov,https://www.sofascore.com/kazakhstan-denmark/BObsxVb#id:10752390,kazakhstan,save,No information,corner,19.9,33.6,0,right-foot,low-centre,0,51,6.3,No information,No information,45,5,2950,33.6,19.9,49,0,49,93.7,1,2450,shot
bakhtiyar-zaynutdinov,https://www.sofascore.com/kazakhstan-denmark/BObsxVb#id:10752390,kazakhstan,miss,No information,assisted,26.9,64.9,0,left-foot,high-left,0,66.9,86.1,No information,No information,45,2,2791,64.9,26.9,33.1,0,33.1,13.9,1,2609,shot
ramazan-orazov,https://www.sofascore.com/kazakhstan-denmark/BObsxVb#id:10752390,kazakhstan,save,No information,assisted,19.4,51.3,0,right-foot,high-centre,0,51.6,22.8,No information,No information,45,1,2735,51.3,19.4,48.4,0,48.4,77.2,1,2665,shot
jonas-wind,https://www.sofascore.com/kazakhstan-denmark/BObsxVb#id:10752390,denmark,block,No information,assisted,19.7,53.8,0,right-foot,low-centre,0,48.7,19,No information,No information,43,No information,2530,53.8,19.7,51.3,0,51.3,81,3,170,shot
joakim-maehle,https://www.sofascore.com/kazakhstan-denmark/BObsxVb#id:10752390,denmark,save,No information,assisted,11.6,37.6,0,right-foot,low-centre,0,50.7,2.5,No information,No information,41,No information,2433,37.6,11.6,49.3,0,49.3,97.5,5,267,shot
rasmus-hojlund,https://www.sofascore.com/kazakhstan-denmark/BObsxVb#id:10752390,denmark,save,No information,set-piece,4.8,52.2,0,right-foot,low-centre,0,48.7,18.4,No information,No information,40,No information,2373,52.2,4.8,51.3,0,51.3,81.6,6,327,shot
rasmus-hojlund,https://www.sofascore.com/kazakhstan-denmark/BObsxVb#id:10752390,denmark,goal,regular,regular,7.3,48.7,0,right-foot,low-centre,0,51,12.7,No information,No information,35,No information,2099,48.7,7.3,49,0,49,87.3,11,601,shot
damsgaard-mikkel,https://www.sofascore.com/kazakhstan-denmark/BObsxVb#id:10752390,denmark,save,No information,regular,8.3,45.8,0,right-foot,low-centre,0,49.9,9.5,No information,No information,35,No information,2097,45.8,8.3,50.1,0,50.1,90.5,11,603,shot
sergey-maliy,https://www.sofascore.com/kazakhstan-denmark/BObsxVb#id:10752390,kazakhstan,save,No information,corner,7.5,50.3,0,head,low-centre,0,50,18.4,No information,No information,29,No information,1680,50.3,7.5,50,0,50,81.6,17,1020,shot
mathias-jensen,https://www.sofascore.com/kazakhstan-denmark/BObsxVb#id:10752390,denmark,miss,No information,assisted,22.2,54.8,0,right-foot,high,0,49.1,91.7,No information,No information,27,No information,1590,54.8,22.2,50.9,0,50.9,8.3,19,1110,shot
damsgaard-mikkel,https://www.sofascore.com/kazakhstan-denmark/BObsxVb#id:10752390,denmark,miss,No information,assisted,23.2,31.8,0,right-foot,high-right,0,35,65.3,No information,No information,25,No information,1463,31.8,23.2,65,0,65,34.7,21,1237,shot
rasmus-hojlund,https://www.sofascore.com/kazakhstan-denmark/BObsxVb#id:10752390,denmark,goal,regular,assisted,12,43,0,left-foot,low-centre,0,49,8.2,No information,No information,21,No information,1231,43,12,51,0,51,91.8,25,1469,shot
joakim-maehle,https://www.sofascore.com/kazakhstan-denmark/BObsxVb#id:10752390,denmark,save,No information,assisted,8.7,45.4,0,right-foot,low-centre,0,50.6,14.6,No information,No information,16,No information,914,45.4,8.7,49.4,0,49.4,85.4,30,1786,shot
joakim-maehle,https://www.sofascore.com/kazakhstan-denmark/BObsxVb#id:10752390,denmark,miss,No information,assisted,25.2,34.2,0,right-foot,high-right,0,42.9,66.7,No information,No information,9,No information,517,34.2,25.2,57.1,0,57.1,33.3,37,2183,shot
askhat-tagybergen,https://www.sofascore.com/kazakhstan-denmark/BObsxVb#id:10752390,kazakhstan,miss,No information,assisted,27.5,41.3,0,left-foot,right,0,39,5.6,No information,No information,6,No information,303,41.3,27.5,61,0,61,94.4,40,2397,shot

andreas-christensen,https://www.sofascore.com/croatia-denmark/BObspUb#id:10023439,denmark,block,No information,set-piece,12.2,39.4,0,head,low-left,0,52.8,19,No information,No information,90,1,5443,39.4,12.2,47.2,0,47.2,81,1,857,shot
nikola-vlasic,https://www.sofascore.com/croatia-denmark/BObspUb#id:10023439,croatia,save,No information,assisted,11.4,69,0,right-foot,low-left,0,52.5,3.2,No information,No information,90,No information,5344,69,11.4,47.5,0,47.5,96.8,1,56,shot
christian-eriksen,https://www.sofascore.com/croatia-denmark/BObspUb#id:10023439,denmark,save,No information,assisted,14.7,44,0,left-foot,low-centre,0,51.8,0.6,No information,No information,85,No information,5096,44,14.7,48.2,0,48.2,99.4,6,304,shot
joakim-maehle,https://www.sofascore.com/croatia-denmark/BObspUb#id:10023439,denmark,block,No information,assisted,13.2,35.1,0,right-foot,low-right,0,46.2,9.7,No information,No information,85,No information,5084,35.1,13.2,53.8,0,53.8,90.3,6,316,shot
lovro-majer,https://www.sofascore.com/croatia-denmark/BObspUb#id:10023439,croatia,goal,regular,assisted,21.9,42.5,0,left-foot,low-right,0,47.1,9.5,No information,No information,79,No information,4690,42.5,21.9,52.9,0,52.9,90.5,12,710,shot
christian-eriksen,https://www.sofascore.com/croatia-denmark/BObspUb#id:10023439,denmark,goal,regular,assisted,26.9,50.7,0,right-foot,high-left,0,53.6,22.8,No information,No information,77,No information,4594,50.7,26.9,46.4,0,46.4,77.2,14,806,shot
mateo-kovacic,https://www.sofascore.com/croatia-denmark/BObspUb#id:10023439,croatia,miss,No information,assisted,14.3,56.2,0,right-foot,close-right,0,42.5,29.2,No information,No information,70,No information,4197,56.2,14.3,57.5,0,57.5,70.8,21,1203,shot
luka-modric,https://www.sofascore.com/croatia-denmark/BObspUb#id:10023439,croatia,save,No information,assisted,16.4,41.5,0,right-foot,low-centre,0,48.7,12,No information,No information,66,No information,3904,41.5,16.4,51.3,0,51.3,88,25,1496,shot
ivan-perisic,https://www.sofascore.com/croatia-denmark/BObspUb#id:10023439,croatia,miss,No information,free-kick,19.7,66.6,0,left-foot,close-right,0,42.9,6.9,No information,No information,58,No information,3474,66.6,19.7,57.1,0,57.1,93.1,33,1926,shot
andrej-kramaric,https://www.sofascore.com/croatia-denmark/BObspUb#id:10023439,croatia,miss,No information,assisted,28.5,63.3,0,right-foot,high-left,0,57,76.4,No information,No information,51,No information,3017,63.3,28.5,43,0,43,23.6,40,2383,shot
borna-sosa,https://www.sofascore.com/croatia-denmark/BObspUb#id:10023439,croatia,goal,regular,corner,19,51.9,0,left-foot,low-left,0,54.3,4.4,No information,No information,49,No information,2920,51.9,19,45.7,0,45.7,95.6,42,2480,shot
christian-eriksen,https://www.sofascore.com/croatia-denmark/BObspUb#id:10023439,denmark,save,No information,assisted,18.8,34.9,0,left-foot,low-centre,0,50.2,15.8,No information,No information,39,No information,2304,34.9,18.8,49.8,0,49.8,84.2,7,396,shot
joakim-maehle,https://www.sofascore.com/croatia-denmark/BObspUb#id:10023439,denmark,save,No information,assisted,2.6,38.5,0,right-foot,low-right,0,46.8,5.1,No information,No information,34,No information,2025,38.5,2.6,53.2,0,53.2,94.9,12,675,shot
josko-gvardiol,https://www.sofascore.com/croatia-denmark/BObspUb#id:10023439,croatia,miss,No information,corner,8.7,50.3,0,head,close-right,0,41.2,11.1,No information,No information,26,No information,1552,50.3,8.7,58.8,0,58.8,88.9,20,1148,shot
daniel-wass,https://www.sofascore.com/croatia-denmark/BObspUb#id:10023439,denmark,miss,No information,assisted,21.1,56.3,0,right-foot,close-high,0,52.1,58.3,No information,No information,23,No information,1338,56.3,21.1,47.9,0,47.9,41.7,23,1362,shot
ivan-perisic,https://www.sofascore.com/croatia-denmark/BObspUb#id:10023439,croatia,miss,No information,regular,18.4,30.3,0,right-foot,high-right,0,38.7,70.8,No information,No information,22,No information,1292,30.3,18.4,61.3,0,61.3,29.2,24,1408,shot
mateo-kovacic,https://www.sofascore.com/croatia-denmark/BObspUb#id:10023439,croatia,miss,No information,regular,22.6,36.9,0,right-foot,high-right,0,24.5,93.1,No information,No information,17,No information,971,36.9,22.6,75.5,0,75.5,6.9,29,1729,shot
marcelo-brozovic,https://www.sofascore.com/croatia-denmark/BObspUb#id:10023439,croatia,miss,No information,assisted,25.8,66,0,left-foot,high-left,0,66.6,59.7,No information,No information,4,No information,227,66,25.8,33.4,0,33.4,40.3,42,2473,shot
josip-sutalo,https://www.sofascore.com/croatia-denmark/BObspUb#id:10023439,croatia,miss,No information,corner,7,53.6,0,head,close-right,0,42.2,19.4,No information,No information,2,No information,106,53.6,7,57.8,0,57.8,80.6,44,2594,shot

josip-drmic,https://www.sofascore.com/switzerland-denmark/BObsZTb#id:8078627,switzerland,miss,No information,assisted,12.3,37,0,right-foot,high,0,51.6,93.1,No information,No information,90,3,5531,37,12.3,48.4,0,48.4,6.9,1,769,shot
yussuf-poulsen,https://www.sofascore.com/switzerland-denmark/BObsZTb#id:8078627,denmark,goal,regular,assisted,12.6,48.3,0,right-foot,low-left,0,53.3,4.4,No information,No information,84,No information,5035,48.3,12.6,46.7,0,46.7,95.6,7,365,shot
martin-braithwaite,https://www.sofascore.com/switzerland-denmark/BObsZTb#id:8078627,denmark,miss,No information,assisted,11.9,41.6,0,head,left,0,61,9.7,No information,No information,82,No information,4871,41.6,11.9,39,0,39,90.3,9,529,shot
thomas-delaney,https://www.sofascore.com/switzerland-denmark/BObsZTb#id:8078627,denmark,miss,No information,set-piece,26.1,60.3,0,right-foot,high-right,0,37.5,62.5,No information,No information,77,No information,4578,60.3,26.1,62.5,0,62.5,37.5,14,822,shot
martin-braithwaite,https://www.sofascore.com/switzerland-denmark/BObsZTb#id:8078627,denmark,miss,No information,assisted,13.8,38.3,0,head,left,0,67.6,18.1,No information,No information,74,No information,4396,38.3,13.8,32.4,0,32.4,81.9,17,1004,shot
christian-eriksen,https://www.sofascore.com/switzerland-denmark/BObsZTb#id:8078627,denmark,block,No information,free-kick,20.9,67.6,0,right-foot,No information,No information,No information,No information,No information,No information,71,No information,4204,67.6,20.9,No information,No information,No information,No information,20,1196,shot
andreas-cornelius,https://www.sofascore.com/switzerland-denmark/BObsZTb#id:8078627,denmark,save,No information,assisted,19.6,63.7,0,left-foot,low-left,0,52.2,6.3,No information,No information,61,No information,3633,63.7,19.6,47.8,0,47.8,93.7,30,1767,shot
haris-seferovic,https://www.sofascore.com/switzerland-denmark/BObsZTb#id:8078627,switzerland,block,No information,corner,18.9,49.1,0,left-foot,No information,No information,No information,No information,No information,No information,57,No information,3370,49.1,18.9,No information,No information,No information,No information,34,2030,shot
thomas-delaney,https://www.sofascore.com/switzerland-denmark/BObsZTb#id:8078627,denmark,miss,No information,corner,4.4,53.7,0,head,close-right,0,43,37.5,No information,No information,55,No information,3270,53.7,4.4,57,0,57,62.5,36,2130,shot
simon-kjaer,https://www.sofascore.com/switzerland-denmark/BObsZTb#id:8078627,denmark,block,No information,corner,6.8,41.2,0,head,No information,No information,No information,No information,No information,No information,55,No information,3243,41.2,6.8,No information,No information,No information,No information,36,2157,shot
ricardo-rodriguez,https://www.sofascore.com/switzerland-denmark/BObsZTb#id:8078627,switzerland,save,No information,assisted,18.3,30.3,0,left-foot,high-centre,0,50,32.3,No information,No information,51,No information,3028,30.3,18.3,50,0,50,67.7,40,2372,shot
admir-mehmedi,https://www.sofascore.com/switzerland-denmark/BObsZTb#id:8078627,switzerland,miss,No information,assisted,16,38.9,0,right-foot,high,0,49.2,61.1,No information,No information,49,No information,2885,38.9,16,50.8,0,50.8,38.9,42,2515,shot
ricardo-rodriguez,https://www.sofascore.com/switzerland-denmark/BObsZTb#id:8078627,switzerland,miss,No information,assisted,5.9,36.9,0,head,high-left,0,61.3,54.2,No information,No information,42,No information,2506,36.9,5.9,38.7,0,38.7,45.8,4,194,shot
fabian-schar,https://www.sofascore.com/switzerland-denmark/BObsZTb#id:8078627,switzerland,miss,No information,assisted,28.3,55.2,0,right-foot,high,0,45.5,86.1,No information,No information,41,No information,2414,55.2,28.3,54.5,0,54.5,13.9,5,286,shot
admir-mehmedi,https://www.sofascore.com/switzerland-denmark/BObsZTb#id:8078627,switzerland,save,No information,assisted,11.5,62,0,right-foot,low-left,0,52.7,3.2,No information,No information,34,No information,2023,62,11.5,47.3,0,47.3,96.8,12,677,shot
christian-eriksen,https://www.sofascore.com/switzerland-denmark/BObsZTb#id:8078627,denmark,save,No information,assisted,12.4,50,0,left-foot,low-right,0,47.2,4.4,No information,No information,24,No information,1420,50,12.4,52.8,0,52.8,95.6,22,1280,shot
jens-stryger-larsen,https://www.sofascore.com/switzerland-denmark/BObsZTb#id:8078627,denmark,miss,No information,assisted,13.8,24.3,0,right-foot,high-right,0,29.4,41.7,No information,No information,21,No information,1229,24.3,13.8,70.6,0,70.6,58.3,25,1471,shot
martin-braithwaite,https://www.sofascore.com/switzerland-denmark/BObsZTb#id:8078627,denmark,miss,No information,assisted,13.8,41,0,head,right,0,31.8,26.4,No information,No information,19,No information,1116,41,13.8,68.2,0,68.2,73.6,27,1584,shot
granit-xhaka,https://www.sofascore.com/switzerland-denmark/BObsZTb#id:8078627,switzerland,save,No information,corner,23.5,53.6,0,left-foot,high-right,0,46.9,33.5,No information,No information,14,No information,811,53.6,23.5,53.1,0,53.1,66.5,32,1889,shot
manuel-akanji,https://www.sofascore.com/switzerland-denmark/BObsZTb#id:8078627,switzerland,block,No information,assisted,33.2,39.1,0,right-foot,No information,No information,No information,No information,No information,No information,13,No information,768,39.1,33.2,No information,No information,No information,No information,33,1932,shot
haris-seferovic,https://www.sofascore.com/switzerland-denmark/BObsZTb#id:8078627,switzerland,block,No information,assisted,19.4,52.1,0,right-foot,No information,No information,No information,No information,No information,No information,12,No information,661,52.1,19.4,No information,No information,No information,No information,34,2039,shot
ricardo-rodriguez,https://www.sofascore.com/switzerland-denmark/BObsZTb#id:8078627,switzerland,save,No information,free-kick,26.9,74.2,0,left-foot,low-centre,0,48.2,13.9,No information,No information,10,No information,555,74.2,26.9,51.8,0,51.8,86.1,36,2145,shot
martin-braithwaite,https://www.sofascore.com/switzerland-denmark/BObsZTb#id:8078627,denmark,miss,No information,assisted,23.6,49,0,right-foot,left,0,62.7,13.9,No information,No information,4,No information,193,49,23.6,37.3,0,37.3,86.1,42,2507,shot

konrad-laimer,https://www.sofascore.com/austria-denmark/BObstUb#id:10023443,austria,block,No information,assisted,10.8,66.2,0,right-foot,low-centre,0,48.2,19,No information,No information,90,1,5404,66.2,10.8,51.8,0,51.8,81,1,896,shot
michael-gregoritsch,https://www.sofascore.com/austria-denmark/BObstUb#id:10023443,austria,miss,No information,assisted,9.7,47.8,0,head,left,0,70.6,6.9,No information,No information,89,No information,5306,47.8,9.7,29.4,0,29.4,93.1,2,94,shot
christian-eriksen,https://www.sofascore.com/austria-denmark/BObstUb#id:10023443,denmark,block,No information,regular,19.9,51.3,0,left-foot,low-right,0,47.3,19,No information,No information,88,No information,5223,51.3,19.9,52.7,0,52.7,81,3,177,shot
christian-eriksen,https://www.sofascore.com/austria-denmark/BObstUb#id:10023443,denmark,save,No information,assisted,26.5,52.6,0,right-foot,low-right,0,46.1,14.6,No information,No information,87,No information,5173,52.6,26.5,53.9,0,53.9,85.4,4,227,shot
jens-stryger-larsen,https://www.sofascore.com/austria-denmark/BObstUb#id:10023443,denmark,save,No information,fast-break,14.9,33.4,0,right-foot,low-right,0,47.7,1.3,No information,No information,84,No information,5013,33.4,14.9,52.3,0,52.3,98.7,7,387,shot
pierre-emile-hojbjerg,https://www.sofascore.com/austria-denmark/BObstUb#id:10023443,denmark,save,No information,regular,4,69.9,0,right-foot,low-centre,0,48.9,1.9,No information,No information,80,No information,4787,69.9,4,51.1,0,51.1,98.1,11,613,shot
michael-gregoritsch,https://www.sofascore.com/austria-denmark/BObstUb#id:10023443,austria,save,No information,assisted,17.9,50.5,0,right-foot,low-centre,0,51.6,6.3,No information,No information,77,No information,4585,50.5,17.9,48.4,0,48.4,93.7,14,815,shot
michael-gregoritsch,https://www.sofascore.com/austria-denmark/BObstUb#id:10023443,austria,miss,No information,assisted,29.5,41.5,0,left-foot,left,0,60.5,8.3,No information,No information,76,No information,4508,41.5,29.5,39.5,0,39.5,91.7,15,892,shot
marcel-sabitzer,https://www.sofascore.com/austria-denmark/BObstUb#id:10023443,austria,block,No information,assisted,17.5,31.2,0,right-foot,low-left,0,52.3,19,No information,No information,74,No information,4399,31.2,17.5,47.7,0,47.7,81,17,1001,shot
jonas-wind,https://www.sofascore.com/austria-denmark/BObstUb#id:10023443,denmark,miss,No information,regular,19.4,42.3,0,left-foot,left,0,63.9,6.9,No information,No information,71,No information,4240,42.3,19.4,36.1,0,36.1,93.1,20,1160,shot
philip-billing,https://www.sofascore.com/austria-denmark/BObstUb#id:10023443,denmark,miss,No information,assisted,14.7,62,0,left-foot,right,0,34.6,8.3,No information,No information,71,No information,4219,62,14.7,65.4,0,65.4,91.7,20,1181,shot
marcel-sabitzer,https://www.sofascore.com/austria-denmark/BObstUb#id:10023443,austria,block,No information,assisted,26.6,46.8,0,right-foot,low-left,0,52.3,19,No information,No information,58,No information,3426,46.8,26.6,47.7,0,47.7,81,33,1974,shot
joachim-andersen,https://www.sofascore.com/austria-denmark/BObstUb#id:10023443,denmark,miss,No information,corner,3.7,60.2,0,right-foot,right,0,33.3,12.5,No information,No information,44,No information,2600,60.2,3.7,66.7,0,66.7,87.5,2,100,shot
jonas-wind,https://www.sofascore.com/austria-denmark/BObstUb#id:10023443,denmark,block,No information,assisted,13,43.1,0,right-foot,low-left,0,52.9,19,No information,No information,43,No information,2548,43.1,13,47.1,0,47.1,81,3,152,shot
xaver-schlager,https://www.sofascore.com/austria-denmark/BObstUb#id:10023443,austria,miss,No information,regular,22.8,59.2,0,left-foot,high,0,51.8,93.1,No information,No information,40,No information,2366,59.2,22.8,48.2,0,48.2,6.9,6,334,shot
andreas-skov-olsen,https://www.sofascore.com/austria-denmark/BObstUb#id:10023443,denmark,goal,regular,assisted,9.1,57.1,0,left-foot,low-left,0,52.8,1.9,No information,No information,37,No information,2187,57.1,9.1,47.2,0,47.2,98.1,9,513,shot
jonas-wind,https://www.sofascore.com/austria-denmark/BObstUb#id:10023443,denmark,goal,regular,assisted,6.3,44.1,0,right-foot,low-right,0,46.3,10.1,No information,No information,21,No information,1212,44.1,6.3,53.7,0,53.7,89.9,25,1488,shot
joakim-maehle,https://www.sofascore.com/austria-denmark/BObstUb#id:10023443,denmark,miss,No information,assisted,7.5,36.3,0,head,left,0,60,19.4,No information,No information,19,No information,1124,36.3,7.5,40,0,40,80.6,27,1576,shot
andreas-cornelius,https://www.sofascore.com/austria-denmark/BObstUb#id:10023443,denmark,miss,No information,assisted,21.8,42.7,0,left-foot,close-right,0,41.5,6.9,No information,No information,16,No information,906,42.7,21.8,58.5,0,58.5,93.1,30,1794,shot
mathias-jensen,https://www.sofascore.com/austria-denmark/BObstUb#id:10023443,denmark,save,No information,assisted,27.9,39.2,0,right-foot,low-centre,0,51,5.1,No information,No information,14,No information,784,39.2,27.9,49,0,49,94.9,32,1916,shot
sasa-kalajdzic,https://www.sofascore.com/austria-denmark/BObstUb#id:10023443,austria,save,No information,regular,4.7,71.9,0,right-foot,low-right,0,46.4,17.7,No information,No information,12,No information,704,71.9,4.7,53.6,0,53.6,82.3,34,1996,shot
marcel-sabitzer,https://www.sofascore.com/austria-denmark/BObstUb#id:10023443,austria,miss,No information,assisted,23.8,46,0,right-foot,close-left,0,59.2,4.2,No information,No information,7,No information,382,46,23.8,40.8,0,40.8,95.8,39,2318,shot
andreas-cornelius,https://www.sofascore.com/austria-denmark/BObstUb#id:10023443,denmark,miss,No information,assisted,7.8,49.1,0,head,high-left,0,56.3,77.8,No information,No information,5,No information,292,49.1,7.8,43.7,0,43.7,22.2,41,2408,shot
jonas-wind,https://www.sofascore.com/austria-denmark/BObstUb#id:10023443,denmark,miss,No information,assisted,26.5,60.3,0,left-foot,right,0,37,6.9,No information,No information,2,No information,81,60.3,26.5,63,0,63,93.1,44,2619,shot

askhat-tagybergen,https://www.sofascore.com/kazakhstan-denmark/BObsxVb#id:10752529,kazakhstan,block,No information,assisted,31.1,45.4,0,right-foot,low-centre,0,48.4,19,No information,No information,90,No information,5357,45.4,31.1,51.6,0,51.6,81,1,43,shot
yussuf-poulsen,https://www.sofascore.com/kazakhstan-denmark/BObsxVb#id:10752529,denmark,block,No information,regular,18.2,56.7,0,right-foot,low-centre,0,49.2,19,No information,No information,87,No information,5199,56.7,18.2,50.8,0,50.8,81,4,201,shot
yussuf-poulsen,https://www.sofascore.com/kazakhstan-denmark/BObsxVb#id:10752529,denmark,miss,No information,corner,4.6,60,0,head,close-right,0,41.5,33.3,No information,No information,86,No information,5127,60,4.6,58.5,0,58.5,66.7,5,273,shot
joachim-andersen,https://www.sofascore.com/kazakhstan-denmark/BObsxVb#id:10752529,denmark,block,No information,assisted,11.5,44.1,0,head,low-right,0,45.2,19,No information,No information,85,No information,5092,44.1,11.5,54.8,0,54.8,81,6,308,shot
rasmus-hojlund,https://www.sofascore.com/kazakhstan-denmark/BObsxVb#id:10752529,denmark,miss,No information,assisted,10,61.8,0,left-foot,close-high-left,0,58.5,43.1,No information,No information,83,No information,4956,61.8,10,41.5,0,41.5,56.9,8,444,shot
christian-eriksen,https://www.sofascore.com/kazakhstan-denmark/BObsxVb#id:10752529,denmark,block,No information,free-kick,18.8,61.1,0,right-foot,low-right,0,46.8,19,No information,No information,82,No information,4898,61.1,18.8,53.2,0,53.2,81,9,502,shot
rasmus-hojlund,https://www.sofascore.com/kazakhstan-denmark/BObsxVb#id:10752529,denmark,block,No information,assisted,14.2,31.2,0,left-foot,low-centre,0,51.3,19,No information,No information,68,No information,4027,31.2,14.2,48.7,0,48.7,81,23,1373,shot
bagdat-kairov,https://www.sofascore.com/kazakhstan-denmark/BObsxVb#id:10752529,kazakhstan,miss,No information,assisted,7.5,54.8,0,head,close-left,0,56.5,20.8,No information,No information,66,No information,3945,54.8,7.5,43.5,0,43.5,79.2,25,1455,shot
joakim-maehle,https://www.sofascore.com/kazakhstan-denmark/BObsxVb#id:10752529,denmark,miss,No information,assisted,22.6,57.9,0,left-foot,close-high,0,46.6,59.7,No information,No information,64,No information,3828,57.9,22.6,53.4,0,53.4,40.3,27,1572,shot
yan-vorogovskiy,https://www.sofascore.com/kazakhstan-denmark/BObsxVb#id:10752529,kazakhstan,goal,regular,assisted,6.8,46,0,left-foot,low-centre,0,49,17.7,No information,No information,58,No information,3443,46,6.8,51,0,51,82.3,33,1957,shot
ramazan-orazov,https://www.sofascore.com/kazakhstan-denmark/BObsxVb#id:10752529,kazakhstan,block,No information,assisted,22,41.2,0,right-foot,low-right,0,46.8,19,No information,No information,57,No information,3383,41.2,22,53.2,0,53.2,81,34,2017,shot
jonas-wind,https://www.sofascore.com/kazakhstan-denmark/BObsxVb#id:10752529,denmark,save,No information,assisted,24.4,45,0,right-foot,low-centre,0,48.8,1.3,No information,No information,55,No information,3247,45,24.4,51.2,0,51.2,98.7,36,2153,shot
joakim-maehle,https://www.sofascore.com/kazakhstan-denmark/BObsxVb#id:10752529,denmark,miss,No information,regular,10.7,70.7,0,right-foot,close-right,0,43.4,25,No information,No information,50,No information,2960,70.7,10.7,56.6,0,56.6,75,41,2440,shot
robert-skov,https://www.sofascore.com/kazakhstan-denmark/BObsxVb#id:10752529,denmark,goal,regular,assisted,13.1,46.6,0,right-foot,low-centre,0,51.8,2.5,No information,No information,48,No information,2860,46.6,13.1,48.2,0,48.2,97.5,43,2540,shot
robert-skov,https://www.sofascore.com/kazakhstan-denmark/BObsxVb#id:10752529,denmark,goal,regular,assisted,7.7,47.4,0,right-foot,high-centre,0,49.9,20.3,No information,No information,45,1,2758,47.4,7.7,50.1,0,50.1,79.7,1,2642,shot
jonas-wind,https://www.sofascore.com/kazakhstan-denmark/BObsxVb#id:10752529,denmark,goal,regular,set-piece,4.7,57.5,0,right-foot,low-left,0,53,15.2,No information,No information,36,No information,2124,57.5,4.7,47,0,47,84.8,10,576,shot
robert-skov,https://www.sofascore.com/kazakhstan-denmark/BObsxVb#id:10752529,denmark,miss,No information,regular,21.4,28.1,0,left-foot,right,0,28.2,26.4,No information,No information,35,No information,2054,28.1,21.4,71.8,0,71.8,73.6,11,646,shot
rasmus-hojlund,https://www.sofascore.com/kazakhstan-denmark/BObsxVb#id:10752529,denmark,miss,No information,corner,4.7,52,0,head,right,0,36,12.5,No information,No information,31,No information,1806,52,4.7,64,0,64,87.5,15,894,shot
jonas-wind,https://www.sofascore.com/kazakhstan-denmark/BObsxVb#id:10752529,denmark,block,No information,assisted,19.7,57.9,0,right-foot,low-right,0,47.7,19,No information,No information,30,No information,1767,57.9,19.7,52.3,0,52.3,81,16,933,shot
bakhtiyar-zaynutdinov,https://www.sofascore.com/kazakhstan-denmark/BObsxVb#id:10752529,kazakhstan,miss,No information,free-kick,21.4,55,0,left-foot,high,0,52.8,63.9,No information,No information,29,No information,1682,55,21.4,47.2,0,47.2,36.1,17,1018,shot
andreas-christensen,https://www.sofascore.com/kazakhstan-denmark/BObsxVb#id:10752529,denmark,miss,No information,assisted,32.3,36,0,right-foot,close-left,0,58,27.8,No information,No information,16,No information,915,36,32.3,42,0,42,72.2,30,1785,shot
maksim-samorodov,https://www.sofascore.com/kazakhstan-denmark/BObsxVb#id:10752529,kazakhstan,miss,No information,assisted,1.3,39,0,right-foot,close-left,0,56,27.8,No information,No information,15,No information,847,39,1.3,44,0,44,72.2,31,1853,shot
kasper-dolberg,https://www.sofascore.com/kazakhstan-denmark/BObsxVb#id:10752529,denmark,block,No information,assisted,23.9,56.9,0,right-foot,low-centre,0,51.3,19,No information,No information,13,No information,744,56.9,23.9,48.7,0,48.7,81,33,1956,shot
robert-skov,https://www.sofascore.com/kazakhstan-denmark/BObsxVb#id:10752529,denmark,miss,No information,assisted,14,29.4,0,left-foot,close-right,0,41.3,4.2,No information,No information,8,No information,458,29.4,14,58.7,0,58.7,95.8,38,2242,shot

zan-karnicnik,https://www.sofascore.com/slovenia-denmark/BObsJOb#id:11873971,slovenia,miss,No information,assisted,27.6,71.5,0,right-foot,high-right,0,40,87.5,No information,No information,90,No information,5391,71.5,27.6,60,0,60,12.5,1,9,shot
hjulmand-morten,https://www.sofascore.com/slovenia-denmark/BObsJOb#id:11873971,denmark,save,No information,assisted,23.4,49.3,0,left-foot,low-centre,0,51.7,1.9,No information,No information,86,No information,5124,49.3,23.4,48.3,0,48.3,98.1,5,276,shot
andraz-sporar,https://www.sofascore.com/slovenia-denmark/BObsJOb#id:11873971,slovenia,save,No information,assisted,4.8,67.5,0,right-foot,high-right,0,45.5,24.1,No information,No information,81,No information,4847,67.5,4.8,54.5,0,54.5,75.9,10,553,shot
jannik-vestergaard,https://www.sofascore.com/slovenia-denmark/BObsJOb#id:11873971,denmark,save,No information,corner,8.8,36,0,head,high-left,0,52.9,21.5,No information,No information,81,No information,4815,36,8.8,47.1,0,47.1,78.5,10,585,shot
andraz-sporar,https://www.sofascore.com/slovenia-denmark/BObsJOb#id:11873971,slovenia,miss,No information,regular,8.9,47.9,0,left-foot,high,0,47.2,75,No information,No information,79,No information,4690,47.9,8.9,52.8,0,52.8,25,12,710,shot
andraz-sporar,https://www.sofascore.com/slovenia-denmark/BObsJOb#id:11873971,slovenia,block,No information,assisted,8,50.9,0,left-foot,low-right,0,47.1,19,No information,No information,79,No information,4688,50.9,8,52.9,0,52.9,81,12,712,shot
erik-janza,https://www.sofascore.com/slovenia-denmark/BObsJOb#id:11873971,slovenia,goal,regular,corner,21.8,29.3,0,left-foot,low-centre,0,49.2,19,No information,No information,77,No information,4579,29.3,21.8,50.8,0,50.8,81,14,821,shot
benjamin-sesko,https://www.sofascore.com/slovenia-denmark/BObsJOb#id:11873971,slovenia,post,No information,regular,25.4,56,0,right-foot,right,0,44.5,17.7,No information,No information,76,No information,4536,56,25.4,55.5,0,55.5,82.3,15,864,shot
andraz-sporar,https://www.sofascore.com/slovenia-denmark/BObsJOb#id:11873971,slovenia,miss,No information,set-piece,4.4,49.7,0,right-foot,left,0,60,16.7,No information,No information,74,No information,4426,49.7,4.4,40,0,40,83.3,17,974,shot
jonas-wind,https://www.sofascore.com/slovenia-denmark/BObsJOb#id:11873971,denmark,miss,No information,corner,4.6,53.2,0,head,high,0,46.7,69.4,No information,No information,71,No information,4243,53.2,4.6,53.3,0,53.3,30.6,20,1157,shot
christian-eriksen,https://www.sofascore.com/slovenia-denmark/BObsJOb#id:11873971,denmark,miss,No information,throw-in-set-piece,5.2,34.8,0,left-foot,left,0,59.8,22.2,No information,No information,68,No information,4048,34.8,5.2,40.2,0,40.2,77.8,23,1352,shot
adam-gnezda-cerin,https://www.sofascore.com/slovenia-denmark/BObsJOb#id:11873971,slovenia,miss,No information,assisted,8,47.4,0,head,close-right,0,42.5,26.4,No information,No information,66,No information,3951,47.4,8,57.5,0,57.5,73.6,25,1449,shot
alexander-bah,https://www.sofascore.com/slovenia-denmark/BObsJOb#id:11873971,denmark,block,No information,fast-break,18.5,61,0,right-foot,low-centre,0,49.4,19,No information,No information,65,No information,3848,61,18.5,50.6,0,50.6,81,26,1552,shot
rasmus-hojlund,https://www.sofascore.com/slovenia-denmark/BObsJOb#id:11873971,denmark,save,No information,fast-break,4.5,54.3,0,right-foot,low-centre,0,51.6,13.3,No information,No information,65,No information,3844,54.3,4.5,48.4,0,48.4,86.7,26,1556,shot
pierre-emile-hojbjerg,https://www.sofascore.com/slovenia-denmark/BObsJOb#id:11873971,denmark,block,No information,set-piece,8,56.8,0,right-foot,low-centre,0,48.4,19,No information,No information,56,No information,3316,56.8,8,51.6,0,51.6,81,35,2084,shot
andreas-christensen,https://www.sofascore.com/slovenia-denmark/BObsJOb#id:11873971,denmark,block,No information,set-piece,14.8,42.1,0,head,low-centre,0,50.4,19,No information,No information,55,No information,3240,42.1,14.8,49.6,0,49.6,81,36,2160,shot
christian-eriksen,https://www.sofascore.com/slovenia-denmark/BObsJOb#id:11873971,denmark,miss,No information,assisted,11.2,40.6,0,left-foot,high-right,0,41.8,77.8,No information,No information,43,No information,2561,40.6,11.2,58.2,0,58.2,22.2,3,139,shot
christian-eriksen,https://www.sofascore.com/slovenia-denmark/BObsJOb#id:11873971,denmark,block,No information,assisted,26.9,44.2,0,right-foot,low-left,0,52.9,19,No information,No information,42,No information,2502,44.2,26.9,47.1,0,47.1,81,4,198,shot
christian-eriksen,https://www.sofascore.com/slovenia-denmark/BObsJOb#id:11873971,denmark,block,No information,assisted,11.5,68.7,0,left-foot,low-right,0,47.9,19,No information,No information,40,No information,2340,68.7,11.5,52.1,0,52.1,81,6,360,shot
joachim-andersen,https://www.sofascore.com/slovenia-denmark/BObsJOb#id:11873971,denmark,miss,No information,corner,8.6,52.1,0,head,left,0,83.9,15.3,No information,No information,35,No information,2051,52.1,8.6,16.1,0,16.1,84.7,11,649,shot
jannik-vestergaard,https://www.sofascore.com/slovenia-denmark/BObsJOb#id:11873971,denmark,miss,No information,corner,6.7,50,0,head,right,0,37.3,18.1,No information,No information,28,No information,1679,50,6.7,62.7,0,62.7,81.9,18,1021,shot
erik-janza,https://www.sofascore.com/slovenia-denmark/BObsJOb#id:11873971,slovenia,miss,No information,corner,24.3,39.7,0,left-foot,right,0,36.6,9.7,No information,No information,21,No information,1247,39.7,24.3,63.4,0,63.4,90.3,25,1453,shot
erik-janza,https://www.sofascore.com/slovenia-denmark/BObsJOb#id:11873971,slovenia,block,No information,corner,24,45.4,0,left-foot,low-centre,0,50.1,19,No information,No information,21,No information,1220,45.4,24,49.9,0,49.9,81,25,1480,shot
christian-eriksen,https://www.sofascore.com/slovenia-denmark/BObsJOb#id:11873971,denmark,goal,regular,throw-in-set-piece,9,54.9,0,right-foot,low-left,0,53.9,9.5,No information,No information,17,No information,996,54.9,9,46.1,0,46.1,90.5,29,1704,shot
benjamin-sesko,https://www.sofascore.com/slovenia-denmark/BObsJOb#id:11873971,slovenia,miss,No information,assisted,25.2,55.3,0,right-foot,close-left,0,56.6,26.4,No information,No information,16,No information,947,55.3,25.2,43.4,0,43.4,73.6,30,1753,shot
kristiansen-victor,https://www.sofascore.com/slovenia-denmark/BObsJOb#id:11873971,denmark,block,No information,throw-in-set-piece,17.6,46.6,0,right-foot,low-left,0,53.7,19,No information,No information,15,No information,847,46.6,17.6,46.3,0,46.3,81,31,1853,shot
andreas-christensen,https://www.sofascore.com/slovenia-denmark/BObsJOb#id:11873971,denmark,miss,No information,set-piece,13.2,46.6,0,head,high,0,54.1,70.8,No information,No information,11,No information,631,46.6,13.2,45.9,0,45.9,29.2,35,2069,shot

andreas-cornelius,https://www.sofascore.com/tunisia-denmark/BObsEUb#id:10230576,denmark,save,No information,corner,10.8,59.3,0,head,high-right,0,45.8,24.7,No information,No information,90,7,5777,59.3,10.8,54.2,0,54.2,75.3,1,523,shot
joakim-maehle,https://www.sofascore.com/tunisia-denmark/BObsEUb#id:10230576,denmark,block,No information,assisted,22.9,37.7,0,right-foot,low-left,0,53.8,13.9,No information,No information,90,2,5500,37.7,22.9,46.2,0,46.2,86.1,1,800,shot
andreas-cornelius,https://www.sofascore.com/tunisia-denmark/BObsEUb#id:10230576,denmark,save,No information,throw-in-set-piece,7.1,47.4,0,head,high-centre,0,51.2,25.3,No information,No information,90,2,5468,47.4,7.1,48.8,0,48.8,74.7,1,832,shot
mathias-jensen,https://www.sofascore.com/tunisia-denmark/BObsEUb#id:10230576,denmark,miss,No information,assisted,15.6,31.2,0,right-foot,left,0,60,6.9,No information,No information,76,No information,4526,31.2,15.6,40,0,40,93.1,15,874,shot
andreas-cornelius,https://www.sofascore.com/tunisia-denmark/BObsEUb#id:10230576,denmark,post,No information,corner,0.7,54,0,head,right,0,44.6,12,No information,No information,70,No information,4154,54,0.7,55.4,0,55.4,88,21,1246,shot
andreas-christensen,https://www.sofascore.com/tunisia-denmark/BObsEUb#id:10230576,denmark,block,No information,corner,4.3,43.7,0,head,low-centre,0,49.1,19,No information,No information,70,No information,4154,43.7,4.3,50.9,0,50.9,81,21,1246,shot
christian-eriksen,https://www.sofascore.com/tunisia-denmark/BObsEUb#id:10230576,denmark,save,No information,assisted,20.7,46.7,0,left-foot,high-right,0,47.4,23.4,No information,No information,69,No information,4105,46.7,20.7,52.6,0,52.6,76.6,22,1295,shot
kasper-dolberg,https://www.sofascore.com/tunisia-denmark/BObsEUb#id:10230576,denmark,miss,No information,assisted,4.1,42.4,0,head,right,0,34.1,33.3,No information,No information,57,No information,3391,42.4,4.1,65.9,0,65.9,66.7,34,2009,shot
dylan-bronn,https://www.sofascore.com/tunisia-denmark/BObsEUb#id:10230576,tunisia,block,No information,corner,15.5,47.4,0,right-foot,low-centre,0,50.4,19,No information,No information,53,No information,3121,47.4,15.5,49.6,0,49.6,81,38,2279,shot
ellyes-skhiri,https://www.sofascore.com/tunisia-denmark/BObsEUb#id:10230576,tunisia,block,No information,corner,20.1,52.6,0,right-foot,low-centre,0,49.4,19,No information,No information,52,No information,3119,52.6,20.1,50.6,0,50.6,81,39,2281,shot
mohamed-drager,https://www.sofascore.com/tunisia-denmark/BObsEUb#id:10230576,tunisia,block,No information,corner,25.9,62,0,right-foot,low-left,0,52,19,No information,No information,51,No information,3056,62,25.9,48,0,48,81,40,2344,shot
youssef-msakni,https://www.sofascore.com/tunisia-denmark/BObsEUb#id:10230576,tunisia,miss,No information,corner,5.7,64.9,0,right-foot,close-right,0,42,5.6,No information,No information,46,No information,2744,64.9,5.7,58,0,58,94.4,45,2656,shot
issam-jebali,https://www.sofascore.com/tunisia-denmark/BObsEUb#id:10230576,tunisia,miss,No information,corner,7.1,63.9,0,head,left,0,72.1,8.3,No information,No information,46,No information,2710,63.9,7.1,27.9,0,27.9,91.7,45,2690,shot
ellyes-skhiri,https://www.sofascore.com/tunisia-denmark/BObsEUb#id:10230576,tunisia,miss,No information,corner,19,49.1,0,left-foot,high,0,48.7,75,No information,No information,43,No information,2567,49.1,19,51.3,0,51.3,25,3,133,shot
issam-jebali,https://www.sofascore.com/tunisia-denmark/BObsEUb#id:10230576,tunisia,save,No information,assisted,7.7,52.9,0,right-foot,high-right,0,47.4,23.4,No information,No information,42,No information,2519,52.9,7.7,52.6,0,52.6,76.6,4,181,shot
aissa-laidouni,https://www.sofascore.com/tunisia-denmark/BObsEUb#id:10230576,tunisia,miss,No information,corner,4.1,65.3,0,right-foot,close-right,0,42.9,27.8,No information,No information,39,No information,2294,65.3,4.1,57.1,0,57.1,72.2,7,406,shot
yassine-meriah,https://www.sofascore.com/tunisia-denmark/BObsEUb#id:10230576,tunisia,block,No information,corner,8.1,57.5,0,right-foot,low-centre,0,48.7,19,No information,No information,39,No information,2292,57.5,8.1,51.3,0,51.3,81,7,408,shot
pierre-emile-hojbjerg,https://www.sofascore.com/tunisia-denmark/BObsEUb#id:10230576,denmark,save,No information,corner,24.8,23.7,0,right-foot,low-centre,0,48.8,7.6,No information,No information,33,No information,1977,23.7,24.8,51.2,0,51.2,92.4,13,723,shot
joachim-andersen,https://www.sofascore.com/tunisia-denmark/BObsEUb#id:10230576,denmark,save,No information,corner,19.4,37.1,0,left-foot,low-left,0,53.8,19,No information,No information,23,No information,1328,37.1,19.4,46.2,0,46.2,81,23,1372,shot
kasper-dolberg,https://www.sofascore.com/tunisia-denmark/BObsEUb#id:10230576,denmark,block,No information,corner,4.7,42.9,0,right-foot,low-left,0,53.2,19,No information,No information,23,No information,1325,42.9,4.7,46.8,0,46.8,81,23,1375,shot
youssef-msakni,https://www.sofascore.com/tunisia-denmark/BObsEUb#id:10230576,tunisia,miss,No information,corner,4.6,33,0,head,high-right,0,43.5,62.5,No information,No information,12,No information,707,33,4.6,56.5,0,56.5,37.5,34,1993,shot
mohamed-drager,https://www.sofascore.com/tunisia-denmark/BObsEUb#id:10230576,tunisia,block,No information,assisted,27.3,59.8,0,right-foot,low-centre,0,49.4,19,No information,No information,11,No information,646,59.8,27.3,50.6,0,50.6,81,35,2054,shot
issam-jebali,https://www.sofascore.com/tunisia-denmark/BObsEUb#id:10230576,tunisia,block,No information,regular,7.6,68,0,left-foot,low-right,0,46.2,2.8,No information,No information,5,No information,250,68,7.6,53.8,0,53.8,97.2,41,2450,shot
youssef-msakni,https://www.sofascore.com/tunisia-denmark/BObsEUb#id:10230576,tunisia,block,No information,assisted,24.4,66.6,0,right-foot,low-right,0,48.1,19,No information,No information,3,No information,122,66.6,24.4,51.9,0,51.9,81,43,2578,shot

louis-schaub,https://www.sofascore.com/austria-denmark/BObstUb#id:9223923,austria,miss,No information,assisted,19.4,50.6,0,left-foot,close-left,0,57.8,15.3,No information,No information,82,No information,4912,50.6,19.4,42.2,0,42.2,84.7,9,488,shot
florian-grillitsch,https://www.sofascore.com/austria-denmark/BObstUb#id:9223923,austria,miss,No information,assisted,29.5,53.9,0,right-foot,high-left,0,57.5,75,No information,No information,81,No information,4844,53.9,29.5,42.5,0,42.5,25,10,556,shot
martin-hinteregger,https://www.sofascore.com/austria-denmark/BObstUb#id:9223923,austria,miss,No information,assisted,32.8,32.3,0,left-foot,close-high,0,48.4,58.3,No information,No information,78,No information,4650,32.3,32.8,51.6,0,51.6,41.7,13,750,shot
christopher-trimmel,https://www.sofascore.com/austria-denmark/BObstUb#id:9223923,austria,block,No information,regular,22.2,56.9,0,left-foot,low-left,0,52.1,19,No information,No information,69,No information,4117,56.9,22.2,47.9,0,47.9,81,22,1283,shot
marco-grull,https://www.sofascore.com/austria-denmark/BObstUb#id:9223923,austria,block,No information,assisted,4.6,71.3,0,right-foot,low-centre,0,49.5,19,No information,No information,60,No information,3565,71.3,4.6,50.5,0,50.5,81,31,1835,shot
pierre-emile-hojbjerg,https://www.sofascore.com/austria-denmark/BObstUb#id:9223923,denmark,block,No information,free-kick,27.5,33,0,right-foot,low-left,0,52.1,19,No information,No information,57,No information,3409,33,27.5,47.9,0,47.9,81,34,1991,shot
joakim-maehle,https://www.sofascore.com/austria-denmark/BObstUb#id:9223923,denmark,goal,regular,assisted,10.1,39.9,0,right-foot,low-left,0,53.6,3.2,No information,No information,53,No information,3132,39.9,10.1,46.4,0,46.4,96.8,38,2268,shot
thomas-delaney,https://www.sofascore.com/austria-denmark/BObstUb#id:9223923,denmark,save,No information,assisted,14.6,62.4,0,left-foot,low-left,0,53,13.9,No information,No information,48,No information,2855,62.4,14.6,47,0,47,86.1,43,2545,shot
damsgaard-mikkel,https://www.sofascore.com/austria-denmark/BObstUb#id:9223923,denmark,save,No information,assisted,14.5,54.6,0,right-foot,high-left,0,52.7,26.6,No information,No information,31,No information,1821,54.6,14.5,47.3,0,47.3,73.4,15,879,shot
damsgaard-mikkel,https://www.sofascore.com/austria-denmark/BObstUb#id:9223923,denmark,miss,No information,assisted,29.6,50.6,0,right-foot,high-right,0,39.7,47.2,No information,No information,30,No information,1794,50.6,29.6,60.3,0,60.3,52.8,16,906,shot
christopher-trimmel,https://www.sofascore.com/austria-denmark/BObstUb#id:9223923,austria,block,No information,assisted,23.2,71.5,0,right-foot,low-centre,0,51.1,19,No information,No information,28,No information,1641,71.5,23.2,48.9,0,48.9,81,18,1059,shot
martin-hinteregger,https://www.sofascore.com/austria-denmark/BObstUb#id:9223923,austria,miss,No information,set-piece,7.7,46.4,0,head,close-high,0,48.7,48.6,No information,No information,25,No information,1460,46.4,7.7,51.3,0,51.3,51.4,21,1240,shot
andreas-skov-olsen,https://www.sofascore.com/austria-denmark/BObstUb#id:9223923,denmark,save,No information,assisted,3.9,34.7,0,left-foot,low-centre,0,51.8,14.6,No information,No information,23,No information,1345,34.7,3.9,48.2,0,48.2,85.4,23,1355,shot
daniel-wass,https://www.sofascore.com/austria-denmark/BObstUb#id:9223923,denmark,miss,No information,assisted,12.6,57.8,0,head,right,0,39.3,5.6,No information,No information,18,No information,1054,57.8,12.6,60.7,0,60.7,94.4,28,1646,shot
yussuf-poulsen,https://www.sofascore.com/austria-denmark/BObstUb#id:9223923,denmark,miss,No information,assisted,4.3,60.2,0,head,high,0,46.1,63.9,No information,No information,4,No information,212,60.2,4.3,53.9,0,53.9,36.1,42,2488,shot
thomas-delaney,https://www.sofascore.com/austria-denmark/BObstUb#id:9223923,denmark,block,No information,regular,22,30.1,0,right-foot,low-centre,0,51,19,No information,No information,1,No information,29,30.1,22,49,0,49,81,45,2671,shot

christian-eriksen,https://www.sofascore.com/austria-denmark/BObstUb#id:9223711,denmark,block,No information,assisted,23.5,63.1,0,right-foot,low-centre,0,50.7,19,No information,No information,80,No information,4755,63.1,23.5,49.3,0,49.3,81,11,645,shot
christoph-baumgartner,https://www.sofascore.com/austria-denmark/BObstUb#id:9223711,austria,block,No information,assisted,29.1,39.8,0,right-foot,low-right,0,47.6,19,No information,No information,79,No information,4702,39.8,29.1,52.4,0,52.4,81,12,698,shot
sasa-kalajdzic,https://www.sofascore.com/austria-denmark/BObstUb#id:9223711,austria,miss,No information,corner,6.8,56.1,0,head,right,0,11.6,13.9,No information,No information,76,No information,4523,56.1,6.8,88.4,0,88.4,86.1,15,877,shot
andreas-skov-olsen,https://www.sofascore.com/austria-denmark/BObstUb#id:9223711,denmark,goal,regular,assisted,9.1,33.4,0,left-foot,high-right,0,46.7,21.5,No information,No information,73,No information,4379,33.4,9.1,53.3,0,53.3,78.5,18,1021,shot
daniel-wass,https://www.sofascore.com/austria-denmark/BObstUb#id:9223711,denmark,miss,No information,assisted,14.1,60.8,0,left-foot,high-left,0,74.5,54.2,No information,No information,72,No information,4279,60.8,14.1,25.5,0,25.5,45.8,19,1121,shot
marcel-sabitzer,https://www.sofascore.com/austria-denmark/BObstUb#id:9223711,austria,miss,No information,regular,25.2,48.9,0,right-foot,high-right,0,39.3,77.8,No information,No information,71,No information,4228,48.9,25.2,60.7,0,60.7,22.2,20,1172,shot
pierre-emile-hojbjerg,https://www.sofascore.com/austria-denmark/BObstUb#id:9223711,denmark,goal,regular,fast-break,14.1,41.7,0,left-foot,low-centre,0,49.8,3.8,No information,No information,67,No information,3973,41.7,14.1,50.2,0,50.2,96.2,24,1427,shot
joakim-maehle,https://www.sofascore.com/austria-denmark/BObstUb#id:9223711,denmark,goal,regular,assisted,10.3,34.4,0,right-foot,low-left,0,53.3,3.8,No information,No information,63,No information,3772,34.4,10.3,46.7,0,46.7,96.2,28,1628,shot
jonas-wind,https://www.sofascore.com/austria-denmark/BObstUb#id:9223711,denmark,save,No information,assisted,12.4,60.6,0,right-foot,low-centre,0,51.4,4.4,No information,No information,60,No information,3548,60.6,12.4,48.6,0,48.6,95.6,31,1852,shot
andreas-skov-olsen,https://www.sofascore.com/austria-denmark/BObstUb#id:9223711,denmark,goal,regular,assisted,4.6,56,0,right-foot,high-right,0,47.3,32.9,No information,No information,58,No information,3437,56,4.6,52.7,0,52.7,67.1,33,1963,shot
martin-braithwaite,https://www.sofascore.com/austria-denmark/BObstUb#id:9223711,denmark,block,No information,assisted,14.2,67.1,0,left-foot,low-left,0,52.5,19,No information,No information,49,No information,2915,67.1,14.2,47.5,0,47.5,81,42,2485,shot
christoph-baumgartner,https://www.sofascore.com/austria-denmark/BObstUb#id:9223711,austria,miss,No information,assisted,14.4,29.7,0,right-foot,close-right,0,41.2,15.3,No information,No information,42,No information,2501,29.7,14.4,58.8,0,58.8,84.7,4,199,shot
marcel-sabitzer,https://www.sofascore.com/austria-denmark/BObstUb#id:9223711,austria,miss,No information,assisted,19.5,65.1,0,right-foot,left,0,59.3,4.2,No information,No information,29,No information,1717,65.1,19.5,40.7,0,40.7,95.8,17,983,shot
daniel-wass,https://www.sofascore.com/austria-denmark/BObstUb#id:9223711,denmark,block,No information,corner,29.2,54.4,0,right-foot,low-centre,0,49.2,19,No information,No information,28,No information,1647,54.4,29.2,50.8,0,50.8,81,18,1053,shot
joakim-maehle,https://www.sofascore.com/austria-denmark/BObstUb#id:9223711,denmark,block,No information,assisted,7,44.5,0,right-foot,low-centre,0,48.8,19,No information,No information,27,No information,1593,44.5,7,51.2,0,51.2,81,19,1107,shot
martin-braithwaite,https://www.sofascore.com/austria-denmark/BObstUb#id:9223711,denmark,miss,No information,assisted,13.4,32.8,0,left-foot,left,0,63.9,38.9,No information,No information,21,No information,1210,32.8,13.4,36.1,0,36.1,61.1,25,1490,shot

joachim-andersen,https://www.sofascore.com/scotland-denmark/BObsVTb#id:9223790,denmark,miss,No information,regular,29.1,69.9,0,right-foot,high,0,45.9,98.6,No information,No information,88,No information,5237,69.9,29.1,54.1,0,54.1,1.4,3,163,shot
pierre-emile-hojbjerg,https://www.sofascore.com/scotland-denmark/BObsVTb#id:9223790,denmark,save,No information,assisted,6.3,41.8,0,head,low-centre,0,51.5,17.1,No information,No information,88,No information,5230,41.8,6.3,48.5,0,48.5,82.9,3,170,shot
kenny-mclean,https://www.sofascore.com/scotland-denmark/BObsVTb#id:9223790,scotland,miss,No information,corner,9.3,45.8,0,left-foot,left,0,61.2,6.9,No information,No information,81,No information,4842,45.8,9.3,38.8,0,38.8,93.1,10,558,shot
ryan-fraser,https://www.sofascore.com/scotland-denmark/BObsVTb#id:9223790,scotland,save,No information,assisted,12.2,49.8,0,left-foot,low-left,0,53.8,0.6,No information,No information,81,No information,4802,49.8,12.2,46.2,0,46.2,99.4,10,598,shot
grant-hanley,https://www.sofascore.com/scotland-denmark/BObsVTb#id:9223790,scotland,miss,No information,corner,5.6,45.7,0,head,left,0,61.7,19.4,No information,No information,78,No information,4638,45.7,5.6,38.3,0,38.3,80.6,13,762,shot
callum-mcgregor,https://www.sofascore.com/scotland-denmark/BObsVTb#id:9223790,scotland,save,No information,assisted,21.8,41.9,0,left-foot,low-centre,0,51,1.9,No information,No information,74,No information,4397,41.9,21.8,49,0,49,98.1,17,1003,shot
thomas-delaney,https://www.sofascore.com/scotland-denmark/BObsVTb#id:9223790,denmark,save,No information,assisted,20.9,38.2,0,left-foot,low-right,0,46.1,2.5,No information,No information,61,No information,3646,38.2,20.9,53.9,0,53.9,97.5,30,1754,shot
daniel-wass,https://www.sofascore.com/scotland-denmark/BObsVTb#id:9223790,denmark,miss,No information,corner,24.4,35.9,0,right-foot,high-right,0,27.4,66.7,No information,No information,52,No information,3060,35.9,24.4,72.6,0,72.6,33.3,39,2340,shot
gilmour-billy,https://www.sofascore.com/scotland-denmark/BObsVTb#id:9223790,scotland,miss,No information,assisted,26.4,50.7,0,right-foot,close-left,0,58.8,5.6,No information,No information,48,No information,2841,50.7,26.4,41.2,0,41.2,94.4,43,2559,shot
yussuf-poulsen,https://www.sofascore.com/scotland-denmark/BObsVTb#id:9223790,denmark,save,No information,set-piece,7.5,34.7,0,right-foot,low-centre,0,49.4,7.6,No information,No information,33,No information,1930,34.7,7.5,50.6,0,50.6,92.4,13,770,shot
pierre-emile-hojbjerg,https://www.sofascore.com/scotland-denmark/BObsVTb#id:9223790,denmark,miss,No information,assisted,25.5,39.2,0,right-foot,high-right,0,41.5,72.2,No information,No information,24,No information,1431,39.2,25.5,58.5,0,58.5,27.8,22,1269,shot
joakim-maehle,https://www.sofascore.com/scotland-denmark/BObsVTb#id:9223790,denmark,miss,No information,assisted,15.2,44.5,0,right-foot,high,0,45.2,83.3,No information,No information,17,No information,974,44.5,15.2,54.8,0,54.8,16.7,29,1726,shot
joakim-maehle,https://www.sofascore.com/scotland-denmark/BObsVTb#id:9223790,denmark,goal,regular,assisted,4.7,41.8,0,right-foot,low-centre,0,49.1,1.9,No information,No information,15,No information,874,41.8,4.7,50.9,0,50.9,98.1,31,1826,shot
daniel-wass,https://www.sofascore.com/scotland-denmark/BObsVTb#id:9223790,denmark,goal,regular,assisted,5.6,55.7,0,head,low-left,0,52.6,17.7,No information,No information,14,No information,782,55.7,5.6,47.4,0,47.4,82.3,32,1918,shot
andreas-skov-olsen,https://www.sofascore.com/scotland-denmark/BObsVTb#id:9223790,denmark,block,No information,assisted,14,35.7,0,left-foot,low-centre,0,48.3,19,No information,No information,13,No information,730,35.7,14,51.7,0,51.7,81,33,1970,shot
yussuf-poulsen,https://www.sofascore.com/scotland-denmark/BObsVTb#id:9223790,denmark,miss,No information,regular,20.1,30.7,0,right-foot,right,0,36.3,33.3,No information,No information,6,No information,311,30.7,20.1,63.7,0,63.7,66.7,40,2389,shot

andreas-cornelius,https://www.sofascore.com/australia-denmark/BObsQUb#id:10230560,denmark,miss,No information,corner,4.5,69.6,0,head,close-high,0,50.1,55.6,No information,No information,90,5,5698,69.6,4.5,49.9,0,49.9,44.4,1,602,shot
alexander-bah,https://www.sofascore.com/australia-denmark/BObsQUb#id:10230560,denmark,miss,No information,regular,10,70.9,0,right-foot,close-right,0,41.8,25,No information,No information,88,No information,5249,70.9,10,58.2,0,58.2,75,3,151,shot
keanu-baccus,https://www.sofascore.com/australia-denmark/BObsQUb#id:10230560,australia,block,No information,assisted,21.4,60.4,0,right-foot,low-right,0,46.8,19,No information,No information,85,No information,5094,60.4,21.4,53.2,0,53.2,81,6,306,shot
jesper-lindstrom,https://www.sofascore.com/australia-denmark/BObsQUb#id:10230560,denmark,block,No information,assisted,21.4,49.8,0,right-foot,low-centre,0,50.7,19,No information,No information,82,No information,4878,49.8,21.4,49.3,0,49.3,81,9,522,shot
kasper-dolberg,https://www.sofascore.com/australia-denmark/BObsQUb#id:10230560,denmark,save,No information,regular,13.7,50.3,0,left-foot,low-left,0,53.5,11.4,No information,No information,77,No information,4584,50.3,13.7,46.5,0,46.5,88.6,14,816,shot
alexander-bah,https://www.sofascore.com/australia-denmark/BObsQUb#id:10230560,denmark,block,No information,assisted,20.1,70.1,0,right-foot,low-left,0,51.8,19,No information,No information,77,No information,4583,70.1,20.1,48.2,0,48.2,81,14,817,shot
joachim-andersen,https://www.sofascore.com/australia-denmark/BObsQUb#id:10230560,denmark,miss,No information,corner,6.5,69.5,0,head,high-right,0,37.5,63.9,No information,No information,69,No information,4118,69.5,6.5,62.5,0,62.5,36.1,22,1282,shot
andreas-skov-olsen,https://www.sofascore.com/australia-denmark/BObsQUb#id:10230560,denmark,block,No information,assisted,14.2,62.3,0,left-foot,low-centre,0,50.8,19,No information,No information,69,No information,4083,62.3,14.2,49.2,0,49.2,81,22,1317,shot
mathew-leckie,https://www.sofascore.com/australia-denmark/BObsQUb#id:10230560,australia,goal,regular,fast-break,12,39.1,0,left-foot,low-right,0,45.5,0.6,No information,No information,60,No information,3597,39.1,12,54.5,0,54.5,99.4,31,1803,shot
andreas-skov-olsen,https://www.sofascore.com/australia-denmark/BObsQUb#id:10230560,denmark,block,No information,assisted,11.1,67.4,0,left-foot,low-left,0,53.9,19,No information,No information,52,No information,3118,67.4,11.1,46.1,0,46.1,81,39,2282,shot
jackson-irvine,https://www.sofascore.com/australia-denmark/BObsQUb#id:10230560,australia,miss,No information,assisted,10.8,37.3,0,left-foot,high,0,46.1,76.4,No information,No information,48,No information,2866,37.3,10.8,53.9,0,53.9,23.6,43,2534,shot
aziz-behich,https://www.sofascore.com/australia-denmark/BObsQUb#id:10230560,australia,miss,No information,corner,18.4,43.9,0,right-foot,close-right,0,41,31.9,No information,No information,47,No information,2769,43.9,18.4,59,0,59,68.1,44,2631,shot
mitchell-duke,https://www.sofascore.com/australia-denmark/BObsQUb#id:10230560,australia,save,No information,assisted,21.4,25,0,right-foot,low-left,0,53.6,4.4,No information,No information,41,No information,2456,25,21.4,46.4,0,46.4,95.6,5,244,shot
mitchell-duke,https://www.sofascore.com/australia-denmark/BObsQUb#id:10230560,australia,save,No information,assisted,16.7,48,0,head,low-right,0,46.1,17.1,No information,No information,32,No information,1892,48,16.7,53.9,0,53.9,82.9,14,808,shot
christian-eriksen,https://www.sofascore.com/australia-denmark/BObsQUb#id:10230560,denmark,miss,No information,assisted,15,31,0,right-foot,close-left,0,59.2,2.8,No information,No information,29,No information,1716,31,15,40.8,0,40.8,97.2,17,984,shot
andreas-skov-olsen,https://www.sofascore.com/australia-denmark/BObsQUb#id:10230560,denmark,save,No information,assisted,9.1,64.9,0,right-foot,low-centre,0,49.8,1.9,No information,No information,25,No information,1446,64.9,9.1,50.2,0,50.2,98.1,21,1254,shot
riley-mcgree,https://www.sofascore.com/australia-denmark/BObsQUb#id:10230560,australia,save,No information,assisted,16.2,73.2,0,left-foot,high-centre,0,48.7,25.9,No information,No information,22,No information,1303,73.2,16.2,51.3,0,51.3,74.1,24,1397,shot
andreas-skov-olsen,https://www.sofascore.com/australia-denmark/BObsQUb#id:10230560,denmark,miss,No information,assisted,13.8,64.3,0,right-foot,high-right,0,43.5,68.1,No information,No information,14,No information,812,64.3,13.8,56.5,0,56.5,31.9,32,1888,shot
mathias-jensen,https://www.sofascore.com/australia-denmark/BObsQUb#id:10230560,denmark,save,No information,assisted,9.1,73.6,0,right-foot,high-right,0,47.1,29.7,No information,No information,11,No information,652,73.6,9.1,52.9,0,52.9,70.3,35,2048,shot
jesper-lindstrom,https://www.sofascore.com/australia-denmark/BObsQUb#id:10230560,denmark,block,No information,regular,9.5,55.7,0,right-foot,low-right,0,47.6,9.7,No information,No information,10,No information,599,55.7,9.5,52.4,0,52.4,90.3,36,2101,shot
riley-mcgree,https://www.sofascore.com/australia-denmark/BObsQUb#id:10230560,australia,block,No information,assisted,22.8,56.1,0,left-foot,low-right,0,47.5,19,No information,No information,3,No information,148,56.1,22.8,52.5,0,52.5,81,43,2552,shot

jonas-wind,https://www.sofascore.com/northern-ireland-denmark/BObsLVb#id:10752590,denmark,save,No information,assisted,9.3,54.7,0,left-foot,low-right,0,48,1.9,No information,No information,90,5,5648,54.7,9.3,52,0,52,98.1,1,652,shot
jonas-wind,https://www.sofascore.com/northern-ireland-denmark/BObsLVb#id:10752590,denmark,block,No information,regular,6.2,30.6,0,left-foot,low-left,0,53.9,19,No information,No information,90,3,5565,30.6,6.2,46.1,0,46.1,81,1,735,shot
kasper-dolberg,https://www.sofascore.com/northern-ireland-denmark/BObsLVb#id:10752590,denmark,save,No information,regular,9.7,49.8,0,left-foot,high-centre,0,50.3,31,No information,No information,90,1,5447,49.8,9.7,49.7,0,49.7,69,1,853,shot
dion-charles,https://www.sofascore.com/northern-ireland-denmark/BObsLVb#id:10752590,northern ireland,goal,regular,fast-break,4.3,53.8,0,right-foot,low-centre,0,50.1,15.2,No information,No information,81,No information,4838,53.8,4.3,49.9,0,49.9,84.8,10,562,shot
pierre-emile-hojbjerg,https://www.sofascore.com/northern-ireland-denmark/BObsLVb#id:10752590,denmark,miss,No information,assisted,15.8,47.6,0,right-foot,left,0,61.7,8.3,No information,No information,69,No information,4098,47.6,15.8,38.3,0,38.3,91.7,22,1302,shot
dion-charles,https://www.sofascore.com/northern-ireland-denmark/BObsLVb#id:10752590,northern ireland,block,No information,corner,19.3,37.3,0,right-foot,low-centre,0,49.9,19,No information,No information,67,No information,3971,37.3,19.3,50.1,0,50.1,81,24,1429,shot
hjulmand-morten,https://www.sofascore.com/northern-ireland-denmark/BObsLVb#id:10752590,denmark,block,No information,assisted,14.3,60.3,0,right-foot,low-left,0,53,19,No information,No information,64,No information,3837,60.3,14.3,47,0,47,81,27,1563,shot
joachim-andersen,https://www.sofascore.com/northern-ireland-denmark/BObsLVb#id:10752590,denmark,miss,No information,corner,4.4,38.5,0,head,high-left,0,57.5,62.5,No information,No information,63,No information,3749,38.5,4.4,42.5,0,42.5,37.5,28,1651,shot
isaac-price,https://www.sofascore.com/northern-ireland-denmark/BObsLVb#id:10752590,northern ireland,goal,regular,assisted,10.1,66.1,0,right-foot,low-right,0,47.1,8.2,No information,No information,60,No information,3551,66.1,10.1,52.9,0,52.9,91.8,31,1849,shot
toal-eoin,https://www.sofascore.com/northern-ireland-denmark/BObsLVb#id:10752590,northern ireland,miss,No information,assisted,11.2,50.7,0,head,close-right,0,43.2,11.1,No information,No information,52,No information,3085,50.7,11.2,56.8,0,56.8,88.9,39,2315,shot
george-saville,https://www.sofascore.com/northern-ireland-denmark/BObsLVb#id:10752590,northern ireland,block,No information,throw-in-set-piece,19.7,56.3,0,left-foot,low-centre,0,49.3,19,No information,No information,52,No information,3078,56.3,19.7,50.7,0,50.7,81,39,2322,shot
andreas-christensen,https://www.sofascore.com/northern-ireland-denmark/BObsLVb#id:10752590,denmark,save,No information,assisted,29,30.7,0,right-foot,low-centre,0,49.6,5.1,No information,No information,44,No information,2639,30.7,29,50.4,0,50.4,94.9,2,61,shot
kasper-dolberg,https://www.sofascore.com/northern-ireland-denmark/BObsLVb#id:10752590,denmark,miss,No information,assisted,5,45.2,0,right-foot,left,0,61.8,5.6,No information,No information,34,No information,2001,45.2,5,38.2,0,38.2,94.4,12,699,shot
joachim-andersen,https://www.sofascore.com/northern-ireland-denmark/BObsLVb#id:10752590,denmark,miss,No information,regular,18.8,53.6,0,right-foot,close-right,0,42.5,18.1,No information,No information,29,No information,1736,53.6,18.8,57.5,0,57.5,81.9,17,964,shot
joachim-andersen,https://www.sofascore.com/northern-ireland-denmark/BObsLVb#id:10752590,denmark,miss,No information,assisted,30.9,49.7,0,right-foot,high,0,47.9,76.4,No information,No information,27,No information,1576,49.7,30.9,52.1,0,52.1,23.6,19,1124,shot
mohamed-daramy,https://www.sofascore.com/northern-ireland-denmark/BObsLVb#id:10752590,denmark,block,No information,assisted,21.7,32.2,0,right-foot,high-right,0,46.2,20.8,No information,No information,26,No information,1541,32.2,21.7,53.8,0,53.8,79.2,20,1159,shot
hjulmand-morten,https://www.sofascore.com/northern-ireland-denmark/BObsLVb#id:10752590,denmark,miss,No information,set-piece,25.9,30.5,0,right-foot,close-high,0,45.9,59.7,No information,No information,24,No information,1396,30.5,25.9,54.1,0,54.1,40.3,22,1304,shot
jesper-lindstrom,https://www.sofascore.com/northern-ireland-denmark/BObsLVb#id:10752590,denmark,block,No information,corner,25.6,41.3,0,right-foot,low-centre,0,50.9,19,No information,No information,18,No information,1070,41.3,25.6,49.1,0,49.1,81,28,1630,shot
joachim-andersen,https://www.sofascore.com/northern-ireland-denmark/BObsLVb#id:10752590,denmark,miss,No information,corner,4.8,69.7,0,head,high,0,45.9,63.9,No information,No information,16,No information,905,69.7,4.8,54.1,0,54.1,36.1,30,1795,shot
toal-eoin,https://www.sofascore.com/northern-ireland-denmark/BObsLVb#id:10752590,northern ireland,miss,No information,assisted,11.2,58.1,0,head,close-right,0,41.8,6.9,No information,No information,10,No information,559,58.1,11.2,58.2,0,58.2,93.1,36,2141,shot
dion-charles,https://www.sofascore.com/northern-ireland-denmark/BObsLVb#id:10752590,northern ireland,post,No information,regular,6.6,31.8,0,left-foot,right,0,44.6,4.4,No information,No information,8,No information,443,31.8,6.6,55.4,0,55.4,95.6,38,2257,shot

christian-eriksen,https://www.sofascore.com/iceland-denmark/BObsiUb#id:8600743,denmark,goal,penalty,penalty,11.5,50,0,right-foot,high-left,0,53.9,25.9,No information,No information,90,2,5484,50,11.5,46.1,0,46.1,74.1,1,816,shot
yussuf-poulsen,https://www.sofascore.com/iceland-denmark/BObsiUb#id:8600743,denmark,block,No information,assisted,3.7,60,0,head,low-centre,0,50,19,No information,No information,90,1,5413,60,3.7,50,0,50,81,1,887,shot
vidar-orn-kjartansson,https://www.sofascore.com/iceland-denmark/BObsiUb#id:8600743,iceland,goal,regular,assisted,8.5,32.9,0,left-foot,low-centre,0,49.7,0.6,No information,No information,85,No information,5079,32.9,8.5,50.3,0,50.3,99.4,6,321,shot
christian-eriksen,https://www.sofascore.com/iceland-denmark/BObsiUb#id:8600743,denmark,block,No information,assisted,21.2,72.8,0,right-foot,low-centre,0,51.5,19,No information,No information,83,No information,4930,72.8,21.2,48.5,0,48.5,81,8,470,shot
victor-palsson,https://www.sofascore.com/iceland-denmark/BObsiUb#id:8600743,iceland,save,No information,throw-in-set-piece,9.4,56.5,0,head,low-left,0,53.6,12.7,No information,No information,79,No information,4721,56.5,9.4,46.4,0,46.4,87.3,12,679,shot
holmar-orn-eyjolfsson,https://www.sofascore.com/iceland-denmark/BObsiUb#id:8600743,iceland,save,No information,corner,7.1,50.1,0,head,high-centre,0,50.2,35.4,No information,No information,77,No information,4589,50.1,7.1,49.8,0,49.8,64.6,14,811,shot
victor-palsson,https://www.sofascore.com/iceland-denmark/BObsiUb#id:8600743,iceland,miss,No information,set-piece,13.8,56.9,0,head,right,0,30.6,13.9,No information,No information,67,No information,4004,56.9,13.8,69.4,0,69.4,86.1,24,1396,shot
jon-dadi-bodvarsson,https://www.sofascore.com/iceland-denmark/BObsiUb#id:8600743,iceland,miss,No information,throw-in-set-piece,7.7,49.1,0,head,left,0,62.5,33.3,No information,No information,59,No information,3497,49.1,7.7,37.5,0,37.5,66.7,32,1903,shot
simon-kjaer,https://www.sofascore.com/iceland-denmark/BObsiUb#id:8600743,denmark,miss,No information,corner,6.9,46.7,0,head,high-right,0,36.8,44.4,No information,No information,46,No information,2757,46.7,6.9,63.2,0,63.2,55.6,45,2643,shot
christian-eriksen,https://www.sofascore.com/iceland-denmark/BObsiUb#id:8600743,denmark,save,No information,assisted,26.5,66.5,0,right-foot,high-left,0,52.9,24.7,No information,No information,46,No information,2725,66.5,26.5,47.1,0,47.1,75.3,45,2675,shot
gylfi-sigurdsson,https://www.sofascore.com/iceland-denmark/BObsiUb#id:8600743,iceland,block,No information,regular,25.4,58.8,0,right-foot,low-right,0,48.2,19,No information,No information,42,No information,2469,58.8,25.4,51.8,0,51.8,81,4,231,shot
yussuf-poulsen,https://www.sofascore.com/iceland-denmark/BObsiUb#id:8600743,denmark,miss,No information,corner,6.4,56.3,0,head,high,0,46.1,72.2,No information,No information,40,No information,2369,56.3,6.4,53.9,0,53.9,27.8,6,331,shot
christian-eriksen,https://www.sofascore.com/iceland-denmark/BObsiUb#id:8600743,denmark,block,No information,regular,8.3,40.6,0,left-foot,low-left,0,54.3,19,No information,No information,19,No information,1115,40.6,8.3,45.7,0,45.7,81,27,1585,shot
christian-eriksen,https://www.sofascore.com/iceland-denmark/BObsiUb#id:8600743,denmark,goal,penalty,penalty,11.5,50,0,right-foot,high-centre,0,50,32.9,No information,No information,12,No information,701,50,11.5,50,0,50,67.1,34,1999,shot
birkir-bjarnason,https://www.sofascore.com/iceland-denmark/BObsiUb#id:8600743,iceland,save,No information,assisted,29.2,47.6,0,right-foot,low-centre,0,50.3,17.1,No information,No information,7,No information,368,47.6,29.2,49.7,0,49.7,82.9,39,2332,shot
yussuf-poulsen,https://www.sofascore.com/iceland-denmark/BObsiUb#id:8600743,denmark,miss,No information,assisted,2.7,56.5,0,right-foot,close-right,0,42.9,15.3,No information,No information,6,No information,308,56.5,2.7,57.1,0,57.1,84.7,40,2392,shot
yussuf-poulsen,https://www.sofascore.com/iceland-denmark/BObsiUb#id:8600743,denmark,miss,No information,assisted,20.5,67.4,0,right-foot,right,0,33.4,25,No information,No information,3,No information,174,67.4,20.5,66.6,0,66.6,75,43,2526,shot

adam-gnezda-cerin,https://www.sofascore.com/slovenia-denmark/BObsJOb#id:10752569,slovenia,miss,No information,corner,23.1,52.6,0,right-foot,high-right,0,36,95.8,No information,No information,90,4,5585,52.6,23.1,64,0,64,4.2,1,715,shot
yussuf-poulsen,https://www.sofascore.com/slovenia-denmark/BObsJOb#id:10752569,denmark,save,No information,assisted,20.2,29.7,0,right-foot,high-right,0,48,26.6,No information,No information,78,No information,4675,29.7,20.2,52,0,52,73.4,13,725,shot
jannik-vestergaard,https://www.sofascore.com/slovenia-denmark/BObsJOb#id:10752569,denmark,save,No information,set-piece,14.2,47.5,0,head,low-left,0,52.1,7,No information,No information,58,No information,3459,47.5,14.2,47.9,0,47.9,93,33,1941,shot
thomas-delaney,https://www.sofascore.com/slovenia-denmark/BObsJOb#id:10752569,denmark,goal,regular,corner,7.8,50.5,0,left-foot,low-right,0,46.1,6.3,No information,No information,54,No information,3210,50.5,7.8,53.9,0,53.9,93.7,37,2190,shot
yussuf-poulsen,https://www.sofascore.com/slovenia-denmark/BObsJOb#id:10752569,denmark,save,No information,assisted,7.3,46,0,left-foot,low-left,0,54.6,12.7,No information,No information,53,No information,3126,46,7.3,45.4,0,45.4,87.3,38,2274,shot
yussuf-poulsen,https://www.sofascore.com/slovenia-denmark/BObsJOb#id:10752569,denmark,miss,No information,corner,4.8,62.2,0,head,close-high,0,48.1,56.9,No information,No information,51,No information,3036,62.2,4.8,51.9,0,51.9,43.1,40,2364,shot
yussuf-poulsen,https://www.sofascore.com/slovenia-denmark/BObsJOb#id:10752569,denmark,miss,No information,assisted,12.4,48.4,0,left-foot,high,0,50.3,83.3,No information,No information,48,No information,2877,48.4,12.4,49.7,0,49.7,16.7,43,2523,shot
erik-janza,https://www.sofascore.com/slovenia-denmark/BObsJOb#id:10752569,slovenia,goal,regular,free-kick,19.2,68.8,0,left-foot,high-right,0,47,25.9,No information,No information,30,No information,1788,68.8,19.2,53,0,53,74.1,16,912,shot
joakim-maehle,https://www.sofascore.com/slovenia-denmark/BObsJOb#id:10752569,denmark,goal,regular,assisted,3.3,55.3,0,right-foot,low-right,0,45.8,12,No information,No information,26,No information,1529,55.3,3.3,54.2,0,54.2,88,20,1171,shot
jonas-wind,https://www.sofascore.com/slovenia-denmark/BObsJOb#id:10752569,denmark,miss,No information,assisted,5.4,50.5,0,head,right,0,22.7,4.2,No information,No information,26,No information,1528,50.5,5.4,77.3,0,77.3,95.8,20,1172,shot
jonas-wind,https://www.sofascore.com/slovenia-denmark/BObsJOb#id:10752569,denmark,save,No information,regular,14.4,54.9,0,right-foot,low-centre,0,50.3,10.1,No information,No information,15,No information,863,54.9,14.4,49.7,0,49.7,89.9,31,1837,shot
thomas-delaney,https://www.sofascore.com/slovenia-denmark/BObsJOb#id:10752569,denmark,miss,No information,assisted,14.8,52.8,0,right-foot,high-right,0,44,97.2,No information,No information,12,No information,710,52.8,14.8,56,0,56,2.8,34,1990,shot
jonas-wind,https://www.sofascore.com/slovenia-denmark/BObsJOb#id:10752569,denmark,save,No information,assisted,8.4,51.5,0,head,low-right,0,47.2,12.7,No information,No information,12,No information,682,51.5,8.4,52.8,0,52.8,87.3,34,2018,shot
joakim-maehle,https://www.sofascore.com/slovenia-denmark/BObsJOb#id:10752569,denmark,save,No information,corner,23.9,64.5,0,right-foot,high-right,0,48.1,22.2,No information,No information,9,No information,495,64.5,23.9,51.9,0,51.9,77.8,37,2205,shot
