Player,Game Link,Country,shotType,goalType,situation,X,Y,Z,bodyPart,goalMouthLocation,Goal Mouth X,Goal mouth Y,Goal Mouth Z,XG,XGOT,time,addedTime,timeSeconds,Start X,Start Y,End X,End Y,Goal X,Goal Y,reversedPeriodTime,reversedPeriodTimeSeconds,incidentType
mateo-kovacic,https://www.sofascore.com/croatia-albania/PTbspUb#id:11873906,croatia,save,No information,assisted,14.4,39.7,0,left-foot,high-centre,0,48.8,20.3,No information,No information,90,8,5879,39.7,14.4,51.2,0,51.2,79.7,1,421,shot
klaus-gjasula,https://www.sofascore.com/croatia-albania/PTbspUb#id:11873906,albania,block,No information,assisted,19.8,49.3,0,right-foot,low-left,0,52.9,19,No information,No information,90,7,5794,49.3,19.8,47.1,0,47.1,81,1,506,shot
klaus-gjasula,https://www.sofascore.com/croatia-albania/PTbspUb#id:11873906,albania,goal,regular,regular,11.5,50,0,left-foot,low-left,0,52.9,4.4,No information,No information,90,5,5663,50,11.5,47.1,0,47.1,95.6,1,637,shot
mirlind-daku,https://www.sofascore.com/croatia-albania/PTbspUb#id:11873906,albania,block,No information,assisted,9.5,45.8,0,right-foot,low-centre,0,48.6,19,No information,No information,90,3,5549,45.8,9.5,51.4,0,51.4,81,1,751,shot
arber-hoxha,https://www.sofascore.com/croatia-albania/PTbspUb#id:11873906,albania,save,No information,assisted,21.8,56,0,right-foot,low-left,0,52,3.2,No information,No information,90,No information,5344,56,21.8,48,0,48,96.8,1,56,shot
martin-baturina,https://www.sofascore.com/croatia-albania/PTbspUb#id:11873906,croatia,save,No information,fast-break,7.2,30.2,0,right-foot,low-right,0,46.8,8.9,No information,No information,89,No information,5300,30.2,7.2,53.2,0,53.2,91.1,2,100,shot
luka-modric,https://www.sofascore.com/croatia-albania/PTbspUb#id:11873906,croatia,miss,No information,assisted,23.5,60.1,0,right-foot,close-left,0,57.8,15.3,No information,No information,88,No information,5259,60.1,23.5,42.2,0,42.2,84.7,3,141,shot
ante-budimir,https://www.sofascore.com/croatia-albania/PTbspUb#id:11873906,croatia,save,No information,set-piece,12.5,46,0,left-foot,low-left,0,53.8,1.9,No information,No information,80,No information,4752,46,12.5,46.2,0,46.2,98.1,11,648,shot
klaus-gjasula,https://www.sofascore.com/croatia-albania/PTbspUb#id:11873906,croatia,goal,own,regular,7.4,47.6,0,right-foot,high-left,0,53.6,20.3,No information,No information,76,No information,4544,47.6,7.4,46.4,0,46.4,79.7,15,856,shot
luka-sucic,https://www.sofascore.com/croatia-albania/PTbspUb#id:11873906,croatia,save,No information,assisted,8.3,49.1,0,left-foot,low-centre,0,50.9,19,No information,No information,76,No information,4544,49.1,8.3,49.1,0,49.1,81,15,856,shot
ante-budimir,https://www.sofascore.com/croatia-albania/PTbspUb#id:11873906,croatia,save,No information,regular,4.4,56.2,0,left-foot,low-centre,0,48.9,1.3,No information,No information,75,No information,4489,56.2,4.4,51.1,0,51.1,98.7,16,911,shot
andrej-kramaric,https://www.sofascore.com/croatia-albania/PTbspUb#id:11873906,croatia,goal,regular,assisted,10.6,44.8,0,right-foot,low-left,0,53,3.2,No information,No information,74,No information,4400,44.8,10.6,47,0,47,96.8,17,1000,shot
taulant-seferi,https://www.sofascore.com/croatia-albania/PTbspUb#id:11873906,albania,save,No information,regular,26,40.7,0,right-foot,low-left,0,51.9,2.5,No information,No information,73,No information,4374,40.7,26,48.1,0,48.1,97.5,18,1026,shot
mario-pasalic,https://www.sofascore.com/croatia-albania/PTbspUb#id:11873906,croatia,miss,No information,assisted,6,53.2,0,head,high-right,0,42.9,75,No information,No information,69,No information,4089,53.2,6,57.1,0,57.1,25,22,1311,shot
nedim-bajrami,https://www.sofascore.com/croatia-albania/PTbspUb#id:11873906,albania,miss,No information,fast-break,15.1,67.3,0,right-foot,high-right,0,41,84.7,No information,No information,67,No information,3967,67.3,15.1,59,0,59,15.3,24,1433,shot
kristjan-asllani,https://www.sofascore.com/croatia-albania/PTbspUb#id:11873906,albania,save,No information,assisted,21.2,37.6,0,right-foot,low-centre,0,49.1,3.2,No information,No information,63,No information,3767,37.6,21.2,50.9,0,50.9,96.8,28,1633,shot
ivan-perisic,https://www.sofascore.com/croatia-albania/PTbspUb#id:11873906,croatia,save,No information,assisted,23.5,35.4,0,left-foot,low-right,0,45.5,13.3,No information,No information,61,No information,3618,35.4,23.5,54.5,0,54.5,86.7,30,1782,shot
luka-modric,https://www.sofascore.com/croatia-albania/PTbspUb#id:11873906,croatia,block,No information,regular,22.8,66.7,0,right-foot,low-centre,0,50.6,19,No information,No information,59,No information,3534,66.7,22.8,49.4,0,49.4,81,32,1866,shot
josip-sutalo,https://www.sofascore.com/croatia-albania/PTbspUb#id:11873906,croatia,miss,No information,corner,1.2,45.4,0,head,close-left,0,58.2,31.9,No information,No information,58,No information,3433,45.4,1.2,41.8,0,41.8,68.1,33,1967,shot
bruno-petkovic,https://www.sofascore.com/croatia-albania/PTbspUb#id:11873906,croatia,block,No information,assisted,7.9,48.5,0,head,low-right,0,47.1,19,No information,No information,57,No information,3405,48.5,7.9,52.9,0,52.9,81,34,1995,shot
mario-pasalic,https://www.sofascore.com/croatia-albania/PTbspUb#id:11873906,croatia,miss,No information,assisted,7.9,57.9,0,head,right,0,39.2,33.3,No information,No information,54,No information,3226,57.9,7.9,60.8,0,60.8,66.7,37,2174,shot
mateo-kovacic,https://www.sofascore.com/croatia-albania/PTbspUb#id:11873906,croatia,save,No information,assisted,22.5,40.5,0,right-foot,high-centre,0,51.5,22.8,No information,No information,53,No information,3174,40.5,22.5,48.5,0,48.5,77.2,38,2226,shot
mario-pasalic,https://www.sofascore.com/croatia-albania/PTbspUb#id:11873906,croatia,miss,No information,assisted,4.6,56.1,0,head,high,0,46.6,70.8,No information,No information,51,No information,3004,56.1,4.6,53.4,0,53.4,29.2,40,2396,shot
luka-sucic,https://www.sofascore.com/croatia-albania/PTbspUb#id:11873906,croatia,save,No information,assisted,12.2,65.3,0,left-foot,low-centre,0,51.8,5.1,No information,No information,50,No information,2981,65.3,12.2,48.2,0,48.2,94.9,41,2419,shot
bruno-petkovic,https://www.sofascore.com/croatia-albania/PTbspUb#id:11873906,croatia,block,No information,assisted,8.5,44,0,head,low-centre,0,49,19,No information,No information,47,No information,2774,44,8.5,51,0,51,81,44,2626,shot
rey-manaj,https://www.sofascore.com/croatia-albania/PTbspUb#id:11873906,albania,save,No information,assisted,9.8,47,0,head,low-left,0,53.1,17.1,No information,No information,45,1,2733,47,9.8,46.9,0,46.9,82.9,1,2667,shot
jasir-asani,https://www.sofascore.com/croatia-albania/PTbspUb#id:11873906,albania,block,No information,assisted,25.4,70.1,0,left-foot,low-centre,0,48.6,19,No information,No information,45,1,2730,70.1,25.4,51.4,0,51.4,81,1,2670,shot
lovro-majer,https://www.sofascore.com/croatia-albania/PTbspUb#id:11873906,croatia,block,No information,assisted,10.2,54,0,head,low-left,0,52.4,19,No information,No information,43,No information,2536,54,10.2,47.6,0,47.6,81,3,164,shot
marcelo-brozovic,https://www.sofascore.com/croatia-albania/PTbspUb#id:11873906,croatia,save,No information,assisted,28.6,36.6,0,right-foot,low-centre,0,51.3,8.9,No information,No information,38,No information,2272,36.6,28.6,48.7,0,48.7,91.1,8,428,shot
kristjan-asllani,https://www.sofascore.com/croatia-albania/PTbspUb#id:11873906,albania,save,No information,fast-break,12.1,46.9,0,right-foot,low-left,0,52.1,13.9,No information,No information,31,No information,1827,46.9,12.1,47.9,0,47.9,86.1,15,873,shot
elseid-hysaj,https://www.sofascore.com/croatia-albania/PTbspUb#id:11873906,albania,miss,No information,regular,15.4,54.6,0,left-foot,high-left,0,69.9,98.6,No information,No information,29,No information,1726,54.6,15.4,30.1,0,30.1,1.4,17,974,shot
rey-manaj,https://www.sofascore.com/croatia-albania/PTbspUb#id:11873906,albania,block,No information,assisted,9.4,56.5,0,head,low-centre,0,51.6,19,No information,No information,29,No information,1724,56.5,9.4,48.4,0,48.4,81,17,976,shot
bruno-petkovic,https://www.sofascore.com/croatia-albania/PTbspUb#id:11873906,croatia,miss,No information,assisted,9.2,49.9,0,head,high-right,0,40.7,69.4,No information,No information,26,No information,1556,49.9,9.2,59.3,0,59.3,30.6,20,1144,shot
marcelo-brozovic,https://www.sofascore.com/croatia-albania/PTbspUb#id:11873906,croatia,miss,No information,assisted,17.8,68.7,0,right-foot,left,0,60.7,6.9,No information,No information,20,No information,1184,68.7,17.8,39.3,0,39.3,93.1,26,1516,shot
mateo-kovacic,https://www.sofascore.com/croatia-albania/PTbspUb#id:11873906,croatia,block,No information,assisted,25,38.9,0,right-foot,low-centre,0,49.3,19,No information,No information,20,No information,1174,38.9,25,50.7,0,50.7,81,26,1526,shot
elseid-hysaj,https://www.sofascore.com/croatia-albania/PTbspUb#id:11873906,albania,block,No information,corner,21.6,57.7,0,left-foot,low-left,0,52.3,19,No information,No information,16,No information,906,57.7,21.6,47.7,0,47.7,81,30,1794,shot
nedim-bajrami,https://www.sofascore.com/croatia-albania/PTbspUb#id:11873906,albania,block,No information,assisted,11.4,28.3,0,right-foot,low-left,0,53.7,19,No information,No information,15,No information,865,28.3,11.4,46.3,0,46.3,81,31,1835,shot
qazim-laci,https://www.sofascore.com/croatia-albania/PTbspUb#id:11873906,albania,goal,regular,assisted,6.9,54.5,0,head,low-right,0,47.7,5.1,No information,No information,11,No information,616,54.5,6.9,52.3,0,52.3,94.9,35,2084,shot

willi-orban,https://www.sofascore.com/germany-hungary/jUbslUb#id:11873900,hungary,save,No information,set-piece,8.6,46.6,0,right-foot,low-left,0,52.8,19,No information,No information,90,No information,5351,46.6,8.6,47.2,0,47.2,81,1,49,shot
leroy-sane,https://www.sofascore.com/germany-hungary/jUbslUb#id:11873900,germany,block,No information,fast-break,12.6,65.3,0,left-foot,low-left,0,52.6,4.2,No information,No information,88,No information,5273,65.3,12.6,47.4,0,47.4,95.8,3,127,shot
niclas-fullkrug,https://www.sofascore.com/germany-hungary/jUbslUb#id:11873900,germany,miss,No information,assisted,7.1,51.9,0,head,left,0,63.9,15.3,No information,No information,87,No information,5166,51.9,7.1,36.1,0,36.1,84.7,4,234,shot
chris-fuhrich,https://www.sofascore.com/germany-hungary/jUbslUb#id:11873900,germany,miss,No information,fast-break,7.2,29.9,0,right-foot,high-right,0,36.3,65.3,No information,No information,81,No information,4820,29.9,7.2,63.7,0,63.7,34.7,10,580,shot
leroy-sane,https://www.sofascore.com/germany-hungary/jUbslUb#id:11873900,germany,miss,No information,free-kick,26.3,56.1,0,left-foot,high,0,55.3,83.3,No information,No information,77,No information,4602,56.1,26.3,44.7,0,44.7,16.7,14,798,shot
leroy-sane,https://www.sofascore.com/germany-hungary/jUbslUb#id:11873900,germany,save,No information,assisted,19.6,58.7,0,right-foot,low-left,0,52.7,2.5,No information,No information,75,No information,4454,58.7,19.6,47.3,0,47.3,97.5,16,946,shot
joshua-kimmich,https://www.sofascore.com/germany-hungary/jUbslUb#id:11873900,germany,save,No information,assisted,11.9,63.7,0,left-foot,low-right,0,46.9,17.7,No information,No information,74,No information,4402,63.7,11.9,53.1,0,53.1,82.3,17,998,shot
joshua-kimmich,https://www.sofascore.com/germany-hungary/jUbslUb#id:11873900,germany,miss,No information,assisted,7,73.9,0,right-foot,left,0,63.2,26.4,No information,No information,69,No information,4128,73.9,7,36.8,0,36.8,73.6,22,1272,shot
ilkay-gundogan,https://www.sofascore.com/germany-hungary/jUbslUb#id:11873900,germany,goal,regular,assisted,11.2,45.5,0,left-foot,low-right,0,47.5,0.6,No information,No information,67,No information,3980,45.5,11.2,52.5,0,52.5,99.4,24,1420,shot
jamal-musiala,https://www.sofascore.com/germany-hungary/jUbslUb#id:11873900,germany,miss,No information,assisted,21.2,45.1,0,right-foot,high,0,46.6,63.9,No information,No information,62,No information,3673,45.1,21.2,53.4,0,53.4,36.1,29,1727,shot
barnabas-varga,https://www.sofascore.com/germany-hungary/jUbslUb#id:11873900,hungary,miss,No information,assisted,6.1,52.8,0,head,close-high,0,55.3,56.9,No information,No information,60,No information,3546,52.8,6.1,44.7,0,44.7,43.1,31,1854,shot
roland-sallai,https://www.sofascore.com/germany-hungary/jUbslUb#id:11873900,hungary,miss,No information,assisted,11.2,46.9,0,right-foot,left,0,62.7,19.4,No information,No information,58,No information,3471,46.9,11.2,37.3,0,37.3,80.6,33,1929,shot
dominik-szoboszlai,https://www.sofascore.com/germany-hungary/jUbslUb#id:11873900,hungary,miss,No information,regular,17.9,72,0,right-foot,left,0,83.2,11.1,No information,No information,58,No information,3470,72,17.9,16.8,0,16.8,88.9,33,1930,shot
toni-kroos,https://www.sofascore.com/germany-hungary/jUbslUb#id:11873900,germany,save,No information,regular,19.2,56.8,0,right-foot,low-right,0,46.2,18.4,No information,No information,55,No information,3253,56.8,19.2,53.8,0,53.8,81.6,36,2147,shot
antonio-rudiger,https://www.sofascore.com/germany-hungary/jUbslUb#id:11873900,germany,block,No information,assisted,26.7,72.7,0,right-foot,low-left,0,53.9,8.3,No information,No information,46,No information,2755,72.7,26.7,46.1,0,46.1,91.7,45,2645,shot
jamal-musiala,https://www.sofascore.com/germany-hungary/jUbslUb#id:11873900,germany,block,No information,assisted,16.2,60,0,right-foot,low-right,0,47.6,19.4,No information,No information,44,No information,2629,60,16.2,52.4,0,52.4,80.6,2,71,shot
florian-wirtz,https://www.sofascore.com/germany-hungary/jUbslUb#id:11873900,germany,block,No information,corner,19.4,73.9,0,right-foot,low-left,0,53.1,19,No information,No information,42,No information,2463,73.9,19.4,46.9,0,46.9,81,4,237,shot
maximilian-mittelstadt,https://www.sofascore.com/germany-hungary/jUbslUb#id:11873900,germany,block,No information,corner,20,54.2,0,right-foot,low-left,0,53.4,6.9,No information,No information,37,No information,2187,54.2,20,46.6,0,46.6,93.1,9,513,shot
bendeguz-bolla,https://www.sofascore.com/germany-hungary/jUbslUb#id:11873900,hungary,miss,No information,corner,18.4,69.5,0,right-foot,left,0,61.7,4.2,No information,No information,30,No information,1743,69.5,18.4,38.3,0,38.3,95.8,16,957,shot
dominik-szoboszlai,https://www.sofascore.com/germany-hungary/jUbslUb#id:11873900,hungary,block,No information,assisted,11.1,39.5,0,left-foot,low-left,0,53.7,19,No information,No information,29,No information,1708,39.5,11.1,46.3,0,46.3,81,17,992,shot
ilkay-gundogan,https://www.sofascore.com/germany-hungary/jUbslUb#id:11873900,germany,block,No information,regular,14.2,52.2,0,left-foot,low-centre,0,51.1,19,No information,No information,27,No information,1601,52.2,14.2,48.9,0,48.9,81,19,1099,shot
barnabas-varga,https://www.sofascore.com/germany-hungary/jUbslUb#id:11873900,hungary,save,No information,set-piece,2,40.8,0,left-foot,low-centre,0,51.8,5.7,No information,No information,26,No information,1519,40.8,2,48.2,0,48.2,94.3,20,1181,shot
dominik-szoboszlai,https://www.sofascore.com/germany-hungary/jUbslUb#id:11873900,hungary,save,No information,free-kick,21.4,24.7,0,right-foot,high-left,0,52.9,29.1,No information,No information,26,No information,1517,24.7,21.4,47.1,0,47.1,70.9,20,1183,shot
jamal-musiala,https://www.sofascore.com/germany-hungary/jUbslUb#id:11873900,germany,goal,regular,assisted,7.9,43.7,0,right-foot,high-left,0,53.1,27.8,No information,No information,22,No information,1304,43.7,7.9,46.9,0,46.9,72.2,24,1396,shot
roland-sallai,https://www.sofascore.com/germany-hungary/jUbslUb#id:11873900,hungary,block,No information,assisted,17.7,48.9,0,right-foot,low-left,0,53.8,4.2,No information,No information,15,No information,864,48.9,17.7,46.2,0,46.2,95.8,31,1836,shot
robert-andrich,https://www.sofascore.com/germany-hungary/jUbslUb#id:11873900,germany,block,No information,corner,10.6,62.8,0,right-foot,high-left,0,53.9,25,No information,No information,12,No information,694,62.8,10.6,46.1,0,46.1,75,34,2006,shot
kai-havertz,https://www.sofascore.com/germany-hungary/jUbslUb#id:11873900,germany,save,No information,assisted,3.6,57.9,0,left-foot,low-centre,0,51.5,19.6,No information,No information,11,No information,649,57.9,3.6,48.5,0,48.5,80.4,35,2051,shot
bendeguz-bolla,https://www.sofascore.com/germany-hungary/jUbslUb#id:11873900,hungary,block,No information,corner,10.7,70.8,0,right-foot,low-right,0,48,19,No information,No information,6,No information,356,70.8,10.7,52,0,52,81,40,2344,shot
kai-havertz,https://www.sofascore.com/germany-hungary/jUbslUb#id:11873900,germany,save,No information,assisted,18.8,63.1,0,left-foot,low-right,0,48.1,1.3,No information,No information,5,No information,243,63.1,18.8,51.9,0,51.9,98.7,41,2457,shot
roland-sallai,https://www.sofascore.com/germany-hungary/jUbslUb#id:11873900,hungary,save,No information,regular,7.3,44.4,0,right-foot,low-centre,0,51.7,12.7,No information,No information,1,No information,15,44.4,7.3,48.3,0,48.3,87.3,45,2685,shot

callum-mcgregor,https://www.sofascore.com/switzerland-scotland/VTbsZTb#id:11873903,scotland,miss,No information,regular,20.3,40.8,0,left-foot,high,0,51.3,80.6,No information,No information,90,1,5454,40.8,20.3,48.7,0,48.7,19.4,1,846,shot
zeki-amdouni,https://www.sofascore.com/switzerland-scotland/VTbsZTb#id:11873903,switzerland,miss,No information,set-piece,7.1,45.2,0,head,close-left,0,58,11.1,No information,No information,90,No information,5351,45.2,7.1,42,0,42,88.9,1,49,shot
kenny-mclean,https://www.sofascore.com/switzerland-scotland/VTbsZTb#id:11873903,scotland,save,No information,set-piece,20.3,74.6,0,left-foot,low-right,0,47.6,3.8,No information,No information,87,No information,5173,74.6,20.3,52.4,0,52.4,96.2,4,227,shot
scott-mctominay,https://www.sofascore.com/switzerland-scotland/VTbsZTb#id:11873903,scotland,block,No information,assisted,12.3,53.8,0,right-foot,low-centre,0,48.7,19,No information,No information,81,No information,4848,53.8,12.3,51.3,0,51.3,81,10,552,shot
scott-mctominay,https://www.sofascore.com/switzerland-scotland/VTbsZTb#id:11873903,scotland,block,No information,assisted,12.3,56.6,0,right-foot,low-centre,0,48.9,19,No information,No information,81,No information,4846,56.6,12.3,51.1,0,51.1,81,10,554,shot
scott-mctominay,https://www.sofascore.com/switzerland-scotland/VTbsZTb#id:11873903,scotland,miss,No information,assisted,10.8,55.6,0,head,right,0,6.7,5.6,No information,No information,81,No information,4843,55.6,10.8,93.3,0,93.3,94.4,10,557,shot
dan-ndoye,https://www.sofascore.com/switzerland-scotland/VTbsZTb#id:11873903,switzerland,miss,No information,assisted,9.7,30,0,right-foot,high,0,48.6,69.4,No information,No information,78,No information,4642,30,9.7,51.4,0,51.4,30.6,13,758,shot
gilmour-billy,https://www.sofascore.com/switzerland-scotland/VTbsZTb#id:11873903,scotland,block,No information,corner,8.8,39.2,0,head,low-left,0,53.2,19,No information,No information,76,No information,4525,39.2,8.8,46.8,0,46.8,81,15,875,shot
scott-mckenna,https://www.sofascore.com/switzerland-scotland/VTbsZTb#id:11873903,scotland,miss,No information,set-piece,14.1,48.5,0,head,high,0,45.4,75,No information,No information,74,No information,4396,48.5,14.1,54.6,0,54.6,25,17,1004,shot
grant-hanley,https://www.sofascore.com/switzerland-scotland/VTbsZTb#id:11873903,scotland,post,No information,set-piece,4.9,48.1,0,head,left,0,55.2,9.5,No information,No information,67,No information,3974,48.1,4.9,44.8,0,44.8,90.5,24,1426,shot
gilmour-billy,https://www.sofascore.com/switzerland-scotland/VTbsZTb#id:11873903,scotland,block,No information,assisted,26.3,59.2,0,right-foot,low-centre,0,48.2,19,No information,No information,65,No information,3871,59.2,26.3,51.8,0,51.8,81,26,1529,shot
ruben-vargas,https://www.sofascore.com/switzerland-scotland/VTbsZTb#id:11873903,switzerland,miss,No information,assisted,12.5,32.2,0,right-foot,high-right,0,39.2,62.5,No information,No information,64,No information,3807,32.2,12.5,60.8,0,60.8,37.5,27,1593,shot
dan-ndoye,https://www.sofascore.com/switzerland-scotland/VTbsZTb#id:11873903,switzerland,miss,No information,assisted,15.9,47.8,0,right-foot,close-left,0,57.5,6.9,No information,No information,58,No information,3478,47.8,15.9,42.5,0,42.5,93.1,33,1922,shot
ruben-vargas,https://www.sofascore.com/switzerland-scotland/VTbsZTb#id:11873903,switzerland,save,No information,assisted,15,30.3,0,right-foot,low-centre,0,51.5,3.2,No information,No information,56,No information,3345,30.3,15,48.5,0,48.5,96.8,35,2055,shot
granit-xhaka,https://www.sofascore.com/switzerland-scotland/VTbsZTb#id:11873903,switzerland,save,No information,assisted,14.6,32.2,0,left-foot,low-right,0,47.5,16.5,No information,No information,42,No information,2487,32.2,14.6,52.5,0,52.5,83.5,4,213,shot
che-adams,https://www.sofascore.com/switzerland-scotland/VTbsZTb#id:11873903,scotland,save,No information,corner,2.7,59.7,0,right-foot,low-right,0,45.8,7.6,No information,No information,41,No information,2442,59.7,2.7,54.2,0,54.2,92.4,5,258,shot
jack-hendry,https://www.sofascore.com/switzerland-scotland/VTbsZTb#id:11873903,scotland,miss,No information,set-piece,11.4,49,0,head,left,0,64.9,27.8,No information,No information,38,No information,2264,49,11.4,35.1,0,35.1,72.2,8,436,shot
dan-ndoye,https://www.sofascore.com/switzerland-scotland/VTbsZTb#id:11873903,switzerland,save,No information,assisted,8.9,37.8,0,right-foot,low-right,0,47.7,15.2,No information,No information,32,No information,1903,37.8,8.9,52.3,0,52.3,84.8,14,797,shot
dan-ndoye,https://www.sofascore.com/switzerland-scotland/VTbsZTb#id:11873903,switzerland,block,No information,assisted,8.3,45,0,right-foot,low-right,0,46.9,19,No information,No information,30,No information,1767,45,8.3,53.1,0,53.1,81,16,933,shot
silvan-widmer,https://www.sofascore.com/switzerland-scotland/VTbsZTb#id:11873903,switzerland,miss,No information,regular,14.4,65.4,0,right-foot,high,0,45.7,68.1,No information,No information,28,No information,1677,65.4,14.4,54.3,0,54.3,31.9,18,1023,shot
xherdan-shaqiri,https://www.sofascore.com/switzerland-scotland/VTbsZTb#id:11873903,switzerland,goal,regular,regular,20.8,37,0,left-foot,high-left,0,54.1,27.8,No information,No information,26,No information,1533,37,20.8,45.9,0,45.9,72.2,20,1167,shot
ricardo-rodriguez,https://www.sofascore.com/switzerland-scotland/VTbsZTb#id:11873903,switzerland,miss,No information,corner,17.9,48.9,0,left-foot,close-right,0,41,15.3,No information,No information,16,No information,934,48.9,17.9,59,0,59,84.7,30,1766,shot
scott-mctominay,https://www.sofascore.com/switzerland-scotland/VTbsZTb#id:11873903,scotland,goal,regular,fast-break,14.5,39.6,0,left-foot,high-left,0,53.8,29.1,No information,No information,13,No information,757,39.6,14.5,46.2,0,46.2,70.9,33,1943,shot

luka-jovic,https://www.sofascore.com/serbia-slovenia/JObsfCc#id:11873974,serbia,goal,regular,corner,5.2,49.8,0,head,low-left,0,53.3,8.2,No information,No information,90,6,5700,49.8,5.2,46.7,0,46.7,91.8,1,600,shot
mijat-gacinovic,https://www.sofascore.com/serbia-slovenia/JObsfCc#id:11873974,serbia,block,No information,assisted,14.2,54.2,0,right-foot,low-centre,0,49.6,19,No information,No information,90,5,5677,54.2,14.2,50.4,0,50.4,81,1,623,shot
ivan-ilic,https://www.sofascore.com/serbia-slovenia/JObsfCc#id:11873974,serbia,block,No information,corner,21.3,36.8,0,left-foot,low-centre,0,51.1,19,No information,No information,86,No information,5122,36.8,21.3,48.9,0,48.9,81,5,278,shot
lazar-samardzic,https://www.sofascore.com/serbia-slovenia/JObsfCc#id:11873974,serbia,miss,No information,assisted,17.9,37,0,left-foot,close-right,0,41.5,1.4,No information,No information,83,No information,4941,37,17.9,58.5,0,58.5,98.6,8,459,shot
zan-karnicnik,https://www.sofascore.com/serbia-slovenia/JObsfCc#id:11873974,slovenia,miss,No information,assisted,22.2,70.7,0,right-foot,close-left,0,58.8,4.2,No information,No information,79,No information,4722,70.7,22.2,41.2,0,41.2,95.8,12,678,shot
sergej-milinkovic-savic,https://www.sofascore.com/serbia-slovenia/JObsfCc#id:11873974,serbia,block,No information,set-piece,7.1,47,0,head,low-centre,0,49.1,19,No information,No information,75,No information,4489,47,7.1,50.9,0,50.9,81,16,911,shot
aleksandar-mitrovic,https://www.sofascore.com/serbia-slovenia/JObsfCc#id:11873974,serbia,block,No information,assisted,6.4,50.7,0,right-foot,low-centre,0,50,19,No information,No information,72,No information,4266,50.7,6.4,50,0,50,81,19,1134,shot
zan-karnicnik,https://www.sofascore.com/serbia-slovenia/JObsfCc#id:11873974,slovenia,goal,regular,fast-break,4.9,54.5,0,right-foot,low-right,0,45.9,13.9,No information,No information,69,No information,4087,54.5,4.9,54.1,0,54.1,86.1,22,1313,shot
aleksandar-mitrovic,https://www.sofascore.com/serbia-slovenia/JObsfCc#id:11873974,serbia,miss,No information,fast-break,14.8,64.5,0,right-foot,high,0,47.2,69.4,No information,No information,65,No information,3873,64.5,14.8,52.8,0,52.8,30.6,26,1527,shot
benjamin-sesko,https://www.sofascore.com/serbia-slovenia/JObsfCc#id:11873974,slovenia,save,No information,fast-break,23.4,29.9,0,right-foot,high-centre,0,48.9,33.5,No information,No information,58,No information,3471,29.9,23.4,51.1,0,51.1,66.5,33,1929,shot
aleksandar-mitrovic,https://www.sofascore.com/serbia-slovenia/JObsfCc#id:11873974,serbia,block,No information,assisted,9.2,48.3,0,head,low-centre,0,50.5,19,No information,No information,50,No information,2988,48.3,9.2,49.5,0,49.5,81,41,2412,shot
aleksandar-mitrovic,https://www.sofascore.com/serbia-slovenia/JObsfCc#id:11873974,serbia,save,No information,assisted,7.3,64.6,0,right-foot,low-right,0,47.6,8.2,No information,No information,47,No information,2791,64.6,7.3,52.4,0,52.4,91.8,44,2609,shot
aleksandar-mitrovic,https://www.sofascore.com/serbia-slovenia/JObsfCc#id:11873974,serbia,miss,No information,corner,6.4,42.7,0,head,left,0,63.2,13.9,No information,No information,45,1,2726,42.7,6.4,36.8,0,36.8,86.1,1,2674,shot
petar-stojanovic,https://www.sofascore.com/serbia-slovenia/JObsfCc#id:11873974,slovenia,block,No information,fast-break,24.4,71.5,0,right-foot,low-centre,0,48.2,19,No information,No information,44,No information,2588,71.5,24.4,51.8,0,51.8,81,2,112,shot
sasa-lukic,https://www.sofascore.com/serbia-slovenia/JObsfCc#id:11873974,serbia,block,No information,fast-break,15.1,44.2,0,right-foot,low-left,0,53.6,4.2,No information,No information,43,No information,2570,44.2,15.1,46.4,0,46.4,95.8,3,130,shot
aleksandar-mitrovic,https://www.sofascore.com/serbia-slovenia/JObsfCc#id:11873974,serbia,save,No information,assisted,3.7,43.5,0,right-foot,low-centre,0,49.4,1.9,No information,No information,42,No information,2465,43.5,3.7,50.6,0,50.6,98.1,4,235,shot
dusan-vlahovic,https://www.sofascore.com/serbia-slovenia/JObsfCc#id:11873974,serbia,block,No information,set-piece,23.7,35.4,0,left-foot,low-centre,0,50.2,19,No information,No information,39,No information,2334,35.4,23.7,49.8,0,49.8,81,7,366,shot
dusan-vlahovic,https://www.sofascore.com/serbia-slovenia/JObsfCc#id:11873974,serbia,block,No information,free-kick,24.6,35.4,0,left-foot,low-centre,0,49.6,19,No information,No information,39,No information,2332,35.4,24.6,50.4,0,50.4,81,7,368,shot
benjamin-sesko,https://www.sofascore.com/serbia-slovenia/JObsfCc#id:11873974,slovenia,miss,No information,assisted,9.5,45.8,0,right-foot,high-right,0,42.9,62.5,No information,No information,38,No information,2224,45.8,9.5,57.1,0,57.1,37.5,8,476,shot
timi-max-elsnik,https://www.sofascore.com/serbia-slovenia/JObsfCc#id:11873974,slovenia,post,No information,regular,12.8,61.7,0,right-foot,right,0,44.7,19,No information,No information,38,No information,2222,61.7,12.8,55.3,0,55.3,81,8,478,shot
jan-mlakar,https://www.sofascore.com/serbia-slovenia/JObsfCc#id:11873974,slovenia,miss,No information,throw-in-set-piece,15.7,31.6,0,left-foot,right,0,18.7,2.8,No information,No information,37,No information,2166,31.6,15.7,81.3,0,81.3,97.2,9,534,shot
dusan-vlahovic,https://www.sofascore.com/serbia-slovenia/JObsfCc#id:11873974,serbia,save,No information,assisted,8.3,45.4,0,head,low-left,0,52.1,12,No information,No information,27,No information,1608,45.4,8.3,47.9,0,47.9,88,19,1092,shot
timi-max-elsnik,https://www.sofascore.com/serbia-slovenia/JObsfCc#id:11873974,slovenia,block,No information,assisted,27.1,48.7,0,left-foot,low-centre,0,50.3,19,No information,No information,21,No information,1215,48.7,27.1,49.7,0,49.7,81,25,1485,shot
andraz-sporar,https://www.sofascore.com/serbia-slovenia/JObsfCc#id:11873974,slovenia,block,No information,assisted,10.2,53.1,0,right-foot,low-centre,0,50.3,19,No information,No information,20,No information,1191,53.1,10.2,49.7,0,49.7,81,26,1509,shot
jan-mlakar,https://www.sofascore.com/serbia-slovenia/JObsfCc#id:11873974,slovenia,save,No information,assisted,9.7,68.7,0,right-foot,low-right,0,48,5.7,No information,No information,8,No information,425,68.7,9.7,52,0,52,94.3,38,2275,shot
adam-gnezda-cerin,https://www.sofascore.com/serbia-slovenia/JObsfCc#id:11873974,slovenia,save,No information,assisted,24.6,57.9,0,right-foot,low-centre,0,51,7,No information,No information,4,No information,203,57.9,24.6,49,0,49,93,42,2497,shot

pierre-emile-hojbjerg,https://www.sofascore.com/england-denmark/BObsnUb#id:11873970,denmark,miss,No information,regular,18.9,36.2,0,right-foot,right,0,40,22.2,No information,No information,85,No information,5044,36.2,18.9,60,0,60,77.8,6,356,shot
andreas-christensen,https://www.sofascore.com/england-denmark/BObsnUb#id:11873970,denmark,miss,No information,corner,6.6,50.1,0,right-foot,high,0,49.7,90.3,No information,No information,84,No information,5009,50.1,6.6,50.3,0,50.3,9.7,7,391,shot
pierre-emile-hojbjerg,https://www.sofascore.com/england-denmark/BObsnUb#id:11873970,denmark,save,No information,assisted,29.9,61.3,0,right-foot,low-centre,0,51.3,3.8,No information,No information,77,No information,4572,61.3,29.9,48.7,0,48.7,96.2,14,828,shot
pierre-emile-hojbjerg,https://www.sofascore.com/england-denmark/BObsnUb#id:11873970,denmark,save,No information,assisted,27.9,32.1,0,right-foot,low-left,0,53.5,3.2,No information,No information,73,No information,4348,32.1,27.9,46.5,0,46.5,96.8,18,1052,shot
ollie-watkins,https://www.sofascore.com/england-denmark/BObsnUb#id:11873970,england,save,No information,assisted,4.2,65.2,0,right-foot,low-right,0,47.4,8.2,No information,No information,71,No information,4258,65.2,4.2,52.6,0,52.6,91.8,20,1142,shot
damsgaard-mikkel,https://www.sofascore.com/england-denmark/BObsnUb#id:11873970,denmark,save,No information,corner,22.6,31.5,0,right-foot,high-centre,0,50.9,31,No information,No information,67,No information,4018,31.5,22.6,49.1,0,49.1,69,24,1382,shot
christian-eriksen,https://www.sofascore.com/england-denmark/BObsnUb#id:11873970,denmark,miss,No information,regular,24.7,54.8,0,left-foot,high,0,53.9,81.9,No information,No information,64,No information,3781,54.8,24.7,46.1,0,46.1,18.1,27,1619,shot
bukayo-saka,https://www.sofascore.com/england-denmark/BObsnUb#id:11873970,england,miss,No information,fast-break,14.1,72.7,0,left-foot,left,0,64.4,19.4,No information,No information,59,No information,3501,72.7,14.1,35.6,0,35.6,80.6,32,1899,shot
bukayo-saka,https://www.sofascore.com/england-denmark/BObsnUb#id:11873970,england,miss,No information,regular,9.7,63.4,0,right-foot,high,0,47.6,87.5,No information,No information,56,No information,3323,63.4,9.7,52.4,0,52.4,12.5,35,2077,shot
phil-foden,https://www.sofascore.com/england-denmark/BObsnUb#id:11873970,england,post,No information,assisted,21.5,69.7,0,left-foot,right,0,44.5,3.2,No information,No information,56,No information,3322,69.7,21.5,55.5,0,55.5,96.8,35,2078,shot
bukayo-saka,https://www.sofascore.com/england-denmark/BObsnUb#id:11873970,england,miss,No information,assisted,4,62.2,0,head,close-right,0,43.5,27.8,No information,No information,53,No information,3120,62.2,4,56.5,0,56.5,72.2,38,2280,shot
declan-rice,https://www.sofascore.com/england-denmark/BObsnUb#id:11873970,england,save,No information,assisted,23.2,31.6,0,right-foot,low-centre,0,48.3,9.5,No information,No information,51,No information,3039,31.6,23.2,51.7,0,51.7,90.5,40,2361,shot
jonas-wind,https://www.sofascore.com/england-denmark/BObsnUb#id:11873970,denmark,block,No information,assisted,17.6,62.4,0,left-foot,low-centre,0,50.5,19,No information,No information,47,No information,2777,62.4,17.6,49.5,0,49.5,81,44,2623,shot
phil-foden,https://www.sofascore.com/england-denmark/BObsnUb#id:11873970,england,miss,No information,assisted,21.2,68.9,0,left-foot,high,0,50.3,65.3,No information,No information,45,2,2763,68.9,21.2,49.7,0,49.7,34.7,1,2637,shot
pierre-emile-hojbjerg,https://www.sofascore.com/england-denmark/BObsnUb#id:11873970,denmark,save,No information,assisted,23.7,66.4,0,right-foot,high-centre,0,48.4,27.8,No information,No information,44,No information,2623,66.4,23.7,51.6,0,51.6,72.2,2,77,shot
phil-foden,https://www.sofascore.com/england-denmark/BObsnUb#id:11873970,england,save,No information,assisted,25.4,36,0,left-foot,low-centre,0,50.3,6.3,No information,No information,41,No information,2414,36,25.4,49.7,0,49.7,93.7,5,286,shot
joachim-andersen,https://www.sofascore.com/england-denmark/BObsnUb#id:11873970,denmark,miss,No information,corner,3,34,0,head,close-high,0,51.1,51.4,No information,No information,39,No information,2284,34,3,48.9,0,48.9,48.6,7,416,shot
hjulmand-morten,https://www.sofascore.com/england-denmark/BObsnUb#id:11873970,denmark,block,No information,assisted,21.8,64,0,right-foot,low-centre,0,51.5,19,No information,No information,38,No information,2250,64,21.8,48.5,0,48.5,81,8,450,shot
hjulmand-morten,https://www.sofascore.com/england-denmark/BObsnUb#id:11873970,denmark,goal,regular,assisted,29.3,50.7,0,right-foot,low-left,0,53.9,3.8,No information,No information,34,No information,2016,50.7,29.3,46.1,0,46.1,96.2,12,684,shot
jonas-wind,https://www.sofascore.com/england-denmark/BObsnUb#id:11873970,denmark,block,No information,assisted,9.5,62.6,0,right-foot,low-right,0,48.1,19,No information,No information,32,No information,1868,62.6,9.5,51.9,0,51.9,81,14,832,shot
marc-guehi,https://www.sofascore.com/england-denmark/BObsnUb#id:11873970,england,miss,No information,set-piece,3.5,66.4,0,right-foot,close-right,0,40.8,8.3,No information,No information,28,No information,1625,66.4,3.5,59.2,0,59.2,91.7,18,1075,shot
christian-eriksen,https://www.sofascore.com/england-denmark/BObsnUb#id:11873970,denmark,block,No information,assisted,16.3,64.6,0,right-foot,low-centre,0,50.3,19,No information,No information,26,No information,1543,64.6,16.3,49.7,0,49.7,81,20,1157,shot
jonas-wind,https://www.sofascore.com/england-denmark/BObsnUb#id:11873970,denmark,save,No information,assisted,8.2,41.5,0,head,low-left,0,51.9,14.6,No information,No information,25,No information,1457,41.5,8.2,48.1,0,48.1,85.4,21,1243,shot
christian-eriksen,https://www.sofascore.com/england-denmark/BObsnUb#id:11873970,denmark,block,No information,assisted,11.7,73.2,0,right-foot,low-centre,0,49.8,19,No information,No information,23,No information,1367,73.2,11.7,50.2,0,50.2,81,23,1333,shot
harry-kane,https://www.sofascore.com/england-denmark/BObsnUb#id:11873970,england,goal,regular,regular,6.5,50.8,0,left-foot,low-left,0,53.6,1.9,No information,No information,18,No information,1040,50.8,6.5,46.4,0,46.4,98.1,28,1660,shot
harry-kane,https://www.sofascore.com/england-denmark/BObsnUb#id:11873970,england,block,No information,regular,21,47.4,0,left-foot,low-centre,0,51.3,19,No information,No information,17,No information,969,47.4,21,48.7,0,48.7,81,29,1731,shot
phil-foden,https://www.sofascore.com/england-denmark/BObsnUb#id:11873970,england,miss,No information,assisted,13.3,64.8,0,left-foot,high-left,0,59.7,61.1,No information,No information,13,No information,762,64.8,13.3,40.3,0,40.3,38.9,33,1938,shot
pierre-emile-hojbjerg,https://www.sofascore.com/england-denmark/BObsnUb#id:11873970,denmark,save,No information,assisted,21.3,34,0,right-foot,low-centre,0,49.4,7.6,No information,No information,1,No information,22,34,21.3,50.6,0,50.6,92.4,45,2678,shot

riccardo-calafiori,https://www.sofascore.com/italy-spain/YTbshUb#id:11873901,italy,miss,No information,corner,15.7,36.6,0,left-foot,left,0,61.2,1.4,No information,No information,90,7,5768,36.6,15.7,38.8,0,38.8,98.6,1,532,shot
ayoze-perez,https://www.sofascore.com/italy-spain/YTbshUb#id:11873901,spain,save,No information,assisted,11.8,36.8,0,right-foot,low-centre,0,48.6,5.7,No information,No information,90,2,5500,36.8,11.8,51.4,0,51.4,94.3,1,800,shot
ayoze-perez,https://www.sofascore.com/italy-spain/YTbshUb#id:11873901,spain,save,No information,assisted,6.9,31.9,0,right-foot,low-left,0,53.4,1.3,No information,No information,90,1,5449,31.9,6.9,46.6,0,46.6,98.7,1,851,shot
bryan-cristante,https://www.sofascore.com/italy-spain/YTbshUb#id:11873901,italy,save,No information,corner,3.9,38.8,0,right-foot,high-centre,0,49,20.9,No information,No information,86,No information,5150,38.8,3.9,51,0,51,79.1,5,250,shot
aymeric-laporte,https://www.sofascore.com/italy-spain/YTbshUb#id:11873901,spain,miss,No information,corner,6.3,54,0,head,high,0,47.4,79.2,No information,No information,81,No information,4841,54,6.3,52.6,0,52.6,20.8,10,559,shot
ayoze-perez,https://www.sofascore.com/italy-spain/YTbshUb#id:11873901,spain,block,No information,fast-break,8.2,34.2,0,left-foot,low-centre,0,51.2,19,No information,No information,81,No information,4813,34.2,8.2,48.8,0,48.8,81,10,587,shot
lorenzo-pellegrini,https://www.sofascore.com/italy-spain/YTbshUb#id:11873901,italy,miss,No information,free-kick,24.1,29.9,0,right-foot,high,0,52.4,61.1,No information,No information,74,No information,4407,29.9,24.1,47.6,0,47.6,38.9,17,993,shot
nico-williams,https://www.sofascore.com/italy-spain/YTbshUb#id:11873901,spain,post,No information,assisted,15.4,27.8,0,right-foot,high,0,46.3,39.9,No information,No information,70,No information,4198,27.8,15.4,53.7,0,53.7,60.1,21,1202,shot
lamine-yamal,https://www.sofascore.com/italy-spain/YTbshUb#id:11873901,spain,post,No information,assisted,22.1,73.9,0,left-foot,left,0,55.6,21.5,No information,No information,60,No information,3580,73.9,22.1,44.4,0,44.4,78.5,31,1820,shot
robin-le-normand,https://www.sofascore.com/italy-spain/YTbshUb#id:11873901,spain,save,No information,corner,8.4,52.2,0,head,low-left,0,54.3,19,No information,No information,58,No information,3476,52.2,8.4,45.7,0,45.7,81,33,1924,shot
alvaro-morata,https://www.sofascore.com/italy-spain/YTbshUb#id:11873901,spain,save,No information,assisted,25.7,46.2,0,right-foot,high-centre,0,49.8,29.1,No information,No information,58,No information,3436,46.2,25.7,50.2,0,50.2,70.9,33,1964,shot
riccardo-calafiori,https://www.sofascore.com/italy-spain/YTbshUb#id:11873901,spain,goal,own,regular,4.2,50.8,0,left-foot,low-right,0,47.4,7,No information,No information,55,No information,3244,50.8,4.2,52.6,0,52.6,93,36,2156,shot
alvaro-morata,https://www.sofascore.com/italy-spain/YTbshUb#id:11873901,spain,miss,No information,assisted,5.7,34.6,0,head,right,0,33.8,12.5,No information,No information,55,No information,3243,34.6,5.7,66.2,0,66.2,87.5,36,2157,shot
pedri,https://www.sofascore.com/italy-spain/YTbshUb#id:11873901,spain,save,No information,assisted,24.8,44.2,0,right-foot,high-centre,0,50.1,22.8,No information,No information,53,No information,3164,44.2,24.8,49.9,0,49.9,77.2,38,2236,shot
pedri,https://www.sofascore.com/italy-spain/YTbshUb#id:11873901,spain,miss,No information,assisted,8,44.8,0,right-foot,close-left,0,57.1,12.5,No information,No information,52,No information,3085,44.8,8,42.9,0,42.9,87.5,39,2315,shot
federico-chiesa,https://www.sofascore.com/italy-spain/YTbshUb#id:11873901,italy,miss,No information,fast-break,15.4,68.9,0,right-foot,high-right,0,43.9,76.4,No information,No information,45,No information,2699,68.9,15.4,56.1,0,56.1,23.6,1,1,shot
fabian-ruiz,https://www.sofascore.com/italy-spain/YTbshUb#id:11873901,spain,save,No information,assisted,23.2,54.8,0,left-foot,low-centre,0,51,4.4,No information,No information,41,No information,2455,54.8,23.2,49,0,49,95.6,5,245,shot
fabian-ruiz,https://www.sofascore.com/italy-spain/YTbshUb#id:11873901,spain,miss,No information,set-piece,24.7,62.2,0,left-foot,high,0,48.7,95.8,No information,No information,37,No information,2190,62.2,24.7,51.3,0,51.3,4.2,9,510,shot
rodri,https://www.sofascore.com/italy-spain/YTbshUb#id:11873901,spain,block,No information,assisted,18.9,49.3,0,right-foot,low-right,0,46.3,19,No information,No information,28,No information,1660,49.3,18.9,53.7,0,53.7,81,18,1040,shot
rodri,https://www.sofascore.com/italy-spain/YTbshUb#id:11873901,spain,miss,No information,assisted,31.2,47.4,0,right-foot,left,0,59.7,5.6,No information,No information,27,No information,1580,47.4,31.2,40.3,0,40.3,94.4,19,1120,shot
fabian-ruiz,https://www.sofascore.com/italy-spain/YTbshUb#id:11873901,spain,save,No information,assisted,28.7,51.2,0,left-foot,high-right,0,47.9,36.1,No information,No information,25,No information,1466,51.2,28.7,52.1,0,52.1,63.9,21,1234,shot
alvaro-morata,https://www.sofascore.com/italy-spain/YTbshUb#id:11873901,spain,save,No information,assisted,3.6,62.5,0,right-foot,low-right,0,47,1.9,No information,No information,24,No information,1406,62.5,3.6,53,0,53,98.1,22,1294,shot
alvaro-morata,https://www.sofascore.com/italy-spain/YTbshUb#id:11873901,spain,block,No information,assisted,19,36.4,0,right-foot,low-centre,0,51.2,19,No information,No information,15,No information,842,36.4,19,48.8,0,48.8,81,31,1858,shot
nico-williams,https://www.sofascore.com/italy-spain/YTbshUb#id:11873901,spain,miss,No information,assisted,6.5,54.3,0,head,close-right,0,42.7,20.8,No information,No information,10,No information,583,54.3,6.5,57.3,0,57.3,79.2,36,2117,shot
pedri,https://www.sofascore.com/italy-spain/YTbshUb#id:11873901,spain,save,No information,assisted,7.4,48.9,0,head,high-centre,0,50.9,34.2,No information,No information,2,No information,84,48.9,7.4,49.1,0,49.1,65.8,44,2616,shot

milan-skriniar,https://www.sofascore.com/ukraine-slovakia/XTbsbUb#id:12198231,slovakia,block,No information,assisted,29.6,50.6,0,right-foot,low-left,0,53.2,19,No information,No information,90,5,5656,50.6,29.6,46.8,0,46.8,81,1,644,shot
denis-vavro,https://www.sofascore.com/ukraine-slovakia/XTbsbUb#id:12198231,slovakia,block,No information,corner,3.3,35.6,0,head,low-left,0,53.6,12.5,No information,No information,90,No information,5361,35.6,3.3,46.4,0,46.4,87.5,1,39,shot
juraj-kucka,https://www.sofascore.com/ukraine-slovakia/XTbsbUb#id:12198231,slovakia,miss,No information,free-kick,23.5,29.6,0,right-foot,high,0,52.4,87.5,No information,No information,85,No information,5048,29.6,23.5,47.6,0,47.6,12.5,6,352,shot
juraj-kucka,https://www.sofascore.com/ukraine-slovakia/XTbsbUb#id:12198231,slovakia,miss,No information,assisted,14,56.3,0,head,left,0,74.8,5.6,No information,No information,82,No information,4877,56.3,14,25.2,0,25.2,94.4,9,523,shot
laszlo-benes,https://www.sofascore.com/ukraine-slovakia/XTbsbUb#id:12198231,slovakia,block,No information,assisted,14.2,56,0,right-foot,low-left,0,52.8,12.5,No information,No information,81,No information,4854,56,14.2,47.2,0,47.2,87.5,10,546,shot
roman-yaremchuk,https://www.sofascore.com/ukraine-slovakia/XTbsbUb#id:12198231,ukraine,goal,regular,assisted,3.6,60.7,0,right-foot,low-centre,0,50.6,1.9,No information,No information,80,No information,4745,60.7,3.6,49.4,0,49.4,98.1,11,655,shot
georgiy-sudakov,https://www.sofascore.com/ukraine-slovakia/XTbsbUb#id:12198231,ukraine,block,No information,assisted,20.7,29.3,0,left-foot,low-centre,0,48.4,6.9,No information,No information,77,No information,4579,29.3,20.7,51.6,0,51.6,93.1,14,821,shot
mykhaylo-mudryk,https://www.sofascore.com/ukraine-slovakia/XTbsbUb#id:12198231,ukraine,save,No information,fast-break,4.9,33.3,0,left-foot,low-left,0,54.2,3.2,No information,No information,74,No information,4424,33.3,4.9,45.8,0,45.8,96.8,17,976,shot
peter-pekarik,https://www.sofascore.com/ukraine-slovakia/XTbsbUb#id:12198231,slovakia,block,No information,assisted,20.7,70.6,0,left-foot,low-left,0,53.6,6.9,No information,No information,74,No information,4402,70.6,20.7,46.4,0,46.4,93.1,17,998,shot
roman-yaremchuk,https://www.sofascore.com/ukraine-slovakia/XTbsbUb#id:12198231,ukraine,block,No information,corner,5,38.3,0,head,low-left,0,52.2,19,No information,No information,69,No information,4119,38.3,5,47.8,0,47.8,81,22,1281,shot
ivan-schranz,https://www.sofascore.com/ukraine-slovakia/XTbsbUb#id:12198231,slovakia,block,No information,assisted,20.6,74.8,0,left-foot,low-left,0,53.9,18.1,No information,No information,58,No information,3462,74.8,20.6,46.1,0,46.1,81.9,33,1938,shot
shaparenko-mykola,https://www.sofascore.com/ukraine-slovakia/XTbsbUb#id:12198231,ukraine,goal,regular,assisted,10.3,45.5,0,left-foot,low-left,0,53.7,10.8,No information,No information,54,No information,3187,45.5,10.3,46.3,0,46.3,89.2,37,2213,shot
artem-dovbyk,https://www.sofascore.com/ukraine-slovakia/XTbsbUb#id:12198231,ukraine,miss,No information,assisted,5.8,57,0,head,left,0,73.8,6.9,No information,No information,51,No information,3039,57,5.8,26.2,0,26.2,93.1,40,2361,shot
juraj-kucka,https://www.sofascore.com/ukraine-slovakia/XTbsbUb#id:12198231,slovakia,miss,No information,corner,16,50,0,right-foot,right,0,0.5,6.9,No information,No information,44,No information,2638,50,16,99.5,0,99.5,93.1,2,62,shot
lukas-haraslin,https://www.sofascore.com/ukraine-slovakia/XTbsbUb#id:12198231,slovakia,save,No information,assisted,20,40.7,0,right-foot,low-right,0,46.8,1.3,No information,No information,44,No information,2591,40.7,20,53.2,0,53.2,98.7,2,109,shot
oleksandr-zinchenko,https://www.sofascore.com/ukraine-slovakia/XTbsbUb#id:12198231,ukraine,save,No information,free-kick,13,82.7,0,left-foot,low-right,0,46.4,14.6,No information,No information,43,No information,2529,82.7,13,53.6,0,53.6,85.4,3,171,shot
andriy-yarmolenko,https://www.sofascore.com/ukraine-slovakia/XTbsbUb#id:12198231,ukraine,block,No information,assisted,9.4,56.4,0,left-foot,low-centre,0,49.1,9.7,No information,No information,34,No information,1986,56.4,9.4,50.9,0,50.9,90.3,12,714,shot
andriy-yarmolenko,https://www.sofascore.com/ukraine-slovakia/XTbsbUb#id:12198231,ukraine,miss,No information,corner,7.2,55.2,0,left-foot,right,0,40.3,13.9,No information,No information,29,No information,1710,55.2,7.2,59.7,0,59.7,86.1,17,990,shot
mykhaylo-mudryk,https://www.sofascore.com/ukraine-slovakia/XTbsbUb#id:12198231,ukraine,block,No information,corner,14.4,30,0,right-foot,low-centre,0,49.9,12.5,No information,No information,29,No information,1709,30,14.4,50.1,0,50.1,87.5,17,991,shot
artem-dovbyk,https://www.sofascore.com/ukraine-slovakia/XTbsbUb#id:12198231,ukraine,block,No information,assisted,6.6,35.4,0,left-foot,low-left,0,52.1,19.4,No information,No information,28,No information,1659,35.4,6.6,47.9,0,47.9,80.6,18,1041,shot
mykhaylo-mudryk,https://www.sofascore.com/ukraine-slovakia/XTbsbUb#id:12198231,ukraine,miss,No information,assisted,24.6,54.2,0,right-foot,high,0,47.7,97.2,No information,No information,23,No information,1320,54.2,24.6,52.3,0,52.3,2.8,23,1380,shot
ivan-schranz,https://www.sofascore.com/ukraine-slovakia/XTbsbUb#id:12198231,slovakia,goal,regular,throw-in-set-piece,4.5,56.8,0,head,low-left,0,52.9,12.7,No information,No information,17,No information,1016,56.8,4.5,47.1,0,47.1,87.3,29,1684,shot
david-hancko,https://www.sofascore.com/ukraine-slovakia/XTbsbUb#id:12198231,slovakia,save,No information,free-kick,19.6,64.3,0,left-foot,low-left,0,53.6,18.4,No information,No information,17,No information,987,64.3,19.6,46.4,0,46.4,81.6,29,1713,shot
volodymyr-brazhko,https://www.sofascore.com/ukraine-slovakia/XTbsbUb#id:12198231,ukraine,save,No information,assisted,26.8,45.1,0,right-foot,low-centre,0,50.6,9.5,No information,No information,13,No information,770,45.1,26.8,49.4,0,49.4,90.5,33,1930,shot
ondrej-duda,https://www.sofascore.com/ukraine-slovakia/XTbsbUb#id:12198231,slovakia,miss,No information,assisted,18.5,28,0,right-foot,close-left,0,59,1.4,No information,No information,12,No information,682,28,18.5,41,0,41,98.6,34,2018,shot
ivan-schranz,https://www.sofascore.com/ukraine-slovakia/XTbsbUb#id:12198231,slovakia,save,No information,regular,3.4,58.5,0,right-foot,low-right,0,46.8,13.3,No information,No information,11,No information,602,58.5,3.4,53.2,0,53.2,86.7,35,2098,shot
lukas-haraslin,https://www.sofascore.com/ukraine-slovakia/XTbsbUb#id:12198231,slovakia,save,No information,assisted,9.9,32.9,0,left-foot,low-left,0,53.5,4.4,No information,No information,10,No information,574,32.9,9.9,46.5,0,46.5,95.6,36,2126,shot

kamil-grosicki,https://www.sofascore.com/austria-poland/dUbstUb#id:12198303,poland,miss,No information,assisted,6.3,43.2,0,left-foot,close-left,0,58.8,20.8,No information,No information,90,3,5539,43.2,6.3,41.2,0,41.2,79.2,1,761,shot
piotr-zielinski,https://www.sofascore.com/austria-poland/dUbstUb#id:12198303,poland,miss,No information,corner,26.9,59.9,0,left-foot,high-right,0,43.9,66.7,No information,No information,86,No information,5159,59.9,26.9,56.1,0,56.1,33.3,5,241,shot
konrad-laimer,https://www.sofascore.com/austria-poland/dUbstUb#id:12198303,austria,miss,No information,fast-break,4,32.5,0,left-foot,close-right,0,42.4,2.8,No information,No information,85,No information,5086,32.5,4,57.6,0,57.6,97.2,6,314,shot
stefan-posch,https://www.sofascore.com/austria-poland/dUbstUb#id:12198303,austria,save,No information,regular,22.2,64.4,0,left-foot,high-left,0,54.2,24.7,No information,No information,83,No information,4978,64.4,22.2,45.8,0,45.8,75.3,8,422,shot
marko-arnautovic,https://www.sofascore.com/austria-poland/dUbstUb#id:12198303,austria,goal,penalty,penalty,11.5,50,0,right-foot,low-right,0,46.9,1.9,No information,No information,78,No information,4669,50,11.5,53.1,0,53.1,98.1,13,731,shot
seiwald-nicolas,https://www.sofascore.com/austria-poland/dUbstUb#id:12198303,austria,save,No information,regular,24.4,46.8,0,right-foot,low-centre,0,50.6,16.5,No information,No information,76,No information,4534,46.8,24.4,49.4,0,49.4,83.5,15,866,shot
patrick-wimmer,https://www.sofascore.com/austria-poland/dUbstUb#id:12198303,austria,save,No information,assisted,15.8,52.3,0,right-foot,low-left,0,52.3,1.3,No information,No information,75,No information,4454,52.3,15.8,47.7,0,47.7,98.7,16,946,shot
karol-swiderski,https://www.sofascore.com/austria-poland/dUbstUb#id:12198303,poland,save,No information,assisted,19.3,39.7,0,left-foot,low-left,0,51.9,15.2,No information,No information,69,No information,4114,39.7,19.3,48.1,0,48.1,84.8,22,1286,shot
christoph-baumgartner,https://www.sofascore.com/austria-poland/dUbstUb#id:12198303,austria,goal,regular,assisted,15.9,46,0,right-foot,low-centre,0,48.4,3.2,No information,No information,66,No information,3959,46,15.9,51.6,0,51.6,96.8,25,1441,shot
pawel-dawidowicz,https://www.sofascore.com/austria-poland/dUbstUb#id:12198303,poland,miss,No information,corner,8,56.4,0,head,high,0,47.1,88.9,No information,No information,61,No information,3618,56.4,8,52.9,0,52.9,11.1,30,1782,shot
piotr-zielinski,https://www.sofascore.com/austria-poland/dUbstUb#id:12198303,poland,block,No information,free-kick,21.5,28.3,0,right-foot,low-centre,0,49.5,19,No information,No information,60,No information,3576,28.3,21.5,50.5,0,50.5,81,31,1824,shot
adam-buksa,https://www.sofascore.com/austria-poland/dUbstUb#id:12198303,poland,block,No information,set-piece,14.7,52.8,0,head,low-centre,0,49.1,19,No information,No information,57,No information,3367,52.8,14.7,50.9,0,50.9,81,34,2033,shot
marcel-sabitzer,https://www.sofascore.com/austria-poland/dUbstUb#id:12198303,austria,block,No information,assisted,13,31.5,0,left-foot,low-centre,0,50.5,19,No information,No information,55,No information,3242,31.5,13,49.5,0,49.5,81,36,2158,shot
krzysztof-piatek,https://www.sofascore.com/austria-poland/dUbstUb#id:12198303,poland,miss,No information,assisted,24.3,52.3,0,right-foot,high,0,45.5,80.6,No information,No information,52,No information,3084,52.3,24.3,54.5,0,54.5,19.4,39,2316,shot
stefan-posch,https://www.sofascore.com/austria-poland/dUbstUb#id:12198303,austria,save,No information,corner,8.5,46.4,0,head,high-left,0,52.1,27.2,No information,No information,51,No information,3047,46.4,8.5,47.9,0,47.9,72.8,40,2353,shot
stefan-posch,https://www.sofascore.com/austria-poland/dUbstUb#id:12198303,austria,block,No information,assisted,26.8,61.3,0,right-foot,low-centre,0,50.1,19,No information,No information,49,No information,2937,61.3,26.8,49.9,0,49.9,81,42,2463,shot
jakub-piotrowski,https://www.sofascore.com/austria-poland/dUbstUb#id:12198303,poland,block,No information,corner,11.1,47.9,0,head,low-centre,0,49.2,19,No information,No information,45,2,2766,47.9,11.1,50.8,0,50.8,81,1,2634,shot
piotr-zielinski,https://www.sofascore.com/austria-poland/dUbstUb#id:12198303,poland,save,No information,free-kick,26.9,60.1,0,right-foot,low-right,0,46,15.8,No information,No information,45,1,2739,60.1,26.9,54,0,54,84.2,1,2661,shot
marcel-sabitzer,https://www.sofascore.com/austria-poland/dUbstUb#id:12198303,austria,miss,No information,assisted,27.8,42.3,0,right-foot,close-left,0,57.1,15.3,No information,No information,42,No information,2487,42.3,27.8,42.9,0,42.9,84.7,4,213,shot
marcel-sabitzer,https://www.sofascore.com/austria-poland/dUbstUb#id:12198303,austria,block,No information,fast-break,12.8,37.1,0,right-foot,low-centre,0,49.7,19,No information,No information,39,No information,2303,37.1,12.8,50.3,0,50.3,81,7,397,shot
krzysztof-piatek,https://www.sofascore.com/austria-poland/dUbstUb#id:12198303,poland,goal,regular,corner,5.1,53,0,right-foot,low-right,0,46.3,0.6,No information,No information,30,No information,1775,53,5.1,53.7,0,53.7,99.4,16,925,shot
jan-bednarek,https://www.sofascore.com/austria-poland/dUbstUb#id:12198303,poland,block,No information,corner,10,50,0,right-foot,low-centre,0,49,19,No information,No information,30,No information,1773,50,10,51,0,51,81,16,927,shot
piotr-zielinski,https://www.sofascore.com/austria-poland/dUbstUb#id:12198303,poland,block,No information,assisted,19.3,49.8,0,right-foot,low-centre,0,51.3,19,No information,No information,27,No information,1606,49.8,19.3,48.7,0,48.7,81,19,1094,shot
piotr-zielinski,https://www.sofascore.com/austria-poland/dUbstUb#id:12198303,poland,block,No information,regular,21.6,56.8,0,left-foot,low-centre,0,48.9,19,No information,No information,24,No information,1408,56.8,21.6,51.1,0,51.1,81,22,1292,shot
nicola-zalewski,https://www.sofascore.com/austria-poland/dUbstUb#id:12198303,poland,miss,No information,assisted,12.4,35.5,0,right-foot,high-right,0,40.5,58.3,No information,No information,18,No information,1076,35.5,12.4,59.5,0,59.5,41.7,28,1624,shot
piotr-zielinski,https://www.sofascore.com/austria-poland/dUbstUb#id:12198303,poland,block,No information,assisted,13.1,52.7,0,right-foot,low-centre,0,49.7,19,No information,No information,17,No information,992,52.7,13.1,50.3,0,50.3,81,29,1708,shot
marcel-sabitzer,https://www.sofascore.com/austria-poland/dUbstUb#id:12198303,austria,save,No information,regular,14.1,45.7,0,right-foot,low-left,0,52.5,4.4,No information,No information,17,No information,960,45.7,14.1,47.5,0,47.5,95.6,29,1740,shot
marcel-sabitzer,https://www.sofascore.com/austria-poland/dUbstUb#id:12198303,austria,block,No information,assisted,11.7,54.4,0,right-foot,low-right,0,47.7,19,No information,No information,10,No information,596,54.4,11.7,52.3,0,52.3,81,36,2104,shot
gernot-trauner,https://www.sofascore.com/austria-poland/dUbstUb#id:12198303,austria,goal,regular,throw-in-set-piece,4.5,40.3,0,head,high-left,0,53.5,27.2,No information,No information,9,No information,524,40.3,4.5,46.5,0,46.5,72.8,37,2176,shot
stefan-posch,https://www.sofascore.com/austria-poland/dUbstUb#id:12198303,austria,save,No information,assisted,30.7,53.6,0,right-foot,high-centre,0,48.5,29.1,No information,No information,1,No information,58,53.6,30.7,51.5,0,51.5,70.9,45,2642,shot

ngolo-kante,https://www.sofascore.com/netherlands-france/GObsfUb#id:11873991,france,block,No information,assisted,12.7,66.3,0,right-foot,low-centre,0,49.7,19,No information,No information,90,1,5429,66.3,12.7,50.3,0,50.3,81,1,871,shot
virgil-van-dijk,https://www.sofascore.com/netherlands-france/GObsfUb#id:11873991,netherlands,block,No information,corner,13.1,48.2,0,head,low-left,0,51.8,19,No information,No information,79,No information,4718,48.2,13.1,48.2,0,48.2,81,12,682,shot
memphis-depay,https://www.sofascore.com/netherlands-france/GObsfUb#id:11873991,netherlands,save,No information,assisted,8,40.9,0,left-foot,low-centre,0,50,3.2,No information,No information,69,No information,4111,40.9,8,50,0,50,96.8,22,1289,shot
ousmane-dembele,https://www.sofascore.com/netherlands-france/GObsfUb#id:11873991,france,miss,No information,assisted,14.7,66.1,0,left-foot,high,0,50.3,68.1,No information,No information,68,No information,4038,66.1,14.7,49.7,0,49.7,31.9,23,1362,shot
aurelien-tchouameni,https://www.sofascore.com/netherlands-france/GObsfUb#id:11873991,france,block,No information,corner,23.8,26.3,0,right-foot,low-centre,0,49.9,19,No information,No information,66,No information,3936,26.3,23.8,50.1,0,50.1,81,25,1464,shot
antoine-griezmann,https://www.sofascore.com/netherlands-france/GObsfUb#id:11873991,france,save,No information,assisted,5.4,53.6,0,left-foot,low-right,0,46.7,5.1,No information,No information,65,No information,3883,53.6,5.4,53.3,0,53.3,94.9,26,1517,shot
aurelien-tchouameni,https://www.sofascore.com/netherlands-france/GObsfUb#id:11873991,france,miss,No information,corner,11.1,49,0,head,close-high,0,48.4,50,No information,No information,63,No information,3732,49,11.1,51.6,0,51.6,50,28,1668,shot
marcus-thuram,https://www.sofascore.com/netherlands-france/GObsfUb#id:11873991,france,miss,No information,assisted,19.2,50.7,0,right-foot,close-left,0,59.2,2.8,No information,No information,60,No information,3586,50.7,19.2,40.8,0,40.8,97.2,31,1814,shot
aurelien-tchouameni,https://www.sofascore.com/netherlands-france/GObsfUb#id:11873991,france,block,No information,assisted,28.2,37.1,0,right-foot,low-left,0,52.4,19,No information,No information,59,No information,3512,37.1,28.2,47.6,0,47.6,81,32,1888,shot
adrien-rabiot,https://www.sofascore.com/netherlands-france/GObsfUb#id:11873991,france,miss,No information,assisted,8.9,47.7,0,right-foot,high-right,0,28.4,68.1,No information,No information,57,No information,3396,47.7,8.9,71.6,0,71.6,31.9,34,2004,shot
memphis-depay,https://www.sofascore.com/netherlands-france/GObsfUb#id:11873991,netherlands,block,No information,free-kick,25.7,40.7,0,right-foot,low-centre,0,50.2,19,No information,No information,55,No information,3279,40.7,25.7,49.8,0,49.8,81,36,2121,shot
ngolo-kante,https://www.sofascore.com/netherlands-france/GObsfUb#id:11873991,france,miss,No information,assisted,23.9,71.5,0,right-foot,high,0,45.2,72.2,No information,No information,52,No information,3117,71.5,23.9,54.8,0,54.8,27.8,39,2283,shot
ousmane-dembele,https://www.sofascore.com/netherlands-france/GObsfUb#id:11873991,france,block,No information,regular,20.9,56.2,0,left-foot,low-centre,0,48.6,19,No information,No information,51,No information,3020,56.2,20.9,51.4,0,51.4,81,40,2380,shot
antoine-griezmann,https://www.sofascore.com/netherlands-france/GObsfUb#id:11873991,france,save,No information,assisted,12,45.8,0,head,low-left,0,53,10.8,No information,No information,43,No information,2539,45.8,12,47,0,47,89.2,3,161,shot
antoine-griezmann,https://www.sofascore.com/netherlands-france/GObsfUb#id:11873991,france,block,No information,free-kick,19.4,71.5,0,left-foot,low-centre,0,49.9,19,No information,No information,41,No information,2434,71.5,19.4,50.1,0,50.1,81,5,266,shot
xavi-simons,https://www.sofascore.com/netherlands-france/GObsfUb#id:11873991,netherlands,save,No information,regular,24.4,37.6,0,right-foot,low-centre,0,48.4,3.8,No information,No information,36,No information,2104,37.6,24.4,51.6,0,51.6,96.2,10,596,shot
jeremie-frimpong,https://www.sofascore.com/netherlands-france/GObsfUb#id:11873991,netherlands,block,No information,regular,13.5,63.8,0,right-foot,low-right,0,47.7,19,No information,No information,35,No information,2066,63.8,13.5,52.3,0,52.3,81,11,634,shot
marcus-thuram,https://www.sofascore.com/netherlands-france/GObsfUb#id:11873991,france,miss,No information,assisted,8.9,70.7,0,right-foot,close-high-right,0,44,48.6,No information,No information,28,No information,1658,70.7,8.9,56,0,56,51.4,18,1042,shot
tijjani-reijnders,https://www.sofascore.com/netherlands-france/GObsfUb#id:11873991,netherlands,block,No information,assisted,25.1,40.7,0,right-foot,low-centre,0,51.5,19,No information,No information,28,No information,1636,40.7,25.1,48.5,0,48.5,81,18,1064,shot
cody-gakpo,https://www.sofascore.com/netherlands-france/GObsfUb#id:11873991,netherlands,save,No information,assisted,19.4,32.7,0,right-foot,low-right,0,46.2,3.2,No information,No information,16,No information,955,32.7,19.4,53.8,0,53.8,96.8,30,1745,shot
antoine-griezmann,https://www.sofascore.com/netherlands-france/GObsfUb#id:11873991,france,miss,No information,assisted,11.1,47.7,0,left-foot,close-left,0,57.3,13.9,No information,No information,14,No information,826,47.7,11.1,42.7,0,42.7,86.1,32,1874,shot
antoine-griezmann,https://www.sofascore.com/netherlands-france/GObsfUb#id:11873991,france,save,No information,assisted,21.9,23.9,0,left-foot,high-centre,0,48.7,25.3,No information,No information,4,No information,227,23.9,21.9,51.3,0,51.3,74.7,42,2473,shot
jeremie-frimpong,https://www.sofascore.com/netherlands-france/GObsfUb#id:11873991,netherlands,save,No information,assisted,10,70.9,0,right-foot,low-left,0,52.6,5.1,No information,No information,1,No information,55,70.9,10,47.4,0,47.4,94.9,45,2645,shot

saba-lobjanidze,https://www.sofascore.com/georgia-czech-republic/oUbsnVb#id:12198160,georgia,miss,No information,fast-break,12,63,0,right-foot,high,0,51.8,62.5,No information,No information,90,5,5694,63,12,48.2,0,48.2,37.5,1,606,shot
tomas-holes,https://www.sofascore.com/georgia-czech-republic/oUbsnVb#id:12198160,czechia,block,No information,assisted,27.9,51.5,0,right-foot,low-left,0,52.1,19,No information,No information,90,5,5683,51.5,27.9,47.9,0,47.9,81,1,617,shot
matej-jurasek,https://www.sofascore.com/georgia-czech-republic/oUbsnVb#id:12198160,czechia,save,No information,assisted,18.5,30.7,0,right-foot,low-right,0,46.3,1.9,No information,No information,90,4,5617,30.7,18.5,53.7,0,53.7,98.1,1,683,shot
matej-jurasek,https://www.sofascore.com/georgia-czech-republic/oUbsnVb#id:12198160,czechia,miss,No information,assisted,24.3,72.8,0,left-foot,high,0,53.9,63.9,No information,No information,79,No information,4722,72.8,24.3,46.1,0,46.1,36.1,12,678,shot
lingr-ondrej,https://www.sofascore.com/georgia-czech-republic/oUbsnVb#id:12198160,czechia,save,No information,assisted,18.1,54.6,0,right-foot,low-right,0,46.1,4.4,No information,No information,78,No information,4634,54.6,18.1,53.9,0,53.9,95.6,13,766,shot
mojmir-chytil,https://www.sofascore.com/georgia-czech-republic/oUbsnVb#id:12198160,czechia,miss,No information,assisted,6.3,43.8,0,head,right,0,39,4.2,No information,No information,77,No information,4579,43.8,6.3,61,0,61,95.8,14,821,shot
david-jurasek,https://www.sofascore.com/georgia-czech-republic/oUbsnVb#id:12198160,czechia,miss,No information,corner,25.4,43.6,0,right-foot,high-right,0,37,55.6,No information,No information,72,No information,4308,43.6,25.4,63,0,63,44.4,19,1092,shot
ladislav-krejci,https://www.sofascore.com/georgia-czech-republic/oUbsnVb#id:12198160,czechia,block,No information,assisted,30.2,41.1,0,left-foot,low-right,0,47.8,19,No information,No information,72,No information,4280,41.1,30.2,52.2,0,52.2,81,19,1120,shot
khvicha-kvaratskhelia,https://www.sofascore.com/georgia-czech-republic/oUbsnVb#id:12198160,georgia,miss,No information,assisted,26,43,0,right-foot,high,0,50.1,84.7,No information,No information,71,No information,4216,43,26,49.9,0,49.9,15.3,20,1184,shot
matej-jurasek,https://www.sofascore.com/georgia-czech-republic/oUbsnVb#id:12198160,czechia,save,No information,assisted,24,54.8,0,left-foot,low-right,0,46.2,2.5,No information,No information,66,No information,3914,54.8,24,53.8,0,53.8,97.5,25,1486,shot
ladislav-krejci,https://www.sofascore.com/georgia-czech-republic/oUbsnVb#id:12198160,czechia,miss,No information,corner,9.9,52.2,0,head,left,0,60.2,22.2,No information,No information,62,No information,3660,52.2,9.9,39.8,0,39.8,77.8,29,1740,shot
patrik-schick,https://www.sofascore.com/georgia-czech-republic/oUbsnVb#id:12198160,czechia,goal,regular,corner,1.3,47.4,0,other,low-left,0,52.7,8.2,No information,No information,59,No information,3487,47.4,1.3,47.3,0,47.3,91.8,32,1913,shot
lingr-ondrej,https://www.sofascore.com/georgia-czech-republic/oUbsnVb#id:12198160,czechia,post,No information,corner,4.3,54.6,0,head,left,0,55.2,13.9,No information,No information,59,No information,3485,54.6,4.3,44.8,0,44.8,86.1,32,1915,shot
anzor-mekvabishvili,https://www.sofascore.com/georgia-czech-republic/oUbsnVb#id:12198160,georgia,miss,No information,fast-break,15.7,44.8,0,right-foot,right,0,40,1.4,No information,No information,57,No information,3405,44.8,15.7,60,0,60,98.6,34,1995,shot
david-jurasek,https://www.sofascore.com/georgia-czech-republic/oUbsnVb#id:12198160,czechia,miss,No information,corner,19,37.6,0,left-foot,right,0,38.2,11.1,No information,No information,57,No information,3393,37.6,19,61.8,0,61.8,88.9,34,2007,shot
lingr-ondrej,https://www.sofascore.com/georgia-czech-republic/oUbsnVb#id:12198160,czechia,block,No information,assisted,3.2,66,0,right-foot,low-right,0,47.7,19,No information,No information,57,No information,3364,66,3.2,52.3,0,52.3,81,34,2036,shot
patrik-schick,https://www.sofascore.com/georgia-czech-republic/oUbsnVb#id:12198160,czechia,block,No information,assisted,10.7,52.1,0,head,low-centre,0,49.3,19,No information,No information,51,No information,3052,52.1,10.7,50.7,0,50.7,81,40,2348,shot
patrik-schick,https://www.sofascore.com/georgia-czech-republic/oUbsnVb#id:12198160,czechia,save,No information,assisted,13.3,48.3,0,left-foot,low-left,0,53.1,1.9,No information,No information,45,5,2985,48.3,13.3,46.9,0,46.9,98.1,1,2415,shot
mikautadze-georges,https://www.sofascore.com/georgia-czech-republic/oUbsnVb#id:12198160,georgia,goal,penalty,penalty,11.5,50,0,right-foot,low-right,0,45.9,17.1,No information,No information,45,4,2901,50,11.5,54.1,0,54.1,82.9,1,2499,shot
otar-kakabadze,https://www.sofascore.com/georgia-czech-republic/oUbsnVb#id:12198160,georgia,block,No information,regular,18.8,70.3,0,left-foot,low-centre,0,51.6,19,No information,No information,34,No information,1983,70.3,18.8,48.4,0,48.4,81,12,717,shot
adam-hlozek,https://www.sofascore.com/georgia-czech-republic/oUbsnVb#id:12198160,czechia,save,No information,regular,17.6,30.3,0,right-foot,low-centre,0,50.6,16.5,No information,No information,29,No information,1688,30.3,17.6,49.4,0,49.4,83.5,17,1012,shot
vaclav-cerny,https://www.sofascore.com/georgia-czech-republic/oUbsnVb#id:12198160,czechia,save,No information,assisted,6.3,51.9,0,left-foot,low-centre,0,51,3.2,No information,No information,27,No information,1599,51.9,6.3,49,0,49,96.8,19,1101,shot
adam-hlozek,https://www.sofascore.com/georgia-czech-republic/oUbsnVb#id:12198160,czechia,save,No information,throw-in-set-piece,6.6,46.8,0,right-foot,low-centre,0,50.4,17.7,No information,No information,23,No information,1322,46.8,6.6,49.6,0,49.6,82.3,23,1378,shot
ladislav-krejci,https://www.sofascore.com/georgia-czech-republic/oUbsnVb#id:12198160,czechia,miss,No information,throw-in-set-piece,11.4,55.1,0,head,left,0,68.4,26.4,No information,No information,23,No information,1321,55.1,11.4,31.6,0,31.6,73.6,23,1379,shot
patrik-schick,https://www.sofascore.com/georgia-czech-republic/oUbsnVb#id:12198160,czechia,miss,No information,corner,6.9,53,0,head,left,0,59.5,19.4,No information,No information,15,No information,856,53,6.9,40.5,0,40.5,80.6,31,1844,shot
lukas-provod,https://www.sofascore.com/georgia-czech-republic/oUbsnVb#id:12198160,czechia,save,No information,assisted,25.4,56.6,0,right-foot,high-centre,0,48.8,31.6,No information,No information,13,No information,750,56.6,25.4,51.2,0,51.2,68.4,33,1950,shot
patrik-schick,https://www.sofascore.com/georgia-czech-republic/oUbsnVb#id:12198160,czechia,block,No information,regular,17.1,47.8,0,left-foot,low-centre,0,50.2,19,No information,No information,8,No information,479,47.8,17.1,49.8,0,49.8,81,38,2221,shot
vaclav-cerny,https://www.sofascore.com/georgia-czech-republic/oUbsnVb#id:12198160,czechia,block,No information,regular,18.1,65,0,right-foot,low-left,0,53.9,19,No information,No information,8,No information,425,65,18.1,46.1,0,46.1,81,38,2275,shot
patrik-schick,https://www.sofascore.com/georgia-czech-republic/oUbsnVb#id:12198160,czechia,save,No information,corner,12.5,55.6,0,head,low-left,0,53.6,3.8,No information,No information,4,No information,181,55.6,12.5,46.4,0,46.4,96.2,42,2519,shot
patrik-schick,https://www.sofascore.com/georgia-czech-republic/oUbsnVb#id:12198160,czechia,save,No information,throw-in-set-piece,7.7,57.6,0,left-foot,high-centre,0,48.6,30.4,No information,No information,3,No information,134,57.6,7.7,51.4,0,51.4,69.6,43,2566,shot
ladislav-krejci,https://www.sofascore.com/georgia-czech-republic/oUbsnVb#id:12198160,czechia,block,No information,throw-in-set-piece,10.1,41.5,0,right-foot,low-right,0,47.3,19,No information,No information,3,No information,132,41.5,10.1,52.7,0,52.7,81,43,2568,shot
adam-hlozek,https://www.sofascore.com/georgia-czech-republic/oUbsnVb#id:12198160,czechia,save,No information,throw-in-set-piece,9.7,39.7,0,left-foot,low-centre,0,51.3,0.6,No information,No information,3,No information,131,39.7,9.7,48.7,0,48.7,99.4,43,2569,shot

ruben-neves,https://www.sofascore.com/portugal-turkey/aUbseUb#id:11873984,portugal,miss,No information,assisted,24.8,62.6,0,right-foot,high-left,0,57.5,77.8,No information,No information,90,5,5672,62.6,24.8,42.5,0,42.5,22.2,1,628,shot
arda-guler,https://www.sofascore.com/portugal-turkey/aUbseUb#id:11873984,türkiye,miss,No information,assisted,48.6,33.5,0,left-foot,right,0,5.2,2.8,No information,No information,90,1,5448,33.5,48.6,94.8,0,94.8,97.2,1,852,shot
bernardo-silva,https://www.sofascore.com/portugal-turkey/aUbseUb#id:11873984,portugal,block,No information,assisted,11.9,44.2,0,left-foot,low-centre,0,48.8,19,No information,No information,90,No information,5368,44.2,11.9,51.2,0,51.2,81,1,32,shot
arda-guler,https://www.sofascore.com/portugal-turkey/aUbseUb#id:11873984,türkiye,block,No information,regular,27.1,69.3,0,left-foot,low-centre,0,51.7,19,No information,No information,81,No information,4833,69.3,27.1,48.3,0,48.3,81,10,567,shot
cristiano-ronaldo,https://www.sofascore.com/portugal-turkey/aUbseUb#id:11873984,portugal,miss,No information,assisted,7.3,46,0,head,right,0,22.9,9.7,No information,No information,66,No information,3921,46,7.3,77.1,0,77.1,90.3,25,1479,shot
yildiz-kenan,https://www.sofascore.com/portugal-turkey/aUbseUb#id:11873984,türkiye,miss,No information,assisted,23.1,28.6,0,right-foot,high-right,0,35,93.1,No information,No information,63,No information,3776,28.6,23.1,65,0,65,6.9,28,1624,shot
yusuf-yazici,https://www.sofascore.com/portugal-turkey/aUbseUb#id:11873984,türkiye,block,No information,assisted,19.5,34.4,0,left-foot,low-centre,0,50.9,19,No information,No information,60,No information,3574,34.4,19.5,49.1,0,49.1,81,31,1826,shot
bruno-fernandes,https://www.sofascore.com/portugal-turkey/aUbseUb#id:11873984,portugal,goal,regular,assisted,7.7,45.7,0,right-foot,low-centre,0,51.3,1.9,No information,No information,56,No information,3303,45.7,7.7,48.7,0,48.7,98.1,35,2097,shot
yusuf-yazici,https://www.sofascore.com/portugal-turkey/aUbseUb#id:11873984,türkiye,save,No information,assisted,27.7,69.7,0,left-foot,low-centre,0,50.8,10.8,No information,No information,53,No information,3162,69.7,27.7,49.2,0,49.2,89.2,38,2238,shot
orkun-kokcu,https://www.sofascore.com/portugal-turkey/aUbseUb#id:11873984,türkiye,save,No information,assisted,24.6,43.6,0,right-foot,low-left,0,54.5,1.9,No information,No information,41,No information,2411,43.6,24.6,45.5,0,45.5,98.1,5,289,shot
cristiano-ronaldo,https://www.sofascore.com/portugal-turkey/aUbseUb#id:11873984,portugal,miss,No information,assisted,18.4,37,0,right-foot,high,0,45.2,70.8,No information,No information,37,No information,2160,37,18.4,54.8,0,54.8,29.2,9,540,shot
bruno-fernandes,https://www.sofascore.com/portugal-turkey/aUbseUb#id:11873984,portugal,miss,No information,assisted,12.8,68.5,0,right-foot,high-right,0,40.7,70.8,No information,No information,35,No information,2082,68.5,12.8,59.3,0,59.3,29.2,11,618,shot
hakan-calhanoglu,https://www.sofascore.com/portugal-turkey/aUbseUb#id:11873984,türkiye,block,No information,corner,21.3,77.5,0,right-foot,low-left,0,53.9,19,No information,No information,32,No information,1893,77.5,21.3,46.1,0,46.1,81,14,807,shot
orkun-kokcu,https://www.sofascore.com/portugal-turkey/aUbseUb#id:11873984,türkiye,block,No information,corner,10.6,62.7,0,right-foot,low-centre,0,50.3,19,No information,No information,32,No information,1890,62.7,10.6,49.7,0,49.7,81,14,810,shot
kerem-akturkoglu,https://www.sofascore.com/portugal-turkey/aUbseUb#id:11873984,türkiye,save,No information,assisted,7.4,32.1,0,right-foot,low-left,0,53.9,1.9,No information,No information,31,No information,1816,32.1,7.4,46.1,0,46.1,98.1,15,884,shot
samet-akaydin,https://www.sofascore.com/portugal-turkey/aUbseUb#id:11873984,portugal,goal,own,regular,19.7,69.7,0,right-foot,low-centre,0,48.4,1.3,No information,No information,28,No information,1678,69.7,19.7,51.6,0,51.6,98.7,18,1022,shot
bruno-fernandes,https://www.sofascore.com/portugal-turkey/aUbseUb#id:11873984,portugal,miss,No information,regular,15.8,38.9,0,right-foot,right,0,36.8,12.5,No information,No information,24,No information,1424,38.9,15.8,63.2,0,63.2,87.5,22,1276,shot
bernardo-silva,https://www.sofascore.com/portugal-turkey/aUbseUb#id:11873984,portugal,goal,regular,regular,8.8,54.3,0,left-foot,low-right,0,46.1,13.9,No information,No information,21,No information,1258,54.3,8.8,53.9,0,53.9,86.1,25,1442,shot
rafael-leao,https://www.sofascore.com/portugal-turkey/aUbseUb#id:11873984,portugal,miss,No information,assisted,9.5,44.9,0,head,left,0,61,19.4,No information,No information,15,No information,871,44.9,9.5,39,0,39,80.6,31,1829,shot
cristiano-ronaldo,https://www.sofascore.com/portugal-turkey/aUbseUb#id:11873984,portugal,miss,No information,assisted,7.7,46.2,0,head,high-left,0,60.7,48.6,No information,No information,8,No information,451,46.2,7.7,39.3,0,39.3,51.4,38,2249,shot
kerem-akturkoglu,https://www.sofascore.com/portugal-turkey/aUbseUb#id:11873984,türkiye,miss,No information,assisted,3.5,45,0,right-foot,right,0,35.3,18.1,No information,No information,6,No information,349,45,3.5,64.7,0,64.7,81.9,40,2351,shot
kerem-akturkoglu,https://www.sofascore.com/portugal-turkey/aUbseUb#id:11873984,türkiye,miss,No information,assisted,9.4,57,0,right-foot,right,0,33.1,13.9,No information,No information,5,No information,277,57,9.4,66.9,0,66.9,86.1,41,2423,shot
bruno-fernandes,https://www.sofascore.com/portugal-turkey/aUbseUb#id:11873984,portugal,block,No information,assisted,27.1,53.3,0,left-foot,low-centre,0,50.8,19,No information,No information,4,No information,210,53.3,27.1,49.2,0,49.2,81,42,2490,shot
cristiano-ronaldo,https://www.sofascore.com/portugal-turkey/aUbseUb#id:11873984,portugal,save,No information,assisted,14.2,68.5,0,right-foot,low-right,0,46.2,1.3,No information,No information,2,No information,68,68.5,14.2,53.8,0,53.8,98.7,44,2632,shot

radu-dragusin,https://www.sofascore.com/belgium-romania/CObsrUb#id:11873980,romania,block,No information,regular,27.8,61.5,0,right-foot,low-centre,0,51,19,No information,No information,90,2,5507,61.5,27.8,49,0,49,81,1,793,shot
romelu-lukaku,https://www.sofascore.com/belgium-romania/CObsrUb#id:11873980,belgium,save,No information,fast-break,5.5,67.5,0,right-foot,low-left,0,52.9,2.5,No information,No information,89,No information,5310,67.5,5.5,47.1,0,47.1,97.5,2,90,shot
leandro-trossard,https://www.sofascore.com/belgium-romania/CObsrUb#id:11873980,belgium,block,No information,assisted,10.5,66.9,0,right-foot,low-right,0,46.5,19,No information,No information,86,No information,5126,66.9,10.5,53.5,0,53.5,81,5,274,shot
radu-dragusin,https://www.sofascore.com/belgium-romania/CObsrUb#id:11873980,romania,miss,No information,corner,10.6,39.5,0,head,right,0,38.5,16.7,No information,No information,85,No information,5097,39.5,10.6,61.5,0,61.5,83.3,6,303,shot
denis-alibec,https://www.sofascore.com/belgium-romania/CObsrUb#id:11873980,romania,save,No information,regular,12.3,45,0,left-foot,low-right,0,46.6,19,No information,No information,85,No information,5061,45,12.3,53.4,0,53.4,81,6,339,shot
kevin-de-bruyne,https://www.sofascore.com/belgium-romania/CObsrUb#id:11873980,belgium,goal,regular,regular,12.3,53.6,0,right-foot,low-right,0,47.1,3.2,No information,No information,80,No information,4741,53.6,12.3,52.9,0,52.9,96.8,11,659,shot
razvan-marin,https://www.sofascore.com/belgium-romania/CObsrUb#id:11873980,romania,miss,No information,assisted,31.2,40.5,0,right-foot,right,0,35.1,34.7,No information,No information,75,No information,4441,40.5,31.2,64.9,0,64.9,65.3,16,959,shot
dennis-man,https://www.sofascore.com/belgium-romania/CObsrUb#id:11873980,romania,save,No information,regular,13.1,56.9,0,right-foot,low-right,0,48,17.1,No information,No information,68,No information,4060,56.9,13.1,52,0,52,82.9,23,1340,shot
kevin-de-bruyne,https://www.sofascore.com/belgium-romania/CObsrUb#id:11873980,belgium,miss,No information,assisted,22,36,0,right-foot,high-right,0,41,97.2,No information,No information,67,No information,3990,36,22,59,0,59,2.8,24,1410,shot
romelu-lukaku,https://www.sofascore.com/belgium-romania/CObsrUb#id:11873980,belgium,save,No information,regular,9,55.1,0,right-foot,low-right,0,47.2,14.6,No information,No information,66,No information,3940,55.1,9,52.8,0,52.8,85.4,25,1460,shot
jeremy-doku,https://www.sofascore.com/belgium-romania/CObsrUb#id:11873980,belgium,miss,No information,assisted,7.8,34.2,0,left-foot,close-left,0,56.6,23.6,No information,No information,63,No information,3722,34.2,7.8,43.4,0,43.4,76.4,28,1678,shot
romelu-lukaku,https://www.sofascore.com/belgium-romania/CObsrUb#id:11873980,belgium,save,No information,set-piece,7.6,53,0,right-foot,low-centre,0,48.7,0.6,No information,No information,59,No information,3482,53,7.6,51.3,0,51.3,99.4,32,1918,shot
romelu-lukaku,https://www.sofascore.com/belgium-romania/CObsrUb#id:11873980,belgium,block,No information,assisted,15.1,61.7,0,right-foot,low-centre,0,48.6,19,No information,No information,58,No information,3435,61.7,15.1,51.4,0,51.4,81,33,1965,shot
valentin-mihaila,https://www.sofascore.com/belgium-romania/CObsrUb#id:11873980,romania,miss,No information,assisted,22,39.4,0,right-foot,high-right,0,43.9,80.6,No information,No information,57,No information,3373,39.4,22,56.1,0,56.1,19.4,34,2027,shot
kevin-de-bruyne,https://www.sofascore.com/belgium-romania/CObsrUb#id:11873980,belgium,save,No information,assisted,18.3,50.9,0,right-foot,low-right,0,48.1,1.9,No information,No information,55,No information,3282,50.9,18.3,51.9,0,51.9,98.1,36,2118,shot
kevin-de-bruyne,https://www.sofascore.com/belgium-romania/CObsrUb#id:11873980,belgium,miss,No information,assisted,20.1,31.5,0,right-foot,close-right,0,43.2,15.3,No information,No information,52,No information,3097,31.5,20.1,56.8,0,56.8,84.7,39,2303,shot
valentin-mihaila,https://www.sofascore.com/belgium-romania/CObsrUb#id:11873980,romania,miss,No information,regular,12.2,35.6,0,left-foot,high-left,0,57.8,75,No information,No information,48,No information,2840,35.6,12.2,42.2,0,42.2,25,43,2560,shot
dennis-man,https://www.sofascore.com/belgium-romania/CObsrUb#id:11873980,romania,save,No information,assisted,23.2,72.2,0,left-foot,low-right,0,48.1,11.4,No information,No information,46,No information,2743,72.2,23.2,51.9,0,51.9,88.6,45,2657,shot
andrei-burca,https://www.sofascore.com/belgium-romania/CObsrUb#id:11873980,romania,miss,No information,corner,7.9,49.3,0,head,high,0,45.2,80.6,No information,No information,45,No information,2689,49.3,7.9,54.8,0,54.8,19.4,1,11,shot
kevin-de-bruyne,https://www.sofascore.com/belgium-romania/CObsrUb#id:11873980,belgium,save,No information,fast-break,13.1,63.3,0,right-foot,low-left,0,54.2,0.6,No information,No information,43,No information,2522,63.3,13.1,45.8,0,45.8,99.4,3,178,shot
dennis-man,https://www.sofascore.com/belgium-romania/CObsrUb#id:11873980,romania,save,No information,assisted,14.6,67.9,0,left-foot,low-right,0,45.8,3.2,No information,No information,37,No information,2160,67.9,14.6,54.2,0,54.2,96.8,9,540,shot
dodi-lukebakio,https://www.sofascore.com/belgium-romania/CObsrUb#id:11873980,belgium,block,No information,assisted,15,69.7,0,left-foot,low-right,0,46.6,19,No information,No information,33,No information,1973,69.7,15,53.4,0,53.4,81,13,727,shot
dodi-lukebakio,https://www.sofascore.com/belgium-romania/CObsrUb#id:11873980,belgium,block,No information,corner,6.1,29.5,0,left-foot,low-left,0,53.7,19,No information,No information,31,No information,1813,29.5,6.1,46.3,0,46.3,81,15,887,shot
jeremy-doku,https://www.sofascore.com/belgium-romania/CObsrUb#id:11873980,belgium,save,No information,corner,2.7,29.4,0,left-foot,high-left,0,52.9,22.8,No information,No information,31,No information,1811,29.4,2.7,47.1,0,47.1,77.2,15,889,shot
valentin-mihaila,https://www.sofascore.com/belgium-romania/CObsrUb#id:11873980,romania,block,No information,fast-break,18.4,33.1,0,right-foot,low-centre,0,51.3,19,No information,No information,24,No information,1422,33.1,18.4,48.7,0,48.7,81,22,1278,shot
valentin-mihaila,https://www.sofascore.com/belgium-romania/CObsrUb#id:11873980,romania,miss,No information,corner,22.3,45.1,0,right-foot,high-right,0,33.9,98.6,No information,No information,21,No information,1240,45.1,22.3,66.1,0,66.1,1.4,25,1460,shot
jan-vertonghen,https://www.sofascore.com/belgium-romania/CObsrUb#id:11873980,belgium,miss,No information,corner,10.1,45,0,left-foot,high,0,52.6,66.7,No information,No information,19,No information,1105,45,10.1,47.4,0,47.4,33.3,27,1595,shot
dodi-lukebakio,https://www.sofascore.com/belgium-romania/CObsrUb#id:11873980,belgium,save,No information,fast-break,12.3,58.7,0,left-foot,high-left,0,52.9,25.3,No information,No information,18,No information,1073,58.7,12.3,47.1,0,47.1,74.7,28,1627,shot
amadou-onana,https://www.sofascore.com/belgium-romania/CObsrUb#id:11873980,belgium,miss,No information,regular,23.2,52.8,0,right-foot,right,0,37.1,16.7,No information,No information,18,No information,1034,52.8,23.2,62.9,0,62.9,83.3,28,1666,shot
romelu-lukaku,https://www.sofascore.com/belgium-romania/CObsrUb#id:11873980,belgium,block,No information,assisted,8.5,47.7,0,right-foot,low-centre,0,49.1,19,No information,No information,13,No information,775,47.7,8.5,50.9,0,50.9,81,33,1925,shot
youri-tielemans,https://www.sofascore.com/belgium-romania/CObsrUb#id:11873980,belgium,block,No information,assisted,21.4,45.2,0,right-foot,low-centre,0,49.3,19,No information,No information,11,No information,653,45.2,21.4,50.7,0,50.7,81,35,2047,shot
radu-dragusin,https://www.sofascore.com/belgium-romania/CObsrUb#id:11873980,romania,save,No information,corner,7,51.1,0,head,high-centre,0,49,33.5,No information,No information,5,No information,241,51.1,7,51,0,51,66.5,41,2459,shot
razvan-marin,https://www.sofascore.com/belgium-romania/CObsrUb#id:11873980,romania,miss,No information,assisted,24.6,68.9,0,right-foot,right,0,33.4,23.6,No information,No information,3,No information,157,68.9,24.6,66.6,0,66.6,76.4,43,2543,shot
youri-tielemans,https://www.sofascore.com/belgium-romania/CObsrUb#id:11873980,belgium,goal,regular,assisted,18.8,54.3,0,right-foot,low-centre,0,51.3,5.1,No information,No information,2,No information,74,54.3,18.8,48.7,0,48.7,94.9,44,2626,shot

csoboth-kevin,https://www.sofascore.com/hungary-scotland/VTbsjUb#id:11873899,hungary,goal,regular,fast-break,11.9,46.6,0,right-foot,low-left,0,53.8,5.7,No information,No information,90,10,5972,46.6,11.9,46.2,0,46.2,94.3,1,328,shot
callum-mcgregor,https://www.sofascore.com/hungary-scotland/VTbsjUb#id:11873899,scotland,block,No information,corner,11.3,46.3,0,right-foot,low-right,0,48,19,No information,No information,90,10,5957,46.3,11.3,52,0,52,81,1,343,shot
lewis-morgan,https://www.sofascore.com/hungary-scotland/VTbsjUb#id:11873899,scotland,block,No information,assisted,15,39.2,0,left-foot,high-left,0,54.3,23.6,No information,No information,90,8,5827,39.2,15,45.7,0,45.7,76.4,1,473,shot
adam-nagy,https://www.sofascore.com/hungary-scotland/VTbsjUb#id:11873899,hungary,miss,No information,assisted,30.4,36.3,0,left-foot,close-left,0,59,1.4,No information,No information,90,7,5800,36.3,30.4,41,0,41,98.6,1,500,shot
callum-mcgregor,https://www.sofascore.com/hungary-scotland/VTbsjUb#id:11873899,scotland,block,No information,set-piece,26.3,43.3,0,left-foot,low-centre,0,48.8,19,No information,No information,90,4,5602,43.3,26.3,51.2,0,51.2,81,1,698,shot
csoboth-kevin,https://www.sofascore.com/hungary-scotland/VTbsjUb#id:11873899,hungary,post,No information,assisted,5.8,66.2,0,right-foot,left,0,55.3,7,No information,No information,90,2,5498,66.2,5.8,44.7,0,44.7,93,1,802,shot
dominik-szoboszlai,https://www.sofascore.com/hungary-scotland/VTbsjUb#id:11873899,hungary,save,No information,assisted,11.8,72.7,0,right-foot,low-centre,0,49,3.2,No information,No information,90,1,5442,72.7,11.8,51,0,51,96.8,1,858,shot
andras-schafer,https://www.sofascore.com/hungary-scotland/VTbsjUb#id:11873899,hungary,miss,No information,corner,22.4,55.4,0,left-foot,right,0,38.8,1.4,No information,No information,90,No information,5398,55.4,22.4,61.2,0,61.2,98.6,1,2,shot
andras-schafer,https://www.sofascore.com/hungary-scotland/VTbsjUb#id:11873899,hungary,save,No information,assisted,13.6,69.6,0,right-foot,low-right,0,46.1,10.1,No information,No information,90,No information,5371,69.6,13.6,53.9,0,53.9,89.9,1,29,shot
marton-dardai,https://www.sofascore.com/hungary-scotland/VTbsjUb#id:11873899,hungary,miss,No information,corner,9,55.1,0,head,close-high,0,48.4,59.7,No information,No information,64,No information,3826,55.1,9,51.6,0,51.6,40.3,27,1574,shot
roland-sallai,https://www.sofascore.com/hungary-scotland/VTbsjUb#id:11873899,hungary,block,No information,fast-break,15.2,33.4,0,right-foot,low-right,0,48,19,No information,No information,56,No information,3332,33.4,15.2,52,0,52,81,35,2068,shot
che-adams,https://www.sofascore.com/hungary-scotland/VTbsjUb#id:11873899,scotland,miss,No information,fast-break,20.4,28.7,0,right-foot,close-high,0,46.4,55.6,No information,No information,53,No information,3174,28.7,20.4,53.6,0,53.6,44.4,38,2226,shot
roland-sallai,https://www.sofascore.com/hungary-scotland/VTbsjUb#id:11873899,hungary,save,No information,assisted,13.6,41.5,0,left-foot,low-left,0,52.2,6.3,No information,No information,49,No information,2921,41.5,13.6,47.8,0,47.8,93.7,42,2479,shot
dominik-szoboszlai,https://www.sofascore.com/hungary-scotland/VTbsjUb#id:11873899,hungary,miss,No information,regular,24.5,54.5,0,left-foot,high,0,50.9,63.9,No information,No information,45,1,2744,54.5,24.5,49.1,0,49.1,36.1,1,2656,shot
willi-orban,https://www.sofascore.com/hungary-scotland/VTbsjUb#id:11873899,hungary,post,No information,set-piece,4.3,38,0,head,high,0,51.2,39.2,No information,No information,41,No information,2419,38,4.3,48.8,0,48.8,60.8,5,281,shot
roland-sallai,https://www.sofascore.com/hungary-scotland/VTbsjUb#id:11873899,hungary,miss,No information,regular,23.5,64.2,0,right-foot,close-high-right,0,42.7,47.2,No information,No information,35,No information,2044,64.2,23.5,57.3,0,57.3,52.8,11,656,shot
dominik-szoboszlai,https://www.sofascore.com/hungary-scotland/VTbsjUb#id:11873899,hungary,block,No information,free-kick,26.8,54.6,0,right-foot,low-right,0,47.6,19,No information,No information,32,No information,1887,54.6,26.8,52.4,0,52.4,81,14,813,shot
bendeguz-bolla,https://www.sofascore.com/hungary-scotland/VTbsjUb#id:11873899,hungary,save,No information,assisted,26.7,67.3,0,right-foot,low-centre,0,51.6,5.1,No information,No information,8,No information,429,67.3,26.7,48.4,0,48.4,94.9,38,2271,shot

niclas-fullkrug,https://www.sofascore.com/germany-switzerland/ZTbslUb#id:11873902,germany,goal,regular,assisted,7.1,54,0,head,high-left,0,53.5,25.9,No information,No information,90,2,5464,54,7.1,46.5,0,46.5,74.1,1,836,shot
granit-xhaka,https://www.sofascore.com/germany-switzerland/ZTbslUb#id:11873902,switzerland,save,No information,fast-break,23.3,43.4,0,left-foot,high-left,0,54.3,24.1,No information,No information,88,No information,5271,43.4,23.3,45.7,0,45.7,75.9,3,129,shot
kai-havertz,https://www.sofascore.com/germany-switzerland/ZTbslUb#id:11873902,germany,post,No information,corner,7.7,55.2,0,other,high,0,52.4,38.6,No information,No information,85,No information,5075,55.2,7.7,47.6,0,47.6,61.4,6,325,shot
leroy-sane,https://www.sofascore.com/germany-switzerland/ZTbslUb#id:11873902,germany,miss,No information,set-piece,15,66.2,0,left-foot,left,0,63,38.9,No information,No information,82,No information,4873,66.2,15,37,0,37,61.1,9,527,shot
kwadwo-duah,https://www.sofascore.com/germany-switzerland/ZTbslUb#id:11873902,switzerland,save,No information,assisted,23.8,69.9,0,right-foot,low-right,0,47.4,3.2,No information,No information,74,No information,4390,69.9,23.8,52.6,0,52.6,96.8,17,1010,shot
joshua-kimmich,https://www.sofascore.com/germany-switzerland/ZTbslUb#id:11873902,germany,block,No information,assisted,4.5,57.3,0,left-foot,low-centre,0,49.2,19,No information,No information,70,No information,4186,57.3,4.5,50.8,0,50.8,81,21,1214,shot
kai-havertz,https://www.sofascore.com/germany-switzerland/ZTbslUb#id:11873902,germany,miss,No information,set-piece,4.9,54.2,0,head,high,0,50.1,63.9,No information,No information,68,No information,4023,54.2,4.9,49.9,0,49.9,36.1,23,1377,shot
kai-havertz,https://www.sofascore.com/germany-switzerland/ZTbslUb#id:11873902,germany,miss,No information,corner,9.4,47.8,0,head,high,0,51.1,80.6,No information,No information,64,No information,3827,47.8,9.4,48.9,0,48.9,19.4,27,1573,shot
ilkay-gundogan,https://www.sofascore.com/germany-switzerland/ZTbslUb#id:11873902,germany,block,No information,assisted,9.9,53.9,0,head,low-centre,0,51.5,19,No information,No information,64,No information,3812,53.9,9.9,48.5,0,48.5,81,27,1588,shot
david-raum,https://www.sofascore.com/germany-switzerland/ZTbslUb#id:11873902,germany,miss,No information,assisted,30.2,32.3,0,left-foot,close-high,0,51.6,58.3,No information,No information,63,No information,3760,32.3,30.2,48.4,0,48.4,41.7,28,1640,shot
toni-kroos,https://www.sofascore.com/germany-switzerland/ZTbslUb#id:11873902,germany,miss,No information,assisted,24.6,49.5,0,right-foot,left,0,59.3,19.4,No information,No information,55,No information,3245,49.5,24.6,40.7,0,40.7,80.6,36,2155,shot
ilkay-gundogan,https://www.sofascore.com/germany-switzerland/ZTbslUb#id:11873902,germany,miss,No information,regular,13.2,52.5,0,left-foot,left,0,62,16.7,No information,No information,50,No information,2995,52.5,13.2,38,0,38,83.3,41,2405,shot
jamal-musiala,https://www.sofascore.com/germany-switzerland/ZTbslUb#id:11873902,germany,save,No information,assisted,17.2,61.8,0,right-foot,low-centre,0,51.7,11.4,No information,No information,50,No information,2993,61.8,17.2,48.3,0,48.3,88.6,41,2407,shot
robert-andrich,https://www.sofascore.com/germany-switzerland/ZTbslUb#id:11873902,germany,miss,No information,assisted,23.5,47.7,0,right-foot,high-right,0,39.3,48.6,No information,No information,43,No information,2557,47.7,23.5,60.7,0,60.7,51.4,3,143,shot
kai-havertz,https://www.sofascore.com/germany-switzerland/ZTbslUb#id:11873902,germany,miss,No information,assisted,11,64.9,0,left-foot,high,0,53.1,70.8,No information,No information,42,No information,2484,64.9,11,46.9,0,46.9,29.2,4,216,shot
antonio-rudiger,https://www.sofascore.com/germany-switzerland/ZTbslUb#id:11873902,germany,miss,No information,corner,5.1,56.6,0,head,close-right,0,42,30.6,No information,No information,41,No information,2440,56.6,5.1,58,0,58,69.4,5,260,shot
robert-andrich,https://www.sofascore.com/germany-switzerland/ZTbslUb#id:11873902,germany,block,No information,assisted,27.7,37.5,0,right-foot,high-centre,0,48.9,22.2,No information,No information,33,No information,1952,37.5,27.7,51.1,0,51.1,77.8,13,748,shot
dan-ndoye,https://www.sofascore.com/germany-switzerland/ZTbslUb#id:11873902,switzerland,miss,No information,assisted,18.3,30.6,0,left-foot,close-right,0,41,5.6,No information,No information,31,No information,1801,30.6,18.3,59,0,59,94.4,15,899,shot
dan-ndoye,https://www.sofascore.com/germany-switzerland/ZTbslUb#id:11873902,switzerland,goal,regular,assisted,4.6,47,0,right-foot,high-left,0,52.9,29.7,No information,No information,28,No information,1671,47,4.6,47.1,0,47.1,70.3,18,1029,shot
kai-havertz,https://www.sofascore.com/germany-switzerland/ZTbslUb#id:11873902,germany,block,No information,assisted,11.9,43.6,0,left-foot,low-centre,0,49.2,8.3,No information,No information,12,No information,696,43.6,11.9,50.8,0,50.8,91.7,34,2004,shot
ilkay-gundogan,https://www.sofascore.com/germany-switzerland/ZTbslUb#id:11873902,germany,block,No information,assisted,24.1,46.2,0,right-foot,low-centre,0,49.1,15.3,No information,No information,11,No information,650,46.2,24.1,50.9,0,50.9,84.7,35,2050,shot
kai-havertz,https://www.sofascore.com/germany-switzerland/ZTbslUb#id:11873902,germany,save,No information,corner,6.7,58.9,0,head,high-centre,0,48.4,20.9,No information,No information,3,No information,140,58.9,6.7,51.6,0,51.6,79.1,43,2560,shot

emre-can,https://www.sofascore.com/germany-scotland/VTbslUb#id:11873905,germany,goal,regular,assisted,20.3,47.8,0,right-foot,low-right,0,45.8,8.2,No information,No information,90,3,5553,47.8,20.3,54.2,0,54.2,91.8,1,747,shot
antonio-rudiger,https://www.sofascore.com/germany-scotland/VTbslUb#id:11873905,scotland,goal,own,set-piece,7.7,53.8,0,head,high-centre,0,49,28.5,No information,No information,87,No information,5192,53.8,7.7,51,0,51,71.5,4,208,shot
scott-mckenna,https://www.sofascore.com/germany-scotland/VTbslUb#id:11873905,scotland,miss,No information,set-piece,10.1,63.6,0,head,left,0,99.5,4.2,No information,No information,87,No information,5190,63.6,10.1,0.5,0,0.5,95.8,4,210,shot
leroy-sane,https://www.sofascore.com/germany-scotland/VTbslUb#id:11873905,germany,miss,No information,fast-break,25.3,52.6,0,left-foot,high-left,0,56.6,79.2,No information,No information,86,No information,5111,52.6,25.3,43.4,0,43.4,20.8,5,289,shot
leroy-sane,https://www.sofascore.com/germany-scotland/VTbslUb#id:11873905,germany,save,No information,assisted,19.5,68.5,0,left-foot,high-centre,0,50.2,20.3,No information,No information,83,No information,4973,68.5,19.5,49.8,0,49.8,79.7,8,427,shot
maximilian-mittelstadt,https://www.sofascore.com/germany-scotland/VTbslUb#id:11873905,germany,miss,No information,corner,15.6,31.3,0,left-foot,high,0,48.2,90.3,No information,No information,80,No information,4763,31.3,15.6,51.8,0,51.8,9.7,11,637,shot
niclas-fullkrug,https://www.sofascore.com/germany-scotland/VTbslUb#id:11873905,germany,goal,regular,regular,15,48,0,right-foot,high-right,0,46.4,23.4,No information,No information,68,No information,4063,48,15,53.6,0,53.6,76.6,23,1337,shot
maximilian-mittelstadt,https://www.sofascore.com/germany-scotland/VTbslUb#id:11873905,germany,miss,No information,corner,21,32.1,0,left-foot,high,0,46.9,62.5,No information,No information,66,No information,3923,32.1,21,53.1,0,53.1,37.5,25,1477,shot
leroy-sane,https://www.sofascore.com/germany-scotland/VTbslUb#id:11873905,germany,save,No information,fast-break,11.7,65.4,0,left-foot,low-right,0,47.8,1.3,No information,No information,63,No information,3779,65.4,11.7,52.2,0,52.2,98.7,28,1621,shot
florian-wirtz,https://www.sofascore.com/germany-scotland/VTbslUb#id:11873905,germany,miss,No information,assisted,27.8,44.8,0,right-foot,high-left,0,57,81.9,No information,No information,60,No information,3595,44.8,27.8,43,0,43,18.1,31,1805,shot
maximilian-mittelstadt,https://www.sofascore.com/germany-scotland/VTbslUb#id:11873905,germany,block,No information,regular,15.9,29.4,0,left-foot,low-centre,0,49.6,9.7,No information,No information,60,No information,3586,29.4,15.9,50.4,0,50.4,90.3,31,1814,shot
ilkay-gundogan,https://www.sofascore.com/germany-scotland/VTbslUb#id:11873905,germany,block,No information,regular,8.2,46.4,0,left-foot,low-centre,0,50,19,No information,No information,59,No information,3511,46.4,8.2,50,0,50,81,32,1889,shot
florian-wirtz,https://www.sofascore.com/germany-scotland/VTbslUb#id:11873905,germany,miss,No information,assisted,7.6,58.9,0,right-foot,high,0,47.1,65.3,No information,No information,58,No information,3424,58.9,7.6,52.9,0,52.9,34.7,33,1976,shot
joshua-kimmich,https://www.sofascore.com/germany-scotland/VTbslUb#id:11873905,germany,block,No information,corner,21.6,65.8,0,right-foot,low-left,0,52,19,No information,No information,57,No information,3389,65.8,21.6,48,0,48,81,34,2011,shot
pascal-gross,https://www.sofascore.com/germany-scotland/VTbslUb#id:11873905,germany,block,No information,corner,20.7,32.3,0,right-foot,low-right,0,48,19,No information,No information,57,No information,3366,32.3,20.7,52,0,52,81,34,2034,shot
antonio-rudiger,https://www.sofascore.com/germany-scotland/VTbslUb#id:11873905,germany,block,No information,corner,12.1,53.6,0,head,low-left,0,52.3,19,No information,No information,52,No information,3072,53.6,12.1,47.7,0,47.7,81,39,2328,shot
antonio-rudiger,https://www.sofascore.com/germany-scotland/VTbslUb#id:11873905,germany,save,No information,assisted,30.9,53.6,0,right-foot,low-left,0,53.9,10.8,No information,No information,51,No information,3023,53.6,30.9,46.1,0,46.1,89.2,40,2377,shot
kai-havertz,https://www.sofascore.com/germany-scotland/VTbslUb#id:11873905,germany,goal,penalty,penalty,11.5,50,0,left-foot,low-left,0,52.2,13.9,No information,No information,45,1,2734,50,11.5,47.8,0,47.8,86.1,1,2666,shot
ilkay-gundogan,https://www.sofascore.com/germany-scotland/VTbslUb#id:11873905,germany,save,No information,assisted,7.6,53.2,0,head,low-left,0,52.1,1.3,No information,No information,42,No information,2464,53.2,7.6,47.9,0,47.9,98.7,4,236,shot
kai-havertz,https://www.sofascore.com/germany-scotland/VTbslUb#id:11873905,germany,save,No information,free-kick,18.4,52.1,0,left-foot,low-left,0,53.7,7.6,No information,No information,28,No information,1636,52.1,18.4,46.3,0,46.3,92.4,18,1064,shot
jamal-musiala,https://www.sofascore.com/germany-scotland/VTbslUb#id:11873905,germany,goal,regular,assisted,12.5,47,0,right-foot,high-left,0,52.6,32.3,No information,No information,19,No information,1123,47,12.5,47.4,0,47.4,67.7,27,1577,shot
florian-wirtz,https://www.sofascore.com/germany-scotland/VTbslUb#id:11873905,germany,goal,regular,assisted,17.7,51.6,0,right-foot,low-left,0,53.9,4.4,No information,No information,10,No information,594,51.6,17.7,46.1,0,46.1,95.6,36,2106,shot

breel-embolo,https://www.sofascore.com/hungary-switzerland/ZTbsjUb#id:11873897,switzerland,goal,regular,regular,12.5,51.6,0,right-foot,low-centre,0,51.6,17.1,No information,No information,90,3,5561,51.6,12.5,48.4,0,48.4,82.9,1,739,shot
granit-xhaka,https://www.sofascore.com/hungary-switzerland/ZTbsjUb#id:11873897,switzerland,save,No information,corner,3.8,59.5,0,head,low-centre,0,48.9,12.7,No information,No information,90,No information,5351,59.5,3.8,51.1,0,51.1,87.3,1,49,shot
vincent-sierro,https://www.sofascore.com/hungary-switzerland/ZTbsjUb#id:11873897,switzerland,block,No information,assisted,26.9,36.6,0,right-foot,low-centre,0,48.6,19,No information,No information,89,No information,5311,36.6,26.9,51.4,0,51.4,81,2,89,shot
dan-ndoye,https://www.sofascore.com/hungary-switzerland/ZTbsjUb#id:11873897,switzerland,miss,No information,assisted,12.4,61.9,0,right-foot,right,0,36.1,5.6,No information,No information,83,No information,4942,61.9,12.4,63.9,0,63.9,94.4,8,458,shot
fabian-schar,https://www.sofascore.com/hungary-switzerland/ZTbsjUb#id:11873897,switzerland,miss,No information,corner,6.8,51.5,0,head,close-right,0,42.7,13.9,No information,No information,72,No information,4294,51.5,6.8,57.3,0,57.3,86.1,19,1106,shot
dan-ndoye,https://www.sofascore.com/hungary-switzerland/ZTbsjUb#id:11873897,switzerland,block,No information,assisted,9.1,27.8,0,right-foot,low-centre,0,49.7,19,No information,No information,71,No information,4239,27.8,9.1,50.3,0,50.3,81,20,1161,shot
roland-sallai,https://www.sofascore.com/hungary-switzerland/ZTbsjUb#id:11873897,hungary,block,No information,set-piece,13.7,46.1,0,right-foot,low-centre,0,50.9,19,No information,No information,69,No information,4088,46.1,13.7,49.1,0,49.1,81,22,1312,shot
barnabas-varga,https://www.sofascore.com/hungary-switzerland/ZTbsjUb#id:11873897,hungary,goal,regular,assisted,4.7,51.9,0,head,low-right,0,47.4,12.7,No information,No information,66,No information,3925,51.9,4.7,52.6,0,52.6,87.3,25,1475,shot
barnabas-varga,https://www.sofascore.com/hungary-switzerland/ZTbsjUb#id:11873897,hungary,miss,No information,assisted,7.6,53.4,0,head,close-left,0,57,27.8,No information,No information,63,No information,3768,53.4,7.6,43,0,43,72.2,28,1632,shot
dan-ndoye,https://www.sofascore.com/hungary-switzerland/ZTbsjUb#id:11873897,switzerland,miss,No information,regular,21.5,62.2,0,right-foot,high,0,47.1,93.1,No information,No information,58,No information,3476,62.2,21.5,52.9,0,52.9,6.9,33,1924,shot
ruben-vargas,https://www.sofascore.com/hungary-switzerland/ZTbsjUb#id:11873897,switzerland,save,No information,assisted,11.1,34.9,0,left-foot,low-centre,0,49.7,3.2,No information,No information,54,No information,3191,34.9,11.1,50.3,0,50.3,96.8,37,2209,shot
kwadwo-duah,https://www.sofascore.com/hungary-switzerland/ZTbsjUb#id:11873897,switzerland,save,No information,assisted,13.4,35.3,0,left-foot,low-left,0,54,9.5,No information,No information,48,No information,2828,35.3,13.4,46,0,46,90.5,43,2572,shot
kwadwo-duah,https://www.sofascore.com/hungary-switzerland/ZTbsjUb#id:11873897,switzerland,block,No information,assisted,9,62.1,0,right-foot,low-right,0,47.3,19,No information,No information,47,No information,2790,62.1,9,52.7,0,52.7,81,44,2610,shot
michel-aebischer,https://www.sofascore.com/hungary-switzerland/ZTbsjUb#id:11873897,switzerland,goal,regular,assisted,22.2,42.5,0,right-foot,low-right,0,45.6,8.2,No information,No information,45,No information,2683,42.5,22.2,54.4,0,54.4,91.8,1,17,shot
willi-orban,https://www.sofascore.com/hungary-switzerland/ZTbsjUb#id:11873897,hungary,save,No information,set-piece,7.8,48.9,0,head,low-centre,0,50.7,18.4,No information,No information,40,No information,2376,48.9,7.8,49.3,0,49.3,81.6,6,324,shot
fabian-schar,https://www.sofascore.com/hungary-switzerland/ZTbsjUb#id:11873897,switzerland,block,No information,regular,15.6,64.5,0,left-foot,low-centre,0,50.8,19,No information,No information,29,No information,1714,64.5,15.6,49.2,0,49.2,81,17,986,shot
fabian-schar,https://www.sofascore.com/hungary-switzerland/ZTbsjUb#id:11873897,switzerland,block,No information,corner,23.6,64.8,0,right-foot,low-left,0,53,19,No information,No information,22,No information,1289,64.8,23.6,47,0,47,81,24,1411,shot
ruben-vargas,https://www.sofascore.com/hungary-switzerland/ZTbsjUb#id:11873897,switzerland,save,No information,regular,11.9,56.3,0,right-foot,low-centre,0,51.6,19.6,No information,No information,20,No information,1180,56.3,11.9,48.4,0,48.4,80.4,26,1520,shot
kwadwo-duah,https://www.sofascore.com/hungary-switzerland/ZTbsjUb#id:11873897,switzerland,goal,regular,assisted,9.7,52.3,0,right-foot,low-left,0,51.9,1.3,No information,No information,12,No information,716,52.3,9.7,48.1,0,48.1,98.7,34,1984,shot
roland-sallai,https://www.sofascore.com/hungary-switzerland/ZTbsjUb#id:11873897,hungary,miss,No information,assisted,21.5,58.4,0,right-foot,high-right,0,42.5,72.2,No information,No information,10,No information,556,58.4,21.5,57.5,0,57.5,27.8,36,2144,shot
attila-szalai,https://www.sofascore.com/hungary-switzerland/ZTbsjUb#id:11873897,hungary,miss,No information,set-piece,8.9,32.7,0,left-foot,close-left,0,58.8,4.2,No information,No information,2,No information,79,32.7,8.9,41.2,0,41.2,95.8,44,2621,shot

ivan-perisic,https://www.sofascore.com/croatia-spain/YTbspUb#id:11873907,croatia,miss,No information,assisted,11,35.2,0,head,high-left,0,63.9,44.4,No information,No information,90,2,5508,35.2,11,36.1,0,36.1,55.6,1,792,shot
ferran-torres,https://www.sofascore.com/croatia-spain/YTbspUb#id:11873907,spain,block,No information,fast-break,9.5,69.5,0,right-foot,low-right,0,47.9,19,No information,No information,88,No information,5272,69.5,9.5,52.1,0,52.1,81,3,128,shot
ivan-perisic,https://www.sofascore.com/croatia-spain/YTbspUb#id:11873907,croatia,save,No information,assisted,28.4,32.7,0,left-foot,low-left,0,53.9,15.2,No information,No information,84,No information,5032,32.7,28.4,46.1,0,46.1,84.8,7,368,shot
ivan-perisic,https://www.sofascore.com/croatia-spain/YTbspUb#id:11873907,croatia,block,No information,assisted,18.2,33.4,0,right-foot,low-centre,0,50.8,19,No information,No information,84,No information,5024,33.4,18.2,49.2,0,49.2,81,7,376,shot
bruno-petkovic,https://www.sofascore.com/croatia-spain/YTbspUb#id:11873907,croatia,save,No information,penalty,11.5,50,0,right-foot,low-left,0,53.8,11.4,No information,No information,80,No information,4742,50,11.5,46.2,0,46.2,88.6,11,658,shot
dani-olmo,https://www.sofascore.com/croatia-spain/YTbspUb#id:11873907,spain,block,No information,assisted,26.2,48.5,0,right-foot,low-centre,0,51.1,19,No information,No information,74,No information,4392,48.5,26.2,48.9,0,48.9,81,17,1008,shot
lamine-yamal,https://www.sofascore.com/croatia-spain/YTbspUb#id:11873907,spain,block,No information,free-kick,25.3,58.7,0,left-foot,low-right,0,47.4,19,No information,No information,58,No information,3437,58.7,25.3,52.6,0,52.6,81,33,1963,shot
mateo-kovacic,https://www.sofascore.com/croatia-spain/YTbspUb#id:11873907,croatia,miss,No information,regular,4.2,43.2,0,head,left,0,78.2,9.7,No information,No information,55,No information,3273,43.2,4.2,21.8,0,21.8,90.3,36,2127,shot
andrej-kramaric,https://www.sofascore.com/croatia-spain/YTbspUb#id:11873907,croatia,save,No information,assisted,2.7,50.9,0,head,high-centre,0,50.3,24.7,No information,No information,55,No information,3272,50.9,2.7,49.7,0,49.7,75.3,36,2128,shot
ante-budimir,https://www.sofascore.com/croatia-spain/YTbspUb#id:11873907,croatia,miss,No information,regular,3,46.6,0,head,close-right,0,41.3,12.5,No information,No information,55,No information,3272,46.6,3,58.7,0,58.7,87.5,36,2128,shot
josip-stanisic,https://www.sofascore.com/croatia-spain/YTbspUb#id:11873907,croatia,block,No information,regular,7.4,59.3,0,right-foot,low-right,0,48.1,19,No information,No information,55,No information,3270,59.3,7.4,51.9,0,51.9,81,36,2130,shot
alvaro-morata,https://www.sofascore.com/croatia-spain/YTbspUb#id:11873907,spain,miss,No information,corner,2.6,42.1,0,right-foot,right,0,0.3,30.6,No information,No information,54,No information,3181,42.1,2.6,99.7,0,99.7,69.4,37,2219,shot
lamine-yamal,https://www.sofascore.com/croatia-spain/YTbspUb#id:11873907,spain,save,No information,fast-break,9.8,61.5,0,left-foot,low-left,0,52.3,3.2,No information,No information,52,No information,3105,61.5,9.8,47.7,0,47.7,96.8,39,2295,shot
josko-gvardiol,https://www.sofascore.com/croatia-spain/YTbspUb#id:11873907,croatia,block,No information,assisted,18.7,30,0,left-foot,low-centre,0,48.8,19,No information,No information,51,No information,3000,30,18.7,51.2,0,51.2,81,40,2400,shot
daniel-carvajal,https://www.sofascore.com/croatia-spain/YTbspUb#id:11873907,spain,goal,regular,corner,5.2,53.6,0,right-foot,low-centre,0,48.7,2.5,No information,No information,45,2,2814,53.6,5.2,51.3,0,51.3,97.5,1,2586,shot
mateo-kovacic,https://www.sofascore.com/croatia-spain/YTbspUb#id:11873907,croatia,miss,No information,assisted,25.4,36.6,0,right-foot,high-right,0,35.1,51.4,No information,No information,45,1,2732,36.6,25.4,64.9,0,64.9,48.6,1,2668,shot
andrej-kramaric,https://www.sofascore.com/croatia-spain/YTbspUb#id:11873907,croatia,miss,No information,assisted,30.4,55.3,0,right-foot,close-high-left,0,57.8,51.4,No information,No information,45,No information,2659,55.3,30.4,42.2,0,42.2,48.6,1,41,shot
josko-gvardiol,https://www.sofascore.com/croatia-spain/YTbspUb#id:11873907,croatia,miss,No information,assisted,4.5,35,0,left-foot,right,0,40.7,12.5,No information,No information,41,No information,2448,35,4.5,59.3,0,59.3,87.5,5,252,shot
robin-le-normand,https://www.sofascore.com/croatia-spain/YTbspUb#id:11873907,spain,miss,No information,corner,6.1,48.5,0,head,high-left,0,57.8,76.4,No information,No information,36,No information,2110,48.5,6.1,42.2,0,42.2,23.6,10,590,shot
lovro-majer,https://www.sofascore.com/croatia-spain/YTbspUb#id:11873907,croatia,miss,No information,regular,2.9,64.2,0,right-foot,close-right,0,42.9,15.3,No information,No information,33,No information,1976,64.2,2.9,57.1,0,57.1,84.7,13,724,shot
marcelo-brozovic,https://www.sofascore.com/croatia-spain/YTbspUb#id:11873907,croatia,save,No information,regular,18.5,49.9,0,right-foot,low-right,0,47.4,3.8,No information,No information,33,No information,1974,49.9,18.5,52.6,0,52.6,96.2,13,726,shot
fabian-ruiz,https://www.sofascore.com/croatia-spain/YTbspUb#id:11873907,spain,goal,regular,assisted,14.3,46.6,0,left-foot,low-right,0,48,0.6,No information,No information,32,No information,1885,46.6,14.3,52,0,52,99.4,14,815,shot
mateo-kovacic,https://www.sofascore.com/croatia-spain/YTbspUb#id:11873907,croatia,save,No information,assisted,15,47.9,0,left-foot,low-right,0,47.7,1.9,No information,No information,30,No information,1792,47.9,15,52.3,0,52.3,98.1,16,908,shot
alvaro-morata,https://www.sofascore.com/croatia-spain/YTbspUb#id:11873907,spain,goal,regular,fast-break,15.6,49.7,0,left-foot,low-left,0,52.6,3.8,No information,No information,29,No information,1688,49.7,15.6,47.4,0,47.4,96.2,17,1012,shot
ante-budimir,https://www.sofascore.com/croatia-spain/YTbspUb#id:11873907,croatia,miss,No information,assisted,13,48.9,0,head,high-right,0,37.6,59.7,No information,No information,22,No information,1308,48.9,13,62.4,0,62.4,40.3,24,1392,shot
lamine-yamal,https://www.sofascore.com/croatia-spain/YTbspUb#id:11873907,spain,miss,No information,fast-break,11.9,62.4,0,left-foot,close-right,0,41.5,12.5,No information,No information,15,No information,852,62.4,11.9,58.5,0,58.5,87.5,31,1848,shot
alvaro-morata,https://www.sofascore.com/croatia-spain/YTbspUb#id:11873907,spain,save,No information,assisted,22.1,63,0,left-foot,low-right,0,46.8,1.9,No information,No information,7,No information,382,63,22.1,53.2,0,53.2,98.1,39,2318,shot

mitaj-mario,https://www.sofascore.com/italy-albania/PTbshUb#id:11873898,albania,miss,No information,assisted,18.2,29.4,0,left-foot,close-high-right,0,41.2,47.2,No information,No information,90,5,5695,29.4,18.2,58.8,0,58.8,52.8,1,605,shot
rey-manaj,https://www.sofascore.com/italy-albania/PTbshUb#id:11873898,albania,miss,No information,assisted,3.8,66.2,0,right-foot,left,0,61,6.9,No information,No information,90,No information,5372,66.2,3.8,39,0,39,93.1,1,28,shot
federico-dimarco,https://www.sofascore.com/italy-albania/PTbshUb#id:11873898,italy,save,No information,assisted,23.8,27.2,0,left-foot,high-centre,0,48.4,24.7,No information,No information,80,No information,4748,27.2,23.8,51.6,0,51.6,75.3,11,652,shot
kristjan-asllani,https://www.sofascore.com/italy-albania/PTbshUb#id:11873898,albania,miss,No information,corner,20.4,56.2,0,left-foot,right,0,37,19.4,No information,No information,69,No information,4132,56.2,20.4,63,0,63,80.6,22,1268,shot
giovanni-di-lorenzo,https://www.sofascore.com/italy-albania/PTbshUb#id:11873898,italy,block,No information,corner,3.6,38.5,0,head,low-centre,0,49.4,18.1,No information,No information,67,No information,3965,38.5,3.6,50.6,0,50.6,81.9,24,1435,shot
federico-chiesa,https://www.sofascore.com/italy-albania/PTbshUb#id:11873898,italy,miss,No information,assisted,17.6,65.8,0,left-foot,close-left,0,57,23.6,No information,No information,60,No information,3541,65.8,17.6,43,0,43,76.4,31,1859,shot
kristjan-asllani,https://www.sofascore.com/italy-albania/PTbshUb#id:11873898,albania,block,No information,free-kick,25,30.9,0,right-foot,low-centre,0,50.9,19,No information,No information,52,No information,3102,30.9,25,49.1,0,49.1,81,39,2298,shot
gianluca-scamacca,https://www.sofascore.com/italy-albania/PTbshUb#id:11873898,italy,miss,No information,regular,21.8,54.4,0,right-foot,left,0,62.2,4.2,No information,No information,48,No information,2857,54.4,21.8,37.8,0,37.8,95.8,43,2543,shot
lorenzo-pellegrini,https://www.sofascore.com/italy-albania/PTbshUb#id:11873898,italy,miss,No information,assisted,8.3,47.1,0,other,left,0,64.9,13.9,No information,No information,45,2,2769,47.1,8.3,35.1,0,35.1,86.1,1,2631,shot
jasir-asani,https://www.sofascore.com/italy-albania/PTbshUb#id:11873898,albania,miss,No information,set-piece,25.7,65.7,0,left-foot,close-high-left,0,58.8,59.7,No information,No information,44,No information,2624,65.7,25.7,41.2,0,41.2,40.3,2,76,shot
riccardo-calafiori,https://www.sofascore.com/italy-albania/PTbshUb#id:11873898,italy,block,No information,corner,8.9,48.1,0,head,low-centre,0,51.4,19,No information,No information,40,No information,2396,48.1,8.9,48.6,0,48.6,81,6,304,shot
gianluca-scamacca,https://www.sofascore.com/italy-albania/PTbshUb#id:11873898,italy,save,No information,assisted,4.2,63.4,0,right-foot,low-centre,0,51.3,0.6,No information,No information,40,No information,2354,63.4,4.2,48.7,0,48.7,99.4,6,346,shot
davide-frattesi,https://www.sofascore.com/italy-albania/PTbshUb#id:11873898,italy,save,No information,regular,6.4,64.2,0,right-foot,high-centre,0,50.3,22.2,No information,No information,33,No information,1971,64.2,6.4,49.7,0,49.7,77.8,13,729,shot
lorenzo-pellegrini,https://www.sofascore.com/italy-albania/PTbshUb#id:11873898,italy,miss,No information,assisted,7.3,39.5,0,right-foot,right,0,38,5.6,No information,No information,31,No information,1814,39.5,7.3,62,0,62,94.4,15,886,shot
federico-chiesa,https://www.sofascore.com/italy-albania/PTbshUb#id:11873898,italy,block,No information,corner,24,43.2,0,right-foot,low-centre,0,50.9,19,No information,No information,21,No information,1234,43.2,24,49.1,0,49.1,81,25,1466,shot
riccardo-calafiori,https://www.sofascore.com/italy-albania/PTbshUb#id:11873898,italy,block,No information,corner,4.5,47.1,0,head,low-centre,0,49.4,19,No information,No information,21,No information,1231,47.1,4.5,50.6,0,50.6,81,25,1469,shot
nicolo-barella,https://www.sofascore.com/italy-albania/PTbshUb#id:11873898,italy,goal,regular,regular,18.9,47.3,0,right-foot,low-left,0,54.6,12.7,No information,No information,16,No information,952,47.3,18.9,45.4,0,45.4,87.3,30,1748,shot
gianluca-scamacca,https://www.sofascore.com/italy-albania/PTbshUb#id:11873898,italy,block,No information,regular,14.5,64.4,0,right-foot,low-left,0,52.2,19,No information,No information,16,No information,949,64.4,14.5,47.8,0,47.8,81,30,1751,shot
alessandro-bastoni,https://www.sofascore.com/italy-albania/PTbshUb#id:11873898,italy,goal,regular,corner,3.2,59.3,0,head,high-centre,0,51.3,22.8,No information,No information,11,No information,615,59.3,3.2,48.7,0,48.7,77.2,35,2085,shot
federico-dimarco,https://www.sofascore.com/italy-albania/PTbshUb#id:11873898,italy,block,No information,assisted,14.5,27.4,0,left-foot,low-centre,0,49.3,19,No information,No information,10,No information,578,27.4,14.5,50.7,0,50.7,81,36,2122,shot
berat-djimsiti,https://www.sofascore.com/italy-albania/PTbshUb#id:11873898,albania,miss,No information,assisted,15.1,41.6,0,left-foot,left,0,78.2,13.9,No information,No information,9,No information,524,41.6,15.1,21.8,0,21.8,86.1,37,2176,shot
jasir-asani,https://www.sofascore.com/italy-albania/PTbshUb#id:11873898,albania,block,No information,assisted,11.1,72.3,0,left-foot,low-left,0,52.5,19,No information,No information,8,No information,438,72.3,11.1,47.5,0,47.5,81,38,2262,shot
federico-chiesa,https://www.sofascore.com/italy-albania/PTbshUb#id:11873898,italy,block,No information,assisted,8.6,72.7,0,left-foot,low-centre,0,48.6,19,No information,No information,6,No information,352,72.7,8.6,51.4,0,51.4,81,40,2348,shot
lorenzo-pellegrini,https://www.sofascore.com/italy-albania/PTbshUb#id:11873898,italy,miss,No information,assisted,14.4,52.7,0,right-foot,close-right,0,42.5,34.7,No information,No information,2,No information,114,52.7,14.4,57.5,0,57.5,65.3,44,2586,shot
nedim-bajrami,https://www.sofascore.com/italy-albania/PTbshUb#id:11873898,albania,goal,regular,regular,7.6,67,0,right-foot,high-right,0,46.2,25.9,No information,No information,1,No information,23,67,7.6,53.8,0,53.8,74.1,45,2677,shot

nicola-zalewski,https://www.sofascore.com/netherlands-poland/dUbsfUb#id:12198302,poland,save,No information,assisted,26.3,34.4,0,right-foot,high-left,0,52.4,32.3,No information,No information,90,5,5686,34.4,26.3,47.6,0,47.6,67.7,1,614,shot
jakub-moder,https://www.sofascore.com/netherlands-poland/dUbsfUb#id:12198302,poland,save,No information,assisted,28.4,57.9,0,left-foot,low-right,0,47.1,3.2,No information,No information,90,2,5506,57.9,28.4,52.9,0,52.9,96.8,1,794,shot
jakub-piotrowski,https://www.sofascore.com/netherlands-poland/dUbsfUb#id:12198302,poland,miss,No information,regular,1.2,41.3,0,left-foot,close-left,0,58.7,4.2,No information,No information,89,No information,5327,41.3,1.2,41.3,0,41.3,95.8,2,73,shot
karol-swiderski,https://www.sofascore.com/netherlands-poland/dUbsfUb#id:12198302,poland,save,No information,assisted,7.1,46.2,0,left-foot,low-left,0,54.5,5.1,No information,No information,89,No information,5326,46.2,7.1,45.5,0,45.5,94.9,2,74,shot
wout-weghorst,https://www.sofascore.com/netherlands-poland/dUbsfUb#id:12198302,netherlands,goal,regular,regular,7.9,46.6,0,left-foot,low-left,0,53.4,3.2,No information,No information,83,No information,4961,46.6,7.9,46.6,0,46.6,96.8,8,439,shot
jakub-moder,https://www.sofascore.com/netherlands-poland/dUbsfUb#id:12198302,poland,miss,No information,corner,4,47.9,0,head,right,0,25.7,26.4,No information,No information,80,No information,4754,47.9,4,74.3,0,74.3,73.6,11,646,shot
stefan-de-vrij,https://www.sofascore.com/netherlands-poland/dUbsfUb#id:12198302,netherlands,miss,No information,corner,8.5,53.4,0,head,close-high,0,49.9,56.9,No information,No information,73,No information,4369,53.4,8.5,50.1,0,50.1,43.1,18,1031,shot
denzel-dumfries,https://www.sofascore.com/netherlands-poland/dUbsfUb#id:12198302,netherlands,miss,No information,assisted,8.3,70.1,0,right-foot,close-left,0,56.8,9.7,No information,No information,65,No information,3844,70.1,8.3,43.2,0,43.2,90.3,26,1556,shot
jakub-moder,https://www.sofascore.com/netherlands-poland/dUbsfUb#id:12198302,poland,miss,No information,assisted,9.9,42.4,0,right-foot,right,0,26.6,8.3,No information,No information,63,No information,3729,42.4,9.9,73.4,0,73.4,91.7,28,1671,shot
piotr-zielinski,https://www.sofascore.com/netherlands-poland/dUbsfUb#id:12198302,poland,save,No information,assisted,23.2,57.7,0,left-foot,low-centre,0,51,10.1,No information,No information,59,No information,3484,57.7,23.2,49,0,49,89.9,32,1916,shot
kiwior-jakub,https://www.sofascore.com/netherlands-poland/dUbsfUb#id:12198302,poland,save,No information,assisted,11.4,62,0,left-foot,low-right,0,45.8,3.8,No information,No information,58,No information,3475,62,11.4,54.2,0,54.2,96.2,33,1925,shot
xavi-simons,https://www.sofascore.com/netherlands-poland/dUbsfUb#id:12198302,netherlands,miss,No information,fast-break,12.5,64.4,0,right-foot,close-right,0,41.7,27.8,No information,No information,54,No information,3224,64.4,12.5,58.3,0,58.3,72.2,37,2176,shot
memphis-depay,https://www.sofascore.com/netherlands-poland/dUbsfUb#id:12198302,netherlands,miss,No information,assisted,31.8,42.3,0,right-foot,left,0,60.2,15.3,No information,No information,49,No information,2886,42.3,31.8,39.8,0,39.8,84.7,42,2514,shot
tijjani-reijnders,https://www.sofascore.com/netherlands-poland/dUbsfUb#id:12198302,netherlands,block,No information,assisted,20.4,67.1,0,right-foot,low-right,0,47.6,19,No information,No information,48,No information,2866,67.1,20.4,52.4,0,52.4,81,43,2534,shot
xavi-simons,https://www.sofascore.com/netherlands-poland/dUbsfUb#id:12198302,netherlands,block,No information,regular,22.9,63,0,right-foot,low-centre,0,49.6,19,No information,No information,48,No information,2855,63,22.9,50.4,0,50.4,81,43,2545,shot
memphis-depay,https://www.sofascore.com/netherlands-poland/dUbsfUb#id:12198302,netherlands,miss,No information,assisted,12.2,61.7,0,right-foot,close-left,0,58.3,4.2,No information,No information,45,1,2757,61.7,12.2,41.7,0,41.7,95.8,1,2643,shot
tijjani-reijnders,https://www.sofascore.com/netherlands-poland/dUbsfUb#id:12198302,netherlands,miss,No information,assisted,24.6,35.9,0,right-foot,high-right,0,38.3,81.9,No information,No information,45,No information,2695,35.9,24.6,61.7,0,61.7,18.1,1,5,shot
cody-gakpo,https://www.sofascore.com/netherlands-poland/dUbsfUb#id:12198302,netherlands,miss,No information,assisted,7,42.7,0,right-foot,high,0,50.6,63.9,No information,No information,42,No information,2504,42.7,7,49.4,0,49.4,36.1,4,196,shot
kiwior-jakub,https://www.sofascore.com/netherlands-poland/dUbsfUb#id:12198302,poland,save,No information,regular,9.7,28.9,0,left-foot,low-centre,0,49,3.8,No information,No information,32,No information,1885,28.9,9.7,51,0,51,96.2,14,815,shot
cody-gakpo,https://www.sofascore.com/netherlands-poland/dUbsfUb#id:12198302,netherlands,goal,regular,assisted,21.6,44,0,right-foot,low-centre,0,49.8,9.5,No information,No information,29,No information,1729,44,21.6,50.2,0,50.2,90.5,17,971,shot
cody-gakpo,https://www.sofascore.com/netherlands-poland/dUbsfUb#id:12198302,netherlands,miss,No information,assisted,18.7,26.6,0,right-foot,left,0,59.5,1.4,No information,No information,28,No information,1670,26.6,18.7,40.5,0,40.5,98.6,18,1030,shot
tijjani-reijnders,https://www.sofascore.com/netherlands-poland/dUbsfUb#id:12198302,netherlands,block,No information,assisted,1.8,39.7,0,head,low-centre,0,51.1,19,No information,No information,27,No information,1602,39.7,1.8,48.9,0,48.9,81,19,1098,shot
denzel-dumfries,https://www.sofascore.com/netherlands-poland/dUbsfUb#id:12198302,netherlands,miss,No information,assisted,8.5,53.8,0,head,left,0,61.7,12.5,No information,No information,27,No information,1600,53.8,8.5,38.3,0,38.3,87.5,19,1100,shot
memphis-depay,https://www.sofascore.com/netherlands-poland/dUbsfUb#id:12198302,netherlands,miss,No information,fast-break,7.9,68.5,0,right-foot,left,0,96.8,12.5,No information,No information,23,No information,1365,68.5,7.9,3.2,0,3.2,87.5,23,1335,shot
memphis-depay,https://www.sofascore.com/netherlands-poland/dUbsfUb#id:12198302,netherlands,miss,No information,assisted,14.7,51.1,0,right-foot,high,0,48.1,69.4,No information,No information,22,No information,1274,51.1,14.7,51.9,0,51.9,30.6,24,1426,shot
virgil-van-dijk,https://www.sofascore.com/netherlands-poland/dUbsfUb#id:12198302,netherlands,save,No information,corner,13.6,48.9,0,right-foot,low-centre,0,48.7,17.7,No information,No information,20,No information,1166,48.9,13.6,51.3,0,51.3,82.3,26,1534,shot
adam-buksa,https://www.sofascore.com/netherlands-poland/dUbsfUb#id:12198302,poland,goal,regular,corner,5.4,45.2,0,head,low-centre,0,49.2,11.4,No information,No information,16,No information,949,45.2,5.4,50.8,0,50.8,88.6,30,1751,shot
xavi-simons,https://www.sofascore.com/netherlands-poland/dUbsfUb#id:12198302,netherlands,miss,No information,assisted,20.3,75,0,right-foot,close-left,0,57.1,1.4,No information,No information,14,No information,813,75,20.3,42.9,0,42.9,98.6,32,1887,shot
adam-buksa,https://www.sofascore.com/netherlands-poland/dUbsfUb#id:12198302,poland,block,No information,assisted,10.8,69.3,0,right-foot,low-centre,0,50.4,19,No information,No information,10,No information,587,69.3,10.8,49.6,0,49.6,81,36,2113,shot
tijjani-reijnders,https://www.sofascore.com/netherlands-poland/dUbsfUb#id:12198302,netherlands,miss,No information,assisted,14.1,52.6,0,right-foot,close-right,0,43.2,6.9,No information,No information,9,No information,533,52.6,14.1,56.8,0,56.8,93.1,37,2167,shot
bartosz-salamon,https://www.sofascore.com/netherlands-poland/dUbsfUb#id:12198302,poland,miss,No information,fast-break,54.6,54.4,0,right-foot,left,0,72.1,2.8,No information,No information,8,No information,441,54.4,54.6,27.9,0,27.9,97.2,38,2259,shot
cody-gakpo,https://www.sofascore.com/netherlands-poland/dUbsfUb#id:12198302,netherlands,miss,No information,assisted,7.7,42.1,0,head,right,0,29.1,9.7,No information,No information,6,No information,301,42.1,7.7,70.9,0,70.9,90.3,40,2399,shot
cody-gakpo,https://www.sofascore.com/netherlands-poland/dUbsfUb#id:12198302,netherlands,save,No information,regular,8.6,28.9,0,right-foot,low-left,0,54.2,1.3,No information,No information,2,No information,104,28.9,8.6,45.8,0,45.8,98.7,44,2596,shot

zan-karnicnik,https://www.sofascore.com/slovenia-denmark/BObsJOb#id:11873971,slovenia,miss,No information,assisted,27.6,71.5,0,right-foot,high-right,0,40,87.5,No information,No information,90,No information,5391,71.5,27.6,60,0,60,12.5,1,9,shot
hjulmand-morten,https://www.sofascore.com/slovenia-denmark/BObsJOb#id:11873971,denmark,save,No information,assisted,23.4,49.3,0,left-foot,low-centre,0,51.7,1.9,No information,No information,86,No information,5124,49.3,23.4,48.3,0,48.3,98.1,5,276,shot
andraz-sporar,https://www.sofascore.com/slovenia-denmark/BObsJOb#id:11873971,slovenia,save,No information,assisted,4.8,67.5,0,right-foot,high-right,0,45.5,24.1,No information,No information,81,No information,4847,67.5,4.8,54.5,0,54.5,75.9,10,553,shot
jannik-vestergaard,https://www.sofascore.com/slovenia-denmark/BObsJOb#id:11873971,denmark,save,No information,corner,8.8,36,0,head,high-left,0,52.9,21.5,No information,No information,81,No information,4815,36,8.8,47.1,0,47.1,78.5,10,585,shot
andraz-sporar,https://www.sofascore.com/slovenia-denmark/BObsJOb#id:11873971,slovenia,miss,No information,regular,8.9,47.9,0,left-foot,high,0,47.2,75,No information,No information,79,No information,4690,47.9,8.9,52.8,0,52.8,25,12,710,shot
andraz-sporar,https://www.sofascore.com/slovenia-denmark/BObsJOb#id:11873971,slovenia,block,No information,assisted,8,50.9,0,left-foot,low-right,0,47.1,19,No information,No information,79,No information,4688,50.9,8,52.9,0,52.9,81,12,712,shot
erik-janza,https://www.sofascore.com/slovenia-denmark/BObsJOb#id:11873971,slovenia,goal,regular,corner,21.8,29.3,0,left-foot,low-centre,0,49.2,19,No information,No information,77,No information,4579,29.3,21.8,50.8,0,50.8,81,14,821,shot
benjamin-sesko,https://www.sofascore.com/slovenia-denmark/BObsJOb#id:11873971,slovenia,post,No information,regular,25.4,56,0,right-foot,right,0,44.5,17.7,No information,No information,76,No information,4536,56,25.4,55.5,0,55.5,82.3,15,864,shot
andraz-sporar,https://www.sofascore.com/slovenia-denmark/BObsJOb#id:11873971,slovenia,miss,No information,set-piece,4.4,49.7,0,right-foot,left,0,60,16.7,No information,No information,74,No information,4426,49.7,4.4,40,0,40,83.3,17,974,shot
jonas-wind,https://www.sofascore.com/slovenia-denmark/BObsJOb#id:11873971,denmark,miss,No information,corner,4.6,53.2,0,head,high,0,46.7,69.4,No information,No information,71,No information,4243,53.2,4.6,53.3,0,53.3,30.6,20,1157,shot
christian-eriksen,https://www.sofascore.com/slovenia-denmark/BObsJOb#id:11873971,denmark,miss,No information,throw-in-set-piece,5.2,34.8,0,left-foot,left,0,59.8,22.2,No information,No information,68,No information,4048,34.8,5.2,40.2,0,40.2,77.8,23,1352,shot
adam-gnezda-cerin,https://www.sofascore.com/slovenia-denmark/BObsJOb#id:11873971,slovenia,miss,No information,assisted,8,47.4,0,head,close-right,0,42.5,26.4,No information,No information,66,No information,3951,47.4,8,57.5,0,57.5,73.6,25,1449,shot
alexander-bah,https://www.sofascore.com/slovenia-denmark/BObsJOb#id:11873971,denmark,block,No information,fast-break,18.5,61,0,right-foot,low-centre,0,49.4,19,No information,No information,65,No information,3848,61,18.5,50.6,0,50.6,81,26,1552,shot
rasmus-hojlund,https://www.sofascore.com/slovenia-denmark/BObsJOb#id:11873971,denmark,save,No information,fast-break,4.5,54.3,0,right-foot,low-centre,0,51.6,13.3,No information,No information,65,No information,3844,54.3,4.5,48.4,0,48.4,86.7,26,1556,shot
pierre-emile-hojbjerg,https://www.sofascore.com/slovenia-denmark/BObsJOb#id:11873971,denmark,block,No information,set-piece,8,56.8,0,right-foot,low-centre,0,48.4,19,No information,No information,56,No information,3316,56.8,8,51.6,0,51.6,81,35,2084,shot
andreas-christensen,https://www.sofascore.com/slovenia-denmark/BObsJOb#id:11873971,denmark,block,No information,set-piece,14.8,42.1,0,head,low-centre,0,50.4,19,No information,No information,55,No information,3240,42.1,14.8,49.6,0,49.6,81,36,2160,shot
christian-eriksen,https://www.sofascore.com/slovenia-denmark/BObsJOb#id:11873971,denmark,miss,No information,assisted,11.2,40.6,0,left-foot,high-right,0,41.8,77.8,No information,No information,43,No information,2561,40.6,11.2,58.2,0,58.2,22.2,3,139,shot
christian-eriksen,https://www.sofascore.com/slovenia-denmark/BObsJOb#id:11873971,denmark,block,No information,assisted,26.9,44.2,0,right-foot,low-left,0,52.9,19,No information,No information,42,No information,2502,44.2,26.9,47.1,0,47.1,81,4,198,shot
christian-eriksen,https://www.sofascore.com/slovenia-denmark/BObsJOb#id:11873971,denmark,block,No information,assisted,11.5,68.7,0,left-foot,low-right,0,47.9,19,No information,No information,40,No information,2340,68.7,11.5,52.1,0,52.1,81,6,360,shot
joachim-andersen,https://www.sofascore.com/slovenia-denmark/BObsJOb#id:11873971,denmark,miss,No information,corner,8.6,52.1,0,head,left,0,83.9,15.3,No information,No information,35,No information,2051,52.1,8.6,16.1,0,16.1,84.7,11,649,shot
jannik-vestergaard,https://www.sofascore.com/slovenia-denmark/BObsJOb#id:11873971,denmark,miss,No information,corner,6.7,50,0,head,right,0,37.3,18.1,No information,No information,28,No information,1679,50,6.7,62.7,0,62.7,81.9,18,1021,shot
erik-janza,https://www.sofascore.com/slovenia-denmark/BObsJOb#id:11873971,slovenia,miss,No information,corner,24.3,39.7,0,left-foot,right,0,36.6,9.7,No information,No information,21,No information,1247,39.7,24.3,63.4,0,63.4,90.3,25,1453,shot
erik-janza,https://www.sofascore.com/slovenia-denmark/BObsJOb#id:11873971,slovenia,block,No information,corner,24,45.4,0,left-foot,low-centre,0,50.1,19,No information,No information,21,No information,1220,45.4,24,49.9,0,49.9,81,25,1480,shot
christian-eriksen,https://www.sofascore.com/slovenia-denmark/BObsJOb#id:11873971,denmark,goal,regular,throw-in-set-piece,9,54.9,0,right-foot,low-left,0,53.9,9.5,No information,No information,17,No information,996,54.9,9,46.1,0,46.1,90.5,29,1704,shot
benjamin-sesko,https://www.sofascore.com/slovenia-denmark/BObsJOb#id:11873971,slovenia,miss,No information,assisted,25.2,55.3,0,right-foot,close-left,0,56.6,26.4,No information,No information,16,No information,947,55.3,25.2,43.4,0,43.4,73.6,30,1753,shot
kristiansen-victor,https://www.sofascore.com/slovenia-denmark/BObsJOb#id:11873971,denmark,block,No information,throw-in-set-piece,17.6,46.6,0,right-foot,low-left,0,53.7,19,No information,No information,15,No information,847,46.6,17.6,46.3,0,46.3,81,31,1853,shot
andreas-christensen,https://www.sofascore.com/slovenia-denmark/BObsJOb#id:11873971,denmark,miss,No information,set-piece,13.2,46.6,0,head,high,0,54.1,70.8,No information,No information,11,No information,631,46.6,13.2,45.9,0,45.9,29.2,35,2069,shot

ivan-ilic,https://www.sofascore.com/serbia-england/nUbsfCc#id:11873969,serbia,block,No information,assisted,25.4,39.2,0,left-foot,low-centre,0,50.3,19,No information,No information,90,3,5554,39.2,25.4,49.7,0,49.7,81,1,746,shot
sergej-milinkovic-savic,https://www.sofascore.com/serbia-england/nUbsfCc#id:11873969,serbia,miss,No information,assisted,25.7,35.2,0,right-foot,close-high-right,0,40.8,45.8,No information,No information,89,No information,5297,35.2,25.7,59.2,0,59.2,54.2,2,103,shot
veljko-birmancevic,https://www.sofascore.com/serbia-england/nUbsfCc#id:11873969,serbia,block,No information,corner,21.5,44.3,0,right-foot,low-centre,0,50.5,19,No information,No information,83,No information,4936,44.3,21.5,49.5,0,49.5,81,8,464,shot
dusan-vlahovic,https://www.sofascore.com/serbia-england/nUbsfCc#id:11873969,serbia,save,No information,regular,21.2,40.3,0,left-foot,high-centre,0,50.3,28.5,No information,No information,82,No information,4896,40.3,21.2,49.7,0,49.7,71.5,9,504,shot
harry-kane,https://www.sofascore.com/serbia-england/nUbsfCc#id:11873969,england,save,No information,assisted,5.1,46.2,0,head,high-centre,0,51,22.2,No information,No information,77,No information,4579,46.2,5.1,49,0,49,77.8,14,821,shot
trent-alexander-arnold,https://www.sofascore.com/serbia-england/nUbsfCc#id:11873969,england,save,No information,assisted,25.7,64.8,0,right-foot,high-centre,0,50.5,25.3,No information,No information,56,No information,3346,64.8,25.7,49.5,0,49.5,74.7,35,2054,shot
trent-alexander-arnold,https://www.sofascore.com/serbia-england/nUbsfCc#id:11873969,england,block,No information,free-kick,25.8,62.2,0,right-foot,low-centre,0,49.9,19,No information,No information,30,No information,1789,62.2,25.8,50.1,0,50.1,81,16,911,shot
dusan-vlahovic,https://www.sofascore.com/serbia-england/nUbsfCc#id:11873969,serbia,block,No information,assisted,19.8,56.2,0,left-foot,low-left,0,52.4,19,No information,No information,23,No information,1358,56.2,19.8,47.6,0,47.6,81,23,1342,shot
aleksandar-mitrovic,https://www.sofascore.com/serbia-england/nUbsfCc#id:11873969,serbia,miss,No information,assisted,15.2,59,0,right-foot,close-right,0,43.5,12.5,No information,No information,20,No information,1180,59,15.2,56.5,0,56.5,87.5,26,1520,shot
trent-alexander-arnold,https://www.sofascore.com/serbia-england/nUbsfCc#id:11873969,england,miss,No information,assisted,21.3,68.9,0,right-foot,left,0,63,5.6,No information,No information,19,No information,1083,68.9,21.3,37,0,37,94.4,27,1617,shot
jude-bellingham,https://www.sofascore.com/serbia-england/nUbsfCc#id:11873969,england,goal,regular,regular,5.4,49.6,0,head,high-left,0,53,27.2,No information,No information,13,No information,731,49.6,5.4,47,0,47,72.8,33,1969,shot

mykhaylo-mudryk,https://www.sofascore.com/ukraine-romania/CObsbUb#id:12198226,ukraine,save,No information,assisted,30.3,42.1,0,right-foot,low-centre,0,50.6,8.2,No information,No information,90,4,5602,42.1,30.3,49.4,0,49.4,91.8,1,698,shot
roman-yaremchuk,https://www.sofascore.com/ukraine-romania/CObsbUb#id:12198226,ukraine,post,No information,assisted,7.3,69.5,0,right-foot,high,0,51.9,38.6,No information,No information,90,2,5472,69.5,7.3,48.1,0,48.1,61.4,1,828,shot
mykhaylo-mudryk,https://www.sofascore.com/ukraine-romania/CObsbUb#id:12198226,ukraine,miss,No information,fast-break,8.5,35.2,0,left-foot,high-left,0,59.5,70.8,No information,No information,84,No information,5006,35.2,8.5,40.5,0,40.5,29.2,7,394,shot
roman-yaremchuk,https://www.sofascore.com/ukraine-romania/CObsbUb#id:12198226,ukraine,block,No information,assisted,21.6,50.7,0,right-foot,low-right,0,48.1,5.6,No information,No information,78,No information,4627,50.7,21.6,51.9,0,51.9,94.4,13,773,shot
georgiy-sudakov,https://www.sofascore.com/ukraine-romania/CObsbUb#id:12198226,ukraine,save,No information,assisted,24.7,51.1,0,right-foot,high-left,0,52.5,22.8,No information,No information,77,No information,4570,51.1,24.7,47.5,0,47.5,77.2,14,830,shot
georgiy-sudakov,https://www.sofascore.com/ukraine-romania/CObsbUb#id:12198226,ukraine,block,No information,free-kick,23.9,34.5,0,right-foot,low-centre,0,48.6,19,No information,No information,71,No information,4206,34.5,23.9,51.4,0,51.4,81,20,1194,shot
nicolae-stanciu,https://www.sofascore.com/ukraine-romania/CObsbUb#id:12198226,romania,miss,No information,free-kick,8.3,6.1,0,right-foot,close-left,0,56.8,20.8,No information,No information,68,No information,4063,6.1,8.3,43.2,0,43.2,79.2,23,1337,shot
andriy-yarmolenko,https://www.sofascore.com/ukraine-romania/CObsbUb#id:12198226,ukraine,miss,No information,set-piece,14.8,55.8,0,left-foot,high,0,52.4,83.3,No information,No information,65,No information,3848,55.8,14.8,47.6,0,47.6,16.7,26,1552,shot
denis-dragus,https://www.sofascore.com/ukraine-romania/CObsbUb#id:12198226,romania,goal,regular,corner,3.7,51.2,0,left-foot,low-centre,0,51,7,No information,No information,57,No information,3387,51.2,3.7,49,0,49,93,34,2013,shot
andrei-ratiu,https://www.sofascore.com/ukraine-romania/CObsbUb#id:12198226,romania,save,No information,assisted,7,71.1,0,right-foot,high-right,0,46.5,26.6,No information,No information,56,No information,3359,71.1,7,53.5,0,53.5,73.4,35,2041,shot
nicolae-stanciu,https://www.sofascore.com/ukraine-romania/CObsbUb#id:12198226,romania,block,No information,regular,19.3,56.7,0,right-foot,low-centre,0,48.7,4.2,No information,No information,56,No information,3351,56.7,19.3,51.3,0,51.3,95.8,35,2049,shot
razvan-marin,https://www.sofascore.com/ukraine-romania/CObsbUb#id:12198226,romania,goal,regular,fast-break,24,63.4,0,right-foot,low-left,0,52.1,3.8,No information,No information,53,No information,3145,63.4,24,47.9,0,47.9,96.2,38,2255,shot
mykhaylo-mudryk,https://www.sofascore.com/ukraine-romania/CObsbUb#id:12198226,ukraine,block,No information,corner,10.9,34.6,0,right-foot,low-right,0,48.1,19,No information,No information,52,No information,3102,34.6,10.9,51.9,0,51.9,81,39,2298,shot
georgiy-sudakov,https://www.sofascore.com/ukraine-romania/CObsbUb#id:12198226,ukraine,miss,No information,assisted,23.3,28,0,right-foot,high-right,0,41.3,94.4,No information,No information,50,No information,2944,28,23.3,58.7,0,58.7,5.6,41,2456,shot
florinel-coman,https://www.sofascore.com/ukraine-romania/CObsbUb#id:12198226,romania,miss,No information,assisted,15.3,33.1,0,right-foot,close-right,0,42.2,2.8,No information,No information,46,No information,2727,33.1,15.3,57.8,0,57.8,97.2,45,2673,shot
dennis-man,https://www.sofascore.com/ukraine-romania/CObsbUb#id:12198226,romania,block,No information,assisted,19.1,74.6,0,left-foot,low-centre,0,50.4,19,No information,No information,38,No information,2273,74.6,19.1,49.6,0,49.6,81,8,427,shot
viktor-tsygankov,https://www.sofascore.com/ukraine-romania/CObsbUb#id:12198226,ukraine,block,No information,assisted,15.6,48.7,0,left-foot,low-centre,0,50.6,8.3,No information,No information,38,No information,2252,48.7,15.6,49.4,0,49.4,91.7,8,448,shot
nicolae-stanciu,https://www.sofascore.com/ukraine-romania/CObsbUb#id:12198226,romania,goal,regular,assisted,21.5,57.3,0,right-foot,high-left,0,52.9,33.5,No information,No information,29,No information,1726,57.3,21.5,47.1,0,47.1,66.5,17,974,shot
artem-dovbyk,https://www.sofascore.com/ukraine-romania/CObsbUb#id:12198226,ukraine,miss,No information,assisted,23.9,44.6,0,left-foot,high,0,51.8,87.5,No information,No information,22,No information,1288,44.6,23.9,48.2,0,48.2,12.5,24,1412,shot
georgiy-sudakov,https://www.sofascore.com/ukraine-romania/CObsbUb#id:12198226,ukraine,block,No information,assisted,20.6,36.2,0,right-foot,low-left,0,51.9,15.3,No information,No information,12,No information,701,36.2,20.6,48.1,0,48.1,84.7,34,1999,shot
florinel-coman,https://www.sofascore.com/ukraine-romania/CObsbUb#id:12198226,romania,save,No information,assisted,26.5,42.8,0,right-foot,low-centre,0,50.1,13.9,No information,No information,8,No information,460,42.8,26.5,49.9,0,49.9,86.1,38,2240,shot
viktor-tsygankov,https://www.sofascore.com/ukraine-romania/CObsbUb#id:12198226,ukraine,block,No information,assisted,20.9,40.7,0,left-foot,low-left,0,53.9,6.9,No information,No information,7,No information,411,40.7,20.9,46.1,0,46.1,93.1,39,2289,shot

kevin-de-bruyne,https://www.sofascore.com/belgium-slovakia/XTbsrUb#id:11873978,belgium,miss,No information,assisted,9.1,65.4,0,right-foot,left,0,67.4,6.9,No information,No information,90,3,5566,65.4,9.1,32.6,0,32.6,93.1,1,734,shot
johan-bakayoko,https://www.sofascore.com/belgium-slovakia/XTbsrUb#id:11873978,belgium,miss,No information,corner,19.5,59.3,0,left-foot,high-left,0,71.6,40.3,No information,No information,90,1,5443,59.3,19.5,28.4,0,28.4,59.7,1,857,shot
amadou-onana,https://www.sofascore.com/belgium-slovakia/XTbsrUb#id:11873978,belgium,miss,No information,corner,11.4,43,0,head,right,0,38.7,11.1,No information,No information,80,No information,4794,43,11.4,61.3,0,61.3,88.9,11,606,shot
yannick-carrasco,https://www.sofascore.com/belgium-slovakia/XTbsrUb#id:11873978,belgium,block,No information,assisted,20.1,44.8,0,right-foot,low-left,0,51.9,18.1,No information,No information,80,No information,4758,44.8,20.1,48.1,0,48.1,81.9,11,642,shot
juraj-kucka,https://www.sofascore.com/belgium-slovakia/XTbsrUb#id:11873978,slovakia,miss,No information,assisted,23.1,63.2,0,left-foot,left,0,73.3,8.3,No information,No information,78,No information,4672,63.2,23.1,26.7,0,26.7,91.7,13,728,shot
david-strelec,https://www.sofascore.com/belgium-slovakia/XTbsrUb#id:11873978,slovakia,block,No information,assisted,8,59.3,0,right-foot,low-right,0,47.8,19,No information,No information,76,No information,4558,59.3,8,52.2,0,52.2,81,15,842,shot
kevin-de-bruyne,https://www.sofascore.com/belgium-slovakia/XTbsrUb#id:11873978,belgium,block,No information,assisted,19.6,65.5,0,right-foot,low-centre,0,49.5,19,No information,No information,67,No information,3977,65.5,19.6,50.5,0,50.5,81,24,1423,shot
johan-bakayoko,https://www.sofascore.com/belgium-slovakia/XTbsrUb#id:11873978,belgium,save,No information,regular,8.7,51,0,left-foot,low-centre,0,48.9,6.9,No information,No information,62,No information,3708,51,8.7,51.1,0,51.1,93.1,29,1692,shot
romelu-lukaku,https://www.sofascore.com/belgium-slovakia/XTbsrUb#id:11873978,belgium,miss,No information,regular,4.5,61.5,0,right-foot,close-right,0,43.4,12.5,No information,No information,61,No information,3658,61.5,4.5,56.6,0,56.6,87.5,30,1742,shot
yannick-carrasco,https://www.sofascore.com/belgium-slovakia/XTbsrUb#id:11873978,belgium,block,No information,corner,9.8,47.3,0,left-foot,low-centre,0,49.4,6.9,No information,No information,61,No information,3634,47.3,9.8,50.6,0,50.6,93.1,30,1766,shot
leandro-trossard,https://www.sofascore.com/belgium-slovakia/XTbsrUb#id:11873978,belgium,save,No information,assisted,21.2,57.7,0,right-foot,low-right,0,47.2,7.6,No information,No information,59,No information,3500,57.7,21.2,52.8,0,52.8,92.4,32,1900,shot
romelu-lukaku,https://www.sofascore.com/belgium-slovakia/XTbsrUb#id:11873978,belgium,save,No information,assisted,9.4,69.1,0,right-foot,low-right,0,46.2,19,No information,No information,55,No information,3295,69.1,9.4,53.8,0,53.8,81,36,2105,shot
denis-vavro,https://www.sofascore.com/belgium-slovakia/XTbsrUb#id:11873978,slovakia,miss,No information,assisted,31.9,49.9,0,right-foot,close-left,0,58.5,1.4,No information,No information,52,No information,3084,49.9,31.9,41.5,0,41.5,98.6,39,2316,shot
lukas-haraslin,https://www.sofascore.com/belgium-slovakia/XTbsrUb#id:11873978,slovakia,miss,No information,assisted,19.3,31.1,0,right-foot,right,0,37.5,38.9,No information,No information,47,No information,2801,31.1,19.3,62.5,0,62.5,61.1,44,2599,shot
juraj-kucka,https://www.sofascore.com/belgium-slovakia/XTbsrUb#id:11873978,slovakia,miss,No information,corner,3.5,61.1,0,head,high-right,0,39.7,68.1,No information,No information,45,3,2842,61.1,3.5,60.3,0,60.3,31.9,1,2558,shot
lukas-haraslin,https://www.sofascore.com/belgium-slovakia/XTbsrUb#id:11873978,slovakia,save,No information,assisted,15.1,47.3,0,right-foot,high-right,0,45.8,25.9,No information,No information,40,No information,2358,47.3,15.1,54.2,0,54.2,74.1,6,342,shot
amadou-onana,https://www.sofascore.com/belgium-slovakia/XTbsrUb#id:11873978,belgium,save,No information,corner,9.4,52.3,0,head,low-centre,0,50,19.6,No information,No information,36,No information,2115,52.3,9.4,50,0,50,80.4,10,585,shot
leandro-trossard,https://www.sofascore.com/belgium-slovakia/XTbsrUb#id:11873978,belgium,block,No information,regular,20.4,38.9,0,right-foot,low-centre,0,49.9,19,No information,No information,32,No information,1917,38.9,20.4,50.1,0,50.1,81,14,783,shot
robert-bozenik,https://www.sofascore.com/belgium-slovakia/XTbsrUb#id:11873978,slovakia,save,No information,assisted,19.2,50,0,right-foot,low-centre,0,49.3,1.3,No information,No information,31,No information,1836,50,19.2,50.7,0,50.7,98.7,15,864,shot
robert-bozenik,https://www.sofascore.com/belgium-slovakia/XTbsrUb#id:11873978,slovakia,block,No information,regular,15.5,63.4,0,right-foot,low-right,0,48,19,No information,No information,23,No information,1353,63.4,15.5,52,0,52,81,23,1347,shot
leandro-trossard,https://www.sofascore.com/belgium-slovakia/XTbsrUb#id:11873978,belgium,miss,No information,regular,26.5,31.9,0,right-foot,high,0,49.4,61.1,No information,No information,21,No information,1205,31.9,26.5,50.6,0,50.6,38.9,25,1495,shot
jeremy-doku,https://www.sofascore.com/belgium-slovakia/XTbsrUb#id:11873978,belgium,block,No information,assisted,12.1,74.8,0,left-foot,low-centre,0,51,19,No information,No information,16,No information,901,74.8,12.1,49,0,49,81,30,1799,shot
ivan-schranz,https://www.sofascore.com/belgium-slovakia/XTbsrUb#id:11873978,slovakia,goal,regular,regular,2.9,34,0,right-foot,low-right,0,47.8,3.8,No information,No information,7,No information,365,34,2.9,52.2,0,52.2,96.2,39,2335,shot
juraj-kucka,https://www.sofascore.com/belgium-slovakia/XTbsrUb#id:11873978,slovakia,save,No information,assisted,12.5,44.2,0,right-foot,low-left,0,52.5,18.4,No information,No information,7,No information,363,44.2,12.5,47.5,0,47.5,81.6,39,2337,shot
romelu-lukaku,https://www.sofascore.com/belgium-slovakia/XTbsrUb#id:11873978,belgium,save,No information,assisted,6,47.7,0,right-foot,low-centre,0,51.5,17.1,No information,No information,3,No information,133,47.7,6,48.5,0,48.5,82.9,43,2567,shot
kevin-de-bruyne,https://www.sofascore.com/belgium-slovakia/XTbsrUb#id:11873978,belgium,miss,No information,assisted,10.5,52.8,0,left-foot,left,0,65.7,5.6,No information,No information,3,No information,132,52.8,10.5,34.3,0,34.3,94.4,43,2568,shot

marcus-thuram,https://www.sofascore.com/austria-france/GObstUb#id:11873975,france,block,No information,assisted,18.7,29.7,0,right-foot,low-centre,0,51.4,19,No information,No information,90,5,5675,29.7,18.7,48.6,0,48.6,81,1,625,shot
patrick-wimmer,https://www.sofascore.com/austria-france/GObstUb#id:11873975,austria,save,No information,throw-in-set-piece,5.8,66.5,0,head,high-right,0,45.6,20.3,No information,No information,90,2,5470,66.5,5.8,54.4,0,54.4,79.7,1,830,shot
kylian-mbappe,https://www.sofascore.com/austria-france/GObstUb#id:11873975,france,block,No information,set-piece,8.9,47,0,head,low-centre,0,51.1,19,No information,No information,85,No information,5071,47,8.9,48.9,0,48.9,81,6,329,shot
marcus-thuram,https://www.sofascore.com/austria-france/GObstUb#id:11873975,france,save,No information,assisted,10.4,39.7,0,left-foot,low-left,0,52.2,3.2,No information,No information,83,No information,4928,39.7,10.4,47.8,0,47.8,96.8,8,472,shot
christoph-baumgartner,https://www.sofascore.com/austria-france/GObstUb#id:11873975,austria,save,No information,regular,5.4,65.3,0,right-foot,low-right,0,47.9,5.1,No information,No information,78,No information,4671,65.3,5.4,52.1,0,52.1,94.9,13,729,shot
marcus-thuram,https://www.sofascore.com/austria-france/GObstUb#id:11873975,france,miss,No information,assisted,15,31.7,0,right-foot,high-right,0,32.6,75,No information,No information,73,No information,4335,31.7,15,67.4,0,67.4,25,18,1065,shot
marcus-thuram,https://www.sofascore.com/austria-france/GObstUb#id:11873975,france,save,No information,assisted,7.1,68.5,0,right-foot,low-centre,0,51.3,5.7,No information,No information,67,No information,4013,68.5,7.1,48.7,0,48.7,94.3,24,1387,shot
jules-kounde,https://www.sofascore.com/austria-france/GObstUb#id:11873975,france,block,No information,assisted,13.2,58.8,0,right-foot,low-centre,0,48.7,19,No information,No information,66,No information,3956,58.8,13.2,51.3,0,51.3,81,25,1444,shot
antoine-griezmann,https://www.sofascore.com/austria-france/GObstUb#id:11873975,france,miss,No information,assisted,4.2,51.3,0,right-foot,right,0,20.2,15.3,No information,No information,66,No information,3950,51.3,4.2,79.8,0,79.8,84.7,25,1450,shot
ousmane-dembele,https://www.sofascore.com/austria-france/GObstUb#id:11873975,france,miss,No information,assisted,18.9,75.2,0,left-foot,high-left,0,59.8,69.4,No information,No information,64,No information,3823,75.2,18.9,40.2,0,40.2,30.6,27,1577,shot
marcel-sabitzer,https://www.sofascore.com/austria-france/GObstUb#id:11873975,austria,block,No information,free-kick,16.3,17.2,0,right-foot,low-centre,0,50.6,19,No information,No information,56,No information,3349,17.2,16.3,49.4,0,49.4,81,35,2051,shot
kylian-mbappe,https://www.sofascore.com/austria-france/GObstUb#id:11873975,france,miss,No information,fast-break,14.5,48.1,0,right-foot,close-right,0,43.4,18.1,No information,No information,55,No information,3272,48.1,14.5,56.6,0,56.6,81.9,36,2128,shot
stefan-posch,https://www.sofascore.com/austria-france/GObstUb#id:11873975,austria,miss,No information,assisted,22.6,68,0,right-foot,high,0,45.7,83.3,No information,No information,48,No information,2860,68,22.6,54.3,0,54.3,16.7,43,2540,shot
danso-kevin,https://www.sofascore.com/austria-france/GObstUb#id:11873975,austria,miss,No information,corner,9.5,48.5,0,head,right,0,24.2,26.4,No information,No information,42,No information,2491,48.5,9.5,75.8,0,75.8,73.6,4,209,shot
maximilian-wober,https://www.sofascore.com/austria-france/GObstUb#id:11873975,france,goal,own,regular,4.8,54.8,0,head,low-left,0,54.1,7,No information,No information,38,No information,2251,54.8,4.8,45.9,0,45.9,93,8,449,shot
christoph-baumgartner,https://www.sofascore.com/austria-france/GObstUb#id:11873975,austria,save,No information,assisted,8,47.2,0,right-foot,low-left,0,53.2,5.1,No information,No information,36,No information,2107,47.2,8,46.8,0,46.8,94.9,10,593,shot
kylian-mbappe,https://www.sofascore.com/austria-france/GObstUb#id:11873975,france,block,No information,regular,15.2,34.2,0,right-foot,low-left,0,52,19,No information,No information,33,No information,1952,34.2,15.2,48,0,48,81,13,748,shot
marcus-thuram,https://www.sofascore.com/austria-france/GObstUb#id:11873975,france,miss,No information,corner,4.8,60.1,0,head,left,0,60.8,33.3,No information,No information,19,No information,1133,60.1,4.8,39.2,0,39.2,66.7,27,1567,shot
antoine-griezmann,https://www.sofascore.com/austria-france/GObstUb#id:11873975,france,block,No information,fast-break,14.5,66.5,0,left-foot,low-centre,0,49.4,19,No information,No information,19,No information,1095,66.5,14.5,50.6,0,50.6,81,27,1605,shot
theo-hernandez,https://www.sofascore.com/austria-france/GObstUb#id:11873975,france,miss,No information,assisted,3.7,33.3,0,left-foot,right,0,2,26.4,No information,No information,13,No information,749,33.3,3.7,98,0,98,73.6,33,1951,shot
kylian-mbappe,https://www.sofascore.com/austria-france/GObstUb#id:11873975,france,save,No information,assisted,10.2,31.5,0,right-foot,low-left,0,53.9,4.4,No information,No information,8,No information,478,31.5,10.2,46.1,0,46.1,95.6,38,2222,shot

kerem-akturkoglu,https://www.sofascore.com/georgia-turkey/aUbsnVb#id:12198159,türkiye,goal,regular,fast-break,23.4,65,0,right-foot,low-left,0,52.5,3.2,No information,No information,90,7,5790,65,23.4,47.5,0,47.5,96.8,1,510,shot
zuriko-davitashvili,https://www.sofascore.com/georgia-turkey/aUbsnVb#id:12198159,georgia,save,No information,set-piece,11.4,59.5,0,right-foot,low-centre,0,50.5,19,No information,No information,90,6,5729,59.5,11.4,49.5,0,49.5,81,1,571,shot
giorgi-kochorashvili,https://www.sofascore.com/georgia-turkey/aUbsnVb#id:12198159,georgia,miss,No information,regular,7.9,46.8,0,left-foot,close-left,0,58,19.4,No information,No information,90,3,5567,46.8,7.9,42,0,42,80.6,1,733,shot
budu-zivzivadze,https://www.sofascore.com/georgia-turkey/aUbsnVb#id:12198159,georgia,block,No information,assisted,5.7,41.1,0,left-foot,low-centre,0,51,19,No information,No information,90,3,5566,41.1,5.7,49,0,49,81,1,734,shot
yusuf-yazici,https://www.sofascore.com/georgia-turkey/aUbsnVb#id:12198159,türkiye,save,No information,assisted,8.3,45.2,0,head,high-centre,0,51.6,25.3,No information,No information,87,No information,5183,45.2,8.3,48.4,0,48.4,74.7,4,217,shot
luka-lochoshvili,https://www.sofascore.com/georgia-turkey/aUbsnVb#id:12198159,georgia,miss,No information,assisted,8.7,42.6,0,head,right,0,37.1,18.1,No information,No information,75,No information,4475,42.6,8.7,62.9,0,62.9,81.9,16,925,shot
orkun-kokcu,https://www.sofascore.com/georgia-turkey/aUbsnVb#id:12198159,türkiye,miss,No information,assisted,55.7,46,0,right-foot,close-right,0,43.2,15.3,No information,No information,72,No information,4287,46,55.7,56.8,0,56.8,84.7,19,1113,shot
giorgi-kochorashvili,https://www.sofascore.com/georgia-turkey/aUbsnVb#id:12198159,georgia,post,No information,assisted,11.6,54.8,0,right-foot,high,0,48.2,39.2,No information,No information,70,No information,4156,54.8,11.6,51.8,0,51.8,60.8,21,1244,shot
orkun-kokcu,https://www.sofascore.com/georgia-turkey/aUbsnVb#id:12198159,türkiye,save,No information,fast-break,9.7,44.6,0,left-foot,high-centre,0,50.1,25.9,No information,No information,69,No information,4085,44.6,9.7,49.9,0,49.9,74.1,22,1315,shot
arda-guler,https://www.sofascore.com/georgia-turkey/aUbsnVb#id:12198159,türkiye,goal,regular,assisted,23.8,65.2,0,left-foot,high-left,0,54.2,25.9,No information,No information,65,No information,3895,65.2,23.8,45.8,0,45.8,74.1,26,1505,shot
khvicha-kvaratskhelia,https://www.sofascore.com/georgia-turkey/aUbsnVb#id:12198159,georgia,miss,No information,assisted,11.6,40.9,0,right-foot,right,0,35.6,2.8,No information,No information,62,No information,3708,40.9,11.6,64.4,0,64.4,97.2,29,1692,shot
hakan-calhanoglu,https://www.sofascore.com/georgia-turkey/aUbsnVb#id:12198159,türkiye,block,No information,assisted,22.5,61.3,0,right-foot,low-centre,0,48.3,19,No information,No information,61,No information,3608,61.3,22.5,51.7,0,51.7,81,30,1792,shot
mert-muldur,https://www.sofascore.com/georgia-turkey/aUbsnVb#id:12198159,türkiye,block,No information,assisted,22.2,69.1,0,right-foot,low-centre,0,50.2,19,No information,No information,60,No information,3593,69.1,22.2,49.8,0,49.8,81,31,1807,shot
yildiz-kenan,https://www.sofascore.com/georgia-turkey/aUbsnVb#id:12198159,türkiye,block,No information,assisted,17.9,29.1,0,right-foot,low-centre,0,50.6,19,No information,No information,60,No information,3546,29.1,17.9,49.4,0,49.4,81,31,1854,shot
hakan-calhanoglu,https://www.sofascore.com/georgia-turkey/aUbsnVb#id:12198159,türkiye,save,No information,free-kick,28.9,45.7,0,right-foot,low-centre,0,49,18.4,No information,No information,57,No information,3381,45.7,28.9,51,0,51,81.6,34,2019,shot
mikautadze-georges,https://www.sofascore.com/georgia-turkey/aUbsnVb#id:12198159,georgia,block,No information,assisted,8.2,45.8,0,right-foot,low-centre,0,50.7,19,No information,No information,52,No information,3060,45.8,8.2,49.3,0,49.3,81,39,2340,shot
giorgi-tsitaishvili,https://www.sofascore.com/georgia-turkey/aUbsnVb#id:12198159,georgia,save,No information,assisted,5.6,25.3,0,left-foot,low-left,0,52.9,13.3,No information,No information,49,No information,2908,25.3,5.6,47.1,0,47.1,86.7,42,2492,shot
baris-alper-yilmaz,https://www.sofascore.com/georgia-turkey/aUbsnVb#id:12198159,türkiye,block,No information,assisted,11.6,56.8,0,left-foot,low-centre,0,50.2,19,No information,No information,48,No information,2854,56.8,11.6,49.8,0,49.8,81,43,2546,shot
mert-muldur,https://www.sofascore.com/georgia-turkey/aUbsnVb#id:12198159,türkiye,save,No information,assisted,7.9,55,0,left-foot,low-centre,0,49.1,19,No information,No information,46,No information,2726,55,7.9,50.9,0,50.9,81,45,2674,shot
ferdi-kadioglu,https://www.sofascore.com/georgia-turkey/aUbsnVb#id:12198159,türkiye,miss,No information,set-piece,36.6,50.3,0,right-foot,high-right,0,32.8,98.6,No information,No information,41,No information,2443,50.3,36.6,67.2,0,67.2,1.4,5,257,shot
kaan-ayhan,https://www.sofascore.com/georgia-turkey/aUbsnVb#id:12198159,türkiye,block,No information,set-piece,12.5,45.2,0,left-foot,low-centre,0,50.6,19,No information,No information,40,No information,2369,45.2,12.5,49.4,0,49.4,81,6,331,shot
giorgi-kochorashvili,https://www.sofascore.com/georgia-turkey/aUbsnVb#id:12198159,georgia,block,No information,regular,20.1,47.4,0,right-foot,low-right,0,48.1,19,No information,No information,37,No information,2191,47.4,20.1,51.9,0,51.9,81,9,509,shot
mikautadze-georges,https://www.sofascore.com/georgia-turkey/aUbsnVb#id:12198159,georgia,miss,No information,assisted,11.6,53.8,0,right-foot,close-left,0,57,12.5,No information,No information,35,No information,2090,53.8,11.6,43,0,43,87.5,11,610,shot
mikautadze-georges,https://www.sofascore.com/georgia-turkey/aUbsnVb#id:12198159,georgia,goal,regular,assisted,8.2,58.3,0,right-foot,low-right,0,46.5,1.9,No information,No information,32,No information,1904,58.3,8.2,53.5,0,53.5,98.1,14,796,shot
giorgi-tsitaishvili,https://www.sofascore.com/georgia-turkey/aUbsnVb#id:12198159,georgia,save,No information,assisted,8.6,24.6,0,left-foot,low-left,0,53.8,19,No information,No information,30,No information,1752,24.6,8.6,46.2,0,46.2,81,16,948,shot
orkun-kokcu,https://www.sofascore.com/georgia-turkey/aUbsnVb#id:12198159,türkiye,miss,No information,assisted,8.5,55,0,right-foot,left,0,59.5,12.5,No information,No information,27,No information,1592,55,8.5,40.5,0,40.5,87.5,19,1108,shot
mert-muldur,https://www.sofascore.com/georgia-turkey/aUbsnVb#id:12198159,türkiye,goal,regular,regular,15.7,63.2,0,right-foot,high-right,0,45.9,29.1,No information,No information,25,No information,1497,63.2,15.7,54.1,0,54.1,70.9,21,1203,shot
orkun-kokcu,https://www.sofascore.com/georgia-turkey/aUbsnVb#id:12198159,türkiye,block,No information,assisted,28.1,34.4,0,right-foot,low-right,0,48.2,19,No information,No information,23,No information,1348,34.4,28.1,51.8,0,51.8,81,23,1352,shot
hakan-calhanoglu,https://www.sofascore.com/georgia-turkey/aUbsnVb#id:12198159,türkiye,miss,No information,assisted,14.5,41.5,0,right-foot,close-left,0,59.2,13.9,No information,No information,21,No information,1232,41.5,14.5,40.8,0,40.8,86.1,25,1468,shot
yildiz-kenan,https://www.sofascore.com/georgia-turkey/aUbsnVb#id:12198159,türkiye,save,No information,assisted,8.6,24.3,0,left-foot,high-centre,0,51,24.1,No information,No information,14,No information,805,24.3,8.6,49,0,49,75.9,32,1895,shot
mikautadze-georges,https://www.sofascore.com/georgia-turkey/aUbsnVb#id:12198159,georgia,miss,No information,corner,18.4,31.5,0,right-foot,high-right,0,39.2,65.3,No information,No information,12,No information,696,31.5,18.4,60.8,0,60.8,34.7,34,2004,shot
anzor-mekvabishvili,https://www.sofascore.com/georgia-turkey/aUbsnVb#id:12198159,georgia,save,No information,assisted,29,49.9,0,right-foot,low-left,0,52.1,8.2,No information,No information,11,No information,653,49.9,29,47.9,0,47.9,91.8,35,2047,shot
kaan-ayhan,https://www.sofascore.com/georgia-turkey/aUbsnVb#id:12198159,türkiye,post,No information,assisted,20.9,40.9,0,right-foot,left,0,55.3,3.8,No information,No information,10,No information,583,40.9,20.9,44.7,0,44.7,96.2,36,2117,shot
abdulkerim-bardakci,https://www.sofascore.com/georgia-turkey/aUbsnVb#id:12198159,türkiye,miss,No information,corner,7.4,44.2,0,head,close-left,0,57.1,5.6,No information,No information,10,No information,543,44.2,7.4,42.9,0,42.9,94.4,36,2157,shot
hakan-calhanoglu,https://www.sofascore.com/georgia-turkey/aUbsnVb#id:12198159,türkiye,block,No information,assisted,23.1,72.7,0,right-foot,low-centre,0,50.5,19,No information,No information,7,No information,409,72.7,23.1,49.5,0,49.5,81,39,2291,shot
kaan-ayhan,https://www.sofascore.com/georgia-turkey/aUbsnVb#id:12198159,türkiye,miss,No information,corner,7.4,47.2,0,head,high,0,45.9,61.1,No information,No information,6,No information,327,47.2,7.4,54.1,0,54.1,38.9,40,2373,shot

francisco-conceicao,https://www.sofascore.com/czech-republic-portugal/eUbsoUb#id:11873989,portugal,goal,regular,regular,3.6,47.4,0,left-foot,low-left,0,53.2,3.8,No information,No information,90,2,5471,47.4,3.6,46.8,0,46.8,96.2,1,829,shot
tomas-soucek,https://www.sofascore.com/czech-republic-portugal/eUbsoUb#id:11873989,czechia,miss,No information,regular,18.7,54.6,0,left-foot,close-right,0,42.2,8.3,No information,No information,81,No information,4858,54.6,18.7,57.8,0,57.8,91.7,10,542,shot
petr-sevcik,https://www.sofascore.com/czech-republic-portugal/eUbsoUb#id:11873989,czechia,block,No information,throw-in-set-piece,14.6,55,0,left-foot,low-centre,0,49.5,19,No information,No information,81,No information,4856,55,14.6,50.5,0,50.5,81,10,544,shot
bruno-fernandes,https://www.sofascore.com/czech-republic-portugal/eUbsoUb#id:11873989,portugal,block,No information,corner,11.8,19.1,0,right-foot,low-right,0,47.6,12.5,No information,No information,81,No information,4805,19.1,11.8,52.4,0,52.4,87.5,10,595,shot
vitinha,https://www.sofascore.com/czech-republic-portugal/eUbsoUb#id:11873989,portugal,save,No information,assisted,26.8,39.4,0,right-foot,low-left,0,52.5,6.3,No information,No information,78,No information,4652,39.4,26.8,47.5,0,47.5,93.7,13,748,shot
bernardo-silva,https://www.sofascore.com/czech-republic-portugal/eUbsoUb#id:11873989,portugal,save,No information,assisted,13.3,29.1,0,left-foot,low-left,0,51.9,18.4,No information,No information,72,No information,4313,29.1,13.3,48.1,0,48.1,81.6,19,1087,shot
robin-hranac,https://www.sofascore.com/czech-republic-portugal/eUbsoUb#id:11873989,portugal,goal,own,regular,1.8,48.6,0,left-foot,low-left,0,51.9,9.5,No information,No information,69,No information,4131,48.6,1.8,48.1,0,48.1,90.5,22,1269,shot
nuno-mendes,https://www.sofascore.com/czech-republic-portugal/eUbsoUb#id:11873989,portugal,save,No information,assisted,4.6,37.6,0,head,low-centre,0,49.7,0.6,No information,No information,69,No information,4129,37.6,4.6,50.3,0,50.3,99.4,22,1271,shot
lukas-provod,https://www.sofascore.com/czech-republic-portugal/eUbsoUb#id:11873989,czechia,goal,regular,assisted,20.7,56.6,0,right-foot,low-left,0,54.2,13.9,No information,No information,62,No information,3691,56.6,20.7,45.8,0,45.8,86.1,29,1709,shot
mojmir-chytil,https://www.sofascore.com/czech-republic-portugal/eUbsoUb#id:11873989,czechia,miss,No information,assisted,13,44.8,0,head,left,0,99.8,1.4,No information,No information,62,No information,3678,44.8,13,0.2,0,0.2,98.6,29,1722,shot
rafael-leao,https://www.sofascore.com/czech-republic-portugal/eUbsoUb#id:11873989,portugal,block,No information,assisted,11.2,25.6,0,right-foot,low-right,0,47.9,13.9,No information,No information,60,No information,3548,25.6,11.2,52.1,0,52.1,86.1,31,1852,shot
cristiano-ronaldo,https://www.sofascore.com/czech-republic-portugal/eUbsoUb#id:11873989,portugal,save,No information,free-kick,27.3,48.5,0,right-foot,low-centre,0,51.3,19,No information,No information,58,No information,3461,48.5,27.3,48.7,0,48.7,81,33,1939,shot
cristiano-ronaldo,https://www.sofascore.com/czech-republic-portugal/eUbsoUb#id:11873989,portugal,block,No information,assisted,9,48.9,0,head,low-centre,0,49.7,19,No information,No information,55,No information,3262,48.9,9,50.3,0,50.3,81,36,2138,shot
bernardo-silva,https://www.sofascore.com/czech-republic-portugal/eUbsoUb#id:11873989,portugal,miss,No information,regular,17.8,70.7,0,left-foot,high-left,0,59.7,63.9,No information,No information,52,No information,3081,70.7,17.8,40.3,0,40.3,36.1,39,2319,shot
diogo-dalot,https://www.sofascore.com/czech-republic-portugal/eUbsoUb#id:11873989,portugal,miss,No information,assisted,20.6,64.9,0,left-foot,high,0,53.6,75,No information,No information,46,No information,2757,64.9,20.6,46.4,0,46.4,25,45,2643,shot
cristiano-ronaldo,https://www.sofascore.com/czech-republic-portugal/eUbsoUb#id:11873989,portugal,save,No information,corner,9.8,69.6,0,left-foot,low-centre,0,51.6,17.1,No information,No information,45,1,2701,69.6,9.8,48.4,0,48.4,82.9,1,2699,shot
vitinha,https://www.sofascore.com/czech-republic-portugal/eUbsoUb#id:11873989,portugal,block,No information,assisted,11.8,44.8,0,right-foot,low-left,0,52.6,19,No information,No information,33,No information,1955,44.8,11.8,47.4,0,47.4,81,13,745,shot
vitinha,https://www.sofascore.com/czech-republic-portugal/eUbsoUb#id:11873989,portugal,save,No information,regular,22.5,41.6,0,right-foot,low-right,0,46.8,8.2,No information,No information,32,No information,1877,41.6,22.5,53.2,0,53.2,91.8,14,823,shot
cristiano-ronaldo,https://www.sofascore.com/czech-republic-portugal/eUbsoUb#id:11873989,portugal,save,No information,assisted,9.8,43.6,0,left-foot,low-centre,0,48.7,4.4,No information,No information,32,No information,1873,43.6,9.8,51.3,0,51.3,95.6,14,827,shot
bruno-fernandes,https://www.sofascore.com/czech-republic-portugal/eUbsoUb#id:11873989,portugal,block,No information,assisted,25.3,28,0,right-foot,low-left,0,52.7,19,No information,No information,24,No information,1396,28,25.3,47.3,0,47.3,81,22,1304,shot
joao-cancelo,https://www.sofascore.com/czech-republic-portugal/eUbsoUb#id:11873989,portugal,block,No information,assisted,14.2,31.1,0,right-foot,low-centre,0,49.3,19,No information,No information,23,No information,1375,31.1,14.2,50.7,0,50.7,81,23,1325,shot
ruben-dias,https://www.sofascore.com/czech-republic-portugal/eUbsoUb#id:11873989,portugal,block,No information,assisted,20.3,69.3,0,right-foot,low-centre,0,50.2,19,No information,No information,22,No information,1278,69.3,20.3,49.8,0,49.8,81,24,1422,shot
nuno-mendes,https://www.sofascore.com/czech-republic-portugal/eUbsoUb#id:11873989,portugal,miss,No information,assisted,28.5,32.7,0,left-foot,high-right,0,38.5,58.3,No information,No information,17,No information,968,32.7,28.5,61.5,0,61.5,41.7,29,1732,shot
cristiano-ronaldo,https://www.sofascore.com/czech-republic-portugal/eUbsoUb#id:11873989,portugal,miss,No information,assisted,10.6,49,0,head,close-left,0,57.6,6.9,No information,No information,8,No information,450,49,10.6,42.4,0,42.4,93.1,38,2250,shot
pavel-sulc,https://www.sofascore.com/czech-republic-portugal/eUbsoUb#id:11873989,czechia,block,No information,assisted,15.5,40.7,0,right-foot,low-right,0,48,19,No information,No information,4,No information,218,40.7,15.5,52,0,52,81,42,2482,shot
