Player,Game Link,Country,shotType,goalType,situation,X,Y,Z,bodyPart,goalMouthLocation,Goal Mouth X,Goal mouth Y,Goal Mouth Z,XG,XGOT,time,addedTime,timeSeconds,Start X,Start Y,End X,End Y,Goal X,Goal Y,reversedPeriodTime,reversedPeriodTimeSeconds,incidentType
nathan-collins,https://www.sofascore.com/ireland-france/GObsTTb#id:10752399,ireland,save,No information,corner,8.3,49,0,head,high-left,0,52.6,27.8,No information,No information,90,No information,5345,49,8.3,47.4,0,47.4,72.2,1,55,shot
kylian-mbappe,https://www.sofascore.com/ireland-france/GObsTTb#id:10752399,france,miss,No information,assisted,11.6,32.9,0,right-foot,high-left,0,60.5,86.1,No information,No information,88,No information,5235,32.9,11.6,39.5,0,39.5,13.9,3,165,shot
alan-browne,https://www.sofascore.com/ireland-france/GObsTTb#id:10752399,ireland,miss,No information,regular,15.3,71.5,0,right-foot,left,0,61.2,8.3,No information,No information,85,No information,5089,71.5,15.3,38.8,0,38.8,91.7,6,311,shot
nathan-collins,https://www.sofascore.com/ireland-france/GObsTTb#id:10752399,ireland,block,No information,regular,22.9,53.7,0,right-foot,low-left,0,52.7,19,No information,No information,85,No information,5078,53.7,22.9,47.3,0,47.3,81,6,322,shot
alan-browne,https://www.sofascore.com/ireland-france/GObsTTb#id:10752399,ireland,miss,No information,corner,11.3,63.4,0,left-foot,right,0,16.8,5.6,No information,No information,84,No information,5012,63.4,11.3,83.2,0,83.2,94.4,7,388,shot
james-mcclean,https://www.sofascore.com/ireland-france/GObsTTb#id:10752399,ireland,save,No information,assisted,7.8,31.1,0,left-foot,low-left,0,54.4,11.4,No information,No information,84,No information,4981,31.1,7.8,45.6,0,45.6,88.6,7,419,shot
jayson-molumby,https://www.sofascore.com/ireland-france/GObsTTb#id:10752399,ireland,block,No information,regular,5.2,66.1,0,right-foot,low-right,0,46.8,19,No information,No information,82,No information,4886,66.1,5.2,53.2,0,53.2,81,9,514,shot
randal-kolo-muani,https://www.sofascore.com/ireland-france/GObsTTb#id:10752399,france,save,No information,assisted,12.8,68.8,0,right-foot,low-centre,0,49.6,1.9,No information,No information,77,No information,4561,68.8,12.8,50.4,0,50.4,98.1,14,839,shot
adrien-rabiot,https://www.sofascore.com/ireland-france/GObsTTb#id:10752399,france,save,No information,assisted,23.8,47.6,0,left-foot,low-right,0,47.1,1.9,No information,No information,75,No information,4479,47.6,23.8,52.9,0,52.9,98.1,16,921,shot
diaby-moussa,https://www.sofascore.com/ireland-france/GObsTTb#id:10752399,france,save,No information,assisted,14.2,69,0,left-foot,low-centre,0,51.6,11.4,No information,No information,69,No information,4125,69,14.2,48.4,0,48.4,88.6,22,1275,shot
jason-knight,https://www.sofascore.com/ireland-france/GObsTTb#id:10752399,ireland,block,No information,assisted,17.9,38,0,right-foot,low-right,0,48,19,No information,No information,58,No information,3444,38,17.9,52,0,52,81,33,1956,shot
antoine-griezmann,https://www.sofascore.com/ireland-france/GObsTTb#id:10752399,france,block,No information,free-kick,20.7,59.2,0,left-foot,low-centre,0,49.7,19,No information,No information,54,No information,3238,59.2,20.7,50.3,0,50.3,81,37,2162,shot
john-egan,https://www.sofascore.com/ireland-france/GObsTTb#id:10752399,ireland,block,No information,corner,9.1,58.8,0,head,low-centre,0,50.5,19,No information,No information,52,No information,3096,58.8,9.1,49.5,0,49.5,81,39,2304,shot
jason-knight,https://www.sofascore.com/ireland-france/GObsTTb#id:10752399,ireland,block,No information,assisted,23.2,44.1,0,right-foot,low-right,0,45.8,19,No information,No information,51,No information,3059,44.1,23.2,54.2,0,54.2,81,40,2341,shot
benjamin-pavard,https://www.sofascore.com/ireland-france/GObsTTb#id:10752399,france,goal,regular,regular,20.1,60.6,0,right-foot,high-left,0,52.3,31,No information,No information,50,No information,2967,60.6,20.1,47.7,0,47.7,69,41,2433,shot
dara-oshea,https://www.sofascore.com/ireland-france/GObsTTb#id:10752399,ireland,block,No information,set-piece,8.1,35.6,0,right-foot,low-centre,0,50.6,19,No information,No information,40,No information,2369,35.6,8.1,49.4,0,49.4,81,6,331,shot
john-egan,https://www.sofascore.com/ireland-france/GObsTTb#id:10752399,ireland,miss,No information,set-piece,12.7,56.8,0,head,left,0,69.4,13.9,No information,No information,40,No information,2367,56.8,12.7,30.6,0,30.6,86.1,6,333,shot
antoine-griezmann,https://www.sofascore.com/ireland-france/GObsTTb#id:10752399,france,miss,No information,assisted,8.4,63.2,0,head,close-right,0,42.2,30.6,No information,No information,38,No information,2276,63.2,8.4,57.8,0,57.8,69.4,8,424,shot
antoine-griezmann,https://www.sofascore.com/ireland-france/GObsTTb#id:10752399,france,block,No information,assisted,11.3,46.1,0,left-foot,low-centre,0,51.7,19,No information,No information,32,No information,1878,46.1,11.3,48.3,0,48.3,81,14,822,shot
theo-hernandez,https://www.sofascore.com/ireland-france/GObsTTb#id:10752399,france,block,No information,assisted,25.2,31.3,0,left-foot,low-centre,0,49.3,19,No information,No information,32,No information,1877,31.3,25.2,50.7,0,50.7,81,14,823,shot
olivier-giroud,https://www.sofascore.com/ireland-france/GObsTTb#id:10752399,france,miss,No information,corner,9,49.7,0,head,right,0,37,11.1,No information,No information,24,No information,1417,49.7,9,63,0,63,88.9,22,1283,shot
kylian-mbappe,https://www.sofascore.com/ireland-france/GObsTTb#id:10752399,france,block,No information,assisted,18.9,52.1,0,right-foot,low-right,0,47.2,19,No information,No information,16,No information,942,52.1,18.9,52.8,0,52.8,81,30,1758,shot
olivier-giroud,https://www.sofascore.com/ireland-france/GObsTTb#id:10752399,france,block,No information,assisted,7.8,37.1,0,left-foot,low-left,0,53.3,19,No information,No information,9,No information,482,37.1,7.8,46.7,0,46.7,81,37,2218,shot

joakim-maehle,https://www.sofascore.com/france-denmark/BObsGOb#id:10230577,denmark,miss,No information,throw-in-set-piece,27.6,52.2,0,right-foot,high,0,48.6,77.8,No information,No information,90,7,5796,52.2,27.6,51.4,0,51.4,22.2,1,504,shot
kylian-mbappe,https://www.sofascore.com/france-denmark/BObsGOb#id:10230577,france,save,No information,fast-break,19.3,31.3,0,right-foot,low-centre,0,51.6,7.6,No information,No information,90,1,5418,31.3,19.3,48.4,0,48.4,92.4,1,882,shot
joachim-andersen,https://www.sofascore.com/france-denmark/BObsGOb#id:10230577,denmark,block,No information,assisted,25,66.1,0,left-foot,low-centre,0,49.5,19,No information,No information,89,No information,5298,66.1,25,50.5,0,50.5,81,2,102,shot
kylian-mbappe,https://www.sofascore.com/france-denmark/BObsGOb#id:10230577,france,goal,regular,assisted,2,46.4,0,right-foot,low-left,0,53.6,19.6,No information,No information,86,No information,5109,46.4,2,46.4,0,46.4,80.4,5,291,shot
pierre-emile-hojbjerg,https://www.sofascore.com/france-denmark/BObsGOb#id:10230577,denmark,miss,No information,assisted,27.5,59.8,0,right-foot,left,0,61.7,5.6,No information,No information,84,No information,5037,59.8,27.5,38.3,0,38.3,94.4,7,363,shot
martin-braithwaite,https://www.sofascore.com/france-denmark/BObsGOb#id:10230577,denmark,post,No information,assisted,10.3,60,0,right-foot,right,0,44.5,12.7,No information,No information,81,No information,4815,60,10.3,55.5,0,55.5,87.3,10,585,shot
adrien-rabiot,https://www.sofascore.com/france-denmark/BObsGOb#id:10230577,france,miss,No information,corner,7.5,63.7,0,left-foot,close-high-right,0,42.2,56.9,No information,No information,80,No information,4742,63.7,7.5,57.8,0,57.8,43.1,11,658,shot
jules-kounde,https://www.sofascore.com/france-denmark/BObsGOb#id:10230577,france,block,No information,corner,8.1,50.5,0,head,low-centre,0,50.6,19,No information,No information,79,No information,4700,50.5,8.1,49.4,0,49.4,81,12,700,shot
aurelien-tchouameni,https://www.sofascore.com/france-denmark/BObsGOb#id:10230577,france,block,No information,corner,5.4,47.2,0,head,low-centre,0,49.6,19,No information,No information,78,No information,4657,47.2,5.4,50.4,0,50.4,81,13,743,shot
christian-eriksen,https://www.sofascore.com/france-denmark/BObsGOb#id:10230577,denmark,block,No information,corner,25.2,53.9,0,left-foot,low-centre,0,48.9,19,No information,No information,74,No information,4397,53.9,25.2,51.1,0,51.1,81,17,1003,shot
jesper-lindstrom,https://www.sofascore.com/france-denmark/BObsGOb#id:10230577,denmark,save,No information,assisted,11.4,40.2,0,right-foot,low-centre,0,49.7,17.1,No information,No information,73,No information,4340,40.2,11.4,50.3,0,50.3,82.9,18,1060,shot
andreas-christensen,https://www.sofascore.com/france-denmark/BObsGOb#id:10230577,denmark,goal,regular,corner,6.1,48.2,0,head,high-centre,0,49.7,25.9,No information,No information,68,No information,4035,48.2,6.1,50.3,0,50.3,74.1,23,1365,shot
joachim-andersen,https://www.sofascore.com/france-denmark/BObsGOb#id:10230577,denmark,miss,No information,corner,8.1,56,0,head,left,0,85.2,6.9,No information,No information,68,No information,4034,56,8.1,14.8,0,14.8,93.1,23,1366,shot
kylian-mbappe,https://www.sofascore.com/france-denmark/BObsGOb#id:10230577,france,goal,regular,assisted,8.3,40.1,0,right-foot,low-centre,0,50,7,No information,No information,61,No information,3625,40.1,8.3,50,0,50,93,30,1775,shot
antoine-griezmann,https://www.sofascore.com/france-denmark/BObsGOb#id:10230577,france,miss,No information,assisted,15.2,47.9,0,left-foot,high-left,0,57.1,84.7,No information,No information,60,No information,3541,47.9,15.2,42.9,0,42.9,15.3,31,1859,shot
kylian-mbappe,https://www.sofascore.com/france-denmark/BObsGOb#id:10230577,france,save,No information,assisted,13.6,32.2,0,left-foot,high-left,0,52.4,29.1,No information,No information,56,No information,3359,32.2,13.6,47.6,0,47.6,70.9,35,2041,shot
kylian-mbappe,https://www.sofascore.com/france-denmark/BObsGOb#id:10230577,france,block,No information,assisted,21.9,24.4,0,right-foot,low-centre,0,49.6,19,No information,No information,45,3,2845,24.4,21.9,50.4,0,50.4,81,1,2555,shot
christian-eriksen,https://www.sofascore.com/france-denmark/BObsGOb#id:10230577,denmark,miss,No information,regular,33,52.7,0,right-foot,left,0,61.2,5.6,No information,No information,45,No information,2683,52.7,33,38.8,0,38.8,94.4,1,17,shot
kylian-mbappe,https://www.sofascore.com/france-denmark/BObsGOb#id:10230577,france,miss,No information,assisted,13.9,53.3,0,right-foot,high,0,44.9,93.1,No information,No information,40,No information,2374,53.3,13.9,55.1,0,55.1,6.9,6,326,shot
olivier-giroud,https://www.sofascore.com/france-denmark/BObsGOb#id:10230577,france,miss,No information,assisted,9.5,56.3,0,head,right,0,40.3,5.6,No information,No information,37,No information,2193,56.3,9.5,59.7,0,59.7,94.4,9,507,shot
andreas-cornelius,https://www.sofascore.com/france-denmark/BObsGOb#id:10230577,denmark,miss,No information,fast-break,13.8,70.9,0,right-foot,close-right,0,43,19.4,No information,No information,36,No information,2117,70.9,13.8,57,0,57,80.6,10,583,shot
adrien-rabiot,https://www.sofascore.com/france-denmark/BObsGOb#id:10230577,france,block,No information,regular,18.2,25.5,0,left-foot,low-right,0,46.8,19,No information,No information,34,No information,2016,25.5,18.2,53.2,0,53.2,81,12,684,shot
ousmane-dembele,https://www.sofascore.com/france-denmark/BObsGOb#id:10230577,france,block,No information,assisted,10.5,59.4,0,left-foot,low-right,0,47.8,19,No information,No information,33,No information,1975,59.4,10.5,52.2,0,52.2,81,13,725,shot
aurelien-tchouameni,https://www.sofascore.com/france-denmark/BObsGOb#id:10230577,france,block,No information,assisted,19.5,48.9,0,right-foot,low-left,0,52.7,19,No information,No information,33,No information,1972,48.9,19.5,47.3,0,47.3,81,13,728,shot
antoine-griezmann,https://www.sofascore.com/france-denmark/BObsGOb#id:10230577,france,save,No information,assisted,3.6,28.7,0,left-foot,low-centre,0,51.3,3.2,No information,No information,33,No information,1968,28.7,3.6,48.7,0,48.7,96.8,13,732,shot
jules-kounde,https://www.sofascore.com/france-denmark/BObsGOb#id:10230577,france,block,No information,assisted,9.5,68.6,0,right-foot,low-left,0,53.6,19,No information,No information,30,No information,1793,68.6,9.5,46.4,0,46.4,81,16,907,shot
adrien-rabiot,https://www.sofascore.com/france-denmark/BObsGOb#id:10230577,france,save,No information,set-piece,9.3,54.6,0,head,low-centre,0,51.8,16.5,No information,No information,21,No information,1218,54.6,9.3,48.2,0,48.2,83.5,25,1482,shot
olivier-giroud,https://www.sofascore.com/france-denmark/BObsGOb#id:10230577,france,miss,No information,regular,7.9,49.7,0,head,left,0,71.1,11.1,No information,No information,15,No information,893,49.7,7.9,28.9,0,28.9,88.9,31,1807,shot
raphael-varane,https://www.sofascore.com/france-denmark/BObsGOb#id:10230577,france,miss,No information,corner,7.3,55.7,0,head,left,0,60.5,15.3,No information,No information,13,No information,755,55.7,7.3,39.5,0,39.5,84.7,33,1945,shot
adrien-rabiot,https://www.sofascore.com/france-denmark/BObsGOb#id:10230577,france,block,No information,assisted,4.9,56.3,0,head,low-centre,0,48.3,19,No information,No information,10,No information,549,56.3,4.9,51.7,0,51.7,81,36,2151,shot
ousmane-dembele,https://www.sofascore.com/france-denmark/BObsGOb#id:10230577,france,block,No information,assisted,20.8,48.5,0,right-foot,low-centre,0,50.9,19,No information,No information,6,No information,321,48.5,20.8,49.1,0,49.1,81,40,2379,shot

miralem-pjanic,https://www.sofascore.com/france-bosnia-and-herzegovina/EObsGOb#id:9223803,bosnia & herzegovina,miss,No information,free-kick,27.1,54.6,0,right-foot,close-high,0,48.4,59.7,No information,No information,90,No information,5369,54.6,27.1,51.6,0,51.6,40.3,1,31,shot
smail-prevljak,https://www.sofascore.com/france-bosnia-and-herzegovina/EObsGOb#id:9223803,bosnia & herzegovina,miss,No information,assisted,15,40.6,0,right-foot,high-right,0,43,88.9,No information,No information,86,No information,5114,40.6,15,57,0,57,11.1,5,286,shot
edin-dzeko,https://www.sofascore.com/france-bosnia-and-herzegovina/EObsGOb#id:9223803,bosnia & herzegovina,miss,No information,assisted,6.5,69.7,0,right-foot,left,0,99.5,6.9,No information,No information,80,No information,4788,69.7,6.5,0.5,0,0.5,93.1,11,612,shot
paul-pogba,https://www.sofascore.com/france-bosnia-and-herzegovina/EObsGOb#id:9223803,france,block,No information,regular,23.1,32.6,0,right-foot,low-right,0,47.7,19,No information,No information,77,No information,4590,32.6,23.1,52.3,0,52.3,81,14,810,shot
leo-dubois,https://www.sofascore.com/france-bosnia-and-herzegovina/EObsGOb#id:9223803,france,miss,No information,assisted,28.7,50,0,right-foot,right,0,39.7,13.9,No information,No information,61,No information,3640,50,28.7,60.3,0,60.3,86.1,30,1760,shot
raphael-varane,https://www.sofascore.com/france-bosnia-and-herzegovina/EObsGOb#id:9223803,france,miss,No information,corner,7.9,48.1,0,head,left,0,99.8,4.2,No information,No information,45,1,2715,48.1,7.9,0.2,0,0.2,95.8,1,2685,shot
antoine-griezmann,https://www.sofascore.com/france-bosnia-and-herzegovina/EObsGOb#id:9223803,france,miss,No information,regular,22.6,56.1,0,left-foot,close-left,0,57.6,6.9,No information,No information,44,No information,2628,56.1,22.6,42.4,0,42.4,93.1,2,72,shot
antoine-griezmann,https://www.sofascore.com/france-bosnia-and-herzegovina/EObsGOb#id:9223803,france,goal,regular,corner,3.3,40.9,0,other,low-centre,0,51.8,8.2,No information,No information,39,No information,2289,40.9,3.3,48.2,0,48.2,91.8,7,411,shot
edin-dzeko,https://www.sofascore.com/france-bosnia-and-herzegovina/EObsGOb#id:9223803,bosnia & herzegovina,goal,regular,regular,22,39.5,0,left-foot,low-right,0,47.3,3.8,No information,No information,36,No information,2112,39.5,22,52.7,0,52.7,96.2,10,588,shot
miralem-pjanic,https://www.sofascore.com/france-bosnia-and-herzegovina/EObsGOb#id:9223803,bosnia & herzegovina,save,No information,free-kick,28.6,55.4,0,right-foot,low-left,0,53,13.3,No information,No information,35,No information,2090,55.4,28.6,47,0,47,86.7,11,610,shot
kylian-mbappe,https://www.sofascore.com/france-bosnia-and-herzegovina/EObsGOb#id:9223803,france,post,No information,regular,2.1,27.5,0,left-foot,left,0,55.4,20.9,No information,No information,27,No information,1567,27.5,2.1,44.6,0,44.6,79.1,19,1133,shot
karim-benzema,https://www.sofascore.com/france-bosnia-and-herzegovina/EObsGOb#id:9223803,france,miss,No information,assisted,8.1,46.7,0,head,left,0,99.7,4.2,No information,No information,21,No information,1200,46.7,8.1,0.3,0,0.3,95.8,25,1500,shot
edin-dzeko,https://www.sofascore.com/france-bosnia-and-herzegovina/EObsGOb#id:9223803,bosnia & herzegovina,miss,No information,assisted,17.2,35.1,0,right-foot,high,0,48.1,72.2,No information,No information,14,No information,836,35.1,17.2,51.9,0,51.9,27.8,32,1864,shot
karim-benzema,https://www.sofascore.com/france-bosnia-and-herzegovina/EObsGOb#id:9223803,france,save,No information,regular,24.7,56.3,0,right-foot,low-left,0,53.8,1.9,No information,No information,13,No information,777,56.3,24.7,46.2,0,46.2,98.1,33,1923,shot
paul-pogba,https://www.sofascore.com/france-bosnia-and-herzegovina/EObsGOb#id:9223803,france,block,No information,assisted,26.3,66,0,right-foot,low-right,0,48.2,19,No information,No information,6,No information,323,66,26.3,51.8,0,51.8,81,40,2377,shot

theo-hernandez,https://www.sofascore.com/belgium-france/GObsrUb#id:9212604,france,goal,regular,regular,15.8,34.7,0,left-foot,low-right,0,45.6,17.7,No information,No information,90,No information,5391,34.7,15.8,54.4,0,54.4,82.3,1,9,shot
paul-pogba,https://www.sofascore.com/belgium-france/GObsrUb#id:9212604,france,post,No information,free-kick,25.4,59.4,0,right-foot,high,0,44.2,39.9,No information,No information,90,No information,5351,59.4,25.4,55.8,0,55.8,60.1,1,49,shot
kylian-mbappe,https://www.sofascore.com/belgium-france/GObsrUb#id:9212604,france,miss,No information,assisted,14.4,45.4,0,right-foot,close-left,0,56.1,25,No information,No information,86,No information,5146,45.4,14.4,43.9,0,43.9,75,5,254,shot
antoine-griezmann,https://www.sofascore.com/belgium-france/GObsrUb#id:9212604,france,miss,No information,assisted,18.7,34.5,0,left-foot,high,0,53.8,75,No information,No information,80,No information,4745,34.5,18.7,46.2,0,46.2,25,11,655,shot
aurelien-tchouameni,https://www.sofascore.com/belgium-france/GObsrUb#id:9212604,france,save,No information,regular,18.4,49.7,0,right-foot,high-centre,0,48.7,21.5,No information,No information,77,No information,4583,49.7,18.4,51.3,0,51.3,78.5,14,817,shot
antoine-griezmann,https://www.sofascore.com/belgium-france/GObsrUb#id:9212604,france,block,No information,assisted,14.8,57.3,0,right-foot,low-left,0,52.2,19,No information,No information,77,No information,4580,57.3,14.8,47.8,0,47.8,81,14,820,shot
jan-vertonghen,https://www.sofascore.com/belgium-france/GObsrUb#id:9212604,belgium,miss,No information,corner,8.3,43.1,0,head,close-high,0,51.9,55.6,No information,No information,75,No information,4440,43.1,8.3,48.1,0,48.1,44.4,16,960,shot
kevin-de-bruyne,https://www.sofascore.com/belgium-france/GObsrUb#id:9212604,belgium,save,No information,assisted,20.5,40.3,0,right-foot,high-centre,0,49.4,28.5,No information,No information,73,No information,4373,40.3,20.5,50.6,0,50.6,71.5,18,1027,shot
kylian-mbappe,https://www.sofascore.com/belgium-france/GObsrUb#id:9212604,france,goal,penalty,penalty,11.5,50,0,right-foot,high-right,0,46.3,26.6,No information,No information,69,No information,4113,50,11.5,53.7,0,53.7,73.4,22,1287,shot
kylian-mbappe,https://www.sofascore.com/belgium-france/GObsrUb#id:9212604,france,block,No information,assisted,15.2,54.4,0,left-foot,low-centre,0,48.6,19,No information,No information,66,No information,3947,54.4,15.2,51.4,0,51.4,81,25,1453,shot
karim-benzema,https://www.sofascore.com/belgium-france/GObsrUb#id:9212604,france,goal,regular,assisted,12.7,42.3,0,left-foot,low-right,0,46.7,0.6,No information,No information,62,No information,3704,42.3,12.7,53.3,0,53.3,99.4,29,1696,shot
antoine-griezmann,https://www.sofascore.com/belgium-france/GObsrUb#id:9212604,france,miss,No information,regular,3.8,54.6,0,right-foot,close-right,0,43.7,1.4,No information,No information,58,No information,3447,54.6,3.8,56.3,0,56.3,98.6,33,1953,shot
romelu-lukaku,https://www.sofascore.com/belgium-france/GObsrUb#id:9212604,belgium,save,No information,regular,11.4,52.8,0,right-foot,low-centre,0,49.2,17.1,No information,No information,51,No information,3015,52.8,11.4,50.8,0,50.8,82.9,40,2385,shot
paul-pogba,https://www.sofascore.com/belgium-france/GObsrUb#id:9212604,france,miss,No information,set-piece,6.6,52.7,0,head,high,0,47.2,72.2,No information,No information,50,No information,2947,52.7,6.6,52.8,0,52.8,27.8,41,2453,shot
paul-pogba,https://www.sofascore.com/belgium-france/GObsrUb#id:9212604,france,miss,No information,regular,31.6,48.4,0,right-foot,high-right,0,36.5,56.9,No information,No information,48,No information,2840,48.4,31.6,63.5,0,63.5,43.1,43,2560,shot
kylian-mbappe,https://www.sofascore.com/belgium-france/GObsrUb#id:9212604,france,miss,No information,assisted,3.2,65.2,0,right-foot,close-right,0,43.2,4.2,No information,No information,45,No information,2679,65.2,3.2,56.8,0,56.8,95.8,1,21,shot
eden-hazard,https://www.sofascore.com/belgium-france/GObsrUb#id:9212604,belgium,save,No information,assisted,20,41.1,0,right-foot,low-left,0,52.4,3.2,No information,No information,45,No information,2645,41.1,20,47.6,0,47.6,96.8,1,55,shot
romelu-lukaku,https://www.sofascore.com/belgium-france/GObsrUb#id:9212604,belgium,goal,regular,assisted,3.3,68.4,0,right-foot,high-right,0,46.7,25.9,No information,No information,40,No information,2399,68.4,3.3,53.3,0,53.3,74.1,6,301,shot
yannick-carrasco,https://www.sofascore.com/belgium-france/GObsrUb#id:9212604,belgium,goal,regular,assisted,12.1,30.9,0,right-foot,low-left,0,53.9,1.9,No information,No information,37,No information,2195,30.9,12.1,46.1,0,46.1,98.1,9,505,shot
lucas-hernandez,https://www.sofascore.com/belgium-france/GObsrUb#id:9212604,france,block,No information,assisted,25.1,26.8,0,left-foot,low-centre,0,51.1,19,No information,No information,26,No information,1542,26.8,25.1,48.9,0,48.9,81,20,1158,shot
kylian-mbappe,https://www.sofascore.com/belgium-france/GObsrUb#id:9212604,france,save,No information,assisted,15.4,53.6,0,right-foot,low-centre,0,49.2,5.7,No information,No information,23,No information,1340,53.6,15.4,50.8,0,50.8,94.3,23,1360,shot
kevin-de-bruyne,https://www.sofascore.com/belgium-france/GObsrUb#id:9212604,belgium,miss,No information,regular,21.2,58.1,0,right-foot,high-right,0,39.3,73.6,No information,No information,15,No information,881,58.1,21.2,60.7,0,60.7,26.4,31,1819,shot
youri-tielemans,https://www.sofascore.com/belgium-france/GObsrUb#id:9212604,belgium,miss,No information,assisted,28.9,56.5,0,right-foot,high,0,54.5,75,No information,No information,13,No information,721,56.5,28.9,45.5,0,45.5,25,33,1979,shot
jan-vertonghen,https://www.sofascore.com/belgium-france/GObsrUb#id:9212604,belgium,block,No information,corner,8.6,59.1,0,head,low-centre,0,49.7,4.2,No information,No information,11,No information,658,59.1,8.6,50.3,0,50.3,95.8,35,2042,shot
kevin-de-bruyne,https://www.sofascore.com/belgium-france/GObsrUb#id:9212604,belgium,block,No information,assisted,17.9,54.2,0,right-foot,low-right,0,48,19,No information,No information,11,No information,621,54.2,17.9,52,0,52,81,35,2079,shot
benjamin-pavard,https://www.sofascore.com/belgium-france/GObsrUb#id:9212604,france,save,No information,assisted,10.4,55.3,0,right-foot,high-centre,0,48.7,25.3,No information,No information,8,No information,435,55.3,10.4,51.3,0,51.3,74.7,38,2265,shot
kevin-de-bruyne,https://www.sofascore.com/belgium-france/GObsrUb#id:9212604,belgium,save,No information,regular,10.3,55.7,0,right-foot,low-right,0,47.4,11.4,No information,No information,4,No information,187,55.7,10.3,52.6,0,52.6,88.6,42,2513,shot

keidi-bare,https://www.sofascore.com/albania-france/GObsPTb#id:8079073,albania,miss,No information,assisted,24.5,65.1,0,right-foot,left,0,70.1,1.4,No information,No information,88,No information,5246,65.1,24.5,29.9,0,29.9,98.6,3,154,shot
elseid-hysaj,https://www.sofascore.com/albania-france/GObsPTb#id:8079073,albania,miss,No information,set-piece,22.6,65.5,0,right-foot,high-right,0,36.6,47.2,No information,No information,78,No information,4634,65.5,22.6,63.4,0,63.4,52.8,13,766,shot
ledian-memushaj,https://www.sofascore.com/albania-france/GObsPTb#id:8079073,albania,block,No information,free-kick,22.5,33.4,0,right-foot,No information,No information,No information,No information,No information,No information,78,No information,4631,33.4,22.5,No information,No information,No information,No information,13,769,shot
olivier-giroud,https://www.sofascore.com/albania-france/GObsPTb#id:8079073,france,post,No information,assisted,18.7,57.3,0,left-foot,left,0,55.3,31,No information,No information,72,No information,4272,57.3,18.7,44.7,0,44.7,69,19,1128,shot
corentin-tolisso,https://www.sofascore.com/albania-france/GObsPTb#id:8079073,france,miss,No information,corner,6.8,56.6,0,head,high-right,0,43.7,65.3,No information,No information,68,No information,4065,56.6,6.8,56.3,0,56.3,34.7,23,1335,shot
leo-dubois,https://www.sofascore.com/albania-france/GObsPTb#id:8079073,france,save,No information,corner,11.3,70.8,0,right-foot,high-right,0,47.3,24.1,No information,No information,68,No information,4022,70.8,11.3,52.7,0,52.7,75.9,23,1378,shot
rey-manaj,https://www.sofascore.com/albania-france/GObsPTb#id:8079073,albania,miss,No information,corner,5,68.5,0,left-foot,right,0,37.6,11.1,No information,No information,66,No information,3942,68.5,5,62.4,0,62.4,88.9,25,1458,shot
olivier-giroud,https://www.sofascore.com/albania-france/GObsPTb#id:8079073,france,save,No information,assisted,12.5,25.3,0,left-foot,low-right,0,45.9,1.9,No information,No information,64,No information,3784,25.3,12.5,54.1,0,54.1,98.1,27,1616,shot
rey-manaj,https://www.sofascore.com/albania-france/GObsPTb#id:8079073,albania,block,No information,assisted,13.7,40,0,left-foot,No information,No information,No information,No information,No information,No information,60,No information,3559,40,13.7,No information,No information,No information,No information,31,1841,shot
keidi-bare,https://www.sofascore.com/albania-france/GObsPTb#id:8079073,albania,block,No information,assisted,8.4,66.6,0,right-foot,No information,No information,No information,No information,No information,No information,56,No information,3330,66.6,8.4,No information,No information,No information,No information,35,2070,shot
olivier-giroud,https://www.sofascore.com/albania-france/GObsPTb#id:8079073,france,save,No information,assisted,14.9,59.6,0,left-foot,high-centre,0,48.4,24.1,No information,No information,52,No information,3072,59.6,14.9,51.6,0,51.6,75.9,39,2328,shot
rey-manaj,https://www.sofascore.com/albania-france/GObsPTb#id:8079073,albania,block,No information,assisted,12.9,63.7,0,right-foot,No information,No information,No information,No information,No information,No information,50,No information,2969,63.7,12.9,No information,No information,No information,No information,41,2431,shot
berat-djimsiti,https://www.sofascore.com/albania-france/GObsPTb#id:8079073,albania,miss,No information,set-piece,7.3,58.1,0,right-foot,right,0,40.3,6.9,No information,No information,47,No information,2772,58.1,7.3,59.7,0,59.7,93.1,44,2628,shot
clement-lenglet,https://www.sofascore.com/albania-france/GObsPTb#id:8079073,france,miss,No information,corner,7,49.5,0,head,close-high,0,50.1,45.8,No information,No information,40,No information,2340,49.5,7,49.9,0,49.9,54.2,6,360,shot
presnel-kimpembe,https://www.sofascore.com/albania-france/GObsPTb#id:8079073,france,miss,No information,assisted,26.2,26.8,0,left-foot,high-left,0,57.5,77.8,No information,No information,38,No information,2243,26.8,26.2,42.5,0,42.5,22.2,8,457,shot
antoine-griezmann,https://www.sofascore.com/albania-france/GObsPTb#id:8079073,france,goal,regular,assisted,8.8,48.4,0,right-foot,low-right,0,47.1,2.5,No information,No information,31,No information,1808,48.4,8.8,52.9,0,52.9,97.5,15,892,shot
klaus-gjasula,https://www.sofascore.com/albania-france/GObsPTb#id:8079073,albania,miss,No information,set-piece,11.1,36.4,0,head,right,0,34.3,11.1,No information,No information,20,No information,1175,36.4,11.1,65.7,0,65.7,88.9,26,1525,shot
corentin-tolisso,https://www.sofascore.com/albania-france/GObsPTb#id:8079073,france,goal,regular,set-piece,10.5,43.5,0,head,low-left,0,53.3,10.8,No information,No information,8,No information,461,43.5,10.5,46.7,0,46.7,89.2,38,2239,shot

lucas-digne,https://www.sofascore.com/moldova-france/GObsHVb#id:8079029,france,block,No information,corner,16.4,30.1,0,left-foot,No information,No information,No information,No information,No information,No information,90,1,5426,30.1,16.4,No information,No information,No information,No information,1,874,shot
olivier-giroud,https://www.sofascore.com/moldova-france/GObsHVb#id:8079029,france,save,No information,assisted,4.1,56.1,0,left-foot,low-centre,0,48.4,9.5,No information,No information,88,No information,5263,56.1,4.1,51.6,0,51.6,90.5,3,137,shot
antoine-griezmann,https://www.sofascore.com/moldova-france/GObsHVb#id:8079029,france,miss,No information,assisted,14.8,54.3,0,left-foot,close-right,0,41.5,8.3,No information,No information,81,No information,4817,54.3,14.8,58.5,0,58.5,91.7,10,583,shot
olivier-giroud,https://www.sofascore.com/moldova-france/GObsHVb#id:8079029,france,goal,penalty,penalty,11.5,50.1,0,left-foot,low-left,0,52.7,13.3,No information,No information,79,No information,4681,50.1,11.5,47.3,0,47.3,86.7,12,719,shot
vadim-rata,https://www.sofascore.com/moldova-france/GObsHVb#id:8079029,moldova,miss,No information,regular,21.6,51.8,0,right-foot,close-right,0,41.5,4.2,No information,No information,75,No information,4470,51.8,21.6,58.5,0,58.5,95.8,16,930,shot
antoine-griezmann,https://www.sofascore.com/moldova-france/GObsHVb#id:8079029,france,miss,No information,regular,27.7,64.3,0,left-foot,high,0,47.7,81.9,No information,No information,69,No information,4084,64.3,27.7,52.3,0,52.3,18.1,22,1316,shot
olivier-giroud,https://www.sofascore.com/moldova-france/GObsHVb#id:8079029,france,miss,No information,assisted,9.8,45.8,0,left-foot,high-left,0,70.6,47.2,No information,No information,61,No information,3633,45.8,9.8,29.4,0,29.4,52.8,30,1767,shot
olivier-giroud,https://www.sofascore.com/moldova-france/GObsHVb#id:8079029,france,miss,No information,assisted,8.2,56.3,0,right-foot,close-right,0,42.7,8.3,No information,No information,59,No information,3515,56.3,8.2,57.3,0,57.3,91.7,32,1885,shot
kylian-mbappe,https://www.sofascore.com/moldova-france/GObsHVb#id:8079029,france,block,No information,assisted,9.9,48.1,0,left-foot,No information,No information,No information,No information,No information,No information,57,No information,3362,48.1,9.9,No information,No information,No information,No information,34,2038,shot
kylian-mbappe,https://www.sofascore.com/moldova-france/GObsHVb#id:8079029,france,miss,No information,assisted,13.5,68.2,0,left-foot,high,0,49.2,91.7,No information,No information,47,No information,2769,68.2,13.5,50.8,0,50.8,8.3,44,2631,shot
corentin-tolisso,https://www.sofascore.com/moldova-france/GObsHVb#id:8079029,france,block,No information,assisted,26.1,30.3,0,right-foot,No information,No information,No information,No information,No information,No information,39,No information,2297,30.3,26.1,No information,No information,No information,No information,7,403,shot
raphael-varane,https://www.sofascore.com/moldova-france/GObsHVb#id:8079029,france,goal,regular,set-piece,7.5,53.1,0,head,low-right,0,48.1,5.1,No information,No information,35,No information,2048,53.1,7.5,51.9,0,51.9,94.9,11,652,shot
kylian-mbappe,https://www.sofascore.com/moldova-france/GObsHVb#id:8079029,france,save,No information,assisted,20,66.1,0,right-foot,low-left,0,53.2,7.6,No information,No information,33,No information,1932,66.1,20,46.8,0,46.8,92.4,13,768,shot
olivier-giroud,https://www.sofascore.com/moldova-france/GObsHVb#id:8079029,france,miss,No information,regular,8.3,48.5,0,head,left,0,59.3,11.1,No information,No information,29,No information,1731,48.5,8.3,40.7,0,40.7,88.9,17,969,shot
benjamin-pavard,https://www.sofascore.com/moldova-france/GObsHVb#id:8079029,france,miss,No information,regular,12.2,70.5,0,right-foot,left,0,100,13.9,No information,No information,16,No information,918,70.5,12.2,0,0,0,86.1,30,1782,shot
olivier-giroud,https://www.sofascore.com/moldova-france/GObsHVb#id:8079029,france,block,No information,assisted,8.1,46.9,0,left-foot,No information,No information,No information,No information,No information,No information,12,No information,683,46.9,8.1,No information,No information,No information,No information,34,2017,shot
benjamin-pavard,https://www.sofascore.com/moldova-france/GObsHVb#id:8079029,france,miss,No information,assisted,13.2,71.1,0,right-foot,left,0,61,11.1,No information,No information,10,No information,574,71.1,13.2,39,0,39,88.9,36,2126,shot
vadim-rata,https://www.sofascore.com/moldova-france/GObsHVb#id:8079029,moldova,goal,regular,regular,11.2,47.2,0,right-foot,low-right,0,47,1.3,No information,No information,9,No information,482,47.2,11.2,53,0,53,98.7,37,2218,shot
kylian-mbappe,https://www.sofascore.com/moldova-france/GObsHVb#id:8079029,france,save,No information,assisted,4.6,28.6,0,left-foot,low-right,0,47.9,2.5,No information,No information,6,No information,343,28.6,4.6,52.1,0,52.1,97.5,40,2357,shot

rasmus-hojlund,https://www.sofascore.com/france-denmark/BObsGOb#id:10023410,denmark,miss,No information,assisted,24.9,57.3,0,left-foot,left,0,62.5,9.7,No information,No information,90,2,5483,57.3,24.9,37.5,0,37.5,90.3,1,817,shot
martin-braithwaite,https://www.sofascore.com/france-denmark/BObsGOb#id:10023410,denmark,save,No information,corner,2.4,55.1,0,head,low-centre,0,49.1,2.5,No information,No information,85,No information,5067,55.1,2.4,50.9,0,50.9,97.5,6,333,shot
rasmus-hojlund,https://www.sofascore.com/france-denmark/BObsGOb#id:10023410,denmark,miss,No information,corner,4.4,49.3,0,head,right,0,32.9,9.7,No information,No information,85,No information,5066,49.3,4.4,67.1,0,67.1,90.3,6,334,shot
jesper-lindstrom,https://www.sofascore.com/france-denmark/BObsGOb#id:10023410,denmark,block,No information,corner,19.6,32.5,0,left-foot,low-left,0,53.5,19,No information,No information,84,No information,5025,32.5,19.6,46.5,0,46.5,81,7,375,shot
martin-braithwaite,https://www.sofascore.com/france-denmark/BObsGOb#id:10023410,denmark,block,No information,assisted,15,71.2,0,right-foot,low-left,0,53.6,19,No information,No information,83,No information,4976,71.2,15,46.4,0,46.4,81,8,424,shot
christian-eriksen,https://www.sofascore.com/france-denmark/BObsGOb#id:10023410,denmark,block,No information,regular,32.4,60.2,0,right-foot,low-left,0,52.9,19.4,No information,No information,78,No information,4646,60.2,32.4,47.1,0,47.1,80.6,13,754,shot
andreas-christensen,https://www.sofascore.com/france-denmark/BObsGOb#id:10023410,denmark,block,No information,corner,7.7,62.7,0,head,low-right,0,47.2,13.9,No information,No information,72,No information,4309,62.7,7.7,52.8,0,52.8,86.1,19,1091,shot
antoine-griezmann,https://www.sofascore.com/france-denmark/BObsGOb#id:10023410,france,save,No information,regular,21.6,53.6,0,left-foot,low-centre,0,48.7,18.4,No information,No information,70,No information,4182,53.6,21.6,51.3,0,51.3,81.6,21,1218,shot
kylian-mbappe,https://www.sofascore.com/france-denmark/BObsGOb#id:10023410,france,save,No information,assisted,14,51.7,0,right-foot,low-centre,0,49.8,18.4,No information,No information,70,No information,4157,51.7,14,50.2,0,50.2,81.6,21,1243,shot
kylian-mbappe,https://www.sofascore.com/france-denmark/BObsGOb#id:10023410,france,save,No information,assisted,18.2,60.8,0,right-foot,low-centre,0,48.5,3.2,No information,No information,67,No information,4004,60.8,18.2,51.5,0,51.5,96.8,24,1396,shot
kylian-mbappe,https://www.sofascore.com/france-denmark/BObsGOb#id:10023410,france,save,No information,fast-break,13.8,63.5,0,right-foot,low-left,0,53.1,3.2,No information,No information,67,No information,3967,63.5,13.8,46.9,0,46.9,96.8,24,1433,shot
youssouf-fofana,https://www.sofascore.com/france-denmark/BObsGOb#id:10023410,france,miss,No information,assisted,24.8,33,0,right-foot,left,0,59.3,1.4,No information,No information,64,No information,3784,33,24.8,40.7,0,40.7,98.6,27,1616,shot
benoit-badiashile,https://www.sofascore.com/france-denmark/BObsGOb#id:10023410,france,miss,No information,corner,7.8,45.4,0,head,left,0,62.5,9.7,No information,No information,63,No information,3743,45.4,7.8,37.5,0,37.5,90.3,28,1657,shot
andreas-skov-olsen,https://www.sofascore.com/france-denmark/BObsGOb#id:10023410,denmark,save,No information,assisted,4.2,66.9,0,left-foot,low-centre,0,49.2,2.5,No information,No information,58,No information,3471,66.9,4.2,50.8,0,50.8,97.5,33,1929,shot
kylian-mbappe,https://www.sofascore.com/france-denmark/BObsGOb#id:10023410,france,miss,No information,assisted,26.4,29.8,0,right-foot,high-right,0,27.6,83.3,No information,No information,56,No information,3321,29.8,26.4,72.4,0,72.4,16.7,35,2079,shot
antoine-griezmann,https://www.sofascore.com/france-denmark/BObsGOb#id:10023410,france,save,No information,free-kick,26.3,37.8,0,left-foot,low-right,0,46.2,4.4,No information,No information,52,No information,3068,37.8,26.3,53.8,0,53.8,95.6,39,2332,shot
pierre-emile-hojbjerg,https://www.sofascore.com/france-denmark/BObsGOb#id:10023410,denmark,block,No information,corner,21.9,61.4,0,right-foot,low-right,0,46.9,19,No information,No information,43,No information,2531,61.4,21.9,53.1,0,53.1,81,3,169,shot
andreas-skov-olsen,https://www.sofascore.com/france-denmark/BObsGOb#id:10023410,denmark,goal,regular,corner,16.7,47.8,0,left-foot,low-left,0,52.3,10.1,No information,No information,39,No information,2305,47.8,16.7,47.7,0,47.7,89.9,7,395,shot
joakim-maehle,https://www.sofascore.com/france-denmark/BObsGOb#id:10023410,denmark,save,No information,assisted,2.5,37.3,0,left-foot,low-left,0,52.3,15.8,No information,No information,37,No information,2219,37.3,2.5,47.7,0,47.7,84.2,9,481,shot
andreas-skov-olsen,https://www.sofascore.com/france-denmark/BObsGOb#id:10023410,denmark,miss,No information,assisted,12.9,65.7,0,left-foot,left,0,71.9,15.3,No information,No information,37,No information,2217,65.7,12.9,28.1,0,28.1,84.7,9,483,shot
thomas-delaney,https://www.sofascore.com/france-denmark/BObsGOb#id:10023410,denmark,save,No information,corner,7,57.9,0,head,low-centre,0,49,9.5,No information,No information,37,No information,2180,57.9,7,51,0,51,90.5,9,520,shot
kasper-dolberg,https://www.sofascore.com/france-denmark/BObsGOb#id:10023410,denmark,goal,regular,assisted,8.5,46.2,0,right-foot,low-left,0,53.1,5.1,No information,No information,33,No information,1979,46.2,8.5,46.9,0,46.9,94.9,13,721,shot
benjamin-pavard,https://www.sofascore.com/france-denmark/BObsGOb#id:10023410,france,miss,No information,regular,26.9,73.6,0,right-foot,left,0,77.5,13.9,No information,No information,31,No information,1819,73.6,26.9,22.5,0,22.5,86.1,15,881,shot
thomas-delaney,https://www.sofascore.com/france-denmark/BObsGOb#id:10023410,denmark,block,No information,corner,9.9,51,0,head,low-centre,0,50.8,19,No information,No information,25,No information,1483,51,9.9,49.2,0,49.2,81,21,1217,shot
thomas-delaney,https://www.sofascore.com/france-denmark/BObsGOb#id:10023410,denmark,save,No information,corner,9.1,56.1,0,head,low-left,0,52.7,7,No information,No information,23,No information,1356,56.1,9.1,47.3,0,47.3,93,23,1344,shot
camavinga-eduardo,https://www.sofascore.com/france-denmark/BObsGOb#id:10023410,france,block,No information,assisted,25.6,51.5,0,left-foot,low-centre,0,51.4,19,No information,No information,18,No information,1038,51.5,25.6,48.6,0,48.6,81,28,1662,shot
camavinga-eduardo,https://www.sofascore.com/france-denmark/BObsGOb#id:10023410,france,miss,No information,assisted,24.6,43.9,0,left-foot,high,0,46.2,73.6,No information,No information,17,No information,992,43.9,24.6,53.8,0,53.8,26.4,29,1708,shot
antoine-griezmann,https://www.sofascore.com/france-denmark/BObsGOb#id:10023410,france,save,No information,assisted,11.5,33.9,0,right-foot,low-centre,0,48.6,5.7,No information,No information,15,No information,841,33.9,11.5,51.4,0,51.4,94.3,31,1859,shot
camavinga-eduardo,https://www.sofascore.com/france-denmark/BObsGOb#id:10023410,france,miss,No information,regular,16,52.8,0,left-foot,left,0,64.9,5.6,No information,No information,14,No information,817,52.8,16,35.1,0,35.1,94.4,32,1883,shot
benjamin-pavard,https://www.sofascore.com/france-denmark/BObsGOb#id:10023410,france,block,No information,regular,12.8,64.5,0,left-foot,low-left,0,52.6,5.6,No information,No information,14,No information,815,64.5,12.8,47.4,0,47.4,94.4,32,1885,shot
aurelien-tchouameni,https://www.sofascore.com/france-denmark/BObsGOb#id:10023410,france,block,No information,assisted,23.1,32.7,0,right-foot,low-centre,0,50.4,19,No information,No information,14,No information,812,32.7,23.1,49.6,0,49.6,81,32,1888,shot
dayot-upamecano,https://www.sofascore.com/france-denmark/BObsGOb#id:10023410,france,block,No information,corner,3.8,52.2,0,head,low-centre,0,49.1,19,No information,No information,10,No information,552,52.2,3.8,50.9,0,50.9,81,36,2148,shot
kylian-mbappe,https://www.sofascore.com/france-denmark/BObsGOb#id:10023410,france,save,No information,corner,5.3,67,0,right-foot,high-centre,0,48.6,26.6,No information,No information,8,No information,453,67,5.3,51.4,0,51.4,73.4,38,2247,shot

onni-valakari,https://www.sofascore.com/finland-france/GObsmUb#id:9223952,finland,block,No information,assisted,27.7,53.7,0,left-foot,low-left,0,53,19,No information,No information,90,3,5525,53.7,27.7,47,0,47,81,1,775,shot
onni-valakari,https://www.sofascore.com/finland-france/GObsmUb#id:9223952,finland,miss,No information,set-piece,20.9,66.3,0,left-foot,high,0,53.6,79.2,No information,No information,89,No information,5331,66.3,20.9,46.4,0,46.4,20.8,2,69,shot
kylian-mbappe,https://www.sofascore.com/finland-france/GObsmUb#id:9223952,france,save,No information,assisted,18.5,69.7,0,left-foot,low-left,0,53.6,18.4,No information,No information,80,No information,4763,69.7,18.5,46.4,0,46.4,81.6,11,637,shot
kylian-mbappe,https://www.sofascore.com/finland-france/GObsmUb#id:9223952,france,goal,regular,assisted,12.8,26.6,0,right-foot,low-right,0,45.8,8.2,No information,No information,76,No information,4521,26.6,12.8,54.2,0,54.2,91.8,15,879,shot
karim-benzema,https://www.sofascore.com/finland-france/GObsmUb#id:9223952,france,goal,regular,assisted,13.9,39.5,0,right-foot,low-right,0,45.9,15.8,No information,No information,66,No information,3949,39.5,13.9,54.1,0,54.1,84.2,25,1451,shot
karim-benzema,https://www.sofascore.com/finland-france/GObsmUb#id:9223952,france,save,No information,assisted,13.4,36.1,0,right-foot,low-left,0,53.6,3.2,No information,No information,58,No information,3449,36.1,13.4,46.4,0,46.4,96.8,33,1951,shot
jere-uronen,https://www.sofascore.com/finland-france/GObsmUb#id:9223952,finland,miss,No information,assisted,19.9,59.4,0,left-foot,left,0,65.9,13.9,No information,No information,47,No information,2788,59.4,19.9,34.1,0,34.1,86.1,44,2612,shot
leo-vaisanen,https://www.sofascore.com/finland-france/GObsmUb#id:9223952,finland,miss,No information,corner,3.7,47,0,head,right,0,37.1,2.8,No information,No information,44,No information,2614,47,3.7,62.9,0,62.9,97.2,2,86,shot
urho-nissila,https://www.sofascore.com/finland-france/GObsmUb#id:9223952,finland,block,No information,assisted,26.9,54,0,right-foot,low-centre,0,48.8,19,No information,No information,39,No information,2319,54,26.9,51.2,0,51.2,81,7,381,shot
teemu-pukki,https://www.sofascore.com/finland-france/GObsmUb#id:9223952,finland,miss,No information,assisted,23.4,41.7,0,right-foot,high,0,47.1,93.1,No information,No information,33,No information,1949,41.7,23.4,52.9,0,52.9,6.9,13,751,shot
teemu-pukki,https://www.sofascore.com/finland-france/GObsmUb#id:9223952,finland,save,No information,assisted,13.8,30.7,0,left-foot,low-centre,0,48.8,13.9,No information,No information,30,No information,1755,30.7,13.8,51.2,0,51.2,86.1,16,945,shot
kylian-mbappe,https://www.sofascore.com/finland-france/GObsmUb#id:9223952,france,miss,No information,assisted,23.8,66,0,right-foot,close-left,0,59.2,6.9,No information,No information,29,No information,1689,66,23.8,40.8,0,40.8,93.1,17,1011,shot
antoine-griezmann,https://www.sofascore.com/finland-france/GObsmUb#id:9223952,france,miss,No information,assisted,13.4,55.9,0,left-foot,high-left,0,62,43.1,No information,No information,25,No information,1447,55.9,13.4,38,0,38,56.9,21,1253,shot
glen-kamara,https://www.sofascore.com/finland-france/GObsmUb#id:9223952,finland,miss,No information,assisted,22.8,58.3,0,right-foot,right,0,36.6,13.9,No information,No information,22,No information,1277,58.3,22.8,63.4,0,63.4,86.1,24,1423,shot
lucas-digne,https://www.sofascore.com/finland-france/GObsmUb#id:9223952,france,miss,No information,assisted,27.3,47.6,0,left-foot,right,0,39.7,6.9,No information,No information,11,No information,647,47.6,27.3,60.3,0,60.3,93.1,35,2053,shot
diaby-moussa,https://www.sofascore.com/finland-france/GObsmUb#id:9223952,france,save,No information,assisted,7.9,50.4,0,left-foot,high-centre,0,50.3,20.9,No information,No information,5,No information,289,50.4,7.9,49.7,0,49.7,79.1,41,2411,shot

antoine-griezmann,https://www.sofascore.com/portugal-france/GObseUb#id:8513116,france,miss,No information,assisted,24,58.4,0,left-foot,high,0,49.1,86.1,No information,No information,86,No information,5128,58.4,24,50.9,0,50.9,13.9,5,272,shot
antoine-griezmann,https://www.sofascore.com/portugal-france/GObseUb#id:8513116,france,block,No information,assisted,26.2,36.9,0,left-foot,low-left,0,51.9,19,No information,No information,76,No information,4553,36.9,26.2,48.1,0,48.1,81,15,847,shot
joao-palhinha,https://www.sofascore.com/portugal-france/GObseUb#id:8513116,portugal,miss,No information,assisted,27.8,72.9,0,right-foot,high-left,0,61.7,94.4,No information,No information,72,No information,4272,72.9,27.8,38.3,0,38.3,5.6,19,1128,shot
karim-benzema,https://www.sofascore.com/portugal-france/GObseUb#id:8513116,france,miss,No information,assisted,18.9,29.5,0,right-foot,right,0,40,33.3,No information,No information,71,No information,4211,29.5,18.9,60,0,60,66.7,20,1189,shot
paul-pogba,https://www.sofascore.com/portugal-france/GObseUb#id:8513116,france,miss,No information,assisted,24.2,35.1,0,right-foot,right,0,38.5,5.6,No information,No information,68,No information,4027,35.1,24.2,61.5,0,61.5,94.4,23,1373,shot
antoine-griezmann,https://www.sofascore.com/portugal-france/GObseUb#id:8513116,france,save,No information,regular,5.3,68.2,0,right-foot,high-left,0,52.3,30.4,No information,No information,68,No information,4020,68.2,5.3,47.7,0,47.7,69.6,23,1380,shot
paul-pogba,https://www.sofascore.com/portugal-france/GObseUb#id:8513116,france,save,No information,assisted,24.6,58.5,0,right-foot,high-right,0,47.7,27.2,No information,No information,67,No information,4016,58.5,24.6,52.3,0,52.3,72.8,24,1384,shot
cristiano-ronaldo,https://www.sofascore.com/portugal-france/GObseUb#id:8513116,portugal,goal,penalty,penalty,11.5,50,0,right-foot,low-left,0,53.5,1.3,No information,No information,60,No information,3570,50,11.5,46.5,0,46.5,98.7,31,1830,shot
cristiano-ronaldo,https://www.sofascore.com/portugal-france/GObseUb#id:8513116,portugal,miss,No information,assisted,6.3,58.3,0,head,close-right,0,41.2,26.4,No information,No information,49,No information,2918,58.3,6.3,58.8,0,58.8,73.6,42,2482,shot
karim-benzema,https://www.sofascore.com/portugal-france/GObseUb#id:8513116,france,goal,regular,assisted,9,63.1,0,right-foot,low-left,0,53.9,1.3,No information,No information,47,No information,2804,63.1,9,46.1,0,46.1,98.7,44,2596,shot
karim-benzema,https://www.sofascore.com/portugal-france/GObseUb#id:8513116,france,miss,No information,assisted,1.2,31.5,0,left-foot,close-left,0,56.6,8.3,No information,No information,45,5,2955,31.5,1.2,43.4,0,43.4,91.7,1,2445,shot
karim-benzema,https://www.sofascore.com/portugal-france/GObseUb#id:8513116,france,goal,penalty,penalty,11.5,50,0,right-foot,high-left,0,52.9,22.2,No information,No information,45,2,2803,50,11.5,47.1,0,47.1,77.8,1,2597,shot
joao-moutinho,https://www.sofascore.com/portugal-france/GObseUb#id:8513116,portugal,miss,No information,assisted,25.6,50.5,0,right-foot,high-right,0,31.4,77.8,No information,No information,41,No information,2404,50.5,25.6,68.6,0,68.6,22.2,5,296,shot
antoine-griezmann,https://www.sofascore.com/portugal-france/GObseUb#id:8513116,france,miss,No information,assisted,5.1,28.7,0,left-foot,high,0,44.9,97.2,No information,No information,37,No information,2215,28.7,5.1,55.1,0,55.1,2.8,9,485,shot
joao-moutinho,https://www.sofascore.com/portugal-france/GObseUb#id:8513116,portugal,miss,No information,assisted,23.2,66.8,0,left-foot,high-left,0,70.9,54.2,No information,No information,34,No information,2009,66.8,23.2,29.1,0,29.1,45.8,12,691,shot
cristiano-ronaldo,https://www.sofascore.com/portugal-france/GObseUb#id:8513116,portugal,goal,penalty,penalty,11.5,50,0,right-foot,low-left,0,52,5.1,No information,No information,31,No information,1800,50,11.5,48,0,48,94.9,15,900,shot
danilo-pereira,https://www.sofascore.com/portugal-france/GObseUb#id:8513116,portugal,save,No information,set-piece,7.6,49.8,0,head,high-centre,0,50.4,31,No information,No information,27,No information,1613,49.8,7.6,49.6,0,49.6,69,19,1087,shot
cristiano-ronaldo,https://www.sofascore.com/portugal-france/GObseUb#id:8513116,portugal,miss,No information,regular,14.5,32,0,left-foot,right,0,29.1,8.3,No information,No information,20,No information,1170,32,14.5,70.9,0,70.9,91.7,26,1530,shot
kylian-mbappe,https://www.sofascore.com/portugal-france/GObseUb#id:8513116,france,save,No information,assisted,18.4,40.4,0,right-foot,high-right,0,47.1,27.8,No information,No information,16,No information,949,40.4,18.4,52.9,0,52.9,72.2,30,1751,shot
cristiano-ronaldo,https://www.sofascore.com/portugal-france/GObseUb#id:8513116,portugal,save,No information,assisted,11.8,46.7,0,head,high-centre,0,49.6,32.3,No information,No information,6,No information,326,46.7,11.8,50.4,0,50.4,67.7,40,2374,shot
renato-sanches,https://www.sofascore.com/portugal-france/GObseUb#id:8513116,portugal,save,No information,assisted,26.8,55.1,0,right-foot,high-centre,0,50,22.8,No information,No information,4,No information,195,55.1,26.8,50,0,50,77.2,42,2505,shot

francisco-trincao,https://www.sofascore.com/portugal-france/GObseUb#id:8600739,portugal,miss,No information,corner,14.3,68.8,0,left-foot,high-left,0,57.8,77.8,No information,No information,84,No information,5012,68.8,14.3,42.2,0,42.2,22.2,7,388,shot
jose-fonte,https://www.sofascore.com/portugal-france/GObseUb#id:8600739,portugal,miss,No information,corner,6.6,60.8,0,left-foot,left,0,59.7,22.2,No information,No information,84,No information,5011,60.8,6.6,40.3,0,40.3,77.8,7,389,shot
ruben-dias,https://www.sofascore.com/portugal-france/GObseUb#id:8600739,portugal,miss,No information,set-piece,3.1,43.5,0,right-foot,close-left,0,58.7,29.2,No information,No information,82,No information,4914,43.5,3.1,41.3,0,41.3,70.8,9,486,shot
cristiano-ronaldo,https://www.sofascore.com/portugal-france/GObseUb#id:8600739,portugal,miss,No information,corner,6.2,50.9,0,head,right,0,1.3,5.6,No information,No information,77,No information,4568,50.9,6.2,98.7,0,98.7,94.4,14,832,shot
joao-moutinho,https://www.sofascore.com/portugal-france/GObseUb#id:8600739,portugal,save,No information,assisted,23.5,63.9,0,right-foot,high-left,0,52.5,22.8,No information,No information,75,No information,4467,63.9,23.5,47.5,0,47.5,77.2,16,933,shot
anthony-martial,https://www.sofascore.com/portugal-france/GObseUb#id:8600739,france,save,No information,assisted,4.3,45.9,0,right-foot,low-left,0,52.3,0.6,No information,No information,65,No information,3869,45.9,4.3,47.7,0,47.7,99.4,26,1531,shot
joao-felix,https://www.sofascore.com/portugal-france/GObseUb#id:8600739,portugal,miss,No information,set-piece,13.4,50.3,0,right-foot,left,0,60,12.5,No information,No information,60,No information,3554,50.3,13.4,40,0,40,87.5,31,1846,shot
joao-felix,https://www.sofascore.com/portugal-france/GObseUb#id:8600739,portugal,block,No information,set-piece,13.5,51.3,0,left-foot,low-centre,0,48.9,19,No information,No information,60,No information,3553,51.3,13.5,51.1,0,51.1,81,31,1847,shot
jose-fonte,https://www.sofascore.com/portugal-france/GObseUb#id:8600739,portugal,post,No information,set-piece,5.6,45.2,0,head,left,0,55.4,21.5,No information,No information,60,No information,3551,45.2,5.6,44.6,0,44.6,78.5,31,1849,shot
raphael-guerreiro,https://www.sofascore.com/portugal-france/GObseUb#id:8600739,portugal,save,No information,set-piece,32.3,53,0,left-foot,low-right,0,47,4.4,No information,No information,60,No information,3546,53,32.3,53,0,53,95.6,31,1854,shot
paul-pogba,https://www.sofascore.com/portugal-france/GObseUb#id:8600739,france,save,No information,assisted,9,49.7,0,other,low-centre,0,50.3,13.3,No information,No information,57,No information,3416,49.7,9,49.7,0,49.7,86.7,34,1984,shot
antoine-griezmann,https://www.sofascore.com/portugal-france/GObseUb#id:8600739,france,miss,No information,assisted,14.7,63.5,0,left-foot,high-left,0,61.8,55.6,No information,No information,55,No information,3296,63.5,14.7,38.2,0,38.2,44.4,36,2104,shot
ngolo-kante,https://www.sofascore.com/portugal-france/GObseUb#id:8600739,france,goal,regular,regular,3.4,49.5,0,left-foot,high-centre,0,51.8,21.5,No information,No information,53,No information,3172,49.5,3.4,48.2,0,48.2,78.5,38,2228,shot
adrien-rabiot,https://www.sofascore.com/portugal-france/GObseUb#id:8600739,france,save,No information,assisted,8.7,29.5,0,left-foot,low-right,0,47.5,2.5,No information,No information,53,No information,3170,29.5,8.7,52.5,0,52.5,97.5,38,2230,shot
bernardo-silva,https://www.sofascore.com/portugal-france/GObseUb#id:8600739,portugal,save,No information,assisted,10.3,32.4,0,left-foot,low-centre,0,49.9,19,No information,No information,49,No information,2925,32.4,10.3,50.1,0,50.1,81,42,2475,shot
cristiano-ronaldo,https://www.sofascore.com/portugal-france/GObseUb#id:8600739,portugal,miss,No information,free-kick,13.8,16.9,0,right-foot,right,0,40,9.7,No information,No information,47,No information,2779,16.9,13.8,60,0,60,90.3,44,2621,shot
cristiano-ronaldo,https://www.sofascore.com/portugal-france/GObseUb#id:8600739,portugal,miss,No information,corner,7.1,49.7,0,head,close-high,0,54.3,50,No information,No information,45,No information,2690,49.7,7.1,45.7,0,45.7,50,1,10,shot
anthony-martial,https://www.sofascore.com/portugal-france/GObseUb#id:8600739,france,save,No information,assisted,7.5,50,0,right-foot,low-centre,0,48.9,13.9,No information,No information,41,No information,2425,50,7.5,51.1,0,51.1,86.1,5,275,shot
joao-felix,https://www.sofascore.com/portugal-france/GObseUb#id:8600739,portugal,save,No information,assisted,12.1,39,0,head,low-right,0,47.1,18.4,No information,No information,39,No information,2286,39,12.1,52.9,0,52.9,81.6,7,414,shot
danilo-pereira,https://www.sofascore.com/portugal-france/GObseUb#id:8600739,portugal,miss,No information,corner,6.5,57.1,0,head,left,0,95.3,2.8,No information,No information,37,No information,2177,57.1,6.5,4.7,0,4.7,97.2,9,523,shot
anthony-martial,https://www.sofascore.com/portugal-france/GObseUb#id:8600739,france,post,No information,set-piece,4.3,53.3,0,head,high,0,47.4,39.9,No information,No information,30,No information,1784,53.3,4.3,52.6,0,52.6,60.1,16,916,shot
adrien-rabiot,https://www.sofascore.com/portugal-france/GObseUb#id:8600739,france,miss,No information,set-piece,11,42.1,0,left-foot,right,0,37.1,11.1,No information,No information,30,No information,1784,42.1,11,62.9,0,62.9,88.9,16,916,shot
anthony-martial,https://www.sofascore.com/portugal-france/GObseUb#id:8600739,france,miss,No information,regular,12.5,27.7,0,right-foot,close-left,0,57.1,25,No information,No information,27,No information,1580,27.7,12.5,42.9,0,42.9,75,19,1120,shot
cristiano-ronaldo,https://www.sofascore.com/portugal-france/GObseUb#id:8600739,portugal,miss,No information,set-piece,27.2,33,0,left-foot,high-left,0,64.5,61.1,No information,No information,25,No information,1441,33,27.2,35.5,0,35.5,38.9,21,1259,shot
cristiano-ronaldo,https://www.sofascore.com/portugal-france/GObseUb#id:8600739,portugal,block,No information,free-kick,26.9,44.8,0,right-foot,low-centre,0,49.8,19,No information,No information,24,No information,1439,44.8,26.9,50.2,0,50.2,81,22,1261,shot
bruno-fernandes,https://www.sofascore.com/portugal-france/GObseUb#id:8600739,portugal,save,No information,corner,23.2,50.9,0,right-foot,low-left,0,52.3,10.8,No information,No information,20,No information,1170,50.9,23.2,47.7,0,47.7,89.2,26,1530,shot
adrien-rabiot,https://www.sofascore.com/portugal-france/GObseUb#id:8600739,france,miss,No information,corner,6.7,49.1,0,head,high,0,55.5,63.9,No information,No information,18,No information,1051,49.1,6.7,44.5,0,44.5,36.1,28,1649,shot
lucas-hernandez,https://www.sofascore.com/portugal-france/GObseUb#id:8600739,france,block,No information,regular,11.8,23.5,0,left-foot,low-centre,0,51.2,19,No information,No information,12,No information,692,23.5,11.8,48.8,0,48.8,81,34,2008,shot
anthony-martial,https://www.sofascore.com/portugal-france/GObseUb#id:8600739,france,save,No information,assisted,10,45.5,0,right-foot,low-centre,0,49.4,4.4,No information,No information,12,No information,687,45.5,10,50.6,0,50.6,95.6,34,2013,shot
kingsley-coman,https://www.sofascore.com/portugal-france/GObseUb#id:8600739,france,save,No information,assisted,10.2,69.5,0,right-foot,high-right,0,47.6,25.3,No information,No information,10,No information,596,69.5,10.2,52.4,0,52.4,74.7,36,2104,shot
cristiano-ronaldo,https://www.sofascore.com/portugal-france/GObseUb#id:8600739,portugal,save,No information,assisted,24.6,26.8,0,right-foot,low-right,0,47.4,13.3,No information,No information,6,No information,316,26.8,24.6,52.6,0,52.6,86.7,40,2384,shot

axel-disasi,https://www.sofascore.com/gibraltar-france/GObsoKbb#id:10752414,france,post,No information,corner,8.6,46.1,0,head,high,0,53.5,39.2,No information,No information,90,No information,5374,46.1,8.6,46.5,0,46.5,60.8,1,26,shot
aurelien-tchouameni,https://www.sofascore.com/gibraltar-france/GObsoKbb#id:10752414,france,post,No information,assisted,8.7,51.1,0,head,high,0,48.2,40.5,No information,No information,89,No information,5284,51.1,8.7,51.8,0,51.8,59.5,2,116,shot
christopher-nkunku,https://www.sofascore.com/gibraltar-france/GObsoKbb#id:10752414,france,miss,No information,assisted,22.8,65.3,0,right-foot,high,0,48.4,68.1,No information,No information,86,No information,5106,65.3,22.8,51.6,0,51.6,31.9,5,294,shot
ousmane-dembele,https://www.sofascore.com/gibraltar-france/GObsoKbb#id:10752414,france,save,No information,assisted,10.7,72.3,0,left-foot,high-left,0,52.6,20.9,No information,No information,82,No information,4906,72.3,10.7,47.4,0,47.4,79.1,9,494,shot
kylian-mbappe,https://www.sofascore.com/gibraltar-france/GObsoKbb#id:10752414,france,block,No information,assisted,11.5,53.8,0,right-foot,low-centre,0,50.2,19,No information,No information,81,No information,4802,53.8,11.5,49.8,0,49.8,81,10,598,shot
christopher-nkunku,https://www.sofascore.com/gibraltar-france/GObsoKbb#id:10752414,france,block,No information,regular,17.8,52.9,0,right-foot,low-left,0,52.8,19,No information,No information,80,No information,4777,52.9,17.8,47.2,0,47.2,81,11,623,shot
aymen-mouelhi,https://www.sofascore.com/gibraltar-france/GObsoKbb#id:10752414,france,goal,own,fast-break,6,47.4,0,right-foot,low-left,0,52.8,1.9,No information,No information,78,No information,4655,47.4,6,47.2,0,47.2,98.1,13,745,shot
benjamin-pavard,https://www.sofascore.com/gibraltar-france/GObsoKbb#id:10752414,france,block,No information,assisted,23.1,58.8,0,right-foot,low-centre,0,49.3,19,No information,No information,77,No information,4583,58.8,23.1,50.7,0,50.7,81,14,817,shot
aurelien-tchouameni,https://www.sofascore.com/gibraltar-france/GObsoKbb#id:10752414,france,block,No information,assisted,23.2,50.5,0,right-foot,low-centre,0,49.1,19,No information,No information,76,No information,4505,50.5,23.2,50.9,0,50.9,81,15,895,shot
ousmane-dembele,https://www.sofascore.com/gibraltar-france/GObsoKbb#id:10752414,france,miss,No information,assisted,7.8,55.8,0,head,right,0,39.7,26.4,No information,No information,71,No information,4235,55.8,7.8,60.3,0,60.3,73.6,20,1165,shot
kingsley-coman,https://www.sofascore.com/gibraltar-france/GObsoKbb#id:10752414,france,miss,No information,assisted,14.9,70.6,0,left-foot,close-high,0,54.6,58.3,No information,No information,56,No information,3328,70.6,14.9,45.4,0,45.4,41.7,35,2072,shot
kylian-mbappe,https://www.sofascore.com/gibraltar-france/GObsoKbb#id:10752414,france,save,No information,assisted,8.8,29.1,0,left-foot,high-left,0,54.5,22.8,No information,No information,52,No information,3084,29.1,8.8,45.5,0,45.5,77.2,39,2316,shot
antoine-griezmann,https://www.sofascore.com/gibraltar-france/GObsoKbb#id:10752414,france,post,No information,assisted,10.7,45.2,0,left-foot,right,0,44.5,3.8,No information,No information,52,No information,3066,45.2,10.7,55.5,0,55.5,96.2,39,2334,shot
kylian-mbappe,https://www.sofascore.com/gibraltar-france/GObsoKbb#id:10752414,france,block,No information,assisted,24.6,41.2,0,right-foot,low-left,0,52.5,19,No information,No information,49,No information,2890,41.2,24.6,47.5,0,47.5,81,42,2510,shot
kylian-mbappe,https://www.sofascore.com/gibraltar-france/GObsoKbb#id:10752414,france,goal,penalty,penalty,11.5,50,0,right-foot,low-left,0,54,3.8,No information,No information,45,3,2826,50,11.5,46,0,46,96.2,1,2574,shot
kingsley-coman,https://www.sofascore.com/gibraltar-france/GObsoKbb#id:10752414,france,save,No information,assisted,19.4,67,0,left-foot,low-centre,0,49.9,5.1,No information,No information,44,No information,2580,67,19.4,50.1,0,50.1,94.9,2,120,shot
wesley-fofana,https://www.sofascore.com/gibraltar-france/GObsoKbb#id:10752414,france,miss,No information,corner,9.3,47.1,0,head,high,0,44.9,75,No information,No information,41,No information,2432,47.1,9.3,55.1,0,55.1,25,5,268,shot
antoine-griezmann,https://www.sofascore.com/gibraltar-france/GObsoKbb#id:10752414,france,save,No information,assisted,15.5,51.9,0,right-foot,low-centre,0,49,8.9,No information,No information,36,No information,2153,51.9,15.5,51,0,51,91.1,10,547,shot
ayoub-el-hmidi,https://www.sofascore.com/gibraltar-france/GObsoKbb#id:10752414,gibraltar,miss,No information,fast-break,47.6,38.5,0,right-foot,close-high,0,49.9,59.7,No information,No information,34,No information,1985,38.5,47.6,50.1,0,50.1,40.3,12,715,shot
kylian-mbappe,https://www.sofascore.com/gibraltar-france/GObsoKbb#id:10752414,france,miss,No information,assisted,7.8,40,0,right-foot,left,0,62.5,20.8,No information,No information,32,No information,1903,40,7.8,37.5,0,37.5,79.2,14,797,shot
theo-hernandez,https://www.sofascore.com/gibraltar-france/GObsoKbb#id:10752414,france,miss,No information,corner,23.1,42.3,0,left-foot,right,0,33.1,2.8,No information,No information,29,No information,1728,42.3,23.1,66.9,0,66.9,97.2,17,972,shot
aurelien-tchouameni,https://www.sofascore.com/gibraltar-france/GObsoKbb#id:10752414,france,block,No information,corner,21.9,64.6,0,right-foot,low-centre,0,49.2,19,No information,No information,29,No information,1726,64.6,21.9,50.8,0,50.8,81,17,974,shot
aurelien-tchouameni,https://www.sofascore.com/gibraltar-france/GObsoKbb#id:10752414,france,post,No information,corner,4.9,57.2,0,head,high,0,50.8,39.9,No information,No information,29,No information,1708,57.2,4.9,49.2,0,49.2,60.1,17,992,shot
camavinga-eduardo,https://www.sofascore.com/gibraltar-france/GObsoKbb#id:10752414,france,save,No information,regular,24.4,62.5,0,left-foot,high-left,0,53.1,23.4,No information,No information,29,No information,1685,62.5,24.4,46.9,0,46.9,76.6,17,1015,shot
kylian-mbappe,https://www.sofascore.com/gibraltar-france/GObsoKbb#id:10752414,france,save,No information,assisted,8.7,46.7,0,right-foot,low-left,0,54,10.8,No information,No information,23,No information,1346,46.7,8.7,46,0,46,89.2,23,1354,shot
hartman-niels,https://www.sofascore.com/gibraltar-france/GObsoKbb#id:10752414,gibraltar,miss,No information,set-piece,13.6,45.7,0,other,close-left,0,58.2,13.9,No information,No information,21,No information,1233,45.7,13.6,41.8,0,41.8,86.1,25,1467,shot
olivier-giroud,https://www.sofascore.com/gibraltar-france/GObsoKbb#id:10752414,france,miss,No information,regular,7.1,40.2,0,left-foot,left,0,61.3,13.9,No information,No information,19,No information,1128,40.2,7.1,38.7,0,38.7,86.1,27,1572,shot
aurelien-tchouameni,https://www.sofascore.com/gibraltar-france/GObsoKbb#id:10752414,france,block,No information,assisted,23.3,30.3,0,right-foot,low-left,0,54.1,19,No information,No information,19,No information,1125,30.3,23.3,45.9,0,45.9,81,27,1575,shot
kylian-mbappe,https://www.sofascore.com/gibraltar-france/GObsoKbb#id:10752414,france,miss,No information,assisted,11,39,0,left-foot,high,0,55.3,68.1,No information,No information,15,No information,877,39,11,44.7,0,44.7,31.9,31,1823,shot
kingsley-coman,https://www.sofascore.com/gibraltar-france/GObsoKbb#id:10752414,france,save,No information,regular,8.1,58.1,0,right-foot,low-centre,0,51.7,5.7,No information,No information,14,No information,834,58.1,8.1,48.3,0,48.3,94.3,32,1866,shot
olivier-giroud,https://www.sofascore.com/gibraltar-france/GObsoKbb#id:10752414,france,miss,No information,corner,7.7,44.5,0,head,close-right,0,41.3,11.1,No information,No information,13,No information,722,44.5,7.7,58.7,0,58.7,88.9,33,1978,shot
aurelien-tchouameni,https://www.sofascore.com/gibraltar-france/GObsoKbb#id:10752414,france,miss,No information,assisted,26.8,31.4,0,right-foot,high,0,45.4,76.4,No information,No information,7,No information,408,31.4,26.8,54.6,0,54.6,23.6,39,2292,shot
antoine-griezmann,https://www.sofascore.com/gibraltar-france/GObsoKbb#id:10752414,france,miss,No information,assisted,6.8,56,0,head,left,0,61.7,9.7,No information,No information,6,No information,353,56,6.8,38.3,0,38.3,90.3,40,2347,shot
olivier-giroud,https://www.sofascore.com/gibraltar-france/GObsoKbb#id:10752414,france,goal,regular,assisted,5,49.6,0,head,high-centre,0,51.3,22.2,No information,No information,3,No information,158,49.6,5,48.7,0,48.7,77.8,43,2542,shot

karim-benzema,https://www.sofascore.com/finland-france/GObsmUb#id:9223791,france,save,No information,assisted,11.1,32,0,left-foot,low-centre,0,49.6,3.8,No information,No information,86,No information,5120,32,11.1,50.4,0,50.4,96.2,5,280,shot
jukka-raitala,https://www.sofascore.com/finland-france/GObsmUb#id:9223791,finland,block,No information,regular,10.5,40,0,right-foot,low-left,0,52.4,19,No information,No information,84,No information,4989,40,10.5,47.6,0,47.6,81,7,411,shot
nordi-mukiele,https://www.sofascore.com/finland-france/GObsmUb#id:9223791,france,miss,No information,regular,12.2,67.8,0,right-foot,high-left,0,57.5,72.2,No information,No information,81,No information,4825,67.8,12.2,42.5,0,42.5,27.8,10,575,shot
karim-benzema,https://www.sofascore.com/finland-france/GObsmUb#id:9223791,france,block,No information,free-kick,20.2,35.7,0,right-foot,low-centre,0,51.1,19,No information,No information,79,No information,4711,35.7,20.2,48.9,0,48.9,81,12,689,shot
antoine-griezmann,https://www.sofascore.com/finland-france/GObsmUb#id:9223791,france,miss,No information,assisted,12.6,55.4,0,left-foot,right,0,38.8,16.7,No information,No information,71,No information,4203,55.4,12.6,61.2,0,61.2,83.3,20,1197,shot
antoine-griezmann,https://www.sofascore.com/finland-france/GObsmUb#id:9223791,france,miss,No information,assisted,10.6,42.7,0,left-foot,high-right,0,41,63.9,No information,No information,60,No information,3547,42.7,10.6,59,0,59,36.1,31,1853,shot
antoine-griezmann,https://www.sofascore.com/finland-france/GObsmUb#id:9223791,france,goal,regular,assisted,2.7,66.9,0,right-foot,low-centre,0,49,7.6,No information,No information,53,No information,3172,66.9,2.7,51,0,51,92.4,38,2228,shot
adrien-rabiot,https://www.sofascore.com/finland-france/GObsmUb#id:9223791,france,save,No information,assisted,24.7,60.8,0,right-foot,low-left,0,53.6,13.3,No information,No information,52,No information,3117,60.8,24.7,46.4,0,46.4,86.7,39,2283,shot
leo-dubois,https://www.sofascore.com/finland-france/GObsmUb#id:9223791,france,miss,No information,corner,18.3,54.9,0,left-foot,close-left,0,59,27.8,No information,No information,49,No information,2899,54.9,18.3,41,0,41,72.2,42,2501,shot
antoine-griezmann,https://www.sofascore.com/finland-france/GObsmUb#id:9223791,france,block,No information,regular,7.3,73.3,0,right-foot,low-right,0,46.7,19,No information,No information,47,No information,2786,73.3,7.3,53.3,0,53.3,81,44,2614,shot
paul-pogba,https://www.sofascore.com/finland-france/GObsmUb#id:9223791,france,miss,No information,assisted,23.1,58.7,0,right-foot,right,0,39.7,19.4,No information,No information,40,No information,2387,58.7,23.1,60.3,0,60.3,80.6,6,313,shot
karim-benzema,https://www.sofascore.com/finland-france/GObsmUb#id:9223791,france,block,No information,assisted,11.1,44,0,left-foot,low-centre,0,49.8,19,No information,No information,38,No information,2250,44,11.1,50.2,0,50.2,81,8,450,shot
leo-dubois,https://www.sofascore.com/finland-france/GObsmUb#id:9223791,france,save,No information,regular,2.4,61.2,0,right-foot,low-right,0,46,1.3,No information,No information,31,No information,1826,61.2,2.4,54,0,54,98.7,15,874,shot
paul-pogba,https://www.sofascore.com/finland-france/GObsmUb#id:9223791,france,block,No information,assisted,20.2,68.5,0,right-foot,low-right,0,47.2,19,No information,No information,28,No information,1655,68.5,20.2,52.8,0,52.8,81,18,1045,shot
antoine-griezmann,https://www.sofascore.com/finland-france/GObsmUb#id:9223791,france,goal,regular,assisted,13.4,36.7,0,left-foot,low-right,0,46,11.4,No information,No information,25,No information,1467,36.7,13.4,54,0,54,88.6,21,1233,shot
karim-benzema,https://www.sofascore.com/finland-france/GObsmUb#id:9223791,france,block,No information,assisted,5.7,68.2,0,right-foot,low-left,0,54.1,19,No information,No information,23,No information,1379,68.2,5.7,45.9,0,45.9,81,23,1321,shot
presnel-kimpembe,https://www.sofascore.com/finland-france/GObsmUb#id:9223791,france,miss,No information,corner,28.9,57.7,0,left-foot,high-left,0,57,98.6,No information,No information,23,No information,1348,57.7,28.9,43,0,43,1.4,23,1352,shot
karim-benzema,https://www.sofascore.com/finland-france/GObsmUb#id:9223791,france,save,No information,assisted,14,67,0,left-foot,high-centre,0,50,30.4,No information,No information,22,No information,1310,67,14,50,0,50,69.6,24,1390,shot
leo-vaisanen,https://www.sofascore.com/finland-france/GObsmUb#id:9223791,finland,miss,No information,corner,7.2,53.7,0,head,high,0,44.5,95.8,No information,No information,19,No information,1131,53.7,7.2,55.5,0,55.5,4.2,27,1569,shot
urho-nissila,https://www.sofascore.com/finland-france/GObsmUb#id:9223791,finland,save,No information,assisted,23.9,59.2,0,left-foot,low-centre,0,49.3,19,No information,No information,18,No information,1079,59.2,23.9,50.7,0,50.7,81,28,1621,shot
paul-pogba,https://www.sofascore.com/finland-france/GObsmUb#id:9223791,france,miss,No information,assisted,49.6,92.5,0,right-foot,left,0,85.2,11.1,No information,No information,13,No information,776,92.5,49.6,14.8,0,14.8,88.9,33,1924,shot
theo-hernandez,https://www.sofascore.com/finland-france/GObsmUb#id:9223791,france,miss,No information,corner,25.8,31.2,0,left-foot,close-right,0,41.8,1.4,No information,No information,11,No information,620,31.2,25.8,58.2,0,58.2,98.6,35,2080,shot
kurt-zouma,https://www.sofascore.com/finland-france/GObsmUb#id:9223791,france,miss,No information,corner,11.7,56.3,0,head,right,0,34.3,6.9,No information,No information,6,No information,317,56.3,11.7,65.7,0,65.7,93.1,40,2383,shot

matteo-guendouzi,https://www.sofascore.com/austria-france/GObstUb#id:10023445,france,save,No information,corner,3.3,39.6,0,head,low-centre,0,51.7,3.8,No information,No information,90,1,5446,39.6,3.3,48.3,0,48.3,96.2,1,854,shot
kylian-mbappe,https://www.sofascore.com/austria-france/GObstUb#id:10023445,france,save,No information,regular,9.3,40.2,0,right-foot,low-centre,0,49.7,10.8,No information,No information,87,No information,5213,40.2,9.3,50.3,0,50.3,89.2,4,187,shot
marcel-sabitzer,https://www.sofascore.com/austria-france/GObstUb#id:10023445,austria,save,No information,regular,19.7,41.2,0,right-foot,low-left,0,52,2.5,No information,No information,84,No information,4998,41.2,19.7,48,0,48,97.5,7,402,shot
kylian-mbappe,https://www.sofascore.com/austria-france/GObstUb#id:10023445,france,goal,regular,fast-break,9.1,36.3,0,left-foot,high-left,0,53.1,33.5,No information,No information,83,No information,4953,36.3,9.1,46.9,0,46.9,66.5,8,447,shot
ibrahima-konate,https://www.sofascore.com/austria-france/GObstUb#id:10023445,france,miss,No information,corner,8.1,51.8,0,head,high-left,0,62.9,72.2,No information,No information,82,No information,4889,51.8,8.1,37.1,0,37.1,27.8,9,511,shot
diaby-moussa,https://www.sofascore.com/austria-france/GObstUb#id:10023445,france,block,No information,corner,23.2,57.3,0,left-foot,low-centre,0,50,19,No information,No information,64,No information,3834,57.3,23.2,50,0,50,81,27,1566,shot
marko-arnautovic,https://www.sofascore.com/austria-france/GObstUb#id:10023445,austria,miss,No information,assisted,24.8,64.9,0,left-foot,high,0,55.8,91.7,No information,No information,61,No information,3630,64.9,24.8,44.2,0,44.2,8.3,30,1770,shot
kingsley-coman,https://www.sofascore.com/austria-france/GObstUb#id:10023445,france,miss,No information,assisted,10.7,41,0,right-foot,high-right,0,40.7,73.6,No information,No information,56,No information,3317,41,10.7,59.3,0,59.3,26.4,35,2083,shot
benjamin-pavard,https://www.sofascore.com/austria-france/GObstUb#id:10023445,france,save,No information,assisted,24.8,66,0,right-foot,high-right,0,46.8,22.8,No information,No information,55,No information,3284,66,24.8,53.2,0,53.2,77.2,36,2116,shot
karim-benzema,https://www.sofascore.com/austria-france/GObstUb#id:10023445,france,miss,No information,corner,2,38.8,0,right-foot,left,0,60.3,16.7,No information,No information,52,No information,3076,38.8,2,39.7,0,39.7,83.3,39,2324,shot
karim-benzema,https://www.sofascore.com/austria-france/GObstUb#id:10023445,france,block,No information,corner,10.1,39.6,0,right-foot,low-left,0,53.4,19,No information,No information,51,No information,3046,39.6,10.1,46.6,0,46.6,81,40,2354,shot
karim-benzema,https://www.sofascore.com/austria-france/GObstUb#id:10023445,france,save,No information,assisted,18.2,28.1,0,right-foot,low-right,0,46.5,12,No information,No information,42,No information,2518,28.1,18.2,53.5,0,53.5,88,4,182,shot
marko-arnautovic,https://www.sofascore.com/austria-france/GObstUb#id:10023445,austria,save,No information,assisted,13.8,55,0,left-foot,low-centre,0,51,5.1,No information,No information,42,No information,2495,55,13.8,49,0,49,94.9,4,205,shot
diaby-moussa,https://www.sofascore.com/austria-france/GObstUb#id:10023445,france,miss,No information,assisted,24.6,72.6,0,left-foot,high-left,0,71.6,91.7,No information,No information,39,No information,2290,72.6,24.6,28.4,0,28.4,8.3,7,410,shot
andreas-weimann,https://www.sofascore.com/austria-france/GObstUb#id:10023445,austria,goal,regular,assisted,6.3,50.7,0,right-foot,low-centre,0,50.3,2.5,No information,No information,37,No information,2165,50.7,6.3,49.7,0,49.7,97.5,9,535,shot
karim-benzema,https://www.sofascore.com/austria-france/GObstUb#id:10023445,france,save,No information,assisted,23.2,57.3,0,right-foot,low-centre,0,49,5.1,No information,No information,32,No information,1895,57.3,23.2,51,0,51,94.9,14,805,shot
stefan-lainer,https://www.sofascore.com/austria-france/GObstUb#id:10023445,austria,save,No information,corner,10.1,61.2,0,head,high-right,0,47.9,34.2,No information,No information,28,No information,1661,61.2,10.1,52.1,0,52.1,65.8,18,1039,shot
kingsley-coman,https://www.sofascore.com/austria-france/GObstUb#id:10023445,france,block,No information,assisted,9.8,30.1,0,right-foot,low-right,0,47.1,19,No information,No information,24,No information,1398,30.1,9.8,52.9,0,52.9,81,22,1302,shot
karim-benzema,https://www.sofascore.com/austria-france/GObstUb#id:10023445,france,save,No information,set-piece,4.4,47.2,0,head,low-left,0,51.9,14.6,No information,No information,18,No information,1023,47.2,4.4,48.1,0,48.1,85.4,28,1677,shot
aurelien-tchouameni,https://www.sofascore.com/austria-france/GObstUb#id:10023445,france,miss,No information,assisted,28.6,64.5,0,right-foot,high,0,50.8,98.6,No information,No information,13,No information,739,64.5,28.6,49.2,0,49.2,1.4,33,1961,shot

olivier-giroud,https://www.sofascore.com/gibraltar-france/GObsoKbb#id:10752573,france,goal,regular,regular,3.4,54.2,0,left-foot,low-right,0,46,7,No information,No information,90,1,5430,54.2,3.4,54,0,54,93,1,870,shot
theo-hernandez,https://www.sofascore.com/gibraltar-france/GObsoKbb#id:10752573,france,save,No information,assisted,7.5,29,0,left-foot,low-left,0,51.9,19.6,No information,No information,90,1,5426,29,7.5,48.1,0,48.1,80.4,1,874,shot
olivier-giroud,https://www.sofascore.com/gibraltar-france/GObsoKbb#id:10752573,france,goal,regular,assisted,7,40.6,0,left-foot,low-right,0,47.5,5.1,No information,No information,89,No information,5315,40.6,7,52.5,0,52.5,94.9,2,85,shot
kylian-mbappe,https://www.sofascore.com/gibraltar-france/GObsoKbb#id:10752573,france,goal,regular,assisted,37.3,29.6,0,right-foot,low-right,0,46.2,13.3,No information,No information,82,No information,4883,29.6,37.3,53.8,0,53.8,86.7,9,517,shot
kylian-mbappe,https://www.sofascore.com/gibraltar-france/GObsoKbb#id:10752573,france,goal,regular,assisted,9.3,43.6,0,right-foot,low-left,0,54.1,0.6,No information,No information,74,No information,4419,43.6,9.3,45.9,0,45.9,99.4,17,981,shot
ousmane-dembele,https://www.sofascore.com/gibraltar-france/GObsoKbb#id:10752573,france,goal,regular,assisted,12.1,70.7,0,right-foot,low-left,0,53.9,3.2,No information,No information,73,No information,4338,70.7,12.1,46.1,0,46.1,96.8,18,1062,shot
kylian-mbappe,https://www.sofascore.com/gibraltar-france/GObsoKbb#id:10752573,france,block,No information,assisted,14.9,64.2,0,right-foot,low-centre,0,48.9,19,No information,No information,72,No information,4286,64.2,14.9,51.1,0,51.1,81,19,1114,shot
dayot-upamecano,https://www.sofascore.com/gibraltar-france/GObsoKbb#id:10752573,france,save,No information,assisted,27.6,49.7,0,right-foot,low-centre,0,49.5,5.7,No information,No information,69,No information,4101,49.7,27.6,50.5,0,50.5,94.3,22,1299,shot
kingsley-coman,https://www.sofascore.com/gibraltar-france/GObsoKbb#id:10752573,france,goal,regular,regular,9.4,54,0,left-foot,high-centre,0,49.7,20.9,No information,No information,65,No information,3893,54,9.4,50.3,0,50.3,79.1,26,1507,shot
kingsley-coman,https://www.sofascore.com/gibraltar-france/GObsoKbb#id:10752573,france,block,No information,assisted,10.5,57.7,0,left-foot,low-centre,0,50,19,No information,No information,65,No information,3893,57.7,10.5,50,0,50,81,26,1507,shot
adrien-rabiot,https://www.sofascore.com/gibraltar-france/GObsoKbb#id:10752573,france,goal,regular,corner,4.6,48.4,0,left-foot,low-centre,0,48.5,19,No information,No information,63,No information,3771,48.4,4.6,51.5,0,51.5,81,28,1629,shot
adrien-rabiot,https://www.sofascore.com/gibraltar-france/GObsoKbb#id:10752573,france,block,No information,corner,5.4,50.5,0,left-foot,low-centre,0,50.3,19,No information,No information,63,No information,3769,50.5,5.4,49.7,0,49.7,81,28,1631,shot
dayot-upamecano,https://www.sofascore.com/gibraltar-france/GObsoKbb#id:10752573,france,block,No information,corner,8.8,52.6,0,head,low-right,0,45.3,19,No information,No information,63,No information,3768,52.6,8.8,54.7,0,54.7,81,28,1632,shot
marcus-thuram,https://www.sofascore.com/gibraltar-france/GObsoKbb#id:10752573,france,block,No information,regular,5.1,54.5,0,right-foot,low-right,0,47.8,19,No information,No information,57,No information,3373,54.5,5.1,52.2,0,52.2,81,34,2027,shot
marcus-thuram,https://www.sofascore.com/gibraltar-france/GObsoKbb#id:10752573,france,save,No information,assisted,6.4,55,0,left-foot,low-centre,0,48.8,3.2,No information,No information,57,No information,3372,55,6.4,51.2,0,51.2,96.8,34,2028,shot
jean-clair-todibo,https://www.sofascore.com/gibraltar-france/GObsoKbb#id:10752573,france,miss,No information,corner,7.2,53.7,0,head,right,0,31.3,18.1,No information,No information,53,No information,3175,53.7,7.2,68.7,0,68.7,81.9,38,2225,shot
antoine-griezmann,https://www.sofascore.com/gibraltar-france/GObsoKbb#id:10752573,france,save,No information,assisted,8.8,45.5,0,left-foot,low-centre,0,51.6,13.3,No information,No information,53,No information,3137,45.5,8.8,48.4,0,48.4,86.7,38,2263,shot
marcus-thuram,https://www.sofascore.com/gibraltar-france/GObsoKbb#id:10752573,france,miss,No information,assisted,8.2,43.9,0,head,left,0,59.8,6.9,No information,No information,52,No information,3076,43.9,8.2,40.2,0,40.2,93.1,39,2324,shot
antoine-griezmann,https://www.sofascore.com/gibraltar-france/GObsoKbb#id:10752573,france,miss,No information,assisted,11.4,59.3,0,head,left,0,80.3,1.4,No information,No information,50,No information,2980,59.3,11.4,19.7,0,19.7,98.6,41,2420,shot
marcus-thuram,https://www.sofascore.com/gibraltar-france/GObsoKbb#id:10752573,france,miss,No information,assisted,6.3,46.6,0,right-foot,left,0,68.6,20.8,No information,No information,49,No information,2888,46.6,6.3,31.4,0,31.4,79.2,42,2512,shot
kingsley-coman,https://www.sofascore.com/gibraltar-france/GObsoKbb#id:10752573,france,miss,No information,assisted,18.1,68.7,0,left-foot,high-left,0,66.2,63.9,No information,No information,43,No information,2577,68.7,18.1,33.8,0,33.8,36.1,3,123,shot
adrien-rabiot,https://www.sofascore.com/gibraltar-france/GObsoKbb#id:10752573,france,save,No information,assisted,27.7,35,0,left-foot,low-centre,0,49.3,3.8,No information,No information,42,No information,2471,35,27.7,50.7,0,50.7,96.2,4,229,shot
adrien-rabiot,https://www.sofascore.com/gibraltar-france/GObsoKbb#id:10752573,france,miss,No information,assisted,3.6,47,0,head,right,0,33.4,5.6,No information,No information,39,No information,2306,47,3.6,66.6,0,66.6,94.4,7,394,shot
youssouf-fofana,https://www.sofascore.com/gibraltar-france/GObsoKbb#id:10752573,france,goal,regular,assisted,18.9,50.1,0,right-foot,low-centre,0,51.8,8.9,No information,No information,37,No information,2209,50.1,18.9,48.2,0,48.2,91.1,9,491,shot
kingsley-coman,https://www.sofascore.com/gibraltar-france/GObsoKbb#id:10752573,france,goal,regular,regular,7.6,54,0,left-foot,low-left,0,52.9,9.5,No information,No information,36,No information,2110,54,7.6,47.1,0,47.1,90.5,10,590,shot
kylian-mbappe,https://www.sofascore.com/gibraltar-france/GObsoKbb#id:10752573,france,miss,No information,assisted,4.9,44,0,right-foot,right,0,37.1,2.8,No information,No information,36,No information,2107,44,4.9,62.9,0,62.9,97.2,10,593,shot
jonathan-clauss,https://www.sofascore.com/gibraltar-france/GObsoKbb#id:10752573,france,goal,regular,corner,25.3,42.5,0,right-foot,low-left,0,54.2,4.4,No information,No information,34,No information,2015,42.5,25.3,45.8,0,45.8,95.6,12,685,shot
kylian-mbappe,https://www.sofascore.com/gibraltar-france/GObsoKbb#id:10752573,france,miss,No information,assisted,12.1,60.5,0,right-foot,close-right,0,43.5,4.2,No information,No information,33,No information,1945,60.5,12.1,56.5,0,56.5,95.8,13,755,shot
kylian-mbappe,https://www.sofascore.com/gibraltar-france/GObsoKbb#id:10752573,france,goal,penalty,penalty,11.5,50,0,right-foot,low-left,0,54,3.8,No information,No information,30,No information,1793,50,11.5,46,0,46,96.2,16,907,shot
antoine-griezmann,https://www.sofascore.com/gibraltar-france/GObsoKbb#id:10752573,france,miss,No information,assisted,9.2,57.9,0,head,close-right,0,43,8.3,No information,No information,26,No information,1553,57.9,9.2,57,0,57,91.7,20,1147,shot
kingsley-coman,https://www.sofascore.com/gibraltar-france/GObsoKbb#id:10752573,france,miss,No information,assisted,10.7,66.3,0,left-foot,close-high-left,0,56.5,55.6,No information,No information,25,No information,1449,66.3,10.7,43.5,0,43.5,44.4,21,1251,shot
theo-hernandez,https://www.sofascore.com/gibraltar-france/GObsoKbb#id:10752573,france,block,No information,assisted,22.6,38.9,0,left-foot,low-centre,0,50,19,No information,No information,21,No information,1247,38.9,22.6,50,0,50,81,25,1453,shot
warren-zaire-emery,https://www.sofascore.com/gibraltar-france/GObsoKbb#id:10752573,france,goal,regular,assisted,5.6,57.5,0,right-foot,high-centre,0,49.4,24.7,No information,No information,16,No information,903,57.5,5.6,50.6,0,50.6,75.3,30,1797,shot
adrien-rabiot,https://www.sofascore.com/gibraltar-france/GObsoKbb#id:10752573,france,miss,No information,assisted,25.1,63.3,0,left-foot,left,0,65.5,26.4,No information,No information,12,No information,693,63.3,25.1,34.5,0,34.5,73.6,34,2007,shot
kylian-mbappe,https://www.sofascore.com/gibraltar-france/GObsoKbb#id:10752573,france,miss,No information,assisted,12,35.6,0,right-foot,high-right,0,41.3,61.1,No information,No information,9,No information,509,35.6,12,58.7,0,58.7,38.9,37,2191,shot
marcus-thuram,https://www.sofascore.com/gibraltar-france/GObsoKbb#id:10752573,france,miss,No information,corner,6.5,54,0,head,high,0,47.6,73.6,No information,No information,7,No information,368,54,6.5,52.4,0,52.4,26.4,39,2332,shot
marcus-thuram,https://www.sofascore.com/gibraltar-france/GObsoKbb#id:10752573,france,goal,regular,regular,2,51.1,0,right-foot,low-centre,0,49,5.7,No information,No information,4,No information,238,51.1,2,51,0,51,94.3,42,2462,shot
antoine-griezmann,https://www.sofascore.com/gibraltar-france/GObsoKbb#id:10752573,france,save,No information,assisted,8.1,32.4,0,left-foot,low-centre,0,48.7,1.3,No information,No information,4,No information,236,32.4,8.1,51.3,0,51.3,98.7,42,2464,shot
ethan-james-santos,https://www.sofascore.com/gibraltar-france/GObsoKbb#id:10752573,france,goal,own,regular,2.4,55.9,0,left-foot,low-left,0,54.5,1.3,No information,No information,3,No information,155,55.9,2.4,45.5,0,45.5,98.7,43,2545,shot
jonathan-clauss,https://www.sofascore.com/gibraltar-france/GObsoKbb#id:10752573,france,miss,No information,regular,23.1,65.4,0,right-foot,high-left,0,56.6,93.1,No information,No information,2,No information,87,65.4,23.1,43.4,0,43.4,6.9,44,2613,shot

marcus-rashford,https://www.sofascore.com/england-france/GObsnUb#id:10230634,england,miss,No information,free-kick,21.6,41.8,0,right-foot,close-high,0,46.4,52.8,No information,No information,90,11,6004,41.8,21.6,53.6,0,53.6,47.2,1,296,shot
mason-mount,https://www.sofascore.com/england-france/GObsnUb#id:10230634,england,miss,No information,assisted,28.5,57.3,0,right-foot,high,0,46.2,83.3,No information,No information,88,No information,5279,57.3,28.5,53.8,0,53.8,16.7,3,121,shot
harry-kane,https://www.sofascore.com/england-france/GObsnUb#id:10230634,england,miss,No information,penalty,11.5,50,0,right-foot,close-high,0,51.4,59.7,No information,No information,84,No information,5014,50,11.5,48.6,0,48.6,40.3,7,386,shot
olivier-giroud,https://www.sofascore.com/england-france/GObsnUb#id:10230634,france,goal,regular,corner,5.3,49.3,0,head,low-left,0,52.9,11.4,No information,No information,78,No information,4629,49.3,5.3,47.1,0,47.1,88.6,13,771,shot
olivier-giroud,https://www.sofascore.com/england-france/GObsnUb#id:10230634,france,save,No information,assisted,8.3,52.1,0,left-foot,low-centre,0,51.1,17.1,No information,No information,77,No information,4582,52.1,8.3,48.9,0,48.9,82.9,14,818,shot
olivier-giroud,https://www.sofascore.com/england-france/GObsnUb#id:10230634,france,miss,No information,assisted,8.8,58.5,0,head,right,0,31.6,8.3,No information,No information,75,No information,4492,58.5,8.8,68.4,0,68.4,91.7,16,908,shot
luke-shaw,https://www.sofascore.com/england-france/GObsnUb#id:10230634,england,block,No information,assisted,9.7,24.7,0,left-foot,low-centre,0,48.6,19,No information,No information,71,No information,4230,24.7,9.7,51.4,0,51.4,81,20,1170,shot
harry-maguire,https://www.sofascore.com/england-france/GObsnUb#id:10230634,england,post,No information,set-piece,12,43.4,0,head,left,0,55.7,11.4,No information,No information,70,No information,4162,43.4,12,44.3,0,44.3,88.6,21,1238,shot
harry-kane,https://www.sofascore.com/england-france/GObsnUb#id:10230634,england,save,No information,assisted,20.9,71.1,0,left-foot,low-right,0,45.4,1.3,No information,No information,62,No information,3665,71.1,20.9,54.6,0,54.6,98.7,29,1735,shot
ousmane-dembele,https://www.sofascore.com/england-france/GObsnUb#id:10230634,france,block,No information,assisted,20.5,67.2,0,left-foot,low-left,0,52.6,19,No information,No information,61,No information,3607,67.2,20.5,47.4,0,47.4,81,30,1793,shot
bukayo-saka,https://www.sofascore.com/england-france/GObsnUb#id:10230634,england,save,No information,assisted,14.1,58.7,0,right-foot,low-centre,0,51.2,1.3,No information,No information,60,No information,3574,58.7,14.1,48.8,0,48.8,98.7,31,1826,shot
adrien-rabiot,https://www.sofascore.com/england-france/GObsnUb#id:10230634,france,save,No information,assisted,23.9,53,0,left-foot,low-right,0,48.1,1.9,No information,No information,55,No information,3283,53,23.9,51.9,0,51.9,98.1,36,2117,shot
harry-kane,https://www.sofascore.com/england-france/GObsnUb#id:10230634,england,goal,penalty,penalty,11.5,50,0,right-foot,low-left,0,53.2,18.4,No information,No information,54,No information,3207,50,11.5,46.8,0,46.8,81.6,37,2193,shot
jordan-henderson,https://www.sofascore.com/england-france/GObsnUb#id:10230634,england,block,No information,regular,18.8,70.9,0,right-foot,low-centre,0,50.5,19,No information,No information,52,No information,3060,70.9,18.8,49.5,0,49.5,81,39,2340,shot
harry-maguire,https://www.sofascore.com/england-france/GObsnUb#id:10230634,england,block,No information,corner,4.1,37.1,0,head,low-right,0,47.6,19,No information,No information,48,No information,2832,37.1,4.1,52.4,0,52.4,81,43,2568,shot
jude-bellingham,https://www.sofascore.com/england-france/GObsnUb#id:10230634,england,save,No information,corner,18.7,54.6,0,right-foot,high-right,0,48.1,34.8,No information,No information,47,No information,2795,54.6,18.7,51.9,0,51.9,65.2,44,2605,shot
kylian-mbappe,https://www.sofascore.com/england-france/GObsnUb#id:10230634,france,miss,No information,set-piece,11.9,43.8,0,left-foot,high,0,49.4,79.2,No information,No information,39,No information,2325,43.8,11.9,50.6,0,50.6,20.8,7,375,shot
harry-kane,https://www.sofascore.com/england-france/GObsnUb#id:10230634,england,save,No information,assisted,22.5,71.7,0,right-foot,high-right,0,47.2,20.9,No information,No information,29,No information,1710,71.7,22.5,52.8,0,52.8,79.1,17,990,shot
jude-bellingham,https://www.sofascore.com/england-france/GObsnUb#id:10230634,england,block,No information,assisted,3.3,42.5,0,head,low-left,0,53.2,19,No information,No information,22,No information,1293,42.5,3.3,46.8,0,46.8,81,24,1407,shot
harry-kane,https://www.sofascore.com/england-france/GObsnUb#id:10230634,england,save,No information,assisted,5.3,67.2,0,right-foot,low-centre,0,48.7,1.9,No information,No information,22,No information,1289,67.2,5.3,51.3,0,51.3,98.1,24,1411,shot
luke-shaw,https://www.sofascore.com/england-france/GObsnUb#id:10230634,england,save,No information,free-kick,22.5,70.5,0,left-foot,low-centre,0,48.2,13.9,No information,No information,21,No information,1207,70.5,22.5,51.8,0,51.8,86.1,25,1493,shot
aurelien-tchouameni,https://www.sofascore.com/england-france/GObsnUb#id:10230634,france,goal,regular,assisted,26.1,53.4,0,right-foot,low-left,0,53.2,3.2,No information,No information,17,No information,983,53.4,26.1,46.8,0,46.8,96.8,29,1717,shot
olivier-giroud,https://www.sofascore.com/england-france/GObsnUb#id:10230634,france,save,No information,assisted,9.1,48.9,0,head,low-centre,0,50.6,7.6,No information,No information,11,No information,634,48.9,9.1,49.4,0,49.4,92.4,35,2066,shot
phil-foden,https://www.sofascore.com/england-france/GObsnUb#id:10230634,england,block,No information,assisted,18.8,49.5,0,left-foot,low-left,0,54.3,19,No information,No information,4,No information,196,49.5,18.8,45.7,0,45.7,81,42,2504,shot

youssouf-fofana,https://www.sofascore.com/netherlands-france/GObsfUb#id:10752516,france,save,No information,assisted,27.7,40.6,0,right-foot,high-left,0,53.3,24.7,No information,No information,90,6,5732,40.6,27.7,46.7,0,46.7,75.3,1,568,shot
marcus-thuram,https://www.sofascore.com/netherlands-france/GObsfUb#id:10752516,france,block,No information,assisted,16.2,51.5,0,right-foot,low-centre,0,51.2,19,No information,No information,90,5,5696,51.5,16.2,48.8,0,48.8,81,1,604,shot
olivier-giroud,https://www.sofascore.com/netherlands-france/GObsfUb#id:10752516,france,miss,No information,assisted,23.2,42.6,0,left-foot,high,0,48.6,77.8,No information,No information,90,3,5535,42.6,23.2,51.4,0,51.4,22.2,1,765,shot
marcus-thuram,https://www.sofascore.com/netherlands-france/GObsfUb#id:10752516,france,save,No information,assisted,18.2,53.6,0,left-foot,low-left,0,53.6,14.6,No information,No information,87,No information,5206,53.6,18.2,46.4,0,46.4,85.4,4,194,shot
kylian-mbappe,https://www.sofascore.com/netherlands-france/GObsfUb#id:10752516,france,post,No information,assisted,16.7,67.4,0,right-foot,high,0,51.7,39.2,No information,No information,86,No information,5134,67.4,16.7,48.3,0,48.3,60.8,5,266,shot
quilindschy-hartman,https://www.sofascore.com/netherlands-france/GObsfUb#id:10752516,netherlands,goal,regular,assisted,3.6,33.8,0,left-foot,low-left,0,52.7,2.5,No information,No information,83,No information,4968,33.8,3.6,47.3,0,47.3,97.5,8,432,shot
donyell-malen,https://www.sofascore.com/netherlands-france/GObsfUb#id:10752516,netherlands,miss,No information,assisted,18.1,67,0,left-foot,close-left,0,59.2,27.8,No information,No information,81,No information,4846,67,18.1,40.8,0,40.8,72.2,10,554,shot
quilindschy-hartman,https://www.sofascore.com/netherlands-france/GObsfUb#id:10752516,netherlands,miss,No information,assisted,11.1,39.3,0,head,high-right,0,43.5,77.8,No information,No information,77,No information,4570,39.3,11.1,56.5,0,56.5,22.2,14,830,shot
kingsley-coman,https://www.sofascore.com/netherlands-france/GObsfUb#id:10752516,france,block,No information,assisted,12,68.3,0,right-foot,low-centre,0,50.5,19,No information,No information,69,No information,4133,68.3,12,49.5,0,49.5,81,22,1267,shot
randal-kolo-muani,https://www.sofascore.com/netherlands-france/GObsfUb#id:10752516,france,block,No information,assisted,22.2,48.5,0,right-foot,low-centre,0,49.4,19,No information,No information,64,No information,3828,48.5,22.2,50.6,0,50.6,81,27,1572,shot
kylian-mbappe,https://www.sofascore.com/netherlands-france/GObsfUb#id:10752516,france,goal,regular,assisted,21,28.4,0,right-foot,high-right,0,48.1,25.9,No information,No information,53,No information,3123,28.4,21,51.9,0,51.9,74.1,38,2277,shot
aurelien-tchouameni,https://www.sofascore.com/netherlands-france/GObsfUb#id:10752516,france,block,No information,set-piece,14.4,52.4,0,head,low-centre,0,50.2,19,No information,No information,52,No information,3068,52.4,14.4,49.8,0,49.8,81,39,2332,shot
donyell-malen,https://www.sofascore.com/netherlands-france/GObsfUb#id:10752516,netherlands,save,No information,assisted,15,52.6,0,right-foot,low-left,0,52.1,4.4,No information,No information,49,No information,2916,52.6,15,47.9,0,47.9,95.6,42,2484,shot
quilindschy-hartman,https://www.sofascore.com/netherlands-france/GObsfUb#id:10752516,netherlands,save,No information,assisted,20.5,30.7,0,left-foot,high-left,0,52.2,31,No information,No information,45,No information,2648,30.7,20.5,47.8,0,47.8,69,1,52,shot
kylian-mbappe,https://www.sofascore.com/netherlands-france/GObsfUb#id:10752516,france,block,No information,assisted,10.5,32.2,0,left-foot,low-centre,0,51.5,19,No information,No information,43,No information,2566,32.2,10.5,48.5,0,48.5,81,3,134,shot
aurelien-tchouameni,https://www.sofascore.com/netherlands-france/GObsfUb#id:10752516,france,save,No information,assisted,25.2,72.2,0,right-foot,low-right,0,47.1,7.6,No information,No information,39,No information,2291,72.2,25.2,52.9,0,52.9,92.4,7,409,shot
randal-kolo-muani,https://www.sofascore.com/netherlands-france/GObsfUb#id:10752516,france,miss,No information,assisted,8.6,55.9,0,head,left,0,96.5,1.4,No information,No information,38,No information,2273,55.9,8.6,3.5,0,3.5,98.6,8,427,shot
xavi-simons,https://www.sofascore.com/netherlands-france/GObsfUb#id:10752516,netherlands,save,No information,assisted,20.1,58.5,0,right-foot,low-left,0,53.6,1.9,No information,No information,36,No information,2135,58.5,20.1,46.4,0,46.4,98.1,10,565,shot
ibrahima-konate,https://www.sofascore.com/netherlands-france/GObsfUb#id:10752516,france,save,No information,set-piece,8.8,40.5,0,head,high-centre,0,50,25.9,No information,No information,33,No information,1960,40.5,8.8,50,0,50,74.1,13,740,shot
xavi-simons,https://www.sofascore.com/netherlands-france/GObsfUb#id:10752516,netherlands,block,No information,regular,16.2,50.7,0,right-foot,low-centre,0,50,19,No information,No information,27,No information,1610,50.7,16.2,50,0,50,81,19,1090,shot
joey-veerman,https://www.sofascore.com/netherlands-france/GObsfUb#id:10752516,netherlands,miss,No information,assisted,10.7,55.5,0,right-foot,high,0,54.3,72.2,No information,No information,27,No information,1569,55.5,10.7,45.7,0,45.7,27.8,19,1131,shot
aurelien-tchouameni,https://www.sofascore.com/netherlands-france/GObsfUb#id:10752516,france,save,No information,assisted,24.1,39.4,0,right-foot,low-right,0,47.2,17.7,No information,No information,22,No information,1284,39.4,24.1,52.8,0,52.8,82.3,24,1416,shot
kylian-mbappe,https://www.sofascore.com/netherlands-france/GObsfUb#id:10752516,france,goal,regular,assisted,7.4,50,0,right-foot,low-centre,0,50.3,19,No information,No information,7,No information,391,50,7.4,49.7,0,49.7,81,39,2309,shot

kylian-mbappe,https://www.sofascore.com/switzerland-france/GObsZTb#id:8594187,france,save,No information,shootout,11.5,50,0,right-foot,low-left,0,52.4,18.4,No information,No information,129,No information,7699,50,11.5,47.6,0,47.6,81.6,7,401,shot
admir-mehmedi,https://www.sofascore.com/switzerland-france/GObsZTb#id:8594187,switzerland,goal,penalty,shootout,11.5,50,0,right-foot,low-right,0,46.6,5.7,No information,No information,128,No information,7648,50,11.5,53.4,0,53.4,94.3,8,452,shot
presnel-kimpembe,https://www.sofascore.com/switzerland-france/GObsZTb#id:8594187,france,goal,penalty,shootout,11.5,50,0,left-foot,high-right,0,46.3,25.9,No information,No information,127,No information,7604,50,11.5,53.7,0,53.7,74.1,9,496,shot
ruben-vargas,https://www.sofascore.com/switzerland-france/GObsZTb#id:8594187,switzerland,goal,penalty,shootout,11.5,50,0,right-foot,low-left,0,52.7,13.9,No information,No information,126,No information,7546,50,11.5,47.3,0,47.3,86.1,10,554,shot
marcus-thuram,https://www.sofascore.com/switzerland-france/GObsZTb#id:8594187,france,goal,penalty,shootout,11.5,50,0,right-foot,low-left,0,54.1,14.6,No information,No information,125,No information,7496,50,11.5,45.9,0,45.9,85.4,11,604,shot
manuel-akanji,https://www.sofascore.com/switzerland-france/GObsZTb#id:8594187,switzerland,goal,penalty,shootout,11.5,50,0,right-foot,low-left,0,53.8,2.5,No information,No information,125,No information,7446,50,11.5,46.2,0,46.2,97.5,11,654,shot
olivier-giroud,https://www.sofascore.com/switzerland-france/GObsZTb#id:8594187,france,goal,penalty,shootout,11.5,50,0,left-foot,low-right,0,46.3,15.2,No information,No information,124,No information,7395,50,11.5,53.7,0,53.7,84.8,12,705,shot
fabian-schar,https://www.sofascore.com/switzerland-france/GObsZTb#id:8594187,switzerland,goal,penalty,shootout,11.5,50,0,right-foot,high-right,0,45.6,20.3,No information,No information,123,No information,7345,50,11.5,54.4,0,54.4,79.7,13,755,shot
paul-pogba,https://www.sofascore.com/switzerland-france/GObsZTb#id:8594187,france,goal,penalty,shootout,11.5,50,0,right-foot,high-left,0,53.9,34.2,No information,No information,122,No information,7301,50,11.5,46.1,0,46.1,65.8,14,799,shot
mario-gavranovic,https://www.sofascore.com/switzerland-france/GObsZTb#id:8594187,switzerland,goal,penalty,shootout,11.5,50,0,right-foot,high-left,0,52.6,33.5,No information,No information,121,No information,7247,50,11.5,47.4,0,47.4,66.5,15,853,shot
granit-xhaka,https://www.sofascore.com/switzerland-france/GObsZTb#id:8594187,switzerland,miss,No information,free-kick,27.2,65.5,0,left-foot,high,0,46.2,94.4,No information,No information,120,1,7207,65.5,27.2,53.8,0,53.8,5.6,1,893,shot
olivier-giroud,https://www.sofascore.com/switzerland-france/GObsZTb#id:8594187,france,save,No information,assisted,8.5,52.2,0,head,high-left,0,52.4,22.2,No information,No information,119,No information,7133,52.2,8.5,47.6,0,47.6,77.8,2,67,shot
manuel-akanji,https://www.sofascore.com/switzerland-france/GObsZTb#id:8594187,switzerland,block,No information,set-piece,32.3,50.7,0,right-foot,low-centre,0,51,19,No information,No information,118,No information,7076,50.7,32.3,49,0,49,81,3,124,shot
olivier-giroud,https://www.sofascore.com/switzerland-france/GObsZTb#id:8594187,france,block,No information,assisted,14.1,46.2,0,left-foot,low-centre,0,50.8,19,No information,No information,114,No information,6819,46.2,14.1,49.2,0,49.2,81,7,381,shot
kylian-mbappe,https://www.sofascore.com/switzerland-france/GObsZTb#id:8594187,france,miss,No information,assisted,4.3,36.7,0,left-foot,close-left,0,57.8,37.5,No information,No information,110,No information,6589,36.7,4.3,42.2,0,42.2,62.5,11,611,shot
kylian-mbappe,https://www.sofascore.com/switzerland-france/GObsZTb#id:8594187,france,miss,No information,assisted,18.8,45.4,0,left-foot,right,0,40.7,1.4,No information,No information,109,No information,6534,45.4,18.8,59.3,0,59.3,98.6,12,666,shot
admir-mehmedi,https://www.sofascore.com/switzerland-france/GObsZTb#id:8594187,switzerland,miss,No information,corner,19.5,51.5,0,right-foot,high-right,0,37.5,66.7,No information,No information,103,No information,6175,51.5,19.5,62.5,0,62.5,33.3,3,125,shot
moussa-sissoko,https://www.sofascore.com/switzerland-france/GObsZTb#id:8594187,france,miss,No information,fast-break,18.4,68,0,right-foot,high-right,0,30.6,88.9,No information,No information,101,No information,6034,68,18.4,69.4,0,69.4,11.1,5,266,shot
kingsley-coman,https://www.sofascore.com/switzerland-france/GObsZTb#id:8594187,france,miss,No information,assisted,4.8,27,0,left-foot,close-left,0,56.8,30.6,No information,No information,98,No information,5839,27,4.8,43.2,0,43.2,69.4,8,461,shot
benjamin-pavard,https://www.sofascore.com/switzerland-france/GObsZTb#id:8594187,france,save,No information,regular,10,55,0,right-foot,high-left,0,51.9,31,No information,No information,95,No information,5652,55,10,48.1,0,48.1,69,11,648,shot
admir-mehmedi,https://www.sofascore.com/switzerland-france/GObsZTb#id:8594187,switzerland,save,No information,corner,5.1,65.1,0,right-foot,high-right,0,47.4,20.9,No information,No information,93,No information,5532,65.1,5.1,52.6,0,52.6,79.1,13,768,shot
kingsley-coman,https://www.sofascore.com/switzerland-france/GObsZTb#id:8594187,france,post,No information,assisted,11.4,35.1,0,right-foot,high,0,46.3,39.9,No information,No information,90,4,5633,35.1,11.4,53.7,0,53.7,60.1,1,667,shot
mario-gavranovic,https://www.sofascore.com/switzerland-france/GObsZTb#id:8594187,switzerland,goal,regular,fast-break,15.8,52.6,0,right-foot,low-left,0,54.3,6.3,No information,No information,90,No information,5385,52.6,15.8,45.7,0,45.7,93.7,1,15,shot
ricardo-rodriguez,https://www.sofascore.com/switzerland-france/GObsZTb#id:8594187,switzerland,block,No information,assisted,25.6,22.5,0,right-foot,low-left,0,54.4,19,No information,No information,85,No information,5050,22.5,25.6,45.6,0,45.6,81,6,350,shot
adrien-rabiot,https://www.sofascore.com/switzerland-france/GObsZTb#id:8594187,france,miss,No information,assisted,26.7,50.3,0,left-foot,high,0,54.1,87.5,No information,No information,83,No information,4968,50.3,26.7,45.9,0,45.9,12.5,8,432,shot
haris-seferovic,https://www.sofascore.com/switzerland-france/GObsZTb#id:8594187,switzerland,goal,regular,assisted,5.7,52.6,0,head,low-centre,0,51.6,13.3,No information,No information,81,No information,4835,52.6,5.7,48.4,0,48.4,86.7,10,565,shot
kingsley-coman,https://www.sofascore.com/switzerland-france/GObsZTb#id:8594187,france,save,No information,assisted,20.2,40.6,0,right-foot,high-centre,0,50.6,24.1,No information,No information,77,No information,4588,40.6,20.2,49.4,0,49.4,75.9,14,812,shot
paul-pogba,https://www.sofascore.com/switzerland-france/GObsZTb#id:8594187,france,goal,regular,regular,25.8,48.9,0,right-foot,high-right,0,46.2,33.5,No information,No information,75,No information,4459,48.9,25.8,53.8,0,53.8,66.5,16,941,shot
karim-benzema,https://www.sofascore.com/switzerland-france/GObsZTb#id:8594187,france,block,No information,assisted,17.9,34.9,0,right-foot,low-centre,0,48.4,19,No information,No information,75,No information,4455,34.9,17.9,51.6,0,51.6,81,16,945,shot
kingsley-coman,https://www.sofascore.com/switzerland-france/GObsZTb#id:8594187,france,save,No information,assisted,28.8,33.6,0,right-foot,low-centre,0,51.2,3.2,No information,No information,74,No information,4401,33.6,28.8,48.8,0,48.8,96.8,17,999,shot
paul-pogba,https://www.sofascore.com/switzerland-france/GObsZTb#id:8594187,france,block,No information,regular,20.1,36.5,0,left-foot,low-right,0,46,19,No information,No information,70,No information,4183,36.5,20.1,54,0,54,81,21,1217,shot
karim-benzema,https://www.sofascore.com/switzerland-france/GObsZTb#id:8594187,france,goal,regular,regular,1.3,53.2,0,head,high-right,0,47.6,34.2,No information,No information,59,No information,3488,53.2,1.3,52.4,0,52.4,65.8,32,1912,shot
antoine-griezmann,https://www.sofascore.com/switzerland-france/GObsZTb#id:8594187,france,save,No information,assisted,3.9,41.9,0,left-foot,low-centre,0,49.4,15.2,No information,No information,59,No information,3486,41.9,3.9,50.6,0,50.6,84.8,32,1914,shot
karim-benzema,https://www.sofascore.com/switzerland-france/GObsZTb#id:8594187,france,goal,regular,assisted,7.3,52.8,0,left-foot,low-left,0,52.1,8.9,No information,No information,57,No information,3385,52.8,7.3,47.9,0,47.9,91.1,34,2015,shot
kylian-mbappe,https://www.sofascore.com/switzerland-france/GObsZTb#id:8594187,france,miss,No information,assisted,10.5,32.2,0,right-foot,close-right,0,42.4,1.4,No information,No information,56,No information,3338,32.2,10.5,57.6,0,57.6,98.6,35,2062,shot
ricardo-rodriguez,https://www.sofascore.com/switzerland-france/GObsZTb#id:8594187,switzerland,save,No information,penalty,11.5,50,0,left-foot,low-left,0,53.3,0.6,No information,No information,55,No information,3245,50,11.5,46.7,0,46.7,99.4,36,2155,shot
antoine-griezmann,https://www.sofascore.com/switzerland-france/GObsZTb#id:8594187,france,miss,No information,assisted,26.2,73.6,0,left-foot,close-right,0,41,2.8,No information,No information,47,No information,2771,73.6,26.2,59,0,59,97.2,44,2629,shot
karim-benzema,https://www.sofascore.com/switzerland-france/GObsZTb#id:8594187,france,block,No information,assisted,12.7,29.3,0,right-foot,low-centre,0,49.4,19,No information,No information,45,2,2764,29.3,12.7,50.6,0,50.6,81,1,2636,shot
kylian-mbappe,https://www.sofascore.com/switzerland-france/GObsZTb#id:8594187,france,miss,No information,assisted,20.8,54.6,0,left-foot,high-left,0,62.9,76.4,No information,No information,43,No information,2528,54.6,20.8,37.1,0,37.1,23.6,3,172,shot
manuel-akanji,https://www.sofascore.com/switzerland-france/GObsZTb#id:8594187,switzerland,miss,No information,corner,4.8,49.3,0,head,high,0,50.8,65.3,No information,No information,41,No information,2458,49.3,4.8,49.2,0,49.2,34.7,5,242,shot
breel-embolo,https://www.sofascore.com/switzerland-france/GObsZTb#id:8594187,switzerland,miss,No information,set-piece,6.8,51.1,0,head,right,0,23.9,15.3,No information,No information,31,No information,1832,51.1,6.8,76.1,0,76.1,84.7,15,868,shot
adrien-rabiot,https://www.sofascore.com/switzerland-france/GObsZTb#id:8594187,france,miss,No information,assisted,24.5,27.9,0,left-foot,right,0,40.5,20.8,No information,No information,28,No information,1678,27.9,24.5,59.5,0,59.5,79.2,18,1022,shot
kylian-mbappe,https://www.sofascore.com/switzerland-france/GObsZTb#id:8594187,france,miss,No information,set-piece,22.1,32,0,right-foot,right,0,35.6,27.8,No information,No information,26,No information,1553,32,22.1,64.4,0,64.4,72.2,20,1147,shot
kylian-mbappe,https://www.sofascore.com/switzerland-france/GObsZTb#id:8594187,france,block,No information,free-kick,23.9,31.1,0,right-foot,low-centre,0,50.6,19,No information,No information,26,No information,1551,31.1,23.9,49.4,0,49.4,81,20,1149,shot
haris-seferovic,https://www.sofascore.com/switzerland-france/GObsZTb#id:8594187,switzerland,goal,regular,assisted,7.5,51.5,0,head,low-left,0,54.5,9.5,No information,No information,15,No information,886,51.5,7.5,45.5,0,45.5,90.5,31,1814,shot
haris-seferovic,https://www.sofascore.com/switzerland-france/GObsZTb#id:8594187,switzerland,block,No information,assisted,25.4,57.7,0,right-foot,low-left,0,53.2,19,No information,No information,15,No information,878,57.7,25.4,46.8,0,46.8,81,31,1822,shot
paul-pogba,https://www.sofascore.com/switzerland-france/GObsZTb#id:8594187,france,block,No information,regular,15.9,55.8,0,right-foot,low-centre,0,49.2,4.2,No information,No information,6,No information,313,55.8,15.9,50.8,0,50.8,95.8,40,2387,shot
raphael-varane,https://www.sofascore.com/switzerland-france/GObsZTb#id:8594187,france,miss,No information,corner,6,46.3,0,head,close-high,0,48.2,59.7,No information,No information,2,No information,87,46.3,6,51.8,0,51.8,40.3,44,2613,shot

adrien-rabiot,https://www.sofascore.com/ukraine-france/GObsbUb#id:9223795,france,miss,No information,corner,9.3,57.7,0,head,right,0,28.6,15.3,No information,No information,87,No information,5179,57.7,9.3,71.4,0,71.4,84.7,4,221,shot
adrien-rabiot,https://www.sofascore.com/ukraine-france/GObsbUb#id:9223795,france,save,No information,assisted,30.6,63.1,0,left-foot,low-right,0,46,7,No information,No information,86,No information,5145,63.1,30.6,54,0,54,93,5,255,shot
paul-pogba,https://www.sofascore.com/ukraine-france/GObsbUb#id:9223795,france,save,No information,assisted,26.8,54.4,0,right-foot,high-right,0,47.7,24.1,No information,No information,79,No information,4732,54.4,26.8,52.3,0,52.3,75.9,12,668,shot
diaby-moussa,https://www.sofascore.com/ukraine-france/GObsbUb#id:9223795,france,post,No information,assisted,8.8,45.8,0,left-foot,left,0,55.4,2.5,No information,No information,78,No information,4620,45.8,8.8,44.6,0,44.6,97.5,13,780,shot
kurt-zouma,https://www.sofascore.com/ukraine-france/GObsbUb#id:9223795,france,miss,No information,corner,6.9,50.3,0,head,high,0,54.5,77.8,No information,No information,67,No information,3970,50.3,6.9,45.5,0,45.5,22.2,24,1430,shot
antoine-griezmann,https://www.sofascore.com/ukraine-france/GObsbUb#id:9223795,france,miss,No information,assisted,14.5,56.9,0,right-foot,high,0,47.1,70.8,No information,No information,63,No information,3746,56.9,14.5,52.9,0,52.9,29.2,28,1654,shot
serhiy-kryvtsov,https://www.sofascore.com/ukraine-france/GObsbUb#id:9223795,ukraine,miss,No information,corner,22.1,59.2,0,right-foot,left,0,66.6,4.2,No information,No information,60,No information,3563,59.2,22.1,33.4,0,33.4,95.8,31,1837,shot
anthony-martial,https://www.sofascore.com/ukraine-france/GObsbUb#id:9223795,france,goal,regular,regular,3,53.6,0,right-foot,low-right,0,46.2,5.7,No information,No information,50,No information,2982,53.6,3,53.8,0,53.8,94.3,41,2418,shot
adrien-rabiot,https://www.sofascore.com/ukraine-france/GObsbUb#id:9223795,france,block,No information,assisted,10.2,49.7,0,head,low-centre,0,50.6,19,No information,No information,50,No information,2980,49.7,10.2,49.4,0,49.4,81,41,2420,shot
shaparenko-mykola,https://www.sofascore.com/ukraine-france/GObsbUb#id:9223795,ukraine,goal,regular,regular,19.2,54.4,0,right-foot,high-right,0,45.8,24.7,No information,No information,44,No information,2618,54.4,19.2,54.2,0,54.2,75.3,2,82,shot
anthony-martial,https://www.sofascore.com/ukraine-france/GObsbUb#id:9223795,france,save,No information,assisted,15.5,47,0,right-foot,low-centre,0,51,1.9,No information,No information,44,No information,2590,47,15.5,49,0,49,98.1,2,110,shot
paul-pogba,https://www.sofascore.com/ukraine-france/GObsbUb#id:9223795,france,miss,No information,assisted,22.6,49.9,0,right-foot,high,0,50.6,80.6,No information,No information,39,No information,2281,49.9,22.6,49.4,0,49.4,19.4,7,419,shot
andriy-yarmolenko,https://www.sofascore.com/ukraine-france/GObsbUb#id:9223795,ukraine,save,No information,set-piece,8.5,40.6,0,head,low-centre,0,48.9,19.6,No information,No information,38,No information,2237,40.6,8.5,51.1,0,51.1,80.4,8,463,shot
illia-zabarnyi,https://www.sofascore.com/ukraine-france/GObsbUb#id:9223795,ukraine,miss,No information,corner,6.9,51.4,0,left-foot,high,0,52.9,84.7,No information,No information,35,No information,2072,51.4,6.9,47.1,0,47.1,15.3,11,628,shot
andriy-yarmolenko,https://www.sofascore.com/ukraine-france/GObsbUb#id:9223795,ukraine,save,No information,corner,10.3,67.6,0,right-foot,low-centre,0,51.5,17.7,No information,No information,35,No information,2070,67.6,10.3,48.5,0,48.5,82.3,11,630,shot
kingsley-coman,https://www.sofascore.com/ukraine-france/GObsbUb#id:9223795,france,miss,No information,regular,19.6,26.4,0,right-foot,high-right,0,43.5,73.6,No information,No information,33,No information,1972,26.4,19.6,56.5,0,56.5,26.4,13,728,shot
antoine-griezmann,https://www.sofascore.com/ukraine-france/GObsbUb#id:9223795,france,miss,No information,assisted,20.7,28.3,0,left-foot,right,0,39.2,11.1,No information,No information,27,No information,1600,28.3,20.7,60.8,0,60.8,88.9,19,1100,shot
anthony-martial,https://www.sofascore.com/ukraine-france/GObsbUb#id:9223795,france,block,No information,assisted,16,49.5,0,right-foot,low-left,0,52.1,19,No information,No information,25,No information,1458,49.5,16,47.9,0,47.9,81,21,1242,shot
adrien-rabiot,https://www.sofascore.com/ukraine-france/GObsbUb#id:9223795,france,block,No information,assisted,25.4,33.7,0,right-foot,low-centre,0,50.9,19,No information,No information,25,No information,1457,33.7,25.4,49.1,0,49.1,81,21,1243,shot
paul-pogba,https://www.sofascore.com/ukraine-france/GObsbUb#id:9223795,france,miss,No information,regular,27.7,27.7,0,right-foot,right,0,0.5,1.4,No information,No information,21,No information,1226,27.7,27.7,99.5,0,99.5,98.6,25,1474,shot
roman-yaremchuk,https://www.sofascore.com/ukraine-france/GObsbUb#id:9223795,ukraine,miss,No information,assisted,8.2,36.1,0,left-foot,high-left,0,60.7,56.9,No information,No information,19,No information,1092,36.1,8.2,39.3,0,39.3,43.1,27,1608,shot
paul-pogba,https://www.sofascore.com/ukraine-france/GObsbUb#id:9223795,france,save,No information,corner,8.4,48.8,0,head,low-centre,0,48.6,8.9,No information,No information,11,No information,625,48.8,8.4,51.4,0,51.4,91.1,35,2075,shot
viktor-tsygankov,https://www.sofascore.com/ukraine-france/GObsbUb#id:9223795,ukraine,miss,No information,assisted,10.9,58.2,0,head,left,0,70.6,4.2,No information,No information,9,No information,501,58.2,10.9,29.4,0,29.4,95.8,37,2199,shot
andriy-yarmolenko,https://www.sofascore.com/ukraine-france/GObsbUb#id:9223795,ukraine,miss,No information,assisted,22.9,46.2,0,right-foot,high-right,0,41,70.8,No information,No information,3,No information,150,46.2,22.9,59,0,59,29.2,43,2550,shot

leroy-sane,https://www.sofascore.com/germany-france/GObslUb#id:8513114,germany,miss,No information,free-kick,22.2,71.7,0,left-foot,high,0,45.4,63.9,No information,No information,88,No information,5246,71.7,22.2,54.6,0,54.6,36.1,3,154,shot
antonio-rudiger,https://www.sofascore.com/germany-france/GObslUb#id:8513114,germany,save,No information,corner,11.2,43.9,0,head,high-left,0,52.4,28.5,No information,No information,70,No information,4144,43.9,11.2,47.6,0,47.6,71.5,21,1256,shot
karim-benzema,https://www.sofascore.com/germany-france/GObslUb#id:8513114,france,block,No information,assisted,15.2,36.3,0,right-foot,low-centre,0,51,19,No information,No information,65,No information,3898,36.3,15.2,49,0,49,81,26,1502,shot
thomas-muller,https://www.sofascore.com/germany-france/GObslUb#id:8513114,germany,block,No information,assisted,11.9,58.1,0,right-foot,low-left,0,53.9,19,No information,No information,56,No information,3349,58.1,11.9,46.1,0,46.1,81,35,2051,shot
serge-gnabry,https://www.sofascore.com/germany-france/GObslUb#id:8513114,germany,miss,No information,assisted,10.1,58.1,0,right-foot,close-high,0,51.9,50,No information,No information,54,No information,3198,58.1,10.1,48.1,0,48.1,50,37,2202,shot
adrien-rabiot,https://www.sofascore.com/germany-france/GObslUb#id:8513114,france,post,No information,assisted,6.8,33.6,0,left-foot,left,0,55.4,19,No information,No information,52,No information,3083,33.6,6.8,44.6,0,44.6,81,39,2317,shot
kai-havertz,https://www.sofascore.com/germany-france/GObslUb#id:8513114,germany,block,No information,assisted,10.5,65.5,0,left-foot,low-right,0,47,19,No information,No information,42,No information,2477,65.5,10.5,53,0,53,81,4,223,shot
ilkay-gundogan,https://www.sofascore.com/germany-france/GObslUb#id:8513114,germany,miss,No information,assisted,11.4,44.5,0,right-foot,right,0,40.5,9.7,No information,No information,38,No information,2234,44.5,11.4,59.5,0,59.5,90.3,8,466,shot
toni-kroos,https://www.sofascore.com/germany-france/GObslUb#id:8513114,germany,miss,No information,free-kick,26.8,53.6,0,right-foot,high-right,0,41.5,63.9,No information,No information,27,No information,1611,53.6,26.8,58.5,0,58.5,36.1,19,1089,shot
toni-kroos,https://www.sofascore.com/germany-france/GObslUb#id:8513114,germany,block,No information,free-kick,22.6,41.5,0,right-foot,low-centre,0,50.2,19,No information,No information,25,No information,1466,41.5,22.6,49.8,0,49.8,81,21,1234,shot
thomas-muller,https://www.sofascore.com/germany-france/GObslUb#id:8513114,germany,miss,No information,assisted,5.1,41.7,0,head,right,0,36.8,5.6,No information,No information,22,No information,1311,41.7,5.1,63.2,0,63.2,94.4,24,1389,shot
mats-hummels,https://www.sofascore.com/germany-france/GObslUb#id:8513114,france,goal,own,regular,6.7,48.9,0,right-foot,high-left,0,53.7,29.1,No information,No information,20,No information,1181,48.9,6.7,46.3,0,46.3,70.9,26,1519,shot
kylian-mbappe,https://www.sofascore.com/germany-france/GObslUb#id:8513114,france,save,No information,assisted,13.9,32.3,0,right-foot,low-right,0,48,10.8,No information,No information,17,No information,997,32.3,13.9,52,0,52,89.2,29,1703,shot
paul-pogba,https://www.sofascore.com/germany-france/GObslUb#id:8513114,france,miss,No information,corner,6,50.3,0,head,high,0,51.1,62.5,No information,No information,16,No information,927,50.3,6,48.9,0,48.9,37.5,30,1773,shot
mats-hummels,https://www.sofascore.com/germany-france/GObslUb#id:8513114,germany,miss,No information,set-piece,8,43.5,0,head,high,0,51.6,86.1,No information,No information,4,No information,185,43.5,8,48.4,0,48.4,13.9,42,2515,shot

kylian-mbappe,https://www.sofascore.com/greece-france/GObskUb#id:10752593,france,save,No information,assisted,22.1,60,0,right-foot,high-centre,0,50.5,34.8,No information,No information,90,5,5664,60,22.1,49.5,0,49.5,65.2,1,636,shot
kylian-mbappe,https://www.sofascore.com/greece-france/GObskUb#id:10752593,france,miss,No information,assisted,7.8,47.5,0,head,high-left,0,63.2,62.5,No information,No information,82,No information,4892,47.5,7.8,36.8,0,36.8,37.5,9,508,shot
william-saliba,https://www.sofascore.com/greece-france/GObskUb#id:10752593,france,block,No information,corner,6.3,47.1,0,head,low-left,0,52.2,19,No information,No information,82,No information,4864,47.1,6.3,47.8,0,47.8,81,9,536,shot
kylian-mbappe,https://www.sofascore.com/greece-france/GObskUb#id:10752593,france,block,No information,regular,22.5,21.2,0,right-foot,high-centre,0,51.1,27.8,No information,No information,77,No information,4562,21.2,22.5,48.9,0,48.9,72.2,14,838,shot
youssouf-fofana,https://www.sofascore.com/greece-france/GObskUb#id:10752593,france,goal,regular,assisted,26.6,37,0,right-foot,high-right,0,47.6,32.3,No information,No information,74,No information,4410,37,26.6,52.4,0,52.4,67.7,17,990,shot
adrien-rabiot,https://www.sofascore.com/greece-france/GObskUb#id:10752593,france,miss,No information,assisted,1.8,41.9,0,left-foot,right,0,0.3,1.4,No information,No information,64,No information,3781,41.9,1.8,99.7,0,99.7,98.6,27,1619,shot
fotis-ioannidis,https://www.sofascore.com/greece-france/GObskUb#id:10752593,greece,goal,regular,assisted,7.6,45.3,0,right-foot,high-centre,0,49.3,20.3,No information,No information,61,No information,3604,45.3,7.6,50.7,0,50.7,79.7,30,1796,shot
randal-kolo-muani,https://www.sofascore.com/greece-france/GObskUb#id:10752593,france,save,No information,assisted,8.7,45.4,0,head,low-centre,0,51.8,5.7,No information,No information,60,No information,3545,45.4,8.7,48.2,0,48.2,94.3,31,1855,shot
anastasios-bakasetas,https://www.sofascore.com/greece-france/GObskUb#id:10752593,greece,goal,regular,regular,19.2,54.2,0,left-foot,low-left,0,52.2,3.2,No information,No information,56,No information,3315,54.2,19.2,47.8,0,47.8,96.8,35,2085,shot
andreas-bouchalakis,https://www.sofascore.com/greece-france/GObskUb#id:10752593,greece,block,No information,regular,13.8,66.8,0,right-foot,low-left,0,53.3,4.2,No information,No information,56,No information,3312,66.8,13.8,46.7,0,46.7,95.8,35,2088,shot
giorgos-masouras,https://www.sofascore.com/greece-france/GObskUb#id:10752593,greece,block,No information,assisted,10.1,57.4,0,left-foot,low-centre,0,49.9,19,No information,No information,56,No information,3310,57.4,10.1,50.1,0,50.1,81,35,2090,shot
fotis-ioannidis,https://www.sofascore.com/greece-france/GObskUb#id:10752593,greece,miss,No information,assisted,8.3,31.3,0,left-foot,high-left,0,56.3,81.9,No information,No information,52,No information,3104,31.3,8.3,43.7,0,43.7,18.1,39,2296,shot
youssouf-fofana,https://www.sofascore.com/greece-france/GObskUb#id:10752593,france,miss,No information,regular,29.5,45,0,right-foot,high,0,55.8,80.6,No information,No information,49,No information,2921,45,29.5,44.2,0,44.2,19.4,42,2479,shot
randal-kolo-muani,https://www.sofascore.com/greece-france/GObskUb#id:10752593,france,goal,regular,assisted,2.7,67.6,0,right-foot,high-centre,0,48.4,27.8,No information,No information,42,No information,2511,67.6,2.7,51.6,0,51.6,72.2,4,189,shot
ousmane-dembele,https://www.sofascore.com/greece-france/GObskUb#id:10752593,france,save,No information,assisted,2.8,58.2,0,right-foot,high-centre,0,49.9,23.4,No information,No information,36,No information,2126,58.2,2.8,50.1,0,50.1,76.6,10,574,shot
theo-hernandez,https://www.sofascore.com/greece-france/GObskUb#id:10752593,france,miss,No information,assisted,13.7,38.6,0,left-foot,right,0,34.6,11.1,No information,No information,36,No information,2125,38.6,13.7,65.4,0,65.4,88.9,10,575,shot
antoine-griezmann,https://www.sofascore.com/greece-france/GObskUb#id:10752593,france,post,No information,assisted,5.5,49,0,left-foot,left,0,55.2,24.7,No information,No information,33,No information,1970,49,5.5,44.8,0,44.8,75.3,13,730,shot
konstantinos-mavropanos,https://www.sofascore.com/greece-france/GObskUb#id:10752593,greece,miss,No information,set-piece,11.1,61.7,0,head,high,0,46.4,83.3,No information,No information,24,No information,1437,61.7,11.1,53.6,0,53.6,16.7,22,1263,shot
andreas-bouchalakis,https://www.sofascore.com/greece-france/GObskUb#id:10752593,greece,block,No information,corner,22.1,67.6,0,left-foot,low-right,0,48,19,No information,No information,19,No information,1138,67.6,22.1,52,0,52,81,27,1562,shot
antoine-griezmann,https://www.sofascore.com/greece-france/GObskUb#id:10752593,france,save,No information,assisted,23.1,69.7,0,left-foot,high-right,0,46.8,28.5,No information,No information,15,No information,855,69.7,23.1,53.2,0,53.2,71.5,31,1845,shot
ousmane-dembele,https://www.sofascore.com/greece-france/GObskUb#id:10752593,france,save,No information,corner,9.3,32.8,0,right-foot,low-left,0,53.3,0.6,No information,No information,12,No information,664,32.8,9.3,46.7,0,46.7,99.4,34,2036,shot
giorgos-masouras,https://www.sofascore.com/greece-france/GObskUb#id:10752593,greece,miss,No information,regular,18.1,30.3,0,right-foot,right,0,32.1,19.4,No information,No information,7,No information,397,30.3,18.1,67.9,0,67.9,80.6,39,2303,shot
adrien-rabiot,https://www.sofascore.com/greece-france/GObskUb#id:10752593,france,miss,No information,assisted,10.8,57.2,0,head,left,0,93.8,6.9,No information,No information,6,No information,313,57.2,10.8,6.2,0,6.2,93.1,40,2387,shot

jonathan-clauss,https://www.sofascore.com/france-denmark/BObsGOb#id:10023340,france,miss,No information,assisted,26.4,64.6,0,right-foot,close-high,0,46.1,56.9,No information,No information,90,6,5730,64.6,26.4,53.9,0,53.9,43.1,1,570,shot
adrien-rabiot,https://www.sofascore.com/france-denmark/BObsGOb#id:10023340,france,save,No information,assisted,8.5,49.7,0,head,high-centre,0,50.3,22.2,No information,No information,90,No information,5383,49.7,8.5,49.7,0,49.7,77.8,1,17,shot
andreas-cornelius,https://www.sofascore.com/france-denmark/BObsGOb#id:10023340,denmark,goal,regular,assisted,6.5,31,0,left-foot,high-left,0,52.9,29.7,No information,No information,88,No information,5272,31,6.5,47.1,0,47.1,70.3,3,128,shot
christian-eriksen,https://www.sofascore.com/france-denmark/BObsGOb#id:10023340,denmark,save,No information,assisted,9.1,50.3,0,left-foot,low-centre,0,51.1,3.8,No information,No information,86,No information,5146,50.3,9.1,48.9,0,48.9,96.2,5,254,shot
christopher-nkunku,https://www.sofascore.com/france-denmark/BObsGOb#id:10023340,france,save,No information,assisted,9.5,66.9,0,right-foot,high-right,0,47.5,24.1,No information,No information,82,No information,4904,66.9,9.5,52.5,0,52.5,75.9,9,496,shot
christopher-nkunku,https://www.sofascore.com/france-denmark/BObsGOb#id:10023340,france,miss,No information,regular,12.3,49.5,0,right-foot,high-right,0,41.3,70.8,No information,No information,81,No information,4800,49.5,12.3,58.7,0,58.7,29.2,10,600,shot
ngolo-kante,https://www.sofascore.com/france-denmark/BObsGOb#id:10023340,france,post,No information,assisted,23.6,47,0,right-foot,right,0,44.8,29.1,No information,No information,80,No information,4798,47,23.6,55.2,0,55.2,70.9,11,602,shot
aurelien-tchouameni,https://www.sofascore.com/france-denmark/BObsGOb#id:10023340,france,block,No information,regular,23.2,38.4,0,right-foot,low-centre,0,49.2,19,No information,No information,75,No information,4454,38.4,23.2,50.8,0,50.8,81,16,946,shot
karim-benzema,https://www.sofascore.com/france-denmark/BObsGOb#id:10023340,france,block,No information,assisted,14.2,44.5,0,left-foot,low-centre,0,51.4,19,No information,No information,75,No information,4451,44.5,14.2,48.6,0,48.6,81,16,949,shot
antoine-griezmann,https://www.sofascore.com/france-denmark/BObsGOb#id:10023340,france,miss,No information,free-kick,24.4,53.6,0,left-foot,high,0,45.2,62.5,No information,No information,74,No information,4398,53.6,24.4,54.8,0,54.8,37.5,17,1002,shot
andreas-skov-olsen,https://www.sofascore.com/france-denmark/BObsGOb#id:10023340,denmark,save,No information,assisted,19.5,69.9,0,left-foot,high-right,0,47,24.1,No information,No information,71,No information,4250,69.9,19.5,53,0,53,75.9,20,1150,shot
ngolo-kante,https://www.sofascore.com/france-denmark/BObsGOb#id:10023340,france,block,No information,assisted,23.7,47.5,0,right-foot,low-left,0,54,19,No information,No information,71,No information,4229,47.5,23.7,46,0,46,81,20,1171,shot
andreas-cornelius,https://www.sofascore.com/france-denmark/BObsGOb#id:10023340,denmark,goal,regular,assisted,9.4,53.6,0,right-foot,low-left,0,53.6,5.1,No information,No information,68,No information,4033,53.6,9.4,46.4,0,46.4,94.9,23,1367,shot
rasmus-kristensen,https://www.sofascore.com/france-denmark/BObsGOb#id:10023340,denmark,miss,No information,regular,17.7,71.3,0,left-foot,left,0,63.5,1.4,No information,No information,67,No information,3974,71.3,17.7,36.5,0,36.5,98.6,24,1426,shot
aurelien-tchouameni,https://www.sofascore.com/france-denmark/BObsGOb#id:10023340,france,miss,No information,assisted,30.4,70.9,0,right-foot,high,0,49.7,70.8,No information,No information,56,No information,3316,70.9,30.4,50.3,0,50.3,29.2,35,2084,shot
theo-hernandez,https://www.sofascore.com/france-denmark/BObsGOb#id:10023340,france,miss,No information,corner,22.9,38.6,0,left-foot,right,0,38.2,13.9,No information,No information,55,No information,3287,38.6,22.9,61.8,0,61.8,86.1,36,2113,shot
karim-benzema,https://www.sofascore.com/france-denmark/BObsGOb#id:10023340,france,goal,regular,assisted,8.3,51.8,0,left-foot,low-left,0,52.1,0.6,No information,No information,51,No information,3044,51.8,8.3,47.9,0,47.9,99.4,40,2356,shot
karim-benzema,https://www.sofascore.com/france-denmark/BObsGOb#id:10023340,france,save,No information,assisted,4.4,48.2,0,right-foot,low-centre,0,48.7,12.7,No information,No information,48,No information,2826,48.2,4.4,51.3,0,51.3,87.3,43,2574,shot
karim-benzema,https://www.sofascore.com/france-denmark/BObsGOb#id:10023340,france,block,No information,assisted,16.3,55.9,0,right-foot,low-centre,0,49.3,19,No information,No information,46,No information,2719,55.9,16.3,50.7,0,50.7,81,45,2681,shot
joakim-maehle,https://www.sofascore.com/france-denmark/BObsGOb#id:10023340,denmark,save,No information,regular,8.2,48.3,0,right-foot,low-left,0,52.8,5.7,No information,No information,39,No information,2296,48.3,8.2,47.2,0,47.2,94.3,7,404,shot
kylian-mbappe,https://www.sofascore.com/france-denmark/BObsGOb#id:10023340,france,save,No information,assisted,16,23,0,right-foot,low-centre,0,51.4,16.5,No information,No information,30,No information,1777,23,16,48.6,0,48.6,83.5,16,923,shot
karim-benzema,https://www.sofascore.com/france-denmark/BObsGOb#id:10023340,france,block,No information,assisted,10.2,54.6,0,right-foot,low-centre,0,50.1,19,No information,No information,13,No information,721,54.6,10.2,49.9,0,49.9,81,33,1979,shot
karim-benzema,https://www.sofascore.com/france-denmark/BObsGOb#id:10023340,france,miss,No information,corner,9.7,44.1,0,head,left,0,64.4,2.8,No information,No information,12,No information,667,44.1,9.7,35.6,0,35.6,97.2,34,2033,shot
raphael-varane,https://www.sofascore.com/france-denmark/BObsGOb#id:10023340,france,miss,No information,corner,9.7,49.5,0,head,left,0,68.2,8.3,No information,No information,12,No information,667,49.5,9.7,31.8,0,31.8,91.7,34,2033,shot
antoine-griezmann,https://www.sofascore.com/france-denmark/BObsGOb#id:10023340,france,save,No information,assisted,28.2,29.9,0,left-foot,low-centre,0,50.3,5.1,No information,No information,9,No information,515,29.9,28.2,49.7,0,49.7,94.9,37,2185,shot
joakim-maehle,https://www.sofascore.com/france-denmark/BObsGOb#id:10023340,denmark,post,No information,assisted,1.6,42.3,0,left-foot,left,0,55.6,12.7,No information,No information,4,No information,192,42.3,1.6,44.4,0,44.4,87.3,42,2508,shot
kasper-dolberg,https://www.sofascore.com/france-denmark/BObsGOb#id:10023340,denmark,miss,No information,regular,4.9,60.6,0,right-foot,left,0,86.6,18.1,No information,No information,4,No information,191,60.6,4.9,13.4,0,13.4,81.9,42,2509,shot

memphis-depay,https://www.sofascore.com/netherlands-france/GObsfUb#id:10752375,netherlands,save,No information,set-piece,10.6,49.5,0,right-foot,low-centre,0,50.2,12.7,No information,No information,90,5,5695,49.5,10.6,49.8,0,49.8,87.3,1,605,shot
memphis-depay,https://www.sofascore.com/netherlands-france/GObsfUb#id:10752375,netherlands,save,No information,penalty,11.5,50,0,right-foot,low-centre,0,48.7,9.5,No information,No information,90,5,5693,50,11.5,51.3,0,51.3,90.5,1,607,shot
wout-weghorst,https://www.sofascore.com/netherlands-france/GObsfUb#id:10752375,netherlands,block,No information,assisted,11.1,48.4,0,head,low-centre,0,51.3,19,No information,No information,90,4,5611,48.4,11.1,48.7,0,48.7,81,1,689,shot
khephren-thuram,https://www.sofascore.com/netherlands-france/GObsfUb#id:10752375,france,save,No information,regular,18.8,38.7,0,right-foot,low-left,0,52.6,0.6,No information,No information,90,2,5507,38.7,18.8,47.4,0,47.4,99.4,1,793,shot
daley-blind,https://www.sofascore.com/netherlands-france/GObsfUb#id:10752375,netherlands,miss,No information,free-kick,13.9,84.5,0,left-foot,high-left,0,59.7,51.4,No information,No information,90,1,5412,84.5,13.9,40.3,0,40.3,48.6,1,888,shot
kylian-mbappe,https://www.sofascore.com/netherlands-france/GObsfUb#id:10752375,france,goal,regular,regular,15.1,61.8,0,right-foot,low-left,0,53.4,3.2,No information,No information,88,No information,5236,61.8,15.1,46.6,0,46.6,96.8,3,164,shot
kylian-mbappe,https://www.sofascore.com/netherlands-france/GObsfUb#id:10752375,france,save,No information,regular,13.8,39.6,0,left-foot,low-centre,0,51.1,12.7,No information,No information,78,No information,4644,39.6,13.8,48.9,0,48.9,87.3,13,756,shot
memphis-depay,https://www.sofascore.com/netherlands-france/GObsfUb#id:10752375,netherlands,block,No information,free-kick,20.3,32.6,0,right-foot,low-centre,0,50.6,19,No information,No information,72,No information,4289,32.6,20.3,49.4,0,49.4,81,19,1111,shot
adrien-rabiot,https://www.sofascore.com/netherlands-france/GObsfUb#id:10752375,france,miss,No information,corner,5.4,60.9,0,head,high,0,46.4,65.3,No information,No information,66,No information,3955,60.9,5.4,53.6,0,53.6,34.7,25,1445,shot
memphis-depay,https://www.sofascore.com/netherlands-france/GObsfUb#id:10752375,netherlands,save,No information,free-kick,20.9,36.4,0,right-foot,low-centre,0,48.8,10.1,No information,No information,58,No information,3465,36.4,20.9,51.2,0,51.2,89.9,33,1935,shot
kylian-mbappe,https://www.sofascore.com/netherlands-france/GObsfUb#id:10752375,france,save,No information,assisted,22,30,0,right-foot,low-right,0,48.1,8.2,No information,No information,52,No information,3099,30,22,51.9,0,51.9,91.8,39,2301,shot
aurelien-tchouameni,https://www.sofascore.com/netherlands-france/GObsfUb#id:10752375,france,miss,No information,corner,8,42.7,0,head,left,0,61.2,26.4,No information,No information,36,No information,2142,42.7,8,38.8,0,38.8,73.6,10,558,shot
ibrahima-konate,https://www.sofascore.com/netherlands-france/GObsfUb#id:10752375,france,save,No information,set-piece,9.9,47.8,0,head,low-left,0,53.6,2.5,No information,No information,36,No information,2113,47.8,9.9,46.4,0,46.4,97.5,10,587,shot
kingsley-coman,https://www.sofascore.com/netherlands-france/GObsfUb#id:10752375,france,block,No information,set-piece,5.4,68.2,0,right-foot,low-right,0,45.6,19,No information,No information,36,No information,2104,68.2,5.4,54.4,0,54.4,81,10,596,shot
memphis-depay,https://www.sofascore.com/netherlands-france/GObsfUb#id:10752375,netherlands,miss,No information,fast-break,9.1,47.9,0,right-foot,close-left,0,58.2,5.6,No information,No information,32,No information,1912,47.9,9.1,41.8,0,41.8,94.4,14,788,shot
kylian-mbappe,https://www.sofascore.com/netherlands-france/GObsfUb#id:10752375,france,miss,No information,assisted,10.5,52.2,0,right-foot,high-right,0,38.2,79.2,No information,No information,30,No information,1763,52.2,10.5,61.8,0,61.8,20.8,16,937,shot
kylian-mbappe,https://www.sofascore.com/netherlands-france/GObsfUb#id:10752375,france,goal,regular,assisted,10.9,40.4,0,right-foot,low-left,0,54,0.6,No information,No information,21,No information,1248,40.4,10.9,46,0,46,99.4,25,1452,shot
georginio-wijnaldum,https://www.sofascore.com/netherlands-france/GObsfUb#id:10752375,netherlands,save,No information,assisted,16.2,53.8,0,left-foot,high-centre,0,50.3,27.2,No information,No information,20,No information,1149,53.8,16.2,49.7,0,49.7,72.8,26,1551,shot
memphis-depay,https://www.sofascore.com/netherlands-france/GObsfUb#id:10752375,netherlands,block,No information,assisted,8.8,69.1,0,right-foot,low-centre,0,50.1,19,No information,No information,15,No information,884,69.1,8.8,49.9,0,49.9,81,31,1816,shot
georginio-wijnaldum,https://www.sofascore.com/netherlands-france/GObsfUb#id:10752375,netherlands,save,No information,assisted,10.5,68.3,0,right-foot,low-right,0,48,1.3,No information,No information,10,No information,549,68.3,10.5,52,0,52,98.7,36,2151,shot
dayot-upamecano,https://www.sofascore.com/netherlands-france/GObsfUb#id:10752375,france,goal,regular,set-piece,4.4,46.5,0,right-foot,low-centre,0,51.4,2.5,No information,No information,8,No information,432,46.5,4.4,48.6,0,48.6,97.5,38,2268,shot
xavi-simons,https://www.sofascore.com/netherlands-france/GObsfUb#id:10752375,netherlands,miss,No information,corner,21.7,33.8,0,left-foot,right,0,36.3,22.2,No information,No information,5,No information,246,33.8,21.7,63.7,0,63.7,77.8,41,2454,shot
antoine-griezmann,https://www.sofascore.com/netherlands-france/GObsfUb#id:10752375,france,goal,regular,assisted,15.3,47.4,0,left-foot,low-left,0,53.9,4.4,No information,No information,2,No information,116,47.4,15.3,46.1,0,46.1,95.6,44,2584,shot

marcus-thuram,https://www.sofascore.com/austria-france/GObstUb#id:11873975,france,block,No information,assisted,18.7,29.7,0,right-foot,low-centre,0,51.4,19,No information,No information,90,5,5675,29.7,18.7,48.6,0,48.6,81,1,625,shot
patrick-wimmer,https://www.sofascore.com/austria-france/GObstUb#id:11873975,austria,save,No information,throw-in-set-piece,5.8,66.5,0,head,high-right,0,45.6,20.3,No information,No information,90,2,5470,66.5,5.8,54.4,0,54.4,79.7,1,830,shot
kylian-mbappe,https://www.sofascore.com/austria-france/GObstUb#id:11873975,france,block,No information,set-piece,8.9,47,0,head,low-centre,0,51.1,19,No information,No information,85,No information,5071,47,8.9,48.9,0,48.9,81,6,329,shot
marcus-thuram,https://www.sofascore.com/austria-france/GObstUb#id:11873975,france,save,No information,assisted,10.4,39.7,0,left-foot,low-left,0,52.2,3.2,No information,No information,83,No information,4928,39.7,10.4,47.8,0,47.8,96.8,8,472,shot
christoph-baumgartner,https://www.sofascore.com/austria-france/GObstUb#id:11873975,austria,save,No information,regular,5.4,65.3,0,right-foot,low-right,0,47.9,5.1,No information,No information,78,No information,4671,65.3,5.4,52.1,0,52.1,94.9,13,729,shot
marcus-thuram,https://www.sofascore.com/austria-france/GObstUb#id:11873975,france,miss,No information,assisted,15,31.7,0,right-foot,high-right,0,32.6,75,No information,No information,73,No information,4335,31.7,15,67.4,0,67.4,25,18,1065,shot
marcus-thuram,https://www.sofascore.com/austria-france/GObstUb#id:11873975,france,save,No information,assisted,7.1,68.5,0,right-foot,low-centre,0,51.3,5.7,No information,No information,67,No information,4013,68.5,7.1,48.7,0,48.7,94.3,24,1387,shot
jules-kounde,https://www.sofascore.com/austria-france/GObstUb#id:11873975,france,block,No information,assisted,13.2,58.8,0,right-foot,low-centre,0,48.7,19,No information,No information,66,No information,3956,58.8,13.2,51.3,0,51.3,81,25,1444,shot
antoine-griezmann,https://www.sofascore.com/austria-france/GObstUb#id:11873975,france,miss,No information,assisted,4.2,51.3,0,right-foot,right,0,20.2,15.3,No information,No information,66,No information,3950,51.3,4.2,79.8,0,79.8,84.7,25,1450,shot
ousmane-dembele,https://www.sofascore.com/austria-france/GObstUb#id:11873975,france,miss,No information,assisted,18.9,75.2,0,left-foot,high-left,0,59.8,69.4,No information,No information,64,No information,3823,75.2,18.9,40.2,0,40.2,30.6,27,1577,shot
marcel-sabitzer,https://www.sofascore.com/austria-france/GObstUb#id:11873975,austria,block,No information,free-kick,16.3,17.2,0,right-foot,low-centre,0,50.6,19,No information,No information,56,No information,3349,17.2,16.3,49.4,0,49.4,81,35,2051,shot
kylian-mbappe,https://www.sofascore.com/austria-france/GObstUb#id:11873975,france,miss,No information,fast-break,14.5,48.1,0,right-foot,close-right,0,43.4,18.1,No information,No information,55,No information,3272,48.1,14.5,56.6,0,56.6,81.9,36,2128,shot
stefan-posch,https://www.sofascore.com/austria-france/GObstUb#id:11873975,austria,miss,No information,assisted,22.6,68,0,right-foot,high,0,45.7,83.3,No information,No information,48,No information,2860,68,22.6,54.3,0,54.3,16.7,43,2540,shot
danso-kevin,https://www.sofascore.com/austria-france/GObstUb#id:11873975,austria,miss,No information,corner,9.5,48.5,0,head,right,0,24.2,26.4,No information,No information,42,No information,2491,48.5,9.5,75.8,0,75.8,73.6,4,209,shot
maximilian-wober,https://www.sofascore.com/austria-france/GObstUb#id:11873975,france,goal,own,regular,4.8,54.8,0,head,low-left,0,54.1,7,No information,No information,38,No information,2251,54.8,4.8,45.9,0,45.9,93,8,449,shot
christoph-baumgartner,https://www.sofascore.com/austria-france/GObstUb#id:11873975,austria,save,No information,assisted,8,47.2,0,right-foot,low-left,0,53.2,5.1,No information,No information,36,No information,2107,47.2,8,46.8,0,46.8,94.9,10,593,shot
kylian-mbappe,https://www.sofascore.com/austria-france/GObstUb#id:11873975,france,block,No information,regular,15.2,34.2,0,right-foot,low-left,0,52,19,No information,No information,33,No information,1952,34.2,15.2,48,0,48,81,13,748,shot
marcus-thuram,https://www.sofascore.com/austria-france/GObstUb#id:11873975,france,miss,No information,corner,4.8,60.1,0,head,left,0,60.8,33.3,No information,No information,19,No information,1133,60.1,4.8,39.2,0,39.2,66.7,27,1567,shot
antoine-griezmann,https://www.sofascore.com/austria-france/GObstUb#id:11873975,france,block,No information,fast-break,14.5,66.5,0,left-foot,low-centre,0,49.4,19,No information,No information,19,No information,1095,66.5,14.5,50.6,0,50.6,81,27,1605,shot
theo-hernandez,https://www.sofascore.com/austria-france/GObstUb#id:11873975,france,miss,No information,assisted,3.7,33.3,0,left-foot,right,0,2,26.4,No information,No information,13,No information,749,33.3,3.7,98,0,98,73.6,33,1951,shot
kylian-mbappe,https://www.sofascore.com/austria-france/GObstUb#id:11873975,france,save,No information,assisted,10.2,31.5,0,right-foot,low-left,0,53.9,4.4,No information,No information,8,No information,478,31.5,10.2,46.1,0,46.1,95.6,38,2222,shot

ibrahima-konate,https://www.sofascore.com/croatia-france/GObspUb#id:10023350,france,miss,No information,assisted,9.4,54.9,0,head,left,0,65.4,31.9,No information,No information,90,5,5659,54.9,9.4,34.6,0,34.6,68.1,1,641,shot
benjamin-pavard,https://www.sofascore.com/croatia-france/GObspUb#id:10023350,france,block,No information,corner,26,52.3,0,right-foot,low-right,0,46.9,19,No information,No information,90,5,5641,52.3,26,53.1,0,53.1,81,1,659,shot
nikola-vlasic,https://www.sofascore.com/croatia-france/GObspUb#id:10023350,croatia,save,No information,assisted,15.5,29.2,0,right-foot,low-left,0,53.5,3.8,No information,No information,88,No information,5267,29.2,15.5,46.5,0,46.5,96.2,3,133,shot
adrien-rabiot,https://www.sofascore.com/croatia-france/GObspUb#id:10023350,france,miss,No information,assisted,8.6,27.9,0,left-foot,high,0,52.8,72.2,No information,No information,86,No information,5155,27.9,8.6,47.2,0,47.2,27.8,5,245,shot
kylian-mbappe,https://www.sofascore.com/croatia-france/GObspUb#id:10023350,france,miss,No information,free-kick,27.3,54.7,0,right-foot,high-right,0,44,79.2,No information,No information,78,No information,4673,54.7,27.3,56,0,56,20.8,13,727,shot
aurelien-tchouameni,https://www.sofascore.com/croatia-france/GObspUb#id:10023350,france,miss,No information,corner,7.1,51.7,0,head,right,0,40.5,15.3,No information,No information,75,No information,4494,51.7,7.1,59.5,0,59.5,84.7,16,906,shot
lovro-majer,https://www.sofascore.com/croatia-france/GObspUb#id:10023350,croatia,save,No information,assisted,13,31.5,0,left-foot,low-centre,0,48.7,17.7,No information,No information,72,No information,4289,31.5,13,51.3,0,51.3,82.3,19,1111,shot
karim-benzema,https://www.sofascore.com/croatia-france/GObspUb#id:10023350,france,miss,No information,assisted,15,68.8,0,right-foot,left,0,75.3,4.2,No information,No information,70,No information,4191,68.8,15,24.7,0,24.7,95.8,21,1209,shot
kylian-mbappe,https://www.sofascore.com/croatia-france/GObspUb#id:10023350,france,block,No information,assisted,17,56.1,0,left-foot,low-centre,0,48.9,19,No information,No information,67,No information,3973,56.1,17,51.1,0,51.1,81,24,1427,shot
kylian-mbappe,https://www.sofascore.com/croatia-france/GObspUb#id:10023350,france,save,No information,assisted,5.3,67.6,0,right-foot,low-centre,0,50.4,2.5,No information,No information,61,No information,3613,67.6,5.3,49.6,0,49.6,97.5,30,1787,shot
kylian-mbappe,https://www.sofascore.com/croatia-france/GObspUb#id:10023350,france,miss,No information,assisted,25.1,68,0,right-foot,close-left,0,57.8,11.1,No information,No information,55,No information,3251,68,25.1,42.2,0,42.2,88.9,36,2149,shot
christopher-nkunku,https://www.sofascore.com/croatia-france/GObspUb#id:10023350,france,save,No information,assisted,5.4,31.3,0,left-foot,low-centre,0,48.5,1.3,No information,No information,51,No information,3039,31.3,5.4,51.5,0,51.5,98.7,40,2361,shot
aurelien-tchouameni,https://www.sofascore.com/croatia-france/GObspUb#id:10023350,france,save,No information,assisted,21.8,39.4,0,right-foot,low-centre,0,51.8,1.9,No information,No information,48,No information,2848,39.4,21.8,48.2,0,48.2,98.1,43,2552,shot
christopher-nkunku,https://www.sofascore.com/croatia-france/GObspUb#id:10023350,france,miss,No information,corner,4.7,46.6,0,head,high,0,49.4,76.4,No information,No information,45,1,2755,46.6,4.7,50.6,0,50.6,23.6,1,2645,shot
lucas-digne,https://www.sofascore.com/croatia-france/GObspUb#id:10023350,france,block,No information,corner,18.4,33.3,0,left-foot,low-centre,0,48.2,19,No information,No information,45,1,2728,33.3,18.4,51.8,0,51.8,81,1,2672,shot
ante-budimir,https://www.sofascore.com/croatia-france/GObspUb#id:10023350,croatia,block,No information,assisted,11.7,28.2,0,left-foot,low-centre,0,49.7,19,No information,No information,39,No information,2292,28.2,11.7,50.3,0,50.3,81,7,408,shot
adrien-rabiot,https://www.sofascore.com/croatia-france/GObspUb#id:10023350,france,block,No information,assisted,25.4,33.6,0,left-foot,low-centre,0,50.9,19,No information,No information,33,No information,1948,33.6,25.4,49.1,0,49.1,81,13,752,shot
christopher-nkunku,https://www.sofascore.com/croatia-france/GObspUb#id:10023350,france,miss,No information,regular,24.1,41.6,0,right-foot,left,0,59.7,13.9,No information,No information,28,No information,1660,41.6,24.1,40.3,0,40.3,86.1,18,1040,shot
kylian-mbappe,https://www.sofascore.com/croatia-france/GObspUb#id:10023350,france,block,No information,regular,6.2,30,0,right-foot,low-left,0,51.9,19,No information,No information,14,No information,819,30,6.2,48.1,0,48.1,81,32,1881,shot
kylian-mbappe,https://www.sofascore.com/croatia-france/GObspUb#id:10023350,france,save,No information,regular,21,38.4,0,right-foot,low-right,0,48.1,12,No information,No information,7,No information,396,38.4,21,51.9,0,51.9,88,39,2304,shot
luka-modric,https://www.sofascore.com/croatia-france/GObspUb#id:10023350,croatia,goal,penalty,penalty,11.5,50,0,right-foot,low-left,0,54,9.5,No information,No information,5,No information,274,50,11.5,46,0,46,90.5,41,2426,shot

kingsley-coman,https://www.sofascore.com/ireland-france/GObsTTb#id:10752462,france,miss,No information,assisted,12,61.2,0,left-foot,close-high,0,50.8,52.8,No information,No information,90,7,5776,61.2,12,49.2,0,49.2,47.2,1,524,shot
marcus-thuram,https://www.sofascore.com/ireland-france/GObsTTb#id:10752462,france,block,No information,assisted,14.8,66,0,right-foot,low-left,0,51.8,19,No information,No information,90,6,5744,66,14.8,48.2,0,48.2,81,1,556,shot
kylian-mbappe,https://www.sofascore.com/ireland-france/GObsTTb#id:10752462,france,block,No information,assisted,10.8,30.9,0,right-foot,low-right,0,45.4,19,No information,No information,90,4,5633,30.9,10.8,54.6,0,54.6,81,1,667,shot
marcus-thuram,https://www.sofascore.com/ireland-france/GObsTTb#id:10752462,france,miss,No information,assisted,6.3,53.6,0,head,close-right,0,43.4,36.1,No information,No information,90,4,5593,53.6,6.3,56.6,0,56.6,63.9,1,707,shot
kylian-mbappe,https://www.sofascore.com/ireland-france/GObsTTb#id:10752462,france,miss,No information,regular,24.1,53.4,0,left-foot,high,0,55.3,81.9,No information,No information,89,No information,5299,53.4,24.1,44.7,0,44.7,18.1,2,101,shot
john-egan,https://www.sofascore.com/ireland-france/GObsTTb#id:10752462,ireland,save,No information,set-piece,12.2,49.2,0,head,high-left,0,52.4,22.2,No information,No information,88,No information,5226,49.2,12.2,47.6,0,47.6,77.8,3,174,shot
kingsley-coman,https://www.sofascore.com/ireland-france/GObsTTb#id:10752462,france,block,No information,assisted,17.9,54.1,0,left-foot,low-right,0,47.4,19,No information,No information,86,No information,5106,54.1,17.9,52.6,0,52.6,81,5,294,shot
adrien-rabiot,https://www.sofascore.com/ireland-france/GObsTTb#id:10752462,france,miss,No information,assisted,60.3,42.5,0,left-foot,left,0,64,30.6,No information,No information,84,No information,5031,42.5,60.3,36,0,36,69.4,7,369,shot
antoine-griezmann,https://www.sofascore.com/ireland-france/GObsTTb#id:10752462,france,block,No information,assisted,6.2,55.8,0,left-foot,low-left,0,52.8,19,No information,No information,73,No information,4362,55.8,6.2,47.2,0,47.2,81,18,1038,shot
ousmane-dembele,https://www.sofascore.com/ireland-france/GObsTTb#id:10752462,france,post,No information,assisted,6.5,70.5,0,right-foot,right,0,44.6,32.9,No information,No information,72,No information,4294,70.5,6.5,55.4,0,55.4,67.1,19,1106,shot
aurelien-tchouameni,https://www.sofascore.com/ireland-france/GObsTTb#id:10752462,france,save,No information,assisted,26.3,33.5,0,right-foot,high-right,0,47,22.2,No information,No information,67,No information,3965,33.5,26.3,53,0,53,77.8,24,1435,shot
ousmane-dembele,https://www.sofascore.com/ireland-france/GObsTTb#id:10752462,france,block,No information,assisted,16.1,71.8,0,left-foot,low-centre,0,49.2,19,No information,No information,65,No information,3889,71.8,16.1,50.8,0,50.8,81,26,1511,shot
ogbene-chiedozie,https://www.sofascore.com/ireland-france/GObsTTb#id:10752462,ireland,miss,No information,corner,16.3,70.9,0,left-foot,close-high,0,53.9,51.4,No information,No information,52,No information,3105,70.9,16.3,46.1,0,46.1,48.6,39,2295,shot
jayson-molumby,https://www.sofascore.com/ireland-france/GObsTTb#id:10752462,ireland,block,No information,regular,15.6,61.3,0,right-foot,low-left,0,52.9,19,No information,No information,52,No information,3071,61.3,15.6,47.1,0,47.1,81,39,2329,shot
ogbene-chiedozie,https://www.sofascore.com/ireland-france/GObsTTb#id:10752462,ireland,save,No information,assisted,5.1,55.8,0,head,low-centre,0,51.8,8.2,No information,No information,52,No information,3068,55.8,5.1,48.2,0,48.2,91.8,39,2332,shot
marcus-thuram,https://www.sofascore.com/ireland-france/GObsTTb#id:10752462,france,goal,regular,regular,7.1,57,0,right-foot,high-right,0,47,29.7,No information,No information,48,No information,2864,57,7.1,53,0,53,70.3,43,2536,shot
kylian-mbappe,https://www.sofascore.com/ireland-france/GObsTTb#id:10752462,france,block,No information,assisted,9.4,48.8,0,left-foot,low-centre,0,49.3,19,No information,No information,48,No information,2862,48.8,9.4,50.7,0,50.7,81,43,2538,shot
marcus-thuram,https://www.sofascore.com/ireland-france/GObsTTb#id:10752462,france,miss,No information,corner,7.7,42.4,0,head,left,0,68.6,23.6,No information,No information,45,2,2806,42.4,7.7,31.4,0,31.4,76.4,1,2594,shot
antoine-griezmann,https://www.sofascore.com/ireland-france/GObsTTb#id:10752462,france,miss,No information,regular,12.9,59.7,0,right-foot,high,0,51.3,80.6,No information,No information,44,No information,2637,59.7,12.9,48.7,0,48.7,19.4,2,63,shot
john-egan,https://www.sofascore.com/ireland-france/GObsTTb#id:10752462,ireland,miss,No information,set-piece,12,48.8,0,head,left,0,60.8,4.2,No information,No information,43,No information,2574,48.8,12,39.2,0,39.2,95.8,3,126,shot
marcus-thuram,https://www.sofascore.com/ireland-france/GObsTTb#id:10752462,france,miss,No information,assisted,8.9,48.4,0,head,left,0,95.5,2.8,No information,No information,42,No information,2485,48.4,8.9,4.5,0,4.5,97.2,4,215,shot
dayot-upamecano,https://www.sofascore.com/ireland-france/GObsTTb#id:10752462,france,miss,No information,corner,8.8,47.6,0,head,right,0,32.9,6.9,No information,No information,37,No information,2205,47.6,8.8,67.1,0,67.1,93.1,9,495,shot
kylian-mbappe,https://www.sofascore.com/ireland-france/GObsTTb#id:10752462,france,save,No information,assisted,25.6,36.1,0,right-foot,low-centre,0,49.7,13.3,No information,No information,36,No information,2113,36.1,25.6,50.3,0,50.3,86.7,10,587,shot
adrien-rabiot,https://www.sofascore.com/ireland-france/GObsTTb#id:10752462,france,block,No information,regular,19.6,57.6,0,left-foot,low-left,0,53.3,19,No information,No information,23,No information,1332,57.6,19.6,46.7,0,46.7,81,23,1368,shot
aurelien-tchouameni,https://www.sofascore.com/ireland-france/GObsTTb#id:10752462,france,goal,regular,corner,22.1,29.7,0,right-foot,low-right,0,45.7,17.7,No information,No information,19,No information,1095,29.7,22.1,54.3,0,54.3,82.3,27,1605,shot
ogbene-chiedozie,https://www.sofascore.com/ireland-france/GObsTTb#id:10752462,ireland,block,No information,assisted,16.7,71.6,0,left-foot,low-centre,0,50.1,19,No information,No information,17,No information,989,71.6,16.7,49.9,0,49.9,81,29,1711,shot
aurelien-tchouameni,https://www.sofascore.com/ireland-france/GObsTTb#id:10752462,france,block,No information,assisted,29.1,48,0,right-foot,low-centre,0,48.5,19,No information,No information,14,No information,796,48,29.1,51.5,0,51.5,81,32,1904,shot
antoine-griezmann,https://www.sofascore.com/ireland-france/GObsTTb#id:10752462,france,block,No information,assisted,2.9,30.9,0,left-foot,low-left,0,54.1,19,No information,No information,9,No information,532,30.9,2.9,45.9,0,45.9,81,37,2168,shot
kylian-mbappe,https://www.sofascore.com/ireland-france/GObsTTb#id:10752462,france,miss,No information,corner,7.6,59.1,0,left-foot,high,0,44.4,76.4,No information,No information,4,No information,228,59.1,7.6,55.6,0,55.6,23.6,42,2472,shot
olivier-giroud,https://www.sofascore.com/ireland-france/GObsTTb#id:10752462,france,block,No information,assisted,10.3,42.2,0,left-foot,low-centre,0,50.9,19,No information,No information,4,No information,199,42.2,10.3,49.1,0,49.1,81,42,2501,shot
adrien-rabiot,https://www.sofascore.com/ireland-france/GObsTTb#id:10752462,france,save,No information,assisted,21.5,64.9,0,left-foot,low-centre,0,48.5,1.3,No information,No information,3,No information,138,64.9,21.5,51.5,0,51.5,98.7,43,2562,shot

kylian-mbappe,https://www.sofascore.com/tunisia-france/GObsEUb#id:10230555,france,save,No information,set-piece,27.6,20.5,0,right-foot,low-right,0,46.9,19.6,No information,No information,90,3,5557,20.5,27.6,53.1,0,53.1,80.4,1,743,shot
kylian-mbappe,https://www.sofascore.com/tunisia-france/GObsEUb#id:10230555,france,block,No information,free-kick,24.1,35.1,0,right-foot,low-centre,0,50.8,19,No information,No information,90,3,5551,35.1,24.1,49.2,0,49.2,81,1,749,shot
randal-kolo-muani,https://www.sofascore.com/tunisia-france/GObsEUb#id:10230555,france,block,No information,assisted,21.2,46.2,0,right-foot,low-right,0,47.8,19,No information,No information,90,No information,5350,46.2,21.2,52.2,0,52.2,81,1,50,shot
kylian-mbappe,https://www.sofascore.com/tunisia-france/GObsEUb#id:10230555,france,save,No information,assisted,3,25.2,0,right-foot,high-right,0,47,20.9,No information,No information,89,No information,5298,25.2,3,53,0,53,79.1,2,102,shot
adrien-rabiot,https://www.sofascore.com/tunisia-france/GObsEUb#id:10230555,france,miss,No information,assisted,11,35.5,0,left-foot,right,0,24,4.2,No information,No information,85,No information,5068,35.5,11,76,0,76,95.8,6,332,shot
ousmane-dembele,https://www.sofascore.com/tunisia-france/GObsEUb#id:10230555,france,save,No information,corner,22.1,68,0,right-foot,low-left,0,54.1,7,No information,No information,82,No information,4873,68,22.1,45.9,0,45.9,93,9,527,shot
adrien-rabiot,https://www.sofascore.com/tunisia-france/GObsEUb#id:10230555,france,miss,No information,corner,5.4,56.3,0,right-foot,right,0,32.4,4.2,No information,No information,82,No information,4867,56.3,5.4,67.6,0,67.6,95.8,9,533,shot
axel-disasi,https://www.sofascore.com/tunisia-france/GObsEUb#id:10230555,france,block,No information,corner,8.4,52.6,0,head,low-centre,0,48.7,19,No information,No information,80,No information,4762,52.6,8.4,51.3,0,51.3,81,11,638,shot
wahbi-khazri,https://www.sofascore.com/tunisia-france/GObsEUb#id:10230555,tunisia,goal,regular,assisted,14.7,48,0,left-foot,low-right,0,47.1,2.5,No information,No information,58,No information,3440,48,14.7,52.9,0,52.9,97.5,33,1960,shot
aissa-laidouni,https://www.sofascore.com/tunisia-france/GObsEUb#id:10230555,tunisia,miss,No information,assisted,3.8,31.4,0,right-foot,high,0,47.2,63.9,No information,No information,52,No information,3088,31.4,3.8,52.8,0,52.8,36.1,39,2312,shot
wahbi-khazri,https://www.sofascore.com/tunisia-france/GObsEUb#id:10230555,tunisia,miss,No information,fast-break,23.8,23.7,0,right-foot,high,0,45.7,70.8,No information,No information,45,2,2819,23.7,23.8,54.3,0,54.3,29.2,1,2581,shot
youssouf-fofana,https://www.sofascore.com/tunisia-france/GObsEUb#id:10230555,france,block,No information,assisted,18.9,68.6,0,right-foot,low-centre,0,49.8,19,No information,No information,45,2,2806,68.6,18.9,50.2,0,50.2,81,1,2594,shot
wahbi-khazri,https://www.sofascore.com/tunisia-france/GObsEUb#id:10230555,tunisia,save,No information,regular,23.6,64.1,0,left-foot,low-centre,0,49,13.3,No information,No information,35,No information,2074,64.1,23.6,51,0,51,86.7,11,626,shot
anis-ben-slimane,https://www.sofascore.com/tunisia-france/GObsEUb#id:10230555,tunisia,save,No information,assisted,8.4,52,0,head,low-right,0,46,13.9,No information,No information,30,No information,1752,52,8.4,54,0,54,86.1,16,948,shot
kingsley-coman,https://www.sofascore.com/tunisia-france/GObsEUb#id:10230555,france,miss,No information,fast-break,7.7,35.3,0,left-foot,close-left,0,59.2,16.7,No information,No information,25,No information,1489,35.3,7.7,40.8,0,40.8,83.3,21,1211,shot

aurelien-tchouameni,https://www.sofascore.com/kazakhstan-france/GObsxVb#id:9223937,france,miss,No information,assisted,23.5,29.8,0,right-foot,right,0,40.3,15.3,No information,No information,90,3,5537,29.8,23.5,59.7,0,59.7,84.7,1,763,shot
wissam-ben-yedder,https://www.sofascore.com/kazakhstan-france/GObsxVb#id:9223937,france,save,No information,set-piece,9.4,54.5,0,head,high-centre,0,48.4,27.2,No information,No information,90,No information,5365,54.5,9.4,51.6,0,51.6,72.8,1,35,shot
kylian-mbappe,https://www.sofascore.com/kazakhstan-france/GObsxVb#id:9223937,france,goal,regular,fast-break,10.8,58.1,0,right-foot,low-left,0,53,1.3,No information,No information,87,No information,5191,58.1,10.8,47,0,47,98.7,4,209,shot
antoine-griezmann,https://www.sofascore.com/kazakhstan-france/GObsxVb#id:9223937,france,goal,penalty,penalty,11.5,50,0,left-foot,high-right,0,48.1,21.5,No information,No information,84,No information,4990,50,11.5,51.9,0,51.9,78.5,7,410,shot
kylian-mbappe,https://www.sofascore.com/kazakhstan-france/GObsxVb#id:9223937,france,save,No information,regular,15.1,69.2,0,right-foot,high-right,0,47.9,24.1,No information,No information,80,No information,4799,69.2,15.1,52.1,0,52.1,75.9,11,601,shot
jules-kounde,https://www.sofascore.com/kazakhstan-france/GObsxVb#id:9223937,france,save,No information,corner,9.9,42.1,0,right-foot,high-right,0,47.9,34.2,No information,No information,80,No information,4758,42.1,9.9,52.1,0,52.1,65.8,11,642,shot
kylian-mbappe,https://www.sofascore.com/kazakhstan-france/GObsxVb#id:9223937,france,save,No information,assisted,9.2,31.9,0,left-foot,low-left,0,52.3,10.8,No information,No information,79,No information,4694,31.9,9.2,47.7,0,47.7,89.2,12,706,shot
adrien-rabiot,https://www.sofascore.com/kazakhstan-france/GObsxVb#id:9223937,france,goal,regular,corner,7,50.9,0,head,high-centre,0,49.6,31,No information,No information,75,No information,4467,50.9,7,50.4,0,50.4,69,16,933,shot
kingsley-coman,https://www.sofascore.com/kazakhstan-france/GObsxVb#id:9223937,france,miss,No information,assisted,5.3,68.8,0,right-foot,high,0,49.6,63.9,No information,No information,68,No information,4024,68.8,5.3,50.4,0,50.4,36.1,23,1376,shot
karim-benzema,https://www.sofascore.com/kazakhstan-france/GObsxVb#id:9223937,france,goal,regular,assisted,9.5,46.8,0,left-foot,low-centre,0,50.2,2.5,No information,No information,59,No information,3510,46.8,9.5,49.8,0,49.8,97.5,32,1890,shot
adrien-rabiot,https://www.sofascore.com/kazakhstan-france/GObsxVb#id:9223937,france,save,No information,assisted,23.6,46.9,0,left-foot,low-right,0,47.4,2.5,No information,No information,57,No information,3405,46.9,23.6,52.6,0,52.6,97.5,34,1995,shot
karim-benzema,https://www.sofascore.com/kazakhstan-france/GObsxVb#id:9223937,france,goal,regular,assisted,4.4,43.1,0,right-foot,low-left,0,53.8,8.9,No information,No information,55,No information,3295,43.1,4.4,46.2,0,46.2,91.1,36,2105,shot
karim-benzema,https://www.sofascore.com/kazakhstan-france/GObsxVb#id:9223937,france,block,No information,assisted,12.5,63.6,0,right-foot,low-left,0,53,19,No information,No information,49,No information,2900,63.6,12.5,47,0,47,81,42,2500,shot
kingsley-coman,https://www.sofascore.com/kazakhstan-france/GObsxVb#id:9223937,france,save,No information,assisted,21.6,69.3,0,left-foot,low-right,0,46.9,8.9,No information,No information,44,No information,2637,69.3,21.6,53.1,0,53.1,91.1,2,63,shot
oralkhan-omirtayev,https://www.sofascore.com/kazakhstan-france/GObsxVb#id:9223937,kazakhstan,save,No information,set-piece,15.4,46.1,0,head,low-centre,0,51,13.3,No information,No information,43,No information,2559,46.1,15.4,49,0,49,86.7,3,141,shot
theo-hernandez,https://www.sofascore.com/kazakhstan-france/GObsxVb#id:9223937,france,block,No information,regular,20.2,37.3,0,left-foot,low-left,0,51.9,19,No information,No information,40,No information,2398,37.3,20.2,48.1,0,48.1,81,6,302,shot
kylian-mbappe,https://www.sofascore.com/kazakhstan-france/GObsxVb#id:9223937,france,miss,No information,corner,10.1,45.4,0,head,left,0,98.2,22.2,No information,No information,35,No information,2078,45.4,10.1,1.8,0,1.8,77.8,11,622,shot
oralkhan-omirtayev,https://www.sofascore.com/kazakhstan-france/GObsxVb#id:9223937,kazakhstan,save,No information,set-piece,11.2,56,0,head,low-left,0,52.8,15.8,No information,No information,34,No information,2026,56,11.2,47.2,0,47.2,84.2,12,674,shot
kylian-mbappe,https://www.sofascore.com/kazakhstan-france/GObsxVb#id:9223937,france,goal,regular,assisted,8.9,56.9,0,head,low-left,0,54,17.1,No information,No information,32,No information,1889,56.9,8.9,46,0,46,82.9,14,811,shot
nuraly-alip,https://www.sofascore.com/kazakhstan-france/GObsxVb#id:9223937,kazakhstan,miss,No information,regular,27.5,49.1,0,left-foot,high-left,0,67.7,81.9,No information,No information,28,No information,1662,49.1,27.5,32.3,0,32.3,18.1,18,1038,shot
kingsley-coman,https://www.sofascore.com/kazakhstan-france/GObsxVb#id:9223937,france,block,No information,regular,19,69.3,0,left-foot,low-centre,0,49.8,19,No information,No information,25,No information,1482,69.3,19,50.2,0,50.2,81,21,1218,shot
erkin-tapalov,https://www.sofascore.com/kazakhstan-france/GObsxVb#id:9223937,kazakhstan,save,No information,assisted,26.2,48,0,right-foot,high-right,0,46.2,31,No information,No information,19,No information,1119,48,26.2,53.8,0,53.8,69,27,1581,shot
kylian-mbappe,https://www.sofascore.com/kazakhstan-france/GObsxVb#id:9223937,france,goal,regular,fast-break,9,56.7,0,right-foot,low-right,0,45.7,1.3,No information,No information,12,No information,678,56.7,9,54.3,0,54.3,98.7,34,2022,shot
erkin-tapalov,https://www.sofascore.com/kazakhstan-france/GObsxVb#id:9223937,kazakhstan,block,No information,assisted,30.1,62,0,right-foot,low-centre,0,49.7,19,No information,No information,8,No information,420,62,30.1,50.3,0,50.3,81,38,2280,shot
kylian-mbappe,https://www.sofascore.com/kazakhstan-france/GObsxVb#id:9223937,france,goal,regular,assisted,10.6,40.5,0,right-foot,low-left,0,53.5,3.8,No information,No information,6,No information,336,40.5,10.6,46.5,0,46.5,96.2,40,2364,shot

olivier-giroud,https://www.sofascore.com/france-bosnia-and-herzegovina/EObsGOb#id:9223760,france,block,No information,fast-break,22.1,40,0,left-foot,low-right,0,46.6,19,No information,No information,90,1,5404,40,22.1,53.4,0,53.4,81,1,896,shot
miralem-pjanic,https://www.sofascore.com/france-bosnia-and-herzegovina/EObsGOb#id:9223760,bosnia & herzegovina,block,No information,free-kick,21,61.6,0,right-foot,low-centre,0,49.4,19,No information,No information,81,No information,4804,61.6,21,50.6,0,50.6,81,10,596,shot
benjamin-pavard,https://www.sofascore.com/france-bosnia-and-herzegovina/EObsGOb#id:9223760,france,block,No information,regular,24.1,62,0,left-foot,low-centre,0,48.9,19,No information,No information,75,No information,4464,62,24.1,51.1,0,51.1,81,16,936,shot
rade-krunic,https://www.sofascore.com/france-bosnia-and-herzegovina/EObsGOb#id:9223760,bosnia & herzegovina,miss,No information,assisted,16.1,42.9,0,right-foot,left,0,64.7,30.6,No information,No information,72,No information,4289,42.9,16.1,35.3,0,35.3,69.4,19,1111,shot
raphael-varane,https://www.sofascore.com/france-bosnia-and-herzegovina/EObsGOb#id:9223760,france,miss,No information,set-piece,6,52.4,0,head,high-right,0,42.7,65.3,No information,No information,70,No information,4162,52.4,6,57.3,0,57.3,34.7,21,1238,shot
olivier-giroud,https://www.sofascore.com/france-bosnia-and-herzegovina/EObsGOb#id:9223760,france,miss,No information,corner,9.2,48.5,0,head,close-right,0,41.2,26.4,No information,No information,64,No information,3786,48.5,9.2,58.8,0,58.8,73.6,27,1614,shot
antoine-griezmann,https://www.sofascore.com/france-bosnia-and-herzegovina/EObsGOb#id:9223760,france,goal,regular,corner,10,44.1,0,head,high-left,0,53.3,21.5,No information,No information,60,No information,3588,44.1,10,46.7,0,46.7,78.5,31,1812,shot
presnel-kimpembe,https://www.sofascore.com/france-bosnia-and-herzegovina/EObsGOb#id:9223760,france,miss,No information,corner,8.8,53.6,0,left-foot,high-right,0,41.8,94.4,No information,No information,54,No information,3236,53.6,8.8,58.2,0,58.2,5.6,37,2164,shot
raphael-varane,https://www.sofascore.com/france-bosnia-and-herzegovina/EObsGOb#id:9223760,france,miss,No information,set-piece,11.5,53.8,0,head,right,0,35.6,4.2,No information,No information,44,No information,2586,53.8,11.5,64.4,0,64.4,95.8,2,114,shot
kylian-mbappe,https://www.sofascore.com/france-bosnia-and-herzegovina/EObsGOb#id:9223760,france,block,No information,regular,9.8,39.4,0,right-foot,low-left,0,52.9,19,No information,No information,43,No information,2520,39.4,9.8,47.1,0,47.1,81,3,180,shot
adrien-rabiot,https://www.sofascore.com/france-bosnia-and-herzegovina/EObsGOb#id:9223760,france,miss,No information,corner,8.1,53.7,0,head,right,0,39.5,33.3,No information,No information,27,No information,1603,53.7,8.1,60.5,0,60.5,66.7,19,1097,shot
anel-ahmedhodzic,https://www.sofascore.com/france-bosnia-and-herzegovina/EObsGOb#id:9223760,bosnia & herzegovina,save,No information,corner,4.7,46.8,0,head,low-centre,0,48.5,12,No information,No information,26,No information,1504,46.8,4.7,51.5,0,51.5,88,20,1196,shot
darko-todorovic,https://www.sofascore.com/france-bosnia-and-herzegovina/EObsGOb#id:9223760,bosnia & herzegovina,save,No information,assisted,22.7,72.3,0,left-foot,low-right,0,45.8,15.8,No information,No information,24,No information,1381,72.3,22.7,54.2,0,54.2,84.2,22,1319,shot
thomas-lemar,https://www.sofascore.com/france-bosnia-and-herzegovina/EObsGOb#id:9223760,france,miss,No information,set-piece,15.8,67.2,0,right-foot,high,0,46.9,95.8,No information,No information,17,No information,972,67.2,15.8,53.1,0,53.1,4.2,29,1728,shot
antoine-griezmann,https://www.sofascore.com/france-bosnia-and-herzegovina/EObsGOb#id:9223760,france,block,No information,free-kick,19.6,34.9,0,left-foot,high-left,0,53.8,27.8,No information,No information,17,No information,968,34.9,19.6,46.2,0,46.2,72.2,29,1732,shot
kingsley-coman,https://www.sofascore.com/france-bosnia-and-herzegovina/EObsGOb#id:9223760,france,save,No information,assisted,8.8,47.5,0,head,low-centre,0,50.4,17.7,No information,No information,15,No information,842,47.5,8.8,49.6,0,49.6,82.3,31,1858,shot
kingsley-coman,https://www.sofascore.com/france-bosnia-and-herzegovina/EObsGOb#id:9223760,france,miss,No information,assisted,19.9,70.6,0,left-foot,close-right,0,42.7,5.6,No information,No information,11,No information,651,70.6,19.9,57.3,0,57.3,94.4,35,2049,shot

luka-sucic,https://www.sofascore.com/croatia-france/GObspUb#id:10023295,croatia,miss,No information,assisted,7.4,67.4,0,right-foot,left,0,65.5,6.9,No information,No information,90,3,5569,67.4,7.4,34.5,0,34.5,93.1,1,731,shot
antoine-griezmann,https://www.sofascore.com/croatia-france/GObspUb#id:10023295,france,miss,No information,regular,9.3,26.3,0,left-foot,right,0,30.9,1.4,No information,No information,88,No information,5234,26.3,9.3,69.1,0,69.1,98.6,3,166,shot
nikola-vlasic,https://www.sofascore.com/croatia-france/GObspUb#id:10023295,croatia,save,No information,regular,18.8,59.5,0,left-foot,low-right,0,47.4,9.5,No information,No information,87,No information,5188,59.5,18.8,52.6,0,52.6,90.5,4,212,shot
andrej-kramaric,https://www.sofascore.com/croatia-france/GObspUb#id:10023295,croatia,goal,penalty,penalty,11.5,50,0,right-foot,low-left,0,53.1,2.5,No information,No information,83,No information,4938,50,11.5,46.9,0,46.9,97.5,8,462,shot
luka-sucic,https://www.sofascore.com/croatia-france/GObspUb#id:10023295,croatia,save,No information,assisted,8.8,46.3,0,left-foot,low-centre,0,49.8,13.3,No information,No information,80,No information,4765,46.3,8.8,50.2,0,50.2,86.7,11,635,shot
antoine-griezmann,https://www.sofascore.com/croatia-france/GObspUb#id:10023295,france,save,No information,regular,9.2,68.3,0,right-foot,low-centre,0,48.5,16.5,No information,No information,76,No information,4545,68.3,9.2,51.5,0,51.5,83.5,15,855,shot
antoine-griezmann,https://www.sofascore.com/croatia-france/GObspUb#id:10023295,france,save,No information,assisted,15.1,64.8,0,right-foot,low-right,0,47.7,18.4,No information,No information,76,No information,4543,64.8,15.1,52.3,0,52.3,81.6,15,857,shot
diaby-moussa,https://www.sofascore.com/croatia-france/GObspUb#id:10023295,france,block,No information,assisted,18.1,67.2,0,right-foot,low-right,0,47.6,19,No information,No information,74,No information,4417,67.2,18.1,52.4,0,52.4,81,17,983,shot
luka-modric,https://www.sofascore.com/croatia-france/GObspUb#id:10023295,croatia,save,No information,assisted,20.1,52.2,0,left-foot,low-left,0,52.5,15.8,No information,No information,71,No information,4201,52.2,20.1,47.5,0,47.5,84.2,20,1199,shot
adrien-rabiot,https://www.sofascore.com/croatia-france/GObspUb#id:10023295,france,goal,regular,assisted,13.5,34.9,0,left-foot,high-left,0,53.5,22.2,No information,No information,52,No information,3101,34.9,13.5,46.5,0,46.5,77.8,39,2299,shot
ante-budimir,https://www.sofascore.com/croatia-france/GObspUb#id:10023295,croatia,miss,No information,assisted,8.2,53.3,0,head,left,0,65,11.1,No information,No information,49,No information,2904,53.3,8.2,35,0,35,88.9,42,2496,shot
aurelien-tchouameni,https://www.sofascore.com/croatia-france/GObspUb#id:10023295,france,save,No information,assisted,26.1,28.7,0,right-foot,low-left,0,52.6,12.7,No information,No information,40,No information,2353,28.7,26.1,47.4,0,47.4,87.3,6,347,shot
diaby-moussa,https://www.sofascore.com/croatia-france/GObspUb#id:10023295,france,save,No information,regular,4.7,67.5,0,right-foot,low-centre,0,51.3,15.8,No information,No information,39,No information,2310,67.5,4.7,48.7,0,48.7,84.2,7,390,shot
ante-budimir,https://www.sofascore.com/croatia-france/GObspUb#id:10023295,croatia,save,No information,assisted,5.8,36.1,0,left-foot,low-left,0,52.3,12,No information,No information,18,No information,1040,36.1,5.8,47.7,0,47.7,88,28,1660,shot
lovro-majer,https://www.sofascore.com/croatia-france/GObspUb#id:10023295,croatia,miss,No information,corner,15.8,49.9,0,left-foot,left,0,69.2,2.8,No information,No information,7,No information,389,49.9,15.8,30.8,0,30.8,97.2,39,2311,shot

abderrazak-hamdallah,https://www.sofascore.com/morocco-france/GObsDVb#id:10230578,morocco,block,No information,regular,3.9,46.2,0,left-foot,low-left,0,52.9,19,No information,No information,90,4,5615,46.2,3.9,47.1,0,47.1,81,1,685,shot
azzedine-ounahi,https://www.sofascore.com/morocco-france/GObsDVb#id:10230578,morocco,block,No information,assisted,9.4,53.3,0,right-foot,low-centre,0,51.1,19,No information,No information,90,4,5614,53.3,9.4,48.9,0,48.9,81,1,686,shot
azzedine-ounahi,https://www.sofascore.com/morocco-france/GObsDVb#id:10230578,morocco,block,No information,corner,22.8,61.6,0,left-foot,low-left,0,52.9,19,No information,No information,90,4,5586,61.6,22.8,47.1,0,47.1,81,1,714,shot
azzedine-ounahi,https://www.sofascore.com/morocco-france/GObsDVb#id:10230578,morocco,block,No information,regular,14.2,60.8,0,right-foot,low-right,0,48,19,No information,No information,90,3,5566,60.8,14.2,52,0,52,81,1,734,shot
abdessamad-ezzalzouli,https://www.sofascore.com/morocco-france/GObsDVb#id:10230578,morocco,block,No information,regular,11.9,39.8,0,right-foot,low-centre,0,51.3,19,No information,No information,90,3,5561,39.8,11.9,48.7,0,48.7,81,1,739,shot
zakaria-aboukhlal,https://www.sofascore.com/morocco-france/GObsDVb#id:10230578,morocco,miss,No information,assisted,12.4,54,0,head,right,0,2.7,5.6,No information,No information,86,No information,5137,54,12.4,97.3,0,97.3,94.4,5,263,shot
randal-kolo-muani,https://www.sofascore.com/morocco-france/GObsDVb#id:10230578,france,goal,regular,regular,3.5,54.2,0,right-foot,low-centre,0,48.2,2.5,No information,No information,79,No information,4729,54.2,3.5,51.8,0,51.8,97.5,12,671,shot
kylian-mbappe,https://www.sofascore.com/morocco-france/GObsDVb#id:10230578,france,block,No information,assisted,10.7,36.1,0,right-foot,low-right,0,46.8,19,No information,No information,79,No information,4727,36.1,10.7,53.2,0,53.2,81,12,673,shot
youssouf-fofana,https://www.sofascore.com/morocco-france/GObsDVb#id:10230578,france,miss,No information,assisted,7.4,31,0,left-foot,close-left,0,58.3,25,No information,No information,74,No information,4411,31,7.4,41.7,0,41.7,75,17,989,shot
marcus-thuram,https://www.sofascore.com/morocco-france/GObsDVb#id:10230578,france,miss,No information,set-piece,4.7,53.8,0,head,close-right,0,41.8,8.3,No information,No information,71,No information,4256,53.8,4.7,58.2,0,58.2,91.7,20,1144,shot
sofyan-amrabat,https://www.sofascore.com/morocco-france/GObsDVb#id:10230578,morocco,miss,No information,regular,25.1,44.7,0,right-foot,left,0,60.8,5.6,No information,No information,54,No information,3187,44.7,25.1,39.2,0,39.2,94.4,37,2213,shot
yahia-attiyat-allah,https://www.sofascore.com/morocco-france/GObsDVb#id:10230578,morocco,miss,No information,regular,9.5,47.2,0,right-foot,right,0,0.2,2.8,No information,No information,53,No information,3159,47.2,9.5,99.8,0,99.8,97.2,38,2241,shot
jules-kounde,https://www.sofascore.com/morocco-france/GObsDVb#id:10230578,france,block,No information,assisted,24.4,69.7,0,right-foot,low-centre,0,49.6,19,No information,No information,47,No information,2815,69.7,24.4,50.4,0,50.4,81,44,2585,shot
sofiane-boufal,https://www.sofascore.com/morocco-france/GObsDVb#id:10230578,morocco,miss,No information,corner,20.4,39.7,0,right-foot,left,0,62.5,6.9,No information,No information,44,No information,2638,39.7,20.4,37.5,0,37.5,93.1,2,62,shot
jawad-el-yamiq,https://www.sofascore.com/morocco-france/GObsDVb#id:10230578,morocco,save,No information,corner,12,39,0,right-foot,low-left,0,54.4,3.2,No information,No information,44,No information,2632,39,12,45.6,0,45.6,96.8,2,68,shot
raphael-varane,https://www.sofascore.com/morocco-france/GObsDVb#id:10230578,france,miss,No information,corner,6.4,59.6,0,right-foot,close-right,0,42.7,11.1,No information,No information,40,No information,2373,59.6,6.4,57.3,0,57.3,88.9,6,327,shot
olivier-giroud,https://www.sofascore.com/morocco-france/GObsDVb#id:10230578,france,miss,No information,assisted,13,51,0,left-foot,close-left,0,58.3,18.1,No information,No information,36,No information,2114,51,13,41.7,0,41.7,81.9,10,586,shot
kylian-mbappe,https://www.sofascore.com/morocco-france/GObsDVb#id:10230578,france,block,No information,fast-break,8.7,38.8,0,right-foot,low-right,0,46.6,19,No information,No information,36,No information,2110,38.8,8.7,53.4,0,53.4,81,10,590,shot
youssouf-fofana,https://www.sofascore.com/morocco-france/GObsDVb#id:10230578,france,miss,No information,corner,14.3,58.2,0,left-foot,high-left,0,64.9,83.3,No information,No information,35,No information,2047,58.2,14.3,35.1,0,35.1,16.7,11,653,shot
olivier-giroud,https://www.sofascore.com/morocco-france/GObsDVb#id:10230578,france,block,No information,corner,9.1,58.7,0,head,low-centre,0,48.5,19,No information,No information,35,No information,2045,58.7,9.1,51.5,0,51.5,81,11,655,shot
aurelien-tchouameni,https://www.sofascore.com/morocco-france/GObsDVb#id:10230578,france,block,No information,assisted,22.2,39,0,right-foot,low-centre,0,48.8,19,No information,No information,33,No information,1942,39,22.2,51.2,0,51.2,81,13,758,shot
hakimi-achraf,https://www.sofascore.com/morocco-france/GObsDVb#id:10230578,morocco,block,No information,assisted,23.6,73.8,0,right-foot,low-centre,0,49.1,19,No information,No information,26,No information,1526,73.8,23.6,50.9,0,50.9,81,20,1174,shot
olivier-giroud,https://www.sofascore.com/morocco-france/GObsDVb#id:10230578,france,post,No information,assisted,11.7,33.6,0,left-foot,left,0,55.4,21.5,No information,No information,17,No information,992,33.6,11.7,44.6,0,44.6,78.5,29,1708,shot
hakim-ziyech,https://www.sofascore.com/morocco-france/GObsDVb#id:10230578,morocco,miss,No information,assisted,11.7,69.3,0,right-foot,close-right,0,41,2.8,No information,No information,17,No information,961,69.3,11.7,59,0,59,97.2,29,1739,shot
azzedine-ounahi,https://www.sofascore.com/morocco-france/GObsDVb#id:10230578,morocco,save,No information,assisted,22.9,29.6,0,right-foot,low-right,0,46.8,7.6,No information,No information,10,No information,577,29.6,22.9,53.2,0,53.2,92.4,36,2123,shot
theo-hernandez,https://www.sofascore.com/morocco-france/GObsDVb#id:10230578,france,goal,regular,regular,3.8,39.2,0,left-foot,low-left,0,52.6,6.3,No information,No information,5,No information,280,39.2,3.8,47.4,0,47.4,93.7,41,2420,shot
kylian-mbappe,https://www.sofascore.com/morocco-france/GObsDVb#id:10230578,france,block,No information,assisted,11.9,57.9,0,left-foot,low-centre,0,48.8,19,No information,No information,5,No information,277,57.9,11.9,51.2,0,51.2,81,41,2423,shot

ousmane-dembele,https://www.sofascore.com/greece-france/GObskUb#id:10752438,france,block,No information,fast-break,13.4,56.5,0,left-foot,low-centre,0,51.2,19,No information,No information,90,13,6158,56.5,13.4,48.8,0,48.8,81,1,142,shot
olivier-giroud,https://www.sofascore.com/greece-france/GObskUb#id:10752438,france,miss,No information,assisted,7.5,51.1,0,left-foot,high,0,55.3,90.3,No information,No information,90,10,5999,51.1,7.5,44.7,0,44.7,9.7,1,301,shot
camavinga-eduardo,https://www.sofascore.com/greece-france/GObskUb#id:10752438,france,block,No information,assisted,19,70.1,0,left-foot,low-centre,0,50.3,19,No information,No information,90,7,5805,70.1,19,49.7,0,49.7,81,1,495,shot
kylian-mbappe,https://www.sofascore.com/greece-france/GObskUb#id:10752438,france,save,No information,assisted,9.7,36.1,0,right-foot,low-centre,0,50,4.4,No information,No information,90,5,5667,36.1,9.7,50,0,50,95.6,1,633,shot
aurelien-tchouameni,https://www.sofascore.com/greece-france/GObskUb#id:10752438,france,block,No information,assisted,24.4,43.1,0,right-foot,low-centre,0,50.9,19,No information,No information,90,1,5444,43.1,24.4,49.1,0,49.1,81,1,856,shot
camavinga-eduardo,https://www.sofascore.com/greece-france/GObskUb#id:10752438,france,miss,No information,assisted,21.8,34.9,0,left-foot,high,0,49.1,63.9,No information,No information,90,No information,5350,34.9,21.8,50.9,0,50.9,36.1,1,50,shot
taxiarchis-fountas,https://www.sofascore.com/greece-france/GObskUb#id:10752438,greece,block,No information,assisted,10.5,30.1,0,right-foot,low-centre,0,51.1,19,No information,No information,87,No information,5176,30.1,10.5,48.9,0,48.9,81,4,224,shot
kylian-mbappe,https://www.sofascore.com/greece-france/GObskUb#id:10752438,france,miss,No information,assisted,20.1,43.7,0,right-foot,close-left,0,56.6,4.2,No information,No information,82,No information,4883,43.7,20.1,43.4,0,43.4,95.8,9,517,shot
randal-kolo-muani,https://www.sofascore.com/greece-france/GObskUb#id:10752438,france,block,No information,assisted,12.2,65.3,0,right-foot,low-centre,0,50.2,19,No information,No information,78,No information,4665,65.3,12.2,49.8,0,49.8,81,13,735,shot
antoine-griezmann,https://www.sofascore.com/greece-france/GObskUb#id:10752438,france,miss,No information,free-kick,22.7,52.2,0,left-foot,close-high,0,46.1,50,No information,No information,73,No information,4332,52.2,22.7,53.9,0,53.9,50,18,1068,shot
petros-mantalos,https://www.sofascore.com/greece-france/GObskUb#id:10752438,greece,save,No information,assisted,25.6,37.5,0,right-foot,low-centre,0,48.4,17.7,No information,No information,65,No information,3868,37.5,25.6,51.6,0,51.6,82.3,26,1532,shot
anastasios-bakasetas,https://www.sofascore.com/greece-france/GObskUb#id:10752438,greece,block,No information,free-kick,28,47.5,0,left-foot,low-centre,0,50.6,19,No information,No information,64,No information,3824,47.5,28,49.4,0,49.4,81,27,1576,shot
kingsley-coman,https://www.sofascore.com/greece-france/GObskUb#id:10752438,france,save,No information,corner,23.8,69.5,0,right-foot,low-left,0,52.6,5.1,No information,No information,61,No information,3613,69.5,23.8,47.4,0,47.4,94.9,30,1787,shot
kylian-mbappe,https://www.sofascore.com/greece-france/GObskUb#id:10752438,france,goal,penalty,penalty,11.5,50,0,right-foot,high-right,0,46.8,24.1,No information,No information,55,No information,3291,50,11.5,53.2,0,53.2,75.9,36,2109,shot
jules-kounde,https://www.sofascore.com/greece-france/GObskUb#id:10752438,france,save,No information,assisted,4.5,59.6,0,right-foot,low-centre,0,50.6,3.8,No information,No information,44,No information,2615,59.6,4.5,49.4,0,49.4,96.2,2,85,shot
kylian-mbappe,https://www.sofascore.com/greece-france/GObskUb#id:10752438,france,block,No information,assisted,15.5,24.1,0,right-foot,low-centre,0,51.2,19,No information,No information,39,No information,2323,24.1,15.5,48.8,0,48.8,81,7,377,shot
petros-mantalos,https://www.sofascore.com/greece-france/GObskUb#id:10752438,greece,block,No information,assisted,19.2,48,0,left-foot,low-centre,0,50.1,19,No information,No information,38,No information,2247,48,19.2,49.9,0,49.9,81,8,453,shot
dayot-upamecano,https://www.sofascore.com/greece-france/GObskUb#id:10752438,france,save,No information,corner,8,53.6,0,head,low-right,0,47.3,15.2,No information,No information,34,No information,2032,53.6,8,52.7,0,52.7,84.8,12,668,shot
giorgos-giakoumakis,https://www.sofascore.com/greece-france/GObskUb#id:10752438,greece,miss,No information,assisted,19.7,25.3,0,left-foot,right,0,24.2,2.8,No information,No information,33,No information,1959,25.3,19.7,75.8,0,75.8,97.2,13,741,shot
anastasios-bakasetas,https://www.sofascore.com/greece-france/GObskUb#id:10752438,greece,save,No information,assisted,25.5,56.9,0,left-foot,low-left,0,53.4,0.6,No information,No information,26,No information,1524,56.9,25.5,46.6,0,46.6,99.4,20,1176,shot
randal-kolo-muani,https://www.sofascore.com/greece-france/GObskUb#id:10752438,france,miss,No information,assisted,10.1,48.2,0,head,right,0,40.7,5.6,No information,No information,25,No information,1456,48.2,10.1,59.3,0,59.3,94.4,21,1244,shot
kingsley-coman,https://www.sofascore.com/greece-france/GObskUb#id:10752438,france,miss,No information,assisted,4.4,71.5,0,right-foot,high-right,0,42.9,65.3,No information,No information,12,No information,705,71.5,4.4,57.1,0,57.1,34.7,34,1995,shot
kylian-mbappe,https://www.sofascore.com/greece-france/GObskUb#id:10752438,france,miss,No information,assisted,8.1,50.5,0,right-foot,high,0,47.7,87.5,No information,No information,8,No information,436,50.5,8.1,52.3,0,52.3,12.5,38,2264,shot
theo-hernandez,https://www.sofascore.com/greece-france/GObskUb#id:10752438,france,block,No information,regular,8,45.2,0,left-foot,low-centre,0,50.9,19,No information,No information,7,No information,365,45.2,8,49.1,0,49.1,81,39,2335,shot
theo-hernandez,https://www.sofascore.com/greece-france/GObskUb#id:10752438,france,block,No information,assisted,9.5,38,0,left-foot,low-right,0,46.2,5.6,No information,No information,7,No information,364,38,9.5,53.8,0,53.8,94.4,39,2336,shot

sergio-busquets,https://www.sofascore.com/spain-france/GObsYTb#id:9869233,spain,block,No information,corner,8,55.7,0,head,low-centre,0,49.4,19,No information,No information,90,5,5687,55.7,8,50.6,0,50.6,81,1,613,shot
yeremy-pino,https://www.sofascore.com/spain-france/GObsYTb#id:9869233,spain,save,No information,corner,9.1,59.4,0,left-foot,low-centre,0,49.6,13.3,No information,No information,90,4,5635,59.4,9.1,50.4,0,50.4,86.7,1,665,shot
mikel-merino,https://www.sofascore.com/spain-france/GObsYTb#id:9869233,spain,miss,No information,assisted,10.5,47,0,head,left,0,79.3,16.7,No information,No information,90,4,5608,47,10.5,20.7,0,20.7,83.3,1,692,shot
pablo-fornals,https://www.sofascore.com/spain-france/GObsYTb#id:9869233,spain,block,No information,assisted,16,51.1,0,right-foot,low-centre,0,49,19,No information,No information,90,No information,5363,51.1,16,51,0,51,81,1,37,shot
kylian-mbappe,https://www.sofascore.com/spain-france/GObsYTb#id:9869233,france,save,No information,fast-break,9.4,66.1,0,right-foot,low-centre,0,48.7,4.4,No information,No information,89,No information,5317,66.1,9.4,51.3,0,51.3,95.6,2,83,shot
mikel-oyarzabal,https://www.sofascore.com/spain-france/GObsYTb#id:9869233,spain,save,No information,assisted,14.4,51.8,0,left-foot,low-centre,0,51,3.2,No information,No information,88,No information,5273,51.8,14.4,49,0,49,96.8,3,127,shot
antoine-griezmann,https://www.sofascore.com/spain-france/GObsYTb#id:9869233,france,miss,No information,set-piece,22.2,63.3,0,left-foot,high-left,0,58,95.8,No information,No information,87,No information,5163,63.3,22.2,42,0,42,4.2,4,237,shot
kylian-mbappe,https://www.sofascore.com/spain-france/GObsYTb#id:9869233,france,block,No information,assisted,13.1,40.8,0,right-foot,low-centre,0,51.2,19,No information,No information,83,No information,4975,40.8,13.1,48.8,0,48.8,81,8,425,shot
kylian-mbappe,https://www.sofascore.com/spain-france/GObsYTb#id:9869233,france,goal,regular,assisted,9.1,33,0,left-foot,low-centre,0,51,0.6,No information,No information,80,No information,4780,33,9.1,49,0,49,99.4,11,620,shot
yeremy-pino,https://www.sofascore.com/spain-france/GObsYTb#id:9869233,spain,block,No information,assisted,14.4,34.7,0,right-foot,low-centre,0,51.1,19,No information,No information,78,No information,4656,34.7,14.4,48.9,0,48.9,81,13,744,shot
paul-pogba,https://www.sofascore.com/spain-france/GObsYTb#id:9869233,france,miss,No information,regular,28.3,27.9,0,right-foot,high,0,48.9,83.3,No information,No information,76,No information,4528,27.9,28.3,51.1,0,51.1,16.7,15,872,shot
sergio-busquets,https://www.sofascore.com/spain-france/GObsYTb#id:9869233,spain,miss,No information,corner,6.3,64.1,0,head,high,0,49.1,70.8,No information,No information,74,No information,4392,64.1,6.3,50.9,0,50.9,29.2,17,1008,shot
rodri,https://www.sofascore.com/spain-france/GObsYTb#id:9869233,spain,block,No information,assisted,27.9,58.3,0,right-foot,low-centre,0,50.2,19,No information,No information,73,No information,4332,58.3,27.9,49.8,0,49.8,81,18,1068,shot
kylian-mbappe,https://www.sofascore.com/spain-france/GObsYTb#id:9869233,france,save,No information,assisted,13.4,36.9,0,right-foot,low-centre,0,51.3,1.3,No information,No information,72,No information,4261,36.9,13.4,48.7,0,48.7,98.7,19,1139,shot
kylian-mbappe,https://www.sofascore.com/spain-france/GObsYTb#id:9869233,france,block,No information,assisted,15.7,71.1,0,left-foot,low-centre,0,50.1,19,No information,No information,70,No information,4197,71.1,15.7,49.9,0,49.9,81,21,1203,shot
paul-pogba,https://www.sofascore.com/spain-france/GObsYTb#id:9869233,france,save,No information,corner,9.7,50.9,0,head,high-centre,0,48.9,21.5,No information,No information,70,No information,4150,50.9,9.7,51.1,0,51.1,78.5,21,1250,shot
kylian-mbappe,https://www.sofascore.com/spain-france/GObsYTb#id:9869233,france,miss,No information,assisted,23.6,28.3,0,right-foot,high,0,50.8,70.8,No information,No information,68,No information,4030,28.3,23.6,49.2,0,49.2,29.2,23,1370,shot
karim-benzema,https://www.sofascore.com/spain-france/GObsYTb#id:9869233,france,goal,regular,assisted,13.5,25,0,right-foot,high-right,0,45.6,26.6,No information,No information,66,No information,3933,25,13.5,54.4,0,54.4,73.4,25,1467,shot
mikel-oyarzabal,https://www.sofascore.com/spain-france/GObsYTb#id:9869233,spain,goal,regular,assisted,8.7,36.1,0,left-foot,low-right,0,45.8,1.3,No information,No information,64,No information,3826,36.1,8.7,54.2,0,54.2,98.7,27,1574,shot
theo-hernandez,https://www.sofascore.com/spain-france/GObsYTb#id:9869233,france,post,No information,assisted,7,40.6,0,left-foot,high,0,53.6,39.2,No information,No information,64,No information,3788,40.6,7,46.4,0,46.4,60.8,27,1612,shot
rodri,https://www.sofascore.com/spain-france/GObsYTb#id:9869233,spain,miss,No information,corner,9.3,46.2,0,head,right,0,29.9,12.5,No information,No information,58,No information,3469,46.2,9.3,70.1,0,70.1,87.5,33,1931,shot
marcos-alonso,https://www.sofascore.com/spain-france/GObsYTb#id:9869233,spain,miss,No information,free-kick,28.6,70.3,0,left-foot,right,0,40.7,9.7,No information,No information,37,No information,2165,70.3,28.6,59.3,0,59.3,90.3,9,535,shot
karim-benzema,https://www.sofascore.com/spain-france/GObsYTb#id:9869233,france,block,No information,assisted,10.7,25.6,0,right-foot,low-left,0,52.3,19,No information,No information,26,No information,1503,25.6,10.7,47.7,0,47.7,81,20,1197,shot
pablo-sarabia,https://www.sofascore.com/spain-france/GObsYTb#id:9869233,spain,save,No information,assisted,7.8,66.4,0,right-foot,low-centre,0,51.3,1.9,No information,No information,11,No information,658,66.4,7.8,48.7,0,48.7,98.1,35,2042,shot

askhat-tagybergen,https://www.sofascore.com/kazakhstan-france/GObsxVb#id:9223715,kazakhstan,miss,No information,assisted,25.2,68.6,0,right-foot,high-right,0,40.3,66.7,No information,No information,90,3,5551,68.6,25.2,59.7,0,59.7,33.3,1,749,shot
kylian-mbappe,https://www.sofascore.com/kazakhstan-france/GObsxVb#id:9223715,france,save,No information,assisted,12.1,66,0,right-foot,low-left,0,51.9,7,No information,No information,90,3,5535,66,12.1,48.1,0,48.1,93,1,765,shot
askhat-tagybergen,https://www.sofascore.com/kazakhstan-france/GObsxVb#id:9223715,kazakhstan,block,No information,assisted,23.1,26.6,0,right-foot,low-centre,0,48.8,19,No information,No information,80,No information,4770,26.6,23.1,51.2,0,51.2,81,11,630,shot
adrien-rabiot,https://www.sofascore.com/kazakhstan-france/GObsxVb#id:9223715,france,save,No information,assisted,1.9,32.9,0,left-foot,low-centre,0,51.3,2.5,No information,No information,79,No information,4693,32.9,1.9,48.7,0,48.7,97.5,12,707,shot
kylian-mbappe,https://www.sofascore.com/kazakhstan-france/GObsxVb#id:9223715,france,save,No information,penalty,11.5,50,0,right-foot,low-right,0,46.4,1.3,No information,No information,75,No information,4465,50,11.5,53.6,0,53.6,98.7,16,935,shot
kylian-mbappe,https://www.sofascore.com/kazakhstan-france/GObsxVb#id:9223715,france,save,No information,assisted,5.8,35.9,0,left-foot,high-centre,0,50,22.8,No information,No information,71,No information,4224,35.9,5.8,50,0,50,77.2,20,1176,shot
ousmane-dembele,https://www.sofascore.com/kazakhstan-france/GObsxVb#id:9223715,france,save,No information,assisted,3.6,52.4,0,head,high-centre,0,49.4,22.8,No information,No information,69,No information,4117,52.4,3.6,50.6,0,50.6,77.2,22,1283,shot
kurt-zouma,https://www.sofascore.com/kazakhstan-france/GObsxVb#id:9223715,france,miss,No information,corner,3.7,47.2,0,right-foot,left,0,61.7,2.8,No information,No information,62,No information,3668,47.2,3.7,38.3,0,38.3,97.2,29,1732,shot
clement-lenglet,https://www.sofascore.com/kazakhstan-france/GObsxVb#id:9223715,france,save,No information,corner,6.8,49.7,0,head,low-centre,0,51,12.7,No information,No information,62,No information,3666,49.7,6.8,49,0,49,87.3,29,1734,shot
paul-pogba,https://www.sofascore.com/kazakhstan-france/GObsxVb#id:9223715,france,miss,No information,set-piece,23.9,35.5,0,left-foot,right,0,35.1,25,No information,No information,58,No information,3425,35.5,23.9,64.9,0,64.9,75,33,1975,shot
anthony-martial,https://www.sofascore.com/kazakhstan-france/GObsxVb#id:9223715,france,save,No information,free-kick,23.9,35.8,0,right-foot,low-right,0,46.1,19,No information,No information,57,No information,3419,35.8,23.9,53.9,0,53.9,81,34,1981,shot
paul-pogba,https://www.sofascore.com/kazakhstan-france/GObsxVb#id:9223715,france,miss,No information,assisted,35,72.5,0,right-foot,left,0,72.9,27.8,No information,No information,49,No information,2912,72.5,35,27.1,0,27.1,72.2,42,2488,shot
sergey-maliy,https://www.sofascore.com/kazakhstan-france/GObsxVb#id:9223715,france,goal,own,corner,9.3,52.6,0,head,low-left,0,53.2,5.1,No information,No information,44,No information,2601,52.6,9.3,46.8,0,46.8,94.9,2,99,shot
anthony-martial,https://www.sofascore.com/kazakhstan-france/GObsxVb#id:9223715,france,block,No information,assisted,2.9,49,0,head,low-centre,0,51.3,19,No information,No information,43,No information,2560,49,2.9,48.7,0,48.7,81,3,140,shot
thomas-lemar,https://www.sofascore.com/kazakhstan-france/GObsxVb#id:9223715,france,block,No information,assisted,10.6,36.5,0,right-foot,low-left,0,52.9,19,No information,No information,35,No information,2057,36.5,10.6,47.1,0,47.1,81,11,643,shot
ruslan-valiullin,https://www.sofascore.com/kazakhstan-france/GObsxVb#id:9223715,kazakhstan,miss,No information,set-piece,27.4,42.1,0,left-foot,high-left,0,58.7,88.9,No information,No information,30,No information,1740,42.1,27.4,41.3,0,41.3,11.1,16,960,shot
ousmane-dembele,https://www.sofascore.com/kazakhstan-france/GObsxVb#id:9223715,france,goal,regular,assisted,13.2,65,0,right-foot,low-left,0,53.5,4.4,No information,No information,19,No information,1136,65,13.2,46.5,0,46.5,95.6,27,1564,shot
anthony-martial,https://www.sofascore.com/kazakhstan-france/GObsxVb#id:9223715,france,block,No information,assisted,22,52.4,0,right-foot,low-right,0,46.7,9.7,No information,No information,13,No information,778,52.4,22,53.3,0,53.3,90.3,33,1922,shot
antoine-griezmann,https://www.sofascore.com/kazakhstan-france/GObsxVb#id:9223715,france,block,No information,assisted,23.3,52.5,0,right-foot,low-centre,0,50.8,19,No information,No information,8,No information,459,52.5,23.3,49.2,0,49.2,81,38,2241,shot
vassiljev-vladislav,https://www.sofascore.com/kazakhstan-france/GObsxVb#id:9223715,kazakhstan,save,No information,assisted,4.9,24.2,0,left-foot,low-left,0,52.9,4.4,No information,No information,5,No information,269,24.2,4.9,47.1,0,47.1,95.6,41,2431,shot

kylian-mbappe,https://www.sofascore.com/austria-france/GObstUb#id:10023387,france,miss,No information,fast-break,13.8,33.4,0,right-foot,high-right,0,37,43.1,No information,No information,90,1,5431,33.4,13.8,63,0,63,56.9,1,869,shot
kylian-mbappe,https://www.sofascore.com/austria-france/GObstUb#id:10023387,france,miss,No information,regular,21.6,59.8,0,left-foot,high-left,0,66.2,76.4,No information,No information,88,No information,5277,59.8,21.6,33.8,0,33.8,23.6,3,123,shot
christoph-baumgartner,https://www.sofascore.com/austria-france/GObstUb#id:10023387,austria,block,No information,assisted,7,65.8,0,right-foot,low-centre,0,51.6,19,No information,No information,88,No information,5234,65.8,7,48.4,0,48.4,81,3,166,shot
xaver-schlager,https://www.sofascore.com/austria-france/GObstUb#id:10023387,austria,block,No information,assisted,23.6,60,0,left-foot,low-centre,0,49.2,19,No information,No information,87,No information,5189,60,23.6,50.8,0,50.8,81,4,211,shot
olivier-giroud,https://www.sofascore.com/austria-france/GObstUb#id:10023387,france,goal,regular,assisted,8.3,50.5,0,head,high-left,0,54.2,22.8,No information,No information,65,No information,3871,50.5,8.3,45.8,0,45.8,77.2,26,1529,shot
kylian-mbappe,https://www.sofascore.com/austria-france/GObstUb#id:10023387,france,miss,No information,assisted,20.1,36.5,0,left-foot,right,0,40.3,5.6,No information,No information,61,No information,3657,36.5,20.1,59.7,0,59.7,94.4,30,1743,shot
kylian-mbappe,https://www.sofascore.com/austria-france/GObstUb#id:10023387,france,goal,regular,assisted,14.5,55.1,0,right-foot,high-centre,0,49.7,22.2,No information,No information,56,No information,3301,55.1,14.5,50.3,0,50.3,77.8,35,2099,shot
jonathan-clauss,https://www.sofascore.com/austria-france/GObstUb#id:10023387,france,miss,No information,assisted,12.8,61,0,left-foot,close-high,0,52.8,51.4,No information,No information,51,No information,3059,61,12.8,47.2,0,47.2,48.6,40,2341,shot
marcel-sabitzer,https://www.sofascore.com/austria-france/GObstUb#id:10023387,austria,block,No information,assisted,21.6,23.3,0,right-foot,low-left,0,52.6,19,No information,No information,50,No information,2986,23.3,21.6,47.4,0,47.4,81,41,2414,shot
olivier-giroud,https://www.sofascore.com/austria-france/GObstUb#id:10023387,france,block,No information,assisted,8.3,38,0,right-foot,low-left,0,52.2,19,No information,No information,48,No information,2856,38,8.3,47.8,0,47.8,81,43,2544,shot
youssouf-fofana,https://www.sofascore.com/austria-france/GObstUb#id:10023387,france,miss,No information,assisted,10.4,48.9,0,left-foot,left,0,99,19.4,No information,No information,45,2,2797,48.9,10.4,1,0,1,80.6,1,2603,shot
kylian-mbappe,https://www.sofascore.com/austria-france/GObstUb#id:10023387,france,save,No information,assisted,26.2,28.1,0,right-foot,low-centre,0,50,9.5,No information,No information,43,No information,2542,28.1,26.2,50,0,50,90.5,3,158,shot
antoine-griezmann,https://www.sofascore.com/austria-france/GObstUb#id:10023387,france,miss,No information,assisted,27.8,60.2,0,left-foot,close-right,0,43.2,11.1,No information,No information,42,No information,2508,60.2,27.8,56.8,0,56.8,88.9,4,192,shot
olivier-giroud,https://www.sofascore.com/austria-france/GObstUb#id:10023387,france,miss,No information,assisted,6.7,60.6,0,left-foot,high-right,0,41.3,70.8,No information,No information,39,No information,2298,60.6,6.7,58.7,0,58.7,29.2,7,402,shot
antoine-griezmann,https://www.sofascore.com/austria-france/GObstUb#id:10023387,france,save,No information,corner,3,46,0,right-foot,low-left,0,52.4,7.6,No information,No information,35,No information,2087,46,3,47.6,0,47.6,92.4,11,613,shot
aurelien-tchouameni,https://www.sofascore.com/austria-france/GObstUb#id:10023387,france,save,No information,corner,10,54.3,0,right-foot,high-centre,0,49.7,31.6,No information,No information,35,No information,2085,54.3,10,50.3,0,50.3,68.4,11,615,shot
aurelien-tchouameni,https://www.sofascore.com/austria-france/GObstUb#id:10023387,france,block,No information,assisted,14,27.4,0,right-foot,low-centre,0,49.4,19,No information,No information,35,No information,2062,27.4,14,50.6,0,50.6,81,11,638,shot
kylian-mbappe,https://www.sofascore.com/austria-france/GObstUb#id:10023387,france,miss,No information,assisted,14.1,30.1,0,right-foot,right,0,40.3,9.7,No information,No information,27,No information,1597,30.1,14.1,59.7,0,59.7,90.3,19,1103,shot
kylian-mbappe,https://www.sofascore.com/austria-france/GObstUb#id:10023387,france,save,No information,assisted,8.1,48.2,0,right-foot,low-centre,0,50.6,3.2,No information,No information,26,No information,1535,48.2,8.1,49.4,0,49.4,96.8,20,1165,shot
marcel-sabitzer,https://www.sofascore.com/austria-france/GObstUb#id:10023387,austria,block,No information,assisted,23.8,58.1,0,right-foot,low-centre,0,51,19,No information,No information,24,No information,1402,58.1,23.8,49,0,49,81,22,1298,shot
antoine-griezmann,https://www.sofascore.com/austria-france/GObstUb#id:10023387,france,block,No information,assisted,14.2,57.1,0,right-foot,low-centre,0,49.7,19,No information,No information,15,No information,892,57.1,14.2,50.3,0,50.3,81,31,1808,shot
jonathan-clauss,https://www.sofascore.com/austria-france/GObstUb#id:10023387,france,block,No information,corner,14.1,52.8,0,left-foot,low-centre,0,51.6,19,No information,No information,12,No information,719,52.8,14.1,48.4,0,48.4,81,34,1981,shot
olivier-giroud,https://www.sofascore.com/austria-france/GObstUb#id:10023387,france,block,No information,corner,7.9,49.5,0,right-foot,low-centre,0,49.7,19,No information,No information,12,No information,718,49.5,7.9,50.3,0,50.3,81,34,1982,shot
aurelien-tchouameni,https://www.sofascore.com/austria-france/GObstUb#id:10023387,france,block,No information,assisted,22.9,50.9,0,left-foot,low-centre,0,51.8,19,No information,No information,12,No information,683,50.9,22.9,48.2,0,48.2,81,34,2017,shot
jonathan-clauss,https://www.sofascore.com/austria-france/GObstUb#id:10023387,france,miss,No information,set-piece,25.6,45,0,left-foot,high-left,0,61,88.9,No information,No information,9,No information,514,45,25.6,39,0,39,11.1,37,2186,shot
youssouf-fofana,https://www.sofascore.com/austria-france/GObstUb#id:10023387,france,block,No information,regular,19.7,34.2,0,right-foot,low-centre,0,51.2,19,No information,No information,2,No information,84,34.2,19.7,48.8,0,48.8,81,44,2616,shot

raphael-varane,https://www.sofascore.com/hungary-france/GObsjUb#id:8602455,france,miss,No information,assisted,6.4,52.5,0,head,right,0,33.4,27.8,No information,No information,90,5,5675,52.5,6.4,66.6,0,66.6,72.2,1,625,shot
corentin-tolisso,https://www.sofascore.com/hungary-france/GObsjUb#id:8602455,france,save,No information,assisted,27.9,51.8,0,right-foot,low-left,0,53.3,7,No information,No information,82,No information,4907,51.8,27.9,46.7,0,46.7,93,9,493,shot
kylian-mbappe,https://www.sofascore.com/hungary-france/GObsjUb#id:8602455,france,save,No information,assisted,8.4,38.3,0,left-foot,high-centre,0,49.7,21.5,No information,No information,82,No information,4873,38.3,8.4,50.3,0,50.3,78.5,9,527,shot
roland-sallai,https://www.sofascore.com/hungary-france/GObsjUb#id:8602455,hungary,save,No information,assisted,19.8,55.4,0,left-foot,low-right,0,45.4,4.4,No information,No information,74,No information,4399,55.4,19.8,54.6,0,54.6,95.6,17,1001,shot
ngolo-kante,https://www.sofascore.com/hungary-france/GObsjUb#id:8602455,france,miss,No information,assisted,26.1,51.5,0,right-foot,left,0,64,5.6,No information,No information,72,No information,4288,51.5,26.1,36,0,36,94.4,19,1112,shot
kylian-mbappe,https://www.sofascore.com/hungary-france/GObsjUb#id:8602455,france,miss,No information,set-piece,6.8,59.4,0,right-foot,close-right,0,42.9,26.4,No information,No information,69,No information,4100,59.4,6.8,57.1,0,57.1,73.6,22,1300,shot
antoine-griezmann,https://www.sofascore.com/hungary-france/GObsjUb#id:8602455,france,goal,regular,regular,9,47.2,0,left-foot,low-right,0,46.6,16.5,No information,No information,66,No information,3927,47.2,9,53.4,0,53.4,83.5,25,1473,shot
ousmane-dembele,https://www.sofascore.com/hungary-france/GObsjUb#id:8602455,france,post,No information,assisted,14.4,69.1,0,right-foot,right,0,44.7,20.9,No information,No information,59,No information,3505,69.1,14.4,55.3,0,55.3,79.1,32,1895,shot
roland-sallai,https://www.sofascore.com/hungary-france/GObsjUb#id:8602455,hungary,miss,No information,assisted,20.6,27.1,0,right-foot,right,0,2.5,18.1,No information,No information,58,No information,3458,27.1,20.6,97.5,0,97.5,81.9,33,1942,shot
paul-pogba,https://www.sofascore.com/hungary-france/GObsjUb#id:8602455,france,miss,No information,regular,28.1,42.5,0,right-foot,right,0,38.2,16.7,No information,No information,51,No information,3050,42.5,28.1,61.8,0,61.8,83.3,40,2350,shot
attila-fiola,https://www.sofascore.com/hungary-france/GObsjUb#id:8602455,hungary,goal,regular,assisted,9.5,38.9,0,right-foot,low-left,0,54,1.9,No information,No information,45,2,2770,38.9,9.5,46,0,46,98.1,1,2630,shot
roland-sallai,https://www.sofascore.com/hungary-france/GObsjUb#id:8602455,hungary,block,No information,fast-break,22.9,27.4,0,right-foot,low-centre,0,48.9,19,No information,No information,43,No information,2572,27.4,22.9,51.1,0,51.1,81,3,128,shot
paul-pogba,https://www.sofascore.com/hungary-france/GObsjUb#id:8602455,france,miss,No information,assisted,5.6,73.9,0,right-foot,close-right,0,43,12.5,No information,No information,37,No information,2165,73.9,5.6,57,0,57,87.5,9,535,shot
kylian-mbappe,https://www.sofascore.com/hungary-france/GObsjUb#id:8602455,france,miss,No information,assisted,9,64.2,0,right-foot,left,0,62.5,2.8,No information,No information,33,No information,1964,64.2,9,37.5,0,37.5,97.2,13,736,shot
karim-benzema,https://www.sofascore.com/hungary-france/GObsjUb#id:8602455,france,miss,No information,assisted,13.6,53.9,0,right-foot,close-right,0,43.7,5.6,No information,No information,31,No information,1811,53.9,13.6,56.3,0,56.3,94.4,15,889,shot
kylian-mbappe,https://www.sofascore.com/hungary-france/GObsjUb#id:8602455,france,block,No information,free-kick,29.4,59.4,0,right-foot,low-centre,0,49.9,19,No information,No information,26,No information,1554,59.4,29.4,50.1,0,50.1,81,20,1146,shot
kylian-mbappe,https://www.sofascore.com/hungary-france/GObsjUb#id:8602455,france,miss,No information,assisted,9.7,49.1,0,head,high,0,53.6,70.8,No information,No information,21,No information,1210,49.1,9.7,46.4,0,46.4,29.2,25,1490,shot
kylian-mbappe,https://www.sofascore.com/hungary-france/GObsjUb#id:8602455,france,miss,No information,assisted,7.4,45.6,0,head,close-right,0,42.7,11.1,No information,No information,17,No information,995,45.6,7.4,57.3,0,57.3,88.9,29,1705,shot
laszlo-kleinheisler,https://www.sofascore.com/hungary-france/GObsjUb#id:8602455,hungary,save,No information,assisted,29.3,48.2,0,right-foot,low-left,0,54.3,1.3,No information,No information,16,No information,945,48.2,29.3,45.7,0,45.7,98.7,30,1755,shot
karim-benzema,https://www.sofascore.com/hungary-france/GObsjUb#id:8602455,france,save,No information,assisted,20.5,65.8,0,right-foot,low-centre,0,51.6,1.9,No information,No information,14,No information,785,65.8,20.5,48.4,0,48.4,98.1,32,1915,shot

theo-hernandez,https://www.sofascore.com/australia-france/GObsQUb#id:10230563,france,save,No information,assisted,5.4,42.3,0,head,low-left,0,51.9,19,No information,No information,90,1,5425,42.3,5.4,48.1,0,48.1,81,1,875,shot
ibrahima-konate,https://www.sofascore.com/australia-france/GObsQUb#id:10230563,france,save,No information,corner,6.7,52.6,0,head,low-right,0,47.8,18.4,No information,No information,90,No information,5342,52.6,6.7,52.2,0,52.2,81.6,1,58,shot
olivier-giroud,https://www.sofascore.com/australia-france/GObsQUb#id:10230563,france,goal,regular,assisted,5.4,51.1,0,head,low-right,0,47.5,4.4,No information,No information,71,No information,4250,51.1,5.4,52.5,0,52.5,95.6,20,1150,shot
kylian-mbappe,https://www.sofascore.com/australia-france/GObsQUb#id:10230563,france,goal,regular,assisted,4.8,50.7,0,head,low-left,0,54,11.4,No information,No information,68,No information,4024,50.7,4.8,46,0,46,88.6,23,1376,shot
kylian-mbappe,https://www.sofascore.com/australia-france/GObsQUb#id:10230563,france,miss,No information,assisted,4.2,30.4,0,left-foot,right,0,1,1.4,No information,No information,67,No information,4013,30.4,4.2,99,0,99,98.6,24,1387,shot
antoine-griezmann,https://www.sofascore.com/australia-france/GObsQUb#id:10230563,france,block,No information,assisted,14.4,46.4,0,left-foot,low-right,0,46.5,19,No information,No information,67,No information,3990,46.4,14.4,53.5,0,53.5,81,24,1410,shot
kylian-mbappe,https://www.sofascore.com/australia-france/GObsQUb#id:10230563,france,block,No information,assisted,11.7,30.7,0,right-foot,low-centre,0,48.5,19,No information,No information,64,No information,3831,30.7,11.7,51.5,0,51.5,81,27,1569,shot
ibrahima-konate,https://www.sofascore.com/australia-france/GObsQUb#id:10230563,france,miss,No information,corner,6.8,48.5,0,head,right,0,32.9,18.1,No information,No information,63,No information,3751,48.5,6.8,67.1,0,67.1,81.9,28,1649,shot
kylian-mbappe,https://www.sofascore.com/australia-france/GObsQUb#id:10230563,france,block,No information,regular,11.2,40.4,0,left-foot,low-right,0,48.1,19,No information,No information,62,No information,3719,40.4,11.2,51.9,0,51.9,81,29,1681,shot
kylian-mbappe,https://www.sofascore.com/australia-france/GObsQUb#id:10230563,france,block,No information,assisted,10.4,40.8,0,right-foot,low-right,0,47.4,19,No information,No information,61,No information,3611,40.8,10.4,52.6,0,52.6,81,30,1789,shot
olivier-giroud,https://www.sofascore.com/australia-france/GObsQUb#id:10230563,france,miss,No information,assisted,7.9,53.3,0,left-foot,left,0,60.2,22.2,No information,No information,50,No information,2968,53.3,7.9,39.8,0,39.8,77.8,41,2432,shot
aurelien-tchouameni,https://www.sofascore.com/australia-france/GObsQUb#id:10230563,france,block,No information,regular,22.4,51.3,0,right-foot,low-centre,0,48.8,19,No information,No information,50,No information,2951,51.3,22.4,51.2,0,51.2,81,41,2449,shot
jackson-irvine,https://www.sofascore.com/australia-france/GObsQUb#id:10230563,australia,post,No information,assisted,8.5,55,0,head,left,0,55.2,11.4,No information,No information,45,2,2761,55,8.5,44.8,0,44.8,88.6,1,2639,shot
kylian-mbappe,https://www.sofascore.com/australia-france/GObsQUb#id:10230563,france,miss,No information,assisted,7,50.5,0,right-foot,high,0,47.1,61.1,No information,No information,45,No information,2677,50.5,7,52.9,0,52.9,38.9,1,23,shot
antoine-griezmann,https://www.sofascore.com/australia-france/GObsQUb#id:10230563,france,miss,No information,assisted,20.1,59.8,0,left-foot,close-right,0,43,6.9,No information,No information,42,No information,2514,59.8,20.1,57,0,57,93.1,4,186,shot
ousmane-dembele,https://www.sofascore.com/australia-france/GObsQUb#id:10230563,france,miss,No information,assisted,13.2,47.6,0,right-foot,high-right,0,27.2,55.6,No information,No information,40,No information,2368,47.6,13.2,72.8,0,72.8,44.4,6,332,shot
olivier-giroud,https://www.sofascore.com/australia-france/GObsQUb#id:10230563,france,miss,No information,regular,14.2,47.4,0,right-foot,high,0,46.2,87.5,No information,No information,37,No information,2164,47.4,14.2,53.8,0,53.8,12.5,9,536,shot
kylian-mbappe,https://www.sofascore.com/australia-france/GObsQUb#id:10230563,france,miss,No information,assisted,15.1,60,0,right-foot,close-high-right,0,41.3,41.7,No information,No information,37,No information,2163,60,15.1,58.7,0,58.7,58.3,9,537,shot
olivier-giroud,https://www.sofascore.com/australia-france/GObsQUb#id:10230563,france,goal,regular,assisted,9.4,50.5,0,right-foot,low-left,0,51.9,5.1,No information,No information,32,No information,1878,50.5,9.4,48.1,0,48.1,94.9,14,822,shot
olivier-giroud,https://www.sofascore.com/australia-france/GObsQUb#id:10230563,france,miss,No information,corner,7.8,51.3,0,head,high,0,45.7,63.9,No information,No information,29,No information,1738,51.3,7.8,54.3,0,54.3,36.1,17,962,shot
adrien-rabiot,https://www.sofascore.com/australia-france/GObsQUb#id:10230563,france,goal,regular,corner,8.6,54,0,head,low-centre,0,51,15.2,No information,No information,27,No information,1562,54,8.6,49,0,49,84.8,19,1138,shot
antoine-griezmann,https://www.sofascore.com/australia-france/GObsQUb#id:10230563,france,block,No information,assisted,6.3,67.5,0,right-foot,low-centre,0,48.8,19,No information,No information,26,No information,1532,67.5,6.3,51.2,0,51.2,81,20,1168,shot
mitchell-duke,https://www.sofascore.com/australia-france/GObsQUb#id:10230563,australia,miss,No information,regular,26.4,58.5,0,right-foot,close-right,0,43.9,29.2,No information,No information,22,No information,1264,58.5,26.4,56.1,0,56.1,70.8,24,1436,shot
theo-hernandez,https://www.sofascore.com/australia-france/GObsQUb#id:10230563,france,miss,No information,corner,26.6,40.7,0,left-foot,right,0,37.8,11.1,No information,No information,13,No information,746,40.7,26.6,62.2,0,62.2,88.9,33,1954,shot
craig-goodwin,https://www.sofascore.com/australia-france/GObsQUb#id:10230563,australia,goal,regular,assisted,5,39.2,0,left-foot,high-centre,0,48.4,34.8,No information,No information,9,No information,504,39.2,5,51.6,0,51.6,65.2,37,2196,shot
riley-mcgree,https://www.sofascore.com/australia-france/GObsQUb#id:10230563,australia,miss,No information,regular,27.1,50.7,0,right-foot,left,0,69.9,9.7,No information,No information,3,No information,144,50.7,27.1,30.1,0,30.1,90.3,43,2556,shot
ousmane-dembele,https://www.sofascore.com/australia-france/GObsQUb#id:10230563,france,block,No information,corner,23.8,60.1,0,left-foot,low-centre,0,51.1,9.7,No information,No information,2,No information,92,60.1,23.8,48.9,0,48.9,90.3,44,2608,shot

kingsley-coman,https://www.sofascore.com/sweden-france/GObsNTb#id:8600735,france,goal,regular,fast-break,31.7,49.8,0,right-foot,low-centre,0,50.1,0.6,No information,No information,90,5,5640,49.8,31.7,49.9,0,49.9,99.4,1,660,shot
robin-quaison,https://www.sofascore.com/sweden-france/GObsNTb#id:8600735,sweden,goal,regular,assisted,2.7,50.7,0,left-foot,low-centre,0,49.3,2.5,No information,No information,88,No information,5266,50.7,2.7,50.7,0,50.7,97.5,3,134,shot
robin-quaison,https://www.sofascore.com/sweden-france/GObsNTb#id:8600735,sweden,miss,No information,assisted,12.1,48.9,0,head,right,0,9.1,5.6,No information,No information,88,No information,5258,48.9,12.1,90.9,0,90.9,94.4,3,142,shot
paul-pogba,https://www.sofascore.com/sweden-france/GObsNTb#id:8600735,france,miss,No information,corner,10.2,51,0,head,left,0,61.3,34.7,No information,No information,87,No information,5193,51,10.2,38.7,0,38.7,65.3,4,207,shot
olivier-giroud,https://www.sofascore.com/sweden-france/GObsNTb#id:8600735,france,save,No information,regular,24.4,52.1,0,left-foot,low-centre,0,51.1,17.1,No information,No information,83,No information,4922,52.1,24.4,48.9,0,48.9,82.9,8,478,shot
kylian-mbappe,https://www.sofascore.com/sweden-france/GObsNTb#id:8600735,france,block,No information,assisted,12,37.1,0,right-foot,low-left,0,53.9,19,No information,No information,82,No information,4919,37.1,12,46.1,0,46.1,81,9,481,shot
dejan-kulusevski,https://www.sofascore.com/sweden-france/GObsNTb#id:8600735,sweden,block,No information,assisted,17.9,74.6,0,left-foot,low-centre,0,50.2,19,No information,No information,77,No information,4562,74.6,17.9,49.8,0,49.8,81,14,838,shot
antoine-griezmann,https://www.sofascore.com/sweden-france/GObsNTb#id:8600735,france,miss,No information,assisted,13.7,46.8,0,left-foot,high,0,54.1,75,No information,No information,75,No information,4481,46.8,13.7,45.9,0,45.9,25,16,919,shot
paul-pogba,https://www.sofascore.com/sweden-france/GObsNTb#id:8600735,france,block,No information,assisted,27.9,52,0,right-foot,low-centre,0,51,19,No information,No information,73,No information,4358,52,27.9,49,0,49,81,18,1042,shot
olivier-giroud,https://www.sofascore.com/sweden-france/GObsNTb#id:8600735,france,goal,regular,assisted,6.5,47.8,0,head,high-left,0,53,20.3,No information,No information,59,No information,3509,47.8,6.5,47,0,47,79.7,32,1891,shot
olivier-giroud,https://www.sofascore.com/sweden-france/GObsNTb#id:8600735,france,miss,No information,assisted,4.8,53.9,0,other,close-right,0,42.9,27.8,No information,No information,53,No information,3156,53.9,4.8,57.1,0,57.1,72.2,38,2244,shot
adrien-rabiot,https://www.sofascore.com/sweden-france/GObsNTb#id:8600735,france,save,No information,assisted,31.1,46.8,0,left-foot,high-centre,0,50.3,29.1,No information,No information,39,No information,2292,46.8,31.1,49.7,0,49.7,70.9,7,408,shot
benjamin-pavard,https://www.sofascore.com/sweden-france/GObsNTb#id:8600735,france,goal,regular,regular,12.4,63.9,0,right-foot,low-left,0,54.1,3.2,No information,No information,36,No information,2107,63.9,12.4,45.9,0,45.9,96.8,10,593,shot
marcus-thuram,https://www.sofascore.com/sweden-france/GObsNTb#id:8600735,france,block,No information,assisted,14.5,45.4,0,right-foot,low-left,0,52.1,19,No information,No information,36,No information,2104,45.4,14.5,47.9,0,47.9,81,10,596,shot
victor-lindelof,https://www.sofascore.com/sweden-france/GObsNTb#id:8600735,sweden,miss,No information,corner,6.5,45.6,0,head,close-right,0,41.6,19,No information,No information,20,No information,1182,45.6,6.5,58.4,0,58.4,81,26,1518,shot
emil-forsberg,https://www.sofascore.com/sweden-france/GObsNTb#id:8600735,sweden,miss,No information,assisted,20.7,45,0,right-foot,high-right,0,40.2,84.7,No information,No information,17,No information,1010,45,20.7,59.8,0,59.8,15.3,29,1690,shot
olivier-giroud,https://www.sofascore.com/sweden-france/GObsNTb#id:8600735,france,goal,regular,assisted,14,46,0,left-foot,low-left,0,52.9,3.2,No information,No information,16,No information,931,46,14,47.1,0,47.1,96.8,30,1769,shot
benjamin-pavard,https://www.sofascore.com/sweden-france/GObsNTb#id:8600735,france,miss,No information,regular,22.1,65.7,0,left-foot,left,0,99.7,12.5,No information,No information,13,No information,759,65.7,22.1,0.3,0,0.3,87.5,33,1941,shot
olivier-giroud,https://www.sofascore.com/sweden-france/GObsNTb#id:8600735,france,save,No information,regular,11.2,52.4,0,head,low-centre,0,48.2,8.2,No information,No information,12,No information,664,52.4,11.2,51.8,0,51.8,91.8,34,2036,shot
olivier-giroud,https://www.sofascore.com/sweden-france/GObsNTb#id:8600735,france,save,No information,corner,10.8,43.7,0,other,high-centre,0,50,24.1,No information,No information,10,No information,575,43.7,10.8,50,0,50,75.9,36,2125,shot
marcus-thuram,https://www.sofascore.com/sweden-france/GObsNTb#id:8600735,france,miss,No information,assisted,10.8,46.8,0,head,high,0,52.3,65.3,No information,No information,7,No information,362,46.8,10.8,47.7,0,47.7,34.7,39,2338,shot
viktor-claesson,https://www.sofascore.com/sweden-france/GObsNTb#id:8600735,sweden,goal,regular,regular,12.5,56.7,0,right-foot,low-right,0,46.2,1.3,No information,No information,4,No information,235,56.7,12.5,53.8,0,53.8,98.7,42,2465,shot

robert-lewandowski,https://www.sofascore.com/poland-france/GObsdUb#id:10230579,poland,goal,penalty,penalty,11.5,50,0,right-foot,low-left,0,52.8,1.9,No information,No information,90,9,5916,50,11.5,47.2,0,47.2,98.1,1,384,shot
robert-lewandowski,https://www.sofascore.com/poland-france/GObsdUb#id:10230579,poland,block,No information,assisted,9,54.8,0,head,low-centre,0,51.7,19,No information,No information,90,4,5621,54.8,9,48.3,0,48.3,81,1,679,shot
robert-lewandowski,https://www.sofascore.com/poland-france/GObsdUb#id:10230579,poland,miss,No information,assisted,12,61.6,0,right-foot,left,0,66.4,13.9,No information,No information,90,2,5510,61.6,12,33.6,0,33.6,86.1,1,790,shot
kylian-mbappe,https://www.sofascore.com/poland-france/GObsdUb#id:10230579,france,goal,regular,assisted,13.4,31,0,right-foot,high-right,0,46.6,27.2,No information,No information,90,1,5406,31,13.4,53.4,0,53.4,72.8,1,894,shot
theo-hernandez,https://www.sofascore.com/poland-france/GObsdUb#id:10230579,france,miss,No information,set-piece,13.4,44.2,0,right-foot,high-right,0,43.4,73.6,No information,No information,81,No information,4858,44.2,13.4,56.6,0,56.6,26.4,10,542,shot
kylian-mbappe,https://www.sofascore.com/poland-france/GObsdUb#id:10230579,france,goal,regular,fast-break,13.4,34.9,0,right-foot,high-left,0,52.3,25.9,No information,No information,74,No information,4437,34.9,13.4,47.7,0,47.7,74.1,17,963,shot
kamil-glik,https://www.sofascore.com/poland-france/GObsdUb#id:10230579,poland,miss,No information,set-piece,8.3,40.4,0,head,high-right,0,43.5,65.3,No information,No information,71,No information,4258,40.4,8.3,56.5,0,56.5,34.7,20,1142,shot
kylian-mbappe,https://www.sofascore.com/poland-france/GObsdUb#id:10230579,france,miss,No information,assisted,10.1,32.8,0,right-foot,right,0,0.7,4.2,No information,No information,63,No information,3761,32.8,10.1,99.3,0,99.3,95.8,28,1639,shot
kylian-mbappe,https://www.sofascore.com/poland-france/GObsdUb#id:10230579,france,block,No information,assisted,18.2,30.1,0,right-foot,low-left,0,52.3,19,No information,No information,56,No information,3353,30.1,18.2,47.7,0,47.7,81,35,2047,shot
theo-hernandez,https://www.sofascore.com/poland-france/GObsdUb#id:10230579,france,miss,No information,set-piece,22.3,46.1,0,right-foot,right,0,26.2,15.3,No information,No information,48,No information,2861,46.1,22.3,73.8,0,73.8,84.7,43,2539,shot
antoine-griezmann,https://www.sofascore.com/poland-france/GObsdUb#id:10230579,france,save,No information,free-kick,12.7,83.6,0,left-foot,high-centre,0,49.3,20.9,No information,No information,48,No information,2858,83.6,12.7,50.7,0,50.7,79.1,43,2542,shot
jakub-kaminski,https://www.sofascore.com/poland-france/GObsdUb#id:10230579,poland,block,No information,assisted,11.4,60.8,0,right-foot,low-centre,0,50.6,19,No information,No information,45,1,2724,60.8,11.4,49.4,0,49.4,81,1,2676,shot
olivier-giroud,https://www.sofascore.com/poland-france/GObsdUb#id:10230579,france,goal,regular,assisted,12.8,39.3,0,left-foot,low-right,0,46.1,6.3,No information,No information,44,No information,2609,39.3,12.8,53.9,0,53.9,93.7,2,91,shot
jakub-kaminski,https://www.sofascore.com/poland-france/GObsdUb#id:10230579,poland,block,No information,regular,5.6,61.8,0,right-foot,low-left,0,54.1,15.3,No information,No information,38,No information,2230,61.8,5.6,45.9,0,45.9,84.7,8,470,shot
piotr-zielinski,https://www.sofascore.com/poland-france/GObsdUb#id:10230579,poland,save,No information,regular,12.4,53,0,right-foot,low-centre,0,49.1,10.8,No information,No information,38,No information,2228,53,12.4,50.9,0,50.9,89.2,8,472,shot
piotr-zielinski,https://www.sofascore.com/poland-france/GObsdUb#id:10230579,poland,block,No information,regular,10,53,0,left-foot,low-right,0,47.7,19,No information,No information,38,No information,2228,53,10,52.3,0,52.3,81,8,472,shot
olivier-giroud,https://www.sofascore.com/poland-france/GObsdUb#id:10230579,france,miss,No information,corner,13,56.3,0,left-foot,right,0,35.1,12.5,No information,No information,36,No information,2131,56.3,13,64.9,0,64.9,87.5,10,569,shot
dayot-upamecano,https://www.sofascore.com/poland-france/GObsdUb#id:10230579,france,block,No information,corner,8.5,56.7,0,head,low-left,0,54.3,19,No information,No information,36,No information,2129,56.7,8.5,45.7,0,45.7,81,10,571,shot
kylian-mbappe,https://www.sofascore.com/poland-france/GObsdUb#id:10230579,france,save,No information,assisted,7.6,28.9,0,left-foot,low-left,0,54.2,11.4,No information,No information,35,No information,2092,28.9,7.6,45.8,0,45.8,88.6,11,608,shot
matty-cash,https://www.sofascore.com/poland-france/GObsdUb#id:10230579,poland,miss,No information,assisted,19.4,74,0,right-foot,left,0,92.4,11.1,No information,No information,34,No information,2037,74,19.4,7.6,0,7.6,88.9,12,663,shot
robert-lewandowski,https://www.sofascore.com/poland-france/GObsdUb#id:10230579,poland,block,No information,free-kick,22.7,31.8,0,right-foot,low-centre,0,50.6,19,No information,No information,33,No information,1941,31.8,22.7,49.4,0,49.4,81,13,759,shot
przemyslaw-frankowski,https://www.sofascore.com/poland-france/GObsdUb#id:10230579,poland,block,No information,assisted,10.3,29.3,0,right-foot,low-right,0,46.5,19,No information,No information,25,No information,1443,29.3,10.3,53.5,0,53.5,81,21,1257,shot
jules-kounde,https://www.sofascore.com/poland-france/GObsdUb#id:10230579,france,save,No information,assisted,24.5,68.8,0,right-foot,low-centre,0,49.4,16.5,No information,No information,22,No information,1282,68.8,24.5,50.6,0,50.6,83.5,24,1418,shot
robert-lewandowski,https://www.sofascore.com/poland-france/GObsdUb#id:10230579,poland,miss,No information,regular,27.5,55.7,0,left-foot,close-right,0,41.8,22.2,No information,No information,21,No information,1209,55.7,27.5,58.2,0,58.2,77.8,25,1491,shot
ousmane-dembele,https://www.sofascore.com/poland-france/GObsdUb#id:10230579,france,save,No information,regular,20.8,56.5,0,left-foot,low-left,0,52.5,3.8,No information,No information,17,No information,964,56.5,20.8,47.5,0,47.5,96.2,29,1736,shot
aurelien-tchouameni,https://www.sofascore.com/poland-france/GObsdUb#id:10230579,france,save,No information,assisted,28.9,37.5,0,right-foot,low-left,0,53,1.9,No information,No information,13,No information,725,37.5,28.9,47,0,47,98.1,33,1975,shot
ousmane-dembele,https://www.sofascore.com/poland-france/GObsdUb#id:10230579,france,block,No information,assisted,4.1,67.5,0,right-foot,low-right,0,45.5,19,No information,No information,11,No information,601,67.5,4.1,54.5,0,54.5,81,35,2099,shot
raphael-varane,https://www.sofascore.com/poland-france/GObsdUb#id:10230579,france,miss,No information,corner,4.8,51.9,0,head,high-right,0,34.1,47.2,No information,No information,4,No information,192,51.9,4.8,65.9,0,65.9,52.8,42,2508,shot
