Player,Game Link,Country,shotType,goalType,situation,X,Y,Z,bodyPart,goalMouthLocation,Goal Mouth X,Goal mouth Y,Goal Mouth Z,XG,XGOT,time,addedTime,timeSeconds,Start X,Start Y,End X,End Y,Goal X,Goal Y,reversedPeriodTime,reversedPeriodTimeSeconds,incidentType
enis-bardhi,https://www.sofascore.com/north-macedonia-georgia/nVbsCVb#id:10023382,north macedonia,save,No information,free-kick,22.5,19.4,0,right-foot,low-left,0,52.3,3.8,No information,No information,88,No information,5235,19.4,22.5,47.7,0,47.7,96.2,3,165,shot
otar-kiteishvili,https://www.sofascore.com/north-macedonia-georgia/nVbsCVb#id:10023382,georgia,goal,regular,set-piece,4.3,54.6,0,right-foot,low-right,0,46,3.2,No information,No information,84,No information,4992,54.6,4.3,54,0,54,96.8,7,408,shot
eljif-elmas,https://www.sofascore.com/north-macedonia-georgia/nVbsCVb#id:10023382,north macedonia,miss,No information,assisted,15.7,26,0,left-foot,right,0,29.4,2.8,No information,No information,77,No information,4569,26,15.7,70.6,0,70.6,97.2,14,831,shot
enis-bardhi,https://www.sofascore.com/north-macedonia-georgia/nVbsCVb#id:10023382,north macedonia,miss,No information,assisted,22.5,24.4,0,right-foot,high-right,0,37.8,91.7,No information,No information,69,No information,4138,24.4,22.5,62.2,0,62.2,8.3,22,1262,shot
otar-kakabadze,https://www.sofascore.com/north-macedonia-georgia/nVbsCVb#id:10023382,georgia,miss,No information,assisted,15.4,65.8,0,right-foot,close-high-right,0,43.2,58.3,No information,No information,68,No information,4024,65.8,15.4,56.8,0,56.8,41.7,23,1376,shot
khvicha-kvaratskhelia,https://www.sofascore.com/north-macedonia-georgia/nVbsCVb#id:10023382,georgia,goal,regular,assisted,29.6,51.8,0,right-foot,low-centre,0,51.6,15.8,No information,No information,62,No information,3673,51.8,29.6,48.4,0,48.4,84.2,29,1727,shot
eljif-elmas,https://www.sofascore.com/north-macedonia-georgia/nVbsCVb#id:10023382,north macedonia,block,No information,assisted,19.4,38,0,right-foot,low-centre,0,50.7,19,No information,No information,58,No information,3470,38,19.4,49.3,0,49.3,81,33,1930,shot
zuriko-davitashvili,https://www.sofascore.com/north-macedonia-georgia/nVbsCVb#id:10023382,georgia,miss,No information,fast-break,8.1,54,0,head,close-high-left,0,58.5,56.9,No information,No information,53,No information,3175,54,8.1,41.5,0,41.5,43.1,38,2225,shot
budu-zivzivadze,https://www.sofascore.com/north-macedonia-georgia/nVbsCVb#id:10023382,georgia,goal,regular,regular,12.8,48.7,0,left-foot,low-right,0,46.1,2.5,No information,No information,52,No information,3081,48.7,12.8,53.9,0,53.9,97.5,39,2319,shot
stefan-askovski,https://www.sofascore.com/north-macedonia-georgia/nVbsCVb#id:10023382,north macedonia,miss,No information,assisted,23.8,76.3,0,left-foot,left,0,99.8,1.4,No information,No information,51,No information,3034,76.3,23.8,0.2,0,0.2,98.6,40,2366,shot
davit-khocholava,https://www.sofascore.com/north-macedonia-georgia/nVbsCVb#id:10023382,georgia,miss,No information,corner,8.1,53.2,0,head,high,0,55.8,63.9,No information,No information,50,No information,2987,53.2,8.1,44.2,0,44.2,36.1,41,2413,shot
enis-bardhi,https://www.sofascore.com/north-macedonia-georgia/nVbsCVb#id:10023382,north macedonia,save,No information,free-kick,30.5,25,0,right-foot,low-left,0,52.1,5.1,No information,No information,48,No information,2830,25,30.5,47.9,0,47.9,94.9,43,2570,shot
enis-bardhi,https://www.sofascore.com/north-macedonia-georgia/nVbsCVb#id:10023382,north macedonia,block,No information,assisted,20.2,21.9,0,right-foot,low-centre,0,50.6,19,No information,No information,46,No information,2738,21.9,20.2,49.4,0,49.4,81,45,2662,shot
budu-zivzivadze,https://www.sofascore.com/north-macedonia-georgia/nVbsCVb#id:10023382,georgia,save,No information,corner,14.7,37.1,0,right-foot,low-centre,0,51.1,3.2,No information,No information,43,No information,2555,37.1,14.7,48.9,0,48.9,96.8,3,145,shot
eljif-elmas,https://www.sofascore.com/north-macedonia-georgia/nVbsCVb#id:10023382,north macedonia,save,No information,assisted,18.9,56.5,0,left-foot,low-centre,0,50.4,6.3,No information,No information,39,No information,2335,56.5,18.9,49.6,0,49.6,93.7,7,365,shot
budu-zivzivadze,https://www.sofascore.com/north-macedonia-georgia/nVbsCVb#id:10023382,georgia,miss,No information,assisted,1.8,67.6,0,right-foot,right,0,39.5,9.7,No information,No information,37,No information,2191,67.6,1.8,60.5,0,60.5,90.3,9,509,shot
ezgjan-alioski,https://www.sofascore.com/north-macedonia-georgia/nVbsCVb#id:10023382,north macedonia,miss,No information,assisted,7.3,27.2,0,left-foot,left,0,67.4,2.8,No information,No information,34,No information,1981,27.2,7.3,32.6,0,32.6,97.2,12,719,shot
giorgi-aburjania,https://www.sofascore.com/north-macedonia-georgia/nVbsCVb#id:10023382,georgia,miss,No information,regular,29.2,49.7,0,right-foot,high-left,0,57.6,61.1,No information,No information,33,No information,1926,49.7,29.2,42.4,0,42.4,38.9,13,774,shot
eljif-elmas,https://www.sofascore.com/north-macedonia-georgia/nVbsCVb#id:10023382,north macedonia,save,No information,assisted,14.2,57.3,0,right-foot,low-centre,0,49.9,1.9,No information,No information,32,No information,1886,57.3,14.2,50.1,0,50.1,98.1,14,814,shot
zuriko-davitashvili,https://www.sofascore.com/north-macedonia-georgia/nVbsCVb#id:10023382,georgia,save,No information,assisted,19.9,28.7,0,right-foot,low-centre,0,49.2,2.5,No information,No information,31,No information,1808,28.7,19.9,50.8,0,50.8,97.5,15,892,shot
darko-churlinov,https://www.sofascore.com/north-macedonia-georgia/nVbsCVb#id:10023382,north macedonia,miss,No information,assisted,22.5,67.8,0,left-foot,high-left,0,58.7,70.8,No information,No information,26,No information,1503,67.8,22.5,41.3,0,41.3,29.2,20,1197,shot
aleksandar-trajkovski,https://www.sofascore.com/north-macedonia-georgia/nVbsCVb#id:10023382,north macedonia,miss,No information,assisted,17.8,27.2,0,right-foot,close-right,0,42.4,34.7,No information,No information,17,No information,1012,27.2,17.8,57.6,0,57.6,65.3,29,1688,shot
enis-bardhi,https://www.sofascore.com/north-macedonia-georgia/nVbsCVb#id:10023382,north macedonia,block,No information,regular,22.9,39.6,0,left-foot,low-left,0,52,19,No information,No information,13,No information,752,39.6,22.9,48,0,48,81,33,1948,shot
milan-ristovski,https://www.sofascore.com/north-macedonia-georgia/nVbsCVb#id:10023382,north macedonia,block,No information,assisted,26.4,54.2,0,right-foot,low-centre,0,49.8,19,No information,No information,13,No information,749,54.2,26.4,50.2,0,50.2,81,33,1951,shot
khvicha-kvaratskhelia,https://www.sofascore.com/north-macedonia-georgia/nVbsCVb#id:10023382,georgia,save,No information,regular,13.7,35.3,0,right-foot,low-centre,0,49.8,0.6,No information,No information,11,No information,631,35.3,13.7,50.2,0,50.2,99.4,35,2069,shot

zuriko-davitashvili,https://www.sofascore.com/georgia-bulgaria/qUbsnVb#id:10023366,georgia,miss,No information,regular,12.3,41.3,0,left-foot,high,0,52.1,91.7,No information,No information,90,5,5662,41.3,12.3,47.9,0,47.9,8.3,1,638,shot
giorgi-tsitaishvili,https://www.sofascore.com/georgia-bulgaria/qUbsnVb#id:10023366,georgia,block,No information,assisted,27.8,38.6,0,right-foot,low-centre,0,50.9,19,No information,No information,90,3,5536,38.6,27.8,49.1,0,49.1,81,1,764,shot
khvicha-kvaratskhelia,https://www.sofascore.com/georgia-bulgaria/qUbsnVb#id:10023366,georgia,miss,No information,free-kick,28.6,47.3,0,right-foot,left,0,60.8,2.8,No information,No information,89,No information,5312,47.3,28.6,39.2,0,39.2,97.2,2,88,shot
budu-zivzivadze,https://www.sofascore.com/georgia-bulgaria/qUbsnVb#id:10023366,georgia,block,No information,assisted,6.2,46.7,0,left-foot,low-centre,0,51.1,12.5,No information,No information,85,No information,5088,46.7,6.2,48.9,0,48.9,87.5,6,312,shot
khvicha-kvaratskhelia,https://www.sofascore.com/georgia-bulgaria/qUbsnVb#id:10023366,georgia,block,No information,free-kick,24.6,34.2,0,right-foot,low-centre,0,50.5,19,No information,No information,76,No information,4514,34.2,24.6,49.5,0,49.5,81,15,886,shot
minchev-martin,https://www.sofascore.com/georgia-bulgaria/qUbsnVb#id:10023366,bulgaria,save,No information,regular,21.5,22.8,0,right-foot,high-right,0,46.8,22.2,No information,No information,73,No information,4365,22.8,21.5,53.2,0,53.2,77.8,18,1035,shot
georgi-kostadinov,https://www.sofascore.com/georgia-bulgaria/qUbsnVb#id:10023366,bulgaria,miss,No information,assisted,16.2,45.8,0,head,right,0,30.3,9.7,No information,No information,72,No information,4263,45.8,16.2,69.7,0,69.7,90.3,19,1137,shot
mikautadze-georges,https://www.sofascore.com/georgia-bulgaria/qUbsnVb#id:10023366,georgia,save,No information,assisted,7.5,42.5,0,head,high-centre,0,50.4,23.6,No information,No information,62,No information,3681,42.5,7.5,49.6,0,49.6,76.4,29,1719,shot
khvicha-kvaratskhelia,https://www.sofascore.com/georgia-bulgaria/qUbsnVb#id:10023366,georgia,block,No information,assisted,11.2,34.3,0,right-foot,low-centre,0,49.4,19,No information,No information,62,No information,3673,34.3,11.2,50.6,0,50.6,81,29,1727,shot
mikautadze-georges,https://www.sofascore.com/georgia-bulgaria/qUbsnVb#id:10023366,georgia,miss,No information,assisted,5.2,44.3,0,left-foot,high,0,51.4,83.3,No information,No information,56,No information,3321,44.3,5.2,48.6,0,48.6,16.7,35,2079,shot
khvicha-kvaratskhelia,https://www.sofascore.com/georgia-bulgaria/qUbsnVb#id:10023366,georgia,miss,No information,assisted,21.7,23.7,0,right-foot,high-right,0,32.1,58.3,No information,No information,38,No information,2235,23.7,21.7,67.9,0,67.9,41.7,8,465,shot
mikautadze-georges,https://www.sofascore.com/georgia-bulgaria/qUbsnVb#id:10023366,georgia,block,No information,corner,8.3,59.9,0,head,low-right,0,47.6,19,No information,No information,36,No information,2111,59.9,8.3,52.4,0,52.4,81,10,589,shot
valeri-qazaishvili,https://www.sofascore.com/georgia-bulgaria/qUbsnVb#id:10023366,georgia,block,No information,assisted,8.3,24.9,0,right-foot,low-centre,0,51.7,19,No information,No information,33,No information,1943,24.9,8.3,48.3,0,48.3,81,13,757,shot
khvicha-kvaratskhelia,https://www.sofascore.com/georgia-bulgaria/qUbsnVb#id:10023366,georgia,miss,No information,assisted,23.5,26.4,0,right-foot,high-right,0,35.1,50,No information,No information,29,No information,1721,26.4,23.5,64.9,0,64.9,50,17,979,shot
saba-lobjanidze,https://www.sofascore.com/georgia-bulgaria/qUbsnVb#id:10023366,georgia,block,No information,assisted,13,70.3,0,left-foot,low-centre,0,50.5,19,No information,No information,24,No information,1406,70.3,13,49.5,0,49.5,81,22,1294,shot
nika-kvekveskiri,https://www.sofascore.com/georgia-bulgaria/qUbsnVb#id:10023366,georgia,miss,No information,regular,25.6,62,0,right-foot,high-right,0,41.3,73.6,No information,No information,22,No information,1319,62,25.6,58.7,0,58.7,26.4,24,1381,shot
georgi-kostadinov,https://www.sofascore.com/georgia-bulgaria/qUbsnVb#id:10023366,bulgaria,miss,No information,set-piece,14.8,50.3,0,head,right,0,37.3,2.8,No information,No information,20,No information,1197,50.3,14.8,62.7,0,62.7,97.2,26,1503,shot
davit-khocholava,https://www.sofascore.com/georgia-bulgaria/qUbsnVb#id:10023366,georgia,miss,No information,corner,5.8,50.5,0,head,high-left,0,65.9,63.9,No information,No information,18,No information,1028,50.5,5.8,34.1,0,34.1,36.1,28,1672,shot
khvicha-kvaratskhelia,https://www.sofascore.com/georgia-bulgaria/qUbsnVb#id:10023366,georgia,block,No information,free-kick,28.5,28.9,0,right-foot,low-centre,0,48.6,19,No information,No information,17,No information,1002,28.9,28.5,51.4,0,51.4,81,29,1698,shot

guram-giorbelidze,https://www.sofascore.com/georgia-greece/kUbsnVb#id:9223757,georgia,block,No information,assisted,16.5,32.2,0,left-foot,low-centre,0,49,19,No information,No information,90,3,5534,32.2,16.5,51,0,51,81,1,766,shot
jaba-kankava,https://www.sofascore.com/georgia-greece/kUbsnVb#id:9223757,georgia,miss,No information,corner,25.3,51.2,0,left-foot,high,0,53.6,81.9,No information,No information,86,No information,5147,51.2,25.3,46.4,0,46.4,18.1,5,253,shot
jaba-kankava,https://www.sofascore.com/georgia-greece/kUbsnVb#id:9223757,georgia,save,No information,corner,23.4,66.6,0,right-foot,high-centre,0,49.4,34.8,No information,No information,86,No information,5115,66.6,23.4,50.6,0,50.6,65.2,5,285,shot
giorgi-kvilitaia,https://www.sofascore.com/georgia-greece/kUbsnVb#id:9223757,georgia,save,No information,assisted,21.2,54,0,right-foot,low-left,0,54,1.3,No information,No information,82,No information,4888,54,21.2,46,0,46,98.7,9,512,shot
khvicha-kvaratskhelia,https://www.sofascore.com/georgia-greece/kUbsnVb#id:9223757,georgia,goal,regular,assisted,10.6,32.2,0,right-foot,low-left,0,53.2,1.3,No information,No information,78,No information,4655,32.2,10.6,46.8,0,46.8,98.7,13,745,shot
otar-kakabadze,https://www.sofascore.com/georgia-greece/kUbsnVb#id:9223757,greece,goal,own,regular,7.7,44.2,0,right-foot,low-left,0,53.2,11.4,No information,No information,76,No information,4514,44.2,7.7,46.8,0,46.8,88.6,15,886,shot
giorgi-aburjania,https://www.sofascore.com/georgia-greece/kUbsnVb#id:9223757,georgia,save,No information,free-kick,20.3,43.6,0,right-foot,high-centre,0,51.3,34.8,No information,No information,68,No information,4065,43.6,20.3,48.7,0,48.7,65.2,23,1335,shot
otar-kiteishvili,https://www.sofascore.com/georgia-greece/kUbsnVb#id:9223757,georgia,block,No information,assisted,8.7,58.7,0,head,low-left,0,53.2,19,No information,No information,56,No information,3346,58.7,8.7,46.8,0,46.8,81,35,2054,shot
dimitrios-giannoulis,https://www.sofascore.com/georgia-greece/kUbsnVb#id:9223757,greece,miss,No information,corner,29.5,51.7,0,left-foot,left,0,62,16.7,No information,No information,55,No information,3245,51.7,29.5,38,0,38,83.3,36,2155,shot
otar-kiteishvili,https://www.sofascore.com/georgia-greece/kUbsnVb#id:9223757,georgia,miss,No information,assisted,20.2,51.8,0,right-foot,close-right,0,41.3,9.7,No information,No information,40,No information,2359,51.8,20.2,58.7,0,58.7,90.3,6,341,shot
kostas-fortounis,https://www.sofascore.com/georgia-greece/kUbsnVb#id:9223757,greece,save,No information,assisted,12.5,49.9,0,head,low-centre,0,50.3,19.6,No information,No information,38,No information,2273,49.9,12.5,49.7,0,49.7,80.4,8,427,shot
kostas-fortounis,https://www.sofascore.com/georgia-greece/kUbsnVb#id:9223757,greece,save,No information,assisted,13,64.8,0,left-foot,high-left,0,53.2,20.3,No information,No information,33,No information,1921,64.8,13,46.8,0,46.8,79.7,13,779,shot
khvicha-kvaratskhelia,https://www.sofascore.com/georgia-greece/kUbsnVb#id:9223757,georgia,block,No information,assisted,8.8,61,0,right-foot,low-centre,0,49.3,19,No information,No information,28,No information,1637,61,8.8,50.7,0,50.7,81,18,1063,shot
anastasios-bakasetas,https://www.sofascore.com/georgia-greece/kUbsnVb#id:9223757,greece,block,No information,regular,12,62.9,0,left-foot,low-right,0,47.6,19,No information,No information,13,No information,740,62.9,12,52.4,0,52.4,81,33,1960,shot
tzolis-christos,https://www.sofascore.com/georgia-greece/kUbsnVb#id:9223757,greece,miss,No information,assisted,12.7,59.1,0,right-foot,right,0,32.1,11.1,No information,No information,13,No information,738,59.1,12.7,67.9,0,67.9,88.9,33,1962,shot
tzolis-christos,https://www.sofascore.com/georgia-greece/kUbsnVb#id:9223757,greece,miss,No information,assisted,8.1,38.7,0,right-foot,close-high,0,50.3,55.6,No information,No information,8,No information,442,38.7,8.1,49.7,0,49.7,44.4,38,2258,shot

denis-laptev,https://www.sofascore.com/georgia-belarus/TUbsnVb#id:9040642,belarus,miss,No information,corner,8.2,39.8,0,right-foot,close-right,0,41.3,9.7,No information,No information,90,3,5569,39.8,8.2,58.7,0,58.7,90.3,1,731,shot
aleksandr-martynovich,https://www.sofascore.com/georgia-belarus/TUbsnVb#id:9040642,belarus,save,No information,set-piece,5.1,40.9,0,right-foot,low-left,0,52.6,1.9,No information,No information,90,3,5537,40.9,5.1,47.4,0,47.4,98.1,1,763,shot
denis-laptev,https://www.sofascore.com/georgia-belarus/TUbsnVb#id:9040642,belarus,miss,No information,assisted,11.7,62.6,0,right-foot,left,0,63.9,2.8,No information,No information,85,No information,5042,62.6,11.7,36.1,0,36.1,97.2,6,358,shot
khvicha-kvaratskhelia,https://www.sofascore.com/georgia-belarus/TUbsnVb#id:9040642,georgia,save,No information,free-kick,27.7,41.5,0,right-foot,low-left,0,52.9,4.4,No information,No information,80,No information,4777,41.5,27.7,47.1,0,47.1,95.6,11,623,shot
valeriane-gvilia,https://www.sofascore.com/georgia-belarus/TUbsnVb#id:9040642,georgia,save,No information,assisted,13.4,67.4,0,left-foot,low-right,0,46.6,4.4,No information,No information,71,No information,4200,67.4,13.4,53.4,0,53.4,95.6,20,1200,shot
tornike-okriashvili,https://www.sofascore.com/georgia-belarus/TUbsnVb#id:9040642,georgia,miss,No information,assisted,10.5,70.2,0,left-foot,close-left,0,59,23.6,No information,No information,66,No information,3916,70.2,10.5,41,0,41,76.4,25,1484,shot
dmitri-podstrelov,https://www.sofascore.com/georgia-belarus/TUbsnVb#id:9040642,belarus,miss,No information,assisted,8,56.5,0,right-foot,high,0,45.4,69.4,No information,No information,64,No information,3811,56.5,8,54.6,0,54.6,30.6,27,1589,shot
jaba-kankava,https://www.sofascore.com/georgia-belarus/TUbsnVb#id:9040642,georgia,save,No information,free-kick,28.1,44.2,0,right-foot,low-centre,0,51.3,10.8,No information,No information,61,No information,3623,44.2,28.1,48.7,0,48.7,89.2,30,1777,shot
tornike-okriashvili,https://www.sofascore.com/georgia-belarus/TUbsnVb#id:9040642,georgia,save,No information,assisted,15.8,67.8,0,right-foot,low-left,0,52.8,7,No information,No information,48,No information,2847,67.8,15.8,47.2,0,47.2,93,43,2553,shot
valeri-qazaishvili,https://www.sofascore.com/georgia-belarus/TUbsnVb#id:9040642,georgia,save,No information,assisted,13.1,40.3,0,right-foot,low-centre,0,48.3,18.4,No information,No information,33,No information,1922,40.3,13.1,51.7,0,51.7,81.6,13,778,shot
bakhar-ivan,https://www.sofascore.com/georgia-belarus/TUbsnVb#id:9040642,belarus,miss,No information,assisted,23.7,60.5,0,right-foot,high,0,47.7,62.5,No information,No information,19,No information,1106,60.5,23.7,52.3,0,52.3,37.5,27,1594,shot
tornike-okriashvili,https://www.sofascore.com/georgia-belarus/TUbsnVb#id:9040642,georgia,goal,penalty,penalty,11.5,50,0,right-foot,low-right,0,47.3,6.3,No information,No information,7,No information,403,50,11.5,52.7,0,52.7,93.7,39,2297,shot

otar-kakabadze,https://www.sofascore.com/north-macedonia-georgia/nVbsCVb#id:8600849,georgia,miss,No information,corner,29.8,55,0,right-foot,close-left,0,58.8,2.8,No information,No information,90,6,5706,55,29.8,41.2,0,41.2,97.2,1,594,shot
levan-shengelia,https://www.sofascore.com/north-macedonia-georgia/nVbsCVb#id:8600849,georgia,save,No information,assisted,8.2,51.8,0,left-foot,low-centre,0,49.4,7,No information,No information,90,5,5670,51.8,8.2,50.6,0,50.6,93,1,630,shot
giorgi-chakvetadze,https://www.sofascore.com/north-macedonia-georgia/nVbsCVb#id:8600849,georgia,save,No information,regular,21.1,35.4,0,right-foot,low-left,0,51.9,0.6,No information,No information,84,No information,5002,35.4,21.1,48.1,0,48.1,99.4,7,398,shot
levan-shengelia,https://www.sofascore.com/north-macedonia-georgia/nVbsCVb#id:8600849,georgia,miss,No information,assisted,10.4,50.7,0,head,right,0,40.3,11.1,No information,No information,76,No information,4536,50.7,10.4,59.7,0,59.7,88.9,15,864,shot
jaba-kankava,https://www.sofascore.com/north-macedonia-georgia/nVbsCVb#id:8600849,georgia,miss,No information,regular,15.5,54.3,0,right-foot,close-left,0,58.7,16.7,No information,No information,71,No information,4216,54.3,15.5,41.3,0,41.3,83.3,20,1184,shot
zuriko-davitashvili,https://www.sofascore.com/north-macedonia-georgia/nVbsCVb#id:8600849,georgia,block,No information,assisted,15,45.2,0,right-foot,low-right,0,47.9,19,No information,No information,71,No information,4214,45.2,15,52.1,0,52.1,81,20,1186,shot
giorgi-chakvetadze,https://www.sofascore.com/north-macedonia-georgia/nVbsCVb#id:8600849,georgia,block,No information,assisted,26.4,53.6,0,right-foot,low-centre,0,49.7,19,No information,No information,71,No information,4204,53.6,26.4,50.3,0,50.3,81,20,1196,shot
jaba-kankava,https://www.sofascore.com/north-macedonia-georgia/nVbsCVb#id:8600849,georgia,save,No information,set-piece,11.4,66,0,left-foot,high-centre,0,48.5,32.3,No information,No information,66,No information,3922,66,11.4,51.5,0,51.5,67.7,25,1478,shot
eljif-elmas,https://www.sofascore.com/north-macedonia-georgia/nVbsCVb#id:8600849,north macedonia,block,No information,assisted,12.1,35.5,0,right-foot,low-centre,0,49.3,19,No information,No information,59,No information,3531,35.5,12.1,50.7,0,50.7,81,32,1869,shot
nikoloz-mali,https://www.sofascore.com/north-macedonia-georgia/nVbsCVb#id:8600849,georgia,miss,No information,regular,24.9,33.9,0,right-foot,right,0,21,2.8,No information,No information,54,No information,3187,33.9,24.9,79,0,79,97.2,37,2213,shot
nikoloz-mali,https://www.sofascore.com/north-macedonia-georgia/nVbsCVb#id:8600849,georgia,save,No information,assisted,9.8,30.4,0,left-foot,low-left,0,54.4,15.8,No information,No information,39,No information,2298,30.4,9.8,45.6,0,45.6,84.2,7,402,shot
stefan-ristovski,https://www.sofascore.com/north-macedonia-georgia/nVbsCVb#id:8600849,north macedonia,goal,regular,fast-break,12.1,66.8,0,right-foot,low-left,0,52.9,2.5,No information,No information,33,No information,1941,66.8,12.1,47.1,0,47.1,97.5,13,759,shot
zuriko-davitashvili,https://www.sofascore.com/north-macedonia-georgia/nVbsCVb#id:8600849,georgia,save,No information,assisted,2.4,33.9,0,left-foot,low-left,0,52.7,2.5,No information,No information,24,No information,1411,33.9,2.4,47.3,0,47.3,97.5,22,1289,shot
tornike-okriashvili,https://www.sofascore.com/north-macedonia-georgia/nVbsCVb#id:8600849,georgia,goal,penalty,penalty,11.5,50,0,right-foot,low-left,0,52.6,9.5,No information,No information,13,No information,761,50,11.5,47.4,0,47.4,90.5,33,1939,shot
otar-kakabadze,https://www.sofascore.com/north-macedonia-georgia/nVbsCVb#id:8600849,georgia,miss,No information,assisted,24.4,75.4,0,right-foot,high-right,0,35.6,80.6,No information,No information,5,No information,264,75.4,24.4,64.4,0,64.4,19.4,41,2436,shot

budu-zivzivadze,https://www.sofascore.com/georgia-scotland/VTbsnVb#id:10752554,georgia,save,No information,assisted,9.5,30.7,0,left-foot,low-left,0,53.1,13.9,No information,No information,90,8,5851,30.7,9.5,46.9,0,46.9,86.1,1,449,shot
lawrence-shankland,https://www.sofascore.com/georgia-scotland/VTbsnVb#id:10752554,scotland,goal,regular,assisted,4.5,58.8,0,head,high-left,0,54,21.5,No information,No information,90,3,5521,58.8,4.5,46,0,46,78.5,1,779,shot
lewis-ferguson,https://www.sofascore.com/georgia-scotland/VTbsnVb#id:10752554,scotland,save,No information,assisted,6.2,42.6,0,head,high-centre,0,50.6,24.1,No information,No information,89,No information,5289,42.6,6.2,49.4,0,49.4,75.9,2,111,shot
lawrence-shankland,https://www.sofascore.com/georgia-scotland/VTbsnVb#id:10752554,scotland,block,No information,assisted,11.1,43.7,0,head,low-centre,0,50,19,No information,No information,87,No information,5174,43.7,11.1,50,0,50,81,4,226,shot
scott-mctominay,https://www.sofascore.com/georgia-scotland/VTbsnVb#id:10752554,scotland,miss,No information,free-kick,26.2,66,0,right-foot,high,0,46.4,63.9,No information,No information,79,No information,4737,66,26.2,53.6,0,53.6,36.1,12,663,shot
scott-mctominay,https://www.sofascore.com/georgia-scotland/VTbsnVb#id:10752554,scotland,miss,No information,assisted,19.1,63.4,0,right-foot,left,0,65.9,12.5,No information,No information,68,No information,4062,63.4,19.1,34.1,0,34.1,87.5,23,1338,shot
kenny-mclean,https://www.sofascore.com/georgia-scotland/VTbsnVb#id:10752554,scotland,miss,No information,assisted,26.9,52,0,left-foot,high-right,0,42.5,63.9,No information,No information,63,No information,3763,52,26.9,57.5,0,57.5,36.1,28,1637,shot
lyndon-dykes,https://www.sofascore.com/georgia-scotland/VTbsnVb#id:10752554,scotland,save,No information,corner,6.5,40,0,head,high-left,0,53.2,22.2,No information,No information,61,No information,3657,40,6.5,46.8,0,46.8,77.8,30,1743,shot
john-mcginn,https://www.sofascore.com/georgia-scotland/VTbsnVb#id:10752554,scotland,save,No information,assisted,26.4,71.1,0,left-foot,high-centre,0,49.8,25.9,No information,No information,60,No information,3587,71.1,26.4,50.2,0,50.2,74.1,31,1813,shot
kenny-mclean,https://www.sofascore.com/georgia-scotland/VTbsnVb#id:10752554,scotland,miss,No information,set-piece,13.8,54.6,0,head,right,0,25.2,4.2,No information,No information,60,No information,3561,54.6,13.8,74.8,0,74.8,95.8,31,1839,shot
khvicha-kvaratskhelia,https://www.sofascore.com/georgia-scotland/VTbsnVb#id:10752554,georgia,goal,regular,assisted,13.2,31.6,0,right-foot,low-right,0,46.7,4.4,No information,No information,57,No information,3392,31.6,13.2,53.3,0,53.3,95.6,34,2008,shot
levan-shengelia,https://www.sofascore.com/georgia-scotland/VTbsnVb#id:10752554,georgia,save,No information,free-kick,23.9,77.7,0,left-foot,high-right,0,47.4,22.8,No information,No information,56,No information,3345,77.7,23.9,52.6,0,52.6,77.2,35,2055,shot
scott-mctominay,https://www.sofascore.com/georgia-scotland/VTbsnVb#id:10752554,scotland,goal,regular,assisted,16.2,63.3,0,right-foot,low-right,0,45.9,0.6,No information,No information,49,No information,2927,63.3,16.2,54.1,0,54.1,99.4,42,2473,shot
giorgi-chakvetadze,https://www.sofascore.com/georgia-scotland/VTbsnVb#id:10752554,georgia,miss,No information,corner,14.7,25.7,0,right-foot,high,0,46.1,86.1,No information,No information,48,No information,2826,25.7,14.7,53.9,0,53.9,13.9,43,2574,shot
ryan-christie,https://www.sofascore.com/georgia-scotland/VTbsnVb#id:10752554,scotland,miss,No information,assisted,7.8,39.6,0,head,right,0,37,12.5,No information,No information,44,No information,2584,39.6,7.8,63,0,63,87.5,2,116,shot
lyndon-dykes,https://www.sofascore.com/georgia-scotland/VTbsnVb#id:10752554,scotland,miss,No information,set-piece,9.7,53.4,0,head,left,0,60,5.6,No information,No information,28,No information,1665,53.4,9.7,40,0,40,94.4,18,1035,shot
lyndon-dykes,https://www.sofascore.com/georgia-scotland/VTbsnVb#id:10752554,scotland,block,No information,assisted,15.5,68.2,0,right-foot,low-centre,0,51.1,19,No information,No information,27,No information,1585,68.2,15.5,48.9,0,48.9,81,19,1115,shot
mikautadze-georges,https://www.sofascore.com/georgia-scotland/VTbsnVb#id:10752554,georgia,block,No information,assisted,6.1,60.3,0,right-foot,low-right,0,46.2,9.7,No information,No information,25,No information,1481,60.3,6.1,53.8,0,53.8,90.3,21,1219,shot
levan-shengelia,https://www.sofascore.com/georgia-scotland/VTbsnVb#id:10752554,georgia,save,No information,assisted,11.1,32.7,0,left-foot,low-centre,0,48.9,19,No information,No information,25,No information,1471,32.7,11.1,51.1,0,51.1,81,21,1229,shot
gilmour-billy,https://www.sofascore.com/georgia-scotland/VTbsnVb#id:10752554,scotland,miss,No information,corner,26.7,64.5,0,right-foot,high,0,45,86.1,No information,No information,20,No information,1140,64.5,26.7,55,0,55,13.9,26,1560,shot
john-mcginn,https://www.sofascore.com/georgia-scotland/VTbsnVb#id:10752554,scotland,block,No information,corner,13.4,58.9,0,left-foot,low-centre,0,51.1,19,No information,No information,19,No information,1136,58.9,13.4,48.9,0,48.9,81,27,1564,shot
khvicha-kvaratskhelia,https://www.sofascore.com/georgia-scotland/VTbsnVb#id:10752554,georgia,goal,regular,assisted,5.6,57.1,0,right-foot,low-right,0,47.3,8.2,No information,No information,15,No information,891,57.1,5.6,52.7,0,52.7,91.8,31,1809,shot
giorgi-chakvetadze,https://www.sofascore.com/georgia-scotland/VTbsnVb#id:10752554,georgia,save,No information,assisted,29.1,35.2,0,right-foot,low-centre,0,49.1,4.4,No information,No information,14,No information,782,35.2,29.1,50.9,0,50.9,95.6,32,1918,shot
scott-mctominay,https://www.sofascore.com/georgia-scotland/VTbsnVb#id:10752554,scotland,miss,No information,corner,14.3,57.8,0,right-foot,high,0,46.7,86.1,No information,No information,6,No information,322,57.8,14.3,53.3,0,53.3,13.9,40,2378,shot

ioannis-kousoulos,https://www.sofascore.com/georgia-cyprus/HObsnVb#id:10752431,cyprus,miss,No information,corner,5,49.3,0,right-foot,high-left,0,61.8,54.2,No information,No information,90,4,5596,49.3,5,38.2,0,38.2,45.8,1,704,shot
khvicha-kvaratskhelia,https://www.sofascore.com/georgia-cyprus/HObsnVb#id:10752431,georgia,miss,No information,assisted,13.4,51.8,0,right-foot,close-right,0,41,2.8,No information,No information,90,1,5438,51.8,13.4,59,0,59,97.2,1,862,shot
zuriko-davitashvili,https://www.sofascore.com/georgia-cyprus/HObsnVb#id:10752431,georgia,goal,regular,assisted,13.1,61.2,0,left-foot,low-left,0,54.2,1.3,No information,No information,84,No information,5002,61.2,13.1,45.8,0,45.8,98.7,7,398,shot
otar-kiteishvili,https://www.sofascore.com/georgia-cyprus/HObsnVb#id:10752431,georgia,block,No information,assisted,19.7,40,0,right-foot,low-centre,0,51.4,19,No information,No information,84,No information,4994,40,19.7,48.6,0,48.6,81,7,406,shot
khvicha-kvaratskhelia,https://www.sofascore.com/georgia-cyprus/HObsnVb#id:10752431,georgia,block,No information,assisted,22.6,42.5,0,right-foot,low-left,0,52.6,11.1,No information,No information,83,No information,4953,42.5,22.6,47.4,0,47.4,88.9,8,447,shot
khvicha-kvaratskhelia,https://www.sofascore.com/georgia-cyprus/HObsnVb#id:10752431,georgia,block,No information,assisted,14,30.1,0,right-foot,low-left,0,52.5,19,No information,No information,82,No information,4903,30.1,14,47.5,0,47.5,81,9,497,shot
mikautadze-georges,https://www.sofascore.com/georgia-cyprus/HObsnVb#id:10752431,georgia,save,No information,assisted,8.4,35.5,0,right-foot,low-centre,0,51.4,1.9,No information,No information,81,No information,4859,35.5,8.4,48.6,0,48.6,98.1,10,541,shot
konstantinos-laifis,https://www.sofascore.com/georgia-cyprus/HObsnVb#id:10752431,cyprus,post,No information,corner,9.8,53.9,0,head,high,0,47.7,38.6,No information,No information,75,No information,4486,53.9,9.8,52.3,0,52.3,61.4,16,914,shot
charalampos-charalampous,https://www.sofascore.com/georgia-cyprus/HObsnVb#id:10752431,cyprus,save,No information,set-piece,29.2,58.2,0,right-foot,high-centre,0,50.2,27.8,No information,No information,75,No information,4459,58.2,29.2,49.8,0,49.8,72.2,16,941,shot
grigoris-kastanos,https://www.sofascore.com/georgia-cyprus/HObsnVb#id:10752431,cyprus,block,No information,set-piece,28.3,50.7,0,right-foot,low-centre,0,50.6,15.3,No information,No information,75,No information,4455,50.7,28.3,49.4,0,49.4,84.7,16,945,shot
minas-antoniou,https://www.sofascore.com/georgia-cyprus/HObsnVb#id:10752431,cyprus,miss,No information,set-piece,13.5,57.3,0,head,right,0,33.1,13.9,No information,No information,71,No information,4208,57.3,13.5,66.9,0,66.9,86.1,20,1192,shot
otar-kiteishvili,https://www.sofascore.com/georgia-cyprus/HObsnVb#id:10752431,georgia,save,No information,assisted,12.7,43.7,0,right-foot,low-left,0,53.2,2.5,No information,No information,68,No information,4041,43.7,12.7,46.8,0,46.8,97.5,23,1359,shot
mikautadze-georges,https://www.sofascore.com/georgia-cyprus/HObsnVb#id:10752431,georgia,miss,No information,regular,17.9,39.4,0,left-foot,high,0,51.6,69.4,No information,No information,60,No information,3557,39.4,17.9,48.4,0,48.4,30.6,31,1843,shot
otar-kiteishvili,https://www.sofascore.com/georgia-cyprus/HObsnVb#id:10752431,georgia,block,No information,assisted,14.1,35.7,0,right-foot,low-left,0,52.8,5.6,No information,No information,60,No information,3554,35.7,14.1,47.2,0,47.2,94.4,31,1846,shot
ioannis-pittas,https://www.sofascore.com/georgia-cyprus/HObsnVb#id:10752431,cyprus,post,No information,assisted,9.4,46,0,right-foot,high,0,47.3,39.2,No information,No information,56,No information,3322,46,9.4,52.7,0,52.7,60.8,35,2078,shot
khvicha-kvaratskhelia,https://www.sofascore.com/georgia-cyprus/HObsnVb#id:10752431,georgia,miss,No information,assisted,23.6,56.1,0,right-foot,close-left,0,57.6,6.9,No information,No information,50,No information,2991,56.1,23.6,42.4,0,42.4,93.1,41,2409,shot
otar-kiteishvili,https://www.sofascore.com/georgia-cyprus/HObsnVb#id:10752431,georgia,block,No information,regular,14,34.9,0,right-foot,low-right,0,48.1,8.3,No information,No information,49,No information,2897,34.9,14,51.9,0,51.9,91.7,42,2503,shot
ioannis-pittas,https://www.sofascore.com/georgia-cyprus/HObsnVb#id:10752431,cyprus,goal,penalty,penalty,11.5,50,0,right-foot,low-right,0,45.8,19.6,No information,No information,39,No information,2339,50,11.5,54.2,0,54.2,80.4,7,361,shot
ioannis-pittas,https://www.sofascore.com/georgia-cyprus/HObsnVb#id:10752431,cyprus,block,No information,assisted,22.6,29.7,0,right-foot,low-left,0,52.3,13.9,No information,No information,36,No information,2118,29.7,22.6,47.7,0,47.7,86.1,10,582,shot
mikautadze-georges,https://www.sofascore.com/georgia-cyprus/HObsnVb#id:10752431,georgia,goal,regular,regular,11.5,56.7,0,right-foot,low-right,0,46.1,1.9,No information,No information,31,No information,1825,56.7,11.5,53.9,0,53.9,98.1,15,875,shot
giorgi-chakvetadze,https://www.sofascore.com/georgia-cyprus/HObsnVb#id:10752431,georgia,save,No information,assisted,7.9,42.2,0,left-foot,low-right,0,48.1,2.5,No information,No information,28,No information,1649,42.2,7.9,51.9,0,51.9,97.5,18,1051,shot
khvicha-kvaratskhelia,https://www.sofascore.com/georgia-cyprus/HObsnVb#id:10752431,georgia,miss,No information,assisted,7.4,33.2,0,left-foot,close-high-left,0,57.5,56.9,No information,No information,20,No information,1158,33.2,7.4,42.5,0,42.5,43.1,26,1542,shot
nika-kvekveskiri,https://www.sofascore.com/georgia-cyprus/HObsnVb#id:10752431,georgia,miss,No information,assisted,26.6,49.7,0,right-foot,high-right,0,40.8,73.6,No information,No information,19,No information,1097,49.7,26.6,59.2,0,59.2,26.4,27,1603,shot
otar-kakabadze,https://www.sofascore.com/georgia-cyprus/HObsnVb#id:10752431,georgia,miss,No information,assisted,26.1,76.7,0,right-foot,high-right,0,37.8,77.8,No information,No information,14,No information,783,76.7,26.1,62.2,0,62.2,22.2,32,1917,shot
khvicha-kvaratskhelia,https://www.sofascore.com/georgia-cyprus/HObsnVb#id:10752431,georgia,miss,No information,assisted,18.5,46.4,0,left-foot,high,0,46.4,62.5,No information,No information,10,No information,583,46.4,18.5,53.6,0,53.6,37.5,36,2117,shot
mikautadze-georges,https://www.sofascore.com/georgia-cyprus/HObsnVb#id:10752431,georgia,block,No information,assisted,15.5,61.4,0,right-foot,low-centre,0,49.1,19,No information,No information,10,No information,545,61.4,15.5,50.9,0,50.9,81,36,2155,shot
ioannis-kousoulos,https://www.sofascore.com/georgia-cyprus/HObsnVb#id:10752431,cyprus,block,No information,regular,8.1,60.6,0,head,low-left,0,52.1,19,No information,No information,9,No information,519,60.6,8.1,47.9,0,47.9,81,37,2181,shot
ioannis-kousoulos,https://www.sofascore.com/georgia-cyprus/HObsnVb#id:10752431,cyprus,save,No information,assisted,11.2,56.9,0,right-foot,low-centre,0,51.6,0.6,No information,No information,9,No information,517,56.9,11.2,48.4,0,48.4,99.4,37,2183,shot
mikautadze-georges,https://www.sofascore.com/georgia-cyprus/HObsnVb#id:10752431,georgia,miss,No information,assisted,14.7,41.8,0,right-foot,left,0,59.7,5.6,No information,No information,7,No information,386,41.8,14.7,40.3,0,40.3,94.4,39,2314,shot
ioannis-kousoulos,https://www.sofascore.com/georgia-cyprus/HObsnVb#id:10752431,cyprus,save,No information,assisted,21.1,34.2,0,right-foot,low-right,0,45.7,15.8,No information,No information,4,No information,228,34.2,21.1,54.3,0,54.3,84.2,42,2472,shot

sander-berge,https://www.sofascore.com/georgia-norway/AObsnVb#id:10752406,norway,miss,No information,assisted,21.4,29.9,0,right-foot,high-right,0,36.8,75,No information,No information,90,2,5504,29.9,21.4,63.2,0,63.2,25,1,796,shot
ola-brynhildsen,https://www.sofascore.com/georgia-norway/AObsnVb#id:10752406,norway,save,No information,assisted,14.2,62.3,0,right-foot,low-centre,0,48.6,7.6,No information,No information,82,No information,4917,62.3,14.2,51.4,0,51.4,92.4,9,483,shot
khvicha-kvaratskhelia,https://www.sofascore.com/georgia-norway/AObsnVb#id:10752406,georgia,miss,No information,assisted,19.5,26.8,0,right-foot,close-right,0,42.9,9.7,No information,No information,81,No information,4821,26.8,19.5,57.1,0,57.1,90.3,10,579,shot
martin-odegaard,https://www.sofascore.com/georgia-norway/AObsnVb#id:10752406,norway,miss,No information,regular,9,48.9,0,left-foot,high,0,53.4,66.7,No information,No information,76,No information,4543,48.9,9,46.6,0,46.6,33.3,15,857,shot
alexander-sorloth,https://www.sofascore.com/georgia-norway/AObsnVb#id:10752406,norway,block,No information,assisted,2.6,56.8,0,left-foot,low-right,0,47,19,No information,No information,76,No information,4542,56.8,2.6,53,0,53,81,15,858,shot
alexander-sorloth,https://www.sofascore.com/georgia-norway/AObsnVb#id:10752406,norway,save,No information,assisted,6.3,45,0,left-foot,low-centre,0,50.2,10.8,No information,No information,72,No information,4299,45,6.3,49.8,0,49.8,89.2,19,1101,shot
fredrik-aursnes,https://www.sofascore.com/georgia-norway/AObsnVb#id:10752406,norway,block,No information,assisted,11.8,36.3,0,right-foot,low-right,0,46.7,19,No information,No information,72,No information,4295,36.3,11.8,53.3,0,53.3,81,19,1105,shot
mikautadze-georges,https://www.sofascore.com/georgia-norway/AObsnVb#id:10752406,georgia,miss,No information,assisted,6.7,68,0,right-foot,close-right,0,41.2,1.4,No information,No information,71,No information,4253,68,6.7,58.8,0,58.8,98.6,20,1147,shot
saba-lobjanidze,https://www.sofascore.com/georgia-norway/AObsnVb#id:10752406,georgia,save,No information,assisted,7.2,71.3,0,right-foot,low-centre,0,48.7,9.5,No information,No information,62,No information,3708,71.3,7.2,51.3,0,51.3,90.5,29,1692,shot
mikautadze-georges,https://www.sofascore.com/georgia-norway/AObsnVb#id:10752406,georgia,goal,regular,assisted,12.7,51.4,0,right-foot,low-centre,0,51.7,10.8,No information,No information,60,No information,3594,51.4,12.7,48.3,0,48.3,89.2,31,1806,shot
khvicha-kvaratskhelia,https://www.sofascore.com/georgia-norway/AObsnVb#id:10752406,georgia,miss,No information,assisted,21.5,25.2,0,right-foot,high-right,0,39.7,48.6,No information,No information,59,No information,3495,25.2,21.5,60.3,0,60.3,51.4,32,1905,shot
ola-solbakken,https://www.sofascore.com/georgia-norway/AObsnVb#id:10752406,norway,miss,No information,regular,23.5,70.9,0,left-foot,high,0,49.6,98.6,No information,No information,56,No information,3300,70.9,23.5,50.4,0,50.4,1.4,35,2100,shot
khvicha-kvaratskhelia,https://www.sofascore.com/georgia-norway/AObsnVb#id:10752406,georgia,block,No information,regular,17.4,51.8,0,right-foot,low-centre,0,48.8,19,No information,No information,51,No information,3045,51.8,17.4,51.2,0,51.2,81,40,2355,shot
mikautadze-georges,https://www.sofascore.com/georgia-norway/AObsnVb#id:10752406,georgia,block,No information,assisted,22.2,59.8,0,left-foot,low-left,0,54.2,19,No information,No information,51,No information,3043,59.8,22.2,45.8,0,45.8,81,40,2357,shot
otar-kakabadze,https://www.sofascore.com/georgia-norway/AObsnVb#id:10752406,georgia,save,No information,regular,2.4,65.7,0,right-foot,low-right,0,46.5,1.9,No information,No information,50,No information,2960,65.7,2.4,53.5,0,53.5,98.1,41,2440,shot
zuriko-davitashvili,https://www.sofascore.com/georgia-norway/AObsnVb#id:10752406,georgia,block,No information,regular,13.4,57.9,0,right-foot,low-centre,0,50.7,19,No information,No information,50,No information,2957,57.9,13.4,49.3,0,49.3,81,41,2443,shot
mikautadze-georges,https://www.sofascore.com/georgia-norway/AObsnVb#id:10752406,georgia,block,No information,assisted,13.1,44.5,0,right-foot,low-centre,0,50.9,19,No information,No information,50,No information,2955,44.5,13.1,49.1,0,49.1,81,41,2445,shot
marcus-pedersen,https://www.sofascore.com/georgia-norway/AObsnVb#id:10752406,norway,miss,No information,assisted,14.2,70.5,0,left-foot,left,0,61,22.2,No information,No information,47,No information,2798,70.5,14.2,39,0,39,77.8,44,2602,shot
nika-kvekveskiri,https://www.sofascore.com/georgia-norway/AObsnVb#id:10752406,georgia,block,No information,regular,22.2,75.6,0,right-foot,low-right,0,47.9,19,No information,No information,43,No information,2549,75.6,22.2,52.1,0,52.1,81,3,151,shot
mohamed-elyounoussi,https://www.sofascore.com/georgia-norway/AObsnVb#id:10752406,norway,save,No information,assisted,20.4,30.3,0,right-foot,high-centre,0,50.6,20.3,No information,No information,41,No information,2457,30.3,20.4,49.4,0,49.4,79.7,5,243,shot
khvicha-kvaratskhelia,https://www.sofascore.com/georgia-norway/AObsnVb#id:10752406,georgia,miss,No information,assisted,9.3,31.2,0,right-foot,close-high,0,45.4,52.8,No information,No information,39,No information,2298,31.2,9.3,54.6,0,54.6,47.2,7,402,shot
khvicha-kvaratskhelia,https://www.sofascore.com/georgia-norway/AObsnVb#id:10752406,georgia,block,No information,assisted,23.9,32,0,right-foot,low-left,0,53.4,19,No information,No information,35,No information,2078,32,23.9,46.6,0,46.6,81,11,622,shot
fredrik-aursnes,https://www.sofascore.com/georgia-norway/AObsnVb#id:10752406,norway,miss,No information,regular,7.1,49.7,0,left-foot,high-left,0,60,77.8,No information,No information,33,No information,1979,49.7,7.1,40,0,40,22.2,13,721,shot
mohamed-elyounoussi,https://www.sofascore.com/georgia-norway/AObsnVb#id:10752406,norway,save,No information,assisted,9.3,56.1,0,right-foot,high-centre,0,49.9,22.8,No information,No information,33,No information,1978,56.1,9.3,50.1,0,50.1,77.2,13,722,shot
martin-odegaard,https://www.sofascore.com/georgia-norway/AObsnVb#id:10752406,norway,miss,No information,assisted,15.2,32.6,0,left-foot,close-right,0,41.3,5.6,No information,No information,31,No information,1803,32.6,15.2,58.7,0,58.7,94.4,15,897,shot
patrick-berg,https://www.sofascore.com/georgia-norway/AObsnVb#id:10752406,norway,miss,No information,assisted,21.8,55.2,0,right-foot,high,0,44.7,97.2,No information,No information,30,No information,1755,55.2,21.8,55.3,0,55.3,2.8,16,945,shot
alexander-sorloth,https://www.sofascore.com/georgia-norway/AObsnVb#id:10752406,norway,block,No information,assisted,9.4,60,0,right-foot,low-centre,0,50.7,19,No information,No information,30,No information,1742,60,9.4,49.3,0,49.3,81,16,958,shot
jemal-tabidze,https://www.sofascore.com/georgia-norway/AObsnVb#id:10752406,georgia,miss,No information,corner,9.2,53.9,0,head,high-right,0,43.5,73.6,No information,No information,26,No information,1535,53.9,9.2,56.5,0,56.5,26.4,20,1165,shot
leo-ostigard,https://www.sofascore.com/georgia-norway/AObsnVb#id:10752406,norway,miss,No information,corner,10,51.5,0,head,high,0,52.6,70.8,No information,No information,21,No information,1218,51.5,10,47.4,0,47.4,29.2,25,1482,shot
alexander-sorloth,https://www.sofascore.com/georgia-norway/AObsnVb#id:10752406,norway,goal,regular,assisted,20.5,40.6,0,left-foot,low-right,0,46.1,3.2,No information,No information,15,No information,889,40.6,20.5,53.9,0,53.9,96.8,31,1811,shot
ola-solbakken,https://www.sofascore.com/georgia-norway/AObsnVb#id:10752406,norway,save,No information,assisted,21.8,64.3,0,left-foot,low-centre,0,51.8,8.9,No information,No information,8,No information,470,64.3,21.8,48.2,0,48.2,91.1,38,2230,shot
mikautadze-georges,https://www.sofascore.com/georgia-norway/AObsnVb#id:10752406,georgia,block,No information,assisted,16,33,0,right-foot,low-right,0,45.9,19,No information,No information,2,No information,80,33,16,54.1,0,54.1,81,44,2620,shot

giorgi-kochorashvili,https://www.sofascore.com/georgia-spain/YTbsnVb#id:10752581,georgia,miss,No information,free-kick,21.3,73.9,0,right-foot,high,0,46.1,81.9,No information,No information,90,5,5684,73.9,21.3,53.9,0,53.9,18.1,1,616,shot
fabian-ruiz,https://www.sofascore.com/georgia-spain/YTbsnVb#id:10752581,spain,save,No information,assisted,26.6,45.2,0,left-foot,low-centre,0,50.3,7,No information,No information,90,No information,5395,45.2,26.6,49.7,0,49.7,93,1,5,shot
oihan-sancet,https://www.sofascore.com/georgia-spain/YTbsnVb#id:10752581,spain,miss,No information,set-piece,16,47.8,0,right-foot,high-left,0,60.3,77.8,No information,No information,84,No information,5008,47.8,16,39.7,0,39.7,22.2,7,392,shot
rodri,https://www.sofascore.com/georgia-spain/YTbsnVb#id:10752581,spain,miss,No information,assisted,22.5,59.4,0,left-foot,high-left,0,62.2,84.7,No information,No information,82,No information,4877,59.4,22.5,37.8,0,37.8,15.3,9,523,shot
oihan-sancet,https://www.sofascore.com/georgia-spain/YTbsnVb#id:10752581,spain,miss,No information,corner,7,59.4,0,head,left,0,100,4.2,No information,No information,78,No information,4645,59.4,7,0,0,0,95.8,13,755,shot
fabian-ruiz,https://www.sofascore.com/georgia-spain/YTbsnVb#id:10752581,spain,block,No information,assisted,19.8,61.5,0,left-foot,low-centre,0,50.4,19,No information,No information,77,No information,4596,61.5,19.8,49.6,0,49.6,81,14,804,shot
khvicha-kvaratskhelia,https://www.sofascore.com/georgia-spain/YTbsnVb#id:10752581,georgia,block,No information,regular,21.4,67.4,0,left-foot,low-centre,0,49.9,19,No information,No information,76,No information,4536,67.4,21.4,50.1,0,50.1,81,15,864,shot
giorgi-chakvetadze,https://www.sofascore.com/georgia-spain/YTbsnVb#id:10752581,georgia,block,No information,assisted,14.5,57.9,0,left-foot,low-centre,0,48.9,19,No information,No information,76,No information,4534,57.9,14.5,51.1,0,51.1,81,15,866,shot
luka-lochoshvili,https://www.sofascore.com/georgia-spain/YTbsnVb#id:10752581,spain,goal,own,regular,10.3,65.3,0,head,low-right,0,46.4,5.7,No information,No information,72,No information,4284,65.3,10.3,53.6,0,53.6,94.3,19,1116,shot
alvaro-morata,https://www.sofascore.com/georgia-spain/YTbsnVb#id:10752581,spain,miss,No information,assisted,7.6,48.5,0,head,right,0,37.6,4.2,No information,No information,70,No information,4169,48.5,7.6,62.4,0,62.4,95.8,21,1231,shot
khvicha-kvaratskhelia,https://www.sofascore.com/georgia-spain/YTbsnVb#id:10752581,georgia,miss,No information,free-kick,23.5,31.2,0,right-foot,high,0,54.5,68.1,No information,No information,58,No information,3435,31.2,23.5,45.5,0,45.5,31.9,33,1965,shot
ferran-torres,https://www.sofascore.com/georgia-spain/YTbsnVb#id:10752581,spain,goal,regular,assisted,6.3,53,0,head,high-right,0,47.1,24.1,No information,No information,55,No information,3256,53,6.3,52.9,0,52.9,75.9,36,2144,shot
rodri,https://www.sofascore.com/georgia-spain/YTbsnVb#id:10752581,spain,save,No information,assisted,14,46.3,0,head,low-right,0,46.1,16.5,No information,No information,52,No information,3079,46.3,14,53.9,0,53.9,83.5,39,2321,shot
rodri,https://www.sofascore.com/georgia-spain/YTbsnVb#id:10752581,spain,save,No information,assisted,19.8,54.2,0,right-foot,low-centre,0,48.8,19,No information,No information,47,No information,2784,54.2,19.8,51.2,0,51.2,81,44,2616,shot
nico-williams,https://www.sofascore.com/georgia-spain/YTbsnVb#id:10752581,spain,miss,No information,assisted,23.9,37.7,0,right-foot,close-right,0,41.8,8.3,No information,No information,45,1,2733,37.7,23.9,58.2,0,58.2,91.7,1,2667,shot
khvicha-kvaratskhelia,https://www.sofascore.com/georgia-spain/YTbsnVb#id:10752581,georgia,miss,No information,fast-break,57.6,77.1,0,right-foot,left,0,88.1,4.2,No information,No information,43,No information,2563,77.1,57.6,11.9,0,11.9,95.8,3,137,shot
inigo-martinez,https://www.sofascore.com/georgia-spain/YTbsnVb#id:10752581,spain,miss,No information,assisted,27.6,43.7,0,left-foot,high-left,0,61.3,91.7,No information,No information,33,No information,1920,43.7,27.6,38.7,0,38.7,8.3,13,780,shot
alvaro-morata,https://www.sofascore.com/georgia-spain/YTbsnVb#id:10752581,spain,save,No information,assisted,4.5,53.6,0,left-foot,low-right,0,46.4,3.2,No information,No information,32,No information,1911,53.6,4.5,53.6,0,53.6,96.8,14,789,shot
fabian-ruiz,https://www.sofascore.com/georgia-spain/YTbsnVb#id:10752581,spain,block,No information,assisted,4.8,42.5,0,head,low-left,0,53.9,19,No information,No information,31,No information,1832,42.5,4.8,46.1,0,46.1,81,15,868,shot
nika-kvekveskiri,https://www.sofascore.com/georgia-spain/YTbsnVb#id:10752581,georgia,miss,No information,corner,24.9,64.3,0,right-foot,right,0,32.3,15.3,No information,No information,26,No information,1535,64.3,24.9,67.7,0,67.7,84.7,20,1165,shot
otar-kakabadze,https://www.sofascore.com/georgia-spain/YTbsnVb#id:10752581,georgia,miss,No information,corner,5,61.7,0,right-foot,left,0,76.1,5.6,No information,No information,25,No information,1444,61.7,5,23.9,0,23.9,94.4,21,1256,shot
alvaro-morata,https://www.sofascore.com/georgia-spain/YTbsnVb#id:10752581,spain,save,No information,set-piece,1.6,62,0,right-foot,low-centre,0,49.9,17.1,No information,No information,22,No information,1312,62,1.6,50.1,0,50.1,82.9,24,1388,shot
fabian-ruiz,https://www.sofascore.com/georgia-spain/YTbsnVb#id:10752581,spain,save,No information,free-kick,18.1,83.3,0,left-foot,low-right,0,46.5,19,No information,No information,22,No information,1310,83.3,18.1,53.5,0,53.5,81,24,1390,shot
ferran-torres,https://www.sofascore.com/georgia-spain/YTbsnVb#id:10752581,spain,block,No information,corner,20.9,24.2,0,right-foot,low-centre,0,51.8,2.8,No information,No information,19,No information,1131,24.2,20.9,48.2,0,48.2,97.2,27,1569,shot
daniel-carvajal,https://www.sofascore.com/georgia-spain/YTbsnVb#id:10752581,spain,block,No information,corner,20.8,59.4,0,right-foot,low-left,0,52.8,19,No information,No information,18,No information,1060,59.4,20.8,47.2,0,47.2,81,28,1640,shot
khvicha-kvaratskhelia,https://www.sofascore.com/georgia-spain/YTbsnVb#id:10752581,georgia,goal,regular,assisted,19.7,49.1,0,left-foot,low-left,0,52.9,1.3,No information,No information,10,No information,551,49.1,19.7,47.1,0,47.1,98.7,36,2149,shot
nico-williams,https://www.sofascore.com/georgia-spain/YTbsnVb#id:10752581,spain,miss,No information,regular,9.8,34.7,0,right-foot,high,0,49.9,83.3,No information,No information,8,No information,459,34.7,9.8,50.1,0,50.1,16.7,38,2241,shot
gavi,https://www.sofascore.com/georgia-spain/YTbsnVb#id:10752581,spain,save,No information,assisted,11.1,64.1,0,right-foot,high-left,0,53,23.4,No information,No information,8,No information,457,64.1,11.1,47,0,47,76.6,38,2243,shot
robin-le-normand,https://www.sofascore.com/georgia-spain/YTbsnVb#id:10752581,spain,goal,regular,set-piece,4.1,55.1,0,head,high-right,0,46,22.8,No information,No information,4,No information,205,55.1,4.1,54,0,54,77.2,42,2495,shot

dimitrios-pelkas,https://www.sofascore.com/georgia-greece/kUbsnVb#id:9223921,greece,goal,regular,regular,10.1,63.5,0,right-foot,low-right,0,47.7,16.5,No information,No information,90,5,5679,63.5,10.1,52.3,0,52.3,83.5,1,621,shot
anastasios-bakasetas,https://www.sofascore.com/georgia-greece/kUbsnVb#id:9223921,greece,goal,penalty,penalty,11.5,50,0,left-foot,low-left,0,53.7,3.8,No information,No information,90,No information,5386,50,11.5,46.3,0,46.3,96.2,1,14,shot
hatzidiakos-pantelis,https://www.sofascore.com/georgia-greece/kUbsnVb#id:9223921,greece,block,No information,set-piece,6.9,63.9,0,head,low-right,0,46.1,19,No information,No information,87,No information,5173,63.9,6.9,53.9,0,53.9,81,4,227,shot
tornike-okriashvili,https://www.sofascore.com/georgia-greece/kUbsnVb#id:9223921,georgia,save,No information,free-kick,12.2,15.7,0,right-foot,high-left,0,52.3,28.5,No information,No information,84,No information,5034,15.7,12.2,47.7,0,47.7,71.5,7,366,shot
dimitrios-pelkas,https://www.sofascore.com/georgia-greece/kUbsnVb#id:9223921,greece,save,No information,regular,8.8,54.5,0,head,low-right,0,47.7,2.5,No information,No information,80,No information,4792,54.5,8.8,52.3,0,52.3,97.5,11,608,shot
khvicha-kvaratskhelia,https://www.sofascore.com/georgia-greece/kUbsnVb#id:9223921,georgia,block,No information,regular,22.8,28.6,0,right-foot,low-centre,0,51.3,19,No information,No information,73,No information,4330,28.6,22.8,48.7,0,48.7,81,18,1070,shot
konstantinos-mavropanos,https://www.sofascore.com/georgia-greece/kUbsnVb#id:9223921,greece,miss,No information,set-piece,9.7,45.4,0,head,left,0,62.5,18.1,No information,No information,69,No information,4138,45.4,9.7,37.5,0,37.5,81.9,22,1262,shot
anastasios-bakasetas,https://www.sofascore.com/georgia-greece/kUbsnVb#id:9223921,greece,miss,No information,regular,27.4,45.2,0,left-foot,left,0,59.5,15.3,No information,No information,66,No information,3925,45.2,27.4,40.5,0,40.5,84.7,25,1475,shot
anastasios-bakasetas,https://www.sofascore.com/georgia-greece/kUbsnVb#id:9223921,greece,save,No information,assisted,29.8,60.8,0,left-foot,low-centre,0,48.2,12,No information,No information,48,No information,2825,60.8,29.8,51.8,0,51.8,88,43,2575,shot
giorgos-masouras,https://www.sofascore.com/georgia-greece/kUbsnVb#id:9223921,greece,block,No information,assisted,22.7,62.7,0,right-foot,low-centre,0,50.4,19,No information,No information,41,No information,2430,62.7,22.7,49.6,0,49.6,81,5,270,shot
giorgos-masouras,https://www.sofascore.com/georgia-greece/kUbsnVb#id:9223921,greece,save,No information,assisted,26.8,46.7,0,right-foot,low-right,0,47,17.7,No information,No information,40,No information,2366,46.7,26.8,53,0,53,82.3,6,334,shot
vangelis-pavlidis,https://www.sofascore.com/georgia-greece/kUbsnVb#id:9223921,greece,save,No information,assisted,21.6,64.5,0,right-foot,low-left,0,52.3,5.1,No information,No information,34,No information,2004,64.5,21.6,47.7,0,47.7,94.9,12,696,shot
athanasios-androutsos,https://www.sofascore.com/georgia-greece/kUbsnVb#id:9223921,greece,miss,No information,corner,23.8,60.4,0,right-foot,high,0,45.4,81.9,No information,No information,29,No information,1730,60.4,23.8,54.6,0,54.6,18.1,17,970,shot
anastasios-bakasetas,https://www.sofascore.com/georgia-greece/kUbsnVb#id:9223921,greece,block,No information,free-kick,28.9,43.5,0,left-foot,low-centre,0,49,19,No information,No information,29,No information,1707,43.5,28.9,51,0,51,81,17,993,shot
vangelis-pavlidis,https://www.sofascore.com/georgia-greece/kUbsnVb#id:9223921,greece,miss,No information,assisted,9.8,47.2,0,head,close-left,0,57.5,23.6,No information,No information,26,No information,1528,47.2,9.8,42.5,0,42.5,76.4,20,1172,shot
otar-kakabadze,https://www.sofascore.com/georgia-greece/kUbsnVb#id:9223921,georgia,save,No information,assisted,32.9,78.3,0,right-foot,low-centre,0,50.6,10.1,No information,No information,25,No information,1470,78.3,32.9,49.4,0,49.4,89.9,21,1230,shot
georgios-tzavellas,https://www.sofascore.com/georgia-greece/kUbsnVb#id:9223921,greece,save,No information,set-piece,7.6,53.4,0,head,low-centre,0,51,15.2,No information,No information,24,No information,1388,53.4,7.6,49,0,49,84.8,22,1312,shot
vangelis-pavlidis,https://www.sofascore.com/georgia-greece/kUbsnVb#id:9223921,greece,miss,No information,assisted,8.3,53.3,0,head,high,0,49.7,65.3,No information,No information,15,No information,856,53.3,8.3,50.3,0,50.3,34.7,31,1844,shot
anastasios-bakasetas,https://www.sofascore.com/georgia-greece/kUbsnVb#id:9223921,greece,save,No information,assisted,15.7,46.1,0,left-foot,low-right,0,47.2,3.2,No information,No information,12,No information,680,46.1,15.7,52.8,0,52.8,96.8,34,2020,shot

henri-jarvelaid,https://www.sofascore.com/georgia-estonia/jVbsnVb#id:8600817,estonia,miss,No information,free-kick,22.5,72,0,left-foot,high,0,50.4,69.4,No information,No information,90,5,5692,72,22.5,49.6,0,49.6,30.6,1,608,shot
saba-lobjanidze,https://www.sofascore.com/georgia-estonia/jVbsnVb#id:8600817,georgia,miss,No information,assisted,21.2,40,0,right-foot,close-right,0,43,36.1,No information,No information,90,2,5495,40,21.2,57,0,57,63.9,1,805,shot
khvicha-kvaratskhelia,https://www.sofascore.com/georgia-estonia/jVbsnVb#id:8600817,georgia,miss,No information,fast-break,13.6,43.7,0,right-foot,high-right,0,40.2,87.5,No information,No information,90,1,5435,43.7,13.6,59.8,0,59.8,12.5,1,865,shot
giorgi-kvilitaia,https://www.sofascore.com/georgia-estonia/jVbsnVb#id:8600817,georgia,miss,No information,corner,8.6,60.5,0,other,high-right,0,36.6,72.2,No information,No information,89,No information,5289,60.5,8.6,63.4,0,63.4,27.8,2,111,shot
saba-lobjanidze,https://www.sofascore.com/georgia-estonia/jVbsnVb#id:8600817,georgia,save,No information,assisted,0.8,60.4,0,right-foot,low-right,0,47.3,18.4,No information,No information,87,No information,5215,60.4,0.8,52.7,0,52.7,81.6,4,185,shot
tornike-okriashvili,https://www.sofascore.com/georgia-estonia/jVbsnVb#id:8600817,georgia,miss,No information,assisted,23.2,51.3,0,right-foot,high,0,44.7,62.5,No information,No information,72,No information,4283,51.3,23.2,55.3,0,55.3,37.5,19,1117,shot
saba-lobjanidze,https://www.sofascore.com/georgia-estonia/jVbsnVb#id:8600817,georgia,block,No information,regular,20.3,68.8,0,right-foot,low-centre,0,51.7,19,No information,No information,68,No information,4047,68.8,20.3,48.3,0,48.3,81,23,1353,shot
khvicha-kvaratskhelia,https://www.sofascore.com/georgia-estonia/jVbsnVb#id:8600817,georgia,miss,No information,assisted,24.9,69.9,0,right-foot,high-right,0,36.3,86.1,No information,No information,64,No information,3830,69.9,24.9,63.7,0,63.7,13.9,27,1570,shot
konstantin-vassiljev,https://www.sofascore.com/georgia-estonia/jVbsnVb#id:8600817,estonia,block,No information,regular,25.1,31.4,0,left-foot,low-centre,0,50.8,19,No information,No information,63,No information,3741,31.4,25.1,49.2,0,49.2,81,28,1659,shot
otar-kakabadze,https://www.sofascore.com/georgia-estonia/jVbsnVb#id:8600817,georgia,miss,No information,assisted,19.1,75,0,right-foot,high-right,0,34.1,90.3,No information,No information,45,1,2732,75,19.1,65.9,0,65.9,9.7,1,2668,shot
nika-kacharava,https://www.sofascore.com/georgia-estonia/jVbsnVb#id:8600817,georgia,goal,regular,assisted,5.7,52.6,0,head,low-left,0,54,10.1,No information,No information,32,No information,1908,52.6,5.7,46,0,46,89.9,14,792,shot
khvicha-kvaratskhelia,https://www.sofascore.com/georgia-estonia/jVbsnVb#id:8600817,georgia,miss,No information,assisted,18.7,53.8,0,left-foot,high-left,0,60.2,52.8,No information,No information,28,No information,1625,53.8,18.7,39.8,0,39.8,47.2,18,1075,shot
tunjov-georgi,https://www.sofascore.com/georgia-estonia/jVbsnVb#id:8600817,estonia,miss,No information,assisted,11,55.7,0,head,close-left,0,57.5,9.7,No information,No information,26,No information,1501,55.7,11,42.5,0,42.5,90.3,20,1199,shot
giorgi-chakvetadze,https://www.sofascore.com/georgia-estonia/jVbsnVb#id:8600817,georgia,miss,No information,assisted,21.8,37,0,right-foot,close-left,0,58.2,2.8,No information,No information,24,No information,1383,37,21.8,41.8,0,41.8,97.2,22,1317,shot
jaba-kankava,https://www.sofascore.com/georgia-estonia/jVbsnVb#id:8600817,georgia,block,No information,assisted,27.8,41.5,0,left-foot,low-centre,0,48.8,19,No information,No information,19,No information,1094,41.5,27.8,51.2,0,51.2,81,27,1606,shot
tornike-okriashvili,https://www.sofascore.com/georgia-estonia/jVbsnVb#id:8600817,georgia,block,No information,assisted,10.4,46,0,right-foot,low-left,0,54.6,5.6,No information,No information,4,No information,225,46,10.4,45.4,0,45.4,94.4,42,2475,shot

henrikh-mkhitaryan,https://www.sofascore.com/georgia-armenia/PUbsnVb#id:8600854,armenia,miss,No information,assisted,22.6,45.5,0,right-foot,high-right,0,41.5,66.7,No information,No information,90,5,5690,45.5,22.6,58.5,0,58.5,33.3,1,610,shot
henrikh-mkhitaryan,https://www.sofascore.com/georgia-armenia/PUbsnVb#id:8600854,armenia,goal,penalty,penalty,11.5,50,0,right-foot,low-centre,0,49.2,1.9,No information,No information,88,No information,5274,50,11.5,50.8,0,50.8,98.1,3,126,shot
gegam-kadimyan,https://www.sofascore.com/georgia-armenia/PUbsnVb#id:8600854,armenia,block,No information,assisted,16.1,25,0,right-foot,low-left,0,52.2,19,No information,No information,87,No information,5208,25,16.1,47.8,0,47.8,81,4,192,shot
tornike-okriashvili,https://www.sofascore.com/georgia-armenia/PUbsnVb#id:8600854,georgia,goal,regular,assisted,3,44.3,0,right-foot,high-centre,0,50.7,28.5,No information,No information,74,No information,4427,44.3,3,49.3,0,49.3,71.5,17,973,shot
valeri-qazaishvili,https://www.sofascore.com/georgia-armenia/PUbsnVb#id:8600854,georgia,miss,No information,assisted,7.7,55.2,0,left-foot,left,0,62.9,11.1,No information,No information,74,No information,4425,55.2,7.7,37.1,0,37.1,88.9,17,975,shot
tigran-barseghyan,https://www.sofascore.com/georgia-armenia/PUbsnVb#id:8600854,armenia,save,No information,free-kick,25.5,62.5,0,left-foot,low-centre,0,51.6,15.2,No information,No information,73,No information,4372,62.5,25.5,48.4,0,48.4,84.8,18,1028,shot
jaba-jigauri,https://www.sofascore.com/georgia-armenia/PUbsnVb#id:8600854,georgia,miss,No information,assisted,24.2,63.9,0,left-foot,close-high-left,0,58.2,50,No information,No information,61,No information,3601,63.9,24.2,41.8,0,41.8,50,30,1799,shot
tigran-barseghyan,https://www.sofascore.com/georgia-armenia/PUbsnVb#id:8600854,armenia,save,No information,assisted,21.3,29.3,0,left-foot,low-right,0,46.5,1.9,No information,No information,55,No information,3256,29.3,21.3,53.5,0,53.5,98.1,36,2144,shot
wbeymar-angulo,https://www.sofascore.com/georgia-armenia/PUbsnVb#id:8600854,armenia,block,No information,assisted,12.4,41.9,0,right-foot,low-right,0,48.2,19,No information,No information,54,No information,3229,41.9,12.4,51.8,0,51.8,81,37,2171,shot
valeriane-gvilia,https://www.sofascore.com/georgia-armenia/PUbsnVb#id:8600854,georgia,block,No information,assisted,25.2,34.2,0,right-foot,low-centre,0,48.7,19,No information,No information,51,No information,3047,34.2,25.2,51.3,0,51.3,81,40,2353,shot
valeri-qazaishvili,https://www.sofascore.com/georgia-armenia/PUbsnVb#id:8600854,georgia,save,No information,assisted,12.8,44.9,0,right-foot,low-centre,0,50.6,17.7,No information,No information,49,No information,2915,44.9,12.8,49.4,0,49.4,82.3,42,2485,shot
alexander-karapetyan,https://www.sofascore.com/georgia-armenia/PUbsnVb#id:8600854,armenia,miss,No information,assisted,20.1,33.4,0,left-foot,close-right,0,42.9,4.2,No information,No information,48,No information,2839,33.4,20.1,57.1,0,57.1,95.8,43,2561,shot
nika-kacharava,https://www.sofascore.com/georgia-armenia/PUbsnVb#id:8600854,georgia,goal,regular,assisted,4.4,53,0,other,low-centre,0,51.6,7.6,No information,No information,46,No information,2722,53,4.4,48.4,0,48.4,92.4,45,2678,shot
alexander-karapetyan,https://www.sofascore.com/georgia-armenia/PUbsnVb#id:8600854,armenia,block,No information,assisted,10.6,69.3,0,right-foot,low-right,0,45.2,19,No information,No information,36,No information,2112,69.3,10.6,54.8,0,54.8,81,10,588,shot
valeriane-gvilia,https://www.sofascore.com/georgia-armenia/PUbsnVb#id:8600854,georgia,miss,No information,assisted,19.1,65.7,0,left-foot,left,0,99.8,4.2,No information,No information,34,No information,2005,65.7,19.1,0.2,0,0.2,95.8,12,695,shot
nika-kacharava,https://www.sofascore.com/georgia-armenia/PUbsnVb#id:8600854,georgia,save,No information,assisted,12.1,52.4,0,right-foot,low-centre,0,51.6,8.9,No information,No information,32,No information,1881,52.4,12.1,48.4,0,48.4,91.1,14,819,shot
artak-grigoryan,https://www.sofascore.com/georgia-armenia/PUbsnVb#id:8600854,armenia,miss,No information,set-piece,6.4,41.3,0,head,high-left,0,59,75,No information,No information,30,No information,1762,41.3,6.4,41,0,41,25,16,938,shot
khoren-bayramyan,https://www.sofascore.com/georgia-armenia/PUbsnVb#id:8600854,armenia,miss,No information,regular,20.9,53,0,right-foot,left,0,95,1.4,No information,No information,27,No information,1584,53,20.9,5,0,5,98.6,19,1116,shot
valeriane-gvilia,https://www.sofascore.com/georgia-armenia/PUbsnVb#id:8600854,georgia,miss,No information,assisted,14,49.7,0,right-foot,high-right,0,40.2,44.4,No information,No information,25,No information,1498,49.7,14,59.8,0,59.8,55.6,21,1202,shot
gia-grigalava,https://www.sofascore.com/georgia-armenia/PUbsnVb#id:8600854,georgia,miss,No information,corner,4.7,55.9,0,left-foot,close-high,0,52.6,58.3,No information,No information,24,No information,1394,55.9,4.7,47.4,0,47.4,41.7,22,1306,shot
valeri-qazaishvili,https://www.sofascore.com/georgia-armenia/PUbsnVb#id:8600854,georgia,post,No information,assisted,25.8,56.5,0,right-foot,left,0,55.1,17.1,No information,No information,23,No information,1363,56.5,25.8,44.9,0,44.9,82.9,23,1337,shot
jaba-jigauri,https://www.sofascore.com/georgia-armenia/PUbsnVb#id:8600854,georgia,miss,No information,corner,15.7,71.7,0,right-foot,high-right,0,36.3,55.6,No information,No information,16,No information,953,71.7,15.7,63.7,0,63.7,44.4,30,1747,shot
nika-kacharava,https://www.sofascore.com/georgia-armenia/PUbsnVb#id:8600854,georgia,save,No information,assisted,8.2,45,0,head,high-centre,0,49.9,35.4,No information,No information,16,No information,911,45,8.2,50.1,0,50.1,64.6,30,1789,shot
valeri-qazaishvili,https://www.sofascore.com/georgia-armenia/PUbsnVb#id:8600854,georgia,save,No information,assisted,20.9,27.1,0,right-foot,low-right,0,45.3,5.1,No information,No information,15,No information,853,27.1,20.9,54.7,0,54.7,94.9,31,1847,shot
khoren-bayramyan,https://www.sofascore.com/georgia-armenia/PUbsnVb#id:8600854,armenia,goal,regular,assisted,8,59.1,0,right-foot,low-centre,0,51.3,8.9,No information,No information,6,No information,304,59.1,8,48.7,0,48.7,91.1,40,2396,shot

ricardo-rodriguez,https://www.sofascore.com/georgia-switzerland/ZTbsnVb#id:8079069,switzerland,save,No information,free-kick,25.2,55.5,0,left-foot,low-centre,0,50.9,13.3,No information,No information,90,2,5517,55.5,25.2,49.1,0,49.1,86.7,1,783,shot
cedric-itten,https://www.sofascore.com/georgia-switzerland/ZTbsnVb#id:8079069,switzerland,block,No information,assisted,8.6,65.4,0,right-foot,No information,No information,No information,No information,No information,No information,90,1,5427,65.4,8.6,No information,No information,No information,No information,1,873,shot
jaba-kankava,https://www.sofascore.com/georgia-switzerland/ZTbsnVb#id:8079069,georgia,block,No information,assisted,33.8,52.1,0,right-foot,No information,No information,No information,No information,No information,No information,89,No information,5292,52.1,33.8,No information,No information,No information,No information,2,108,shot
valeri-qazaishvili,https://www.sofascore.com/georgia-switzerland/ZTbsnVb#id:8079069,georgia,save,No information,assisted,16.2,46.9,0,left-foot,low-centre,0,48.5,3.2,No information,No information,88,No information,5256,46.9,16.2,51.5,0,51.5,96.8,3,144,shot
denis-zakaria,https://www.sofascore.com/georgia-switzerland/ZTbsnVb#id:8079069,switzerland,miss,No information,assisted,19.6,36.4,0,right-foot,high,0,51.6,69.4,No information,No information,84,No information,4995,36.4,19.6,48.4,0,48.4,30.6,7,405,shot
granit-xhaka,https://www.sofascore.com/georgia-switzerland/ZTbsnVb#id:8079069,switzerland,block,No information,assisted,21.5,31.8,0,left-foot,No information,No information,No information,No information,No information,No information,81,No information,4822,31.8,21.5,No information,No information,No information,No information,10,578,shot
otar-kiteishvili,https://www.sofascore.com/georgia-switzerland/ZTbsnVb#id:8079069,georgia,miss,No information,assisted,19.9,46.7,0,left-foot,right,0,37.8,5.6,No information,No information,80,No information,4741,46.7,19.9,62.2,0,62.2,94.4,11,659,shot
cedric-itten,https://www.sofascore.com/georgia-switzerland/ZTbsnVb#id:8079069,switzerland,goal,regular,assisted,9.1,45.8,0,head,low-right,0,46.2,4.4,No information,No information,77,No information,4567,45.8,9.1,53.8,0,53.8,95.6,14,833,shot
otar-kiteishvili,https://www.sofascore.com/georgia-switzerland/ZTbsnVb#id:8079069,georgia,save,No information,assisted,23.5,23.1,0,right-foot,high-left,0,54.2,24.7,No information,No information,75,No information,4488,23.1,23.5,45.8,0,45.8,75.3,16,912,shot
valeri-qazaishvili,https://www.sofascore.com/georgia-switzerland/ZTbsnVb#id:8079069,georgia,miss,No information,assisted,22.9,63.2,0,right-foot,left,0,59.3,12.5,No information,No information,71,No information,4216,63.2,22.9,40.7,0,40.7,87.5,20,1184,shot
granit-xhaka,https://www.sofascore.com/georgia-switzerland/ZTbsnVb#id:8079069,switzerland,save,No information,assisted,21.1,31.2,0,left-foot,low-centre,0,50.1,4.4,No information,No information,70,No information,4140,31.2,21.1,49.9,0,49.9,95.6,21,1260,shot
levan-shengelia,https://www.sofascore.com/georgia-switzerland/ZTbsnVb#id:8079069,georgia,miss,No information,assisted,18.2,56.9,0,left-foot,high-left,0,58,65.3,No information,No information,64,No information,3814,56.9,18.2,42,0,42,34.7,27,1586,shot
levan-shengelia,https://www.sofascore.com/georgia-switzerland/ZTbsnVb#id:8079069,georgia,miss,No information,fast-break,24.5,69,0,left-foot,left,0,61.5,11.1,No information,No information,63,No information,3726,69,24.5,38.5,0,38.5,88.9,28,1674,shot
levan-shengelia,https://www.sofascore.com/georgia-switzerland/ZTbsnVb#id:8079069,georgia,miss,No information,assisted,22.2,56,0,left-foot,close-left,0,58.2,20.8,No information,No information,57,No information,3399,56,22.2,41.8,0,41.8,79.2,34,2001,shot
denis-zakaria,https://www.sofascore.com/georgia-switzerland/ZTbsnVb#id:8079069,switzerland,block,No information,assisted,12.3,68.1,0,right-foot,No information,No information,No information,No information,No information,No information,57,No information,3373,68.1,12.3,No information,No information,No information,No information,34,2027,shot
ricardo-rodriguez,https://www.sofascore.com/georgia-switzerland/ZTbsnVb#id:8079069,switzerland,save,No information,assisted,30,41.2,0,left-foot,low-right,0,46.6,12,No information,No information,49,No information,2922,41.2,30,53.4,0,53.4,88,42,2478,shot
levan-shengelia,https://www.sofascore.com/georgia-switzerland/ZTbsnVb#id:8079069,georgia,save,No information,assisted,28.9,44,0,left-foot,low-centre,0,49.4,5.7,No information,No information,47,No information,2762,44,28.9,50.6,0,50.6,94.3,44,2638,shot
manuel-akanji,https://www.sofascore.com/georgia-switzerland/ZTbsnVb#id:8079069,switzerland,save,No information,corner,8.5,54,0,head,low-centre,0,51.8,7,No information,No information,45,3,2839,54,8.5,48.2,0,48.2,93,1,2561,shot
nico-elvedi,https://www.sofascore.com/georgia-switzerland/ZTbsnVb#id:8079069,switzerland,block,No information,corner,7.9,47.3,0,head,low-left,0,52.6,13.9,No information,No information,39,No information,2329,47.3,7.9,47.4,0,47.4,86.1,7,371,shot
edimilson-fernandes,https://www.sofascore.com/georgia-switzerland/ZTbsnVb#id:8079069,switzerland,block,No information,corner,22.4,73.2,0,right-foot,No information,No information,No information,No information,No information,No information,37,No information,2204,73.2,22.4,No information,No information,No information,No information,9,496,shot
nico-elvedi,https://www.sofascore.com/georgia-switzerland/ZTbsnVb#id:8079069,switzerland,block,No information,corner,9.3,52.9,0,head,No information,No information,No information,No information,No information,No information,37,No information,2198,52.9,9.3,No information,No information,No information,No information,9,502,shot
edimilson-fernandes,https://www.sofascore.com/georgia-switzerland/ZTbsnVb#id:8079069,switzerland,save,No information,set-piece,7.6,72.6,0,right-foot,low-right,0,48.1,5.1,No information,No information,35,No information,2049,72.6,7.6,51.9,0,51.9,94.9,11,651,shot
ricardo-rodriguez,https://www.sofascore.com/georgia-switzerland/ZTbsnVb#id:8079069,switzerland,miss,No information,set-piece,26,46.4,0,left-foot,right,0,37,2.8,No information,No information,30,No information,1754,46.4,26,63,0,63,97.2,16,946,shot
zuriko-davitashvili,https://www.sofascore.com/georgia-switzerland/ZTbsnVb#id:8079069,georgia,block,No information,assisted,13.9,29.1,0,right-foot,No information,No information,No information,No information,No information,No information,26,No information,1531,29.1,13.9,No information,No information,No information,No information,20,1169,shot
granit-xhaka,https://www.sofascore.com/georgia-switzerland/ZTbsnVb#id:8079069,switzerland,miss,No information,assisted,30.5,69.4,0,left-foot,high,0,51.8,80.6,No information,No information,25,No information,1475,69.4,30.5,48.2,0,48.2,19.4,21,1225,shot
granit-xhaka,https://www.sofascore.com/georgia-switzerland/ZTbsnVb#id:8079069,switzerland,miss,No information,assisted,18.7,78.4,0,left-foot,high,0,48.9,62.5,No information,No information,24,No information,1414,78.4,18.7,51.1,0,51.1,37.5,22,1286,shot
albian-ajeti,https://www.sofascore.com/georgia-switzerland/ZTbsnVb#id:8079069,switzerland,save,No information,regular,2.9,53.7,0,left-foot,low-centre,0,50.9,11.4,No information,No information,24,No information,1389,53.7,2.9,49.1,0,49.1,88.6,22,1311,shot
granit-xhaka,https://www.sofascore.com/georgia-switzerland/ZTbsnVb#id:8079069,switzerland,save,No information,assisted,26.3,52.8,0,left-foot,low-centre,0,49.3,1.9,No information,No information,24,No information,1385,52.8,26.3,50.7,0,50.7,98.1,22,1315,shot
giorgi-kvilitaia,https://www.sofascore.com/georgia-switzerland/ZTbsnVb#id:8079069,georgia,save,No information,regular,4.6,55.1,0,right-foot,low-right,0,46.4,11.4,No information,No information,19,No information,1121,55.1,4.6,53.6,0,53.6,88.6,27,1579,shot
zuriko-davitashvili,https://www.sofascore.com/georgia-switzerland/ZTbsnVb#id:8079069,georgia,block,No information,regular,27.9,54.4,0,right-foot,No information,No information,No information,No information,No information,No information,18,No information,1061,54.4,27.9,No information,No information,No information,No information,28,1639,shot
otar-kiteishvili,https://www.sofascore.com/georgia-switzerland/ZTbsnVb#id:8079069,georgia,block,No information,assisted,26.7,45.4,0,left-foot,No information,No information,No information,No information,No information,No information,18,No information,1023,45.4,26.7,No information,No information,No information,No information,28,1677,shot
granit-xhaka,https://www.sofascore.com/georgia-switzerland/ZTbsnVb#id:8079069,switzerland,block,No information,regular,18.9,55.5,0,right-foot,No information,No information,No information,No information,No information,No information,17,No information,962,55.5,18.9,No information,No information,No information,No information,29,1738,shot
renato-steffen,https://www.sofascore.com/georgia-switzerland/ZTbsnVb#id:8079069,switzerland,block,No information,assisted,11.1,38.6,0,left-foot,No information,No information,No information,No information,No information,No information,16,No information,959,38.6,11.1,No information,No information,No information,No information,30,1741,shot
renato-steffen,https://www.sofascore.com/georgia-switzerland/ZTbsnVb#id:8079069,switzerland,miss,No information,assisted,7.3,45.8,0,head,high,0,52.3,69.4,No information,No information,12,No information,697,45.8,7.3,47.7,0,47.7,30.6,34,2003,shot
ricardo-rodriguez,https://www.sofascore.com/georgia-switzerland/ZTbsnVb#id:8079069,switzerland,save,No information,assisted,31.4,40.6,0,left-foot,low-centre,0,49,7.6,No information,No information,9,No information,534,40.6,31.4,51,0,51,92.4,37,2166,shot
denis-zakaria,https://www.sofascore.com/georgia-switzerland/ZTbsnVb#id:8079069,switzerland,save,No information,assisted,30.1,47.6,0,right-foot,low-centre,0,48.6,5.1,No information,No information,9,No information,481,47.6,30.1,51.4,0,51.4,94.9,37,2219,shot
jaba-kankava,https://www.sofascore.com/georgia-switzerland/ZTbsnVb#id:8079069,georgia,save,No information,assisted,29.9,60.1,0,right-foot,low-centre,0,49.8,2.5,No information,No information,6,No information,317,60.1,29.9,50.2,0,50.2,97.5,40,2383,shot

bradley-banda,https://www.sofascore.com/gibraltar-georgia/nVbsoKbb#id:10023416,gibraltar,block,No information,set-piece,12.4,42.1,0,left-foot,low-centre,0,51.7,19,No information,No information,90,9,5902,42.1,12.4,48.3,0,48.3,81,1,398,shot
nika-kvekveskiri,https://www.sofascore.com/gibraltar-georgia/nVbsoKbb#id:10023416,georgia,miss,No information,assisted,24.4,61.8,0,right-foot,close-left,0,58.2,11.1,No information,No information,90,8,5834,61.8,24.4,41.8,0,41.8,88.9,1,466,shot
liam-walker,https://www.sofascore.com/gibraltar-georgia/nVbsoKbb#id:10023416,gibraltar,save,No information,throw-in-set-piece,15.2,59,0,left-foot,high-centre,0,50.2,32.9,No information,No information,90,4,5603,59,15.2,49.8,0,49.8,67.1,1,697,shot
mikautadze-georges,https://www.sofascore.com/gibraltar-georgia/nVbsoKbb#id:10023416,georgia,block,No information,assisted,23,56.7,0,right-foot,low-centre,0,49.6,19,No information,No information,90,3,5537,56.7,23,50.4,0,50.4,81,1,763,shot
louie-annesley,https://www.sofascore.com/gibraltar-georgia/nVbsoKbb#id:10023416,gibraltar,save,No information,throw-in-set-piece,8.6,43.6,0,head,low-centre,0,50.1,1.9,No information,No information,90,No information,5363,43.6,8.6,49.9,0,49.9,98.1,1,37,shot
guram-kashia,https://www.sofascore.com/gibraltar-georgia/nVbsoKbb#id:10023416,georgia,miss,No information,corner,8.8,51.8,0,right-foot,high,0,54.8,97.2,No information,No information,84,No information,4995,51.8,8.8,45.2,0,45.2,2.8,7,405,shot
saba-lobjanidze,https://www.sofascore.com/gibraltar-georgia/nVbsoKbb#id:10023416,georgia,save,No information,assisted,11,69.7,0,right-foot,low-left,0,51.9,3.8,No information,No information,83,No information,4956,69.7,11,48.1,0,48.1,96.2,8,444,shot
louie-annesley,https://www.sofascore.com/gibraltar-georgia/nVbsoKbb#id:10023416,gibraltar,goal,regular,set-piece,2.8,44.3,0,left-foot,low-left,0,53.8,1.9,No information,No information,75,No information,4461,44.3,2.8,46.2,0,46.2,98.1,16,939,shot
bernardo-lopes,https://www.sofascore.com/gibraltar-georgia/nVbsoKbb#id:10023416,gibraltar,miss,No information,assisted,11.4,60.8,0,head,left,0,60.8,25,No information,No information,66,No information,3947,60.8,11.4,39.2,0,39.2,75,25,1453,shot
anzor-mekvabishvili,https://www.sofascore.com/gibraltar-georgia/nVbsoKbb#id:10023416,georgia,miss,No information,corner,19.6,53,0,left-foot,high,0,49.2,73.6,No information,No information,63,No information,3762,53,19.6,50.8,0,50.8,26.4,28,1638,shot
nika-kvekveskiri,https://www.sofascore.com/gibraltar-georgia/nVbsoKbb#id:10023416,georgia,save,No information,assisted,20.8,44.3,0,right-foot,low-right,0,45.9,2.5,No information,No information,52,No information,3094,44.3,20.8,54.1,0,54.1,97.5,39,2306,shot
khvicha-kvaratskhelia,https://www.sofascore.com/gibraltar-georgia/nVbsoKbb#id:10023416,georgia,block,No information,fast-break,13.7,43.9,0,right-foot,low-right,0,47.7,19,No information,No information,50,No information,2957,43.9,13.7,52.3,0,52.3,81,41,2443,shot
giorgi-tsitaishvili,https://www.sofascore.com/gibraltar-georgia/nVbsoKbb#id:10023416,georgia,goal,regular,assisted,9.3,40.6,0,left-foot,low-right,0,47.8,0.6,No information,No information,48,No information,2877,40.6,9.3,52.2,0,52.2,99.4,43,2523,shot
nika-kvekveskiri,https://www.sofascore.com/gibraltar-georgia/nVbsoKbb#id:10023416,georgia,block,No information,assisted,22.1,42.7,0,right-foot,low-centre,0,51.3,19,No information,No information,48,No information,2861,42.7,22.1,48.7,0,48.7,81,43,2539,shot
azarovi-irakli,https://www.sofascore.com/gibraltar-georgia/nVbsoKbb#id:10023416,georgia,block,No information,assisted,26.6,31.2,0,left-foot,low-centre,0,50.5,19,No information,No information,45,4,2889,31.2,26.6,49.5,0,49.5,81,1,2511,shot
scott-wiseman,https://www.sofascore.com/gibraltar-georgia/nVbsoKbb#id:10023416,gibraltar,save,No information,corner,7,61.6,0,right-foot,low-centre,0,50.7,5.1,No information,No information,45,1,2716,61.6,7,49.3,0,49.3,94.9,1,2684,shot
lee-casciaro,https://www.sofascore.com/gibraltar-georgia/nVbsoKbb#id:10023416,gibraltar,save,No information,corner,19.2,39,0,right-foot,high-centre,0,49.6,21.5,No information,No information,45,1,2713,39,19.2,50.4,0,50.4,78.5,1,2687,shot
khvicha-kvaratskhelia,https://www.sofascore.com/gibraltar-georgia/nVbsoKbb#id:10023416,georgia,miss,No information,assisted,24.1,64.7,0,right-foot,left,0,61.8,4.2,No information,No information,41,No information,2412,64.7,24.1,38.2,0,38.2,95.8,5,288,shot
budu-zivzivadze,https://www.sofascore.com/gibraltar-georgia/nVbsoKbb#id:10023416,georgia,miss,No information,regular,21.4,48.8,0,left-foot,left,0,61.2,1.4,No information,No information,39,No information,2308,48.8,21.4,38.8,0,38.8,98.6,7,392,shot
nika-kvekveskiri,https://www.sofascore.com/gibraltar-georgia/nVbsoKbb#id:10023416,georgia,miss,No information,free-kick,24.4,53,0,right-foot,close-high-right,0,41.7,59.7,No information,No information,30,No information,1748,53,24.4,58.3,0,58.3,40.3,16,952,shot
anzor-mekvabishvili,https://www.sofascore.com/gibraltar-georgia/nVbsoKbb#id:10023416,georgia,save,No information,corner,13.1,69.4,0,left-foot,low-centre,0,49,15.2,No information,No information,26,No information,1534,69.4,13.1,51,0,51,84.8,20,1166,shot
khvicha-kvaratskhelia,https://www.sofascore.com/gibraltar-georgia/nVbsoKbb#id:10023416,georgia,save,No information,assisted,26.6,53.6,0,right-foot,high-centre,0,50.5,28.5,No information,No information,25,No information,1494,53.6,26.6,49.5,0,49.5,71.5,21,1206,shot
khvicha-kvaratskhelia,https://www.sofascore.com/gibraltar-georgia/nVbsoKbb#id:10023416,georgia,goal,penalty,penalty,11.5,50,0,right-foot,low-right,0,45.9,6.3,No information,No information,19,No information,1094,50,11.5,54.1,0,54.1,93.7,27,1606,shot
khvicha-kvaratskhelia,https://www.sofascore.com/gibraltar-georgia/nVbsoKbb#id:10023416,georgia,block,No information,regular,20.9,57.9,0,right-foot,low-centre,0,49.2,19,No information,No information,15,No information,868,57.9,20.9,50.8,0,50.8,81,31,1832,shot
budu-zivzivadze,https://www.sofascore.com/gibraltar-georgia/nVbsoKbb#id:10023416,georgia,save,No information,assisted,14.4,44.8,0,left-foot,low-centre,0,49.9,0.6,No information,No information,13,No information,762,44.8,14.4,50.1,0,50.1,99.4,33,1938,shot
otar-kakabadze,https://www.sofascore.com/gibraltar-georgia/nVbsoKbb#id:10023416,georgia,miss,No information,assisted,23.7,71.8,0,right-foot,high-right,0,39.8,63.9,No information,No information,12,No information,708,71.8,23.7,60.2,0,60.2,36.1,34,1992,shot
budu-zivzivadze,https://www.sofascore.com/gibraltar-georgia/nVbsoKbb#id:10023416,georgia,block,No information,assisted,14.5,44.3,0,right-foot,low-centre,0,51.3,19,No information,No information,8,No information,456,44.3,14.5,48.7,0,48.7,81,38,2244,shot
budu-zivzivadze,https://www.sofascore.com/gibraltar-georgia/nVbsoKbb#id:10023416,georgia,save,No information,regular,3.8,54.6,0,right-foot,low-right,0,47.8,5.1,No information,No information,8,No information,431,54.6,3.8,52.2,0,52.2,94.9,38,2269,shot
giorgi-tsitaishvili,https://www.sofascore.com/gibraltar-georgia/nVbsoKbb#id:10023416,georgia,save,No information,assisted,4.4,70.3,0,right-foot,low-right,0,46.7,15.3,No information,No information,8,No information,429,70.3,4.4,53.3,0,53.3,84.7,38,2271,shot
kian-ronan,https://www.sofascore.com/gibraltar-georgia/nVbsoKbb#id:10023416,gibraltar,miss,No information,set-piece,28.5,48,0,right-foot,left,0,64.9,4.2,No information,No information,5,No information,259,48,28.5,35.1,0,35.1,95.8,41,2441,shot
lee-casciaro,https://www.sofascore.com/gibraltar-georgia/nVbsoKbb#id:10023416,gibraltar,block,No information,set-piece,21.8,47.8,0,left-foot,low-right,0,47.9,19,No information,No information,5,No information,257,47.8,21.8,52.1,0,52.1,81,41,2443,shot
nika-kvekveskiri,https://www.sofascore.com/gibraltar-georgia/nVbsoKbb#id:10023416,georgia,save,No information,assisted,25.3,58.8,0,right-foot,low-left,0,52.3,8.9,No information,No information,1,No information,25,58.8,25.3,47.7,0,47.7,91.1,45,2675,shot

mikautadze-georges,https://www.sofascore.com/georgia-sweden/NTbsnVb#id:9223713,georgia,block,No information,assisted,20.1,66.3,0,right-foot,low-right,0,46.8,19,No information,No information,90,3,5566,66.3,20.1,53.2,0,53.2,81,1,734,shot
sebastian-larsson,https://www.sofascore.com/georgia-sweden/NTbsnVb#id:9223713,sweden,miss,No information,assisted,24.5,52,0,right-foot,high,0,48.7,70.8,No information,No information,83,No information,4947,52,24.5,51.3,0,51.3,29.2,8,453,shot
levan-shengelia,https://www.sofascore.com/georgia-sweden/NTbsnVb#id:9223713,georgia,save,No information,assisted,13.8,52.8,0,left-foot,low-left,0,51.9,8.2,No information,No information,82,No information,4867,52.8,13.8,48.1,0,48.1,91.8,9,533,shot
alexander-isak,https://www.sofascore.com/georgia-sweden/NTbsnVb#id:9223713,sweden,save,No information,regular,14.7,41,0,right-foot,low-left,0,53.1,4.4,No information,No information,80,No information,4795,41,14.7,46.9,0,46.9,95.6,11,605,shot
valeriane-gvilia,https://www.sofascore.com/georgia-sweden/NTbsnVb#id:9223713,georgia,block,No information,set-piece,26.5,53.2,0,left-foot,low-centre,0,48.9,19,No information,No information,79,No information,4732,53.2,26.5,51.1,0,51.1,81,12,668,shot
mikael-lustig,https://www.sofascore.com/georgia-sweden/NTbsnVb#id:9223713,sweden,miss,No information,corner,13.2,46.6,0,head,high,0,51.4,61.1,No information,No information,78,No information,4644,46.6,13.2,48.6,0,48.6,38.9,13,756,shot
giorgi-kvilitaia,https://www.sofascore.com/georgia-sweden/NTbsnVb#id:9223713,georgia,miss,No information,assisted,7.6,48.1,0,head,high-left,0,62.4,54.2,No information,No information,66,No information,3943,48.1,7.6,37.6,0,37.6,45.8,25,1457,shot
giorgi-aburjania,https://www.sofascore.com/georgia-sweden/NTbsnVb#id:9223713,georgia,miss,No information,assisted,8.3,49.4,0,head,high,0,54.8,68.1,No information,No information,47,No information,2814,49.4,8.3,45.2,0,45.2,31.9,44,2586,shot
zlatan-ibrahimovic,https://www.sofascore.com/georgia-sweden/NTbsnVb#id:9223713,sweden,miss,No information,assisted,14.5,56.1,0,right-foot,close-left,0,58.3,9.7,No information,No information,39,No information,2307,56.1,14.5,41.7,0,41.7,90.3,7,393,shot
sebastian-larsson,https://www.sofascore.com/georgia-sweden/NTbsnVb#id:9223713,sweden,block,No information,regular,21.4,47.4,0,right-foot,low-left,0,54.2,19,No information,No information,36,No information,2133,47.4,21.4,45.8,0,45.8,81,10,567,shot
viktor-claesson,https://www.sofascore.com/georgia-sweden/NTbsnVb#id:9223713,sweden,goal,regular,assisted,4.8,56.5,0,right-foot,low-centre,0,50.4,2.5,No information,No information,35,No information,2050,56.5,4.8,49.6,0,49.6,97.5,11,650,shot
zlatan-ibrahimovic,https://www.sofascore.com/georgia-sweden/NTbsnVb#id:9223713,sweden,miss,No information,assisted,22.6,60.2,0,left-foot,high,0,49.9,81.9,No information,No information,29,No information,1717,60.2,22.6,50.1,0,50.1,18.1,17,983,shot
jaba-kankava,https://www.sofascore.com/georgia-sweden/NTbsnVb#id:9223713,georgia,block,No information,regular,22.6,40,0,right-foot,low-centre,0,48.4,19,No information,No information,27,No information,1608,40,22.6,51.6,0,51.6,81,19,1092,shot
filip-helander,https://www.sofascore.com/georgia-sweden/NTbsnVb#id:9223713,sweden,miss,No information,corner,15.4,51.3,0,head,right,0,40.7,20.8,No information,No information,25,No information,1497,51.3,15.4,59.3,0,59.3,79.2,21,1203,shot
alexander-isak,https://www.sofascore.com/georgia-sweden/NTbsnVb#id:9223713,sweden,save,No information,assisted,10,41.7,0,left-foot,low-centre,0,51.6,6.3,No information,No information,25,No information,1443,41.7,10,48.4,0,48.4,93.7,21,1257,shot
dejan-kulusevski,https://www.sofascore.com/georgia-sweden/NTbsnVb#id:9223713,sweden,save,No information,assisted,11.6,66,0,left-foot,high-centre,0,48.5,22.8,No information,No information,14,No information,827,66,11.6,51.5,0,51.5,77.2,32,1873,shot
giorgi-kvilitaia,https://www.sofascore.com/georgia-sweden/NTbsnVb#id:9223713,georgia,save,No information,fast-break,12.9,34.3,0,right-foot,low-centre,0,50.3,1.9,No information,No information,14,No information,794,34.3,12.9,49.7,0,49.7,98.1,32,1906,shot
giorgi-kvilitaia,https://www.sofascore.com/georgia-sweden/NTbsnVb#id:9223713,georgia,save,No information,assisted,5.4,43.9,0,head,low-centre,0,50,19.6,No information,No information,11,No information,639,43.9,5.4,50,0,50,80.4,35,2061,shot

astrit-selmani,https://www.sofascore.com/kosovo-georgia/nVbsBNlb#id:9223922,kosovo,miss,No information,assisted,8.3,54.8,0,right-foot,high,0,52.8,73.6,No information,No information,90,No information,5392,54.8,8.3,47.2,0,47.2,26.4,1,8,shot
valeriane-gvilia,https://www.sofascore.com/kosovo-georgia/nVbsBNlb#id:9223922,georgia,miss,No information,regular,15.1,59,0,right-foot,left,0,65.5,27.8,No information,No information,86,No information,5159,59,15.1,34.5,0,34.5,72.2,5,241,shot
saba-lobjanidze,https://www.sofascore.com/kosovo-georgia/nVbsBNlb#id:9223922,georgia,block,No information,assisted,8,45.2,0,right-foot,low-centre,0,49.4,19,No information,No information,86,No information,5156,45.2,8,50.6,0,50.6,81,5,244,shot
vedat-muriqi,https://www.sofascore.com/kosovo-georgia/nVbsBNlb#id:9223922,kosovo,miss,No information,assisted,13.8,55.3,0,head,high-right,0,40,45.8,No information,No information,86,No information,5100,55.3,13.8,60,0,60,54.2,5,300,shot
zuriko-davitashvili,https://www.sofascore.com/kosovo-georgia/nVbsBNlb#id:9223922,georgia,goal,regular,regular,7,54,0,head,low-centre,0,48.7,6.3,No information,No information,82,No information,4907,54,7,51.3,0,51.3,93.7,9,493,shot
vedat-muriqi,https://www.sofascore.com/kosovo-georgia/nVbsBNlb#id:9223922,kosovo,miss,No information,assisted,8.8,56.9,0,head,left,0,69.1,8.3,No information,No information,81,No information,4833,56.9,8.8,30.9,0,30.9,91.7,10,567,shot
vedat-muriqi,https://www.sofascore.com/kosovo-georgia/nVbsBNlb#id:9223922,kosovo,save,No information,assisted,8.1,50,0,head,high-centre,0,48.6,20.9,No information,No information,75,No information,4468,50,8.1,51.4,0,51.4,79.1,16,932,shot
bersant-celina,https://www.sofascore.com/kosovo-georgia/nVbsBNlb#id:9223922,kosovo,miss,No information,assisted,26.2,37.3,0,right-foot,close-left,0,58,6.9,No information,No information,71,No information,4236,37.3,26.2,42,0,42,93.1,20,1164,shot
milot-rashica,https://www.sofascore.com/kosovo-georgia/nVbsBNlb#id:9223922,kosovo,block,No information,fast-break,9.5,36.8,0,right-foot,low-left,0,52.6,19,No information,No information,63,No information,3725,36.8,9.5,47.4,0,47.4,81,28,1675,shot
milot-rashica,https://www.sofascore.com/kosovo-georgia/nVbsBNlb#id:9223922,kosovo,block,No information,assisted,18.5,71.1,0,right-foot,low-left,0,52.3,19,No information,No information,53,No information,3121,71.1,18.5,47.7,0,47.7,81,38,2279,shot
saba-lobjanidze,https://www.sofascore.com/kosovo-georgia/nVbsBNlb#id:9223922,georgia,miss,No information,assisted,11.1,72.1,0,left-foot,close-left,0,57.6,27.8,No information,No information,47,No information,2807,72.1,11.1,42.4,0,42.4,72.2,44,2593,shot
vedat-muriqi,https://www.sofascore.com/kosovo-georgia/nVbsBNlb#id:9223922,kosovo,goal,penalty,penalty,11.5,50,0,left-foot,low-left,0,53.3,8.9,No information,No information,45,No information,2693,50,11.5,46.7,0,46.7,91.1,1,7,shot
bersant-celina,https://www.sofascore.com/kosovo-georgia/nVbsBNlb#id:9223922,kosovo,block,No information,assisted,21.9,36.9,0,right-foot,low-right,0,46.1,16.7,No information,No information,43,No information,2542,36.9,21.9,53.9,0,53.9,83.3,3,158,shot
elbasan-rashani,https://www.sofascore.com/kosovo-georgia/nVbsBNlb#id:9223922,kosovo,block,No information,assisted,8.1,55.1,0,left-foot,low-right,0,46.4,19,No information,No information,39,No information,2317,55.1,8.1,53.6,0,53.6,81,7,383,shot
milot-rashica,https://www.sofascore.com/kosovo-georgia/nVbsBNlb#id:9223922,kosovo,block,No information,assisted,14,37.5,0,right-foot,low-centre,0,49,19,No information,No information,27,No information,1566,37.5,14,51,0,51,81,19,1134,shot
guram-giorbelidze,https://www.sofascore.com/kosovo-georgia/nVbsBNlb#id:9223922,georgia,miss,No information,assisted,9.2,39.2,0,left-foot,left,0,60.8,11.1,No information,No information,16,No information,942,39.2,9.2,39.2,0,39.2,88.9,30,1758,shot
tornike-okriashvili,https://www.sofascore.com/kosovo-georgia/nVbsBNlb#id:9223922,georgia,goal,regular,regular,3.1,64.3,0,left-foot,low-right,0,47.5,5.1,No information,No information,11,No information,625,64.3,3.1,52.5,0,52.5,94.9,35,2075,shot
milot-rashica,https://www.sofascore.com/kosovo-georgia/nVbsBNlb#id:9223922,kosovo,save,No information,assisted,4.6,65.8,0,right-foot,low-centre,0,50.3,5.1,No information,No information,6,No information,305,65.8,4.6,49.7,0,49.7,94.9,40,2395,shot

kerem-akturkoglu,https://www.sofascore.com/georgia-turkey/aUbsnVb#id:12198159,türkiye,goal,regular,fast-break,23.4,65,0,right-foot,low-left,0,52.5,3.2,No information,No information,90,7,5790,65,23.4,47.5,0,47.5,96.8,1,510,shot
zuriko-davitashvili,https://www.sofascore.com/georgia-turkey/aUbsnVb#id:12198159,georgia,save,No information,set-piece,11.4,59.5,0,right-foot,low-centre,0,50.5,19,No information,No information,90,6,5729,59.5,11.4,49.5,0,49.5,81,1,571,shot
giorgi-kochorashvili,https://www.sofascore.com/georgia-turkey/aUbsnVb#id:12198159,georgia,miss,No information,regular,7.9,46.8,0,left-foot,close-left,0,58,19.4,No information,No information,90,3,5567,46.8,7.9,42,0,42,80.6,1,733,shot
budu-zivzivadze,https://www.sofascore.com/georgia-turkey/aUbsnVb#id:12198159,georgia,block,No information,assisted,5.7,41.1,0,left-foot,low-centre,0,51,19,No information,No information,90,3,5566,41.1,5.7,49,0,49,81,1,734,shot
yusuf-yazici,https://www.sofascore.com/georgia-turkey/aUbsnVb#id:12198159,türkiye,save,No information,assisted,8.3,45.2,0,head,high-centre,0,51.6,25.3,No information,No information,87,No information,5183,45.2,8.3,48.4,0,48.4,74.7,4,217,shot
luka-lochoshvili,https://www.sofascore.com/georgia-turkey/aUbsnVb#id:12198159,georgia,miss,No information,assisted,8.7,42.6,0,head,right,0,37.1,18.1,No information,No information,75,No information,4475,42.6,8.7,62.9,0,62.9,81.9,16,925,shot
orkun-kokcu,https://www.sofascore.com/georgia-turkey/aUbsnVb#id:12198159,türkiye,miss,No information,assisted,55.7,46,0,right-foot,close-right,0,43.2,15.3,No information,No information,72,No information,4287,46,55.7,56.8,0,56.8,84.7,19,1113,shot
giorgi-kochorashvili,https://www.sofascore.com/georgia-turkey/aUbsnVb#id:12198159,georgia,post,No information,assisted,11.6,54.8,0,right-foot,high,0,48.2,39.2,No information,No information,70,No information,4156,54.8,11.6,51.8,0,51.8,60.8,21,1244,shot
orkun-kokcu,https://www.sofascore.com/georgia-turkey/aUbsnVb#id:12198159,türkiye,save,No information,fast-break,9.7,44.6,0,left-foot,high-centre,0,50.1,25.9,No information,No information,69,No information,4085,44.6,9.7,49.9,0,49.9,74.1,22,1315,shot
arda-guler,https://www.sofascore.com/georgia-turkey/aUbsnVb#id:12198159,türkiye,goal,regular,assisted,23.8,65.2,0,left-foot,high-left,0,54.2,25.9,No information,No information,65,No information,3895,65.2,23.8,45.8,0,45.8,74.1,26,1505,shot
khvicha-kvaratskhelia,https://www.sofascore.com/georgia-turkey/aUbsnVb#id:12198159,georgia,miss,No information,assisted,11.6,40.9,0,right-foot,right,0,35.6,2.8,No information,No information,62,No information,3708,40.9,11.6,64.4,0,64.4,97.2,29,1692,shot
hakan-calhanoglu,https://www.sofascore.com/georgia-turkey/aUbsnVb#id:12198159,türkiye,block,No information,assisted,22.5,61.3,0,right-foot,low-centre,0,48.3,19,No information,No information,61,No information,3608,61.3,22.5,51.7,0,51.7,81,30,1792,shot
mert-muldur,https://www.sofascore.com/georgia-turkey/aUbsnVb#id:12198159,türkiye,block,No information,assisted,22.2,69.1,0,right-foot,low-centre,0,50.2,19,No information,No information,60,No information,3593,69.1,22.2,49.8,0,49.8,81,31,1807,shot
yildiz-kenan,https://www.sofascore.com/georgia-turkey/aUbsnVb#id:12198159,türkiye,block,No information,assisted,17.9,29.1,0,right-foot,low-centre,0,50.6,19,No information,No information,60,No information,3546,29.1,17.9,49.4,0,49.4,81,31,1854,shot
hakan-calhanoglu,https://www.sofascore.com/georgia-turkey/aUbsnVb#id:12198159,türkiye,save,No information,free-kick,28.9,45.7,0,right-foot,low-centre,0,49,18.4,No information,No information,57,No information,3381,45.7,28.9,51,0,51,81.6,34,2019,shot
mikautadze-georges,https://www.sofascore.com/georgia-turkey/aUbsnVb#id:12198159,georgia,block,No information,assisted,8.2,45.8,0,right-foot,low-centre,0,50.7,19,No information,No information,52,No information,3060,45.8,8.2,49.3,0,49.3,81,39,2340,shot
giorgi-tsitaishvili,https://www.sofascore.com/georgia-turkey/aUbsnVb#id:12198159,georgia,save,No information,assisted,5.6,25.3,0,left-foot,low-left,0,52.9,13.3,No information,No information,49,No information,2908,25.3,5.6,47.1,0,47.1,86.7,42,2492,shot
baris-alper-yilmaz,https://www.sofascore.com/georgia-turkey/aUbsnVb#id:12198159,türkiye,block,No information,assisted,11.6,56.8,0,left-foot,low-centre,0,50.2,19,No information,No information,48,No information,2854,56.8,11.6,49.8,0,49.8,81,43,2546,shot
mert-muldur,https://www.sofascore.com/georgia-turkey/aUbsnVb#id:12198159,türkiye,save,No information,assisted,7.9,55,0,left-foot,low-centre,0,49.1,19,No information,No information,46,No information,2726,55,7.9,50.9,0,50.9,81,45,2674,shot
ferdi-kadioglu,https://www.sofascore.com/georgia-turkey/aUbsnVb#id:12198159,türkiye,miss,No information,set-piece,36.6,50.3,0,right-foot,high-right,0,32.8,98.6,No information,No information,41,No information,2443,50.3,36.6,67.2,0,67.2,1.4,5,257,shot
kaan-ayhan,https://www.sofascore.com/georgia-turkey/aUbsnVb#id:12198159,türkiye,block,No information,set-piece,12.5,45.2,0,left-foot,low-centre,0,50.6,19,No information,No information,40,No information,2369,45.2,12.5,49.4,0,49.4,81,6,331,shot
giorgi-kochorashvili,https://www.sofascore.com/georgia-turkey/aUbsnVb#id:12198159,georgia,block,No information,regular,20.1,47.4,0,right-foot,low-right,0,48.1,19,No information,No information,37,No information,2191,47.4,20.1,51.9,0,51.9,81,9,509,shot
mikautadze-georges,https://www.sofascore.com/georgia-turkey/aUbsnVb#id:12198159,georgia,miss,No information,assisted,11.6,53.8,0,right-foot,close-left,0,57,12.5,No information,No information,35,No information,2090,53.8,11.6,43,0,43,87.5,11,610,shot
mikautadze-georges,https://www.sofascore.com/georgia-turkey/aUbsnVb#id:12198159,georgia,goal,regular,assisted,8.2,58.3,0,right-foot,low-right,0,46.5,1.9,No information,No information,32,No information,1904,58.3,8.2,53.5,0,53.5,98.1,14,796,shot
giorgi-tsitaishvili,https://www.sofascore.com/georgia-turkey/aUbsnVb#id:12198159,georgia,save,No information,assisted,8.6,24.6,0,left-foot,low-left,0,53.8,19,No information,No information,30,No information,1752,24.6,8.6,46.2,0,46.2,81,16,948,shot
orkun-kokcu,https://www.sofascore.com/georgia-turkey/aUbsnVb#id:12198159,türkiye,miss,No information,assisted,8.5,55,0,right-foot,left,0,59.5,12.5,No information,No information,27,No information,1592,55,8.5,40.5,0,40.5,87.5,19,1108,shot
mert-muldur,https://www.sofascore.com/georgia-turkey/aUbsnVb#id:12198159,türkiye,goal,regular,regular,15.7,63.2,0,right-foot,high-right,0,45.9,29.1,No information,No information,25,No information,1497,63.2,15.7,54.1,0,54.1,70.9,21,1203,shot
orkun-kokcu,https://www.sofascore.com/georgia-turkey/aUbsnVb#id:12198159,türkiye,block,No information,assisted,28.1,34.4,0,right-foot,low-right,0,48.2,19,No information,No information,23,No information,1348,34.4,28.1,51.8,0,51.8,81,23,1352,shot
hakan-calhanoglu,https://www.sofascore.com/georgia-turkey/aUbsnVb#id:12198159,türkiye,miss,No information,assisted,14.5,41.5,0,right-foot,close-left,0,59.2,13.9,No information,No information,21,No information,1232,41.5,14.5,40.8,0,40.8,86.1,25,1468,shot
yildiz-kenan,https://www.sofascore.com/georgia-turkey/aUbsnVb#id:12198159,türkiye,save,No information,assisted,8.6,24.3,0,left-foot,high-centre,0,51,24.1,No information,No information,14,No information,805,24.3,8.6,49,0,49,75.9,32,1895,shot
mikautadze-georges,https://www.sofascore.com/georgia-turkey/aUbsnVb#id:12198159,georgia,miss,No information,corner,18.4,31.5,0,right-foot,high-right,0,39.2,65.3,No information,No information,12,No information,696,31.5,18.4,60.8,0,60.8,34.7,34,2004,shot
anzor-mekvabishvili,https://www.sofascore.com/georgia-turkey/aUbsnVb#id:12198159,georgia,save,No information,assisted,29,49.9,0,right-foot,low-left,0,52.1,8.2,No information,No information,11,No information,653,49.9,29,47.9,0,47.9,91.8,35,2047,shot
kaan-ayhan,https://www.sofascore.com/georgia-turkey/aUbsnVb#id:12198159,türkiye,post,No information,assisted,20.9,40.9,0,right-foot,left,0,55.3,3.8,No information,No information,10,No information,583,40.9,20.9,44.7,0,44.7,96.2,36,2117,shot
abdulkerim-bardakci,https://www.sofascore.com/georgia-turkey/aUbsnVb#id:12198159,türkiye,miss,No information,corner,7.4,44.2,0,head,close-left,0,57.1,5.6,No information,No information,10,No information,543,44.2,7.4,42.9,0,42.9,94.4,36,2157,shot
hakan-calhanoglu,https://www.sofascore.com/georgia-turkey/aUbsnVb#id:12198159,türkiye,block,No information,assisted,23.1,72.7,0,right-foot,low-centre,0,50.5,19,No information,No information,7,No information,409,72.7,23.1,49.5,0,49.5,81,39,2291,shot
kaan-ayhan,https://www.sofascore.com/georgia-turkey/aUbsnVb#id:12198159,türkiye,miss,No information,corner,7.4,47.2,0,head,high,0,45.9,61.1,No information,No information,6,No information,327,47.2,7.4,54.1,0,54.1,38.9,40,2373,shot

nika-kvekveskiri,https://www.sofascore.com/georgia-greece/kUbsnVb#id:12182590,georgia,goal,penalty,shootout,11.5,50,0,right-foot,low-left,0,54.1,1.3,No information,No information,127,No information,7591,50,11.5,45.9,0,45.9,98.7,9,509,shot
giorgos-giakoumakis,https://www.sofascore.com/georgia-greece/kUbsnVb#id:12182590,greece,miss,No information,shootout,11.5,50,0,right-foot,close-left,0,57.3,4.2,No information,No information,126,No information,7543,50,11.5,42.7,0,42.7,95.8,10,557,shot
lasha-dvali,https://www.sofascore.com/georgia-greece/kUbsnVb#id:12182590,georgia,goal,penalty,shootout,11.5,50,0,left-foot,low-right,0,48,7,No information,No information,125,No information,7495,50,11.5,52,0,52,93,11,605,shot
andreas-bouchalakis,https://www.sofascore.com/georgia-greece/kUbsnVb#id:12182590,greece,goal,penalty,shootout,11.5,50,0,left-foot,low-centre,0,50,3.2,No information,No information,125,No information,7452,50,11.5,50,0,50,96.8,11,648,shot
mikautadze-georges,https://www.sofascore.com/georgia-greece/kUbsnVb#id:12182590,georgia,miss,No information,shootout,11.5,50,0,right-foot,close-right,0,43.9,2.8,No information,No information,124,No information,7399,50,11.5,56.1,0,56.1,97.2,12,701,shot
giorgos-masouras,https://www.sofascore.com/georgia-greece/kUbsnVb#id:12182590,greece,goal,penalty,shootout,11.5,50,0,right-foot,low-left,0,53.8,4.4,No information,No information,123,No information,7358,50,11.5,46.2,0,46.2,95.6,13,742,shot
zuriko-davitashvili,https://www.sofascore.com/georgia-greece/kUbsnVb#id:12182590,georgia,goal,penalty,shootout,11.5,50,0,right-foot,low-centre,0,51.3,0.6,No information,No information,122,No information,7319,50,11.5,48.7,0,48.7,99.4,14,781,shot
anastasios-bakasetas,https://www.sofascore.com/georgia-greece/kUbsnVb#id:12182590,greece,save,No information,shootout,11.5,50,0,left-foot,low-right,0,47.2,1.9,No information,No information,122,No information,7274,50,11.5,52.8,0,52.8,98.1,14,826,shot
giorgi-kochorashvili,https://www.sofascore.com/georgia-greece/kUbsnVb#id:12182590,georgia,goal,penalty,shootout,11.5,50,0,right-foot,high-right,0,45.8,32.3,No information,No information,121,No information,7231,50,11.5,54.2,0,54.2,67.7,15,869,shot
mikautadze-georges,https://www.sofascore.com/georgia-greece/kUbsnVb#id:12182590,georgia,miss,No information,set-piece,14.2,52.8,0,right-foot,right,0,40,4.2,No information,No information,120,No information,7168,52.8,14.2,60,0,60,95.8,1,32,shot
giorgos-masouras,https://www.sofascore.com/georgia-greece/kUbsnVb#id:12182590,greece,save,No information,assisted,13.4,58.1,0,head,low-centre,0,51.5,10.8,No information,No information,115,No information,6851,58.1,13.4,48.5,0,48.5,89.2,6,349,shot
lasha-dvali,https://www.sofascore.com/georgia-greece/kUbsnVb#id:12182590,georgia,miss,No information,corner,7.6,58.7,0,head,high,0,49.9,66.7,No information,No information,110,No information,6575,58.7,7.6,50.1,0,50.1,33.3,11,625,shot
giorgi-tsitaishvili,https://www.sofascore.com/georgia-greece/kUbsnVb#id:12182590,georgia,save,No information,regular,1.8,35.6,0,left-foot,low-centre,0,51.6,0.6,No information,No information,110,No information,6547,35.6,1.8,48.4,0,48.4,99.4,11,653,shot
lasha-dvali,https://www.sofascore.com/georgia-greece/kUbsnVb#id:12182590,georgia,block,No information,set-piece,2.9,61.5,0,left-foot,low-centre,0,49.7,19,No information,No information,105,1,6326,61.5,2.9,50.3,0,50.3,81,1,874,shot
zuriko-davitashvili,https://www.sofascore.com/georgia-greece/kUbsnVb#id:12182590,georgia,save,No information,assisted,7.6,52.7,0,right-foot,low-centre,0,49,3.8,No information,No information,105,No information,6277,52.7,7.6,51,0,51,96.2,1,23,shot
lazaros-rota,https://www.sofascore.com/georgia-greece/kUbsnVb#id:12182590,greece,miss,No information,assisted,12.8,67.3,0,right-foot,high,0,48.1,68.1,No information,No information,103,No information,6169,67.3,12.8,51.9,0,51.9,31.9,3,131,shot
konstantinos-mavropanos,https://www.sofascore.com/georgia-greece/kUbsnVb#id:12182590,greece,post,No information,corner,9.5,50.7,0,head,high,0,52.1,39.9,No information,No information,102,No information,6102,50.7,9.5,47.9,0,47.9,60.1,4,198,shot
andreas-bouchalakis,https://www.sofascore.com/georgia-greece/kUbsnVb#id:12182590,greece,block,No information,regular,23,50.9,0,left-foot,low-centre,0,50,19,No information,No information,102,No information,6069,50.9,23,50,0,50,81,4,231,shot
anastasios-bakasetas,https://www.sofascore.com/georgia-greece/kUbsnVb#id:12182590,greece,save,No information,assisted,23.9,70.3,0,left-foot,low-right,0,46.7,5.7,No information,No information,100,No information,5984,70.3,23.9,53.3,0,53.3,94.3,6,316,shot
khvicha-kvaratskhelia,https://www.sofascore.com/georgia-greece/kUbsnVb#id:12182590,georgia,miss,No information,assisted,20.7,70.1,0,right-foot,right,0,35.6,37.5,No information,No information,95,No information,5651,70.1,20.7,64.4,0,64.4,62.5,11,649,shot
giorgi-kochorashvili,https://www.sofascore.com/georgia-greece/kUbsnVb#id:12182590,georgia,block,No information,regular,23.2,47.5,0,right-foot,low-centre,0,51,19,No information,No information,92,No information,5504,47.5,23.2,49,0,49,81,14,796,shot
otar-kakabadze,https://www.sofascore.com/georgia-greece/kUbsnVb#id:12182590,georgia,block,No information,set-piece,24.4,69.7,0,right-foot,low-centre,0,48.7,19,No information,No information,90,4,5639,69.7,24.4,51.3,0,51.3,81,1,661,shot
khvicha-kvaratskhelia,https://www.sofascore.com/georgia-greece/kUbsnVb#id:12182590,georgia,block,No information,free-kick,25.4,43.9,0,right-foot,low-centre,0,49.4,19,No information,No information,90,4,5634,43.9,25.4,50.6,0,50.6,81,1,666,shot
khvicha-kvaratskhelia,https://www.sofascore.com/georgia-greece/kUbsnVb#id:12182590,georgia,block,No information,assisted,11.8,43.3,0,right-foot,low-centre,0,49.7,19,No information,No information,90,2,5508,43.3,11.8,50.3,0,50.3,81,1,792,shot
fotis-ioannidis,https://www.sofascore.com/georgia-greece/kUbsnVb#id:12182590,greece,miss,No information,assisted,8.8,44.4,0,head,high-left,0,56.5,76.4,No information,No information,90,1,5454,44.4,8.8,43.5,0,43.5,23.6,1,846,shot
konstantelias-giannis,https://www.sofascore.com/georgia-greece/kUbsnVb#id:12182590,greece,block,No information,assisted,23.5,25,0,right-foot,low-centre,0,49.6,19,No information,No information,87,No information,5200,25,23.5,50.4,0,50.4,81,4,200,shot
anastasios-bakasetas,https://www.sofascore.com/georgia-greece/kUbsnVb#id:12182590,greece,block,No information,assisted,24.6,51.3,0,left-foot,low-centre,0,50.1,19,No information,No information,70,No information,4163,51.3,24.6,49.9,0,49.9,81,21,1237,shot
konstantinos-tsimikas,https://www.sofascore.com/georgia-greece/kUbsnVb#id:12182590,greece,miss,No information,regular,23.4,34.8,0,left-foot,right,0,17.3,37.5,No information,No information,64,No information,3836,34.8,23.4,82.7,0,82.7,62.5,27,1564,shot
konstantinos-tsimikas,https://www.sofascore.com/georgia-greece/kUbsnVb#id:12182590,greece,block,No information,regular,18.9,31,0,right-foot,low-centre,0,51.5,19,No information,No information,53,No information,3155,31,18.9,48.5,0,48.5,81,38,2245,shot
dimitrios-pelkas,https://www.sofascore.com/georgia-greece/kUbsnVb#id:12182590,greece,block,No information,corner,27.7,55,0,right-foot,low-left,0,53.5,19,No information,No information,52,No information,3061,55,27.7,46.5,0,46.5,81,39,2339,shot
anastasios-bakasetas,https://www.sofascore.com/georgia-greece/kUbsnVb#id:12182590,greece,block,No information,regular,22.5,68,0,left-foot,low-centre,0,49.9,19,No information,No information,46,No information,2733,68,22.5,50.1,0,50.1,81,45,2667,shot
levan-shengelia,https://www.sofascore.com/georgia-greece/kUbsnVb#id:12182590,georgia,miss,No information,corner,13.9,73.4,0,left-foot,high-left,0,61.5,62.5,No information,No information,45,1,2710,73.4,13.9,38.5,0,38.5,37.5,1,2690,shot
solomon-kvirkvelia,https://www.sofascore.com/georgia-greece/kUbsnVb#id:12182590,georgia,miss,No information,corner,12.6,56.7,0,left-foot,close-right,0,41.8,12.5,No information,No information,45,1,2708,56.7,12.6,58.2,0,58.2,87.5,1,2692,shot
budu-zivzivadze,https://www.sofascore.com/georgia-greece/kUbsnVb#id:12182590,georgia,block,No information,corner,4.5,59.9,0,head,low-left,0,52.5,19,No information,No information,45,1,2701,59.9,4.5,47.5,0,47.5,81,1,2699,shot
giorgi-chakvetadze,https://www.sofascore.com/georgia-greece/kUbsnVb#id:12182590,georgia,save,No information,free-kick,12.1,16.5,0,right-foot,high-centre,0,49.4,32.3,No information,No information,45,No information,2674,16.5,12.1,50.6,0,50.6,67.7,1,26,shot
giorgi-kochorashvili,https://www.sofascore.com/georgia-greece/kUbsnVb#id:12182590,georgia,miss,No information,assisted,31.5,51.4,0,right-foot,high,0,47.7,69.4,No information,No information,44,No information,2597,51.4,31.5,52.3,0,52.3,30.6,2,103,shot
konstantinos-tsimikas,https://www.sofascore.com/georgia-greece/kUbsnVb#id:12182590,greece,block,No information,assisted,24.3,37.6,0,left-foot,low-centre,0,51,19,No information,No information,34,No information,2036,37.6,24.3,49,0,49,81,12,664,shot
levan-shengelia,https://www.sofascore.com/georgia-greece/kUbsnVb#id:12182590,georgia,block,No information,assisted,18.5,34.4,0,right-foot,low-centre,0,51.8,19,No information,No information,10,No information,581,34.4,18.5,48.2,0,48.2,81,36,2119,shot

joselu,https://www.sofascore.com/georgia-spain/YTbsnVb#id:10752470,spain,save,No information,assisted,6,57.3,0,left-foot,low-right,0,47.7,16.5,No information,No information,90,3,5534,57.3,6,52.3,0,52.3,83.5,1,766,shot
robin-le-normand,https://www.sofascore.com/georgia-spain/YTbsnVb#id:10752470,spain,miss,No information,corner,5.1,54.4,0,head,right,0,40.2,2.8,No information,No information,90,1,5413,54.4,5.1,59.8,0,59.8,97.2,1,887,shot
martin-zubimendi,https://www.sofascore.com/georgia-spain/YTbsnVb#id:10752470,spain,block,No information,corner,12.6,50.7,0,left-foot,low-left,0,51.9,19,No information,No information,90,No information,5390,50.7,12.6,48.1,0,48.1,81,1,10,shot
fabian-ruiz,https://www.sofascore.com/georgia-spain/YTbsnVb#id:10752470,spain,block,No information,corner,21.1,63.1,0,left-foot,low-centre,0,49.9,19,No information,No information,90,No information,5382,63.1,21.1,50.1,0,50.1,81,1,18,shot
mikel-merino,https://www.sofascore.com/georgia-spain/YTbsnVb#id:10752470,spain,block,No information,set-piece,8.8,50.7,0,head,low-centre,0,51.8,19,No information,No information,90,No information,5343,50.7,8.8,48.2,0,48.2,81,1,57,shot
khvicha-kvaratskhelia,https://www.sofascore.com/georgia-spain/YTbsnVb#id:10752470,georgia,miss,No information,free-kick,26,23,0,right-foot,close-left,0,57.3,6.9,No information,No information,85,No information,5085,23,26,42.7,0,42.7,93.1,6,315,shot
khvicha-kvaratskhelia,https://www.sofascore.com/georgia-spain/YTbsnVb#id:10752470,georgia,miss,No information,assisted,19.3,69.2,0,right-foot,left,0,60.5,4.2,No information,No information,83,No information,4973,69.2,19.3,39.5,0,39.5,95.8,8,427,shot
joselu,https://www.sofascore.com/georgia-spain/YTbsnVb#id:10752470,spain,miss,No information,regular,14.7,43.1,0,right-foot,close-left,0,57.3,9.7,No information,No information,78,No information,4647,43.1,14.7,42.7,0,42.7,90.3,13,753,shot
nico-williams,https://www.sofascore.com/georgia-spain/YTbsnVb#id:10752470,spain,block,No information,assisted,12.8,57.9,0,right-foot,low-left,0,53,19,No information,No information,78,No information,4646,57.9,12.8,47,0,47,81,13,754,shot
lamine-yamal,https://www.sofascore.com/georgia-spain/YTbsnVb#id:10752470,spain,block,No information,regular,4.8,55.7,0,left-foot,low-centre,0,48.4,19,No information,No information,76,No information,4537,55.7,4.8,51.6,0,51.6,81,15,863,shot
joselu,https://www.sofascore.com/georgia-spain/YTbsnVb#id:10752470,spain,save,No information,assisted,12,46.8,0,right-foot,low-right,0,47.2,3.8,No information,No information,76,No information,4535,46.8,12,52.8,0,52.8,96.2,15,865,shot
lamine-yamal,https://www.sofascore.com/georgia-spain/YTbsnVb#id:10752470,spain,goal,regular,assisted,12.7,56.7,0,left-foot,low-left,0,53.2,15.8,No information,No information,74,No information,4397,56.7,12.7,46.8,0,46.8,84.2,17,1003,shot
nico-williams,https://www.sofascore.com/georgia-spain/YTbsnVb#id:10752470,spain,miss,No information,assisted,7,35.9,0,left-foot,high,0,54.8,61.1,No information,No information,72,No information,4266,35.9,7,45.2,0,45.2,38.9,19,1134,shot
lamine-yamal,https://www.sofascore.com/georgia-spain/YTbsnVb#id:10752470,spain,block,No information,assisted,17.7,70.9,0,left-foot,low-centre,0,51.8,19,No information,No information,71,No information,4225,70.9,17.7,48.2,0,48.2,81,20,1175,shot
nico-williams,https://www.sofascore.com/georgia-spain/YTbsnVb#id:10752470,spain,goal,regular,assisted,8,38.8,0,right-foot,low-centre,0,49.4,18.4,No information,No information,68,No information,4036,38.8,8,50.6,0,50.6,81.6,23,1364,shot
fabian-ruiz,https://www.sofascore.com/georgia-spain/YTbsnVb#id:10752470,spain,miss,No information,regular,7.3,33.8,0,left-foot,high-left,0,58.5,61.1,No information,No information,67,No information,3986,33.8,7.3,41.5,0,41.5,38.9,24,1414,shot
rodri,https://www.sofascore.com/georgia-spain/YTbsnVb#id:10752470,spain,save,No information,assisted,28.1,52.8,0,right-foot,low-centre,0,50.9,9.5,No information,No information,67,No information,3983,52.8,28.1,49.1,0,49.1,90.5,24,1417,shot
alvaro-morata,https://www.sofascore.com/georgia-spain/YTbsnVb#id:10752470,spain,goal,regular,assisted,9.3,63.7,0,right-foot,low-centre,0,50.6,1.3,No information,No information,66,No information,3901,63.7,9.3,49.4,0,49.4,98.7,25,1499,shot
mikel-merino,https://www.sofascore.com/georgia-spain/YTbsnVb#id:10752470,spain,save,No information,assisted,12.2,53,0,right-foot,low-centre,0,49.4,1.9,No information,No information,65,No information,3880,53,12.2,50.6,0,50.6,98.1,26,1520,shot
robin-le-normand,https://www.sofascore.com/georgia-spain/YTbsnVb#id:10752470,spain,post,No information,set-piece,7.4,53.4,0,head,high,0,44.8,39.2,No information,No information,59,No information,3501,53.4,7.4,55.2,0,55.2,60.8,32,1899,shot
giorgi-chakvetadze,https://www.sofascore.com/georgia-spain/YTbsnVb#id:10752470,georgia,save,No information,fast-break,23.8,67.6,0,right-foot,low-centre,0,49.3,11.4,No information,No information,54,No information,3184,67.6,23.8,50.7,0,50.7,88.6,37,2216,shot
guram-kashia,https://www.sofascore.com/georgia-spain/YTbsnVb#id:10752470,georgia,miss,No information,assisted,31.8,53.4,0,right-foot,high,0,49.9,75,No information,No information,52,No information,3088,53.4,31.8,50.1,0,50.1,25,39,2312,shot
fabian-ruiz,https://www.sofascore.com/georgia-spain/YTbsnVb#id:10752470,spain,block,No information,free-kick,25.9,56.5,0,left-foot,low-left,0,53.4,19,No information,No information,52,No information,3063,56.5,25.9,46.6,0,46.6,81,39,2337,shot
giorgi-chakvetadze,https://www.sofascore.com/georgia-spain/YTbsnVb#id:10752470,georgia,goal,regular,regular,10,53.2,0,left-foot,low-right,0,46.2,3.8,No information,No information,49,No information,2886,53.2,10,53.8,0,53.8,96.2,42,2514,shot
alvaro-morata,https://www.sofascore.com/georgia-spain/YTbsnVb#id:10752470,spain,miss,No information,assisted,12.1,56.7,0,right-foot,close-high-right,0,41.3,52.8,No information,No information,41,No information,2456,56.7,12.1,58.7,0,58.7,47.2,5,244,shot
alvaro-morata,https://www.sofascore.com/georgia-spain/YTbsnVb#id:10752470,spain,goal,regular,assisted,9.8,54.5,0,right-foot,low-right,0,47.6,7,No information,No information,40,No information,2345,54.5,9.8,52.4,0,52.4,93,6,355,shot
dani-olmo,https://www.sofascore.com/georgia-spain/YTbsnVb#id:10752470,spain,goal,regular,regular,13.1,42.1,0,right-foot,low-left,0,52.9,2.5,No information,No information,38,No information,2239,42.1,13.1,47.1,0,47.1,97.5,8,461,shot
dani-olmo,https://www.sofascore.com/georgia-spain/YTbsnVb#id:10752470,spain,block,No information,assisted,14.5,29.7,0,right-foot,low-centre,0,51.4,19,No information,No information,38,No information,2237,29.7,14.5,48.6,0,48.6,81,8,463,shot
dani-olmo,https://www.sofascore.com/georgia-spain/YTbsnVb#id:10752470,spain,miss,No information,regular,13.8,37.3,0,right-foot,close-right,0,41.3,2.8,No information,No information,33,No information,1976,37.3,13.8,58.7,0,58.7,97.2,13,724,shot
fabian-ruiz,https://www.sofascore.com/georgia-spain/YTbsnVb#id:10752470,spain,save,No information,assisted,9.7,38.8,0,left-foot,low-left,0,51.9,14.6,No information,No information,33,No information,1964,38.8,9.7,48.1,0,48.1,85.4,13,736,shot
dani-olmo,https://www.sofascore.com/georgia-spain/YTbsnVb#id:10752470,spain,block,No information,assisted,13.7,25.6,0,right-foot,low-centre,0,49.8,19,No information,No information,32,No information,1899,25.6,13.7,50.2,0,50.2,81,14,801,shot
solomon-kvirkvelia,https://www.sofascore.com/georgia-spain/YTbsnVb#id:10752470,spain,goal,own,regular,4.5,45.3,0,right-foot,low-right,0,46.1,12,No information,No information,28,No information,1620,45.3,4.5,53.9,0,53.9,88,18,1080,shot
alvaro-morata,https://www.sofascore.com/georgia-spain/YTbsnVb#id:10752470,spain,goal,regular,assisted,8.5,46.4,0,head,low-left,0,52.4,12,No information,No information,22,No information,1300,46.4,8.5,47.6,0,47.6,88,24,1400,shot
dani-olmo,https://www.sofascore.com/georgia-spain/YTbsnVb#id:10752470,spain,block,No information,assisted,13.4,27.4,0,right-foot,low-left,0,52.9,19,No information,No information,22,No information,1286,27.4,13.4,47.1,0,47.1,81,24,1414,shot
robin-le-normand,https://www.sofascore.com/georgia-spain/YTbsnVb#id:10752470,spain,miss,No information,corner,7.2,53.6,0,head,close-right,0,42.2,19.4,No information,No information,15,No information,840,53.6,7.2,57.8,0,57.8,80.6,31,1860,shot
dani-olmo,https://www.sofascore.com/georgia-spain/YTbsnVb#id:10752470,spain,miss,No information,assisted,14.2,50.4,0,right-foot,high,0,44.7,66.7,No information,No information,10,No information,554,50.4,14.2,55.3,0,55.3,33.3,36,2146,shot
marco-asensio,https://www.sofascore.com/georgia-spain/YTbsnVb#id:10752470,spain,miss,No information,assisted,5.2,65.1,0,right-foot,high-right,0,38.7,58.3,No information,No information,4,No information,238,65.1,5.2,61.3,0,61.3,41.7,42,2462,shot
marco-asensio,https://www.sofascore.com/georgia-spain/YTbsnVb#id:10752470,spain,save,No information,assisted,3.3,60.2,0,left-foot,low-right,0,46.3,3.2,No information,No information,2,No information,74,60.2,3.3,53.7,0,53.7,96.8,44,2626,shot
alvaro-morata,https://www.sofascore.com/georgia-spain/YTbsnVb#id:10752470,spain,block,No information,assisted,6.3,60.6,0,right-foot,low-right,0,47.1,19,No information,No information,2,No information,71,60.6,6.3,52.9,0,52.9,81,44,2629,shot

nika-kvekveskiri,https://www.sofascore.com/georgia-bulgaria/qUbsnVb#id:10023401,georgia,miss,No information,assisted,24.9,56.5,0,right-foot,right,0,38.7,4.2,No information,No information,90,5,5645,56.5,24.9,61.3,0,61.3,95.8,1,655,shot
nika-kvekveskiri,https://www.sofascore.com/georgia-bulgaria/qUbsnVb#id:10023401,georgia,post,No information,penalty,11.5,50,0,right-foot,left,0,55.3,4.4,No information,No information,90,4,5607,50,11.5,44.7,0,44.7,95.6,1,693,shot
anton-nedyalkov,https://www.sofascore.com/georgia-bulgaria/qUbsnVb#id:10023401,bulgaria,miss,No information,regular,24.6,32.4,0,left-foot,high,0,44.5,88.9,No information,No information,88,No information,5221,32.4,24.6,55.5,0,55.5,11.1,3,179,shot
iliyan-stefanov,https://www.sofascore.com/georgia-bulgaria/qUbsnVb#id:10023401,bulgaria,goal,regular,corner,2.5,53,0,right-foot,low-centre,0,48.4,2.5,No information,No information,83,No information,4948,53,2.5,51.6,0,51.6,97.5,8,452,shot
atanas-iliev,https://www.sofascore.com/georgia-bulgaria/qUbsnVb#id:10023401,bulgaria,post,No information,corner,7.7,51.6,0,head,left,0,55.3,13.3,No information,No information,83,No information,4945,51.6,7.7,44.7,0,44.7,86.7,8,455,shot
atanas-iliev,https://www.sofascore.com/georgia-bulgaria/qUbsnVb#id:10023401,bulgaria,save,No information,regular,13.6,57.2,0,left-foot,low-left,0,52.4,19,No information,No information,77,No information,4579,57.2,13.6,47.6,0,47.6,81,14,821,shot
mikautadze-georges,https://www.sofascore.com/georgia-bulgaria/qUbsnVb#id:10023401,georgia,miss,No information,assisted,12.9,73.6,0,right-foot,right,0,35.6,12.5,No information,No information,76,No information,4530,73.6,12.9,64.4,0,64.4,87.5,15,870,shot
mikautadze-georges,https://www.sofascore.com/georgia-bulgaria/qUbsnVb#id:10023401,georgia,save,No information,regular,11,64.9,0,right-foot,low-centre,0,48.7,5.1,No information,No information,75,No information,4496,64.9,11,51.3,0,51.3,94.9,16,904,shot
valeri-qazaishvili,https://www.sofascore.com/georgia-bulgaria/qUbsnVb#id:10023401,georgia,goal,regular,regular,4.1,46,0,right-foot,low-centre,0,49,3.2,No information,No information,69,No information,4132,46,4.1,51,0,51,96.8,22,1268,shot
todor-nedelev,https://www.sofascore.com/georgia-bulgaria/qUbsnVb#id:10023401,bulgaria,miss,No information,free-kick,19.7,66.6,0,left-foot,close-right,0,42,26.4,No information,No information,63,No information,3765,66.6,19.7,58,0,58,73.6,28,1635,shot
atanas-iliev,https://www.sofascore.com/georgia-bulgaria/qUbsnVb#id:10023401,bulgaria,miss,No information,assisted,23.8,67.6,0,left-foot,left,0,91.1,23.6,No information,No information,62,No information,3661,67.6,23.8,8.9,0,8.9,76.4,29,1739,shot
khvicha-kvaratskhelia,https://www.sofascore.com/georgia-bulgaria/qUbsnVb#id:10023401,georgia,goal,penalty,penalty,11.5,50,0,right-foot,low-right,0,48.1,16.5,No information,No information,58,No information,3448,50,11.5,51.9,0,51.9,83.5,33,1952,shot
todor-nedelev,https://www.sofascore.com/georgia-bulgaria/qUbsnVb#id:10023401,bulgaria,miss,No information,assisted,32.6,45.2,0,left-foot,right,0,38.3,1.4,No information,No information,56,No information,3317,45.2,32.6,61.7,0,61.7,98.6,35,2083,shot
atanas-iliev,https://www.sofascore.com/georgia-bulgaria/qUbsnVb#id:10023401,bulgaria,miss,No information,assisted,28.3,60.6,0,left-foot,left,0,68.6,12.5,No information,No information,54,No information,3181,60.6,28.3,31.4,0,31.4,87.5,37,2219,shot
khvicha-kvaratskhelia,https://www.sofascore.com/georgia-bulgaria/qUbsnVb#id:10023401,georgia,save,No information,assisted,21.3,40.9,0,right-foot,low-centre,0,49.4,4.4,No information,No information,53,No information,3163,40.9,21.3,50.6,0,50.6,95.6,38,2237,shot
budu-zivzivadze,https://www.sofascore.com/georgia-bulgaria/qUbsnVb#id:10023401,georgia,goal,regular,assisted,10.1,55.7,0,right-foot,low-centre,0,49.3,4.4,No information,No information,52,No information,3064,55.7,10.1,50.7,0,50.7,95.6,39,2336,shot
atanas-iliev,https://www.sofascore.com/georgia-bulgaria/qUbsnVb#id:10023401,bulgaria,goal,regular,assisted,6.9,51.9,0,head,low-left,0,53.3,8.9,No information,No information,50,No information,2970,51.9,6.9,46.7,0,46.7,91.1,41,2430,shot
giorgi-aburjania,https://www.sofascore.com/georgia-bulgaria/qUbsnVb#id:10023401,georgia,miss,No information,regular,7.8,41.5,0,right-foot,right,0,24.5,6.9,No information,No information,45,3,2851,41.5,7.8,75.5,0,75.5,93.1,1,2549,shot
ivan-turitsov,https://www.sofascore.com/georgia-bulgaria/qUbsnVb#id:10023401,bulgaria,miss,No information,assisted,27,57.8,0,right-foot,high-right,0,39.3,90.3,No information,No information,45,2,2811,57.8,27,60.7,0,60.7,9.7,1,2589,shot
atanas-iliev,https://www.sofascore.com/georgia-bulgaria/qUbsnVb#id:10023401,bulgaria,miss,No information,assisted,12.7,35.7,0,left-foot,right,0,32.3,6.9,No information,No information,43,No information,2528,35.7,12.7,67.7,0,67.7,93.1,3,172,shot
khvicha-kvaratskhelia,https://www.sofascore.com/georgia-bulgaria/qUbsnVb#id:10023401,georgia,miss,No information,corner,17.5,30.1,0,right-foot,high,0,47.1,75,No information,No information,42,No information,2492,30.1,17.5,52.9,0,52.9,25,4,208,shot
otar-kakabadze,https://www.sofascore.com/georgia-bulgaria/qUbsnVb#id:10023401,georgia,miss,No information,corner,29.2,56.5,0,right-foot,left,0,82.2,8.3,No information,No information,42,No information,2482,56.5,29.2,17.8,0,17.8,91.7,4,218,shot
budu-zivzivadze,https://www.sofascore.com/georgia-bulgaria/qUbsnVb#id:10023401,georgia,block,No information,assisted,3.8,59.8,0,left-foot,low-right,0,47.3,19,No information,No information,38,No information,2228,59.8,3.8,52.7,0,52.7,81,8,472,shot
azarovi-irakli,https://www.sofascore.com/georgia-bulgaria/qUbsnVb#id:10023401,georgia,save,No information,assisted,18.5,31.6,0,left-foot,low-centre,0,51,5.1,No information,No information,37,No information,2181,31.6,18.5,49,0,49,94.9,9,519,shot
todor-nedelev,https://www.sofascore.com/georgia-bulgaria/qUbsnVb#id:10023401,bulgaria,block,No information,regular,19,49,0,left-foot,low-centre,0,50.5,19,No information,No information,36,No information,2128,49,19,49.5,0,49.5,81,10,572,shot
andrea-hristov,https://www.sofascore.com/georgia-bulgaria/qUbsnVb#id:10023401,georgia,goal,own,regular,5.7,36.9,0,right-foot,high-right,0,45.7,22.8,No information,No information,31,No information,1839,36.9,5.7,54.3,0,54.3,77.2,15,861,shot
budu-zivzivadze,https://www.sofascore.com/georgia-bulgaria/qUbsnVb#id:10023401,georgia,block,No information,assisted,12.7,66.6,0,left-foot,low-centre,0,49.6,19,No information,No information,25,No information,1478,66.6,12.7,50.4,0,50.4,81,21,1222,shot
georgi-milanov,https://www.sofascore.com/georgia-bulgaria/qUbsnVb#id:10023401,bulgaria,block,No information,assisted,18.7,31.4,0,left-foot,low-centre,0,50.3,19,No information,No information,25,No information,1459,31.4,18.7,49.7,0,49.7,81,21,1241,shot
kiril-despodov,https://www.sofascore.com/georgia-bulgaria/qUbsnVb#id:10023401,bulgaria,save,No information,assisted,9.7,42.5,0,right-foot,low-centre,0,50,1.9,No information,No information,15,No information,866,42.5,9.7,50,0,50,98.1,31,1834,shot
minchev-martin,https://www.sofascore.com/georgia-bulgaria/qUbsnVb#id:10023401,bulgaria,block,No information,assisted,22.4,29.9,0,right-foot,low-right,0,47,19,No information,No information,11,No information,608,29.9,22.4,53,0,53,81,35,2092,shot
atanas-iliev,https://www.sofascore.com/georgia-bulgaria/qUbsnVb#id:10023401,bulgaria,miss,No information,assisted,10.1,53.4,0,head,right,0,38.5,26.4,No information,No information,9,No information,506,53.4,10.1,61.5,0,61.5,73.6,37,2194,shot
budu-zivzivadze,https://www.sofascore.com/georgia-bulgaria/qUbsnVb#id:10023401,georgia,miss,No information,corner,3.7,62,0,right-foot,right,0,36.8,13.9,No information,No information,8,No information,445,62,3.7,63.2,0,63.2,86.1,38,2255,shot
giorgi-aburjania,https://www.sofascore.com/georgia-bulgaria/qUbsnVb#id:10023401,georgia,block,No information,assisted,22,27.1,0,right-foot,low-left,0,52,19,No information,No information,7,No information,373,27.1,22,48,0,48,81,39,2327,shot
zuriko-davitashvili,https://www.sofascore.com/georgia-bulgaria/qUbsnVb#id:10023401,georgia,goal,regular,assisted,10.1,52.8,0,head,high-left,0,52.6,27.2,No information,No information,4,No information,227,52.8,10.1,47.4,0,47.4,72.8,42,2473,shot
khvicha-kvaratskhelia,https://www.sofascore.com/georgia-bulgaria/qUbsnVb#id:10023401,georgia,block,No information,assisted,15.8,33.4,0,right-foot,low-left,0,52.1,19,No information,No information,3,No information,142,33.4,15.8,47.9,0,47.9,81,43,2558,shot

ezgjan-alioski,https://www.sofascore.com/north-macedonia-georgia/nVbsCVb#id:10023426,north macedonia,miss,No information,corner,23.6,25.2,0,left-foot,high,0,53.9,94.4,No information,No information,88,No information,5262,25.2,23.6,46.1,0,46.1,5.6,3,138,shot
ezgjan-alioski,https://www.sofascore.com/north-macedonia-georgia/nVbsCVb#id:10023426,north macedonia,block,No information,assisted,22.9,26.8,0,left-foot,low-centre,0,50.8,19,No information,No information,88,No information,5230,26.8,22.9,49.2,0,49.2,81,3,170,shot
ezgjan-alioski,https://www.sofascore.com/north-macedonia-georgia/nVbsCVb#id:10023426,north macedonia,block,No information,corner,9.5,25.8,0,left-foot,low-left,0,52,19,No information,No information,85,No information,5088,25.8,9.5,48,0,48,81,6,312,shot
enis-bardhi,https://www.sofascore.com/north-macedonia-georgia/nVbsCVb#id:10023426,north macedonia,save,No information,free-kick,28.6,22.7,0,right-foot,high-left,0,54.1,29.1,No information,No information,80,No information,4752,22.7,28.6,45.9,0,45.9,70.9,11,648,shot
bojan-miovski,https://www.sofascore.com/north-macedonia-georgia/nVbsCVb#id:10023426,north macedonia,block,No information,assisted,24.8,59.2,0,left-foot,low-centre,0,50.9,19,No information,No information,77,No information,4617,59.2,24.8,49.1,0,49.1,81,14,783,shot
enis-bardhi,https://www.sofascore.com/north-macedonia-georgia/nVbsCVb#id:10023426,north macedonia,miss,No information,assisted,25.9,59.4,0,right-foot,left,0,61.3,11.1,No information,No information,74,No information,4432,59.4,25.9,38.7,0,38.7,88.9,17,968,shot
atanasov-jani,https://www.sofascore.com/north-macedonia-georgia/nVbsCVb#id:10023426,north macedonia,miss,No information,assisted,28.3,36.1,0,right-foot,left,0,59.5,5.6,No information,No information,74,No information,4384,36.1,28.3,40.5,0,40.5,94.4,17,1016,shot
budu-zivzivadze,https://www.sofascore.com/north-macedonia-georgia/nVbsCVb#id:10023426,georgia,miss,No information,fast-break,10.8,59.4,0,right-foot,close-right,0,42.4,12.5,No information,No information,71,No information,4247,59.4,10.8,57.6,0,57.6,87.5,20,1153,shot
khvicha-kvaratskhelia,https://www.sofascore.com/north-macedonia-georgia/nVbsCVb#id:10023426,georgia,goal,regular,assisted,8.4,59.2,0,right-foot,low-centre,0,49.1,4.4,No information,No information,64,No information,3832,59.2,8.4,50.9,0,50.9,95.6,27,1568,shot
milan-ristovski,https://www.sofascore.com/north-macedonia-georgia/nVbsCVb#id:10023426,north macedonia,miss,No information,assisted,23.4,34.7,0,right-foot,right,0,33.3,34.7,No information,No information,56,No information,3322,34.7,23.4,66.7,0,66.7,65.3,35,2078,shot
khvicha-kvaratskhelia,https://www.sofascore.com/north-macedonia-georgia/nVbsCVb#id:10023426,georgia,miss,No information,assisted,26.1,51.3,0,right-foot,close-high-right,0,43,40.3,No information,No information,55,No information,3274,51.3,26.1,57,0,57,59.7,36,2126,shot
enis-bardhi,https://www.sofascore.com/north-macedonia-georgia/nVbsCVb#id:10023426,north macedonia,miss,No information,assisted,24.8,33.8,0,right-foot,high-right,0,39.7,88.9,No information,No information,54,No information,3193,33.8,24.8,60.3,0,60.3,11.1,37,2207,shot
ezgjan-alioski,https://www.sofascore.com/north-macedonia-georgia/nVbsCVb#id:10023426,north macedonia,miss,No information,corner,24.8,64.7,0,left-foot,right,0,40.3,8.3,No information,No information,52,No information,3107,64.7,24.8,59.7,0,59.7,91.7,39,2293,shot
bojan-miovski,https://www.sofascore.com/north-macedonia-georgia/nVbsCVb#id:10023426,north macedonia,save,No information,assisted,8.3,60.4,0,left-foot,high-centre,0,49.6,22.2,No information,No information,52,No information,3074,60.4,8.3,50.4,0,50.4,77.8,39,2326,shot
eljif-elmas,https://www.sofascore.com/north-macedonia-georgia/nVbsCVb#id:10023426,north macedonia,save,No information,assisted,10.5,39.4,0,head,low-left,0,52.9,19,No information,No information,49,No information,2931,39.4,10.5,47.1,0,47.1,81,42,2469,shot
eljif-elmas,https://www.sofascore.com/north-macedonia-georgia/nVbsCVb#id:10023426,north macedonia,miss,No information,assisted,12.4,64.2,0,right-foot,close-right,0,43.9,22.2,No information,No information,47,No information,2775,64.2,12.4,56.1,0,56.1,77.8,44,2625,shot
budu-zivzivadze,https://www.sofascore.com/north-macedonia-georgia/nVbsCVb#id:10023426,georgia,miss,No information,assisted,4.3,70.9,0,right-foot,close-right,0,43.7,30.6,No information,No information,45,1,2734,70.9,4.3,56.3,0,56.3,69.4,1,2666,shot
zuriko-davitashvili,https://www.sofascore.com/north-macedonia-georgia/nVbsCVb#id:10023426,georgia,block,No information,regular,12.4,47.3,0,left-foot,low-centre,0,50.7,19,No information,No information,45,No information,2696,47.3,12.4,49.3,0,49.3,81,1,4,shot
otar-kakabadze,https://www.sofascore.com/north-macedonia-georgia/nVbsCVb#id:10023426,georgia,miss,No information,corner,30.5,53.2,0,left-foot,high-left,0,59.8,87.5,No information,No information,40,No information,2377,53.2,30.5,40.2,0,40.2,12.5,6,323,shot
budu-zivzivadze,https://www.sofascore.com/north-macedonia-georgia/nVbsCVb#id:10023426,georgia,block,No information,assisted,13.2,59.6,0,right-foot,low-centre,0,50.2,19,No information,No information,39,No information,2328,59.6,13.2,49.8,0,49.8,81,7,372,shot
bojan-miovski,https://www.sofascore.com/north-macedonia-georgia/nVbsCVb#id:10023426,georgia,goal,own,corner,3.2,47.5,0,other,low-left,0,52.5,15.2,No information,No information,35,No information,2070,47.5,3.2,47.5,0,47.5,84.8,11,630,shot
giorgi-aburjania,https://www.sofascore.com/north-macedonia-georgia/nVbsCVb#id:10023426,georgia,save,No information,assisted,18.7,23.9,0,right-foot,high-centre,0,49.2,34.8,No information,No information,34,No information,2036,23.9,18.7,50.8,0,50.8,65.2,12,664,shot
enis-bardhi,https://www.sofascore.com/north-macedonia-georgia/nVbsCVb#id:10023426,north macedonia,save,No information,free-kick,27.5,68.2,0,right-foot,high-right,0,47.8,20.9,No information,No information,23,No information,1363,68.2,27.5,52.2,0,52.2,79.1,23,1337,shot
enis-bardhi,https://www.sofascore.com/north-macedonia-georgia/nVbsCVb#id:10023426,north macedonia,miss,No information,corner,30.3,46.6,0,right-foot,high-right,0,26.4,87.5,No information,No information,22,No information,1263,46.6,30.3,73.6,0,73.6,12.5,24,1437,shot
stefan-spirovski,https://www.sofascore.com/north-macedonia-georgia/nVbsCVb#id:10023426,north macedonia,save,No information,assisted,31.9,51.3,0,right-foot,high-centre,0,51.5,21.5,No information,No information,21,No information,1222,51.3,31.9,48.5,0,48.5,78.5,25,1478,shot
darko-velkovski,https://www.sofascore.com/north-macedonia-georgia/nVbsCVb#id:10023426,north macedonia,miss,No information,set-piece,17.5,52.6,0,head,left,0,68.7,8.3,No information,No information,19,No information,1085,52.6,17.5,31.3,0,31.3,91.7,27,1615,shot
stefan-spirovski,https://www.sofascore.com/north-macedonia-georgia/nVbsCVb#id:10023426,north macedonia,save,No information,assisted,29.5,60.2,0,right-foot,low-centre,0,49.7,7,No information,No information,10,No information,584,60.2,29.5,50.3,0,50.3,93,36,2116,shot
ezgjan-alioski,https://www.sofascore.com/north-macedonia-georgia/nVbsCVb#id:10023426,north macedonia,block,No information,corner,20,28.9,0,left-foot,low-centre,0,51.7,19,No information,No information,9,No information,495,28.9,20,48.3,0,48.3,81,37,2205,shot

khvicha-kvaratskhelia,https://www.sofascore.com/georgia-scotland/VTbsnVb#id:10752450,georgia,miss,No information,penalty,11.5,50,0,right-foot,high,0,46.4,63.9,No information,No information,90,4,5638,50,11.5,53.6,0,53.6,36.1,1,662,shot
mikautadze-georges,https://www.sofascore.com/georgia-scotland/VTbsnVb#id:10752450,georgia,miss,No information,assisted,19.7,31.6,0,right-foot,close-high,0,45.9,54.2,No information,No information,85,No information,5075,31.6,19.7,54.1,0,54.1,45.8,6,325,shot
lyndon-dykes,https://www.sofascore.com/georgia-scotland/VTbsnVb#id:10752450,scotland,block,No information,assisted,15.9,50.4,0,right-foot,low-centre,0,50.9,19,No information,No information,77,No information,4616,50.4,15.9,49.1,0,49.1,81,14,784,shot
mikautadze-georges,https://www.sofascore.com/georgia-scotland/VTbsnVb#id:10752450,georgia,miss,No information,regular,11,37.7,0,right-foot,close-left,0,56.5,12.5,No information,No information,73,No information,4374,37.7,11,43.5,0,43.5,87.5,18,1026,shot
porteous-ryan,https://www.sofascore.com/georgia-scotland/VTbsnVb#id:10752450,scotland,miss,No information,corner,8.5,45.4,0,head,close-high,0,47.7,58.3,No information,No information,72,No information,4302,45.4,8.5,52.3,0,52.3,41.7,19,1098,shot
otar-kiteishvili,https://www.sofascore.com/georgia-scotland/VTbsnVb#id:10752450,georgia,miss,No information,assisted,26.4,37.5,0,right-foot,close-high,0,50.8,58.3,No information,No information,60,No information,3549,37.5,26.4,49.2,0,49.2,41.7,31,1851,shot
scott-mctominay,https://www.sofascore.com/georgia-scotland/VTbsnVb#id:10752450,scotland,miss,No information,assisted,21.3,58.6,0,right-foot,close-right,0,42,13.9,No information,No information,58,No information,3420,58.6,21.3,58,0,58,86.1,33,1980,shot
callum-mcgregor,https://www.sofascore.com/georgia-scotland/VTbsnVb#id:10752450,scotland,miss,No information,regular,18.4,51.8,0,left-foot,high-left,0,61.5,52.8,No information,No information,55,No information,3296,51.8,18.4,38.5,0,38.5,47.2,36,2104,shot
scott-mctominay,https://www.sofascore.com/georgia-scotland/VTbsnVb#id:10752450,scotland,goal,regular,regular,16.7,35.5,0,left-foot,low-left,0,53.3,6.3,No information,No information,47,No information,2780,35.5,16.7,46.7,0,46.7,93.7,44,2620,shot
nika-kvekveskiri,https://www.sofascore.com/georgia-scotland/VTbsnVb#id:10752450,georgia,block,No information,assisted,27.2,45.2,0,right-foot,low-centre,0,49.9,19,No information,No information,44,No information,2633,45.2,27.2,50.1,0,50.1,81,2,67,shot
john-mcginn,https://www.sofascore.com/georgia-scotland/VTbsnVb#id:10752450,scotland,block,No information,regular,25.1,63.7,0,left-foot,low-left,0,52.2,19,No information,No information,43,No information,2525,63.7,25.1,47.8,0,47.8,81,3,175,shot
porteous-ryan,https://www.sofascore.com/georgia-scotland/VTbsnVb#id:10752450,scotland,miss,No information,corner,3,65.5,0,head,high-right,0,37.1,43.1,No information,No information,42,No information,2481,65.5,3,62.9,0,62.9,56.9,4,219,shot
scott-mctominay,https://www.sofascore.com/georgia-scotland/VTbsnVb#id:10752450,scotland,save,No information,assisted,10.3,30.3,0,right-foot,low-right,0,47.1,2.5,No information,No information,40,No information,2388,30.3,10.3,52.9,0,52.9,97.5,6,312,shot
john-mcginn,https://www.sofascore.com/georgia-scotland/VTbsnVb#id:10752450,scotland,miss,No information,assisted,11.1,53.2,0,left-foot,left,0,63.4,8.3,No information,No information,38,No information,2267,53.2,11.1,36.6,0,36.6,91.7,8,433,shot
john-mcginn,https://www.sofascore.com/georgia-scotland/VTbsnVb#id:10752450,scotland,miss,No information,assisted,10.8,56.3,0,head,close-left,0,58.7,2.8,No information,No information,38,No information,2226,56.3,10.8,41.3,0,41.3,97.2,8,474,shot
khvicha-kvaratskhelia,https://www.sofascore.com/georgia-scotland/VTbsnVb#id:10752450,georgia,miss,No information,assisted,35.2,11.4,0,right-foot,right,0,32.9,13.9,No information,No information,32,No information,1894,11.4,35.2,67.1,0,67.1,86.1,14,806,shot
john-mcginn,https://www.sofascore.com/georgia-scotland/VTbsnVb#id:10752450,scotland,block,No information,corner,13.1,53.8,0,left-foot,low-centre,0,49.8,19,No information,No information,24,No information,1400,53.8,13.1,50.2,0,50.2,81,22,1300,shot
mikautadze-georges,https://www.sofascore.com/georgia-scotland/VTbsnVb#id:10752450,georgia,miss,No information,regular,24.5,67.4,0,right-foot,high-right,0,40.8,75,No information,No information,18,No information,1034,67.4,24.5,59.2,0,59.2,25,28,1666,shot
lyndon-dykes,https://www.sofascore.com/georgia-scotland/VTbsnVb#id:10752450,scotland,miss,No information,assisted,7.7,59.6,0,other,close-right,0,43.2,6.9,No information,No information,13,No information,765,59.6,7.7,56.8,0,56.8,93.1,33,1935,shot
otar-kiteishvili,https://www.sofascore.com/georgia-scotland/VTbsnVb#id:10752450,georgia,miss,No information,assisted,9,71.3,0,right-foot,left,0,65.4,4.2,No information,No information,8,No information,451,71.3,9,34.6,0,34.6,95.8,38,2249,shot
callum-mcgregor,https://www.sofascore.com/georgia-scotland/VTbsnVb#id:10752450,scotland,goal,regular,corner,13.7,61.5,0,right-foot,low-left,0,53.4,7,No information,No information,6,No information,303,61.5,13.7,46.6,0,46.6,93,40,2397,shot
lyndon-dykes,https://www.sofascore.com/georgia-scotland/VTbsnVb#id:10752450,scotland,block,No information,corner,6.1,59.3,0,head,low-centre,0,51.3,19,No information,No information,6,No information,301,59.3,6.1,48.7,0,48.7,81,40,2399,shot
saba-lobjanidze,https://www.sofascore.com/georgia-scotland/VTbsnVb#id:10752450,georgia,miss,No information,assisted,18.3,67.8,0,left-foot,close-left,0,57.3,2.8,No information,No information,4,No information,239,67.8,18.3,42.7,0,42.7,97.2,42,2461,shot

mikautadze-georges,https://www.sofascore.com/kosovo-georgia/nVbsBNlb#id:9223853,georgia,block,No information,assisted,16.2,65.5,0,left-foot,low-right,0,47.8,19,No information,No information,90,No information,5393,65.5,16.2,52.2,0,52.2,81,1,7,shot
vedat-muriqi,https://www.sofascore.com/kosovo-georgia/nVbsBNlb#id:9223853,kosovo,miss,No information,assisted,26.9,37.5,0,left-foot,high-left,0,60.7,91.7,No information,No information,85,No information,5095,37.5,26.9,39.3,0,39.3,8.3,6,305,shot
zymer-bytyqi,https://www.sofascore.com/kosovo-georgia/nVbsBNlb#id:9223853,kosovo,miss,No information,assisted,10.8,62.9,0,right-foot,close-high-right,0,43.7,58.3,No information,No information,81,No information,4833,62.9,10.8,56.3,0,56.3,41.7,10,567,shot
mikautadze-georges,https://www.sofascore.com/kosovo-georgia/nVbsBNlb#id:9223853,georgia,save,No information,assisted,12.7,72.1,0,right-foot,low-centre,0,50.9,0.6,No information,No information,72,No information,4264,72.1,12.7,49.1,0,49.1,99.4,19,1136,shot
giorgi-tsitaishvili,https://www.sofascore.com/kosovo-georgia/nVbsBNlb#id:9223853,georgia,block,No information,corner,17.7,60.8,0,left-foot,low-left,0,54.1,19,No information,No information,70,No information,4148,60.8,17.7,45.9,0,45.9,81,21,1252,shot
jaba-jigauri,https://www.sofascore.com/kosovo-georgia/nVbsBNlb#id:9223853,georgia,block,No information,assisted,24.8,43.9,0,right-foot,low-centre,0,49.8,19,No information,No information,69,No information,4119,43.9,24.8,50.2,0,50.2,81,22,1281,shot
guram-kashia,https://www.sofascore.com/kosovo-georgia/nVbsBNlb#id:9223853,georgia,miss,No information,corner,10,46.2,0,right-foot,right,0,40.3,2.8,No information,No information,57,No information,3402,46.2,10,59.7,0,59.7,97.2,34,1998,shot
giorgi-aburjania,https://www.sofascore.com/kosovo-georgia/nVbsBNlb#id:9223853,georgia,block,No information,assisted,25.2,37.7,0,right-foot,low-centre,0,48.6,19,No information,No information,55,No information,3257,37.7,25.2,51.4,0,51.4,81,36,2143,shot
vedat-muriqi,https://www.sofascore.com/kosovo-georgia/nVbsBNlb#id:9223853,kosovo,block,No information,fast-break,9.8,39.2,0,left-foot,low-centre,0,48.8,19,No information,No information,54,No information,3204,39.2,9.8,51.2,0,51.2,81,37,2196,shot
lirim-kastrati,https://www.sofascore.com/kosovo-georgia/nVbsBNlb#id:9223853,kosovo,save,No information,fast-break,12.5,61,0,right-foot,low-centre,0,49,4.4,No information,No information,54,No information,3202,61,12.5,51,0,51,95.6,37,2198,shot
davit-khocholava,https://www.sofascore.com/kosovo-georgia/nVbsBNlb#id:9223853,georgia,block,No information,set-piece,12.5,55,0,head,low-centre,0,48.8,19,No information,No information,54,No information,3189,55,12.5,51.2,0,51.2,81,37,2211,shot
jaba-jigauri,https://www.sofascore.com/kosovo-georgia/nVbsBNlb#id:9223853,georgia,block,No information,assisted,8.8,65.1,0,right-foot,low-left,0,54.6,18.1,No information,No information,51,No information,3039,65.1,8.8,45.4,0,45.4,81.9,40,2361,shot
vedat-muriqi,https://www.sofascore.com/kosovo-georgia/nVbsBNlb#id:9223853,kosovo,save,No information,assisted,8.4,41.9,0,head,high-left,0,51.9,28.5,No information,No information,48,No information,2849,41.9,8.4,48.1,0,48.1,71.5,43,2551,shot
giorgi-tsitaishvili,https://www.sofascore.com/kosovo-georgia/nVbsBNlb#id:9223853,georgia,block,No information,assisted,17.4,65.5,0,left-foot,low-right,0,47.9,19,No information,No information,43,No information,2572,65.5,17.4,52.1,0,52.1,81,3,128,shot
grigol-chabradze,https://www.sofascore.com/kosovo-georgia/nVbsBNlb#id:9223853,georgia,miss,No information,assisted,23.2,73.6,0,right-foot,left,0,67.4,1.4,No information,No information,38,No information,2255,73.6,23.2,32.6,0,32.6,98.6,8,445,shot
jaba-jigauri,https://www.sofascore.com/kosovo-georgia/nVbsBNlb#id:9223853,georgia,save,No information,assisted,23.5,29.5,0,left-foot,low-right,0,47.2,2.5,No information,No information,37,No information,2209,29.5,23.5,52.8,0,52.8,97.5,9,491,shot
giorgi-kvilitaia,https://www.sofascore.com/kosovo-georgia/nVbsBNlb#id:9223853,georgia,miss,No information,assisted,8.4,44.1,0,head,right,0,1.3,2.8,No information,No information,37,No information,2183,44.1,8.4,98.7,0,98.7,97.2,9,517,shot
jaba-jigauri,https://www.sofascore.com/kosovo-georgia/nVbsBNlb#id:9223853,georgia,block,No information,regular,12.7,45.2,0,right-foot,low-right,0,45.3,19,No information,No information,33,No information,1951,45.2,12.7,54.7,0,54.7,81,13,749,shot
giorgi-tsitaishvili,https://www.sofascore.com/kosovo-georgia/nVbsBNlb#id:9223853,georgia,miss,No information,free-kick,23.6,57.5,0,left-foot,close-high,0,47.6,56.9,No information,No information,26,No information,1519,57.5,23.6,52.4,0,52.4,43.1,20,1181,shot
vedat-muriqi,https://www.sofascore.com/kosovo-georgia/nVbsBNlb#id:9223853,kosovo,goal,regular,assisted,10,47,0,head,low-left,0,52.8,11.4,No information,No information,18,No information,1051,47,10,47.2,0,47.2,88.6,28,1649,shot
valon-berisha,https://www.sofascore.com/kosovo-georgia/nVbsBNlb#id:9223853,kosovo,block,No information,assisted,15,36.5,0,right-foot,low-centre,0,51.7,19,No information,No information,3,No information,139,36.5,15,48.3,0,48.3,81,43,2561,shot

giorgi-papunashvili,https://www.sofascore.com/north-macedonia-georgia/nVbsCVb#id:9102659,georgia,block,No information,assisted,26.3,51.3,0,left-foot,low-centre,0,51.1,19,No information,No information,87,No information,5198,51.3,26.3,48.9,0,48.9,81,4,202,shot
tornike-okriashvili,https://www.sofascore.com/north-macedonia-georgia/nVbsCVb#id:9102659,georgia,block,No information,free-kick,27.5,30.5,0,right-foot,low-left,0,52.2,19,No information,No information,83,No information,4933,30.5,27.5,47.8,0,47.8,81,8,467,shot
nika-kvekveskiri,https://www.sofascore.com/north-macedonia-georgia/nVbsCVb#id:9102659,georgia,miss,No information,corner,27.3,41.5,0,right-foot,left,0,84.4,19.4,No information,No information,77,No information,4568,41.5,27.3,15.6,0,15.6,80.6,14,832,shot
eljif-elmas,https://www.sofascore.com/north-macedonia-georgia/nVbsCVb#id:9102659,north macedonia,miss,No information,assisted,13.8,43.3,0,left-foot,close-right,0,41.3,1.4,No information,No information,75,No information,4455,43.3,13.8,58.7,0,58.7,98.6,16,945,shot
valeriane-gvilia,https://www.sofascore.com/north-macedonia-georgia/nVbsCVb#id:9102659,georgia,miss,No information,assisted,24.2,52.6,0,right-foot,high-right,0,38.2,84.7,No information,No information,74,No information,4409,52.6,24.2,61.8,0,61.8,15.3,17,991,shot
ilija-nestorovski,https://www.sofascore.com/north-macedonia-georgia/nVbsCVb#id:9102659,north macedonia,miss,No information,corner,6.7,58.8,0,head,high,0,53.3,77.8,No information,No information,73,No information,4327,58.8,6.7,46.7,0,46.7,22.2,18,1073,shot
eljif-elmas,https://www.sofascore.com/north-macedonia-georgia/nVbsCVb#id:9102659,north macedonia,miss,No information,assisted,22.9,47.2,0,right-foot,close-left,0,58,38.9,No information,No information,66,No information,3950,47.2,22.9,42,0,42,61.1,25,1450,shot
goran-pandev,https://www.sofascore.com/north-macedonia-georgia/nVbsCVb#id:9102659,north macedonia,goal,regular,assisted,7.6,46.8,0,left-foot,low-left,0,52.4,0.6,No information,No information,56,No information,3305,46.8,7.6,47.6,0,47.6,99.4,35,2095,shot
nika-kacharava,https://www.sofascore.com/north-macedonia-georgia/nVbsCVb#id:9102659,georgia,block,No information,assisted,11.3,42.1,0,right-foot,low-centre,0,50.8,19,No information,No information,55,No information,3248,42.1,11.3,49.2,0,49.2,81,36,2152,shot
goran-pandev,https://www.sofascore.com/north-macedonia-georgia/nVbsCVb#id:9102659,north macedonia,miss,No information,corner,2.5,68.7,0,right-foot,close-right,0,43.4,8.3,No information,No information,54,No information,3190,68.7,2.5,56.6,0,56.6,91.7,37,2210,shot
tornike-okriashvili,https://www.sofascore.com/north-macedonia-georgia/nVbsCVb#id:9102659,georgia,block,No information,regular,12.1,25.6,0,right-foot,low-centre,0,48.9,19,No information,No information,45,No information,2696,25.6,12.1,51.1,0,51.1,81,1,4,shot
goran-pandev,https://www.sofascore.com/north-macedonia-georgia/nVbsCVb#id:9102659,north macedonia,save,No information,assisted,14.8,54.8,0,head,low-left,0,53.9,13.9,No information,No information,35,No information,2048,54.8,14.8,46.1,0,46.1,86.1,11,652,shot
arijan-ademi,https://www.sofascore.com/north-macedonia-georgia/nVbsCVb#id:9102659,north macedonia,miss,No information,regular,22.9,39.7,0,right-foot,right,0,36.1,23.6,No information,No information,34,No information,2038,39.7,22.9,63.9,0,63.9,76.4,12,662,shot
valeriane-gvilia,https://www.sofascore.com/north-macedonia-georgia/nVbsCVb#id:9102659,georgia,save,No information,assisted,27.5,61.2,0,right-foot,low-left,0,53.2,11.4,No information,No information,33,No information,1978,61.2,27.5,46.8,0,46.8,88.6,13,722,shot
tornike-okriashvili,https://www.sofascore.com/north-macedonia-georgia/nVbsCVb#id:9102659,georgia,miss,No information,assisted,14.6,70.9,0,right-foot,close-high-right,0,43.5,55.6,No information,No information,30,No information,1766,70.9,14.6,56.5,0,56.5,44.4,16,934,shot
tornike-okriashvili,https://www.sofascore.com/north-macedonia-georgia/nVbsCVb#id:9102659,georgia,save,No information,assisted,25.3,60.6,0,right-foot,low-centre,0,48.4,11.4,No information,No information,28,No information,1642,60.6,25.3,51.6,0,51.6,88.6,18,1058,shot
jaba-kankava,https://www.sofascore.com/north-macedonia-georgia/nVbsCVb#id:9102659,georgia,miss,No information,free-kick,29.8,53.6,0,right-foot,left,0,59.8,2.8,No information,No information,14,No information,822,53.6,29.8,40.2,0,40.2,97.2,32,1878,shot
nika-kvekveskiri,https://www.sofascore.com/north-macedonia-georgia/nVbsCVb#id:9102659,georgia,miss,No information,corner,22.7,45.4,0,right-foot,high-right,0,39.8,87.5,No information,No information,5,No information,286,45.4,22.7,60.2,0,60.2,12.5,41,2414,shot

sargis-adamyan,https://www.sofascore.com/georgia-armenia/PUbsnVb#id:8600889,armenia,goal,regular,fast-break,8.5,44.7,0,left-foot,low-right,0,47.1,17.1,No information,No information,86,No information,5126,44.7,8.5,52.9,0,52.9,82.9,5,274,shot
giorgi-navalovski,https://www.sofascore.com/georgia-armenia/PUbsnVb#id:8600889,georgia,block,No information,regular,19.8,25.8,0,left-foot,low-left,0,53.2,19,No information,No information,85,No information,5092,25.8,19.8,46.8,0,46.8,81,6,308,shot
beka-mikeltadze,https://www.sofascore.com/georgia-armenia/PUbsnVb#id:8600889,georgia,block,No information,assisted,7.5,41,0,head,low-left,0,53.5,19,No information,No information,83,No information,4975,41,7.5,46.5,0,46.5,81,8,425,shot
vahan-bichakhchyan,https://www.sofascore.com/georgia-armenia/PUbsnVb#id:8600889,armenia,miss,No information,free-kick,31.3,51.9,0,left-foot,close-right,0,42.7,6.9,No information,No information,80,No information,4792,51.9,31.3,57.3,0,57.3,93.1,11,608,shot
nika-kacharava,https://www.sofascore.com/georgia-armenia/PUbsnVb#id:8600889,georgia,block,No information,assisted,6.7,45,0,left-foot,low-left,0,52.5,19,No information,No information,72,No information,4287,45,6.7,47.5,0,47.5,81,19,1113,shot
valeri-qazaishvili,https://www.sofascore.com/georgia-armenia/PUbsnVb#id:8600889,georgia,save,No information,regular,16.5,38.2,0,left-foot,low-left,0,54.6,17.7,No information,No information,71,No information,4225,38.2,16.5,45.4,0,45.4,82.3,20,1175,shot
valeri-qazaishvili,https://www.sofascore.com/georgia-armenia/PUbsnVb#id:8600889,georgia,goal,penalty,penalty,11.2,50.1,0,right-foot,low-right,0,47.6,1.9,No information,No information,65,No information,3880,50.1,11.2,52.4,0,52.4,98.1,26,1520,shot
alexander-karapetyan,https://www.sofascore.com/georgia-armenia/PUbsnVb#id:8600889,armenia,save,No information,assisted,3.7,45.4,0,left-foot,low-centre,0,51.7,18.4,No information,No information,61,No information,3620,45.4,3.7,48.3,0,48.3,81.6,30,1780,shot
tigran-barseghyan,https://www.sofascore.com/georgia-armenia/PUbsnVb#id:8600889,armenia,block,No information,assisted,8.8,61.4,0,left-foot,low-centre,0,49.8,19,No information,No information,61,No information,3604,61.4,8.8,50.2,0,50.2,81,30,1796,shot
jaba-jigauri,https://www.sofascore.com/georgia-armenia/PUbsnVb#id:8600889,georgia,save,No information,assisted,22.7,65.8,0,left-foot,low-centre,0,49.8,12.7,No information,No information,48,No information,2871,65.8,22.7,50.2,0,50.2,87.3,43,2529,shot
giorgi-aburjania,https://www.sofascore.com/georgia-armenia/PUbsnVb#id:8600889,georgia,block,No information,assisted,21.7,56.1,0,right-foot,low-centre,0,51,19,No information,No information,48,No information,2867,56.1,21.7,49,0,49,81,43,2533,shot
tigran-barseghyan,https://www.sofascore.com/georgia-armenia/PUbsnVb#id:8600889,armenia,block,No information,assisted,15.6,75,0,left-foot,low-centre,0,48.4,19,No information,No information,45,2,2766,75,15.6,51.6,0,51.6,81,1,2634,shot
elguja-lobjanidze,https://www.sofascore.com/georgia-armenia/PUbsnVb#id:8600889,georgia,miss,No information,assisted,10.6,49.3,0,head,right,0,0.3,4.2,No information,No information,42,No information,2480,49.3,10.6,99.7,0,99.7,95.8,4,220,shot
elguja-lobjanidze,https://www.sofascore.com/georgia-armenia/PUbsnVb#id:8600889,georgia,save,No information,assisted,8.5,53.8,0,head,low-right,0,47.8,19,No information,No information,40,No information,2355,53.8,8.5,52.2,0,52.2,81,6,345,shot
artak-grigoryan,https://www.sofascore.com/georgia-armenia/PUbsnVb#id:8600889,armenia,block,No information,assisted,25.3,59.9,0,right-foot,low-left,0,54.1,19,No information,No information,35,No information,2045,59.9,25.3,45.9,0,45.9,81,11,655,shot
gevorg-ghazaryan,https://www.sofascore.com/georgia-armenia/PUbsnVb#id:8600889,armenia,post,No information,assisted,15.2,51.6,0,right-foot,right,0,44.8,19.6,No information,No information,34,No information,2031,51.6,15.2,55.2,0,55.2,80.4,12,669,shot
gevorg-ghazaryan,https://www.sofascore.com/georgia-armenia/PUbsnVb#id:8600889,armenia,goal,regular,regular,8.7,51.9,0,right-foot,low-centre,0,51.3,2.5,No information,No information,33,No information,1933,51.9,8.7,48.7,0,48.7,97.5,13,767,shot
varazdat-haroyan,https://www.sofascore.com/georgia-armenia/PUbsnVb#id:8600889,armenia,miss,No information,set-piece,16.5,50.7,0,right-foot,high-right,0,36.3,68.1,No information,No information,30,No information,1742,50.7,16.5,63.7,0,63.7,31.9,16,958,shot
tigran-barseghyan,https://www.sofascore.com/georgia-armenia/PUbsnVb#id:8600889,armenia,block,No information,assisted,18.9,69.3,0,left-foot,low-centre,0,49.6,19,No information,No information,22,No information,1285,69.3,18.9,50.4,0,50.4,81,24,1415,shot
jaba-kankava,https://www.sofascore.com/georgia-armenia/PUbsnVb#id:8600889,georgia,block,No information,assisted,23.2,47.5,0,right-foot,low-centre,0,51.1,19,No information,No information,12,No information,699,47.5,23.2,48.9,0,48.9,81,34,2001,shot

ezgjan-alioski,https://www.sofascore.com/north-macedonia-georgia/nVbsCVb#id:8600857,north macedonia,goal,penalty,penalty,11.5,50.1,0,left-foot,low-right,0,46.2,12,No information,No information,90,3,5527,50.1,11.5,53.8,0,53.8,88,1,773,shot
nika-kacharava,https://www.sofascore.com/north-macedonia-georgia/nVbsCVb#id:8600857,georgia,save,No information,fast-break,11.1,61.2,0,right-foot,low-centre,0,51,15.8,No information,No information,88,No information,5244,61.2,11.1,49,0,49,84.2,3,156,shot
boban-nikolov,https://www.sofascore.com/north-macedonia-georgia/nVbsCVb#id:8600857,north macedonia,block,No information,assisted,19.7,69,0,right-foot,low-right,0,47.5,19,No information,No information,88,No information,5222,69,19.7,52.5,0,52.5,81,3,178,shot
valeri-qazaishvili,https://www.sofascore.com/north-macedonia-georgia/nVbsCVb#id:8600857,georgia,save,No information,fast-break,9.9,65.8,0,right-foot,low-left,0,53.1,15.8,No information,No information,85,No information,5047,65.8,9.9,46.9,0,46.9,84.2,6,353,shot
khvicha-kvaratskhelia,https://www.sofascore.com/north-macedonia-georgia/nVbsCVb#id:8600857,georgia,goal,regular,corner,7.6,32.8,0,right-foot,low-right,0,46.5,17.1,No information,No information,74,No information,4410,32.8,7.6,53.5,0,53.5,82.9,17,990,shot
nika-kacharava,https://www.sofascore.com/north-macedonia-georgia/nVbsCVb#id:8600857,georgia,post,No information,assisted,14.7,50.9,0,right-foot,left,0,55.3,3.8,No information,No information,73,No information,4362,50.9,14.7,44.7,0,44.7,96.2,18,1038,shot
lasha-dvali,https://www.sofascore.com/north-macedonia-georgia/nVbsCVb#id:8600857,georgia,miss,No information,set-piece,9.3,35.1,0,head,high,0,51.8,61.1,No information,No information,71,No information,4254,35.1,9.3,48.2,0,48.2,38.9,20,1146,shot
valeriane-gvilia,https://www.sofascore.com/north-macedonia-georgia/nVbsCVb#id:8600857,georgia,miss,No information,assisted,18.4,43.7,0,left-foot,right,0,39.3,15.3,No information,No information,57,No information,3405,43.7,18.4,60.7,0,60.7,84.7,34,1995,shot
boban-nikolov,https://www.sofascore.com/north-macedonia-georgia/nVbsCVb#id:8600857,north macedonia,save,No information,assisted,24.6,50.5,0,right-foot,high-right,0,47.1,22.8,No information,No information,54,No information,3204,50.5,24.6,52.9,0,52.9,77.2,37,2196,shot
murtaz-daushvili,https://www.sofascore.com/north-macedonia-georgia/nVbsCVb#id:8600857,georgia,save,No information,assisted,18.7,39.2,0,right-foot,low-centre,0,50.5,1.9,No information,No information,49,No information,2892,39.2,18.7,49.5,0,49.5,98.1,42,2508,shot
murtaz-daushvili,https://www.sofascore.com/north-macedonia-georgia/nVbsCVb#id:8600857,georgia,miss,No information,assisted,21.7,40.9,0,right-foot,left,0,61.8,11.1,No information,No information,45,1,2758,40.9,21.7,38.2,0,38.2,88.9,1,2642,shot
boban-nikolov,https://www.sofascore.com/north-macedonia-georgia/nVbsCVb#id:8600857,north macedonia,block,No information,corner,16.2,49.7,0,right-foot,low-centre,0,49.8,19,No information,No information,45,No information,2659,49.7,16.2,50.2,0,50.2,81,1,41,shot
goran-pandev,https://www.sofascore.com/north-macedonia-georgia/nVbsCVb#id:8600857,north macedonia,miss,No information,corner,9.6,49.3,0,head,left,0,61.2,8.3,No information,No information,42,No information,2495,49.3,9.6,38.8,0,38.8,91.7,4,205,shot
darko-velkovski,https://www.sofascore.com/north-macedonia-georgia/nVbsCVb#id:8600857,north macedonia,block,No information,corner,10.8,46.2,0,head,low-left,0,52.6,19,No information,No information,41,No information,2455,46.2,10.8,47.4,0,47.4,81,5,245,shot
ilija-nestorovski,https://www.sofascore.com/north-macedonia-georgia/nVbsCVb#id:8600857,north macedonia,block,No information,assisted,19.6,76.3,0,left-foot,low-centre,0,48.4,19.4,No information,No information,34,No information,2037,76.3,19.6,51.6,0,51.6,80.6,12,663,shot
goran-pandev,https://www.sofascore.com/north-macedonia-georgia/nVbsCVb#id:8600857,north macedonia,block,No information,assisted,19.8,48.7,0,left-foot,low-centre,0,51.1,19,No information,No information,33,No information,1930,48.7,19.8,48.9,0,48.9,81,13,770,shot
goran-pandev,https://www.sofascore.com/north-macedonia-georgia/nVbsCVb#id:8600857,north macedonia,block,No information,assisted,26.1,39.2,0,left-foot,low-centre,0,50.4,19,No information,No information,14,No information,819,39.2,26.1,49.6,0,49.6,81,32,1881,shot
solomon-kvirkvelia,https://www.sofascore.com/north-macedonia-georgia/nVbsCVb#id:8600857,georgia,block,No information,corner,26.4,48,0,right-foot,low-left,0,51.9,19,No information,No information,4,No information,183,48,26.4,48.1,0,48.1,81,42,2517,shot
otar-kiteishvili,https://www.sofascore.com/north-macedonia-georgia/nVbsCVb#id:8600857,georgia,block,No information,corner,15.4,40.2,0,right-foot,low-centre,0,51.5,19,No information,No information,4,No information,181,40.2,15.4,48.5,0,48.5,81,42,2519,shot

abel-ruiz,https://www.sofascore.com/georgia-spain/YTbsnVb#id:9223821,spain,save,No information,assisted,8.4,55.7,0,right-foot,low-centre,0,51.1,3.8,No information,No information,67,No information,3989,55.7,8.4,48.9,0,48.9,96.2,24,1411,shot
valeri-qazaishvili,https://www.sofascore.com/georgia-spain/YTbsnVb#id:9223821,georgia,miss,No information,regular,6.7,54.6,0,head,close-left,0,56.6,1.4,No information,No information,65,No information,3850,54.6,6.7,43.4,0,43.4,98.6,26,1550,shot
mikautadze-georges,https://www.sofascore.com/georgia-spain/YTbsnVb#id:9223821,georgia,save,No information,throw-in-set-piece,10,69,0,left-foot,high-right,0,46.7,26.6,No information,No information,65,No information,3849,69,10,53.3,0,53.3,73.4,26,1551,shot
pablo-sarabia,https://www.sofascore.com/georgia-spain/YTbsnVb#id:9223821,spain,goal,regular,fast-break,8.8,59.6,0,left-foot,high-left,0,54.1,30.4,No information,No information,63,No information,3728,59.6,8.8,45.9,0,45.9,69.6,28,1672,shot
zuriko-davitashvili,https://www.sofascore.com/georgia-spain/YTbsnVb#id:9223821,georgia,save,No information,assisted,17.4,55.7,0,left-foot,low-centre,0,50.3,8.2,No information,No information,62,No information,3677,55.7,17.4,49.7,0,49.7,91.8,29,1723,shot
zuriko-davitashvili,https://www.sofascore.com/georgia-spain/YTbsnVb#id:9223821,georgia,miss,No information,assisted,12.1,75.2,0,right-foot,high-right,0,41.5,90.3,No information,No information,59,No information,3494,75.2,12.1,58.5,0,58.5,9.7,32,1906,shot
cesar-azpilicueta,https://www.sofascore.com/georgia-spain/YTbsnVb#id:9223821,spain,miss,No information,corner,7.1,46.2,0,head,high-left,0,64.4,76.4,No information,No information,53,No information,3178,46.2,7.1,35.6,0,35.6,23.6,38,2222,shot
azarovi-irakli,https://www.sofascore.com/georgia-spain/YTbsnVb#id:9223821,georgia,save,No information,corner,5.1,71.7,0,left-foot,low-right,0,47.9,15.2,No information,No information,46,No information,2751,71.7,5.1,52.1,0,52.1,84.8,45,2649,shot
ferran-torres,https://www.sofascore.com/georgia-spain/YTbsnVb#id:9223821,spain,goal,regular,regular,8.4,60.2,0,right-foot,low-left,0,53.9,6.3,No information,No information,41,No information,2454,60.2,8.4,46.1,0,46.1,93.7,5,246,shot
abel-ruiz,https://www.sofascore.com/georgia-spain/YTbsnVb#id:9223821,spain,miss,No information,assisted,7.5,57.5,0,left-foot,left,0,85.2,4.2,No information,No information,38,No information,2273,57.5,7.5,14.8,0,14.8,95.8,8,427,shot
pablo-sarabia,https://www.sofascore.com/georgia-spain/YTbsnVb#id:9223821,spain,save,No information,assisted,22.5,36.5,0,left-foot,low-right,0,46.8,1.9,No information,No information,38,No information,2230,36.5,22.5,53.2,0,53.2,98.1,8,470,shot
rodri,https://www.sofascore.com/georgia-spain/YTbsnVb#id:9223821,spain,miss,No information,set-piece,7.3,54.2,0,head,high-right,0,37,50,No information,No information,30,No information,1747,54.2,7.3,63,0,63,50,16,953,shot
carlos-soler,https://www.sofascore.com/georgia-spain/YTbsnVb#id:9223821,spain,goal,regular,regular,7.3,53.4,0,left-foot,high-right,0,48.1,33.5,No information,No information,25,No information,1467,53.4,7.3,51.9,0,51.9,66.5,21,1233,shot
marcos-llorente,https://www.sofascore.com/georgia-spain/YTbsnVb#id:9223821,spain,block,No information,regular,8.4,51.8,0,head,low-centre,0,50.3,19,No information,No information,22,No information,1298,51.8,8.4,49.7,0,49.7,81,24,1402,shot
jose-luis-gaya,https://www.sofascore.com/georgia-spain/YTbsnVb#id:9223821,spain,save,No information,assisted,13.1,25.5,0,right-foot,low-left,0,52.1,7.6,No information,No information,19,No information,1122,25.5,13.1,47.9,0,47.9,92.4,27,1578,shot
abel-ruiz,https://www.sofascore.com/georgia-spain/YTbsnVb#id:9223821,spain,block,No information,assisted,10.8,57.7,0,right-foot,low-centre,0,51.6,19,No information,No information,17,No information,963,57.7,10.8,48.4,0,48.4,81,29,1737,shot
jose-luis-gaya,https://www.sofascore.com/georgia-spain/YTbsnVb#id:9223821,spain,goal,regular,corner,22.1,38,0,left-foot,low-left,0,52.7,2.5,No information,No information,14,No information,833,38,22.1,47.3,0,47.3,97.5,32,1867,shot
ferran-torres,https://www.sofascore.com/georgia-spain/YTbsnVb#id:9223821,spain,miss,No information,assisted,9.7,64.9,0,right-foot,left,0,63.4,11.1,No information,No information,8,No information,453,64.9,9.7,36.6,0,36.6,88.9,38,2247,shot
ferran-torres,https://www.sofascore.com/georgia-spain/YTbsnVb#id:9223821,spain,save,No information,assisted,9.9,54.2,0,head,high-centre,0,51.8,31.6,No information,No information,3,No information,122,54.2,9.9,48.2,0,48.2,68.4,43,2578,shot

giorgi-kvilitaia,https://www.sofascore.com/gibraltar-georgia/nVbsoKbb#id:8078700,georgia,block,No information,regular,15.1,47.5,0,right-foot,No information,No information,No information,No information,No information,No information,90,1,5441,47.5,15.1,No information,No information,No information,No information,1,859,shot
levan-shengelia,https://www.sofascore.com/gibraltar-georgia/nVbsoKbb#id:8078700,georgia,block,No information,assisted,20.7,67.3,0,left-foot,No information,No information,No information,No information,No information,No information,87,No information,5181,67.3,20.7,No information,No information,No information,No information,4,219,shot
giorgi-kvilitaia,https://www.sofascore.com/gibraltar-georgia/nVbsoKbb#id:8078700,georgia,goal,regular,assisted,3.9,52.9,0,left-foot,low-centre,0,50.1,17.1,No information,No information,84,No information,5019,52.9,3.9,49.9,0,49.9,82.9,7,381,shot
otar-kiteishvili,https://www.sofascore.com/gibraltar-georgia/nVbsoKbb#id:8078700,georgia,miss,No information,assisted,7.3,34.9,0,left-foot,right,0,36.3,5.6,No information,No information,78,No information,4647,34.9,7.3,63.7,0,63.7,94.4,13,753,shot
valeri-qazaishvili,https://www.sofascore.com/gibraltar-georgia/nVbsoKbb#id:8078700,georgia,block,No information,assisted,8.1,62.1,0,right-foot,No information,No information,No information,No information,No information,No information,77,No information,4593,62.1,8.1,No information,No information,No information,No information,14,807,shot
roy-alan-chipolina,https://www.sofascore.com/gibraltar-georgia/nVbsoKbb#id:8078700,gibraltar,goal,regular,corner,2.6,48.3,0,right-foot,low-left,0,53.2,3.2,No information,No information,74,No information,4392,48.3,2.6,46.8,0,46.8,96.8,17,1008,shot
aymen-mouelhi,https://www.sofascore.com/gibraltar-georgia/nVbsoKbb#id:8078700,gibraltar,save,No information,corner,4.5,49.8,0,head,high-centre,0,51.4,24.7,No information,No information,74,No information,4389,49.8,4.5,48.6,0,48.6,75.3,17,1011,shot
liam-walker,https://www.sofascore.com/gibraltar-georgia/nVbsoKbb#id:8078700,gibraltar,save,No information,assisted,29.1,42.6,0,left-foot,high-right,0,46.2,28.5,No information,No information,73,No information,4354,42.6,29.1,53.8,0,53.8,71.5,18,1046,shot
levan-shengelia,https://www.sofascore.com/gibraltar-georgia/nVbsoKbb#id:8078700,georgia,miss,No information,assisted,23.2,48.5,0,left-foot,close-left,0,56.8,4.2,No information,No information,70,No information,4143,48.5,23.2,43.2,0,43.2,95.8,21,1257,shot
valeri-qazaishvili,https://www.sofascore.com/gibraltar-georgia/nVbsoKbb#id:8078700,georgia,miss,No information,regular,41.8,30,0,right-foot,right,0,5.2,2.8,No information,No information,69,No information,4100,30,41.8,94.8,0,94.8,97.2,22,1300,shot
valeri-qazaishvili,https://www.sofascore.com/gibraltar-georgia/nVbsoKbb#id:8078700,georgia,block,No information,assisted,14.3,36.9,0,right-foot,No information,No information,No information,No information,No information,No information,68,No information,4070,36.9,14.3,No information,No information,No information,No information,23,1330,shot
lee-casciaro,https://www.sofascore.com/gibraltar-georgia/nVbsoKbb#id:8078700,gibraltar,goal,regular,assisted,4.8,58.1,0,right-foot,low-centre,0,51.8,5.1,No information,No information,66,No information,3947,58.1,4.8,48.2,0,48.2,94.9,25,1453,shot
otar-kakabadze,https://www.sofascore.com/gibraltar-georgia/nVbsoKbb#id:8078700,georgia,save,No information,regular,12.9,66.1,0,right-foot,high-centre,0,49,21.5,No information,No information,64,No information,3781,66.1,12.9,51,0,51,78.5,27,1619,shot
valeri-qazaishvili,https://www.sofascore.com/gibraltar-georgia/nVbsoKbb#id:8078700,georgia,miss,No information,regular,2.2,44.5,0,right-foot,close-left,0,57.1,22.2,No information,No information,62,No information,3696,44.5,2.2,42.9,0,42.9,77.8,29,1704,shot
tjay-de-barr,https://www.sofascore.com/gibraltar-georgia/nVbsoKbb#id:8078700,gibraltar,miss,No information,assisted,11.3,28.9,0,left-foot,close-left,0,57,11.1,No information,No information,61,No information,3628,28.9,11.3,43,0,43,88.9,30,1772,shot
liam-walker,https://www.sofascore.com/gibraltar-georgia/nVbsoKbb#id:8078700,gibraltar,save,No information,assisted,26.1,43.3,0,left-foot,low-left,0,53.4,3.8,No information,No information,55,No information,3252,43.3,26.1,46.6,0,46.6,96.2,36,2148,shot
valeri-qazaishvili,https://www.sofascore.com/gibraltar-georgia/nVbsoKbb#id:8078700,georgia,miss,No information,assisted,19.7,58.5,0,right-foot,high-left,0,58.5,77.8,No information,No information,53,No information,3160,58.5,19.7,41.5,0,41.5,22.2,38,2240,shot
jano-ananidze,https://www.sofascore.com/gibraltar-georgia/nVbsoKbb#id:8078700,georgia,save,No information,free-kick,26.7,32.1,0,right-foot,low-centre,0,48.4,5.7,No information,No information,51,No information,3037,32.1,26.7,51.6,0,51.6,94.3,40,2363,shot
elguja-lobjanidze,https://www.sofascore.com/gibraltar-georgia/nVbsoKbb#id:8078700,georgia,miss,No information,assisted,5.9,54.3,0,head,high,0,52.6,65.3,No information,No information,50,No information,2968,54.3,5.9,47.4,0,47.4,34.7,41,2432,shot
lee-casciaro,https://www.sofascore.com/gibraltar-georgia/nVbsoKbb#id:8078700,gibraltar,block,No information,assisted,17.7,37.4,0,left-foot,No information,No information,No information,No information,No information,No information,42,No information,2504,37.4,17.7,No information,No information,No information,No information,4,196,shot
valeri-qazaishvili,https://www.sofascore.com/gibraltar-georgia/nVbsoKbb#id:8078700,georgia,block,No information,assisted,23.8,53.7,0,right-foot,No information,No information,No information,No information,No information,No information,41,No information,2424,53.7,23.8,No information,No information,No information,No information,5,276,shot
elguja-lobjanidze,https://www.sofascore.com/gibraltar-georgia/nVbsoKbb#id:8078700,georgia,save,No information,assisted,14.6,38.8,0,right-foot,low-centre,0,50.2,7,No information,No information,38,No information,2243,38.8,14.6,49.8,0,49.8,93,8,457,shot
jaba-kankava,https://www.sofascore.com/gibraltar-georgia/nVbsoKbb#id:8078700,georgia,goal,regular,assisted,28.6,58.5,0,right-foot,high-right,0,46.5,22.8,No information,No information,21,No information,1214,58.5,28.6,53.5,0,53.5,77.2,25,1486,shot
tjay-de-barr,https://www.sofascore.com/gibraltar-georgia/nVbsoKbb#id:8078700,gibraltar,miss,No information,corner,11,67.3,0,right-foot,left,0,66.2,20.8,No information,No information,15,No information,888,67.3,11,33.8,0,33.8,79.2,31,1812,shot
giorgi-kharaishvili,https://www.sofascore.com/gibraltar-georgia/nVbsoKbb#id:8078700,georgia,miss,No information,assisted,7.5,44.2,0,head,close-right,0,41.3,13.9,No information,No information,13,No information,727,44.2,7.5,58.7,0,58.7,86.1,33,1973,shot
giorgi-kharaishvili,https://www.sofascore.com/gibraltar-georgia/nVbsoKbb#id:8078700,georgia,goal,regular,assisted,10.3,45.4,0,right-foot,low-right,0,47.4,2.5,No information,No information,10,No information,587,45.4,10.3,52.6,0,52.6,97.5,36,2113,shot
liam-walker,https://www.sofascore.com/gibraltar-georgia/nVbsoKbb#id:8078700,gibraltar,miss,No information,throw-in-set-piece,24.9,39.5,0,left-foot,high,0,49.4,66.7,No information,No information,7,No information,378,39.5,24.9,50.6,0,50.6,33.3,39,2322,shot
levan-shengelia,https://www.sofascore.com/gibraltar-georgia/nVbsoKbb#id:8078700,georgia,block,No information,assisted,24.6,56,0,left-foot,No information,No information,No information,No information,No information,No information,5,No information,244,56,24.6,No information,No information,No information,No information,41,2456,shot

dani-olmo,https://www.sofascore.com/georgia-spain/YTbsnVb#id:9223769,spain,goal,regular,assisted,25.8,35.5,0,right-foot,high-right,0,45.8,31.6,No information,No information,90,2,5515,35.5,25.8,54.2,0,54.2,68.4,1,785,shot
pedri,https://www.sofascore.com/georgia-spain/YTbsnVb#id:9223769,spain,miss,No information,assisted,15.6,41.8,0,left-foot,close-left,0,58,16.7,No information,No information,87,No information,5165,41.8,15.6,42,0,42,83.3,4,235,shot
alvaro-morata,https://www.sofascore.com/georgia-spain/YTbsnVb#id:9223769,spain,miss,No information,corner,8.4,47.2,0,head,right,0,38.7,37.5,No information,No information,85,No information,5073,47.2,8.4,61.3,0,61.3,62.5,6,327,shot
dani-olmo,https://www.sofascore.com/georgia-spain/YTbsnVb#id:9223769,spain,miss,No information,assisted,12.3,36.9,0,left-foot,right,0,39.7,12.5,No information,No information,77,No information,4608,36.9,12.3,60.3,0,60.3,87.5,14,792,shot
valeriane-gvilia,https://www.sofascore.com/georgia-spain/YTbsnVb#id:9223769,georgia,block,No information,corner,16.2,68.4,0,right-foot,low-right,0,47.1,19,No information,No information,58,No information,3455,68.4,16.2,52.9,0,52.9,81,33,1945,shot
ferran-torres,https://www.sofascore.com/georgia-spain/YTbsnVb#id:9223769,spain,goal,regular,assisted,3.1,53.2,0,right-foot,low-right,0,48.1,15.8,No information,No information,56,No information,3303,53.2,3.1,51.9,0,51.9,84.2,35,2097,shot
inigo-martinez,https://www.sofascore.com/georgia-spain/YTbsnVb#id:9223769,spain,miss,No information,corner,7.1,55,0,head,right,0,35,20.8,No information,No information,54,No information,3217,55,7.1,65,0,65,79.2,37,2183,shot
khvicha-kvaratskhelia,https://www.sofascore.com/georgia-spain/YTbsnVb#id:9223769,georgia,goal,regular,assisted,13,38.2,0,left-foot,low-right,0,46.6,3.8,No information,No information,43,No information,2579,38.2,13,53.4,0,53.4,96.2,3,121,shot
ferran-torres,https://www.sofascore.com/georgia-spain/YTbsnVb#id:9223769,spain,miss,No information,assisted,17.5,55.5,0,left-foot,high,0,54.3,73.6,No information,No information,42,No information,2487,55.5,17.5,45.7,0,45.7,26.4,4,213,shot
otar-kakabadze,https://www.sofascore.com/georgia-spain/YTbsnVb#id:9223769,georgia,miss,No information,assisted,25.2,59.1,0,right-foot,right,0,28.1,20.8,No information,No information,26,No information,1538,59.1,25.2,71.9,0,71.9,79.2,20,1162,shot
saba-lobjanidze,https://www.sofascore.com/georgia-spain/YTbsnVb#id:9223769,georgia,block,No information,assisted,13.1,47,0,right-foot,low-centre,0,50.8,19,No information,No information,26,No information,1533,47,13.1,49.2,0,49.2,81,20,1167,shot
guram-kashia,https://www.sofascore.com/georgia-spain/YTbsnVb#id:9223769,georgia,save,No information,corner,8.1,57.1,0,head,low-centre,0,51.3,6.3,No information,No information,18,No information,1047,57.1,8.1,48.7,0,48.7,93.7,28,1653,shot
ferran-torres,https://www.sofascore.com/georgia-spain/YTbsnVb#id:9223769,spain,save,No information,regular,15,56,0,left-foot,low-centre,0,48.5,7,No information,No information,11,No information,618,56,15,51.5,0,51.5,93,35,2082,shot
ferran-torres,https://www.sofascore.com/georgia-spain/YTbsnVb#id:9223769,spain,block,No information,assisted,25.4,45,0,right-foot,low-centre,0,50.9,19,No information,No information,4,No information,188,45,25.4,49.1,0,49.1,81,42,2512,shot

zlatan-ibrahimovic,https://www.sofascore.com/georgia-sweden/NTbsnVb#id:9223894,sweden,miss,No information,set-piece,6.8,54.8,0,head,close-right,0,43.4,6.9,No information,No information,90,2,5511,54.8,6.8,56.6,0,56.6,93.1,1,789,shot
dejan-kulusevski,https://www.sofascore.com/georgia-sweden/NTbsnVb#id:9223894,sweden,block,No information,assisted,8.8,63.5,0,left-foot,low-right,0,47.1,19,No information,No information,85,No information,5057,63.5,8.8,52.9,0,52.9,81,6,343,shot
alexander-isak,https://www.sofascore.com/georgia-sweden/NTbsnVb#id:9223894,sweden,save,No information,assisted,9,53.6,0,head,low-right,0,46.1,17.1,No information,No information,83,No information,4925,53.6,9,53.9,0,53.9,82.9,8,475,shot
dejan-kulusevski,https://www.sofascore.com/georgia-sweden/NTbsnVb#id:9223894,sweden,miss,No information,assisted,14.2,69.7,0,left-foot,close-high-left,0,58.8,55.6,No information,No information,80,No information,4760,69.7,14.2,41.2,0,41.2,44.4,11,640,shot
khvicha-kvaratskhelia,https://www.sofascore.com/georgia-sweden/NTbsnVb#id:9223894,georgia,goal,regular,regular,11.8,45.6,0,left-foot,low-left,0,52.3,3.2,No information,No information,77,No information,4607,45.6,11.8,47.7,0,47.7,96.8,14,793,shot
guram-kashia,https://www.sofascore.com/georgia-sweden/NTbsnVb#id:9223894,georgia,block,No information,corner,7.9,49.7,0,head,low-left,0,53.7,19,No information,No information,77,No information,4562,49.7,7.9,46.3,0,46.3,81,14,838,shot
khvicha-kvaratskhelia,https://www.sofascore.com/georgia-sweden/NTbsnVb#id:9223894,georgia,save,No information,assisted,17.1,22.8,0,right-foot,high-right,0,46,24.7,No information,No information,76,No information,4523,22.8,17.1,54,0,54,75.3,15,877,shot
alexander-isak,https://www.sofascore.com/georgia-sweden/NTbsnVb#id:9223894,sweden,miss,No information,assisted,26.8,55,0,right-foot,left,0,60.7,5.6,No information,No information,71,No information,4247,55,26.8,39.3,0,39.3,94.4,20,1153,shot
khvicha-kvaratskhelia,https://www.sofascore.com/georgia-sweden/NTbsnVb#id:9223894,georgia,goal,regular,set-piece,3,49.1,0,right-foot,low-right,0,47.4,1.9,No information,No information,61,No information,3623,49.1,3,52.6,0,52.6,98.1,30,1777,shot
azarovi-irakli,https://www.sofascore.com/georgia-sweden/NTbsnVb#id:9223894,georgia,save,No information,set-piece,3.8,47.5,0,left-foot,low-centre,0,50.4,1.3,No information,No information,61,No information,3621,47.5,3.8,49.6,0,49.6,98.7,30,1779,shot
azarovi-irakli,https://www.sofascore.com/georgia-sweden/NTbsnVb#id:9223894,georgia,save,No information,set-piece,3.8,44.3,0,left-foot,low-centre,0,50.7,2.5,No information,No information,61,No information,3620,44.3,3.8,49.3,0,49.3,97.5,30,1780,shot
davit-khocholava,https://www.sofascore.com/georgia-sweden/NTbsnVb#id:9223894,georgia,miss,No information,set-piece,12.2,57.5,0,head,left,0,63.9,19.4,No information,No information,61,No information,3619,57.5,12.2,36.1,0,36.1,80.6,30,1781,shot
zlatan-ibrahimovic,https://www.sofascore.com/georgia-sweden/NTbsnVb#id:9223894,sweden,block,No information,assisted,14,66.6,0,left-foot,low-centre,0,49.9,19,No information,No information,58,No information,3466,66.6,14,50.1,0,50.1,81,33,1934,shot
viktor-claesson,https://www.sofascore.com/georgia-sweden/NTbsnVb#id:9223894,sweden,miss,No information,assisted,7.5,49.1,0,right-foot,close-right,0,42.2,9.7,No information,No information,57,No information,3367,49.1,7.5,57.8,0,57.8,90.3,34,2033,shot
zlatan-ibrahimovic,https://www.sofascore.com/georgia-sweden/NTbsnVb#id:9223894,sweden,miss,No information,free-kick,23.2,37.3,0,right-foot,high-right,0,40.8,68.1,No information,No information,53,No information,3177,37.3,23.2,59.2,0,59.2,31.9,38,2223,shot
emil-forsberg,https://www.sofascore.com/georgia-sweden/NTbsnVb#id:9223894,sweden,save,No information,free-kick,31.2,41.7,0,right-foot,high-centre,0,49.9,25.3,No information,No information,51,No information,3047,41.7,31.2,50.1,0,50.1,74.7,40,2353,shot
tornike-okriashvili,https://www.sofascore.com/georgia-sweden/NTbsnVb#id:9223894,georgia,block,No information,corner,6.1,67.8,0,head,low-right,0,45.9,19,No information,No information,48,No information,2821,67.8,6.1,54.1,0,54.1,81,43,2579,shot
svanberg-mattias,https://www.sofascore.com/georgia-sweden/NTbsnVb#id:9223894,sweden,block,No information,corner,15.5,42.2,0,right-foot,low-centre,0,50.7,19,No information,No information,43,No information,2520,42.2,15.5,49.3,0,49.3,81,3,180,shot
zlatan-ibrahimovic,https://www.sofascore.com/georgia-sweden/NTbsnVb#id:9223894,sweden,block,No information,regular,11.7,51.2,0,right-foot,low-centre,0,51.6,19,No information,No information,42,No information,2483,51.2,11.7,48.4,0,48.4,81,4,217,shot
saba-lobjanidze,https://www.sofascore.com/georgia-sweden/NTbsnVb#id:9223894,georgia,miss,No information,assisted,3.6,62.5,0,right-foot,left,0,98.2,4.2,No information,No information,39,No information,2336,62.5,3.6,1.8,0,1.8,95.8,7,364,shot
svanberg-mattias,https://www.sofascore.com/georgia-sweden/NTbsnVb#id:9223894,sweden,save,No information,corner,21.5,62.9,0,left-foot,high-centre,0,49.5,20.3,No information,No information,38,No information,2231,62.9,21.5,50.5,0,50.5,79.7,8,469,shot
alexander-isak,https://www.sofascore.com/georgia-sweden/NTbsnVb#id:9223894,sweden,save,No information,assisted,11.8,62.9,0,right-foot,low-centre,0,50.2,7.6,No information,No information,31,No information,1853,62.9,11.8,49.8,0,49.8,92.4,15,847,shot
victor-lindelof,https://www.sofascore.com/georgia-sweden/NTbsnVb#id:9223894,sweden,block,No information,corner,4.3,57.7,0,right-foot,low-right,0,47.7,19,No information,No information,28,No information,1630,57.7,4.3,52.3,0,52.3,81,18,1070,shot
victor-lindelof,https://www.sofascore.com/georgia-sweden/NTbsnVb#id:9223894,sweden,block,No information,corner,3.5,56.3,0,right-foot,low-right,0,47.9,19,No information,No information,28,No information,1629,56.3,3.5,52.1,0,52.1,81,18,1071,shot
zlatan-ibrahimovic,https://www.sofascore.com/georgia-sweden/NTbsnVb#id:9223894,sweden,save,No information,corner,10.9,46.6,0,head,low-right,0,47.5,5.1,No information,No information,28,No information,1627,46.6,10.9,52.5,0,52.5,94.9,18,1073,shot
zlatan-ibrahimovic,https://www.sofascore.com/georgia-sweden/NTbsnVb#id:9223894,sweden,miss,No information,assisted,8.7,45.5,0,head,close-high,0,50.4,48.6,No information,No information,27,No information,1591,45.5,8.7,49.6,0,49.6,51.4,19,1109,shot
valeriane-gvilia,https://www.sofascore.com/georgia-sweden/NTbsnVb#id:9223894,georgia,miss,No information,assisted,20.5,63.9,0,right-foot,high,0,44.9,87.5,No information,No information,23,No information,1344,63.9,20.5,55.1,0,55.1,12.5,23,1356,shot
zlatan-ibrahimovic,https://www.sofascore.com/georgia-sweden/NTbsnVb#id:9223894,sweden,save,No information,assisted,5.8,57.1,0,head,low-centre,0,51.7,0.6,No information,No information,23,No information,1321,57.1,5.8,48.3,0,48.3,99.4,23,1379,shot
viktor-claesson,https://www.sofascore.com/georgia-sweden/NTbsnVb#id:9223894,sweden,block,No information,regular,11.5,46.6,0,left-foot,low-centre,0,49.1,19,No information,No information,14,No information,827,46.6,11.5,50.9,0,50.9,81,32,1873,shot
emil-forsberg,https://www.sofascore.com/georgia-sweden/NTbsnVb#id:9223894,sweden,save,No information,assisted,11.1,32,0,right-foot,low-centre,0,48.2,0.6,No information,No information,14,No information,825,32,11.1,51.8,0,51.8,99.4,32,1875,shot

khvicha-kvaratskhelia,https://www.sofascore.com/georgia-norway/AObsnVb#id:10752494,georgia,save,No information,assisted,11.5,31.8,0,left-foot,low-centre,0,50,16.5,No information,No information,90,4,5606,31.8,11.5,50,0,50,83.5,1,694,shot
ola-solbakken,https://www.sofascore.com/georgia-norway/AObsnVb#id:10752494,norway,miss,No information,regular,19.2,81,0,left-foot,left,0,99.8,5.6,No information,No information,90,3,5575,81,19.2,0.2,0,0.2,94.4,1,725,shot
budu-zivzivadze,https://www.sofascore.com/georgia-norway/AObsnVb#id:10752494,georgia,goal,regular,assisted,7.5,42.3,0,left-foot,low-right,0,46.5,17.1,No information,No information,90,1,5419,42.3,7.5,53.5,0,53.5,82.9,1,881,shot
martin-odegaard,https://www.sofascore.com/georgia-norway/AObsnVb#id:10752494,norway,miss,No information,corner,21.2,41.3,0,left-foot,right,0,10.6,1.4,No information,No information,85,No information,5045,41.3,21.2,89.4,0,89.4,98.6,6,355,shot
leo-ostigard,https://www.sofascore.com/georgia-norway/AObsnVb#id:10752494,norway,miss,No information,corner,6.9,57.2,0,head,close-left,0,58.5,11.1,No information,No information,84,No information,5001,57.2,6.9,41.5,0,41.5,88.9,7,399,shot
khvicha-kvaratskhelia,https://www.sofascore.com/georgia-norway/AObsnVb#id:10752494,georgia,miss,No information,assisted,11.1,40.6,0,left-foot,high,0,52.4,73.6,No information,No information,75,No information,4486,40.6,11.1,47.6,0,47.6,26.4,16,914,shot
otar-kiteishvili,https://www.sofascore.com/georgia-norway/AObsnVb#id:10752494,georgia,miss,No information,assisted,26.4,59.6,0,left-foot,left,0,61.8,30.6,No information,No information,55,No information,3250,59.6,26.4,38.2,0,38.2,69.4,36,2150,shot
jorgen-strand-larsen,https://www.sofascore.com/georgia-norway/AObsnVb#id:10752494,norway,save,No information,regular,13.8,72.3,0,right-foot,low-right,0,45.9,18.4,No information,No information,50,No information,2942,72.3,13.8,54.1,0,54.1,81.6,41,2458,shot
martin-odegaard,https://www.sofascore.com/georgia-norway/AObsnVb#id:10752494,norway,miss,No information,regular,22.6,50.7,0,left-foot,close-left,0,59,15.3,No information,No information,47,No information,2800,50.7,22.6,41,0,41,84.7,44,2600,shot
martin-odegaard,https://www.sofascore.com/georgia-norway/AObsnVb#id:10752494,norway,miss,No information,assisted,7.5,31.8,0,left-foot,right,0,40.2,1.4,No information,No information,43,No information,2534,31.8,7.5,59.8,0,59.8,98.6,3,166,shot
erling-haaland,https://www.sofascore.com/georgia-norway/AObsnVb#id:10752494,norway,block,No information,corner,6.7,44.3,0,head,low-centre,0,49.2,19,No information,No information,42,No information,2488,44.3,6.7,50.8,0,50.8,81,4,212,shot
martin-odegaard,https://www.sofascore.com/georgia-norway/AObsnVb#id:10752494,norway,block,No information,regular,21.2,64.8,0,left-foot,low-left,0,54.2,19,No information,No information,41,No information,2453,64.8,21.2,45.8,0,45.8,81,5,247,shot
martin-odegaard,https://www.sofascore.com/georgia-norway/AObsnVb#id:10752494,norway,miss,No information,set-piece,19.2,71.7,0,left-foot,left,0,99.8,12.5,No information,No information,40,No information,2369,71.7,19.2,0.2,0,0.2,87.5,6,331,shot
martin-odegaard,https://www.sofascore.com/georgia-norway/AObsnVb#id:10752494,norway,goal,regular,assisted,15.3,37.7,0,left-foot,low-right,0,46.4,1.3,No information,No information,33,No information,1970,37.7,15.3,53.6,0,53.6,98.7,13,730,shot
nusa-antonio,https://www.sofascore.com/georgia-norway/AObsnVb#id:10752494,norway,miss,No information,assisted,16.8,26.1,0,right-foot,high,0,45,81.9,No information,No information,30,No information,1778,26.1,16.8,55,0,55,18.1,16,922,shot
erling-haaland,https://www.sofascore.com/georgia-norway/AObsnVb#id:10752494,norway,block,No information,fast-break,7.4,34.1,0,left-foot,low-left,0,53.3,19,No information,No information,28,No information,1629,34.1,7.4,46.7,0,46.7,81,18,1071,shot
khvicha-kvaratskhelia,https://www.sofascore.com/georgia-norway/AObsnVb#id:10752494,georgia,block,No information,fast-break,15.4,48,0,right-foot,low-left,0,53.6,8.3,No information,No information,27,No information,1588,48,15.4,46.4,0,46.4,91.7,19,1112,shot
erling-haaland,https://www.sofascore.com/georgia-norway/AObsnVb#id:10752494,norway,goal,regular,assisted,2.2,54.9,0,head,low-centre,0,51,17.7,No information,No information,25,No information,1490,54.9,2.2,49,0,49,82.3,21,1210,shot
patrick-berg,https://www.sofascore.com/georgia-norway/AObsnVb#id:10752494,norway,save,No information,assisted,18.1,43.3,0,right-foot,low-centre,0,49.5,8.2,No information,No information,21,No information,1251,43.3,18.1,50.5,0,50.5,91.8,25,1449,shot
martin-odegaard,https://www.sofascore.com/georgia-norway/AObsnVb#id:10752494,norway,block,No information,assisted,18.4,54.4,0,left-foot,low-right,0,46.7,8.3,No information,No information,21,No information,1218,54.4,18.4,53.3,0,53.3,91.7,25,1482,shot
khvicha-kvaratskhelia,https://www.sofascore.com/georgia-norway/AObsnVb#id:10752494,georgia,block,No information,assisted,12.3,35.4,0,right-foot,low-left,0,53.5,19,No information,No information,14,No information,780,35.4,12.3,46.5,0,46.5,81,32,1920,shot
nusa-antonio,https://www.sofascore.com/georgia-norway/AObsnVb#id:10752494,norway,block,No information,assisted,16.2,22.8,0,right-foot,low-centre,0,48.5,19,No information,No information,13,No information,728,22.8,16.2,51.5,0,51.5,81,33,1972,shot
kristoffer-ajer,https://www.sofascore.com/georgia-norway/AObsnVb#id:10752494,norway,miss,No information,assisted,24.5,59.8,0,right-foot,high,0,46.7,80.6,No information,No information,7,No information,399,59.8,24.5,53.3,0,53.3,19.4,39,2301,shot
khvicha-kvaratskhelia,https://www.sofascore.com/georgia-norway/AObsnVb#id:10752494,georgia,block,No information,assisted,19.8,33.8,0,right-foot,low-centre,0,48.8,19,No information,No information,4,No information,205,33.8,19.8,51.2,0,51.2,81,42,2495,shot

shane-duffy,https://www.sofascore.com/georgia-ireland/TTbsnVb#id:8078641,ireland,save,No information,corner,11.4,49.5,0,head,low-centre,0,50.1,14.6,No information,No information,90,5,5674,49.5,11.4,49.9,0,49.9,85.4,1,626,shot
levan-shengelia,https://www.sofascore.com/georgia-ireland/TTbsnVb#id:8078641,georgia,miss,No information,assisted,28.6,53.4,0,left-foot,high,0,55.8,69.4,No information,No information,90,3,5565,53.4,28.6,44.2,0,44.2,30.6,1,735,shot
aaron-connolly,https://www.sofascore.com/georgia-ireland/TTbsnVb#id:8078641,ireland,miss,No information,fast-break,13.4,31.4,0,left-foot,close-left,0,57,18.1,No information,No information,90,2,5494,31.4,13.4,43,0,43,81.9,1,806,shot
aaron-connolly,https://www.sofascore.com/georgia-ireland/TTbsnVb#id:8078641,ireland,save,No information,regular,12.2,30.1,0,left-foot,low-centre,0,49.5,1.3,No information,No information,90,No information,5389,30.1,12.2,50.5,0,50.5,98.7,1,11,shot
otar-kakabadze,https://www.sofascore.com/georgia-ireland/TTbsnVb#id:8078641,georgia,miss,No information,regular,24.9,67,0,left-foot,high-left,0,58.2,61.1,No information,No information,89,No information,5304,67,24.9,41.8,0,41.8,38.9,2,96,shot
guram-kashia,https://www.sofascore.com/georgia-ireland/TTbsnVb#id:8078641,georgia,miss,No information,corner,7.3,51.1,0,head,high-right,0,34.6,44.4,No information,No information,84,No information,4980,51.1,7.3,65.4,0,65.4,55.6,7,420,shot
otar-kiteishvili,https://www.sofascore.com/georgia-ireland/TTbsnVb#id:8078641,georgia,block,No information,assisted,29,49.6,0,right-foot,No information,No information,No information,No information,No information,No information,80,No information,4767,49.6,29,No information,No information,No information,No information,11,633,shot
jeff-hendrick,https://www.sofascore.com/georgia-ireland/TTbsnVb#id:8078641,ireland,miss,No information,regular,10,75,0,right-foot,close-right,0,42.5,30.6,No information,No information,75,No information,4487,75,10,57.5,0,57.5,69.4,16,913,shot
jano-ananidze,https://www.sofascore.com/georgia-ireland/TTbsnVb#id:8078641,georgia,miss,No information,free-kick,24.1,27.9,0,right-foot,high,0,55.1,76.4,No information,No information,66,No information,3909,27.9,24.1,44.9,0,44.9,23.6,25,1491,shot
otar-kakabadze,https://www.sofascore.com/georgia-ireland/TTbsnVb#id:8078641,georgia,block,No information,assisted,12.5,64.7,0,left-foot,No information,No information,No information,No information,No information,No information,59,No information,3480,64.7,12.5,No information,No information,No information,No information,32,1920,shot
otar-kiteishvili,https://www.sofascore.com/georgia-ireland/TTbsnVb#id:8078641,georgia,block,No information,corner,13.5,49.7,0,head,No information,No information,No information,No information,No information,No information,53,No information,3135,49.7,13.5,No information,No information,No information,No information,38,2265,shot
jemal-tabidze,https://www.sofascore.com/georgia-ireland/TTbsnVb#id:8078641,georgia,block,No information,corner,7.7,55.7,0,head,No information,No information,No information,No information,No information,No information,53,No information,3134,55.7,7.7,No information,No information,No information,No information,38,2266,shot
giorgi-kvilitaia,https://www.sofascore.com/georgia-ireland/TTbsnVb#id:8078641,georgia,block,No information,set-piece,9.3,52.2,0,head,No information,No information,No information,No information,No information,No information,52,No information,3096,52.2,9.3,No information,No information,No information,No information,39,2304,shot
jeff-hendrick,https://www.sofascore.com/georgia-ireland/TTbsnVb#id:8078641,ireland,save,No information,regular,4.8,58.4,0,head,low-centre,0,49.5,9.5,No information,No information,46,No information,2742,58.4,4.8,50.5,0,50.5,90.5,45,2658,shot
valeri-qazaishvili,https://www.sofascore.com/georgia-ireland/TTbsnVb#id:8078641,georgia,miss,No information,fast-break,25.2,43.7,0,right-foot,left,0,62.2,4.2,No information,No information,42,No information,2501,43.7,25.2,37.8,0,37.8,95.8,4,199,shot
jano-ananidze,https://www.sofascore.com/georgia-ireland/TTbsnVb#id:8078641,georgia,block,No information,assisted,27.3,36.5,0,right-foot,No information,No information,No information,No information,No information,No information,16,No information,939,36.5,27.3,No information,No information,No information,No information,30,1761,shot
conor-hourihane,https://www.sofascore.com/georgia-ireland/TTbsnVb#id:8078641,ireland,block,No information,regular,26.8,63.1,0,left-foot,No information,No information,No information,No information,No information,No information,16,No information,922,63.1,26.8,No information,No information,No information,No information,30,1778,shot
jaba-kankava,https://www.sofascore.com/georgia-ireland/TTbsnVb#id:8078641,georgia,miss,No information,regular,30.9,56.7,0,right-foot,high-right,0,37.6,91.7,No information,No information,13,No information,745,56.7,30.9,62.4,0,62.4,8.3,33,1955,shot
jano-ananidze,https://www.sofascore.com/georgia-ireland/TTbsnVb#id:8078641,georgia,miss,No information,assisted,18.7,55.5,0,right-foot,left,0,61.8,2.8,No information,No information,11,No information,653,55.5,18.7,38.2,0,38.2,97.2,35,2047,shot
john-egan,https://www.sofascore.com/georgia-ireland/TTbsnVb#id:8078641,ireland,post,No information,set-piece,10.8,41,0,head,right,0,44.7,9.5,No information,No information,4,No information,190,41,10.8,55.3,0,55.3,90.5,42,2510,shot
valeri-qazaishvili,https://www.sofascore.com/georgia-ireland/TTbsnVb#id:8078641,georgia,miss,No information,assisted,12.7,27.2,0,right-foot,right,0,0.7,6.9,No information,No information,1,No information,26,27.2,12.7,99.3,0,99.3,93.1,45,2674,shot

sergei-zenjov,https://www.sofascore.com/georgia-estonia/jVbsnVb#id:8600904,estonia,miss,No information,fast-break,15,75.6,0,right-foot,close-right,0,40.8,27.8,No information,No information,78,No information,4657,75.6,15,59.2,0,59.2,72.2,13,743,shot
valeri-qazaishvili,https://www.sofascore.com/georgia-estonia/jVbsnVb#id:8600904,georgia,miss,No information,assisted,22.5,44.9,0,right-foot,close-right,0,41.2,2.8,No information,No information,76,No information,4510,44.9,22.5,58.8,0,58.8,97.2,15,890,shot
giorgi-papunashvili,https://www.sofascore.com/georgia-estonia/jVbsnVb#id:8600904,georgia,save,No information,assisted,19.1,28.6,0,left-foot,low-right,0,48.1,13.9,No information,No information,74,No information,4382,28.6,19.1,51.9,0,51.9,86.1,17,1018,shot
giorgi-papunashvili,https://www.sofascore.com/georgia-estonia/jVbsnVb#id:8600904,georgia,block,No information,regular,24.7,44.7,0,left-foot,low-centre,0,50.7,19,No information,No information,69,No information,4095,44.7,24.7,49.3,0,49.3,81,22,1305,shot
otar-kakabadze,https://www.sofascore.com/georgia-estonia/jVbsnVb#id:8600904,georgia,block,No information,assisted,19.1,61.8,0,left-foot,low-centre,0,51.2,19,No information,No information,67,No information,4008,61.8,19.1,48.8,0,48.8,81,24,1392,shot
vlasiy-sinyavskiy,https://www.sofascore.com/georgia-estonia/jVbsnVb#id:8600904,estonia,miss,No information,corner,27,53.8,0,right-foot,high-right,0,43.4,86.1,No information,No information,67,No information,3976,53.8,27,56.6,0,56.6,13.9,24,1424,shot
valeri-qazaishvili,https://www.sofascore.com/georgia-estonia/jVbsnVb#id:8600904,georgia,miss,No information,assisted,25.2,57.5,0,right-foot,left,0,61.2,1.4,No information,No information,65,No information,3876,57.5,25.2,38.8,0,38.8,98.6,26,1524,shot
artur-pikk,https://www.sofascore.com/georgia-estonia/jVbsnVb#id:8600904,estonia,miss,No information,regular,24.7,44.8,0,left-foot,right,0,39.8,1.4,No information,No information,64,No information,3810,44.8,24.7,60.2,0,60.2,98.6,27,1590,shot
jaba-kankava,https://www.sofascore.com/georgia-estonia/jVbsnVb#id:8600904,georgia,miss,No information,assisted,26.4,64.8,0,left-foot,close-right,0,41.5,25,No information,No information,61,No information,3650,64.8,26.4,58.5,0,58.5,75,30,1750,shot
valeri-qazaishvili,https://www.sofascore.com/georgia-estonia/jVbsnVb#id:8600904,georgia,block,No information,assisted,19.3,60,0,left-foot,low-left,0,52.5,19,No information,No information,48,No information,2850,60,19.3,47.5,0,47.5,81,43,2550,shot
valeri-qazaishvili,https://www.sofascore.com/georgia-estonia/jVbsnVb#id:8600904,georgia,miss,No information,assisted,11.8,64.3,0,right-foot,left,0,67.4,2.8,No information,No information,47,No information,2790,64.3,11.8,32.6,0,32.6,97.2,44,2610,shot
jemal-tabidze,https://www.sofascore.com/georgia-estonia/jVbsnVb#id:8600904,georgia,miss,No information,set-piece,27.7,42.4,0,left-foot,high-left,0,61.5,69.4,No information,No information,34,No information,2031,42.4,27.7,38.5,0,38.5,30.6,12,669,shot
vladislav-kreida,https://www.sofascore.com/georgia-estonia/jVbsnVb#id:8600904,estonia,miss,No information,set-piece,28.6,50.6,0,right-foot,high-right,0,33.8,66.7,No information,No information,33,No information,1954,50.6,28.6,66.2,0,66.2,33.3,13,746,shot
nika-kacharava,https://www.sofascore.com/georgia-estonia/jVbsnVb#id:8600904,georgia,miss,No information,assisted,15.2,32.8,0,right-foot,high,0,44.7,65.3,No information,No information,29,No information,1700,32.8,15.2,55.3,0,55.3,34.7,17,1000,shot
valeri-qazaishvili,https://www.sofascore.com/georgia-estonia/jVbsnVb#id:8600904,georgia,miss,No information,regular,9.7,66.6,0,right-foot,left,0,60.2,4.2,No information,No information,26,No information,1527,66.6,9.7,39.8,0,39.8,95.8,20,1173,shot
jaba-kankava,https://www.sofascore.com/georgia-estonia/jVbsnVb#id:8600904,georgia,save,No information,regular,27.9,75.4,0,right-foot,high-centre,0,50.1,20.3,No information,No information,12,No information,666,75.4,27.9,49.9,0,49.9,79.7,34,2034,shot

bernardo-lopes,https://www.sofascore.com/gibraltar-georgia/nVbsoKbb#id:10023380,gibraltar,miss,No information,set-piece,14.4,54.5,0,left-foot,high-left,0,57.1,68.1,No information,No information,90,4,5608,54.5,14.4,42.9,0,42.9,31.9,1,692,shot
otar-kiteishvili,https://www.sofascore.com/gibraltar-georgia/nVbsoKbb#id:10023380,georgia,miss,No information,assisted,25.2,43.1,0,left-foot,high,0,52.9,90.3,No information,No information,90,2,5514,43.1,25.2,47.1,0,47.1,9.7,1,786,shot
valeri-qazaishvili,https://www.sofascore.com/gibraltar-georgia/nVbsoKbb#id:10023380,georgia,goal,regular,assisted,9.9,51.4,0,right-foot,low-left,0,54.2,1.3,No information,No information,88,No information,5262,51.4,9.9,45.8,0,45.8,98.7,3,138,shot
mikautadze-georges,https://www.sofascore.com/gibraltar-georgia/nVbsoKbb#id:10023380,georgia,goal,regular,assisted,10.3,51.5,0,right-foot,low-right,0,47.3,0.6,No information,No information,87,No information,5179,51.5,10.3,52.7,0,52.7,99.4,4,221,shot
valeri-qazaishvili,https://www.sofascore.com/gibraltar-georgia/nVbsoKbb#id:10023380,georgia,miss,No information,assisted,18.1,66.6,0,right-foot,left,0,60.3,2.8,No information,No information,85,No information,5068,66.6,18.1,39.7,0,39.7,97.2,6,332,shot
guram-giorbelidze,https://www.sofascore.com/gibraltar-georgia/nVbsoKbb#id:10023380,georgia,block,No information,assisted,13,52.4,0,right-foot,low-centre,0,49.5,19,No information,No information,81,No information,4832,52.4,13,50.5,0,50.5,81,10,568,shot
mikautadze-georges,https://www.sofascore.com/gibraltar-georgia/nVbsoKbb#id:10023380,georgia,save,No information,assisted,13.7,63,0,right-foot,low-right,0,46.1,1.9,No information,No information,75,No information,4457,63,13.7,53.9,0,53.9,98.1,16,943,shot
giorgi-chakvetadze,https://www.sofascore.com/gibraltar-georgia/nVbsoKbb#id:10023380,georgia,miss,No information,corner,20.9,29.3,0,left-foot,high,0,48.2,84.7,No information,No information,68,No information,4035,29.3,20.9,51.8,0,51.8,15.3,23,1365,shot
valeri-qazaishvili,https://www.sofascore.com/gibraltar-georgia/nVbsoKbb#id:10023380,georgia,block,No information,regular,16,67.5,0,right-foot,low-centre,0,49.4,19,No information,No information,67,No information,4004,67.5,16,50.6,0,50.6,81,24,1396,shot
khvicha-kvaratskhelia,https://www.sofascore.com/gibraltar-georgia/nVbsoKbb#id:10023380,georgia,miss,No information,regular,19.5,56.3,0,left-foot,right,0,1.5,9.7,No information,No information,61,No information,3616,56.3,19.5,98.5,0,98.5,90.3,30,1784,shot
mikautadze-georges,https://www.sofascore.com/gibraltar-georgia/nVbsoKbb#id:10023380,georgia,block,No information,assisted,12,55,0,right-foot,low-left,0,52.3,11.1,No information,No information,61,No information,3614,55,12,47.7,0,47.7,88.9,30,1786,shot
saba-lobjanidze,https://www.sofascore.com/gibraltar-georgia/nVbsoKbb#id:10023380,georgia,save,No information,assisted,14.7,58.8,0,right-foot,low-right,0,46.2,16.5,No information,No information,58,No information,3473,58.8,14.7,53.8,0,53.8,83.5,33,1927,shot
giorgi-chakvetadze,https://www.sofascore.com/gibraltar-georgia/nVbsoKbb#id:10023380,georgia,miss,No information,assisted,28.3,46.2,0,right-foot,high-right,0,38,77.8,No information,No information,57,No information,3417,46.2,28.3,62,0,62,22.2,34,1983,shot
giorgi-chakvetadze,https://www.sofascore.com/gibraltar-georgia/nVbsoKbb#id:10023380,georgia,miss,No information,assisted,24.8,36.8,0,right-foot,close-high,0,48.9,58.3,No information,No information,55,No information,3283,36.8,24.8,51.1,0,51.1,41.7,36,2117,shot
saba-lobjanidze,https://www.sofascore.com/gibraltar-georgia/nVbsoKbb#id:10023380,georgia,post,No information,regular,4.6,60.8,0,right-foot,high,0,46.6,38.6,No information,No information,54,No information,3192,60.8,4.6,53.4,0,53.4,61.4,37,2208,shot
khvicha-kvaratskhelia,https://www.sofascore.com/gibraltar-georgia/nVbsoKbb#id:10023380,georgia,save,No information,assisted,15.8,64.3,0,right-foot,low-left,0,54.3,0.6,No information,No information,50,No information,2994,64.3,15.8,45.7,0,45.7,99.4,41,2406,shot
khvicha-kvaratskhelia,https://www.sofascore.com/gibraltar-georgia/nVbsoKbb#id:10023380,georgia,block,No information,assisted,6.2,34.3,0,left-foot,low-left,0,52.2,19,No information,No information,45,2,2761,34.3,6.2,47.8,0,47.8,81,1,2639,shot
giorgi-tsitaishvili,https://www.sofascore.com/gibraltar-georgia/nVbsoKbb#id:10023380,georgia,miss,No information,regular,32.5,16.7,0,left-foot,high-left,0,58.8,76.4,No information,No information,37,No information,2179,16.7,32.5,41.2,0,41.2,23.6,9,521,shot
anzor-mekvabishvili,https://www.sofascore.com/gibraltar-georgia/nVbsoKbb#id:10023380,georgia,save,No information,assisted,22.2,60.8,0,right-foot,high-centre,0,51,20.9,No information,No information,35,No information,2062,60.8,22.2,49,0,49,79.1,11,638,shot
saba-lobjanidze,https://www.sofascore.com/gibraltar-georgia/nVbsoKbb#id:10023380,georgia,save,No information,assisted,5.8,64.6,0,right-foot,low-left,0,53.8,0.6,No information,No information,35,No information,2058,64.6,5.8,46.2,0,46.2,99.4,11,642,shot
guram-kashia,https://www.sofascore.com/gibraltar-georgia/nVbsoKbb#id:10023380,georgia,goal,regular,set-piece,4.7,52.4,0,right-foot,low-left,0,53.1,1.9,No information,No information,33,No information,1931,52.4,4.7,46.9,0,46.9,98.1,13,769,shot
guram-kashia,https://www.sofascore.com/gibraltar-georgia/nVbsoKbb#id:10023380,georgia,miss,No information,corner,7.7,50.9,0,head,close-left,0,59,2.8,No information,No information,31,No information,1805,50.9,7.7,41,0,41,97.2,15,895,shot
mikautadze-georges,https://www.sofascore.com/gibraltar-georgia/nVbsoKbb#id:10023380,georgia,save,No information,regular,15.7,55.5,0,right-foot,low-centre,0,50.6,1.9,No information,No information,29,No information,1685,55.5,15.7,49.4,0,49.4,98.1,17,1015,shot
mikautadze-georges,https://www.sofascore.com/gibraltar-georgia/nVbsoKbb#id:10023380,georgia,save,No information,assisted,10.1,29,0,right-foot,low-right,0,46.4,0.6,No information,No information,27,No information,1593,29,10.1,53.6,0,53.6,99.4,19,1107,shot
mikautadze-georges,https://www.sofascore.com/gibraltar-georgia/nVbsoKbb#id:10023380,georgia,save,No information,assisted,10.5,57.6,0,right-foot,low-centre,0,51,1.3,No information,No information,24,No information,1416,57.6,10.5,49,0,49,98.7,22,1284,shot
mikautadze-georges,https://www.sofascore.com/gibraltar-georgia/nVbsoKbb#id:10023380,georgia,block,No information,assisted,18.5,56.5,0,right-foot,low-left,0,53.3,8.3,No information,No information,15,No information,859,56.5,18.5,46.7,0,46.7,91.7,31,1841,shot
khvicha-kvaratskhelia,https://www.sofascore.com/gibraltar-georgia/nVbsoKbb#id:10023380,georgia,goal,regular,assisted,11.4,36.6,0,right-foot,high-right,0,47.8,28.5,No information,No information,12,No information,705,36.6,11.4,52.2,0,52.2,71.5,34,1995,shot
khvicha-kvaratskhelia,https://www.sofascore.com/gibraltar-georgia/nVbsoKbb#id:10023380,georgia,miss,No information,assisted,15.9,40.7,0,right-foot,high,0,46.1,75,No information,No information,5,No information,267,40.7,15.9,53.9,0,53.9,25,41,2433,shot
khvicha-kvaratskhelia,https://www.sofascore.com/gibraltar-georgia/nVbsoKbb#id:10023380,georgia,block,No information,regular,11.2,25.6,0,right-foot,low-right,0,48.2,19,No information,No information,4,No information,227,25.6,11.2,51.8,0,51.8,81,42,2473,shot

tornike-okriashvili,https://www.sofascore.com/georgia-denmark/BObsnVb#id:8078555,georgia,save,No information,free-kick,19.6,27.7,0,right-foot,high-centre,0,51.7,21.5,No information,No information,90,5,5642,27.7,19.6,48.3,0,48.3,78.5,1,658,shot
lasse-schone,https://www.sofascore.com/georgia-denmark/BObsnVb#id:8078555,denmark,miss,No information,free-kick,30.2,51.3,0,right-foot,left,0,61,18.1,No information,No information,84,No information,4983,51.3,30.2,39,0,39,81.9,7,417,shot
christian-gytkjaer,https://www.sofascore.com/georgia-denmark/BObsnVb#id:8078555,denmark,post,No information,assisted,13.2,72.1,0,right-foot,high,0,47,39.2,No information,No information,82,No information,4879,72.1,13.2,53,0,53,60.8,9,521,shot
jano-ananidze,https://www.sofascore.com/georgia-denmark/BObsnVb#id:8078555,georgia,block,No information,assisted,19.9,61.5,0,right-foot,No information,No information,No information,No information,No information,No information,80,No information,4769,61.5,19.9,No information,No information,No information,No information,11,631,shot
martin-braithwaite,https://www.sofascore.com/georgia-denmark/BObsnVb#id:8078555,denmark,save,No information,assisted,11.4,43,0,head,low-centre,0,51.4,7.6,No information,No information,77,No information,4594,43,11.4,48.6,0,48.6,92.4,14,806,shot
valeri-qazaishvili,https://www.sofascore.com/georgia-denmark/BObsnVb#id:8078555,georgia,miss,No information,regular,23.2,32.1,0,right-foot,close-left,0,56.8,15.3,No information,No information,76,No information,4527,32.1,23.2,43.2,0,43.2,84.7,15,873,shot
valeri-qazaishvili,https://www.sofascore.com/georgia-denmark/BObsnVb#id:8078555,georgia,block,No information,assisted,13.5,33.7,0,right-foot,No information,No information,No information,No information,No information,No information,63,No information,3751,33.7,13.5,No information,No information,No information,No information,28,1649,shot
thomas-delaney,https://www.sofascore.com/georgia-denmark/BObsnVb#id:8078555,denmark,block,No information,assisted,28,72.9,0,left-foot,No information,No information,No information,No information,No information,No information,61,No information,3652,72.9,28,No information,No information,No information,No information,30,1748,shot
christian-eriksen,https://www.sofascore.com/georgia-denmark/BObsnVb#id:8078555,denmark,miss,No information,fast-break,14.3,30.7,0,left-foot,left,0,60.2,23.6,No information,No information,56,No information,3312,30.7,14.3,39.8,0,39.8,76.4,35,2088,shot
kasper-dolberg,https://www.sofascore.com/georgia-denmark/BObsnVb#id:8078555,denmark,save,No information,assisted,3.7,58.4,0,right-foot,low-right,0,47.9,12.7,No information,No information,51,No information,3041,58.4,3.7,52.1,0,52.1,87.3,40,2359,shot
tornike-okriashvili,https://www.sofascore.com/georgia-denmark/BObsnVb#id:8078555,georgia,miss,No information,corner,19.2,62.3,0,right-foot,high,0,48.9,73.6,No information,No information,48,No information,2845,62.3,19.2,51.1,0,51.1,26.4,43,2555,shot
thomas-delaney,https://www.sofascore.com/georgia-denmark/BObsnVb#id:8078555,denmark,save,No information,corner,12.2,59.9,0,head,high-centre,0,48.2,26.6,No information,No information,40,No information,2393,59.9,12.2,51.8,0,51.8,73.4,6,307,shot
martin-braithwaite,https://www.sofascore.com/georgia-denmark/BObsnVb#id:8078555,denmark,save,No information,assisted,13.3,38.3,0,right-foot,low-left,0,54.1,3.2,No information,No information,32,No information,1867,38.3,13.3,45.9,0,45.9,96.8,14,833,shot
thomas-delaney,https://www.sofascore.com/georgia-denmark/BObsnVb#id:8078555,denmark,save,No information,corner,13.1,30,0,head,high-centre,0,50.1,24.7,No information,No information,25,No information,1477,30,13.1,49.9,0,49.9,75.3,21,1223,shot
martin-braithwaite,https://www.sofascore.com/georgia-denmark/BObsnVb#id:8078555,denmark,save,No information,assisted,10.3,28.8,0,right-foot,low-right,0,46.2,3.2,No information,No information,24,No information,1432,28.8,10.3,53.8,0,53.8,96.8,22,1268,shot
jano-ananidze,https://www.sofascore.com/georgia-denmark/BObsnVb#id:8078555,georgia,miss,No information,free-kick,18.3,29.2,0,right-foot,high,0,53.4,73.6,No information,No information,21,No information,1231,29.2,18.3,46.6,0,46.6,26.4,25,1469,shot
otar-kiteishvili,https://www.sofascore.com/georgia-denmark/BObsnVb#id:8078555,georgia,block,No information,assisted,11.6,65.1,0,left-foot,No information,No information,No information,No information,No information,No information,20,No information,1149,65.1,11.6,No information,No information,No information,No information,26,1551,shot
yussuf-poulsen,https://www.sofascore.com/georgia-denmark/BObsnVb#id:8078555,denmark,miss,No information,assisted,12.8,56,0,right-foot,right,0,39.8,6.9,No information,No information,15,No information,865,56,12.8,60.2,0,60.2,93.1,31,1835,shot
christian-eriksen,https://www.sofascore.com/georgia-denmark/BObsnVb#id:8078555,denmark,block,No information,free-kick,24.7,25.2,0,right-foot,No information,No information,No information,No information,No information,No information,2,No information,60,25.2,24.7,No information,No information,No information,No information,44,2640,shot

mikautadze-georges,https://www.sofascore.com/georgia-cyprus/HObsnVb#id:10752530,georgia,goal,penalty,penalty,11.5,50,0,right-foot,low-left,0,53.3,4.4,No information,No information,90,5,5654,50,11.5,46.7,0,46.7,95.6,1,646,shot
alexander-gogic,https://www.sofascore.com/georgia-cyprus/HObsnVb#id:10752530,cyprus,save,No information,corner,9.8,50.9,0,right-foot,low-right,0,47.1,19.6,No information,No information,89,No information,5290,50.9,9.8,52.9,0,52.9,80.4,2,110,shot
minas-antoniou,https://www.sofascore.com/georgia-cyprus/HObsnVb#id:10752530,cyprus,miss,No information,corner,12.5,56.3,0,left-foot,left,0,87.6,2.8,No information,No information,89,No information,5287,56.3,12.5,12.4,0,12.4,97.2,2,113,shot
andronikos-kakoullis,https://www.sofascore.com/georgia-cyprus/HObsnVb#id:10752530,cyprus,save,No information,assisted,1.9,35.4,0,right-foot,low-left,0,54.5,10.8,No information,No information,88,No information,5251,35.4,1.9,45.5,0,45.5,89.2,3,149,shot
levan-shengelia,https://www.sofascore.com/georgia-cyprus/HObsnVb#id:10752530,georgia,goal,regular,assisted,15.7,33.8,0,left-foot,low-right,0,47.2,1.3,No information,No information,82,No information,4873,33.8,15.7,52.8,0,52.8,98.7,9,527,shot
andronikos-kakoullis,https://www.sofascore.com/georgia-cyprus/HObsnVb#id:10752530,cyprus,miss,No information,assisted,21.9,31,0,right-foot,high-right,0,40.7,56.9,No information,No information,80,No information,4754,31,21.9,59.3,0,59.3,43.1,11,646,shot
giorgi-kochorashvili,https://www.sofascore.com/georgia-cyprus/HObsnVb#id:10752530,georgia,save,No information,regular,39.7,76.6,0,right-foot,high-right,0,45.5,28.5,No information,No information,73,No information,4362,76.6,39.7,54.5,0,54.5,71.5,18,1038,shot
mikautadze-georges,https://www.sofascore.com/georgia-cyprus/HObsnVb#id:10752530,georgia,block,No information,regular,11.9,67.9,0,right-foot,low-centre,0,48.7,19,No information,No information,59,No information,3532,67.9,11.9,51.3,0,51.3,81,32,1868,shot
khvicha-kvaratskhelia,https://www.sofascore.com/georgia-cyprus/HObsnVb#id:10752530,georgia,goal,regular,assisted,8,41.5,0,right-foot,low-left,0,52.4,2.5,No information,No information,58,No information,3440,41.5,8,47.6,0,47.6,97.5,33,1960,shot
otar-kiteishvili,https://www.sofascore.com/georgia-cyprus/HObsnVb#id:10752530,georgia,goal,regular,regular,24.4,44.8,0,right-foot,low-right,0,47.2,8.9,No information,No information,46,No information,2742,44.8,24.4,52.8,0,52.8,91.1,45,2658,shot
khvicha-kvaratskhelia,https://www.sofascore.com/georgia-cyprus/HObsnVb#id:10752530,georgia,block,No information,assisted,18.9,46,0,left-foot,low-centre,0,49.3,19,No information,No information,46,No information,2738,46,18.9,50.7,0,50.7,81,45,2662,shot
chambos-kyriakou,https://www.sofascore.com/georgia-cyprus/HObsnVb#id:10752530,cyprus,miss,No information,set-piece,21.6,26.4,0,right-foot,close-high-right,0,41,51.4,No information,No information,45,1,2711,26.4,21.6,59,0,59,48.6,1,2689,shot
dimitris-christofi,https://www.sofascore.com/georgia-cyprus/HObsnVb#id:10752530,cyprus,save,No information,assisted,3.9,66.6,0,right-foot,low-right,0,46,3.8,No information,No information,37,No information,2214,66.6,3.9,54,0,54,96.2,9,486,shot
andreas-karo,https://www.sofascore.com/georgia-cyprus/HObsnVb#id:10752530,cyprus,miss,No information,set-piece,10.1,53.4,0,head,right,0,33.8,5.6,No information,No information,28,No information,1674,53.4,10.1,66.2,0,66.2,94.4,18,1026,shot
dimitris-christofi,https://www.sofascore.com/georgia-cyprus/HObsnVb#id:10752530,cyprus,save,No information,assisted,22,28,0,right-foot,low-left,0,54.3,1.9,No information,No information,27,No information,1616,28,22,45.7,0,45.7,98.1,19,1084,shot
khvicha-kvaratskhelia,https://www.sofascore.com/georgia-cyprus/HObsnVb#id:10752530,georgia,miss,No information,assisted,13.4,34.2,0,left-foot,right,0,35.5,12.5,No information,No information,27,No information,1563,34.2,13.4,64.5,0,64.5,87.5,19,1137,shot
giorgi-chakvetadze,https://www.sofascore.com/georgia-cyprus/HObsnVb#id:10752530,georgia,miss,No information,set-piece,20.1,47,0,left-foot,left,0,67.6,27.8,No information,No information,24,No information,1398,47,20.1,32.4,0,32.4,72.2,22,1302,shot
hector-kyprianou,https://www.sofascore.com/georgia-cyprus/HObsnVb#id:10752530,cyprus,miss,No information,set-piece,17.4,51.5,0,head,left,0,63.4,20.8,No information,No information,22,No information,1308,51.5,17.4,36.6,0,36.6,79.2,24,1392,shot
vladimer-mamuchashvili,https://www.sofascore.com/georgia-cyprus/HObsnVb#id:10752530,georgia,block,No information,assisted,13,67.8,0,right-foot,low-centre,0,50.3,19,No information,No information,14,No information,807,67.8,13,49.7,0,49.7,81,32,1893,shot
azarovi-irakli,https://www.sofascore.com/georgia-cyprus/HObsnVb#id:10752530,georgia,miss,No information,assisted,14.2,36.6,0,right-foot,close-high,0,53.8,52.8,No information,No information,12,No information,694,36.6,14.2,46.2,0,46.2,47.2,34,2006,shot
giorgi-kochorashvili,https://www.sofascore.com/georgia-cyprus/HObsnVb#id:10752530,georgia,save,No information,assisted,3.5,64.8,0,right-foot,low-centre,0,48.4,4.4,No information,No information,11,No information,601,64.8,3.5,51.6,0,51.6,95.6,35,2099,shot
chambos-kyriakou,https://www.sofascore.com/georgia-cyprus/HObsnVb#id:10752530,cyprus,save,No information,free-kick,30,50.1,0,right-foot,low-left,0,53.4,5.7,No information,No information,6,No information,335,50.1,30,46.6,0,46.6,94.3,40,2365,shot
