Player,Game Link,Country,shotType,goalType,situation,X,Y,Z,bodyPart,goalMouthLocation,Goal Mouth X,Goal mouth Y,Goal Mouth Z,XG,XGOT,time,addedTime,timeSeconds,Start X,Start Y,End X,End Y,Goal X,Goal Y,reversedPeriodTime,reversedPeriodTimeSeconds,incidentType
serge-gnabry,https://www.sofascore.com/liechtenstein-germany/lUbsFWb#id:9223820,germany,block,No information,assisted,18.7,69.9,0,left-foot,low-centre,0,48.8,19,No information,No information,90,3,5531,69.9,18.7,51.2,0,51.2,81,1,769,shot
serge-gnabry,https://www.sofascore.com/liechtenstein-germany/lUbsFWb#id:9223820,germany,block,No information,corner,14.6,67.6,0,right-foot,low-right,0,47.7,19,No information,No information,90,No information,5380,67.6,14.6,52.3,0,52.3,81,1,20,shot
ridvan-kardesoglu,https://www.sofascore.com/liechtenstein-germany/lUbsFWb#id:9223820,liechtenstein,miss,No information,set-piece,12.5,61.3,0,head,left,0,67.2,2.8,No information,No information,88,No information,5271,61.3,12.5,32.8,0,32.8,97.2,3,129,shot
niklas-sule,https://www.sofascore.com/liechtenstein-germany/lUbsFWb#id:9223820,germany,miss,No information,corner,9.3,47,0,head,high,0,51.3,75,No information,No information,80,No information,4755,47,9.3,48.7,0,48.7,25,11,645,shot
leroy-sane,https://www.sofascore.com/liechtenstein-germany/lUbsFWb#id:9223820,germany,goal,regular,assisted,11.5,34,0,left-foot,low-right,0,45.5,1.3,No information,No information,77,No information,4602,34,11.5,54.5,0,54.5,98.7,14,798,shot
timo-werner,https://www.sofascore.com/liechtenstein-germany/lUbsFWb#id:9223820,germany,miss,No information,assisted,8.6,42.7,0,head,high,0,52.8,73.6,No information,No information,75,No information,4453,42.7,8.6,47.2,0,47.2,26.4,16,947,shot
marco-reus,https://www.sofascore.com/liechtenstein-germany/lUbsFWb#id:9223820,germany,block,No information,corner,14.7,31.8,0,right-foot,low-left,0,54.7,19,No information,No information,73,No information,4361,31.8,14.7,45.3,0,45.3,81,18,1039,shot
thilo-kehrer,https://www.sofascore.com/liechtenstein-germany/lUbsFWb#id:9223820,germany,miss,No information,corner,8.8,40.6,0,other,high,0,51.1,68.1,No information,No information,71,No information,4242,40.6,8.8,48.9,0,48.9,31.9,20,1158,shot
robin-gosens,https://www.sofascore.com/liechtenstein-germany/lUbsFWb#id:9223820,germany,block,No information,regular,15.3,41.6,0,right-foot,low-left,0,52.2,19,No information,No information,68,No information,4035,41.6,15.3,47.8,0,47.8,81,23,1365,shot
niklas-sule,https://www.sofascore.com/liechtenstein-germany/lUbsFWb#id:9223820,germany,miss,No information,assisted,24.1,29.9,0,right-foot,high-right,0,41.3,77.8,No information,No information,67,No information,3981,29.9,24.1,58.7,0,58.7,22.2,24,1419,shot
joshua-kimmich,https://www.sofascore.com/liechtenstein-germany/lUbsFWb#id:9223820,germany,block,No information,regular,26.8,47.5,0,right-foot,low-left,0,52.7,19,No information,No information,66,No information,3948,47.5,26.8,47.3,0,47.3,81,25,1452,shot
leroy-sane,https://www.sofascore.com/liechtenstein-germany/lUbsFWb#id:9223820,germany,miss,No information,assisted,9.7,42.1,0,head,high,0,46.1,68.1,No information,No information,64,No information,3815,42.1,9.7,53.9,0,53.9,31.9,27,1585,shot
niklas-sule,https://www.sofascore.com/liechtenstein-germany/lUbsFWb#id:9223820,germany,miss,No information,assisted,30.2,50.4,0,right-foot,high-right,0,38.8,55.6,No information,No information,59,No information,3522,50.4,30.2,61.2,0,61.2,44.4,32,1878,shot
niklas-sule,https://www.sofascore.com/liechtenstein-germany/lUbsFWb#id:9223820,germany,miss,No information,corner,10.5,52.4,0,head,left,0,77.1,5.6,No information,No information,58,No information,3464,52.4,10.5,22.9,0,22.9,94.4,33,1936,shot
ilkay-gundogan,https://www.sofascore.com/liechtenstein-germany/lUbsFWb#id:9223820,germany,save,No information,corner,4.3,55.8,0,right-foot,low-right,0,47.4,7.6,No information,No information,58,No information,3431,55.8,4.3,52.6,0,52.6,92.4,33,1969,shot
robin-gosens,https://www.sofascore.com/liechtenstein-germany/lUbsFWb#id:9223820,germany,save,No information,corner,1.6,61.3,0,left-foot,low-right,0,45.8,0.6,No information,No information,58,No information,3430,61.3,1.6,54.2,0,54.2,99.4,33,1970,shot
ilkay-gundogan,https://www.sofascore.com/liechtenstein-germany/lUbsFWb#id:9223820,germany,block,No information,assisted,14,44.3,0,left-foot,low-right,0,47.5,19,No information,No information,57,No information,3391,44.3,14,52.5,0,52.5,81,34,2009,shot
joshua-kimmich,https://www.sofascore.com/liechtenstein-germany/lUbsFWb#id:9223820,germany,miss,No information,assisted,12.5,41.5,0,head,right,0,20.8,2.8,No information,No information,51,No information,3053,41.5,12.5,79.2,0,79.2,97.2,40,2347,shot
ilkay-gundogan,https://www.sofascore.com/liechtenstein-germany/lUbsFWb#id:9223820,germany,miss,No information,assisted,24.5,71.7,0,right-foot,left,0,61,1.4,No information,No information,44,No information,2589,71.7,24.5,39,0,39,98.6,2,111,shot
timo-werner,https://www.sofascore.com/liechtenstein-germany/lUbsFWb#id:9223820,germany,goal,regular,assisted,3.8,40.7,0,right-foot,low-centre,0,50.5,1.3,No information,No information,41,No information,2406,40.7,3.8,49.5,0,49.5,98.7,5,294,shot
robin-gosens,https://www.sofascore.com/liechtenstein-germany/lUbsFWb#id:9223820,germany,miss,No information,assisted,18.1,37.7,0,left-foot,high-left,0,56.6,83.3,No information,No information,38,No information,2253,37.7,18.1,43.4,0,43.4,16.7,8,447,shot
leroy-sane,https://www.sofascore.com/liechtenstein-germany/lUbsFWb#id:9223820,germany,block,No information,assisted,20.7,68.5,0,left-foot,low-right,0,47.4,19,No information,No information,38,No information,2247,68.5,20.7,52.6,0,52.6,81,8,453,shot
leroy-sane,https://www.sofascore.com/liechtenstein-germany/lUbsFWb#id:9223820,germany,block,No information,assisted,20.3,82.1,0,left-foot,low-centre,0,49.6,19,No information,No information,38,No information,2231,82.1,20.3,50.4,0,50.4,81,8,469,shot
robin-gosens,https://www.sofascore.com/liechtenstein-germany/lUbsFWb#id:9223820,germany,miss,No information,corner,4.6,59.2,0,head,high,0,52.9,65.3,No information,No information,37,No information,2171,59.2,4.6,47.1,0,47.1,34.7,9,529,shot
ilkay-gundogan,https://www.sofascore.com/liechtenstein-germany/lUbsFWb#id:9223820,germany,miss,No information,assisted,21.2,68.8,0,left-foot,high-left,0,64,51.4,No information,No information,32,No information,1909,68.8,21.2,36,0,36,48.6,14,791,shot
aron-sele,https://www.sofascore.com/liechtenstein-germany/lUbsFWb#id:9223820,liechtenstein,miss,No information,assisted,32.6,6.2,0,left-foot,high-left,0,58.5,97.2,No information,No information,30,No information,1773,6.2,32.6,41.5,0,41.5,2.8,16,927,shot
robin-gosens,https://www.sofascore.com/liechtenstein-germany/lUbsFWb#id:9223820,germany,save,No information,assisted,5.3,24.9,0,left-foot,low-centre,0,49.5,4.4,No information,No information,21,No information,1251,24.9,5.3,50.5,0,50.5,95.6,25,1449,shot
robin-gosens,https://www.sofascore.com/liechtenstein-germany/lUbsFWb#id:9223820,germany,post,No information,corner,9.6,48.5,0,head,left,0,55.7,24.1,No information,No information,18,No information,1076,48.5,9.6,44.3,0,44.3,75.9,28,1624,shot
ilkay-gundogan,https://www.sofascore.com/liechtenstein-germany/lUbsFWb#id:9223820,germany,miss,No information,regular,24.6,55,0,right-foot,left,0,74.3,8.3,No information,No information,15,No information,865,55,24.6,25.7,0,25.7,91.7,31,1835,shot
ridle-baku,https://www.sofascore.com/liechtenstein-germany/lUbsFWb#id:9223820,germany,block,No information,regular,4.3,69.7,0,right-foot,low-centre,0,48.5,19,No information,No information,7,No information,367,69.7,4.3,51.5,0,51.5,81,39,2333,shot
timo-werner,https://www.sofascore.com/liechtenstein-germany/lUbsFWb#id:9223820,germany,save,No information,assisted,10.8,40.8,0,left-foot,low-centre,0,49.4,3.8,No information,No information,7,No information,363,40.8,10.8,50.6,0,50.6,96.2,39,2337,shot
joshua-kimmich,https://www.sofascore.com/liechtenstein-germany/lUbsFWb#id:9223820,germany,block,No information,assisted,10.7,38,0,right-foot,low-centre,0,50.5,19,No information,No information,4,No information,201,38,10.7,49.5,0,49.5,81,42,2499,shot

arnor-sigurdsson,https://www.sofascore.com/germany-iceland/iUbslUb#id:9223709,iceland,miss,No information,regular,11.5,69.2,0,left-foot,high-left,0,99.3,43.1,No information,No information,90,No information,5385,69.2,11.5,0.7,0,0.7,56.9,1,15,shot
matthias-ginter,https://www.sofascore.com/germany-iceland/iUbslUb#id:9223709,germany,block,No information,assisted,22.1,67.1,0,right-foot,low-left,0,52.9,19,No information,No information,77,No information,4614,67.1,22.1,47.1,0,47.1,81,14,786,shot
serge-gnabry,https://www.sofascore.com/germany-iceland/iUbslUb#id:9223709,germany,post,No information,assisted,9,38.2,0,right-foot,right,0,44.8,1.3,No information,No information,70,No information,4199,38.2,9,55.2,0,55.2,98.7,21,1201,shot
leon-goretzka,https://www.sofascore.com/germany-iceland/iUbslUb#id:9223709,germany,miss,No information,assisted,24.9,61.4,0,right-foot,left,0,61.3,6.9,No information,No information,68,No information,4031,61.4,24.9,38.7,0,38.7,93.1,23,1369,shot
jon-dadi-bodvarsson,https://www.sofascore.com/germany-iceland/iUbslUb#id:9223709,iceland,save,No information,assisted,14.5,47,0,right-foot,high-centre,0,50.1,31.6,No information,No information,65,No information,3857,47,14.5,49.9,0,49.9,68.4,26,1543,shot
aron-gunnarsson,https://www.sofascore.com/germany-iceland/iUbslUb#id:9223709,iceland,miss,No information,assisted,26.8,62.1,0,right-foot,high-left,0,67.4,44.4,No information,No information,65,No information,3856,62.1,26.8,32.6,0,32.6,55.6,26,1544,shot
sverrir-ingi-ingason,https://www.sofascore.com/germany-iceland/iUbslUb#id:9223709,iceland,save,No information,corner,7.7,55.3,0,head,high-centre,0,50,25.9,No information,No information,57,No information,3418,55.3,7.7,50,0,50,74.1,34,1982,shot
aron-gunnarsson,https://www.sofascore.com/germany-iceland/iUbslUb#id:9223709,iceland,block,No information,regular,29.1,74.9,0,right-foot,low-centre,0,51.5,19,No information,No information,57,No information,3387,74.9,29.1,48.5,0,48.5,81,34,2013,shot
ilkay-gundogan,https://www.sofascore.com/germany-iceland/iUbslUb#id:9223709,germany,goal,regular,assisted,23.7,40,0,right-foot,low-left,0,53.3,1.9,No information,No information,56,No information,3307,40,23.7,46.7,0,46.7,98.1,35,2093,shot
aron-gunnarsson,https://www.sofascore.com/germany-iceland/iUbslUb#id:9223709,iceland,miss,No information,set-piece,10,45,0,head,high-left,0,60.3,55.6,No information,No information,51,No information,3022,45,10,39.7,0,39.7,44.4,40,2378,shot
arnor-traustason,https://www.sofascore.com/germany-iceland/iUbslUb#id:9223709,iceland,miss,No information,regular,27.6,48.9,0,right-foot,high-right,0,39.2,66.7,No information,No information,50,No information,2945,48.9,27.6,60.8,0,60.8,33.3,41,2455,shot
leon-goretzka,https://www.sofascore.com/germany-iceland/iUbslUb#id:9223709,germany,miss,No information,assisted,21.4,58.8,0,left-foot,left,0,67.6,12.5,No information,No information,45,2,2818,58.8,21.4,32.4,0,32.4,87.5,1,2582,shot
antonio-rudiger,https://www.sofascore.com/germany-iceland/iUbslUb#id:9223709,germany,miss,No information,corner,7.2,46,0,head,close-left,0,57.3,26.4,No information,No information,43,No information,2521,46,7.2,42.7,0,42.7,73.6,3,179,shot
joshua-kimmich,https://www.sofascore.com/germany-iceland/iUbslUb#id:9223709,germany,save,No information,assisted,26.1,39.4,0,right-foot,low-left,0,54.2,2.5,No information,No information,42,No information,2488,39.4,26.1,45.8,0,45.8,97.5,4,212,shot
leon-goretzka,https://www.sofascore.com/germany-iceland/iUbslUb#id:9223709,germany,save,No information,assisted,24,52.5,0,left-foot,high-centre,0,50,27.2,No information,No information,38,No information,2241,52.5,24,50,0,50,72.8,8,459,shot
ilkay-gundogan,https://www.sofascore.com/germany-iceland/iUbslUb#id:9223709,germany,block,No information,regular,26.4,41.4,0,right-foot,low-left,0,53,19,No information,No information,37,No information,2213,41.4,26.4,47,0,47,81,9,487,shot
kai-havertz,https://www.sofascore.com/germany-iceland/iUbslUb#id:9223709,germany,miss,No information,assisted,24.2,57.5,0,left-foot,close-right,0,43.4,4.2,No information,No information,31,No information,1856,57.5,24.2,56.6,0,56.6,95.8,15,844,shot
runar-mar-sigurjonsson,https://www.sofascore.com/germany-iceland/iUbslUb#id:9223709,iceland,block,No information,assisted,10.8,33.5,0,right-foot,low-centre,0,50.9,19,No information,No information,27,No information,1577,33.5,10.8,49.1,0,49.1,81,19,1123,shot
joshua-kimmich,https://www.sofascore.com/germany-iceland/iUbslUb#id:9223709,germany,block,No information,assisted,30.5,38,0,right-foot,low-left,0,53.5,19,No information,No information,23,No information,1356,38,30.5,46.5,0,46.5,81,23,1344,shot
joshua-kimmich,https://www.sofascore.com/germany-iceland/iUbslUb#id:9223709,germany,miss,No information,assisted,31.1,36.1,0,right-foot,left,0,62.7,6.9,No information,No information,21,No information,1215,36.1,31.1,37.3,0,37.3,93.1,25,1485,shot
leon-goretzka,https://www.sofascore.com/germany-iceland/iUbslUb#id:9223709,germany,miss,No information,corner,6.4,36.4,0,head,close-high-left,0,57.3,50,No information,No information,13,No information,777,36.4,6.4,42.7,0,42.7,50,33,1923,shot
kai-havertz,https://www.sofascore.com/germany-iceland/iUbslUb#id:9223709,germany,goal,regular,assisted,14,40.3,0,left-foot,low-centre,0,48.6,7,No information,No information,7,No information,390,40.3,14,51.4,0,51.4,93,39,2310,shot
leon-goretzka,https://www.sofascore.com/germany-iceland/iUbslUb#id:9223709,germany,goal,regular,assisted,12.6,45.5,0,left-foot,low-right,0,47.3,8.2,No information,No information,3,No information,122,45.5,12.6,52.7,0,52.7,91.8,43,2578,shot

vlatko-stojanovski,https://www.sofascore.com/north-macedonia-germany/lUbsCVb#id:9223819,north macedonia,block,No information,assisted,17.2,50.9,0,right-foot,low-right,0,45.9,19,No information,No information,90,5,5648,50.9,17.2,54.1,0,54.1,81,1,652,shot
leroy-sane,https://www.sofascore.com/north-macedonia-germany/lUbsCVb#id:9223819,germany,miss,No information,assisted,21.6,73.6,0,left-foot,high-left,0,57.1,94.4,No information,No information,90,2,5477,73.6,21.6,42.9,0,42.9,5.6,1,823,shot
eljif-elmas,https://www.sofascore.com/north-macedonia-germany/lUbsCVb#id:9223819,north macedonia,goal,regular,assisted,8,45.6,0,right-foot,low-centre,0,49,10.8,No information,No information,85,No information,5090,45.6,8,51,0,51,89.2,6,310,shot
stefan-spirovski,https://www.sofascore.com/north-macedonia-germany/lUbsCVb#id:9223819,north macedonia,save,No information,assisted,19.4,62.5,0,right-foot,low-centre,0,48.4,2.5,No information,No information,83,No information,4938,62.5,19.4,51.6,0,51.6,97.5,8,462,shot
timo-werner,https://www.sofascore.com/north-macedonia-germany/lUbsCVb#id:9223819,germany,miss,No information,assisted,8.7,50.1,0,left-foot,right,0,40.3,2.8,No information,No information,80,No information,4750,50.1,8.7,59.7,0,59.7,97.2,11,650,shot
amin-younes,https://www.sofascore.com/north-macedonia-germany/lUbsCVb#id:9223819,germany,block,No information,assisted,14.2,49.9,0,right-foot,low-centre,0,50.9,19,No information,No information,77,No information,4609,49.9,14.2,49.1,0,49.1,81,14,791,shot
darko-velkovski,https://www.sofascore.com/north-macedonia-germany/lUbsCVb#id:9223819,north macedonia,block,No information,corner,3.4,39.8,0,head,low-left,0,52.8,19,No information,No information,76,No information,4549,39.8,3.4,47.2,0,47.2,81,15,851,shot
joshua-kimmich,https://www.sofascore.com/north-macedonia-germany/lUbsCVb#id:9223819,germany,block,No information,assisted,12,53.8,0,left-foot,low-centre,0,50.9,19,No information,No information,73,No information,4378,53.8,12,49.1,0,49.1,81,18,1022,shot
enis-bardhi,https://www.sofascore.com/north-macedonia-germany/lUbsCVb#id:9223819,north macedonia,block,No information,fast-break,15.5,56.1,0,left-foot,low-centre,0,51.6,19,No information,No information,66,No information,3916,56.1,15.5,48.4,0,48.4,81,25,1484,shot
ilkay-gundogan,https://www.sofascore.com/north-macedonia-germany/lUbsCVb#id:9223819,germany,goal,penalty,penalty,11.5,50,0,right-foot,low-centre,0,50,8.2,No information,No information,63,No information,3728,50,11.5,50,0,50,91.8,28,1672,shot
goran-pandev,https://www.sofascore.com/north-macedonia-germany/lUbsCVb#id:9223819,north macedonia,goal,regular,assisted,5.3,47,0,left-foot,low-left,0,53.6,16.5,No information,No information,45,2,2761,47,5.3,46.4,0,46.4,83.5,1,2639,shot
serge-gnabry,https://www.sofascore.com/north-macedonia-germany/lUbsCVb#id:9223819,germany,miss,No information,regular,8.3,63.3,0,right-foot,high,0,47.2,70.8,No information,No information,31,No information,1839,63.3,8.3,52.8,0,52.8,29.2,15,861,shot
serge-gnabry,https://www.sofascore.com/north-macedonia-germany/lUbsCVb#id:9223819,germany,save,No information,assisted,7.7,27.2,0,left-foot,low-centre,0,48.3,1.3,No information,No information,27,No information,1585,27.2,7.7,51.7,0,51.7,98.7,19,1115,shot
ilkay-gundogan,https://www.sofascore.com/north-macedonia-germany/lUbsCVb#id:9223819,germany,block,No information,assisted,21.8,62.3,0,left-foot,low-centre,0,51.6,19,No information,No information,16,No information,912,62.3,21.8,48.4,0,48.4,81,30,1788,shot
emre-can,https://www.sofascore.com/north-macedonia-germany/lUbsCVb#id:9223819,germany,miss,No information,assisted,24.1,32.8,0,left-foot,right,0,33.9,1.4,No information,No information,14,No information,803,32.8,24.1,66.1,0,66.1,98.6,32,1897,shot
leon-goretzka,https://www.sofascore.com/north-macedonia-germany/lUbsCVb#id:9223819,germany,post,No information,assisted,11.8,62.3,0,right-foot,high,0,48.7,39.2,No information,No information,9,No information,536,62.3,11.8,51.3,0,51.3,60.8,37,2164,shot
serge-gnabry,https://www.sofascore.com/north-macedonia-germany/lUbsCVb#id:9223819,germany,miss,No information,assisted,10.1,42.1,0,left-foot,left,0,60,6.9,No information,No information,5,No information,246,42.1,10.1,40,0,40,93.1,41,2454,shot

willi-orban,https://www.sofascore.com/germany-hungary/jUbslUb#id:11873900,hungary,save,No information,set-piece,8.6,46.6,0,right-foot,low-left,0,52.8,19,No information,No information,90,No information,5351,46.6,8.6,47.2,0,47.2,81,1,49,shot
leroy-sane,https://www.sofascore.com/germany-hungary/jUbslUb#id:11873900,germany,block,No information,fast-break,12.6,65.3,0,left-foot,low-left,0,52.6,4.2,No information,No information,88,No information,5273,65.3,12.6,47.4,0,47.4,95.8,3,127,shot
niclas-fullkrug,https://www.sofascore.com/germany-hungary/jUbslUb#id:11873900,germany,miss,No information,assisted,7.1,51.9,0,head,left,0,63.9,15.3,No information,No information,87,No information,5166,51.9,7.1,36.1,0,36.1,84.7,4,234,shot
chris-fuhrich,https://www.sofascore.com/germany-hungary/jUbslUb#id:11873900,germany,miss,No information,fast-break,7.2,29.9,0,right-foot,high-right,0,36.3,65.3,No information,No information,81,No information,4820,29.9,7.2,63.7,0,63.7,34.7,10,580,shot
leroy-sane,https://www.sofascore.com/germany-hungary/jUbslUb#id:11873900,germany,miss,No information,free-kick,26.3,56.1,0,left-foot,high,0,55.3,83.3,No information,No information,77,No information,4602,56.1,26.3,44.7,0,44.7,16.7,14,798,shot
leroy-sane,https://www.sofascore.com/germany-hungary/jUbslUb#id:11873900,germany,save,No information,assisted,19.6,58.7,0,right-foot,low-left,0,52.7,2.5,No information,No information,75,No information,4454,58.7,19.6,47.3,0,47.3,97.5,16,946,shot
joshua-kimmich,https://www.sofascore.com/germany-hungary/jUbslUb#id:11873900,germany,save,No information,assisted,11.9,63.7,0,left-foot,low-right,0,46.9,17.7,No information,No information,74,No information,4402,63.7,11.9,53.1,0,53.1,82.3,17,998,shot
joshua-kimmich,https://www.sofascore.com/germany-hungary/jUbslUb#id:11873900,germany,miss,No information,assisted,7,73.9,0,right-foot,left,0,63.2,26.4,No information,No information,69,No information,4128,73.9,7,36.8,0,36.8,73.6,22,1272,shot
ilkay-gundogan,https://www.sofascore.com/germany-hungary/jUbslUb#id:11873900,germany,goal,regular,assisted,11.2,45.5,0,left-foot,low-right,0,47.5,0.6,No information,No information,67,No information,3980,45.5,11.2,52.5,0,52.5,99.4,24,1420,shot
jamal-musiala,https://www.sofascore.com/germany-hungary/jUbslUb#id:11873900,germany,miss,No information,assisted,21.2,45.1,0,right-foot,high,0,46.6,63.9,No information,No information,62,No information,3673,45.1,21.2,53.4,0,53.4,36.1,29,1727,shot
barnabas-varga,https://www.sofascore.com/germany-hungary/jUbslUb#id:11873900,hungary,miss,No information,assisted,6.1,52.8,0,head,close-high,0,55.3,56.9,No information,No information,60,No information,3546,52.8,6.1,44.7,0,44.7,43.1,31,1854,shot
roland-sallai,https://www.sofascore.com/germany-hungary/jUbslUb#id:11873900,hungary,miss,No information,assisted,11.2,46.9,0,right-foot,left,0,62.7,19.4,No information,No information,58,No information,3471,46.9,11.2,37.3,0,37.3,80.6,33,1929,shot
dominik-szoboszlai,https://www.sofascore.com/germany-hungary/jUbslUb#id:11873900,hungary,miss,No information,regular,17.9,72,0,right-foot,left,0,83.2,11.1,No information,No information,58,No information,3470,72,17.9,16.8,0,16.8,88.9,33,1930,shot
toni-kroos,https://www.sofascore.com/germany-hungary/jUbslUb#id:11873900,germany,save,No information,regular,19.2,56.8,0,right-foot,low-right,0,46.2,18.4,No information,No information,55,No information,3253,56.8,19.2,53.8,0,53.8,81.6,36,2147,shot
antonio-rudiger,https://www.sofascore.com/germany-hungary/jUbslUb#id:11873900,germany,block,No information,assisted,26.7,72.7,0,right-foot,low-left,0,53.9,8.3,No information,No information,46,No information,2755,72.7,26.7,46.1,0,46.1,91.7,45,2645,shot
jamal-musiala,https://www.sofascore.com/germany-hungary/jUbslUb#id:11873900,germany,block,No information,assisted,16.2,60,0,right-foot,low-right,0,47.6,19.4,No information,No information,44,No information,2629,60,16.2,52.4,0,52.4,80.6,2,71,shot
florian-wirtz,https://www.sofascore.com/germany-hungary/jUbslUb#id:11873900,germany,block,No information,corner,19.4,73.9,0,right-foot,low-left,0,53.1,19,No information,No information,42,No information,2463,73.9,19.4,46.9,0,46.9,81,4,237,shot
maximilian-mittelstadt,https://www.sofascore.com/germany-hungary/jUbslUb#id:11873900,germany,block,No information,corner,20,54.2,0,right-foot,low-left,0,53.4,6.9,No information,No information,37,No information,2187,54.2,20,46.6,0,46.6,93.1,9,513,shot
bendeguz-bolla,https://www.sofascore.com/germany-hungary/jUbslUb#id:11873900,hungary,miss,No information,corner,18.4,69.5,0,right-foot,left,0,61.7,4.2,No information,No information,30,No information,1743,69.5,18.4,38.3,0,38.3,95.8,16,957,shot
dominik-szoboszlai,https://www.sofascore.com/germany-hungary/jUbslUb#id:11873900,hungary,block,No information,assisted,11.1,39.5,0,left-foot,low-left,0,53.7,19,No information,No information,29,No information,1708,39.5,11.1,46.3,0,46.3,81,17,992,shot
ilkay-gundogan,https://www.sofascore.com/germany-hungary/jUbslUb#id:11873900,germany,block,No information,regular,14.2,52.2,0,left-foot,low-centre,0,51.1,19,No information,No information,27,No information,1601,52.2,14.2,48.9,0,48.9,81,19,1099,shot
barnabas-varga,https://www.sofascore.com/germany-hungary/jUbslUb#id:11873900,hungary,save,No information,set-piece,2,40.8,0,left-foot,low-centre,0,51.8,5.7,No information,No information,26,No information,1519,40.8,2,48.2,0,48.2,94.3,20,1181,shot
dominik-szoboszlai,https://www.sofascore.com/germany-hungary/jUbslUb#id:11873900,hungary,save,No information,free-kick,21.4,24.7,0,right-foot,high-left,0,52.9,29.1,No information,No information,26,No information,1517,24.7,21.4,47.1,0,47.1,70.9,20,1183,shot
jamal-musiala,https://www.sofascore.com/germany-hungary/jUbslUb#id:11873900,germany,goal,regular,assisted,7.9,43.7,0,right-foot,high-left,0,53.1,27.8,No information,No information,22,No information,1304,43.7,7.9,46.9,0,46.9,72.2,24,1396,shot
roland-sallai,https://www.sofascore.com/germany-hungary/jUbslUb#id:11873900,hungary,block,No information,assisted,17.7,48.9,0,right-foot,low-left,0,53.8,4.2,No information,No information,15,No information,864,48.9,17.7,46.2,0,46.2,95.8,31,1836,shot
robert-andrich,https://www.sofascore.com/germany-hungary/jUbslUb#id:11873900,germany,block,No information,corner,10.6,62.8,0,right-foot,high-left,0,53.9,25,No information,No information,12,No information,694,62.8,10.6,46.1,0,46.1,75,34,2006,shot
kai-havertz,https://www.sofascore.com/germany-hungary/jUbslUb#id:11873900,germany,save,No information,assisted,3.6,57.9,0,left-foot,low-centre,0,51.5,19.6,No information,No information,11,No information,649,57.9,3.6,48.5,0,48.5,80.4,35,2051,shot
bendeguz-bolla,https://www.sofascore.com/germany-hungary/jUbslUb#id:11873900,hungary,block,No information,corner,10.7,70.8,0,right-foot,low-right,0,48,19,No information,No information,6,No information,356,70.8,10.7,52,0,52,81,40,2344,shot
kai-havertz,https://www.sofascore.com/germany-hungary/jUbslUb#id:11873900,germany,save,No information,assisted,18.8,63.1,0,left-foot,low-right,0,48.1,1.3,No information,No information,5,No information,243,63.1,18.8,51.9,0,51.9,98.7,41,2457,shot
roland-sallai,https://www.sofascore.com/germany-hungary/jUbslUb#id:11873900,hungary,save,No information,regular,7.3,44.4,0,right-foot,low-centre,0,51.7,12.7,No information,No information,1,No information,15,44.4,7.3,48.3,0,48.3,87.3,45,2685,shot

jamal-musiala,https://www.sofascore.com/germany-iceland/iUbslUb#id:9223792,germany,block,No information,assisted,22.4,41.5,0,right-foot,low-centre,0,49.9,19,No information,No information,90,4,5586,41.5,22.4,50.1,0,50.1,81,1,714,shot
timo-werner,https://www.sofascore.com/germany-iceland/iUbslUb#id:9223792,germany,goal,regular,assisted,12,53.4,0,right-foot,low-right,0,45.8,2.5,No information,No information,89,No information,5280,53.4,12,54.2,0,54.2,97.5,2,120,shot
leon-goretzka,https://www.sofascore.com/germany-iceland/iUbslUb#id:9223792,germany,miss,No information,assisted,27.6,46.6,0,right-foot,close-right,0,41.8,5.6,No information,No information,79,No information,4699,46.6,27.6,58.2,0,58.2,94.4,12,701,shot
jamal-musiala,https://www.sofascore.com/germany-iceland/iUbslUb#id:9223792,germany,block,No information,assisted,12.8,35.1,0,right-foot,low-left,0,52.7,19,No information,No information,75,No information,4451,35.1,12.8,47.3,0,47.3,81,16,949,shot
ilkay-gundogan,https://www.sofascore.com/germany-iceland/iUbslUb#id:9223792,germany,save,No information,fast-break,12.9,55.2,0,right-foot,high-centre,0,50,20.3,No information,No information,72,No information,4286,55.2,12.9,50,0,50,79.7,19,1114,shot
robin-gosens,https://www.sofascore.com/germany-iceland/iUbslUb#id:9223792,germany,miss,No information,corner,8.2,48.2,0,head,close-high-left,0,57.1,56.9,No information,No information,69,No information,4101,48.2,8.2,42.9,0,42.9,43.1,22,1299,shot
timo-werner,https://www.sofascore.com/germany-iceland/iUbslUb#id:9223792,germany,miss,No information,assisted,7,47.4,0,right-foot,high-left,0,56.5,65.3,No information,No information,61,No information,3627,47.4,7,43.5,0,43.5,34.7,30,1773,shot
leroy-sane,https://www.sofascore.com/germany-iceland/iUbslUb#id:9223792,germany,goal,regular,assisted,5.7,32,0,left-foot,high-left,0,53.2,32.9,No information,No information,56,No information,3350,32,5.7,46.8,0,46.8,67.1,35,2050,shot
kai-havertz,https://www.sofascore.com/germany-iceland/iUbslUb#id:9223792,germany,miss,No information,fast-break,11.4,54,0,left-foot,close-right,0,42.5,6.9,No information,No information,55,No information,3268,54,11.4,57.5,0,57.5,93.1,36,2132,shot
thorir-johann-helgason,https://www.sofascore.com/germany-iceland/iUbslUb#id:9223792,iceland,miss,No information,set-piece,19.5,33.8,0,right-foot,high-right,0,40.5,76.4,No information,No information,52,No information,3106,33.8,19.5,59.5,0,59.5,23.6,39,2294,shot
johann-gudmundsson,https://www.sofascore.com/germany-iceland/iUbslUb#id:9223792,iceland,post,No information,assisted,20.5,70.3,0,left-foot,left,0,55.4,17.1,No information,No information,49,No information,2896,70.3,20.5,44.6,0,44.6,82.9,42,2504,shot
timo-werner,https://www.sofascore.com/germany-iceland/iUbslUb#id:9223792,germany,save,No information,assisted,9.5,35.9,0,right-foot,low-centre,0,49.7,1.3,No information,No information,48,No information,2867,35.9,9.5,50.3,0,50.3,98.7,43,2533,shot
jonas-hofmann,https://www.sofascore.com/germany-iceland/iUbslUb#id:9223792,germany,block,No information,assisted,14.5,70.8,0,right-foot,low-centre,0,48.3,19,No information,No information,45,1,2726,70.8,14.5,51.7,0,51.7,81,1,2674,shot
johann-gudmundsson,https://www.sofascore.com/germany-iceland/iUbslUb#id:9223792,iceland,save,No information,assisted,7.7,64.5,0,left-foot,low-right,0,46.4,1.9,No information,No information,43,No information,2545,64.5,7.7,53.6,0,53.6,98.1,3,155,shot
ilkay-gundogan,https://www.sofascore.com/germany-iceland/iUbslUb#id:9223792,germany,block,No information,assisted,23.9,40.4,0,right-foot,low-left,0,51.9,19,No information,No information,41,No information,2449,40.4,23.9,48.1,0,48.1,81,5,251,shot
leroy-sane,https://www.sofascore.com/germany-iceland/iUbslUb#id:9223792,germany,miss,No information,free-kick,21.3,56.7,0,left-foot,high,0,46.6,68.1,No information,No information,37,No information,2178,56.7,21.3,53.4,0,53.4,31.9,9,522,shot
leon-goretzka,https://www.sofascore.com/germany-iceland/iUbslUb#id:9223792,germany,miss,No information,corner,10,58.3,0,head,close-right,0,42.7,19,No information,No information,35,No information,2088,58.3,10,57.3,0,57.3,81,11,612,shot
antonio-rudiger,https://www.sofascore.com/germany-iceland/iUbslUb#id:9223792,germany,block,No information,assisted,29.8,51.1,0,right-foot,low-centre,0,50.5,19,No information,No information,35,No information,2050,51.1,29.8,49.5,0,49.5,81,11,650,shot
timo-werner,https://www.sofascore.com/germany-iceland/iUbslUb#id:9223792,germany,save,No information,assisted,11.8,54.6,0,head,high-centre,0,51,22.2,No information,No information,28,No information,1654,54.6,11.8,49,0,49,77.8,18,1046,shot
leon-goretzka,https://www.sofascore.com/germany-iceland/iUbslUb#id:9223792,germany,save,No information,regular,13.8,43.1,0,right-foot,low-left,0,53.9,0.6,No information,No information,27,No information,1605,43.1,13.8,46.1,0,46.1,99.4,19,1095,shot
antonio-rudiger,https://www.sofascore.com/germany-iceland/iUbslUb#id:9223792,germany,goal,regular,set-piece,8.7,41.5,0,head,low-right,0,46,17.7,No information,No information,24,No information,1385,41.5,8.7,54,0,54,82.3,22,1315,shot
isak-bergmann-johannesson,https://www.sofascore.com/germany-iceland/iUbslUb#id:9223792,iceland,save,No information,assisted,10.4,28.5,0,left-foot,low-left,0,54.2,15.2,No information,No information,17,No information,961,28.5,10.4,45.8,0,45.8,84.8,29,1739,shot
serge-gnabry,https://www.sofascore.com/germany-iceland/iUbslUb#id:9223792,germany,goal,regular,assisted,4.5,52.4,0,right-foot,low-centre,0,49.4,3.8,No information,No information,4,No information,237,52.4,4.5,50.6,0,50.6,96.2,42,2463,shot

nikita-naumov,https://www.sofascore.com/belarus-germany/lUbsTUb#id:8079040,belarus,miss,No information,corner,7.1,56,0,head,high-left,0,56.6,73.6,No information,No information,90,1,5452,56,7.1,43.4,0,43.4,26.4,1,848,shot
toni-kroos,https://www.sofascore.com/belarus-germany/lUbsTUb#id:8079040,germany,goal,regular,assisted,11.7,54.2,0,left-foot,low-right,0,47.7,3.2,No information,No information,83,No information,4963,54.2,11.7,52.3,0,52.3,96.8,8,437,shot
serge-gnabry,https://www.sofascore.com/belarus-germany/lUbsTUb#id:8079040,germany,block,No information,assisted,14.2,53.1,0,left-foot,No information,No information,No information,No information,No information,No information,81,No information,4830,53.1,14.2,No information,No information,No information,No information,10,570,shot
igor-stasevich,https://www.sofascore.com/belarus-germany/lUbsTUb#id:8079040,belarus,save,No information,penalty,11.5,50,0,right-foot,low-left,0,54,2.5,No information,No information,75,No information,4490,50,11.5,46,0,46,97.5,16,910,shot
pavel-nekhajchik,https://www.sofascore.com/belarus-germany/lUbsTUb#id:8079040,belarus,save,No information,assisted,18.8,56.7,0,right-foot,high-centre,0,48.5,20.3,No information,No information,73,No information,4374,56.7,18.8,51.5,0,51.5,79.7,18,1026,shot
lisakovich-vitali,https://www.sofascore.com/belarus-germany/lUbsTUb#id:8079040,belarus,save,No information,assisted,15.1,42.5,0,right-foot,low-right,0,48.1,5.7,No information,No information,72,No information,4278,42.5,15.1,51.9,0,51.9,94.3,19,1122,shot
leon-goretzka,https://www.sofascore.com/belarus-germany/lUbsTUb#id:8079040,germany,save,No information,assisted,10.1,53.6,0,head,low-centre,0,50,0.6,No information,No information,71,No information,4244,53.6,10.1,50,0,50,99.4,20,1156,shot
toni-kroos,https://www.sofascore.com/belarus-germany/lUbsTUb#id:8079040,germany,miss,No information,assisted,26.7,38.2,0,right-foot,right,0,38.2,30.6,No information,No information,70,No information,4169,38.2,26.7,61.8,0,61.8,69.4,21,1231,shot
stanislav-dragun,https://www.sofascore.com/belarus-germany/lUbsTUb#id:8079040,belarus,miss,No information,assisted,7.3,51.8,0,head,close-left,0,58,2.8,No information,No information,69,No information,4128,51.8,7.3,42,0,42,97.2,22,1272,shot
pavel-nekhajchik,https://www.sofascore.com/belarus-germany/lUbsTUb#id:8079040,belarus,miss,No information,assisted,25.4,26.4,0,right-foot,high,0,44.4,88.9,No information,No information,67,No information,4013,26.4,25.4,55.6,0,55.6,11.1,24,1387,shot
pavel-nekhajchik,https://www.sofascore.com/belarus-germany/lUbsTUb#id:8079040,belarus,miss,No information,assisted,7.3,43.7,0,right-foot,close-left,0,59,5.6,No information,No information,59,No information,3492,43.7,7.3,41,0,41,94.4,32,1908,shot
stanislav-dragun,https://www.sofascore.com/belarus-germany/lUbsTUb#id:8079040,belarus,block,No information,throw-in-set-piece,18.4,67.2,0,right-foot,No information,No information,No information,No information,No information,No information,59,No information,3489,67.2,18.4,No information,No information,No information,No information,32,1911,shot
leon-goretzka,https://www.sofascore.com/belarus-germany/lUbsTUb#id:8079040,germany,miss,No information,assisted,12.1,59.1,0,left-foot,high-left,0,60,56.9,No information,No information,57,No information,3381,59.1,12.1,40,0,40,43.1,34,2019,shot
yuri-kovalev,https://www.sofascore.com/belarus-germany/lUbsTUb#id:8079040,belarus,miss,No information,assisted,12.3,72.7,0,right-foot,right,0,38.2,16.7,No information,No information,56,No information,3357,72.7,12.3,61.8,0,61.8,83.3,35,2043,shot
toni-kroos,https://www.sofascore.com/belarus-germany/lUbsTUb#id:8079040,germany,goal,regular,assisted,17.9,51.4,0,right-foot,low-right,0,46.8,13.9,No information,No information,55,No information,3277,51.4,17.9,53.2,0,53.2,86.1,36,2123,shot
timo-werner,https://www.sofascore.com/belarus-germany/lUbsTUb#id:8079040,germany,save,No information,assisted,12,29.1,0,right-foot,low-left,0,54.2,2.5,No information,No information,53,No information,3166,29.1,12,45.8,0,45.8,97.5,38,2234,shot
leon-goretzka,https://www.sofascore.com/belarus-germany/lUbsTUb#id:8079040,germany,goal,regular,corner,14.1,54.6,0,right-foot,low-left,0,53,1.3,No information,No information,49,No information,2898,54.6,14.1,47,0,47,98.7,42,2502,shot
ilkay-gundogan,https://www.sofascore.com/belarus-germany/lUbsTUb#id:8079040,germany,miss,No information,regular,9.5,31.6,0,left-foot,close-left,0,57.1,23.6,No information,No information,45,No information,2698,31.6,9.5,42.9,0,42.9,76.4,1,2,shot
serge-gnabry,https://www.sofascore.com/belarus-germany/lUbsTUb#id:8079040,germany,block,No information,assisted,18.8,55.5,0,right-foot,No information,No information,No information,No information,No information,No information,43,No information,2578,55.5,18.8,No information,No information,No information,No information,3,122,shot
matthias-ginter,https://www.sofascore.com/belarus-germany/lUbsTUb#id:8079040,germany,goal,regular,assisted,4.1,56.9,0,right-foot,high-centre,0,51,20.3,No information,No information,41,No information,2448,56.9,4.1,49,0,49,79.7,5,252,shot
denis-laptev,https://www.sofascore.com/belarus-germany/lUbsTUb#id:8079040,belarus,save,No information,regular,3.3,62.9,0,right-foot,high-left,0,53.8,24.1,No information,No information,40,No information,2377,62.9,3.3,46.2,0,46.2,75.9,6,323,shot
pavel-nekhajchik,https://www.sofascore.com/belarus-germany/lUbsTUb#id:8079040,belarus,block,No information,assisted,9.1,47.6,0,head,No information,No information,No information,No information,No information,No information,40,No information,2372,47.6,9.1,No information,No information,No information,No information,6,328,shot
igor-stasevich,https://www.sofascore.com/belarus-germany/lUbsTUb#id:8079040,belarus,save,No information,assisted,18.9,27.9,0,right-foot,low-right,0,45.9,14.6,No information,No information,40,No information,2364,27.9,18.9,54.1,0,54.1,85.4,6,336,shot
stanislav-dragun,https://www.sofascore.com/belarus-germany/lUbsTUb#id:8079040,belarus,block,No information,assisted,26.8,54.8,0,right-foot,No information,No information,No information,No information,No information,No information,40,No information,2345,54.8,26.8,No information,No information,No information,No information,6,355,shot
timo-werner,https://www.sofascore.com/belarus-germany/lUbsTUb#id:8079040,germany,miss,No information,assisted,9.3,52.6,0,head,close-right,0,40.8,11.1,No information,No information,39,No information,2291,52.6,9.3,59.2,0,59.2,88.9,7,409,shot
toni-kroos,https://www.sofascore.com/belarus-germany/lUbsTUb#id:8079040,germany,save,No information,free-kick,24.3,34.3,0,right-foot,high-left,0,54.5,28.5,No information,No information,38,No information,2236,34.3,24.3,45.5,0,45.5,71.5,8,464,shot
toni-kroos,https://www.sofascore.com/belarus-germany/lUbsTUb#id:8079040,germany,save,No information,regular,18.1,54.3,0,left-foot,low-right,0,46.5,16.5,No information,No information,34,No information,2022,54.3,18.1,53.5,0,53.5,83.5,12,678,shot
timo-werner,https://www.sofascore.com/belarus-germany/lUbsTUb#id:8079040,germany,block,No information,assisted,8.3,30.1,0,right-foot,No information,No information,No information,No information,No information,No information,29,No information,1720,30.1,8.3,No information,No information,No information,No information,17,980,shot
serge-gnabry,https://www.sofascore.com/belarus-germany/lUbsTUb#id:8079040,germany,miss,No information,assisted,11.7,63.6,0,right-foot,left,0,70.8,23.6,No information,No information,29,No information,1705,63.6,11.7,29.2,0,29.2,76.4,17,995,shot
lukas-klostermann,https://www.sofascore.com/belarus-germany/lUbsTUb#id:8079040,germany,miss,No information,regular,9.9,68.4,0,right-foot,high-left,0,95.1,76.4,No information,No information,25,No information,1491,68.4,9.9,4.9,0,4.9,23.6,21,1209,shot
serge-gnabry,https://www.sofascore.com/belarus-germany/lUbsTUb#id:8079040,germany,miss,No information,assisted,2,69.2,0,right-foot,close-right,0,43.4,11.1,No information,No information,24,No information,1405,69.2,2,56.6,0,56.6,88.9,22,1295,shot
timo-werner,https://www.sofascore.com/belarus-germany/lUbsTUb#id:8079040,germany,block,No information,assisted,11.1,30.3,0,right-foot,No information,No information,No information,No information,No information,No information,23,No information,1365,30.3,11.1,No information,No information,No information,No information,23,1335,shot
toni-kroos,https://www.sofascore.com/belarus-germany/lUbsTUb#id:8079040,germany,miss,No information,assisted,17.1,29.9,0,right-foot,close-left,0,56.6,29.2,No information,No information,20,No information,1191,29.9,17.1,43.4,0,43.4,70.8,26,1509,shot
timo-werner,https://www.sofascore.com/belarus-germany/lUbsTUb#id:8079040,germany,miss,No information,assisted,15.2,72,0,right-foot,high,0,46.9,77.8,No information,No information,19,No information,1100,72,15.2,53.1,0,53.1,22.2,27,1600,shot
toni-kroos,https://www.sofascore.com/belarus-germany/lUbsTUb#id:8079040,germany,save,No information,assisted,18.1,34.8,0,left-foot,low-centre,0,48.7,5.1,No information,No information,18,No information,1038,34.8,18.1,51.3,0,51.3,94.9,28,1662,shot
lukas-klostermann,https://www.sofascore.com/belarus-germany/lUbsTUb#id:8079040,germany,miss,No information,corner,26.1,62.7,0,right-foot,high-left,0,56.6,61.1,No information,No information,15,No information,891,62.7,26.1,43.4,0,43.4,38.9,31,1809,shot
matthias-ginter,https://www.sofascore.com/belarus-germany/lUbsTUb#id:8079040,germany,save,No information,assisted,13,74.2,0,right-foot,low-left,0,53.6,8.9,No information,No information,15,No information,859,74.2,13,46.4,0,46.4,91.1,31,1841,shot
serge-gnabry,https://www.sofascore.com/belarus-germany/lUbsTUb#id:8079040,germany,block,No information,assisted,15.5,43.9,0,right-foot,No information,No information,No information,No information,No information,No information,12,No information,710,43.9,15.5,No information,No information,No information,No information,34,1990,shot
timo-werner,https://www.sofascore.com/belarus-germany/lUbsTUb#id:8079040,germany,miss,No information,assisted,13.1,57.6,0,head,left,0,59.8,4.2,No information,No information,12,No information,691,57.6,13.1,40.2,0,40.2,95.8,34,2009,shot
joshua-kimmich,https://www.sofascore.com/belarus-germany/lUbsTUb#id:8079040,germany,miss,No information,corner,25.7,38.8,0,right-foot,high-right,0,38,83.3,No information,No information,10,No information,596,38.8,25.7,62,0,62,16.7,36,2104,shot
toni-kroos,https://www.sofascore.com/belarus-germany/lUbsTUb#id:8079040,germany,block,No information,assisted,24.7,31.6,0,right-foot,No information,No information,No information,No information,No information,No information,10,No information,569,31.6,24.7,No information,No information,No information,No information,36,2131,shot
ilkay-gundogan,https://www.sofascore.com/belarus-germany/lUbsTUb#id:8079040,germany,block,No information,assisted,12.8,60.9,0,right-foot,No information,No information,No information,No information,No information,No information,7,No information,369,60.9,12.8,No information,No information,No information,No information,39,2331,shot
leon-goretzka,https://www.sofascore.com/belarus-germany/lUbsTUb#id:8079040,germany,miss,No information,assisted,11.8,55.5,0,head,high-right,0,39.7,63.9,No information,No information,3,No information,168,55.5,11.8,60.3,0,60.3,36.1,43,2532,shot
timo-werner,https://www.sofascore.com/belarus-germany/lUbsTUb#id:8079040,germany,block,No information,corner,9.6,67.3,0,right-foot,No information,No information,No information,No information,No information,No information,2,No information,66,67.3,9.6,No information,No information,No information,No information,44,2634,shot

leroy-sane,https://www.sofascore.com/germany-france/GObslUb#id:8513114,germany,miss,No information,free-kick,22.2,71.7,0,left-foot,high,0,45.4,63.9,No information,No information,88,No information,5246,71.7,22.2,54.6,0,54.6,36.1,3,154,shot
antonio-rudiger,https://www.sofascore.com/germany-france/GObslUb#id:8513114,germany,save,No information,corner,11.2,43.9,0,head,high-left,0,52.4,28.5,No information,No information,70,No information,4144,43.9,11.2,47.6,0,47.6,71.5,21,1256,shot
karim-benzema,https://www.sofascore.com/germany-france/GObslUb#id:8513114,france,block,No information,assisted,15.2,36.3,0,right-foot,low-centre,0,51,19,No information,No information,65,No information,3898,36.3,15.2,49,0,49,81,26,1502,shot
thomas-muller,https://www.sofascore.com/germany-france/GObslUb#id:8513114,germany,block,No information,assisted,11.9,58.1,0,right-foot,low-left,0,53.9,19,No information,No information,56,No information,3349,58.1,11.9,46.1,0,46.1,81,35,2051,shot
serge-gnabry,https://www.sofascore.com/germany-france/GObslUb#id:8513114,germany,miss,No information,assisted,10.1,58.1,0,right-foot,close-high,0,51.9,50,No information,No information,54,No information,3198,58.1,10.1,48.1,0,48.1,50,37,2202,shot
adrien-rabiot,https://www.sofascore.com/germany-france/GObslUb#id:8513114,france,post,No information,assisted,6.8,33.6,0,left-foot,left,0,55.4,19,No information,No information,52,No information,3083,33.6,6.8,44.6,0,44.6,81,39,2317,shot
kai-havertz,https://www.sofascore.com/germany-france/GObslUb#id:8513114,germany,block,No information,assisted,10.5,65.5,0,left-foot,low-right,0,47,19,No information,No information,42,No information,2477,65.5,10.5,53,0,53,81,4,223,shot
ilkay-gundogan,https://www.sofascore.com/germany-france/GObslUb#id:8513114,germany,miss,No information,assisted,11.4,44.5,0,right-foot,right,0,40.5,9.7,No information,No information,38,No information,2234,44.5,11.4,59.5,0,59.5,90.3,8,466,shot
toni-kroos,https://www.sofascore.com/germany-france/GObslUb#id:8513114,germany,miss,No information,free-kick,26.8,53.6,0,right-foot,high-right,0,41.5,63.9,No information,No information,27,No information,1611,53.6,26.8,58.5,0,58.5,36.1,19,1089,shot
toni-kroos,https://www.sofascore.com/germany-france/GObslUb#id:8513114,germany,block,No information,free-kick,22.6,41.5,0,right-foot,low-centre,0,50.2,19,No information,No information,25,No information,1466,41.5,22.6,49.8,0,49.8,81,21,1234,shot
thomas-muller,https://www.sofascore.com/germany-france/GObslUb#id:8513114,germany,miss,No information,assisted,5.1,41.7,0,head,right,0,36.8,5.6,No information,No information,22,No information,1311,41.7,5.1,63.2,0,63.2,94.4,24,1389,shot
mats-hummels,https://www.sofascore.com/germany-france/GObslUb#id:8513114,france,goal,own,regular,6.7,48.9,0,right-foot,high-left,0,53.7,29.1,No information,No information,20,No information,1181,48.9,6.7,46.3,0,46.3,70.9,26,1519,shot
kylian-mbappe,https://www.sofascore.com/germany-france/GObslUb#id:8513114,france,save,No information,assisted,13.9,32.3,0,right-foot,low-right,0,48,10.8,No information,No information,17,No information,997,32.3,13.9,52,0,52,89.2,29,1703,shot
paul-pogba,https://www.sofascore.com/germany-france/GObslUb#id:8513114,france,miss,No information,corner,6,50.3,0,head,high,0,51.1,62.5,No information,No information,16,No information,927,50.3,6,48.9,0,48.9,37.5,30,1773,shot
mats-hummels,https://www.sofascore.com/germany-france/GObslUb#id:8513114,germany,miss,No information,set-piece,8,43.5,0,head,high,0,51.6,86.1,No information,No information,4,No information,185,43.5,8,48.4,0,48.4,13.9,42,2515,shot

lukas-nmecha,https://www.sofascore.com/armenia-germany/lUbsPUb#id:9223963,germany,block,No information,assisted,19.3,62.4,0,right-foot,low-centre,0,50.8,19,No information,No information,86,No information,5155,62.4,19.3,49.2,0,49.2,81,5,245,shot
lukas-nmecha,https://www.sofascore.com/armenia-germany/lUbsPUb#id:9223963,germany,miss,No information,assisted,8,69.7,0,right-foot,close-left,0,58.8,4.2,No information,No information,83,No information,4962,69.7,8,41.2,0,41.2,95.8,8,438,shot
kevin-volland,https://www.sofascore.com/armenia-germany/lUbsPUb#id:9223963,germany,block,No information,assisted,5.2,39.4,0,left-foot,low-left,0,52.3,19,No information,No information,80,No information,4756,39.4,5.2,47.7,0,47.7,81,11,644,shot
maximilian-arnold,https://www.sofascore.com/armenia-germany/lUbsPUb#id:9223963,germany,save,No information,assisted,20.2,42.7,0,left-foot,low-centre,0,51.3,5.1,No information,No information,80,No information,4751,42.7,20.2,48.7,0,48.7,94.9,11,649,shot
kevin-volland,https://www.sofascore.com/armenia-germany/lUbsPUb#id:9223963,germany,miss,No information,corner,8.4,39.8,0,left-foot,close-left,0,58.5,8.3,No information,No information,76,No information,4507,39.8,8.4,41.5,0,41.5,91.7,15,893,shot
julian-brandt,https://www.sofascore.com/armenia-germany/lUbsPUb#id:9223963,germany,block,No information,assisted,20.7,39.8,0,right-foot,low-left,0,52,19,No information,No information,73,No information,4327,39.8,20.7,48,0,48,81,18,1073,shot
florian-neuhaus,https://www.sofascore.com/armenia-germany/lUbsPUb#id:9223963,germany,save,No information,assisted,22.8,53.4,0,right-foot,low-centre,0,50.8,11.4,No information,No information,72,No information,4269,53.4,22.8,49.2,0,49.2,88.6,19,1131,shot
jonas-hofmann,https://www.sofascore.com/armenia-germany/lUbsPUb#id:9223963,germany,goal,regular,regular,14.1,61.3,0,right-foot,low-right,0,45.9,0.6,No information,No information,64,No information,3831,61.3,14.1,54.1,0,54.1,99.4,27,1569,shot
kai-havertz,https://www.sofascore.com/armenia-germany/lUbsPUb#id:9223963,germany,miss,No information,assisted,15.4,70.7,0,left-foot,right,0,40.5,4.2,No information,No information,61,No information,3658,70.7,15.4,59.5,0,59.5,95.8,30,1742,shot
henrikh-mkhitaryan,https://www.sofascore.com/armenia-germany/lUbsPUb#id:9223963,armenia,goal,penalty,penalty,11.5,50,0,right-foot,high-centre,0,49.7,21.5,No information,No information,59,No information,3516,50,11.5,50.3,0,50.3,78.5,32,1884,shot
khoren-bayramyan,https://www.sofascore.com/armenia-germany/lUbsPUb#id:9223963,armenia,miss,No information,corner,4.3,32.5,0,left-foot,close-left,0,56.8,18.1,No information,No information,56,No information,3327,32.5,4.3,43.2,0,43.2,81.9,35,2073,shot
zhirayr-margaryan,https://www.sofascore.com/armenia-germany/lUbsPUb#id:9223963,armenia,block,No information,assisted,17.2,35.7,0,left-foot,low-centre,0,49.3,19,No information,No information,55,No information,3293,35.7,17.2,50.7,0,50.7,81,36,2107,shot
thilo-kehrer,https://www.sofascore.com/armenia-germany/lUbsPUb#id:9223963,germany,miss,No information,corner,14,53.6,0,head,left,0,67.2,13.9,No information,No information,54,No information,3218,53.6,14,32.8,0,32.8,86.1,37,2182,shot
ilkay-gundogan,https://www.sofascore.com/armenia-germany/lUbsPUb#id:9223963,germany,goal,regular,assisted,20.9,46.2,0,right-foot,low-left,0,52.1,3.2,No information,No information,50,No information,2991,46.2,20.9,47.9,0,47.9,96.8,41,2409,shot
kai-havertz,https://www.sofascore.com/armenia-germany/lUbsPUb#id:9223963,germany,miss,No information,assisted,14,65.3,0,left-foot,left,0,62.4,23.6,No information,No information,47,No information,2797,65.3,14,37.6,0,37.6,76.4,44,2603,shot
ilkay-gundogan,https://www.sofascore.com/armenia-germany/lUbsPUb#id:9223963,germany,goal,penalty,penalty,11.5,50,0,right-foot,low-right,0,46,1.3,No information,No information,45,4,2893,50,11.5,54,0,54,98.7,1,2507,shot
thilo-kehrer,https://www.sofascore.com/armenia-germany/lUbsPUb#id:9223963,germany,block,No information,corner,9.7,43.4,0,head,low-centre,0,48.2,19,No information,No information,35,No information,2096,43.4,9.7,51.8,0,51.8,81,11,604,shot
leroy-sane,https://www.sofascore.com/armenia-germany/lUbsPUb#id:9223963,germany,miss,No information,free-kick,30.6,59.6,0,left-foot,high,0,44.2,66.7,No information,No information,29,No information,1719,59.6,30.6,55.8,0,55.8,33.3,17,981,shot
eduard-spertsyan,https://www.sofascore.com/armenia-germany/lUbsPUb#id:9223963,armenia,miss,No information,assisted,13.9,56.6,0,right-foot,close-high-right,0,43.5,51.4,No information,No information,27,No information,1593,56.6,13.9,56.5,0,56.5,48.6,19,1107,shot
leroy-sane,https://www.sofascore.com/armenia-germany/lUbsPUb#id:9223963,germany,save,No information,assisted,14.2,62.7,0,left-foot,low-left,0,52.9,1.9,No information,No information,26,No information,1505,62.7,14.2,47.1,0,47.1,98.1,20,1195,shot
leroy-sane,https://www.sofascore.com/armenia-germany/lUbsPUb#id:9223963,germany,save,No information,assisted,7.5,41.2,0,left-foot,low-right,0,48.1,3.8,No information,No information,23,No information,1329,41.2,7.5,51.9,0,51.9,96.2,23,1371,shot
kai-havertz,https://www.sofascore.com/armenia-germany/lUbsPUb#id:9223963,germany,save,No information,corner,6.5,55.7,0,head,low-right,0,47.4,7.6,No information,No information,21,No information,1209,55.7,6.5,52.6,0,52.6,92.4,25,1491,shot
kai-havertz,https://www.sofascore.com/armenia-germany/lUbsPUb#id:9223963,germany,goal,regular,assisted,3.8,56.3,0,left-foot,low-left,0,53.3,10.1,No information,No information,15,No information,876,56.3,3.8,46.7,0,46.7,89.9,31,1824,shot
kai-havertz,https://www.sofascore.com/armenia-germany/lUbsPUb#id:9223963,germany,post,No information,fast-break,6.5,43.1,0,right-foot,left,0,55.5,15.8,No information,No information,5,No information,252,43.1,6.5,44.5,0,44.5,84.2,41,2448,shot

niklas-sule,https://www.sofascore.com/japan-germany/lUbsvVb#id:10230562,germany,block,No information,set-piece,3.4,39.6,0,right-foot,low-left,0,53.1,19,No information,No information,90,8,5837,39.6,3.4,46.9,0,46.9,81,1,463,shot
leon-goretzka,https://www.sofascore.com/japan-germany/lUbsvVb#id:10230562,germany,miss,No information,regular,18.9,51.5,0,right-foot,close-left,0,58,1.4,No information,No information,90,5,5683,51.5,18.9,42,0,42,98.6,1,617,shot
antonio-rudiger,https://www.sofascore.com/japan-germany/lUbsvVb#id:10230562,germany,miss,No information,assisted,30.1,48.5,0,right-foot,left,0,60,4.2,No information,No information,90,4,5630,48.5,30.1,40,0,40,95.8,1,670,shot
niclas-fullkrug,https://www.sofascore.com/japan-germany/lUbsvVb#id:10230562,germany,miss,No information,assisted,13,51.3,0,head,close-right,0,41.7,19.4,No information,No information,90,No information,5355,51.3,13,58.3,0,58.3,80.6,1,45,shot
takuma-asano,https://www.sofascore.com/japan-germany/lUbsvVb#id:10230562,japan,goal,regular,assisted,2.3,62.9,0,right-foot,high-right,0,46.1,20.3,No information,No information,83,No information,4962,62.9,2.3,53.9,0,53.9,79.7,8,438,shot
antonio-rudiger,https://www.sofascore.com/japan-germany/lUbsvVb#id:10230562,germany,miss,No information,corner,4,49.7,0,head,high,0,49.4,70.8,No information,No information,80,No information,4786,49.7,4,50.6,0,50.6,29.2,11,614,shot
ritsu-doan,https://www.sofascore.com/japan-germany/lUbsvVb#id:10230562,japan,goal,regular,regular,7.5,52,0,left-foot,low-centre,0,51.6,18.4,No information,No information,75,No information,4486,52,7.5,48.4,0,48.4,81.6,16,914,shot
takumi-minamino,https://www.sofascore.com/japan-germany/lUbsvVb#id:10230562,japan,save,No information,regular,6.7,29.9,0,left-foot,low-right,0,47.6,0.6,No information,No information,75,No information,4484,29.9,6.7,52.4,0,52.4,99.4,16,916,shot
hiroki-sakai,https://www.sofascore.com/japan-germany/lUbsvVb#id:10230562,japan,miss,No information,regular,4.8,56.7,0,right-foot,close-high,0,48.6,59.7,No information,No information,73,No information,4360,56.7,4.8,51.4,0,51.4,40.3,18,1040,shot
junya-ito,https://www.sofascore.com/japan-germany/lUbsvVb#id:10230562,japan,save,No information,assisted,10,42.1,0,right-foot,low-right,0,47.1,10.8,No information,No information,73,No information,4359,42.1,10,52.9,0,52.9,89.2,18,1041,shot
serge-gnabry,https://www.sofascore.com/japan-germany/lUbsvVb#id:10230562,germany,save,No information,regular,2.6,61.4,0,right-foot,low-right,0,45.9,1.9,No information,No information,71,No information,4204,61.4,2.6,54.1,0,54.1,98.1,20,1196,shot
serge-gnabry,https://www.sofascore.com/japan-germany/lUbsvVb#id:10230562,germany,save,No information,assisted,8.4,54.6,0,head,low-right,0,46.4,13.3,No information,No information,71,No information,4202,54.6,8.4,53.6,0,53.6,86.7,20,1198,shot
serge-gnabry,https://www.sofascore.com/japan-germany/lUbsvVb#id:10230562,germany,save,No information,assisted,15.4,71.9,0,left-foot,low-centre,0,51.8,11.4,No information,No information,70,No information,4191,71.9,15.4,48.2,0,48.2,88.6,21,1209,shot
jonas-hofmann,https://www.sofascore.com/japan-germany/lUbsvVb#id:10230562,germany,save,No information,assisted,9.8,62.7,0,right-foot,low-centre,0,48.8,3.8,No information,No information,70,No information,4186,62.7,9.8,51.2,0,51.2,96.2,21,1214,shot
takuma-asano,https://www.sofascore.com/japan-germany/lUbsvVb#id:10230562,japan,block,No information,assisted,7.5,63.9,0,right-foot,low-centre,0,49.2,19,No information,No information,68,No information,4071,63.9,7.5,50.8,0,50.8,81,23,1329,shot
ko-itakura,https://www.sofascore.com/japan-germany/lUbsvVb#id:10230562,japan,block,No information,corner,8.7,65.1,0,head,low-left,0,53.7,19,No information,No information,67,No information,3962,65.1,8.7,46.3,0,46.3,81,24,1438,shot
takuma-asano,https://www.sofascore.com/japan-germany/lUbsvVb#id:10230562,japan,block,No information,assisted,11.7,32.2,0,left-foot,low-centre,0,51.4,19,No information,No information,66,No information,3929,32.2,11.7,48.6,0,48.6,81,25,1471,shot
takuma-asano,https://www.sofascore.com/japan-germany/lUbsvVb#id:10230562,japan,miss,No information,assisted,12,28.7,0,left-foot,high-right,0,35.8,51.4,No information,No information,61,No information,3617,28.7,12,64.2,0,64.2,48.6,30,1783,shot
ilkay-gundogan,https://www.sofascore.com/japan-germany/lUbsvVb#id:10230562,germany,post,No information,assisted,15.4,50.5,0,right-foot,right,0,44.5,4.4,No information,No information,60,No information,3553,50.5,15.4,55.5,0,55.5,95.6,31,1847,shot
takuma-asano,https://www.sofascore.com/japan-germany/lUbsvVb#id:10230562,japan,miss,No information,assisted,4,62,0,head,right,0,39,33.3,No information,No information,58,No information,3426,62,4,61,0,61,66.7,33,1974,shot
jamal-musiala,https://www.sofascore.com/japan-germany/lUbsvVb#id:10230562,germany,miss,No information,assisted,12.4,53.6,0,right-foot,high,0,52.3,69.4,No information,No information,51,No information,3045,53.6,12.4,47.7,0,47.7,30.6,40,2355,shot
daichi-kamada,https://www.sofascore.com/japan-germany/lUbsvVb#id:10230562,japan,block,No information,assisted,14.4,62.3,0,right-foot,low-centre,0,49.9,19,No information,No information,50,No information,2980,62.3,14.4,50.1,0,50.1,81,41,2420,shot
serge-gnabry,https://www.sofascore.com/japan-germany/lUbsvVb#id:10230562,germany,post,No information,assisted,11.1,74.4,0,right-foot,right,0,44.4,38,No information,No information,47,No information,2794,74.4,11.1,55.6,0,55.6,62,44,2606,shot
daizen-maeda,https://www.sofascore.com/japan-germany/lUbsvVb#id:10230562,japan,miss,No information,assisted,9.8,47,0,head,close-right,0,41.5,6.9,No information,No information,45,6,3028,47,9.8,58.5,0,58.5,93.1,1,2372,shot
serge-gnabry,https://www.sofascore.com/japan-germany/lUbsvVb#id:10230562,germany,miss,No information,regular,5.1,35.7,0,left-foot,right,0,36.3,2.8,No information,No information,45,4,2915,35.7,5.1,63.7,0,63.7,97.2,1,2485,shot
joshua-kimmich,https://www.sofascore.com/japan-germany/lUbsvVb#id:10230562,germany,save,No information,regular,18.1,49.1,0,left-foot,low-left,0,53.4,1.3,No information,No information,45,4,2913,49.1,18.1,46.6,0,46.6,98.7,1,2487,shot
jamal-musiala,https://www.sofascore.com/japan-germany/lUbsvVb#id:10230562,germany,miss,No information,assisted,16.1,52.8,0,right-foot,high,0,54.1,70.8,No information,No information,45,No information,2669,52.8,16.1,45.9,0,45.9,29.2,1,31,shot
joshua-kimmich,https://www.sofascore.com/japan-germany/lUbsvVb#id:10230562,germany,miss,No information,assisted,25.6,51.5,0,right-foot,high,0,48.7,72.2,No information,No information,42,No information,2465,51.5,25.6,51.3,0,51.3,27.8,4,235,shot
ilkay-gundogan,https://www.sofascore.com/japan-germany/lUbsvVb#id:10230562,germany,save,No information,assisted,26.1,49.1,0,right-foot,low-left,0,53.9,6.3,No information,No information,41,No information,2437,49.1,26.1,46.1,0,46.1,93.7,5,263,shot
jamal-musiala,https://www.sofascore.com/japan-germany/lUbsvVb#id:10230562,germany,block,No information,assisted,10.2,33,0,right-foot,low-centre,0,48.9,6.9,No information,No information,38,No information,2267,33,10.2,51.1,0,51.1,93.1,8,433,shot
serge-gnabry,https://www.sofascore.com/japan-germany/lUbsvVb#id:10230562,germany,block,No information,assisted,24.9,54.2,0,left-foot,low-centre,0,49.8,19,No information,No information,38,No information,2252,54.2,24.9,50.2,0,50.2,81,8,448,shot
ilkay-gundogan,https://www.sofascore.com/japan-germany/lUbsvVb#id:10230562,germany,goal,penalty,penalty,11.5,50,0,right-foot,low-centre,0,51,5.1,No information,No information,33,No information,1956,50,11.5,49,0,49,94.9,13,744,shot
ilkay-gundogan,https://www.sofascore.com/japan-germany/lUbsvVb#id:10230562,germany,block,No information,regular,13,46.4,0,right-foot,low-left,0,52.1,4.2,No information,No information,29,No information,1719,46.4,13,47.9,0,47.9,95.8,17,981,shot
ilkay-gundogan,https://www.sofascore.com/japan-germany/lUbsvVb#id:10230562,germany,save,No information,assisted,25.5,50.7,0,right-foot,low-centre,0,49,7,No information,No information,28,No information,1650,50.7,25.5,51,0,51,93,18,1050,shot
ilkay-gundogan,https://www.sofascore.com/japan-germany/lUbsvVb#id:10230562,germany,block,No information,assisted,21.9,34.6,0,right-foot,high-right,0,46.6,20.8,No information,No information,26,No information,1553,34.6,21.9,53.4,0,53.4,79.2,20,1147,shot
joshua-kimmich,https://www.sofascore.com/japan-germany/lUbsvVb#id:10230562,germany,save,No information,regular,22.7,45,0,right-foot,high-left,0,52.4,21.5,No information,No information,20,No information,1189,45,22.7,47.6,0,47.6,78.5,26,1511,shot
antonio-rudiger,https://www.sofascore.com/japan-germany/lUbsvVb#id:10230562,germany,miss,No information,corner,11,60.8,0,head,close-right,0,43,13.9,No information,No information,16,No information,959,60.8,11,57,0,57,86.1,30,1741,shot
joshua-kimmich,https://www.sofascore.com/japan-germany/lUbsvVb#id:10230562,germany,block,No information,assisted,25.3,34.5,0,right-foot,low-left,0,53.1,19,No information,No information,14,No information,798,34.5,25.3,46.9,0,46.9,81,32,1902,shot

andre-silva,https://www.sofascore.com/germany-portugal/eUbslUb#id:8513113,portugal,block,No information,assisted,9.4,67,0,right-foot,low-right,0,46.5,19,No information,No information,90,4,5593,67,9.4,53.5,0,53.5,81,1,707,shot
marcel-halstenberg,https://www.sofascore.com/germany-portugal/eUbslUb#id:8513113,germany,miss,No information,regular,2,27.2,0,left-foot,high,0,49.4,76.4,No information,No information,90,2,5473,27.2,2,50.6,0,50.6,23.6,1,827,shot
leon-goretzka,https://www.sofascore.com/germany-portugal/eUbslUb#id:8513113,germany,post,No information,fast-break,16.2,59.8,0,right-foot,high,0,50.6,41.1,No information,No information,83,No information,4941,59.8,16.2,49.4,0,49.4,58.9,8,459,shot
renato-sanches,https://www.sofascore.com/germany-portugal/eUbslUb#id:8513113,portugal,post,No information,corner,21.9,30.5,0,right-foot,left,0,55.5,25.3,No information,No information,79,No information,4680,30.5,21.9,44.5,0,44.5,74.7,12,720,shot
diogo-jota,https://www.sofascore.com/germany-portugal/eUbslUb#id:8513113,portugal,goal,regular,set-piece,0.40000000000001,47.8,0,right-foot,low-left,0,51.9,16.5,No information,No information,67,No information,3969,47.8,0.40000000000001,48.1,0,48.1,83.5,24,1431,shot
robin-gosens,https://www.sofascore.com/germany-portugal/eUbslUb#id:8513113,germany,goal,regular,assisted,3.3,46.7,0,head,high-left,0,52.6,24.1,No information,No information,60,No information,3584,46.7,3.3,47.4,0,47.4,75.9,31,1816,shot
cristiano-ronaldo,https://www.sofascore.com/germany-portugal/eUbslUb#id:8513113,portugal,miss,No information,free-kick,26.2,28.7,0,right-foot,high,0,46.1,61.1,No information,No information,54,No information,3203,28.7,26.2,53.9,0,53.9,38.9,37,2197,shot
kai-havertz,https://www.sofascore.com/germany-portugal/eUbslUb#id:8513113,germany,goal,regular,assisted,4.1,51,0,right-foot,low-right,0,47,4.4,No information,No information,51,No information,3015,51,4.1,53,0,53,95.6,40,2385,shot
serge-gnabry,https://www.sofascore.com/germany-portugal/eUbslUb#id:8513113,germany,save,No information,fast-break,12.7,36.7,0,left-foot,low-centre,0,49.6,12,No information,No information,45,3,2863,36.7,12.7,50.4,0,50.4,88,1,2537,shot
robin-gosens,https://www.sofascore.com/germany-portugal/eUbslUb#id:8513113,germany,save,No information,assisted,7.3,29.7,0,left-foot,low-centre,0,48.3,13.9,No information,No information,44,No information,2626,29.7,7.3,51.7,0,51.7,86.1,2,74,shot
kai-havertz,https://www.sofascore.com/germany-portugal/eUbslUb#id:8513113,germany,block,No information,regular,9.3,66.3,0,right-foot,low-centre,0,48.7,19,No information,No information,40,No information,2393,66.3,9.3,51.3,0,51.3,81,6,307,shot
raphael-guerreiro,https://www.sofascore.com/germany-portugal/eUbslUb#id:8513113,germany,goal,own,regular,2.6,50.7,0,left-foot,low-centre,0,51,17.7,No information,No information,39,No information,2300,50.7,2.6,49,0,49,82.3,7,400,shot
kai-havertz,https://www.sofascore.com/germany-portugal/eUbslUb#id:8513113,germany,miss,No information,assisted,4.3,49.3,0,left-foot,right,0,35.8,6.9,No information,No information,39,No information,2298,49.3,4.3,64.2,0,64.2,93.1,7,402,shot
ruben-dias,https://www.sofascore.com/germany-portugal/eUbslUb#id:8513113,germany,goal,own,regular,6.7,48,0,left-foot,low-right,0,47.3,6.3,No information,No information,35,No information,2062,48,6.7,52.7,0,52.7,93.7,11,638,shot
diogo-jota,https://www.sofascore.com/germany-portugal/eUbslUb#id:8513113,portugal,miss,No information,set-piece,8.7,50,0,head,high,0,51.9,88.9,No information,No information,28,No information,1641,50,8.7,48.1,0,48.1,11.1,18,1059,shot
diogo-jota,https://www.sofascore.com/germany-portugal/eUbslUb#id:8513113,portugal,block,No information,assisted,24.2,37.5,0,right-foot,low-left,0,52.2,19,No information,No information,22,No information,1279,37.5,24.2,47.8,0,47.8,81,24,1421,shot
robin-gosens,https://www.sofascore.com/germany-portugal/eUbslUb#id:8513113,germany,save,No information,assisted,11.8,26.2,0,left-foot,low-centre,0,50.5,0.6,No information,No information,18,No information,1041,26.2,11.8,49.5,0,49.5,99.4,28,1659,shot
cristiano-ronaldo,https://www.sofascore.com/germany-portugal/eUbslUb#id:8513113,portugal,goal,regular,fast-break,3.7,51.8,0,left-foot,low-centre,0,49.8,1.9,No information,No information,15,No information,859,51.8,3.7,50.2,0,50.2,98.1,31,1841,shot
thomas-muller,https://www.sofascore.com/germany-portugal/eUbslUb#id:8513113,germany,save,No information,assisted,23.6,65.2,0,right-foot,low-centre,0,50.9,10.1,No information,No information,13,No information,757,65.2,23.6,49.1,0,49.1,89.9,33,1943,shot
toni-kroos,https://www.sofascore.com/germany-portugal/eUbslUb#id:8513113,germany,block,No information,assisted,14.8,42.9,0,right-foot,low-centre,0,49.3,19,No information,No information,12,No information,672,42.9,14.8,50.7,0,50.7,81,34,2028,shot
kai-havertz,https://www.sofascore.com/germany-portugal/eUbslUb#id:8513113,germany,save,No information,assisted,22.7,46.7,0,left-foot,low-right,0,46.8,3.8,No information,No information,10,No information,542,46.7,22.7,53.2,0,53.2,96.2,36,2158,shot

joshua-kimmich,https://www.sofascore.com/germany-italy/hUbslUb#id:10023354,germany,miss,No information,regular,50.9,48.8,0,right-foot,left,0,69.7,23.6,No information,No information,90,5,5650,48.8,50.9,30.3,0,30.3,76.4,1,650,shot
alessandro-bastoni,https://www.sofascore.com/germany-italy/hUbslUb#id:10023354,italy,goal,regular,corner,5.4,59.8,0,head,low-right,0,46.1,17.1,No information,No information,90,4,5600,59.8,5.4,53.9,0,53.9,82.9,1,700,shot
federico-dimarco,https://www.sofascore.com/germany-italy/hUbslUb#id:10023354,italy,save,No information,set-piece,22.5,76.4,0,left-foot,high-left,0,52.7,31,No information,No information,90,2,5515,76.4,22.5,47.3,0,47.3,69,1,785,shot
anton-stach,https://www.sofascore.com/germany-italy/hUbslUb#id:10023354,germany,miss,No information,assisted,10.5,41.8,0,right-foot,close-left,0,56.6,5.6,No information,No information,90,No information,5388,41.8,10.5,43.4,0,43.4,94.4,1,12,shot
davide-calabria,https://www.sofascore.com/germany-italy/hUbslUb#id:10023354,italy,save,No information,assisted,12.4,74.1,0,left-foot,low-centre,0,48.9,6.3,No information,No information,86,No information,5120,74.1,12.4,51.1,0,51.1,93.7,5,280,shot
jamal-musiala,https://www.sofascore.com/germany-italy/hUbslUb#id:10023354,germany,block,No information,assisted,21,47.1,0,right-foot,low-centre,0,50.6,19,No information,No information,84,No information,5038,47.1,21,49.4,0,49.4,81,7,362,shot
wilfried-gnonto,https://www.sofascore.com/germany-italy/hUbslUb#id:10023354,italy,goal,regular,regular,5.3,57.5,0,left-foot,low-right,0,47.1,1.3,No information,No information,78,No information,4653,57.5,5.3,52.9,0,52.9,98.7,13,747,shot
federico-dimarco,https://www.sofascore.com/germany-italy/hUbslUb#id:10023354,italy,save,No information,assisted,11.7,23.7,0,left-foot,low-right,0,48.1,2.5,No information,No information,78,No information,4651,23.7,11.7,51.9,0,51.9,97.5,13,749,shot
timo-werner,https://www.sofascore.com/germany-italy/hUbslUb#id:10023354,germany,goal,regular,assisted,11.1,50.9,0,left-foot,low-left,0,52.2,4.4,No information,No information,69,No information,4121,50.9,11.1,47.8,0,47.8,95.6,22,1279,shot
timo-werner,https://www.sofascore.com/germany-italy/hUbslUb#id:10023354,germany,goal,regular,assisted,5.4,52.2,0,right-foot,high-centre,0,50,20.9,No information,No information,68,No information,4030,52.2,5.4,50,0,50,79.1,23,1370,shot
ilkay-gundogan,https://www.sofascore.com/germany-italy/hUbslUb#id:10023354,germany,block,No information,assisted,17.1,43.1,0,right-foot,low-right,0,46.4,19,No information,No information,67,No information,3970,43.1,17.1,53.6,0,53.6,81,24,1430,shot
nicolo-barella,https://www.sofascore.com/germany-italy/hUbslUb#id:10023354,italy,miss,No information,assisted,14.7,68.8,0,right-foot,high,0,50.1,70.8,No information,No information,63,No information,3760,68.8,14.7,49.9,0,49.9,29.2,28,1640,shot
timo-werner,https://www.sofascore.com/germany-italy/hUbslUb#id:10023354,germany,save,No information,assisted,11.8,40.6,0,right-foot,low-centre,0,49.9,3.2,No information,No information,60,No information,3582,40.6,11.8,50.1,0,50.1,96.8,31,1818,shot
timo-werner,https://www.sofascore.com/germany-italy/hUbslUb#id:10023354,germany,miss,No information,corner,7.7,72,0,right-foot,left,0,96.6,23.6,No information,No information,56,No information,3357,72,7.7,3.4,0,3.4,76.4,35,2043,shot
gianluca-caprari,https://www.sofascore.com/germany-italy/hUbslUb#id:10023354,italy,block,No information,assisted,18.4,41.1,0,right-foot,low-centre,0,49.9,19,No information,No information,55,No information,3241,41.1,18.4,50.1,0,50.1,81,36,2159,shot
thomas-muller,https://www.sofascore.com/germany-italy/hUbslUb#id:10023354,germany,goal,regular,regular,15.9,56.3,0,right-foot,low-right,0,47.7,15.2,No information,No information,51,No information,3037,56.3,15.9,52.3,0,52.3,84.8,40,2363,shot
bryan-cristante,https://www.sofascore.com/germany-italy/hUbslUb#id:10023354,italy,miss,No information,assisted,23.4,60.3,0,right-foot,high-right,0,43.5,72.2,No information,No information,48,No information,2830,60.3,23.4,56.5,0,56.5,27.8,43,2570,shot
davide-calabria,https://www.sofascore.com/germany-italy/hUbslUb#id:10023354,italy,block,No information,regular,11,59.9,0,left-foot,low-right,0,47.5,19,No information,No information,47,No information,2808,59.9,11,52.5,0,52.5,81,44,2592,shot
giorgio-scalvini,https://www.sofascore.com/germany-italy/hUbslUb#id:10023354,italy,miss,No information,corner,5.9,57.7,0,head,high-right,0,40.3,44.4,No information,No information,47,No information,2776,57.7,5.9,59.7,0,59.7,55.6,44,2624,shot
bryan-cristante,https://www.sofascore.com/germany-italy/hUbslUb#id:10023354,italy,miss,No information,regular,18.5,49.4,0,left-foot,close-right,0,40.8,9.7,No information,No information,46,No information,2733,49.4,18.5,59.2,0,59.2,90.3,45,2667,shot
ilkay-gundogan,https://www.sofascore.com/germany-italy/hUbslUb#id:10023354,germany,goal,penalty,penalty,11.5,50,0,right-foot,high-centre,0,49,26.6,No information,No information,45,4,2888,50,11.5,51,0,51,73.4,1,2512,shot
thomas-muller,https://www.sofascore.com/germany-italy/hUbslUb#id:10023354,germany,block,No information,corner,5.9,62.7,0,head,low-left,0,53.9,19,No information,No information,42,No information,2481,62.7,5.9,46.1,0,46.1,81,4,219,shot
timo-werner,https://www.sofascore.com/germany-italy/hUbslUb#id:10023354,germany,save,No information,fast-break,12.2,63.4,0,right-foot,high-right,0,48,23.4,No information,No information,40,No information,2378,63.4,12.2,52,0,52,76.6,6,322,shot
leroy-sane,https://www.sofascore.com/germany-italy/hUbslUb#id:10023354,germany,save,No information,assisted,15.1,49.1,0,left-foot,low-centre,0,50.3,16.5,No information,No information,39,No information,2316,49.1,15.1,49.7,0,49.7,83.5,7,384,shot
nicolo-barella,https://www.sofascore.com/germany-italy/hUbslUb#id:10023354,italy,miss,No information,assisted,14.8,57.8,0,right-foot,high,0,45.7,91.7,No information,No information,35,No information,2069,57.8,14.8,54.3,0,54.3,8.3,11,631,shot
jonas-hofmann,https://www.sofascore.com/germany-italy/hUbslUb#id:10023354,germany,save,No information,assisted,9.2,65.2,0,right-foot,low-centre,0,50.2,1.3,No information,No information,33,No information,1929,65.2,9.2,49.8,0,49.8,98.7,13,771,shot
bryan-cristante,https://www.sofascore.com/germany-italy/hUbslUb#id:10023354,italy,miss,No information,set-piece,14.9,55.9,0,head,close-high,0,50.6,58.3,No information,No information,22,No information,1265,55.9,14.9,49.4,0,49.4,41.7,24,1435,shot
antonio-rudiger,https://www.sofascore.com/germany-italy/hUbslUb#id:10023354,germany,miss,No information,corner,5.8,42.7,0,head,left,0,60.7,11.1,No information,No information,14,No information,833,42.7,5.8,39.3,0,39.3,88.9,32,1867,shot
joshua-kimmich,https://www.sofascore.com/germany-italy/hUbslUb#id:10023354,germany,goal,regular,assisted,8.4,49.2,0,left-foot,low-left,0,52.2,1.9,No information,No information,10,No information,595,49.2,8.4,47.8,0,47.8,98.1,36,2105,shot
giacomo-raspadori,https://www.sofascore.com/germany-italy/hUbslUb#id:10023354,italy,save,No information,assisted,6.5,52.2,0,right-foot,low-centre,0,51.5,2.5,No information,No information,8,No information,454,52.2,6.5,48.5,0,48.5,97.5,38,2246,shot
leroy-sane,https://www.sofascore.com/germany-italy/hUbslUb#id:10023354,germany,miss,No information,fast-break,20.6,49.3,0,right-foot,close-left,0,58.5,6.9,No information,No information,7,No information,379,49.3,20.6,41.5,0,41.5,93.1,39,2321,shot

mikel-oyarzabal,https://www.sofascore.com/germany-spain/YTbslUb#id:8600781,spain,goal,regular,assisted,6.7,49,0,right-foot,low-centre,0,50,1.9,No information,No information,89,No information,5281,49,6.7,50,0,50,98.1,2,119,shot
gerard-moreno,https://www.sofascore.com/germany-spain/YTbslUb#id:8600781,spain,block,No information,assisted,15,60.8,0,left-foot,low-right,0,47.9,19,No information,No information,85,No information,5094,60.8,15,52.1,0,52.1,81,6,306,shot
serge-gnabry,https://www.sofascore.com/germany-spain/YTbslUb#id:8600781,germany,post,No information,fast-break,25.8,49.9,0,right-foot,high,0,46.7,40.5,No information,No information,77,No information,4600,49.9,25.8,53.3,0,53.3,59.5,14,800,shot
ferran-torres,https://www.sofascore.com/germany-spain/YTbslUb#id:8600781,spain,goal,regular,assisted,18.8,39.7,0,right-foot,low-right,0,45.8,1.9,No information,No information,71,No information,4258,39.7,18.8,54.2,0,54.2,98.1,20,1142,shot
ferran-torres,https://www.sofascore.com/germany-spain/YTbslUb#id:8600781,spain,miss,No information,assisted,14.7,62.5,0,right-foot,close-left,0,58.3,18.1,No information,No information,62,No information,3694,62.5,14.7,41.7,0,41.7,81.9,29,1706,shot
fabian-ruiz,https://www.sofascore.com/germany-spain/YTbslUb#id:8600781,spain,block,No information,assisted,18.9,41.2,0,left-foot,low-centre,0,51.1,19,No information,No information,60,No information,3573,41.2,18.9,48.9,0,48.9,81,31,1827,shot
rodri,https://www.sofascore.com/germany-spain/YTbslUb#id:8600781,spain,miss,No information,set-piece,8.3,37.7,0,head,close-high,0,53.9,50,No information,No information,57,No information,3403,37.7,8.3,46.1,0,46.1,50,34,1997,shot
ferran-torres,https://www.sofascore.com/germany-spain/YTbslUb#id:8600781,spain,goal,regular,fast-break,3.8,55.1,0,right-foot,low-right,0,46.8,1.9,No information,No information,55,No information,3252,55.1,3.8,53.2,0,53.2,98.1,36,2148,shot
koke,https://www.sofascore.com/germany-spain/YTbslUb#id:8600781,spain,block,No information,regular,13,53.1,0,right-foot,low-centre,0,50.5,19,No information,No information,47,No information,2819,53.1,13,49.5,0,49.5,81,44,2581,shot
dani-olmo,https://www.sofascore.com/germany-spain/YTbslUb#id:8600781,spain,save,No information,regular,10.2,65.1,0,right-foot,low-centre,0,49.7,1.3,No information,No information,47,No information,2816,65.1,10.2,50.3,0,50.3,98.7,44,2584,shot
dani-olmo,https://www.sofascore.com/germany-spain/YTbslUb#id:8600781,spain,miss,No information,set-piece,24.6,32.1,0,right-foot,high-right,0,43,65.3,No information,No information,42,No information,2463,32.1,24.6,57,0,57,34.7,4,237,shot
rodri,https://www.sofascore.com/germany-spain/YTbslUb#id:8600781,spain,goal,regular,corner,9.7,45.2,0,head,low-right,0,45.8,11.4,No information,No information,38,No information,2268,45.2,9.7,54.2,0,54.2,88.6,8,432,shot
ferran-torres,https://www.sofascore.com/germany-spain/YTbslUb#id:8600781,spain,goal,regular,regular,8.6,58.1,0,right-foot,low-left,0,54.1,19.6,No information,No information,33,No information,1971,58.1,8.6,45.9,0,45.9,80.4,13,729,shot
dani-olmo,https://www.sofascore.com/germany-spain/YTbslUb#id:8600781,spain,post,No information,assisted,8.1,46,0,head,high,0,48.5,40.5,No information,No information,33,No information,1968,46,8.1,51.5,0,51.5,59.5,13,732,shot
ferran-torres,https://www.sofascore.com/germany-spain/YTbslUb#id:8600781,spain,block,No information,regular,10.8,52.4,0,left-foot,low-centre,0,49.1,19,No information,No information,33,No information,1930,52.4,10.8,50.9,0,50.9,81,13,770,shot
ferran-torres,https://www.sofascore.com/germany-spain/YTbslUb#id:8600781,spain,save,No information,assisted,8,63.5,0,right-foot,low-centre,0,51.5,2.5,No information,No information,30,No information,1768,63.5,8,48.5,0,48.5,97.5,16,932,shot
alvaro-morata,https://www.sofascore.com/germany-spain/YTbslUb#id:8600781,spain,miss,No information,assisted,24.1,40.1,0,left-foot,high-left,0,56.8,76.4,No information,No information,25,No information,1462,40.1,24.1,43.2,0,43.2,23.6,21,1238,shot
ferran-torres,https://www.sofascore.com/germany-spain/YTbslUb#id:8600781,spain,miss,No information,assisted,9.6,62.2,0,right-foot,left,0,61.7,2.8,No information,No information,21,No information,1205,62.2,9.6,38.3,0,38.3,97.2,25,1495,shot
alvaro-morata,https://www.sofascore.com/germany-spain/YTbslUb#id:8600781,spain,goal,regular,corner,3.1,41.9,0,head,high-centre,0,51.4,30.4,No information,No information,17,No information,976,41.9,3.1,48.6,0,48.6,69.6,29,1724,shot
alvaro-morata,https://www.sofascore.com/germany-spain/YTbslUb#id:8600781,spain,miss,No information,regular,25.8,29.6,0,right-foot,high,0,45.9,75,No information,No information,15,No information,851,29.6,25.8,54.1,0,54.1,25,31,1849,shot
serge-gnabry,https://www.sofascore.com/germany-spain/YTbslUb#id:8600781,germany,block,No information,fast-break,12.7,34.9,0,right-foot,low-centre,0,50.9,19,No information,No information,14,No information,802,34.9,12.7,49.1,0,49.1,81,32,1898,shot
sergio-ramos,https://www.sofascore.com/germany-spain/YTbslUb#id:8600781,spain,save,No information,free-kick,17.6,55.8,0,right-foot,low-left,0,53.9,3.2,No information,No information,7,No information,362,55.8,17.6,46.1,0,46.1,96.8,39,2338,shot
sergi-roberto,https://www.sofascore.com/germany-spain/YTbslUb#id:8600781,spain,miss,No information,corner,18.8,46.1,0,right-foot,right,0,38.8,4.2,No information,No information,5,No information,260,46.1,18.8,61.2,0,61.2,95.8,41,2440,shot
rodri,https://www.sofascore.com/germany-spain/YTbslUb#id:8600781,spain,block,No information,corner,7.3,60.1,0,head,low-centre,0,50.4,6.9,No information,No information,5,No information,258,60.1,7.3,49.6,0,49.6,93.1,41,2442,shot
alvaro-morata,https://www.sofascore.com/germany-spain/YTbslUb#id:8600781,spain,save,No information,assisted,13.9,71.1,0,left-foot,low-centre,0,48.8,3.8,No information,No information,2,No information,92,71.1,13.9,51.2,0,51.2,96.2,44,2608,shot

george-saville,https://www.sofascore.com/northern-ireland-germany/lUbsLVb#id:8079074,northern ireland,block,No information,regular,8.1,43.5,0,left-foot,No information,No information,No information,No information,No information,No information,90,3,5563,43.5,8.1,No information,No information,No information,No information,1,737,shot
steven-davis,https://www.sofascore.com/northern-ireland-germany/lUbsLVb#id:8079074,northern ireland,block,No information,regular,17.1,66.1,0,right-foot,No information,No information,No information,No information,No information,No information,90,3,5558,66.1,17.1,No information,No information,No information,No information,1,742,shot
julian-brandt,https://www.sofascore.com/northern-ireland-germany/lUbsLVb#id:8079074,germany,goal,regular,assisted,9.7,35.5,0,left-foot,low-right,0,46.2,19.6,No information,No information,90,1,5422,35.5,9.7,53.8,0,53.8,80.4,1,878,shot
suat-serdar,https://www.sofascore.com/northern-ireland-germany/lUbsLVb#id:8079074,germany,miss,No information,assisted,7.4,57.5,0,right-foot,close-right,0,42.9,20.8,No information,No information,89,No information,5295,57.5,7.4,57.1,0,57.1,79.2,2,105,shot
joshua-kimmich,https://www.sofascore.com/northern-ireland-germany/lUbsLVb#id:8079074,germany,miss,No information,assisted,8.2,68.1,0,right-foot,left,0,62.7,5.6,No information,No information,79,No information,4732,68.1,8.2,37.3,0,37.3,94.4,12,668,shot
george-saville,https://www.sofascore.com/northern-ireland-germany/lUbsLVb#id:8079074,northern ireland,block,No information,regular,26.1,29.3,0,left-foot,No information,No information,No information,No information,No information,No information,74,No information,4410,29.3,26.1,No information,No information,No information,No information,17,990,shot
leon-goretzka,https://www.sofascore.com/northern-ireland-germany/lUbsLVb#id:8079074,germany,goal,regular,regular,19.8,51.2,0,right-foot,low-left,0,54,2.5,No information,No information,73,No information,4325,51.2,19.8,46,0,46,97.5,18,1075,shot
leon-goretzka,https://www.sofascore.com/northern-ireland-germany/lUbsLVb#id:8079074,germany,miss,No information,assisted,20.6,69.4,0,right-foot,close-left,0,57,11.1,No information,No information,68,No information,4020,69.4,20.6,43,0,43,88.9,23,1380,shot
emre-can,https://www.sofascore.com/northern-ireland-germany/lUbsLVb#id:8079074,germany,miss,No information,assisted,25.9,73,0,right-foot,close-left,0,58,4.2,No information,No information,62,No information,3709,73,25.9,42,0,42,95.8,29,1691,shot
serge-gnabry,https://www.sofascore.com/northern-ireland-germany/lUbsLVb#id:8079074,germany,goal,regular,assisted,4.4,39.5,0,right-foot,low-right,0,46.8,1.3,No information,No information,60,No information,3590,39.5,4.4,53.2,0,53.2,98.7,31,1810,shot
serge-gnabry,https://www.sofascore.com/northern-ireland-germany/lUbsLVb#id:8079074,germany,miss,No information,assisted,10.9,44.6,0,head,close-right,0,42.2,9.7,No information,No information,58,No information,3445,44.6,10.9,57.8,0,57.8,90.3,33,1955,shot
josh-magennis,https://www.sofascore.com/northern-ireland-germany/lUbsLVb#id:8079074,northern ireland,miss,No information,set-piece,9.3,57.4,0,head,right,0,39.2,9.7,No information,No information,57,No information,3367,57.4,9.3,60.8,0,60.8,90.3,34,2033,shot
emre-can,https://www.sofascore.com/northern-ireland-germany/lUbsLVb#id:8079074,germany,miss,No information,assisted,25.1,73.2,0,right-foot,left,0,63.7,6.9,No information,No information,55,No information,3292,73.2,25.1,36.3,0,36.3,93.1,36,2108,shot
lukas-klostermann,https://www.sofascore.com/northern-ireland-germany/lUbsLVb#id:8079074,germany,miss,No information,regular,6.8,67.2,0,right-foot,close-right,0,42.5,30.6,No information,No information,54,No information,3191,67.2,6.8,57.5,0,57.5,69.4,37,2209,shot
toni-kroos,https://www.sofascore.com/northern-ireland-germany/lUbsLVb#id:8079074,germany,save,No information,corner,24,35.1,0,right-foot,low-left,0,53.6,2.5,No information,No information,52,No information,3104,35.1,24,46.4,0,46.4,97.5,39,2296,shot
serge-gnabry,https://www.sofascore.com/northern-ireland-germany/lUbsLVb#id:8079074,germany,goal,regular,assisted,11.4,64.3,0,right-foot,low-left,0,54.2,2.5,No information,No information,47,No information,2766,64.3,11.4,45.8,0,45.8,97.5,44,2634,shot
julian-brandt,https://www.sofascore.com/northern-ireland-germany/lUbsLVb#id:8079074,germany,save,No information,assisted,10,53.2,0,head,low-left,0,52.3,7,No information,No information,45,No information,2697,53.2,10,47.7,0,47.7,93,1,3,shot
leon-goretzka,https://www.sofascore.com/northern-ireland-germany/lUbsLVb#id:8079074,germany,goal,regular,assisted,7.1,49.7,0,right-foot,low-right,0,47.4,1.3,No information,No information,43,No information,2560,49.7,7.1,52.6,0,52.6,98.7,3,140,shot
toni-kroos,https://www.sofascore.com/northern-ireland-germany/lUbsLVb#id:8079074,germany,save,No information,assisted,27.2,44.5,0,right-foot,high-left,0,53.6,24.1,No information,No information,42,No information,2504,44.5,27.2,46.4,0,46.4,75.9,4,196,shot
joshua-kimmich,https://www.sofascore.com/northern-ireland-germany/lUbsLVb#id:8079074,germany,block,No information,assisted,28.9,51.8,0,right-foot,No information,No information,No information,No information,No information,No information,37,No information,2201,51.8,28.9,No information,No information,No information,No information,9,499,shot
michael-smith,https://www.sofascore.com/northern-ireland-germany/lUbsLVb#id:8079074,northern ireland,miss,No information,corner,9.4,64.1,0,head,left,0,72.8,4.2,No information,No information,29,No information,1714,64.1,9.4,27.2,0,27.2,95.8,17,986,shot
serge-gnabry,https://www.sofascore.com/northern-ireland-germany/lUbsLVb#id:8079074,germany,save,No information,assisted,10.5,39.4,0,head,high-centre,0,49.3,24.1,No information,No information,24,No information,1402,39.4,10.5,50.7,0,50.7,75.9,22,1298,shot
serge-gnabry,https://www.sofascore.com/northern-ireland-germany/lUbsLVb#id:8079074,germany,goal,regular,assisted,10.8,40,0,right-foot,high-right,0,45.8,28.5,No information,No information,19,No information,1129,40,10.8,54.2,0,54.2,71.5,27,1571,shot
jonas-hector,https://www.sofascore.com/northern-ireland-germany/lUbsLVb#id:8079074,germany,miss,No information,regular,7.6,34.7,0,left-foot,right,0,21.5,11.1,No information,No information,18,No information,1053,34.7,7.6,78.5,0,78.5,88.9,28,1647,shot
julian-brandt,https://www.sofascore.com/northern-ireland-germany/lUbsLVb#id:8079074,germany,block,No information,assisted,12.8,29.4,0,right-foot,No information,No information,No information,No information,No information,No information,15,No information,857,29.4,12.8,No information,No information,No information,No information,31,1843,shot
paddy-mcnair,https://www.sofascore.com/northern-ireland-germany/lUbsLVb#id:8079074,northern ireland,block,No information,assisted,9.5,65.5,0,right-foot,No information,No information,No information,No information,No information,No information,12,No information,712,65.5,9.5,No information,No information,No information,No information,34,1988,shot
ilkay-gundogan,https://www.sofascore.com/northern-ireland-germany/lUbsLVb#id:8079074,germany,post,No information,regular,6.8,43.3,0,head,right,0,44.7,4.4,No information,No information,11,No information,644,43.3,6.8,55.3,0,55.3,95.6,35,2056,shot
serge-gnabry,https://www.sofascore.com/northern-ireland-germany/lUbsLVb#id:8079074,germany,save,No information,assisted,8.4,54.4,0,right-foot,low-centre,0,49.1,15.2,No information,No information,10,No information,592,54.4,8.4,50.9,0,50.9,84.8,36,2108,shot
michael-smith,https://www.sofascore.com/northern-ireland-germany/lUbsLVb#id:8079074,northern ireland,goal,regular,regular,26.9,50.7,0,right-foot,low-left,0,53.9,2.5,No information,No information,7,No information,413,50.7,26.9,46.1,0,46.1,97.5,39,2287,shot

lukas-nmecha,https://www.sofascore.com/liechtenstein-germany/lUbsFWb#id:9223951,germany,miss,No information,corner,9.6,57.2,0,head,high-right,0,41.7,73.6,No information,No information,90,1,5400,57.2,9.6,58.3,0,58.3,26.4,1,0,shot
lukas-nmecha,https://www.sofascore.com/liechtenstein-germany/lUbsFWb#id:9223951,germany,save,No information,assisted,21.9,48.7,0,right-foot,low-right,0,46.1,12.7,No information,No information,90,No information,5341,48.7,21.9,53.9,0,53.9,87.3,1,59,shot
maximilian-goppel,https://www.sofascore.com/liechtenstein-germany/lUbsFWb#id:9223951,germany,goal,own,regular,8,67,0,head,high-left,0,52.9,24.7,No information,No information,89,No information,5293,67,8,47.1,0,47.1,75.3,2,107,shot
maximilian-arnold,https://www.sofascore.com/liechtenstein-germany/lUbsFWb#id:9223951,germany,block,No information,assisted,10.3,52.7,0,right-foot,low-left,0,52.9,19,No information,No information,88,No information,5254,52.7,10.3,47.1,0,47.1,81,3,146,shot
marco-reus,https://www.sofascore.com/liechtenstein-germany/lUbsFWb#id:9223951,germany,save,No information,assisted,6.4,54.4,0,left-foot,low-centre,0,49.4,1.3,No information,No information,88,No information,5252,54.4,6.4,50.6,0,50.6,98.7,3,148,shot
thomas-muller,https://www.sofascore.com/liechtenstein-germany/lUbsFWb#id:9223951,germany,goal,regular,regular,9.5,48.2,0,left-foot,high-left,0,52.6,33.5,No information,No information,86,No information,5126,48.2,9.5,47.4,0,47.4,66.5,5,274,shot
marco-reus,https://www.sofascore.com/liechtenstein-germany/lUbsFWb#id:9223951,germany,save,No information,assisted,3.7,62.3,0,right-foot,low-right,0,47.5,10.8,No information,No information,86,No information,5123,62.3,3.7,52.5,0,52.5,89.2,5,277,shot
antonio-rudiger,https://www.sofascore.com/liechtenstein-germany/lUbsFWb#id:9223951,germany,miss,No information,assisted,27.4,54.6,0,right-foot,left,0,60.8,15.3,No information,No information,85,No information,5047,54.6,27.4,39.2,0,39.2,84.7,6,353,shot
florian-neuhaus,https://www.sofascore.com/liechtenstein-germany/lUbsFWb#id:9223951,germany,block,No information,regular,14.5,61.4,0,right-foot,low-centre,0,50.6,19,No information,No information,82,No information,4898,61.4,14.5,49.4,0,49.4,81,9,502,shot
thomas-muller,https://www.sofascore.com/liechtenstein-germany/lUbsFWb#id:9223951,germany,save,No information,assisted,5.2,35.2,0,right-foot,low-left,0,52.1,3.8,No information,No information,82,No information,4872,35.2,5.2,47.9,0,47.9,96.2,9,528,shot
ridle-baku,https://www.sofascore.com/liechtenstein-germany/lUbsFWb#id:9223951,germany,goal,regular,assisted,13.9,70.8,0,left-foot,high-left,0,54.2,29.1,No information,No information,80,No information,4778,70.8,13.9,45.8,0,45.8,70.9,11,622,shot
thomas-muller,https://www.sofascore.com/liechtenstein-germany/lUbsFWb#id:9223951,germany,goal,regular,corner,0.40000000000001,54,0,right-foot,low-centre,0,48.4,3.2,No information,No information,76,No information,4548,54,0.40000000000001,51.6,0,51.6,96.8,15,852,shot
florian-neuhaus,https://www.sofascore.com/liechtenstein-germany/lUbsFWb#id:9223951,germany,block,No information,corner,3,44.6,0,head,low-right,0,46.8,19,No information,No information,76,No information,4547,44.6,3,53.2,0,53.2,81,15,853,shot
matthias-ginter,https://www.sofascore.com/liechtenstein-germany/lUbsFWb#id:9223951,germany,block,No information,corner,5.9,37.9,0,head,low-left,0,52.6,19,No information,No information,76,No information,4546,37.9,5.9,47.4,0,47.4,81,15,854,shot
sandro-wolfinger,https://www.sofascore.com/liechtenstein-germany/lUbsFWb#id:9223951,liechtenstein,miss,No information,assisted,25.9,76.9,0,right-foot,left,0,68.6,12.5,No information,No information,75,No information,4469,76.9,25.9,31.4,0,31.4,87.5,16,931,shot
lukas-nmecha,https://www.sofascore.com/liechtenstein-germany/lUbsFWb#id:9223951,germany,miss,No information,corner,6.7,37.6,0,head,high-left,0,57.5,68.1,No information,No information,73,No information,4375,37.6,6.7,42.5,0,42.5,31.9,18,1025,shot
ridle-baku,https://www.sofascore.com/liechtenstein-germany/lUbsFWb#id:9223951,germany,miss,No information,assisted,24.4,67.9,0,right-foot,left,0,60.5,2.8,No information,No information,63,No information,3763,67.9,24.4,39.5,0,39.5,97.2,28,1637,shot
ilkay-gundogan,https://www.sofascore.com/liechtenstein-germany/lUbsFWb#id:9223951,germany,save,No information,regular,23.2,47.2,0,right-foot,low-centre,0,50.7,3.2,No information,No information,63,No information,3721,47.2,23.2,49.3,0,49.3,96.8,28,1679,shot
lukas-nmecha,https://www.sofascore.com/liechtenstein-germany/lUbsFWb#id:9223951,germany,miss,No information,assisted,4.2,56.9,0,right-foot,close-left,0,58.3,4.2,No information,No information,61,No information,3626,56.9,4.2,41.7,0,41.7,95.8,30,1774,shot
leroy-sane,https://www.sofascore.com/liechtenstein-germany/lUbsFWb#id:9223951,germany,save,No information,assisted,9.3,34.6,0,right-foot,low-left,0,52.8,8.9,No information,No information,59,No information,3482,34.6,9.3,47.2,0,47.2,91.1,32,1918,shot
ilkay-gundogan,https://www.sofascore.com/liechtenstein-germany/lUbsFWb#id:9223951,germany,save,No information,regular,20.7,44.8,0,right-foot,low-right,0,45.9,1.9,No information,No information,56,No information,3345,44.8,20.7,54.1,0,54.1,98.1,35,2055,shot
lukas-nmecha,https://www.sofascore.com/liechtenstein-germany/lUbsFWb#id:9223951,germany,post,No information,assisted,9.5,51.3,0,right-foot,right,0,44.5,19.6,No information,No information,56,No information,3312,51.3,9.5,55.5,0,55.5,80.4,35,2088,shot
florian-neuhaus,https://www.sofascore.com/liechtenstein-germany/lUbsFWb#id:9223951,germany,save,No information,assisted,23.2,62.3,0,right-foot,low-right,0,45.7,1.3,No information,No information,53,No information,3121,62.3,23.2,54.3,0,54.3,98.7,38,2279,shot
nicolas-hasler,https://www.sofascore.com/liechtenstein-germany/lUbsFWb#id:9223951,liechtenstein,miss,No information,assisted,74.1,56.7,0,right-foot,right,0,13.1,18.1,No information,No information,52,No information,3068,56.7,74.1,86.9,0,86.9,81.9,39,2332,shot
fabio-wolfinger,https://www.sofascore.com/liechtenstein-germany/lUbsFWb#id:9223951,liechtenstein,block,No information,assisted,43.6,74.4,0,right-foot,low-centre,0,51.6,19,No information,No information,50,No information,2973,74.4,43.6,48.4,0,48.4,81,41,2427,shot
leroy-sane,https://www.sofascore.com/liechtenstein-germany/lUbsFWb#id:9223951,germany,goal,regular,assisted,9.5,45,0,right-foot,low-left,0,53.8,3.2,No information,No information,49,No information,2891,45,9.5,46.2,0,46.2,96.8,42,2509,shot
lukas-nmecha,https://www.sofascore.com/liechtenstein-germany/lUbsFWb#id:9223951,germany,block,No information,assisted,13.3,59.7,0,right-foot,low-centre,0,48.3,19,No information,No information,49,No information,2887,59.7,13.3,51.7,0,51.7,81,42,2513,shot
marco-reus,https://www.sofascore.com/liechtenstein-germany/lUbsFWb#id:9223951,germany,block,No information,regular,10.2,44.3,0,left-foot,low-centre,0,51.5,19,No information,No information,48,No information,2865,44.3,10.2,48.5,0,48.5,81,43,2535,shot
marco-reus,https://www.sofascore.com/liechtenstein-germany/lUbsFWb#id:9223951,germany,block,No information,regular,10.6,48.5,0,right-foot,low-centre,0,48.3,19,No information,No information,48,No information,2864,48.5,10.6,51.7,0,51.7,81,43,2536,shot
leroy-sane,https://www.sofascore.com/liechtenstein-germany/lUbsFWb#id:9223951,germany,block,No information,corner,22.6,36.7,0,left-foot,low-right,0,46.8,19,No information,No information,45,No information,2687,36.7,22.6,53.2,0,53.2,81,1,13,shot
leon-goretzka,https://www.sofascore.com/liechtenstein-germany/lUbsFWb#id:9223951,germany,miss,No information,regular,29.7,54.9,0,right-foot,high,0,48.2,81.9,No information,No information,44,No information,2591,54.9,29.7,51.8,0,51.8,18.1,2,109,shot
ilkay-gundogan,https://www.sofascore.com/liechtenstein-germany/lUbsFWb#id:9223951,germany,miss,No information,regular,13,46.4,0,right-foot,high-right,0,42.9,70.8,No information,No information,41,No information,2419,46.4,13,57.1,0,57.1,29.2,5,281,shot
aron-sele,https://www.sofascore.com/liechtenstein-germany/lUbsFWb#id:9223951,liechtenstein,miss,No information,regular,27.7,26.5,0,right-foot,right,0,34.3,18.1,No information,No information,40,No information,2385,26.5,27.7,65.7,0,65.7,81.9,6,315,shot
ilkay-gundogan,https://www.sofascore.com/liechtenstein-germany/lUbsFWb#id:9223951,germany,miss,No information,regular,4.3,46.4,0,left-foot,close-left,0,57.3,31.9,No information,No information,38,No information,2231,46.4,4.3,42.7,0,42.7,68.1,8,469,shot
leon-goretzka,https://www.sofascore.com/liechtenstein-germany/lUbsFWb#id:9223951,germany,block,No information,assisted,26.8,54,0,right-foot,low-centre,0,51.1,19,No information,No information,37,No information,2205,54,26.8,48.9,0,48.9,81,9,495,shot
leroy-sane,https://www.sofascore.com/liechtenstein-germany/lUbsFWb#id:9223951,germany,save,No information,assisted,27.9,46.9,0,left-foot,low-left,0,53.2,17.7,No information,No information,37,No information,2193,46.9,27.9,46.8,0,46.8,82.3,9,507,shot
leroy-sane,https://www.sofascore.com/liechtenstein-germany/lUbsFWb#id:9223951,germany,miss,No information,assisted,8.6,51,0,head,right,0,38.5,26.4,No information,No information,34,No information,1995,51,8.6,61.5,0,61.5,73.6,12,705,shot
leroy-sane,https://www.sofascore.com/liechtenstein-germany/lUbsFWb#id:9223951,germany,save,No information,regular,23.5,35.1,0,right-foot,low-left,0,52.9,0.6,No information,No information,27,No information,1613,35.1,23.5,47.1,0,47.1,99.4,19,1087,shot
ilkay-gundogan,https://www.sofascore.com/liechtenstein-germany/lUbsFWb#id:9223951,germany,save,No information,assisted,5,43.9,0,right-foot,low-centre,0,51.6,3.8,No information,No information,25,No information,1461,43.9,5,48.4,0,48.4,96.2,21,1239,shot
marco-reus,https://www.sofascore.com/liechtenstein-germany/lUbsFWb#id:9223951,germany,goal,regular,regular,8.2,45.1,0,right-foot,low-right,0,48.1,3.2,No information,No information,23,No information,1374,45.1,8.2,51.9,0,51.9,96.8,23,1326,shot
leroy-sane,https://www.sofascore.com/liechtenstein-germany/lUbsFWb#id:9223951,germany,goal,regular,assisted,8.1,37.3,0,left-foot,low-right,0,45.8,2.5,No information,No information,22,No information,1281,37.3,8.1,54.2,0,54.2,97.5,24,1419,shot
daniel-kaufmann,https://www.sofascore.com/liechtenstein-germany/lUbsFWb#id:9223951,germany,goal,own,regular,6.1,47.3,0,right-foot,high-left,0,53,25.9,No information,No information,20,No information,1163,47.3,6.1,47,0,47,74.1,26,1537,shot
ilkay-gundogan,https://www.sofascore.com/liechtenstein-germany/lUbsFWb#id:9223951,germany,post,No information,assisted,5.1,42.3,0,head,high,0,52.3,39.2,No information,No information,18,No information,1076,42.3,5.1,47.7,0,47.7,60.8,28,1624,shot
jonas-hofmann,https://www.sofascore.com/liechtenstein-germany/lUbsFWb#id:9223951,germany,save,No information,assisted,18.2,61.8,0,right-foot,high-centre,0,51.4,20.3,No information,No information,18,No information,1054,61.8,18.2,48.6,0,48.6,79.7,28,1646,shot
thomas-muller,https://www.sofascore.com/liechtenstein-germany/lUbsFWb#id:9223951,germany,block,No information,assisted,11.9,54.9,0,right-foot,low-right,0,46.8,19,No information,No information,17,No information,962,54.9,11.9,53.2,0,53.2,81,29,1738,shot
ridle-baku,https://www.sofascore.com/liechtenstein-germany/lUbsFWb#id:9223951,germany,save,No information,assisted,14.2,37.3,0,left-foot,low-right,0,48.1,8.9,No information,No information,16,No information,917,37.3,14.2,51.9,0,51.9,91.1,30,1783,shot
marco-reus,https://www.sofascore.com/liechtenstein-germany/lUbsFWb#id:9223951,germany,save,No information,assisted,7.7,67.6,0,right-foot,low-right,0,45.9,12.7,No information,No information,13,No information,750,67.6,7.7,54.1,0,54.1,87.3,33,1950,shot
ilkay-gundogan,https://www.sofascore.com/liechtenstein-germany/lUbsFWb#id:9223951,germany,goal,penalty,penalty,11.5,50,0,right-foot,low-right,0,46,1.3,No information,No information,11,No information,616,50,11.5,54,0,54,98.7,35,2084,shot

leon-goretzka,https://www.sofascore.com/germany-hungary/jUbslUb#id:8602466,germany,goal,regular,regular,14.6,51.8,0,right-foot,low-right,0,47.5,18.4,No information,No information,84,No information,4999,51.8,14.6,52.5,0,52.5,81.6,7,401,shot
timo-werner,https://www.sofascore.com/germany-hungary/jUbslUb#id:8602466,germany,block,No information,assisted,11.8,39.5,0,right-foot,low-centre,0,49.9,19,No information,No information,84,No information,4998,39.5,11.8,50.1,0,50.1,81,7,402,shot
toni-kroos,https://www.sofascore.com/germany-hungary/jUbslUb#id:8602466,germany,miss,No information,assisted,9,35.7,0,right-foot,close-right,0,40.8,6.9,No information,No information,81,No information,4829,35.7,9,59.2,0,59.2,93.1,10,571,shot
thomas-muller,https://www.sofascore.com/germany-hungary/jUbslUb#id:8602466,germany,miss,No information,assisted,9.3,59.2,0,head,close-high,0,49.7,52.8,No information,No information,80,No information,4750,59.2,9.3,50.3,0,50.3,47.2,11,650,shot
adam-szalai,https://www.sofascore.com/germany-hungary/jUbslUb#id:8602466,hungary,save,No information,regular,35,47.4,0,right-foot,low-centre,0,48.6,0.6,No information,No information,73,No information,4369,47.4,35,51.4,0,51.4,99.4,18,1031,shot
robin-gosens,https://www.sofascore.com/germany-hungary/jUbslUb#id:8602466,germany,save,No information,assisted,9.3,34.9,0,head,low-centre,0,49.7,17.7,No information,No information,70,No information,4176,34.9,9.3,50.3,0,50.3,82.3,21,1224,shot
andras-schafer,https://www.sofascore.com/germany-hungary/jUbslUb#id:8602466,hungary,goal,regular,assisted,12.8,42.5,0,head,low-centre,0,48.6,1.3,No information,No information,68,No information,4033,42.5,12.8,51.4,0,51.4,98.7,23,1367,shot
kai-havertz,https://www.sofascore.com/germany-hungary/jUbslUb#id:8602466,germany,goal,regular,set-piece,0.8,49.8,0,head,low-centre,0,50.6,9.5,No information,No information,66,No information,3944,49.8,0.8,49.4,0,49.4,90.5,25,1456,shot
mats-hummels,https://www.sofascore.com/germany-hungary/jUbslUb#id:8602466,germany,block,No information,set-piece,7,39,0,head,low-centre,0,50.4,19,No information,No information,66,No information,3942,39,7,49.6,0,49.6,81,25,1458,shot
roland-sallai,https://www.sofascore.com/germany-hungary/jUbslUb#id:8602466,hungary,post,No information,free-kick,13.8,19.2,0,right-foot,left,0,55.7,33.5,No information,No information,62,No information,3695,19.2,13.8,44.3,0,44.3,66.5,29,1705,shot
attila-fiola,https://www.sofascore.com/germany-hungary/jUbslUb#id:8602466,hungary,miss,No information,set-piece,13,39.4,0,right-foot,left,0,67.2,2.8,No information,No information,59,No information,3500,39.4,13,32.8,0,32.8,97.2,32,1900,shot
loic-nego,https://www.sofascore.com/germany-hungary/jUbslUb#id:8602466,hungary,miss,No information,set-piece,21.6,62.2,0,right-foot,left,0,77.6,18.1,No information,No information,59,No information,3499,62.2,21.6,22.4,0,22.4,81.9,32,1901,shot
mats-hummels,https://www.sofascore.com/germany-hungary/jUbslUb#id:8602466,germany,block,No information,set-piece,8.8,45.5,0,head,high-centre,0,51.3,20.8,No information,No information,54,No information,3193,45.5,8.8,48.7,0,48.7,79.2,37,2207,shot
kai-havertz,https://www.sofascore.com/germany-hungary/jUbslUb#id:8602466,germany,save,No information,assisted,19.2,74.1,0,left-foot,low-right,0,47.2,12.7,No information,No information,52,No information,3086,74.1,19.2,52.8,0,52.8,87.3,39,2314,shot
serge-gnabry,https://www.sofascore.com/germany-hungary/jUbslUb#id:8602466,germany,block,No information,assisted,6,71.2,0,right-foot,low-right,0,48,19,No information,No information,47,No information,2802,71.2,6,52,0,52,81,44,2598,shot
kai-havertz,https://www.sofascore.com/germany-hungary/jUbslUb#id:8602466,germany,miss,No information,regular,12.7,67,0,left-foot,right,0,39.7,6.9,No information,No information,45,No information,2690,67,12.7,60.3,0,60.3,93.1,1,10,shot
kai-havertz,https://www.sofascore.com/germany-hungary/jUbslUb#id:8602466,germany,block,No information,regular,12.7,67,0,left-foot,low-centre,0,51.4,19,No information,No information,45,No information,2688,67,12.7,48.6,0,48.6,81,1,12,shot
roland-sallai,https://www.sofascore.com/germany-hungary/jUbslUb#id:8602466,hungary,save,No information,assisted,25.1,31.2,0,right-foot,low-centre,0,48.6,9.5,No information,No information,39,No information,2333,31.2,25.1,51.4,0,51.4,90.5,7,367,shot
andras-schafer,https://www.sofascore.com/germany-hungary/jUbslUb#id:8602466,hungary,miss,No information,assisted,26.9,47,0,right-foot,high,0,53.4,65.3,No information,No information,38,No information,2256,47,26.9,46.6,0,46.6,34.7,8,444,shot
roland-sallai,https://www.sofascore.com/germany-hungary/jUbslUb#id:8602466,hungary,block,No information,assisted,15.1,28.2,0,right-foot,low-centre,0,50.8,19,No information,No information,33,No information,1938,28.2,15.1,49.2,0,49.2,81,13,762,shot
mats-hummels,https://www.sofascore.com/germany-hungary/jUbslUb#id:8602466,germany,miss,No information,set-piece,9.1,38.8,0,head,high,0,49.4,84.7,No information,No information,28,No information,1624,38.8,9.1,50.6,0,50.6,15.3,18,1076,shot
matthias-ginter,https://www.sofascore.com/germany-hungary/jUbslUb#id:8602466,germany,save,No information,regular,7.7,57.3,0,right-foot,high-centre,0,49,24.1,No information,No information,21,No information,1255,57.3,7.7,51,0,51,75.9,25,1445,shot
mats-hummels,https://www.sofascore.com/germany-hungary/jUbslUb#id:8602466,germany,post,No information,corner,9.1,52.2,0,head,high,0,53.1,39.2,No information,No information,21,No information,1226,52.2,9.1,46.9,0,46.9,60.8,25,1474,shot
serge-gnabry,https://www.sofascore.com/germany-hungary/jUbslUb#id:8602466,germany,block,No information,regular,14.1,35.5,0,right-foot,low-centre,0,51.1,19,No information,No information,17,No information,1010,35.5,14.1,48.9,0,48.9,81,29,1690,shot
adam-szalai,https://www.sofascore.com/germany-hungary/jUbslUb#id:8602466,hungary,goal,regular,assisted,9.1,53,0,head,low-right,0,47.8,9.5,No information,No information,11,No information,606,53,9.1,52.2,0,52.2,90.5,35,2094,shot
antonio-rudiger,https://www.sofascore.com/germany-hungary/jUbslUb#id:8602466,germany,miss,No information,set-piece,7.1,40.6,0,head,left,0,59.5,27.8,No information,No information,8,No information,472,40.6,7.1,40.5,0,40.5,72.2,38,2228,shot
joshua-kimmich,https://www.sofascore.com/germany-hungary/jUbslUb#id:8602466,germany,save,No information,assisted,4.5,66.1,0,right-foot,low-centre,0,48.9,7,No information,No information,4,No information,183,66.1,4.5,51.1,0,51.1,93,42,2517,shot

emre-can,https://www.sofascore.com/germany-scotland/VTbslUb#id:11873905,germany,goal,regular,assisted,20.3,47.8,0,right-foot,low-right,0,45.8,8.2,No information,No information,90,3,5553,47.8,20.3,54.2,0,54.2,91.8,1,747,shot
antonio-rudiger,https://www.sofascore.com/germany-scotland/VTbslUb#id:11873905,scotland,goal,own,set-piece,7.7,53.8,0,head,high-centre,0,49,28.5,No information,No information,87,No information,5192,53.8,7.7,51,0,51,71.5,4,208,shot
scott-mckenna,https://www.sofascore.com/germany-scotland/VTbslUb#id:11873905,scotland,miss,No information,set-piece,10.1,63.6,0,head,left,0,99.5,4.2,No information,No information,87,No information,5190,63.6,10.1,0.5,0,0.5,95.8,4,210,shot
leroy-sane,https://www.sofascore.com/germany-scotland/VTbslUb#id:11873905,germany,miss,No information,fast-break,25.3,52.6,0,left-foot,high-left,0,56.6,79.2,No information,No information,86,No information,5111,52.6,25.3,43.4,0,43.4,20.8,5,289,shot
leroy-sane,https://www.sofascore.com/germany-scotland/VTbslUb#id:11873905,germany,save,No information,assisted,19.5,68.5,0,left-foot,high-centre,0,50.2,20.3,No information,No information,83,No information,4973,68.5,19.5,49.8,0,49.8,79.7,8,427,shot
maximilian-mittelstadt,https://www.sofascore.com/germany-scotland/VTbslUb#id:11873905,germany,miss,No information,corner,15.6,31.3,0,left-foot,high,0,48.2,90.3,No information,No information,80,No information,4763,31.3,15.6,51.8,0,51.8,9.7,11,637,shot
niclas-fullkrug,https://www.sofascore.com/germany-scotland/VTbslUb#id:11873905,germany,goal,regular,regular,15,48,0,right-foot,high-right,0,46.4,23.4,No information,No information,68,No information,4063,48,15,53.6,0,53.6,76.6,23,1337,shot
maximilian-mittelstadt,https://www.sofascore.com/germany-scotland/VTbslUb#id:11873905,germany,miss,No information,corner,21,32.1,0,left-foot,high,0,46.9,62.5,No information,No information,66,No information,3923,32.1,21,53.1,0,53.1,37.5,25,1477,shot
leroy-sane,https://www.sofascore.com/germany-scotland/VTbslUb#id:11873905,germany,save,No information,fast-break,11.7,65.4,0,left-foot,low-right,0,47.8,1.3,No information,No information,63,No information,3779,65.4,11.7,52.2,0,52.2,98.7,28,1621,shot
florian-wirtz,https://www.sofascore.com/germany-scotland/VTbslUb#id:11873905,germany,miss,No information,assisted,27.8,44.8,0,right-foot,high-left,0,57,81.9,No information,No information,60,No information,3595,44.8,27.8,43,0,43,18.1,31,1805,shot
maximilian-mittelstadt,https://www.sofascore.com/germany-scotland/VTbslUb#id:11873905,germany,block,No information,regular,15.9,29.4,0,left-foot,low-centre,0,49.6,9.7,No information,No information,60,No information,3586,29.4,15.9,50.4,0,50.4,90.3,31,1814,shot
ilkay-gundogan,https://www.sofascore.com/germany-scotland/VTbslUb#id:11873905,germany,block,No information,regular,8.2,46.4,0,left-foot,low-centre,0,50,19,No information,No information,59,No information,3511,46.4,8.2,50,0,50,81,32,1889,shot
florian-wirtz,https://www.sofascore.com/germany-scotland/VTbslUb#id:11873905,germany,miss,No information,assisted,7.6,58.9,0,right-foot,high,0,47.1,65.3,No information,No information,58,No information,3424,58.9,7.6,52.9,0,52.9,34.7,33,1976,shot
joshua-kimmich,https://www.sofascore.com/germany-scotland/VTbslUb#id:11873905,germany,block,No information,corner,21.6,65.8,0,right-foot,low-left,0,52,19,No information,No information,57,No information,3389,65.8,21.6,48,0,48,81,34,2011,shot
pascal-gross,https://www.sofascore.com/germany-scotland/VTbslUb#id:11873905,germany,block,No information,corner,20.7,32.3,0,right-foot,low-right,0,48,19,No information,No information,57,No information,3366,32.3,20.7,52,0,52,81,34,2034,shot
antonio-rudiger,https://www.sofascore.com/germany-scotland/VTbslUb#id:11873905,germany,block,No information,corner,12.1,53.6,0,head,low-left,0,52.3,19,No information,No information,52,No information,3072,53.6,12.1,47.7,0,47.7,81,39,2328,shot
antonio-rudiger,https://www.sofascore.com/germany-scotland/VTbslUb#id:11873905,germany,save,No information,assisted,30.9,53.6,0,right-foot,low-left,0,53.9,10.8,No information,No information,51,No information,3023,53.6,30.9,46.1,0,46.1,89.2,40,2377,shot
kai-havertz,https://www.sofascore.com/germany-scotland/VTbslUb#id:11873905,germany,goal,penalty,penalty,11.5,50,0,left-foot,low-left,0,52.2,13.9,No information,No information,45,1,2734,50,11.5,47.8,0,47.8,86.1,1,2666,shot
ilkay-gundogan,https://www.sofascore.com/germany-scotland/VTbslUb#id:11873905,germany,save,No information,assisted,7.6,53.2,0,head,low-left,0,52.1,1.3,No information,No information,42,No information,2464,53.2,7.6,47.9,0,47.9,98.7,4,236,shot
kai-havertz,https://www.sofascore.com/germany-scotland/VTbslUb#id:11873905,germany,save,No information,free-kick,18.4,52.1,0,left-foot,low-left,0,53.7,7.6,No information,No information,28,No information,1636,52.1,18.4,46.3,0,46.3,92.4,18,1064,shot
jamal-musiala,https://www.sofascore.com/germany-scotland/VTbslUb#id:11873905,germany,goal,regular,assisted,12.5,47,0,right-foot,high-left,0,52.6,32.3,No information,No information,19,No information,1123,47,12.5,47.4,0,47.4,67.7,27,1577,shot
florian-wirtz,https://www.sofascore.com/germany-scotland/VTbslUb#id:11873905,germany,goal,regular,assisted,17.7,51.6,0,right-foot,low-left,0,53.9,4.4,No information,No information,10,No information,594,51.6,17.7,46.1,0,46.1,95.6,36,2106,shot

harry-kane,https://www.sofascore.com/england-germany/lUbsnUb#id:10023351,england,goal,penalty,penalty,11.5,50,0,right-foot,low-left,0,53.9,2.5,No information,No information,88,No information,5229,50,11.5,46.1,0,46.1,97.5,3,171,shot
raheem-sterling,https://www.sofascore.com/england-germany/lUbsnUb#id:10023351,england,miss,No information,corner,18.8,46.6,0,right-foot,high-right,0,29.7,86.1,No information,No information,81,No information,4852,46.6,18.8,70.3,0,70.3,13.9,10,548,shot
john-stones,https://www.sofascore.com/england-germany/lUbsnUb#id:10023351,england,miss,No information,corner,7.8,55.2,0,head,right,0,37,18.1,No information,No information,77,No information,4561,55.2,7.8,63,0,63,81.9,14,839,shot
harry-kane,https://www.sofascore.com/england-germany/lUbsnUb#id:10023351,england,save,No information,assisted,4.7,59.2,0,right-foot,low-centre,0,49.7,15.8,No information,No information,76,No information,4540,59.2,4.7,50.3,0,50.3,84.2,15,860,shot
timo-werner,https://www.sofascore.com/england-germany/lUbsnUb#id:10023351,germany,save,No information,fast-break,9.8,32.8,0,left-foot,low-centre,0,49.4,1.9,No information,No information,75,No information,4446,32.8,9.8,50.6,0,50.6,98.1,16,954,shot
harry-maguire,https://www.sofascore.com/england-germany/lUbsnUb#id:10023351,england,save,No information,corner,7.2,59.1,0,head,high-left,0,53.9,29.1,No information,No information,74,No information,4419,59.1,7.2,46.1,0,46.1,70.9,17,981,shot
thomas-muller,https://www.sofascore.com/england-germany/lUbsnUb#id:10023351,germany,save,No information,assisted,4.5,64.1,0,right-foot,low-right,0,46,16.5,No information,No information,70,No information,4192,64.1,4.5,54,0,54,83.5,21,1208,shot
harry-kane,https://www.sofascore.com/england-germany/lUbsnUb#id:10023351,england,block,No information,set-piece,24.5,29.3,0,right-foot,low-centre,0,49.1,19,No information,No information,59,No information,3537,29.3,24.5,50.9,0,50.9,81,32,1863,shot
mason-mount,https://www.sofascore.com/england-germany/lUbsnUb#id:10023351,england,block,No information,assisted,9.3,28,0,left-foot,low-centre,0,51.4,19,No information,No information,55,No information,3256,28,9.3,48.6,0,48.6,81,36,2144,shot
mason-mount,https://www.sofascore.com/england-germany/lUbsnUb#id:10023351,england,save,No information,assisted,25.2,42.7,0,right-foot,low-left,0,53.8,18.4,No information,No information,53,No information,3157,42.7,25.2,46.2,0,46.2,81.6,38,2243,shot
jonas-hofmann,https://www.sofascore.com/england-germany/lUbsnUb#id:10023351,germany,goal,regular,assisted,13.8,62.5,0,right-foot,low-right,0,47.6,17.7,No information,No information,51,No information,3000,62.5,13.8,52.4,0,52.4,82.3,40,2400,shot
kyle-walker,https://www.sofascore.com/england-germany/lUbsnUb#id:10023351,england,block,No information,assisted,27.4,60.5,0,right-foot,low-centre,0,50,19,No information,No information,47,No information,2804,60.5,27.4,50,0,50,81,44,2596,shot
bukayo-saka,https://www.sofascore.com/england-germany/lUbsnUb#id:10023351,england,miss,No information,regular,25.6,66.6,0,left-foot,close-left,0,57.1,18.1,No information,No information,45,4,2920,66.6,25.6,42.9,0,42.9,81.9,1,2480,shot
john-stones,https://www.sofascore.com/england-germany/lUbsnUb#id:10023351,england,miss,No information,corner,9.1,55.5,0,head,left,0,99.8,2.8,No information,No information,45,2,2774,55.5,9.1,0.2,0,0.2,97.2,1,2626,shot
bukayo-saka,https://www.sofascore.com/england-germany/lUbsnUb#id:10023351,england,save,No information,assisted,8.1,68.2,0,right-foot,high-right,0,47.1,20.3,No information,No information,45,1,2728,68.2,8.1,52.9,0,52.9,79.7,1,2672,shot
jamal-musiala,https://www.sofascore.com/england-germany/lUbsnUb#id:10023351,germany,save,No information,set-piece,15.3,56.5,0,right-foot,low-centre,0,49.7,13.9,No information,No information,45,No information,2681,56.5,15.3,50.3,0,50.3,86.1,1,19,shot
nico-schlotterbeck,https://www.sofascore.com/england-germany/lUbsnUb#id:10023351,germany,miss,No information,set-piece,9.3,33,0,head,right,0,34.1,12.5,No information,No information,45,No information,2678,33,9.3,65.9,0,65.9,87.5,1,22,shot
kai-havertz,https://www.sofascore.com/england-germany/lUbsnUb#id:10023351,germany,block,No information,assisted,4.7,59.9,0,head,low-centre,0,48.8,19,No information,No information,37,No information,2193,59.9,4.7,51.2,0,51.2,81,9,507,shot
jude-bellingham,https://www.sofascore.com/england-germany/lUbsnUb#id:10023351,england,block,No information,assisted,21,62.1,0,right-foot,low-centre,0,50.3,19,No information,No information,29,No information,1704,62.1,21,49.7,0,49.7,81,17,996,shot
kai-havertz,https://www.sofascore.com/england-germany/lUbsnUb#id:10023351,germany,save,No information,assisted,9.1,47.6,0,head,high-left,0,54.1,20.3,No information,No information,28,No information,1641,47.6,9.1,45.9,0,45.9,79.7,18,1059,shot
jamal-musiala,https://www.sofascore.com/england-germany/lUbsnUb#id:10023351,germany,block,No information,assisted,15.8,36.1,0,right-foot,low-centre,0,48.4,19,No information,No information,28,No information,1633,36.1,15.8,51.6,0,51.6,81,18,1067,shot
harry-kane,https://www.sofascore.com/england-germany/lUbsnUb#id:10023351,england,miss,No information,corner,5.1,54.9,0,left-foot,high,0,50.1,72.2,No information,No information,26,No information,1555,54.9,5.1,49.9,0,49.9,27.8,20,1145,shot
jamal-musiala,https://www.sofascore.com/england-germany/lUbsnUb#id:10023351,germany,block,No information,assisted,17,28,0,right-foot,low-centre,0,49.8,19,No information,No information,12,No information,664,28,17,50.2,0,50.2,81,34,2036,shot
harry-kane,https://www.sofascore.com/england-germany/lUbsnUb#id:10023351,england,save,No information,assisted,14.4,73.4,0,right-foot,low-right,0,47.7,19.6,No information,No information,7,No information,378,73.4,14.4,52.3,0,52.3,80.4,39,2322,shot
kai-havertz,https://www.sofascore.com/england-germany/lUbsnUb#id:10023351,germany,save,No information,assisted,10.8,28.2,0,left-foot,low-centre,0,51.6,4.4,No information,No information,2,No information,60,28.2,10.8,48.4,0,48.4,95.6,44,2640,shot

federico-dimarco,https://www.sofascore.com/germany-italy/hUbslUb#id:10023373,italy,miss,No information,regular,25.9,26.1,0,left-foot,left,0,64,31.9,No information,No information,88,No information,5237,26.1,25.9,36,0,36,68.1,3,163,shot
joshua-kimmich,https://www.sofascore.com/germany-italy/hUbslUb#id:10023373,germany,save,No information,assisted,16.6,57.8,0,right-foot,low-centre,0,49,7,No information,No information,79,No information,4718,57.8,16.6,51,0,51,93,12,682,shot
ilkay-gundogan,https://www.sofascore.com/germany-italy/hUbslUb#id:10023373,germany,save,No information,assisted,15.7,41.7,0,left-foot,low-centre,0,51.3,17.7,No information,No information,78,No information,4637,41.7,15.7,48.7,0,48.7,82.3,13,763,shot
joshua-kimmich,https://www.sofascore.com/germany-italy/hUbslUb#id:10023373,germany,goal,regular,regular,9.1,51.7,0,right-foot,low-left,0,52.9,17.1,No information,No information,73,No information,4327,51.7,9.1,47.1,0,47.1,82.9,18,1073,shot
lorenzo-pellegrini,https://www.sofascore.com/germany-italy/hUbslUb#id:10023373,italy,goal,regular,assisted,2.5,49.3,0,right-foot,high-centre,0,49.7,31.6,No information,No information,70,No information,4190,49.3,2.5,50.3,0,50.3,68.4,21,1210,shot
jamal-musiala,https://www.sofascore.com/germany-italy/hUbslUb#id:10023373,germany,miss,No information,assisted,14.5,35,0,right-foot,left,0,61,1.4,No information,No information,68,No information,4071,35,14.5,39,0,39,98.6,23,1329,shot
matteo-politano,https://www.sofascore.com/germany-italy/hUbslUb#id:10023373,italy,block,No information,assisted,11.1,77.4,0,left-foot,low-right,0,46,19,No information,No information,56,No information,3311,77.4,11.1,54,0,54,81,35,2089,shot
gianluca-scamacca,https://www.sofascore.com/germany-italy/hUbslUb#id:10023373,italy,save,No information,assisted,11.8,43,0,right-foot,low-centre,0,49.9,3.8,No information,No information,53,No information,3175,43,11.8,50.1,0,50.1,96.2,38,2225,shot
gianluca-scamacca,https://www.sofascore.com/germany-italy/hUbslUb#id:10023373,italy,miss,No information,assisted,22,68.3,0,right-foot,high,0,47.4,70.8,No information,No information,52,No information,3118,68.3,22,52.6,0,52.6,29.2,39,2282,shot
gianluca-scamacca,https://www.sofascore.com/germany-italy/hUbslUb#id:10023373,italy,miss,No information,assisted,5.5,53.3,0,head,left,0,65.4,1.4,No information,No information,47,No information,2784,53.3,5.5,34.6,0,34.6,98.6,44,2616,shot
lorenzo-pellegrini,https://www.sofascore.com/germany-italy/hUbslUb#id:10023373,italy,block,No information,assisted,20,48.6,0,right-foot,low-left,0,52.9,19,No information,No information,40,No information,2350,48.6,20,47.1,0,47.1,81,6,350,shot
serge-gnabry,https://www.sofascore.com/germany-italy/hUbslUb#id:10023373,germany,miss,No information,assisted,13.5,46.9,0,left-foot,high,0,50.3,76.4,No information,No information,38,No information,2262,46.9,13.5,49.7,0,49.7,23.6,8,438,shot
leon-goretzka,https://www.sofascore.com/germany-italy/hUbslUb#id:10023373,germany,block,No information,assisted,6.7,61.2,0,right-foot,low-right,0,47.6,19,No information,No information,38,No information,2260,61.2,6.7,52.4,0,52.4,81,8,440,shot
davide-frattesi,https://www.sofascore.com/germany-italy/hUbslUb#id:10023373,italy,miss,No information,assisted,16.9,72.2,0,right-foot,high-right,0,43.5,77.8,No information,No information,37,No information,2209,72.2,16.9,56.5,0,56.5,22.2,9,491,shot
leon-goretzka,https://www.sofascore.com/germany-italy/hUbslUb#id:10023373,germany,miss,No information,assisted,20.5,61.6,0,right-foot,high,0,47.7,72.2,No information,No information,36,No information,2123,61.6,20.5,52.3,0,52.3,27.8,10,577,shot
gianluca-scamacca,https://www.sofascore.com/germany-italy/hUbslUb#id:10023373,italy,post,No information,assisted,23.3,54.7,0,right-foot,left,0,55.3,3.8,No information,No information,35,No information,2052,54.7,23.3,44.7,0,44.7,96.2,11,648,shot
davide-frattesi,https://www.sofascore.com/germany-italy/hUbslUb#id:10023373,italy,miss,No information,assisted,18.8,66.4,0,left-foot,right,0,40.5,2.8,No information,No information,34,No information,2031,66.4,18.8,59.5,0,59.5,97.2,12,669,shot
leon-goretzka,https://www.sofascore.com/germany-italy/hUbslUb#id:10023373,germany,miss,No information,assisted,17.5,58.8,0,right-foot,high,0,46.4,81.9,No information,No information,26,No information,1543,58.8,17.5,53.6,0,53.6,18.1,20,1157,shot
thomas-muller,https://www.sofascore.com/germany-italy/hUbslUb#id:10023373,germany,block,No information,assisted,16.1,60.6,0,right-foot,low-left,0,52.7,19,No information,No information,26,No information,1515,60.6,16.1,47.3,0,47.3,81,20,1185,shot
davide-frattesi,https://www.sofascore.com/germany-italy/hUbslUb#id:10023373,italy,miss,No information,regular,26.5,60.7,0,right-foot,left,0,59.5,31.9,No information,No information,16,No information,952,60.7,26.5,40.5,0,40.5,68.1,30,1748,shot
benjamin-henrichs,https://www.sofascore.com/germany-italy/hUbslUb#id:10023373,germany,miss,No information,regular,15.5,72.1,0,left-foot,left,0,100,4.2,No information,No information,15,No information,864,72.1,15.5,0,0,0,95.8,31,1836,shot
serge-gnabry,https://www.sofascore.com/germany-italy/hUbslUb#id:10023373,germany,save,No information,assisted,5.6,71.7,0,right-foot,low-right,0,47,15.8,No information,No information,15,No information,861,71.7,5.6,53,0,53,84.2,31,1839,shot
leroy-sane,https://www.sofascore.com/germany-italy/hUbslUb#id:10023373,germany,miss,No information,assisted,29.6,43.1,0,left-foot,right,0,38,5.6,No information,No information,10,No information,588,43.1,29.6,62,0,62,94.4,36,2112,shot

karim-adeyemi,https://www.sofascore.com/armenia-germany/lUbsPUb#id:9223804,germany,goal,regular,assisted,10.7,59.4,0,left-foot,low-right,0,46.8,3.8,No information,No information,90,1,5425,59.4,10.7,53.2,0,53.2,96.2,1,875,shot
antonio-rudiger,https://www.sofascore.com/armenia-germany/lUbsPUb#id:9223804,germany,miss,No information,corner,7,49.7,0,head,right,0,33.8,8.3,No information,No information,86,No information,5110,49.7,7,66.2,0,66.2,91.7,5,290,shot
leon-goretzka,https://www.sofascore.com/armenia-germany/lUbsPUb#id:9223804,germany,save,No information,assisted,27.4,60,0,right-foot,high-centre,0,49.7,20.9,No information,No information,84,No information,5034,60,27.4,50.3,0,50.3,79.1,7,366,shot
antonio-rudiger,https://www.sofascore.com/armenia-germany/lUbsPUb#id:9223804,germany,miss,No information,corner,25.9,46.1,0,right-foot,left,0,61.5,8.3,No information,No information,69,No information,4130,46.1,25.9,38.5,0,38.5,91.7,22,1270,shot
antonio-rudiger,https://www.sofascore.com/armenia-germany/lUbsPUb#id:9223804,germany,miss,No information,corner,6.4,47,0,head,right,0,38,5.6,No information,No information,69,No information,4110,47,6.4,62,0,62,94.4,22,1290,shot
leon-goretzka,https://www.sofascore.com/armenia-germany/lUbsPUb#id:9223804,germany,block,No information,assisted,23.6,23,0,right-foot,low-centre,0,51.1,19,No information,No information,68,No information,4076,23,23.6,48.9,0,48.9,81,23,1324,shot
jamal-musiala,https://www.sofascore.com/armenia-germany/lUbsPUb#id:9223804,germany,save,No information,assisted,4.1,34.5,0,left-foot,low-centre,0,50.6,4.4,No information,No information,62,No information,3696,34.5,4.1,49.4,0,49.4,95.6,29,1704,shot
jonas-hofmann,https://www.sofascore.com/armenia-germany/lUbsPUb#id:9223804,germany,block,No information,regular,9.8,61.4,0,right-foot,low-centre,0,51.8,5.6,No information,No information,62,No information,3671,61.4,9.8,48.2,0,48.2,94.4,29,1729,shot
serge-gnabry,https://www.sofascore.com/armenia-germany/lUbsPUb#id:9223804,germany,miss,No information,assisted,4.4,48.2,0,right-foot,right,0,39.8,8.3,No information,No information,54,No information,3238,48.2,4.4,60.2,0,60.2,91.7,37,2162,shot
jonas-hofmann,https://www.sofascore.com/armenia-germany/lUbsPUb#id:9223804,germany,goal,regular,corner,24.3,53.6,0,right-foot,low-right,0,47.1,7.6,No information,No information,52,No information,3078,53.6,24.3,52.9,0,52.9,92.4,39,2322,shot
serge-gnabry,https://www.sofascore.com/armenia-germany/lUbsPUb#id:9223804,germany,miss,No information,regular,13.4,53.7,0,right-foot,high,0,44.7,70.8,No information,No information,50,No information,2949,53.7,13.4,55.3,0,55.3,29.2,41,2451,shot
khoren-bayramyan,https://www.sofascore.com/armenia-germany/lUbsPUb#id:9223804,armenia,block,No information,assisted,24.1,32.5,0,left-foot,low-centre,0,49.6,19,No information,No information,49,No information,2925,32.5,24.1,50.4,0,50.4,81,42,2475,shot
timo-werner,https://www.sofascore.com/armenia-germany/lUbsPUb#id:9223804,germany,goal,regular,assisted,4.4,52.4,0,right-foot,low-right,0,46.6,7,No information,No information,45,No information,2640,52.4,4.4,53.4,0,53.4,93,1,60,shot
timo-werner,https://www.sofascore.com/armenia-germany/lUbsPUb#id:9223804,germany,miss,No information,assisted,7.4,50.5,0,head,right,0,31.8,11.1,No information,No information,41,No information,2401,50.5,7.4,68.2,0,68.2,88.9,5,299,shot
marco-reus,https://www.sofascore.com/armenia-germany/lUbsPUb#id:9223804,germany,goal,regular,assisted,9.5,55.3,0,right-foot,low-centre,0,50.8,8.2,No information,No information,35,No information,2079,55.3,9.5,49.2,0,49.2,91.8,11,621,shot
leon-goretzka,https://www.sofascore.com/armenia-germany/lUbsPUb#id:9223804,germany,block,No information,regular,24.2,38.2,0,right-foot,low-left,0,52.8,19,No information,No information,35,No information,2043,38.2,24.2,47.2,0,47.2,81,11,657,shot
marco-reus,https://www.sofascore.com/armenia-germany/lUbsPUb#id:9223804,germany,save,No information,assisted,15,59.1,0,left-foot,high-centre,0,49.4,20.9,No information,No information,33,No information,1950,59.1,15,50.6,0,50.6,79.1,13,750,shot
sargis-adamyan,https://www.sofascore.com/armenia-germany/lUbsPUb#id:9223804,armenia,save,No information,assisted,10.7,33.6,0,left-foot,low-centre,0,50.7,1.9,No information,No information,32,No information,1911,33.6,10.7,49.3,0,49.3,98.1,14,789,shot
leroy-sane,https://www.sofascore.com/armenia-germany/lUbsPUb#id:9223804,germany,post,No information,assisted,18.8,33.2,0,right-foot,high,0,46.8,39.2,No information,No information,22,No information,1306,33.2,18.8,53.2,0,53.2,60.8,24,1394,shot
serge-gnabry,https://www.sofascore.com/armenia-germany/lUbsPUb#id:9223804,germany,goal,regular,regular,6.5,64,0,right-foot,high-left,0,54.2,24.1,No information,No information,15,No information,896,64,6.5,45.8,0,45.8,75.9,31,1804,shot
leon-goretzka,https://www.sofascore.com/armenia-germany/lUbsPUb#id:9223804,germany,save,No information,corner,8,51.5,0,head,low-left,0,54.5,15.8,No information,No information,12,No information,693,51.5,8,45.5,0,45.5,84.2,34,2007,shot
leroy-sane,https://www.sofascore.com/armenia-germany/lUbsPUb#id:9223804,germany,save,No information,regular,25.9,34.5,0,left-foot,low-left,0,54.1,11.4,No information,No information,11,No information,638,34.5,25.9,45.9,0,45.9,88.6,35,2062,shot
leon-goretzka,https://www.sofascore.com/armenia-germany/lUbsPUb#id:9223804,germany,miss,No information,assisted,19,44.6,0,right-foot,high,0,46.1,62.5,No information,No information,8,No information,449,44.6,19,53.9,0,53.9,37.5,38,2251,shot
serge-gnabry,https://www.sofascore.com/armenia-germany/lUbsPUb#id:9223804,germany,goal,regular,assisted,5,71.2,0,right-foot,high-centre,0,51.6,23.4,No information,No information,6,No information,339,71.2,5,48.4,0,48.4,76.6,40,2361,shot
thilo-kehrer,https://www.sofascore.com/armenia-germany/lUbsPUb#id:9223804,germany,miss,No information,corner,9.5,40.2,0,head,close-high,0,55,43.1,No information,No information,5,No information,249,40.2,9.5,45,0,45,56.9,41,2451,shot
henrikh-mkhitaryan,https://www.sofascore.com/armenia-germany/lUbsPUb#id:9223804,armenia,miss,No information,regular,19.1,35.5,0,left-foot,high,0,51.3,87.5,No information,No information,2,No information,69,35.5,19.1,48.7,0,48.7,12.5,44,2631,shot

niclas-fullkrug,https://www.sofascore.com/germany-spain/YTbslUb#id:10230575,germany,goal,regular,assisted,8,64.7,0,right-foot,high-left,0,52,34.8,No information,No information,83,No information,4945,64.7,8,48,0,48,65.2,8,455,shot
joshua-kimmich,https://www.sofascore.com/germany-spain/YTbslUb#id:10230575,germany,block,No information,free-kick,25.6,29.5,0,right-foot,low-left,0,52.6,19,No information,No information,81,No information,4818,29.5,25.6,47.4,0,47.4,81,10,582,shot
niclas-fullkrug,https://www.sofascore.com/germany-spain/YTbslUb#id:10230575,germany,miss,No information,corner,10.2,51.9,0,head,high-right,0,41.3,70.8,No information,No information,74,No information,4397,51.9,10.2,58.7,0,58.7,29.2,17,1003,shot
serge-gnabry,https://www.sofascore.com/germany-spain/YTbslUb#id:10230575,germany,block,No information,assisted,13.2,31,0,right-foot,low-left,0,52.4,19,No information,No information,73,No information,4370,31,13.2,47.6,0,47.6,81,18,1030,shot
jamal-musiala,https://www.sofascore.com/germany-spain/YTbslUb#id:10230575,germany,save,No information,assisted,8.8,64.1,0,right-foot,low-centre,0,51.6,18.4,No information,No information,73,No information,4363,64.1,8.8,48.4,0,48.4,81.6,18,1037,shot
niclas-fullkrug,https://www.sofascore.com/germany-spain/YTbslUb#id:10230575,germany,miss,No information,assisted,7.7,52.6,0,right-foot,left,0,92.8,5.6,No information,No information,73,No information,4320,52.6,7.7,7.2,0,7.2,94.4,18,1080,shot
marco-asensio,https://www.sofascore.com/germany-spain/YTbslUb#id:10230575,spain,miss,No information,assisted,18.3,54.8,0,left-foot,high-left,0,56.6,80.6,No information,No information,65,No information,3866,54.8,18.3,43.4,0,43.4,19.4,26,1534,shot
leon-goretzka,https://www.sofascore.com/germany-spain/YTbslUb#id:10230575,germany,block,No information,regular,22.9,48.7,0,right-foot,low-centre,0,48.3,19,No information,No information,64,No information,3804,48.7,22.9,51.7,0,51.7,81,27,1596,shot
alvaro-morata,https://www.sofascore.com/germany-spain/YTbslUb#id:10230575,spain,goal,regular,assisted,6.9,44.7,0,right-foot,high-left,0,53.1,26.6,No information,No information,62,No information,3694,44.7,6.9,46.9,0,46.9,73.4,29,1706,shot
dani-olmo,https://www.sofascore.com/germany-spain/YTbslUb#id:10230575,spain,save,No information,assisted,27.8,41.2,0,right-foot,low-left,0,52.3,3.2,No information,No information,58,No information,3479,41.2,27.8,47.7,0,47.7,96.8,33,1921,shot
joshua-kimmich,https://www.sofascore.com/germany-spain/YTbslUb#id:10230575,germany,save,No information,assisted,14.3,49.8,0,right-foot,low-left,0,53.6,15.8,No information,No information,56,No information,3353,49.8,14.3,46.4,0,46.4,84.2,35,2047,shot
antonio-rudiger,https://www.sofascore.com/germany-spain/YTbslUb#id:10230575,germany,save,No information,set-piece,7.7,74.4,0,right-foot,high-centre,0,48.7,23.4,No information,No information,45,No information,2674,74.4,7.7,51.3,0,51.3,76.6,1,26,shot
ferran-torres,https://www.sofascore.com/germany-spain/YTbslUb#id:10230575,spain,block,No information,corner,11.4,68.9,0,right-foot,low-centre,0,48.3,19,No information,No information,36,No information,2104,68.9,11.4,51.7,0,51.7,81,10,596,shot
antonio-rudiger,https://www.sofascore.com/germany-spain/YTbslUb#id:10230575,germany,miss,No information,assisted,27.9,33.8,0,right-foot,high-right,0,36.6,94.4,No information,No information,30,No information,1779,33.8,27.9,63.4,0,63.4,5.6,16,921,shot
ferran-torres,https://www.sofascore.com/germany-spain/YTbslUb#id:10230575,spain,block,No information,assisted,14.8,57.7,0,left-foot,low-centre,0,48.3,19,No information,No information,26,No information,1558,57.7,14.8,51.7,0,51.7,81,20,1142,shot
serge-gnabry,https://www.sofascore.com/germany-spain/YTbslUb#id:10230575,germany,miss,No information,regular,16.2,67.8,0,left-foot,left,0,63.7,1.4,No information,No information,25,No information,1451,67.8,16.2,36.3,0,36.3,98.6,21,1249,shot
jordi-alba,https://www.sofascore.com/germany-spain/YTbslUb#id:10230575,spain,miss,No information,assisted,22.9,26.4,0,right-foot,close-left,0,57,9.7,No information,No information,22,No information,1273,26.4,22.9,43,0,43,90.3,24,1427,shot
dani-olmo,https://www.sofascore.com/germany-spain/YTbslUb#id:10230575,spain,save,No information,assisted,20.1,29.7,0,right-foot,high-right,0,47.5,32.3,No information,No information,7,No information,385,29.7,20.1,52.5,0,52.5,67.7,39,2315,shot

bukayo-saka,https://www.sofascore.com/england-germany/lUbsnUb#id:10023377,england,save,No information,fast-break,10.5,65.5,0,right-foot,low-left,0,53.5,4.4,No information,No information,90,No information,5373,65.5,10.5,46.5,0,46.5,95.6,1,27,shot
kai-havertz,https://www.sofascore.com/england-germany/lUbsnUb#id:10023377,germany,block,No information,assisted,14.1,54.8,0,left-foot,low-right,0,47.1,19,No information,No information,90,No information,5360,54.8,14.1,52.9,0,52.9,81,1,40,shot
kai-havertz,https://www.sofascore.com/england-germany/lUbsnUb#id:10023377,germany,goal,regular,regular,3.7,48.7,0,left-foot,low-left,0,52.9,1.9,No information,No information,87,No information,5195,48.7,3.7,47.1,0,47.1,98.1,4,205,shot
serge-gnabry,https://www.sofascore.com/england-germany/lUbsnUb#id:10023377,germany,save,No information,assisted,25.2,34.9,0,right-foot,low-right,0,47.7,7,No information,No information,87,No information,5192,34.9,25.2,52.3,0,52.3,93,4,208,shot
harry-kane,https://www.sofascore.com/england-germany/lUbsnUb#id:10023377,england,goal,penalty,penalty,11.5,50,0,right-foot,high-left,0,54.4,27.8,No information,No information,83,No information,4977,50,11.5,45.6,0,45.6,72.2,8,423,shot
mason-mount,https://www.sofascore.com/england-germany/lUbsnUb#id:10023377,england,goal,regular,assisted,16.9,55.5,0,right-foot,low-right,0,45.5,18.4,No information,No information,75,No information,4445,55.5,16.9,54.5,0,54.5,81.6,16,955,shot
luke-shaw,https://www.sofascore.com/england-germany/lUbsnUb#id:10023377,england,goal,regular,assisted,4.3,41.7,0,left-foot,low-left,0,52.6,2.5,No information,No information,72,No information,4260,41.7,4.3,47.4,0,47.4,97.5,19,1140,shot
jude-bellingham,https://www.sofascore.com/england-germany/lUbsnUb#id:10023377,england,save,No information,regular,24.9,41.2,0,right-foot,low-centre,0,50.3,5.1,No information,No information,69,No information,4121,41.2,24.9,49.7,0,49.7,94.9,22,1279,shot
kai-havertz,https://www.sofascore.com/england-germany/lUbsnUb#id:10023377,germany,goal,regular,assisted,21.5,63.2,0,left-foot,high-left,0,54.5,27.8,No information,No information,67,No information,3975,63.2,21.5,45.5,0,45.5,72.2,24,1425,shot
eric-dier,https://www.sofascore.com/england-germany/lUbsnUb#id:10023377,england,miss,No information,corner,8.5,53.3,0,head,high,0,45.4,68.1,No information,No information,65,No information,3879,53.3,8.5,54.6,0,54.6,31.9,26,1521,shot
timo-werner,https://www.sofascore.com/england-germany/lUbsnUb#id:10023377,germany,miss,No information,assisted,11.6,34.6,0,left-foot,close-right,0,41.2,6.9,No information,No information,62,No information,3669,34.6,11.6,58.8,0,58.8,93.1,29,1731,shot
niklas-sule,https://www.sofascore.com/england-germany/lUbsnUb#id:10023377,germany,miss,No information,assisted,18.8,54.6,0,right-foot,close-left,0,57.3,2.8,No information,No information,60,No information,3575,54.6,18.8,42.7,0,42.7,97.2,31,1825,shot
jude-bellingham,https://www.sofascore.com/england-germany/lUbsnUb#id:10023377,england,miss,No information,corner,15.4,57.9,0,right-foot,close-right,0,41.2,9.7,No information,No information,58,No information,3438,57.9,15.4,58.8,0,58.8,90.3,33,1962,shot
jude-bellingham,https://www.sofascore.com/england-germany/lUbsnUb#id:10023377,england,miss,No information,assisted,15.5,59,0,right-foot,high,0,45.2,70.8,No information,No information,56,No information,3310,59,15.5,54.8,0,54.8,29.2,35,2090,shot
ilkay-gundogan,https://www.sofascore.com/england-germany/lUbsnUb#id:10023377,germany,goal,penalty,penalty,11.5,50,0,right-foot,low-right,0,46.2,0.6,No information,No information,52,No information,3114,50,11.5,53.8,0,53.8,99.4,39,2286,shot
raheem-sterling,https://www.sofascore.com/england-germany/lUbsnUb#id:10023377,england,save,No information,assisted,22.8,29.5,0,right-foot,low-right,0,47.4,10.8,No information,No information,49,No information,2890,29.5,22.8,52.6,0,52.6,89.2,42,2510,shot
joshua-kimmich,https://www.sofascore.com/england-germany/lUbsnUb#id:10023377,germany,miss,No information,assisted,28.2,52.6,0,right-foot,close-left,0,58.2,5.6,No information,No information,45,2,2811,52.6,28.2,41.8,0,41.8,94.4,1,2589,shot
raheem-sterling,https://www.sofascore.com/england-germany/lUbsnUb#id:10023377,england,save,No information,fast-break,10.3,33.9,0,left-foot,low-left,0,52.1,5.7,No information,No information,44,No information,2615,33.9,10.3,47.9,0,47.9,94.3,2,85,shot
harry-maguire,https://www.sofascore.com/england-germany/lUbsnUb#id:10023377,england,miss,No information,corner,13,55.3,0,head,close-high,0,49.2,59.7,No information,No information,39,No information,2300,55.3,13,50.8,0,50.8,40.3,7,400,shot
harry-kane,https://www.sofascore.com/england-germany/lUbsnUb#id:10023377,england,miss,No information,corner,10.7,71.7,0,right-foot,left,0,61,15.3,No information,No information,27,No information,1561,71.7,10.7,39,0,39,84.7,19,1139,shot
raheem-sterling,https://www.sofascore.com/england-germany/lUbsnUb#id:10023377,england,save,No information,fast-break,12.8,52.9,0,left-foot,low-left,0,52.9,1.9,No information,No information,25,No information,1451,52.9,12.8,47.1,0,47.1,98.1,21,1249,shot
leroy-sane,https://www.sofascore.com/england-germany/lUbsnUb#id:10023377,germany,block,No information,free-kick,23.1,36.4,0,left-foot,low-left,0,52.8,19,No information,No information,18,No information,1022,36.4,23.1,47.2,0,47.2,81,28,1678,shot
ilkay-gundogan,https://www.sofascore.com/england-germany/lUbsnUb#id:10023377,germany,miss,No information,assisted,22.8,50.3,0,right-foot,close-high,0,47.7,54.2,No information,No information,11,No information,618,50.3,22.8,52.3,0,52.3,45.8,35,2082,shot

nicolae-stanciu,https://www.sofascore.com/germany-romania/CObslUb#id:9223755,romania,miss,No information,regular,2.1,34.2,0,left-foot,close-left,0,57,5.6,No information,No information,90,No information,5390,34.2,2.1,43,0,43,94.4,1,10,shot
alexandru-maxim,https://www.sofascore.com/germany-romania/CObslUb#id:9223755,romania,miss,No information,assisted,15.2,24.6,0,right-foot,right,0,5.9,2.8,No information,No information,89,No information,5339,24.6,15.2,94.1,0,94.1,97.2,2,61,shot
george-puscas,https://www.sofascore.com/germany-romania/CObslUb#id:9223755,romania,save,No information,assisted,10.1,37.5,0,left-foot,low-centre,0,51.6,13.3,No information,No information,87,No information,5194,37.5,10.1,48.4,0,48.4,86.7,4,206,shot
timo-werner,https://www.sofascore.com/germany-romania/CObslUb#id:9223755,germany,save,No information,assisted,12,39.5,0,right-foot,low-centre,0,48.2,13.3,No information,No information,80,No information,4783,39.5,12,51.8,0,51.8,86.7,11,617,shot
matthias-ginter,https://www.sofascore.com/germany-romania/CObslUb#id:9223755,germany,block,No information,set-piece,23.5,70,0,right-foot,low-centre,0,51.6,19,No information,No information,76,No information,4524,70,23.5,48.4,0,48.4,81,15,876,shot
leroy-sane,https://www.sofascore.com/germany-romania/CObslUb#id:9223755,germany,block,No information,free-kick,25.3,54,0,left-foot,low-centre,0,50.2,19,No information,No information,76,No information,4521,54,25.3,49.8,0,49.8,81,15,879,shot
leroy-sane,https://www.sofascore.com/germany-romania/CObslUb#id:9223755,germany,miss,No information,assisted,4.4,44.3,0,left-foot,close-right,0,41.7,2.8,No information,No information,63,No information,3728,44.3,4.4,58.3,0,58.3,97.2,28,1672,shot
claudiu-keseru,https://www.sofascore.com/germany-romania/CObslUb#id:9223755,romania,block,No information,assisted,13.4,64.5,0,left-foot,low-left,0,51.8,19,No information,No information,62,No information,3711,64.5,13.4,48.2,0,48.2,81,29,1689,shot
leon-goretzka,https://www.sofascore.com/germany-romania/CObslUb#id:9223755,germany,miss,No information,regular,18.5,48.1,0,right-foot,high,0,48.9,86.1,No information,No information,60,No information,3551,48.1,18.5,51.1,0,51.1,13.9,31,1849,shot
ilkay-gundogan,https://www.sofascore.com/germany-romania/CObslUb#id:9223755,germany,save,No information,assisted,14.5,41.6,0,right-foot,high-centre,0,51.1,29.1,No information,No information,60,No information,3549,41.6,14.5,48.9,0,48.9,70.9,31,1851,shot
serge-gnabry,https://www.sofascore.com/germany-romania/CObslUb#id:9223755,germany,save,No information,regular,15.5,51.1,0,left-foot,low-right,0,45.9,1.9,No information,No information,58,No information,3446,51.1,15.5,54.1,0,54.1,98.1,33,1954,shot
florin-tanase,https://www.sofascore.com/germany-romania/CObslUb#id:9223755,romania,miss,No information,regular,12.1,60,0,left-foot,high-left,0,56.6,68.1,No information,No information,55,No information,3272,60,12.1,43.4,0,43.4,31.9,36,2128,shot
matthias-ginter,https://www.sofascore.com/germany-romania/CObslUb#id:9223755,germany,miss,No information,assisted,32,48.4,0,right-foot,left,0,60.3,1.4,No information,No information,54,No information,3197,48.4,32,39.7,0,39.7,98.6,37,2203,shot
leon-goretzka,https://www.sofascore.com/germany-romania/CObslUb#id:9223755,germany,save,No information,assisted,14.2,55.3,0,right-foot,low-right,0,47.1,19.6,No information,No information,50,No information,2970,55.3,14.2,52.9,0,52.9,80.4,41,2430,shot
emre-can,https://www.sofascore.com/germany-romania/CObslUb#id:9223755,germany,save,No information,assisted,23.2,30.7,0,right-foot,high-centre,0,50.7,24.1,No information,No information,45,1,2712,30.7,23.2,49.3,0,49.3,75.9,1,2688,shot
serge-gnabry,https://www.sofascore.com/germany-romania/CObslUb#id:9223755,germany,miss,No information,set-piece,11.5,53.9,0,head,high,0,49.2,63.9,No information,No information,43,No information,2542,53.9,11.5,50.8,0,50.8,36.1,3,158,shot
serge-gnabry,https://www.sofascore.com/germany-romania/CObslUb#id:9223755,germany,miss,No information,assisted,7.5,59.4,0,left-foot,close-right,0,43,5.6,No information,No information,32,No information,1891,59.4,7.5,57,0,57,94.4,14,809,shot
joshua-kimmich,https://www.sofascore.com/germany-romania/CObslUb#id:9223755,germany,block,No information,assisted,13.4,45.8,0,right-foot,low-centre,0,51.1,19,No information,No information,28,No information,1631,45.8,13.4,48.9,0,48.9,81,18,1069,shot
razvan-marin,https://www.sofascore.com/germany-romania/CObslUb#id:9223755,romania,save,No information,assisted,21.8,51.3,0,right-foot,low-left,0,53,1.9,No information,No information,27,No information,1583,51.3,21.8,47,0,47,98.1,19,1117,shot
serge-gnabry,https://www.sofascore.com/germany-romania/CObslUb#id:9223755,germany,save,No information,regular,8.4,50,0,right-foot,low-centre,0,50.4,14.6,No information,No information,19,No information,1093,50,8.4,49.6,0,49.6,85.4,27,1607,shot
joshua-kimmich,https://www.sofascore.com/germany-romania/CObslUb#id:9223755,germany,save,No information,assisted,27.7,56.7,0,right-foot,high-centre,0,48.4,33.5,No information,No information,19,No information,1088,56.7,27.7,51.6,0,51.6,66.5,27,1612,shot
serge-gnabry,https://www.sofascore.com/germany-romania/CObslUb#id:9223755,germany,goal,regular,assisted,7.3,48.5,0,right-foot,low-left,0,52.5,1.9,No information,No information,16,No information,955,48.5,7.3,47.5,0,47.5,98.1,30,1745,shot
vlad-chiriches,https://www.sofascore.com/germany-romania/CObslUb#id:9223755,romania,block,No information,corner,8.5,46.8,0,left-foot,low-left,0,52.5,19,No information,No information,14,No information,792,46.8,8.5,47.5,0,47.5,81,32,1908,shot
valentin-mihaila,https://www.sofascore.com/germany-romania/CObslUb#id:9223755,romania,miss,No information,assisted,9.2,39.1,0,left-foot,close-high-left,0,57.5,45.8,No information,No information,12,No information,688,39.1,9.2,42.5,0,42.5,54.2,34,2012,shot
kai-havertz,https://www.sofascore.com/germany-romania/CObslUb#id:9223755,germany,save,No information,assisted,4.2,65.2,0,left-foot,low-centre,0,51.6,5.1,No information,No information,9,No information,508,65.2,4.2,48.4,0,48.4,94.9,37,2192,shot
claudiu-keseru,https://www.sofascore.com/germany-romania/CObslUb#id:9223755,romania,miss,No information,fast-break,18.9,52.4,0,left-foot,high,0,54.8,90.3,No information,No information,8,No information,463,52.4,18.9,45.2,0,45.2,9.7,38,2237,shot
emre-can,https://www.sofascore.com/germany-romania/CObslUb#id:9223755,germany,miss,No information,regular,13.9,28.9,0,right-foot,high-right,0,43.7,61.1,No information,No information,5,No information,242,28.9,13.9,56.3,0,56.3,38.9,41,2458,shot

joshua-kimmich,https://www.sofascore.com/germany-hungary/jUbslUb#id:10023383,germany,miss,No information,regular,20.7,51.3,0,right-foot,close-left,0,57.3,6.9,No information,No information,87,No information,5177,51.3,20.7,42.7,0,42.7,93.1,4,223,shot
laszlo-kleinheisler,https://www.sofascore.com/germany-hungary/jUbslUb#id:10023383,hungary,save,No information,regular,11.7,37.7,0,right-foot,low-centre,0,49.4,6.3,No information,No information,86,No information,5116,37.7,11.7,50.6,0,50.6,93.7,5,284,shot
joshua-kimmich,https://www.sofascore.com/germany-hungary/jUbslUb#id:10023383,germany,block,No information,assisted,14.9,45.1,0,right-foot,low-left,0,53.1,16.7,No information,No information,77,No information,4567,45.1,14.9,46.9,0,46.9,83.3,14,833,shot
martin-adam,https://www.sofascore.com/germany-hungary/jUbslUb#id:10023383,hungary,save,No information,fast-break,12.4,31.1,0,left-foot,low-centre,0,48.4,1.3,No information,No information,72,No information,4273,31.1,12.4,51.6,0,51.6,98.7,19,1127,shot
leroy-sane,https://www.sofascore.com/germany-hungary/jUbslUb#id:10023383,germany,miss,No information,assisted,8.4,45.2,0,other,high,0,54.1,80.6,No information,No information,69,No information,4111,45.2,8.4,45.9,0,45.9,19.4,22,1289,shot
joshua-kimmich,https://www.sofascore.com/germany-hungary/jUbslUb#id:10023383,germany,block,No information,assisted,28.7,21.5,0,right-foot,low-left,0,53.1,19.4,No information,No information,60,No information,3558,21.5,28.7,46.9,0,46.9,80.6,31,1842,shot
timo-werner,https://www.sofascore.com/germany-hungary/jUbslUb#id:10023383,germany,save,No information,assisted,15,47.3,0,right-foot,low-centre,0,50.3,17.7,No information,No information,57,No information,3374,47.3,15,49.7,0,49.7,82.3,34,2026,shot
leroy-sane,https://www.sofascore.com/germany-hungary/jUbslUb#id:10023383,germany,save,No information,assisted,4.3,31.9,0,left-foot,low-centre,0,51,1.3,No information,No information,51,No information,3018,31.9,4.3,49,0,49,98.7,40,2382,shot
thomas-muller,https://www.sofascore.com/germany-hungary/jUbslUb#id:10023383,germany,miss,No information,set-piece,8.7,55.4,0,right-foot,left,0,67.2,13.9,No information,No information,49,No information,2888,55.4,8.7,32.8,0,32.8,86.1,42,2512,shot
antonio-rudiger,https://www.sofascore.com/germany-hungary/jUbslUb#id:10023383,germany,block,No information,assisted,28.3,47.8,0,right-foot,low-left,0,54.5,1.4,No information,No information,42,No information,2502,47.8,28.3,45.5,0,45.5,98.6,4,198,shot
thomas-muller,https://www.sofascore.com/germany-hungary/jUbslUb#id:10023383,germany,save,No information,assisted,7.5,59.6,0,head,high-centre,0,48.9,22.2,No information,No information,39,No information,2298,59.6,7.5,51.1,0,51.1,77.8,7,402,shot
willi-orban,https://www.sofascore.com/germany-hungary/jUbslUb#id:10023383,hungary,block,No information,corner,9.1,55.9,0,head,low-left,0,53.8,12.5,No information,No information,36,No information,2151,55.9,9.1,46.2,0,46.2,87.5,10,549,shot
daniel-gazdag,https://www.sofascore.com/germany-hungary/jUbslUb#id:10023383,hungary,miss,No information,assisted,8.3,31,0,left-foot,left,0,61.8,12.5,No information,No information,30,No information,1792,31,8.3,38.2,0,38.2,87.5,16,908,shot
leroy-sane,https://www.sofascore.com/germany-hungary/jUbslUb#id:10023383,germany,miss,No information,corner,26.5,37.6,0,left-foot,high-left,0,57.3,75,No information,No information,27,No information,1582,37.6,26.5,42.7,0,42.7,25,19,1118,shot
adam-szalai,https://www.sofascore.com/germany-hungary/jUbslUb#id:10023383,hungary,goal,regular,corner,3.7,36,0,right-foot,low-right,0,47.1,19.6,No information,No information,17,No information,1009,36,3.7,52.9,0,52.9,80.4,29,1691,shot
adam-szalai,https://www.sofascore.com/germany-hungary/jUbslUb#id:10023383,hungary,block,No information,assisted,19.9,42.1,0,left-foot,low-centre,0,50,19,No information,No information,17,No information,973,42.1,19.9,50,0,50,81,29,1727,shot
dominik-szoboszlai,https://www.sofascore.com/germany-hungary/jUbslUb#id:10023383,hungary,block,No information,assisted,22.9,27.5,0,right-foot,low-left,0,52.2,19,No information,No information,10,No information,556,27.5,22.9,47.8,0,47.8,81,36,2144,shot

jamal-musiala,https://www.sofascore.com/costa-rica-germany/lUbsgVb#id:10230573,germany,save,No information,assisted,10.5,48.5,0,left-foot,low-centre,0,51.3,15.2,No information,No information,90,10,5967,48.5,10.5,48.7,0,48.7,84.8,1,333,shot
jamal-musiala,https://www.sofascore.com/costa-rica-germany/lUbsgVb#id:10230573,germany,block,No information,assisted,10.8,45.9,0,right-foot,low-centre,0,50.7,19,No information,No information,90,7,5766,45.9,10.8,49.3,0,49.3,81,1,534,shot
niclas-fullkrug,https://www.sofascore.com/costa-rica-germany/lUbsgVb#id:10230573,germany,miss,No information,assisted,2.1,41.7,0,head,close-high,0,49.7,50,No information,No information,90,6,5715,41.7,2.1,50.3,0,50.3,50,1,585,shot
niclas-fullkrug,https://www.sofascore.com/costa-rica-germany/lUbsgVb#id:10230573,germany,block,No information,assisted,18,49,0,right-foot,low-right,0,46.6,19,No information,No information,90,5,5699,49,18,53.4,0,53.4,81,1,601,shot
niclas-fullkrug,https://www.sofascore.com/costa-rica-germany/lUbsgVb#id:10230573,germany,goal,regular,assisted,4.1,50,0,left-foot,low-right,0,46.2,4.4,No information,No information,89,No information,5295,50,4.1,53.8,0,53.8,95.6,2,105,shot
mario-gotze,https://www.sofascore.com/costa-rica-germany/lUbsgVb#id:10230573,germany,save,No information,regular,12.5,53.6,0,head,high-centre,0,51,29.1,No information,No information,86,No information,5124,53.6,12.5,49,0,49,70.9,5,276,shot
kai-havertz,https://www.sofascore.com/costa-rica-germany/lUbsgVb#id:10230573,germany,save,No information,assisted,8.1,31.4,0,left-foot,low-centre,0,48.4,15.8,No information,No information,86,No information,5122,31.4,8.1,51.6,0,51.6,84.2,5,278,shot
kai-havertz,https://www.sofascore.com/costa-rica-germany/lUbsgVb#id:10230573,germany,goal,regular,assisted,6.4,46.8,0,left-foot,low-right,0,46.8,11.4,No information,No information,85,No information,5044,46.8,6.4,53.2,0,53.2,88.6,6,356,shot
jamal-musiala,https://www.sofascore.com/costa-rica-germany/lUbsgVb#id:10230573,germany,miss,No information,regular,13.8,38.8,0,right-foot,high,0,45.5,83.3,No information,No information,84,No information,4983,38.8,13.8,54.5,0,54.5,16.7,7,417,shot
jewison-bennette,https://www.sofascore.com/costa-rica-germany/lUbsgVb#id:10230573,costa rica,miss,No information,assisted,25.1,59.6,0,left-foot,high-left,0,69.2,88.9,No information,No information,80,No information,4745,59.6,25.1,30.8,0,30.8,11.1,11,655,shot
niclas-fullkrug,https://www.sofascore.com/costa-rica-germany/lUbsgVb#id:10230573,germany,save,No information,fast-break,4.6,55.1,0,right-foot,high-centre,0,48.4,23.4,No information,No information,76,No information,4519,55.1,4.6,51.6,0,51.6,76.6,15,881,shot
kai-havertz,https://www.sofascore.com/costa-rica-germany/lUbsgVb#id:10230573,germany,miss,No information,regular,15.7,43.3,0,left-foot,right,0,35.1,9.7,No information,No information,74,No information,4436,43.3,15.7,64.9,0,64.9,90.3,17,964,shot
kai-havertz,https://www.sofascore.com/costa-rica-germany/lUbsgVb#id:10230573,germany,goal,regular,assisted,11,51.9,0,right-foot,low-left,0,52.9,9.5,No information,No information,73,No information,4325,51.9,11,47.1,0,47.1,90.5,18,1075,shot
juan-pablo-vargas,https://www.sofascore.com/costa-rica-germany/lUbsgVb#id:10230573,costa rica,goal,regular,set-piece,2.6,53,0,left-foot,low-right,0,45.4,3.2,No information,No information,70,No information,4148,53,2.6,54.6,0,54.6,96.8,21,1252,shot
juan-pablo-vargas,https://www.sofascore.com/costa-rica-germany/lUbsgVb#id:10230573,costa rica,save,No information,set-piece,4.2,53.9,0,left-foot,low-centre,0,48.3,12,No information,No information,70,No information,4147,53.9,4.2,51.7,0,51.7,88,21,1253,shot
kai-havertz,https://www.sofascore.com/costa-rica-germany/lUbsgVb#id:10230573,germany,miss,No information,assisted,12.8,43.5,0,right-foot,high-right,0,41.3,98.6,No information,No information,67,No information,4011,43.5,12.8,58.7,0,58.7,1.4,24,1389,shot
jamal-musiala,https://www.sofascore.com/costa-rica-germany/lUbsgVb#id:10230573,germany,post,No information,assisted,19.5,32.8,0,right-foot,right,0,44.8,12,No information,No information,67,No information,3988,32.8,19.5,55.2,0,55.2,88,24,1412,shot
antonio-rudiger,https://www.sofascore.com/costa-rica-germany/lUbsgVb#id:10230573,germany,post,No information,corner,4.1,55,0,right-foot,right,0,44.3,16.5,No information,No information,62,No information,3703,55,4.1,55.7,0,55.7,83.5,29,1697,shot
thomas-muller,https://www.sofascore.com/costa-rica-germany/lUbsgVb#id:10230573,germany,block,No information,assisted,11.4,58.1,0,right-foot,low-centre,0,50.7,19,No information,No information,62,No information,3662,58.1,11.4,49.3,0,49.3,81,29,1738,shot
jamal-musiala,https://www.sofascore.com/costa-rica-germany/lUbsgVb#id:10230573,germany,miss,No information,regular,3.3,41.2,0,right-foot,high-right,0,41.7,87.5,No information,No information,61,No information,3614,41.2,3.3,58.3,0,58.3,12.5,30,1786,shot
jamal-musiala,https://www.sofascore.com/costa-rica-germany/lUbsgVb#id:10230573,germany,post,No information,assisted,8.2,32.2,0,left-foot,right,0,44.8,8.2,No information,No information,61,No information,3613,32.2,8.2,55.2,0,55.2,91.8,30,1787,shot
yeltsin-tejeda,https://www.sofascore.com/costa-rica-germany/lUbsgVb#id:10230573,costa rica,goal,regular,regular,4.5,49.4,0,right-foot,low-left,0,53.8,0.6,No information,No information,58,No information,3460,49.4,4.5,46.2,0,46.2,99.4,33,1940,shot
kendall-waston,https://www.sofascore.com/costa-rica-germany/lUbsgVb#id:10230573,costa rica,save,No information,assisted,9.2,56.5,0,head,low-centre,0,48.8,1.9,No information,No information,58,No information,3458,56.5,9.2,51.2,0,51.2,98.1,33,1942,shot
leroy-sane,https://www.sofascore.com/costa-rica-germany/lUbsgVb#id:10230573,germany,miss,No information,corner,26.6,46.4,0,left-foot,high-left,0,60.2,70.8,No information,No information,55,No information,3295,46.4,26.6,39.8,0,39.8,29.2,36,2105,shot
serge-gnabry,https://www.sofascore.com/costa-rica-germany/lUbsgVb#id:10230573,germany,block,No information,corner,19,33.4,0,right-foot,low-centre,0,50.9,19,No information,No information,55,No information,3287,33.4,19,49.1,0,49.1,81,36,2113,shot
yeltsin-tejeda,https://www.sofascore.com/costa-rica-germany/lUbsgVb#id:10230573,costa rica,save,No information,assisted,21.8,62.5,0,right-foot,low-centre,0,50.9,4.4,No information,No information,52,No information,3090,62.5,21.8,49.1,0,49.1,95.6,39,2310,shot
keysher-fuller,https://www.sofascore.com/costa-rica-germany/lUbsgVb#id:10230573,costa rica,block,No information,assisted,10.8,70.9,0,right-foot,low-left,0,52.4,19,No information,No information,52,No information,3072,70.9,10.8,47.6,0,47.6,81,39,2328,shot
leroy-sane,https://www.sofascore.com/costa-rica-germany/lUbsgVb#id:10230573,germany,block,No information,assisted,19.1,54.9,0,left-foot,low-left,0,53.9,19,No information,No information,45,1,2712,54.9,19.1,46.1,0,46.1,81,1,2688,shot
leroy-sane,https://www.sofascore.com/costa-rica-germany/lUbsgVb#id:10230573,germany,miss,No information,assisted,20.7,57.4,0,left-foot,high,0,47.1,88.9,No information,No information,45,No information,2675,57.4,20.7,52.9,0,52.9,11.1,1,25,shot
keysher-fuller,https://www.sofascore.com/costa-rica-germany/lUbsgVb#id:10230573,costa rica,save,No information,regular,11.4,62.7,0,right-foot,high-centre,0,48.8,28.5,No information,No information,42,No information,2515,62.7,11.4,51.2,0,51.2,71.5,4,185,shot
serge-gnabry,https://www.sofascore.com/costa-rica-germany/lUbsgVb#id:10230573,germany,miss,No information,assisted,11.8,37.5,0,right-foot,close-right,0,44,22.2,No information,No information,39,No information,2339,37.5,11.8,56,0,56,77.8,7,361,shot
jamal-musiala,https://www.sofascore.com/costa-rica-germany/lUbsgVb#id:10230573,germany,miss,No information,assisted,12,44.3,0,right-foot,right,0,37.6,6.9,No information,No information,36,No information,2130,44.3,12,62.4,0,62.4,93.1,10,570,shot
joshua-kimmich,https://www.sofascore.com/costa-rica-germany/lUbsgVb#id:10230573,germany,save,No information,assisted,27.2,72.1,0,right-foot,low-centre,0,49.7,7,No information,No information,35,No information,2042,72.1,27.2,50.3,0,50.3,93,11,658,shot
serge-gnabry,https://www.sofascore.com/costa-rica-germany/lUbsgVb#id:10230573,germany,block,No information,regular,14,35.9,0,right-foot,low-left,0,54.4,19,No information,No information,30,No information,1772,35.9,14,45.6,0,45.6,81,16,928,shot
thomas-muller,https://www.sofascore.com/costa-rica-germany/lUbsgVb#id:10230573,germany,miss,No information,corner,8.4,48.7,0,head,high-left,0,64.4,44.4,No information,No information,21,No information,1233,48.7,8.4,35.6,0,35.6,55.6,25,1467,shot
leon-goretzka,https://www.sofascore.com/costa-rica-germany/lUbsgVb#id:10230573,germany,save,No information,assisted,6.3,41.2,0,head,low-left,0,53,8.9,No information,No information,14,No information,836,41.2,6.3,47,0,47,91.1,32,1864,shot
serge-gnabry,https://www.sofascore.com/costa-rica-germany/lUbsgVb#id:10230573,germany,goal,regular,assisted,7.7,40.6,0,head,low-right,0,45.9,9.5,No information,No information,10,No information,572,40.6,7.7,54.1,0,54.1,90.5,36,2128,shot
thomas-muller,https://www.sofascore.com/costa-rica-germany/lUbsgVb#id:10230573,germany,miss,No information,assisted,10,53.2,0,head,close-right,0,41.2,6.9,No information,No information,9,No information,481,53.2,10,58.8,0,58.8,93.1,37,2219,shot
leon-goretzka,https://www.sofascore.com/costa-rica-germany/lUbsgVb#id:10230573,germany,miss,No information,assisted,10.3,58.8,0,right-foot,right,0,18.8,4.2,No information,No information,7,No information,417,58.8,10.3,81.2,0,81.2,95.8,39,2283,shot
jamal-musiala,https://www.sofascore.com/costa-rica-germany/lUbsgVb#id:10230573,germany,save,No information,assisted,20.7,35.3,0,right-foot,low-centre,0,48.9,3.8,No information,No information,2,No information,109,35.3,20.7,51.1,0,51.1,96.2,44,2591,shot

leon-goretzka,https://www.sofascore.com/england-germany/lUbsnUb#id:8594146,germany,miss,No information,regular,10.8,66.4,0,right-foot,left,0,65.7,2.8,No information,No information,90,1,5445,66.4,10.8,34.3,0,34.3,97.2,1,855,shot
leon-goretzka,https://www.sofascore.com/england-germany/lUbsnUb#id:8594146,germany,miss,No information,regular,14.2,44.9,0,left-foot,right,0,38.5,9.7,No information,No information,90,No information,5370,44.9,14.2,61.5,0,61.5,90.3,1,30,shot
harry-kane,https://www.sofascore.com/england-germany/lUbsnUb#id:8594146,england,goal,regular,assisted,6.3,50.8,0,head,low-right,0,47.6,17.1,No information,No information,86,No information,5103,50.8,6.3,52.4,0,52.4,82.9,5,297,shot
thomas-muller,https://www.sofascore.com/england-germany/lUbsnUb#id:8594146,germany,miss,No information,fast-break,18.9,53.7,0,right-foot,close-left,0,58.3,1.4,No information,No information,81,No information,4836,53.7,18.9,41.7,0,41.7,98.6,10,564,shot
thomas-muller,https://www.sofascore.com/england-germany/lUbsnUb#id:8594146,germany,block,No information,free-kick,20.2,64.1,0,right-foot,low-left,0,51.9,19,No information,No information,78,No information,4664,64.1,20.2,48.1,0,48.1,81,13,736,shot
raheem-sterling,https://www.sofascore.com/england-germany/lUbsnUb#id:8594146,england,goal,regular,assisted,4.1,49.4,0,right-foot,low-centre,0,49.5,1.3,No information,No information,75,No information,4486,49.4,4.1,50.5,0,50.5,98.7,16,914,shot
robin-gosens,https://www.sofascore.com/england-germany/lUbsnUb#id:8594146,germany,miss,No information,assisted,6.2,49.7,0,head,close-right,0,43,1.4,No information,No information,53,No information,3175,49.7,6.2,57,0,57,98.6,38,2225,shot
kai-havertz,https://www.sofascore.com/england-germany/lUbsnUb#id:8594146,germany,save,No information,regular,16,57.4,0,left-foot,high-centre,0,49.7,33.5,No information,No information,48,No information,2871,57.4,16,50.3,0,50.3,66.5,43,2529,shot
timo-werner,https://www.sofascore.com/england-germany/lUbsnUb#id:8594146,germany,save,No information,assisted,8.5,36.1,0,left-foot,low-centre,0,51.3,4.4,No information,No information,32,No information,1908,36.1,8.5,48.7,0,48.7,95.6,14,792,shot
harry-maguire,https://www.sofascore.com/england-germany/lUbsnUb#id:8594146,england,miss,No information,corner,7.8,47,0,head,high-right,0,37.6,63.9,No information,No information,27,No information,1579,47,7.8,62.4,0,62.4,36.1,19,1121,shot
harry-maguire,https://www.sofascore.com/england-germany/lUbsnUb#id:8594146,england,save,No information,corner,11.8,49.5,0,head,low-centre,0,48.3,18.4,No information,No information,17,No information,963,49.5,11.8,51.7,0,51.7,81.6,29,1737,shot
raheem-sterling,https://www.sofascore.com/england-germany/lUbsnUb#id:8594146,england,save,No information,assisted,27.3,45.5,0,right-foot,low-right,0,46.1,13.9,No information,No information,16,No information,926,45.5,27.3,53.9,0,53.9,86.1,30,1774,shot
kai-havertz,https://www.sofascore.com/england-germany/lUbsnUb#id:8594146,germany,block,No information,set-piece,18.4,50.6,0,left-foot,low-centre,0,49.1,19,No information,No information,10,No information,549,50.6,18.4,50.9,0,50.9,81,36,2151,shot
leon-goretzka,https://www.sofascore.com/england-germany/lUbsnUb#id:8594146,germany,save,No information,regular,28.5,36.5,0,right-foot,low-centre,0,50.5,8.2,No information,No information,4,No information,230,36.5,28.5,49.5,0,49.5,91.8,42,2470,shot

darko-churlinov,https://www.sofascore.com/north-macedonia-germany/lUbsCVb#id:9223906,north macedonia,miss,No information,regular,13.2,57.9,0,right-foot,high,0,46.4,76.4,No information,No information,89,No information,5317,57.9,13.2,53.6,0,53.6,23.6,2,83,shot
jamal-musiala,https://www.sofascore.com/north-macedonia-germany/lUbsCVb#id:9223906,germany,goal,regular,assisted,14.6,59.6,0,right-foot,low-right,0,45.8,8.2,No information,No information,83,No information,4974,59.6,14.6,54.2,0,54.2,91.8,8,426,shot
bojan-miovski,https://www.sofascore.com/north-macedonia-germany/lUbsCVb#id:9223906,north macedonia,miss,No information,assisted,14.4,42.5,0,left-foot,high,0,54.8,95.8,No information,No information,80,No information,4761,42.5,14.4,45.2,0,45.2,4.2,11,639,shot
karim-adeyemi,https://www.sofascore.com/north-macedonia-germany/lUbsCVb#id:9223906,germany,miss,No information,assisted,9.9,40,0,right-foot,close-high-right,0,41.2,44.4,No information,No information,76,No information,4518,40,9.9,58.8,0,58.8,55.6,15,882,shot
timo-werner,https://www.sofascore.com/north-macedonia-germany/lUbsCVb#id:9223906,germany,goal,regular,assisted,15.1,31.8,0,right-foot,low-right,0,46.3,12.7,No information,No information,73,No information,4370,31.8,15.1,53.7,0,53.7,87.3,18,1030,shot
timo-werner,https://www.sofascore.com/north-macedonia-germany/lUbsCVb#id:9223906,germany,goal,regular,set-piece,13.2,54,0,right-foot,high-right,0,48.1,20.9,No information,No information,70,No information,4163,54,13.2,51.9,0,51.9,79.1,21,1237,shot
timo-werner,https://www.sofascore.com/north-macedonia-germany/lUbsCVb#id:9223906,germany,miss,No information,assisted,11,53.6,0,right-foot,close-right,0,41,12.5,No information,No information,69,No information,4101,53.6,11,59,0,59,87.5,22,1299,shot
ezgjan-alioski,https://www.sofascore.com/north-macedonia-germany/lUbsCVb#id:9223906,north macedonia,miss,No information,assisted,24.6,19,0,left-foot,high-left,0,62.4,70.8,No information,No information,68,No information,4049,19,24.6,37.6,0,37.6,29.2,23,1351,shot
timo-werner,https://www.sofascore.com/north-macedonia-germany/lUbsCVb#id:9223906,germany,save,No information,assisted,13.7,52,0,right-foot,low-centre,0,49.8,13.9,No information,No information,62,No information,3695,52,13.7,50.2,0,50.2,86.1,29,1705,shot
serge-gnabry,https://www.sofascore.com/north-macedonia-germany/lUbsCVb#id:9223906,germany,block,No information,set-piece,11.5,73.3,0,right-foot,low-right,0,47.8,19,No information,No information,54,No information,3210,73.3,11.5,52.2,0,52.2,81,37,2190,shot
thomas-muller,https://www.sofascore.com/north-macedonia-germany/lUbsCVb#id:9223906,germany,block,No information,free-kick,21.9,31,0,right-foot,low-centre,0,49.7,19,No information,No information,54,No information,3201,31,21.9,50.3,0,50.3,81,37,2199,shot
kai-havertz,https://www.sofascore.com/north-macedonia-germany/lUbsCVb#id:9223906,germany,goal,regular,fast-break,10.1,42.1,0,left-foot,low-left,0,52.3,0.6,No information,No information,50,No information,2943,42.1,10.1,47.7,0,47.7,99.4,41,2457,shot
thomas-muller,https://www.sofascore.com/north-macedonia-germany/lUbsCVb#id:9223906,germany,miss,No information,corner,15.7,55.3,0,left-foot,high,0,48.1,76.4,No information,No information,45,3,2848,55.3,15.7,51.9,0,51.9,23.6,1,2552,shot
thomas-muller,https://www.sofascore.com/north-macedonia-germany/lUbsCVb#id:9223906,germany,block,No information,regular,10.5,37.3,0,left-foot,low-left,0,52.5,19,No information,No information,45,2,2814,37.3,10.5,47.5,0,47.5,81,1,2586,shot
timo-werner,https://www.sofascore.com/north-macedonia-germany/lUbsCVb#id:9223906,germany,post,No information,assisted,7.5,40.8,0,right-foot,left,0,55.3,2.5,No information,No information,45,2,2812,40.8,7.5,44.7,0,44.7,97.5,1,2588,shot
timo-werner,https://www.sofascore.com/north-macedonia-germany/lUbsCVb#id:9223906,germany,save,No information,assisted,7.1,39.6,0,right-foot,low-left,0,54.2,0.6,No information,No information,44,No information,2580,39.6,7.1,45.8,0,45.8,99.4,2,120,shot
serge-gnabry,https://www.sofascore.com/north-macedonia-germany/lUbsCVb#id:9223906,germany,miss,No information,assisted,18.8,64.5,0,right-foot,left,0,68.2,5.6,No information,No information,41,No information,2401,64.5,18.8,31.8,0,31.8,94.4,5,299,shot
eljif-elmas,https://www.sofascore.com/north-macedonia-germany/lUbsCVb#id:9223906,north macedonia,block,No information,assisted,15.6,47.9,0,right-foot,low-centre,0,48.5,19,No information,No information,32,No information,1913,47.9,15.6,51.5,0,51.5,81,14,787,shot
timo-werner,https://www.sofascore.com/north-macedonia-germany/lUbsCVb#id:9223906,germany,save,No information,regular,16,50.9,0,right-foot,low-centre,0,50.4,2.5,No information,No information,32,No information,1872,50.9,16,49.6,0,49.6,97.5,14,828,shot
serge-gnabry,https://www.sofascore.com/north-macedonia-germany/lUbsCVb#id:9223906,germany,miss,No information,assisted,8.3,50.1,0,right-foot,right,0,39,2.8,No information,No information,30,No information,1784,50.1,8.3,61,0,61,97.2,16,916,shot
eljif-elmas,https://www.sofascore.com/north-macedonia-germany/lUbsCVb#id:9223906,north macedonia,save,No information,assisted,12.5,66.3,0,left-foot,low-right,0,46.2,2.5,No information,No information,26,No information,1550,66.3,12.5,53.8,0,53.8,97.5,20,1150,shot
timo-werner,https://www.sofascore.com/north-macedonia-germany/lUbsCVb#id:9223906,germany,save,No information,corner,2.7,44.9,0,left-foot,low-left,0,53.7,1.3,No information,No information,26,No information,1510,44.9,2.7,46.3,0,46.3,98.7,20,1190,shot
thomas-muller,https://www.sofascore.com/north-macedonia-germany/lUbsCVb#id:9223906,germany,miss,No information,corner,10.2,57.6,0,head,left,0,65.2,4.2,No information,No information,26,No information,1509,57.6,10.2,34.8,0,34.8,95.8,20,1191,shot
serge-gnabry,https://www.sofascore.com/north-macedonia-germany/lUbsCVb#id:9223906,germany,save,No information,set-piece,20.2,45.8,0,right-foot,low-left,0,53.7,8.9,No information,No information,25,No information,1468,45.8,20.2,46.3,0,46.3,91.1,21,1232,shot
david-raum,https://www.sofascore.com/north-macedonia-germany/lUbsCVb#id:9223906,germany,block,No information,free-kick,21.6,67.8,0,left-foot,low-centre,0,48.8,19,No information,No information,25,No information,1466,67.8,21.6,51.2,0,51.2,81,21,1234,shot
darko-velkovski,https://www.sofascore.com/north-macedonia-germany/lUbsCVb#id:9223906,north macedonia,miss,No information,corner,11.9,57.3,0,head,close-right,0,43.2,16.7,No information,No information,16,No information,955,57.3,11.9,56.8,0,56.8,83.3,30,1745,shot
timo-werner,https://www.sofascore.com/north-macedonia-germany/lUbsCVb#id:9223906,germany,block,No information,regular,8.7,47.2,0,right-foot,low-centre,0,51.4,19,No information,No information,14,No information,825,47.2,8.7,48.6,0,48.6,81,32,1875,shot
thomas-muller,https://www.sofascore.com/north-macedonia-germany/lUbsCVb#id:9223906,germany,miss,No information,assisted,5.1,45.9,0,head,close-right,0,41,9.7,No information,No information,13,No information,722,45.9,5.1,59,0,59,90.3,33,1978,shot
boban-nikolov,https://www.sofascore.com/north-macedonia-germany/lUbsCVb#id:9223906,north macedonia,miss,No information,assisted,12.5,56.3,0,right-foot,close-right,0,40.8,5.6,No information,No information,10,No information,572,56.3,12.5,59.2,0,59.2,94.4,36,2128,shot
niklas-sule,https://www.sofascore.com/north-macedonia-germany/lUbsCVb#id:9223906,germany,miss,No information,corner,11.7,40,0,right-foot,high,0,48.1,79.2,No information,No information,3,No information,135,40,11.7,51.9,0,51.9,20.8,43,2565,shot
joshua-kimmich,https://www.sofascore.com/north-macedonia-germany/lUbsCVb#id:9223906,germany,save,No information,assisted,4.3,57.1,0,head,low-right,0,47.2,15.8,No information,No information,2,No information,99,57.1,4.3,52.8,0,52.8,84.2,44,2601,shot

junior-moraes,https://www.sofascore.com/germany-ukraine/bUbslUb#id:8600771,ukraine,block,No information,regular,26.5,56.1,0,right-foot,low-left,0,53,19,No information,No information,82,No information,4869,56.1,26.5,47,0,47,81,9,531,shot
leon-goretzka,https://www.sofascore.com/germany-ukraine/bUbslUb#id:8600771,germany,save,No information,assisted,9.8,50.7,0,head,low-centre,0,50.1,17.7,No information,No information,80,No information,4797,50.7,9.8,49.9,0,49.9,82.3,11,603,shot
antonio-rudiger,https://www.sofascore.com/germany-ukraine/bUbslUb#id:8600771,germany,miss,No information,corner,7.9,50.3,0,head,right,0,5.2,4.2,No information,No information,80,No information,4772,50.3,7.9,94.8,0,94.8,95.8,11,628,shot
julian-brandt,https://www.sofascore.com/germany-ukraine/bUbslUb#id:8600771,germany,save,No information,assisted,5.3,28.1,0,left-foot,low-left,0,53.3,17.7,No information,No information,79,No information,4731,28.1,5.3,46.7,0,46.7,82.3,12,669,shot
leon-goretzka,https://www.sofascore.com/germany-ukraine/bUbslUb#id:8600771,germany,block,No information,assisted,24.6,65.4,0,right-foot,low-centre,0,48.2,19,No information,No information,79,No information,4721,65.4,24.6,51.8,0,51.8,81,12,679,shot
marlos-romero,https://www.sofascore.com/germany-ukraine/bUbslUb#id:8600771,ukraine,post,No information,assisted,14.4,72.6,0,left-foot,left,0,55.5,27.2,No information,No information,75,No information,4485,72.6,14.4,44.5,0,44.5,72.8,16,915,shot
timo-werner,https://www.sofascore.com/germany-ukraine/bUbslUb#id:8600771,germany,goal,regular,assisted,11.5,53.4,0,right-foot,low-left,0,52.4,3.2,No information,No information,64,No information,3796,53.4,11.5,47.6,0,47.6,96.8,27,1604,shot
serge-gnabry,https://www.sofascore.com/germany-ukraine/bUbslUb#id:8600771,germany,miss,No information,regular,14.5,51.8,0,left-foot,high,0,55.5,94.4,No information,No information,61,No information,3611,51.8,14.5,44.5,0,44.5,5.6,30,1789,shot
leroy-sane,https://www.sofascore.com/germany-ukraine/bUbslUb#id:8600771,germany,block,No information,regular,9.8,41.5,0,left-foot,low-right,0,46,19,No information,No information,61,No information,3608,41.5,9.8,54,0,54,81,30,1792,shot
serge-gnabry,https://www.sofascore.com/germany-ukraine/bUbslUb#id:8600771,germany,block,No information,assisted,12.4,42.5,0,left-foot,low-centre,0,49.5,19,No information,No information,60,No information,3551,42.5,12.4,50.5,0,50.5,81,31,1849,shot
timo-werner,https://www.sofascore.com/germany-ukraine/bUbslUb#id:8600771,germany,block,No information,corner,14.1,52.4,0,left-foot,low-centre,0,48.6,19,No information,No information,58,No information,3430,52.4,14.1,51.4,0,51.4,81,33,1970,shot
leroy-sane,https://www.sofascore.com/germany-ukraine/bUbslUb#id:8600771,germany,block,No information,assisted,12,57.9,0,left-foot,low-right,0,46.8,19,No information,No information,57,No information,3378,57.9,12,53.2,0,53.2,81,34,2022,shot
taras-stepanenko,https://www.sofascore.com/germany-ukraine/bUbslUb#id:8600771,ukraine,miss,No information,corner,9,47,0,head,high-left,0,61.2,69.4,No information,No information,53,No information,3140,47,9,38.8,0,38.8,30.6,38,2260,shot
oleksandr-zinchenko,https://www.sofascore.com/germany-ukraine/bUbslUb#id:8600771,ukraine,block,No information,assisted,18.4,48.4,0,left-foot,low-centre,0,49,19,No information,No information,52,No information,3098,48.4,18.4,51,0,51,81,39,2302,shot
leon-goretzka,https://www.sofascore.com/germany-ukraine/bUbslUb#id:8600771,germany,miss,No information,assisted,15.8,46.6,0,right-foot,right,0,37.3,22.2,No information,No information,43,No information,2550,46.6,15.8,62.7,0,62.7,77.8,3,150,shot
timo-werner,https://www.sofascore.com/germany-ukraine/bUbslUb#id:8600771,germany,goal,regular,assisted,2,50.5,0,head,low-right,0,47.5,6.3,No information,No information,33,No information,1952,50.5,2,52.5,0,52.5,93.7,13,748,shot
antonio-rudiger,https://www.sofascore.com/germany-ukraine/bUbslUb#id:8600771,germany,miss,No information,corner,27.5,41.9,0,right-foot,high-right,0,42.5,94.4,No information,No information,27,No information,1584,41.9,27.5,57.5,0,57.5,5.6,19,1116,shot
leon-goretzka,https://www.sofascore.com/germany-ukraine/bUbslUb#id:8600771,germany,save,No information,assisted,26.9,57.1,0,right-foot,high-right,0,46.3,23.4,No information,No information,26,No information,1510,57.1,26.9,53.7,0,53.7,76.6,20,1190,shot
leroy-sane,https://www.sofascore.com/germany-ukraine/bUbslUb#id:8600771,germany,goal,regular,fast-break,14.8,64.5,0,left-foot,low-left,0,54,2.5,No information,No information,23,No information,1342,64.5,14.8,46,0,46,97.5,23,1358,shot
antonio-rudiger,https://www.sofascore.com/germany-ukraine/bUbslUb#id:8600771,germany,miss,No information,corner,9,59.2,0,head,high,0,51.1,61.1,No information,No information,17,No information,1003,59.2,9,48.9,0,48.9,38.9,29,1697,shot
timo-werner,https://www.sofascore.com/germany-ukraine/bUbslUb#id:8600771,germany,miss,No information,regular,8.4,36.9,0,right-foot,close-left,0,57.6,9.7,No information,No information,16,No information,953,36.9,8.4,42.4,0,42.4,90.3,30,1747,shot
roman-yaremchuk,https://www.sofascore.com/germany-ukraine/bUbslUb#id:8600771,ukraine,goal,regular,assisted,10.5,56.7,0,right-foot,high-right,0,45.8,21.5,No information,No information,12,No information,662,56.7,10.5,54.2,0,54.2,78.5,34,2038,shot
ruslan-malinovskyi,https://www.sofascore.com/germany-ukraine/bUbslUb#id:8600771,ukraine,block,No information,assisted,22.8,64.4,0,left-foot,low-centre,0,51,19,No information,No information,9,No information,499,64.4,22.8,49,0,49,81,37,2201,shot
robin-koch,https://www.sofascore.com/germany-ukraine/bUbslUb#id:8600771,germany,miss,No information,set-piece,8.1,52.4,0,head,left,0,76,16.7,No information,No information,5,No information,277,52.4,8.1,24,0,24,83.3,41,2423,shot
leon-goretzka,https://www.sofascore.com/germany-ukraine/bUbslUb#id:8600771,germany,miss,No information,assisted,12.8,47.8,0,left-foot,high,0,50.8,83.3,No information,No information,3,No information,139,47.8,12.8,49.2,0,49.2,16.7,43,2561,shot
ilkay-gundogan,https://www.sofascore.com/germany-ukraine/bUbslUb#id:8600771,germany,block,No information,regular,14.5,39.8,0,left-foot,low-centre,0,49.2,19,No information,No information,2,No information,114,39.8,14.5,50.8,0,50.8,81,44,2586,shot

serge-gnabry,https://www.sofascore.com/germany-romania/CObslUb#id:9223920,germany,save,No information,corner,7,58.6,0,head,low-right,0,47.7,19,No information,No information,90,1,5442,58.6,7,52.3,0,52.3,81,1,858,shot
vlad-chiriches,https://www.sofascore.com/germany-romania/CObslUb#id:9223920,romania,miss,No information,set-piece,7.7,49.7,0,left-foot,left,0,62,13.9,No information,No information,88,No information,5268,49.7,7.7,38,0,38,86.1,3,132,shot
thomas-muller,https://www.sofascore.com/germany-romania/CObslUb#id:9223920,germany,goal,regular,corner,3,46.6,0,right-foot,high-left,0,52.9,26.6,No information,No information,81,No information,4841,46.6,3,47.1,0,47.1,73.4,10,559,shot
leon-goretzka,https://www.sofascore.com/germany-romania/CObslUb#id:9223920,germany,miss,No information,corner,5.7,59.2,0,head,left,0,62.5,5.6,No information,No information,81,No information,4840,59.2,5.7,37.5,0,37.5,94.4,10,560,shot
nicolae-stanciu,https://www.sofascore.com/germany-romania/CObslUb#id:9223920,romania,miss,No information,assisted,8.7,33.4,0,right-foot,close-left,0,58.5,5.6,No information,No information,80,No information,4762,33.4,8.7,41.5,0,41.5,94.4,11,638,shot
nicolae-stanciu,https://www.sofascore.com/germany-romania/CObslUb#id:9223920,romania,miss,No information,set-piece,28.9,30.3,0,right-foot,left,0,63.7,2.8,No information,No information,80,No information,4754,30.3,28.9,36.3,0,36.3,97.2,11,646,shot
serge-gnabry,https://www.sofascore.com/germany-romania/CObslUb#id:9223920,germany,block,No information,assisted,15.6,54.1,0,left-foot,low-right,0,47.7,19,No information,No information,78,No information,4668,54.1,15.6,52.3,0,52.3,81,13,732,shot
kai-havertz,https://www.sofascore.com/germany-romania/CObslUb#id:9223920,germany,miss,No information,set-piece,5.5,50.9,0,head,high,0,49.1,66.7,No information,No information,78,No information,4624,50.9,5.5,50.9,0,50.9,33.3,13,776,shot
leroy-sane,https://www.sofascore.com/germany-romania/CObslUb#id:9223920,germany,block,No information,assisted,6.3,34,0,right-foot,low-centre,0,48.9,19,No information,No information,77,No information,4578,34,6.3,51.1,0,51.1,81,14,822,shot
george-puscas,https://www.sofascore.com/germany-romania/CObslUb#id:9223920,romania,miss,No information,fast-break,17.8,61,0,right-foot,left,0,61.7,11.1,No information,No information,74,No information,4420,61,17.8,38.3,0,38.3,88.9,17,980,shot
leroy-sane,https://www.sofascore.com/germany-romania/CObslUb#id:9223920,germany,miss,No information,assisted,9.9,58.1,0,left-foot,high,0,53.6,81.9,No information,No information,73,No information,4354,58.1,9.9,46.4,0,46.4,18.1,18,1046,shot
timo-werner,https://www.sofascore.com/germany-romania/CObslUb#id:9223920,germany,miss,No information,assisted,9.1,41.2,0,left-foot,left,0,62.7,6.9,No information,No information,67,No information,3966,41.2,9.1,37.3,0,37.3,93.1,24,1434,shot
timo-werner,https://www.sofascore.com/germany-romania/CObslUb#id:9223920,germany,miss,No information,assisted,9.4,67,0,right-foot,right,0,35.1,9.7,No information,No information,64,No information,3824,67,9.4,64.9,0,64.9,90.3,27,1576,shot
leroy-sane,https://www.sofascore.com/germany-romania/CObslUb#id:9223920,germany,miss,No information,assisted,20.5,63.3,0,left-foot,high-left,0,58,83.3,No information,No information,62,No information,3701,63.3,20.5,42,0,42,16.7,29,1699,shot
marco-reus,https://www.sofascore.com/germany-romania/CObslUb#id:9223920,germany,block,No information,set-piece,14.7,60,0,right-foot,low-left,0,53,19,No information,No information,60,No information,3591,60,14.7,47,0,47,81,31,1809,shot
marco-reus,https://www.sofascore.com/germany-romania/CObslUb#id:9223920,germany,miss,No information,assisted,8.4,53.9,0,left-foot,high,0,48.1,80.6,No information,No information,58,No information,3424,53.9,8.4,51.9,0,51.9,19.4,33,1976,shot
jonas-hofmann,https://www.sofascore.com/germany-romania/CObslUb#id:9223920,germany,block,No information,assisted,25.9,66,0,right-foot,low-centre,0,50.5,19,No information,No information,57,No information,3381,66,25.9,49.5,0,49.5,81,34,2019,shot
serge-gnabry,https://www.sofascore.com/germany-romania/CObslUb#id:9223920,germany,goal,regular,assisted,21.2,64.3,0,right-foot,low-left,0,53.9,3.2,No information,No information,52,No information,3107,64.3,21.2,46.1,0,46.1,96.8,39,2293,shot
joshua-kimmich,https://www.sofascore.com/germany-romania/CObslUb#id:9223920,germany,save,No information,assisted,25.1,27.3,0,right-foot,low-right,0,46.5,10.1,No information,No information,45,3,2878,27.3,25.1,53.5,0,53.5,89.9,1,2522,shot
adrian-rus,https://www.sofascore.com/germany-romania/CObslUb#id:9223920,romania,block,No information,corner,11.1,46.2,0,head,low-centre,0,50.5,19,No information,No information,45,3,2822,46.2,11.1,49.5,0,49.5,81,1,2578,shot
antonio-rudiger,https://www.sofascore.com/germany-romania/CObslUb#id:9223920,germany,miss,No information,assisted,29.1,49.3,0,right-foot,left,0,61.2,1.4,No information,No information,45,1,2739,49.3,29.1,38.8,0,38.8,98.6,1,2661,shot
serge-gnabry,https://www.sofascore.com/germany-romania/CObslUb#id:9223920,germany,miss,No information,regular,25.4,55.3,0,left-foot,close-right,0,43.2,5.6,No information,No information,44,No information,2612,55.3,25.4,56.8,0,56.8,94.4,2,88,shot
george-puscas,https://www.sofascore.com/germany-romania/CObslUb#id:9223920,romania,miss,No information,assisted,3.8,38.8,0,right-foot,close-right,0,42.5,4.2,No information,No information,41,No information,2420,38.8,3.8,57.5,0,57.5,95.8,5,280,shot
marco-reus,https://www.sofascore.com/germany-romania/CObslUb#id:9223920,germany,save,No information,assisted,6.2,30.6,0,left-foot,high-centre,0,50,24.1,No information,No information,33,No information,1976,30.6,6.2,50,0,50,75.9,13,724,shot
leon-goretzka,https://www.sofascore.com/germany-romania/CObslUb#id:9223920,germany,block,No information,assisted,19.3,49.4,0,right-foot,low-centre,0,50.2,19,No information,No information,33,No information,1926,49.4,19.3,49.8,0,49.8,81,13,774,shot
serge-gnabry,https://www.sofascore.com/germany-romania/CObslUb#id:9223920,germany,save,No information,corner,8.4,48.5,0,head,high-centre,0,50.2,22.8,No information,No information,24,No information,1405,48.5,8.4,49.8,0,49.8,77.2,22,1295,shot
serge-gnabry,https://www.sofascore.com/germany-romania/CObslUb#id:9223920,germany,block,No information,assisted,28.6,56.9,0,right-foot,low-centre,0,49.9,19,No information,No information,19,No information,1115,56.9,28.6,50.1,0,50.1,81,27,1585,shot
serge-gnabry,https://www.sofascore.com/germany-romania/CObslUb#id:9223920,germany,miss,No information,assisted,4.4,52,0,right-foot,close-right,0,41.8,4.2,No information,No information,17,No information,967,52,4.4,58.2,0,58.2,95.8,29,1733,shot
george-puscas,https://www.sofascore.com/germany-romania/CObslUb#id:9223920,romania,block,No information,regular,22.2,58.1,0,left-foot,low-centre,0,50.3,19,No information,No information,10,No information,577,58.1,22.2,49.7,0,49.7,81,36,2123,shot
ianis-hagi,https://www.sofascore.com/germany-romania/CObslUb#id:9223920,romania,goal,regular,assisted,13.4,68.7,0,left-foot,low-left,0,54.2,10.1,No information,No information,9,No information,502,68.7,13.4,45.8,0,45.8,89.9,37,2198,shot
alin-tosca,https://www.sofascore.com/germany-romania/CObslUb#id:9223920,romania,miss,No information,regular,20.7,30.1,0,left-foot,right,0,40.2,5.6,No information,No information,3,No information,164,30.1,20.7,59.8,0,59.8,94.4,43,2536,shot
