Player,Game Link,Country,shotType,goalType,situation,X,Y,Z,bodyPart,goalMouthLocation,Goal Mouth X,Goal mouth Y,Goal Mouth Z,XG,XGOT,time,addedTime,timeSeconds,Start X,Start Y,End X,End Y,Goal X,Goal Y,reversedPeriodTime,reversedPeriodTimeSeconds,incidentType
willi-orban,https://www.sofascore.com/hungary-russia/UTbsjUb#id:8600811,hungary,block,No information,corner,12.1,63.3,0,head,low-left,0,52.2,19,No information,No information,88,No information,5225,63.3,12.1,47.8,0,47.8,81,3,175,shot
filip-holender,https://www.sofascore.com/hungary-russia/UTbsjUb#id:8600811,hungary,save,No information,regular,18.3,33.5,0,right-foot,high-right,0,47.4,24.1,No information,No information,85,No information,5041,33.5,18.3,52.6,0,52.6,75.9,6,359,shot
filip-holender,https://www.sofascore.com/hungary-russia/UTbsjUb#id:8600811,hungary,save,No information,assisted,20.5,25.4,0,right-foot,low-centre,0,50.7,9.5,No information,No information,79,No information,4737,25.4,20.5,49.3,0,49.3,90.5,12,663,shot
nemanja-nikolics,https://www.sofascore.com/hungary-russia/UTbsjUb#id:8600811,hungary,goal,regular,assisted,2.9,46.1,0,right-foot,high-left,0,52.6,24.7,No information,No information,70,No information,4190,46.1,2.9,47.4,0,47.4,75.3,21,1210,shot
dominik-szoboszlai,https://www.sofascore.com/hungary-russia/UTbsjUb#id:8600811,hungary,miss,No information,free-kick,29,35.3,0,right-foot,high,0,46.7,75,No information,No information,67,No information,4015,35.3,29,53.3,0,53.3,25,24,1385,shot
roland-sallai,https://www.sofascore.com/hungary-russia/UTbsjUb#id:8600811,hungary,goal,regular,assisted,13.7,48.7,0,left-foot,low-centre,0,51.5,18.4,No information,No information,62,No information,3698,48.7,13.7,48.5,0,48.5,81.6,29,1702,shot
roman-zobnin,https://www.sofascore.com/hungary-russia/UTbsjUb#id:8600811,russia,miss,No information,assisted,22.4,60.6,0,right-foot,close-left,0,57.5,22.2,No information,No information,56,No information,3356,60.6,22.4,42.5,0,42.5,77.8,35,2044,shot
dominik-szoboszlai,https://www.sofascore.com/hungary-russia/UTbsjUb#id:8600811,hungary,save,No information,fast-break,11.2,38.8,0,left-foot,low-centre,0,50.3,0.6,No information,No information,51,No information,3037,38.8,11.2,49.7,0,49.7,99.4,40,2363,shot
mario-fernandes,https://www.sofascore.com/hungary-russia/UTbsjUb#id:8600811,russia,goal,regular,assisted,7.1,56.9,0,right-foot,low-centre,0,51,1.3,No information,No information,46,No information,2740,56.9,7.1,49,0,49,98.7,45,2660,shot
magomed-ozdoev,https://www.sofascore.com/hungary-russia/UTbsjUb#id:8600811,russia,miss,No information,assisted,24.2,56.9,0,right-foot,high-right,0,43,79.2,No information,No information,40,No information,2343,56.9,24.2,57,0,57,20.8,6,357,shot
magomed-ozdoev,https://www.sofascore.com/hungary-russia/UTbsjUb#id:8600811,russia,goal,regular,set-piece,15.5,51,0,left-foot,low-left,0,54.3,10.8,No information,No information,33,No information,1974,51,15.5,45.7,0,45.7,89.2,13,726,shot
david-siger,https://www.sofascore.com/hungary-russia/UTbsjUb#id:8600811,hungary,miss,No information,assisted,25.7,40.4,0,left-foot,right,0,35.8,2.8,No information,No information,29,No information,1724,40.4,25.7,64.2,0,64.2,97.2,17,976,shot
barnabas-bese,https://www.sofascore.com/hungary-russia/UTbsjUb#id:8600811,hungary,save,No information,corner,10.4,57.6,0,head,low-centre,0,50.4,13.9,No information,No information,26,No information,1558,57.6,10.4,49.6,0,49.6,86.1,20,1142,shot
roland-sallai,https://www.sofascore.com/hungary-russia/UTbsjUb#id:8600811,hungary,block,No information,regular,11.7,58.5,0,right-foot,low-right,0,48,19,No information,No information,22,No information,1269,58.5,11.7,52,0,52,81,24,1431,shot
anton-miranchuk,https://www.sofascore.com/hungary-russia/UTbsjUb#id:8600811,russia,goal,regular,assisted,11,45.4,0,right-foot,low-right,0,47.8,1.3,No information,No information,15,No information,890,45.4,11,52.2,0,52.2,98.7,31,1810,shot
anton-miranchuk,https://www.sofascore.com/hungary-russia/UTbsjUb#id:8600811,russia,miss,No information,assisted,11.7,56.9,0,right-foot,close-right,0,43.2,1.4,No information,No information,5,No information,294,56.9,11.7,56.8,0,56.8,98.6,41,2406,shot

cristiano-ronaldo,https://www.sofascore.com/hungary-portugal/eUbsjUb#id:8602461,portugal,goal,regular,assisted,4.8,52.8,0,left-foot,low-centre,0,48.6,1.3,No information,No information,90,2,5502,52.8,4.8,51.4,0,51.4,98.7,1,798,shot
cristiano-ronaldo,https://www.sofascore.com/hungary-portugal/eUbsjUb#id:8602461,portugal,goal,penalty,penalty,11.5,50,0,right-foot,low-right,0,46.6,9.5,No information,No information,87,No information,5201,50,11.5,53.4,0,53.4,90.5,4,199,shot
raphael-guerreiro,https://www.sofascore.com/hungary-portugal/eUbsjUb#id:8602461,portugal,goal,regular,regular,12.6,54.5,0,left-foot,low-left,0,54.5,1.3,No information,No information,84,No information,5023,54.5,12.6,45.5,0,45.5,98.7,7,377,shot
adam-szalai,https://www.sofascore.com/hungary-portugal/eUbsjUb#id:8602461,hungary,miss,No information,regular,27.8,32.1,0,right-foot,high-right,0,33.1,43.1,No information,No information,75,No information,4469,32.1,27.8,66.9,0,66.9,56.9,16,931,shot
bruno-fernandes,https://www.sofascore.com/hungary-portugal/eUbsjUb#id:8602461,portugal,miss,No information,assisted,7.4,74.2,0,left-foot,left,0,62.5,18.1,No information,No information,70,No information,4160,74.2,7.4,37.5,0,37.5,81.9,21,1240,shot
roland-sallai,https://www.sofascore.com/hungary-portugal/eUbsjUb#id:8602461,hungary,miss,No information,assisted,15.5,49.7,0,right-foot,close-left,0,57.3,5.6,No information,No information,69,No information,4131,49.7,15.5,42.7,0,42.7,94.4,22,1269,shot
bruno-fernandes,https://www.sofascore.com/hungary-portugal/eUbsjUb#id:8602461,portugal,save,No information,assisted,27.1,54,0,right-foot,low-right,0,47.5,8.2,No information,No information,68,No information,4031,54,27.1,52.5,0,52.5,91.8,23,1369,shot
roland-sallai,https://www.sofascore.com/hungary-portugal/eUbsjUb#id:8602461,hungary,save,No information,regular,19.5,33.4,0,left-foot,high-left,0,51.9,21.5,No information,No information,57,No information,3387,33.4,19.5,48.1,0,48.1,78.5,34,2013,shot
adam-szalai,https://www.sofascore.com/hungary-portugal/eUbsjUb#id:8602461,hungary,save,No information,assisted,28.5,34.4,0,right-foot,low-centre,0,50,8.2,No information,No information,50,No information,2968,34.4,28.5,50,0,50,91.8,41,2432,shot
pepe,https://www.sofascore.com/hungary-portugal/eUbsjUb#id:8602461,portugal,save,No information,corner,9.9,43.7,0,head,low-left,0,53.9,13.3,No information,No information,47,No information,2812,43.7,9.9,46.1,0,46.1,86.7,44,2588,shot
cristiano-ronaldo,https://www.sofascore.com/hungary-portugal/eUbsjUb#id:8602461,portugal,miss,No information,assisted,6.3,49.3,0,right-foot,close-high,0,51.4,58.3,No information,No information,43,No information,2561,49.3,6.3,48.6,0,48.6,41.7,3,139,shot
diogo-jota,https://www.sofascore.com/hungary-portugal/eUbsjUb#id:8602461,portugal,save,No information,assisted,8,54.2,0,left-foot,low-centre,0,50.1,5.1,No information,No information,40,No information,2377,54.2,8,49.9,0,49.9,94.9,6,323,shot
adam-szalai,https://www.sofascore.com/hungary-portugal/eUbsjUb#id:8602461,hungary,save,No information,set-piece,12.1,44.5,0,head,high-centre,0,48.8,21.5,No information,No information,37,No information,2163,44.5,12.1,51.2,0,51.2,78.5,9,537,shot
cristiano-ronaldo,https://www.sofascore.com/hungary-portugal/eUbsjUb#id:8602461,portugal,miss,No information,assisted,7,46.4,0,head,left,0,69.9,25,No information,No information,30,No information,1787,46.4,7,30.1,0,30.1,75,16,913,shot
diogo-jota,https://www.sofascore.com/hungary-portugal/eUbsjUb#id:8602461,portugal,miss,No information,set-piece,12.2,54.2,0,right-foot,high-right,0,41.3,93.1,No information,No information,9,No information,494,54.2,12.2,58.7,0,58.7,6.9,37,2206,shot
diogo-jota,https://www.sofascore.com/hungary-portugal/eUbsjUb#id:8602461,portugal,save,No information,regular,17.9,57.7,0,left-foot,low-right,0,47.4,17.7,No information,No information,5,No information,266,57.7,17.9,52.6,0,52.6,82.3,41,2434,shot

dominik-szoboszlai,https://www.sofascore.com/montenegro-hungary/jUbsORc#id:10752430,hungary,block,No information,assisted,18.4,23,0,right-foot,low-left,0,53.3,19,No information,No information,87,No information,5207,23,18.4,46.7,0,46.7,81,4,193,shot
milutin-osmajic,https://www.sofascore.com/montenegro-hungary/jUbsORc#id:10752430,montenegro,miss,No information,assisted,7.1,49.6,0,head,high,0,46.2,86.1,No information,No information,86,No information,5157,49.6,7.1,53.8,0,53.8,13.9,5,243,shot
stevan-jovetic,https://www.sofascore.com/montenegro-hungary/jUbsORc#id:10752430,montenegro,miss,No information,free-kick,29.3,58.7,0,right-foot,left,0,63,2.8,No information,No information,71,No information,4244,58.7,29.3,37,0,37,97.2,20,1156,shot
vukan-savicevic,https://www.sofascore.com/montenegro-hungary/jUbsORc#id:10752430,montenegro,miss,No information,assisted,11.4,47.1,0,head,high-right,0,35.5,41.7,No information,No information,68,No information,4056,47.1,11.4,64.5,0,64.5,58.3,23,1344,shot
adam-nagy,https://www.sofascore.com/montenegro-hungary/jUbsORc#id:10752430,hungary,miss,No information,set-piece,31.2,46.3,0,right-foot,left,0,64.4,12.5,No information,No information,66,No information,3908,46.3,31.2,35.6,0,35.6,87.5,25,1492,shot
dominik-szoboszlai,https://www.sofascore.com/montenegro-hungary/jUbsORc#id:10752430,hungary,save,No information,assisted,18.9,24.3,0,right-foot,high-left,0,53.6,21.5,No information,No information,62,No information,3719,24.3,18.9,46.4,0,46.4,78.5,29,1681,shot
csoboth-kevin,https://www.sofascore.com/montenegro-hungary/jUbsORc#id:10752430,hungary,block,No information,assisted,19.5,40.8,0,right-foot,low-centre,0,48.3,19,No information,No information,62,No information,3693,40.8,19.5,51.7,0,51.7,81,29,1707,shot
vukan-savicevic,https://www.sofascore.com/montenegro-hungary/jUbsORc#id:10752430,montenegro,save,No information,regular,53.5,31.6,0,right-foot,low-left,0,54,15.8,No information,No information,54,No information,3231,31.6,53.5,46,0,46,84.2,37,2169,shot
zarko-tomasevic,https://www.sofascore.com/montenegro-hungary/jUbsORc#id:10752430,montenegro,miss,No information,set-piece,7.1,39.4,0,head,high-left,0,57.6,88.9,No information,No information,47,No information,2781,39.4,7.1,42.4,0,42.4,11.1,44,2619,shot
stevan-jovetic,https://www.sofascore.com/montenegro-hungary/jUbsORc#id:10752430,montenegro,miss,No information,set-piece,11.6,32.7,0,right-foot,high-right,0,35,93.1,No information,No information,45,2,2791,32.7,11.6,65,0,65,6.9,1,2609,shot
milos-kerkez,https://www.sofascore.com/montenegro-hungary/jUbsORc#id:10752430,hungary,block,No information,corner,18.2,29.9,0,left-foot,low-centre,0,49.6,19,No information,No information,44,No information,2583,29.9,18.2,50.4,0,50.4,81,2,117,shot
stevan-jovetic,https://www.sofascore.com/montenegro-hungary/jUbsORc#id:10752430,montenegro,save,No information,free-kick,28.3,27.7,0,right-foot,high-right,0,47.4,20.9,No information,No information,42,No information,2488,27.7,28.3,52.6,0,52.6,79.1,4,212,shot
vukan-savicevic,https://www.sofascore.com/montenegro-hungary/jUbsORc#id:10752430,montenegro,miss,No information,regular,10.6,76.2,0,right-foot,high,0,47.6,83.3,No information,No information,36,No information,2135,76.2,10.6,52.4,0,52.4,16.7,10,565,shot
roland-sallai,https://www.sofascore.com/montenegro-hungary/jUbsORc#id:10752430,hungary,miss,No information,assisted,25.8,66.9,0,right-foot,high,0,51.8,80.6,No information,No information,33,No information,1959,66.9,25.8,48.2,0,48.2,19.4,13,741,shot
martin-adam,https://www.sofascore.com/montenegro-hungary/jUbsORc#id:10752430,hungary,miss,No information,regular,24.2,43.8,0,left-foot,right,0,36.6,4.2,No information,No information,28,No information,1637,43.8,24.2,63.4,0,63.4,95.8,18,1063,shot
stevan-jovetic,https://www.sofascore.com/montenegro-hungary/jUbsORc#id:10752430,montenegro,miss,No information,assisted,20.4,25.1,0,right-foot,close-right,0,43,15.3,No information,No information,27,No information,1581,25.1,20.4,57,0,57,84.7,19,1119,shot
nikola-krstovic,https://www.sofascore.com/montenegro-hungary/jUbsORc#id:10752430,montenegro,block,No information,regular,14,34,0,right-foot,low-right,0,47.4,19,No information,No information,27,No information,1572,34,14,52.6,0,52.6,81,19,1128,shot
nikola-krstovic,https://www.sofascore.com/montenegro-hungary/jUbsORc#id:10752430,montenegro,block,No information,assisted,13.3,33.3,0,left-foot,low-centre,0,51.3,19,No information,No information,27,No information,1568,33.3,13.3,48.7,0,48.7,81,19,1132,shot
stefan-savic,https://www.sofascore.com/montenegro-hungary/jUbsORc#id:10752430,montenegro,miss,No information,corner,7.8,40.6,0,other,left,0,62.7,6.9,No information,No information,14,No information,788,40.6,7.8,37.3,0,37.3,93.1,32,1912,shot
vukan-savicevic,https://www.sofascore.com/montenegro-hungary/jUbsORc#id:10752430,montenegro,save,No information,assisted,27.7,56.3,0,right-foot,high-left,0,53.2,20.3,No information,No information,12,No information,706,56.3,27.7,46.8,0,46.8,79.7,34,1994,shot
attila-szalai,https://www.sofascore.com/montenegro-hungary/jUbsORc#id:10752430,hungary,miss,No information,set-piece,12.9,40.6,0,head,right,0,35.3,18.1,No information,No information,11,No information,653,40.6,12.9,64.7,0,64.7,81.9,35,2047,shot
dominik-szoboszlai,https://www.sofascore.com/montenegro-hungary/jUbsORc#id:10752430,hungary,miss,No information,free-kick,28,65.6,0,right-foot,left,0,60,12.5,No information,No information,10,No information,552,65.6,28,40,0,40,87.5,36,2148,shot
nikola-krstovic,https://www.sofascore.com/montenegro-hungary/jUbsORc#id:10752430,montenegro,miss,No information,assisted,3.5,44.1,0,head,left,0,62.2,20.8,No information,No information,5,No information,253,44.1,3.5,37.8,0,37.8,79.2,41,2447,shot

przemyslaw-frankowski,https://www.sofascore.com/hungary-poland/dUbsjUb#id:9223965,poland,block,No information,assisted,26.4,46.6,0,right-foot,low-centre,0,50.8,19,No information,No information,87,No information,5211,46.6,26.4,49.2,0,49.2,81,4,189,shot
arkadiusz-milik,https://www.sofascore.com/hungary-poland/dUbsjUb#id:9223965,poland,save,No information,corner,10.3,43.9,0,head,low-centre,0,49.5,10.1,No information,No information,85,No information,5088,43.9,10.3,50.5,0,50.5,89.9,6,312,shot
piotr-zielinski,https://www.sofascore.com/hungary-poland/dUbsjUb#id:9223965,poland,block,No information,assisted,25.5,49.9,0,left-foot,low-centre,0,49.5,19,No information,No information,84,No information,5013,49.9,25.5,50.5,0,50.5,81,7,387,shot
daniel-gazdag,https://www.sofascore.com/hungary-poland/dUbsjUb#id:9223965,hungary,goal,regular,assisted,14,57.5,0,right-foot,high-right,0,46.2,24.7,No information,No information,80,No information,4745,57.5,14,53.8,0,53.8,75.3,11,655,shot
arkadiusz-milik,https://www.sofascore.com/hungary-poland/dUbsjUb#id:9223965,poland,block,No information,assisted,21.5,62.7,0,left-foot,low-centre,0,49.4,19,No information,No information,75,No information,4471,62.7,21.5,50.6,0,50.6,81,16,929,shot
pawel-dawidowicz,https://www.sofascore.com/hungary-poland/dUbsjUb#id:9223965,poland,miss,No information,assisted,26,68,0,right-foot,high-right,0,31.4,81.9,No information,No information,72,No information,4274,68,26,68.6,0,68.6,18.1,19,1126,shot
piotr-zielinski,https://www.sofascore.com/hungary-poland/dUbsjUb#id:9223965,poland,miss,No information,assisted,22.5,41.3,0,left-foot,high-left,0,57.6,68.1,No information,No information,70,No information,4163,41.3,22.5,42.4,0,42.4,31.9,21,1237,shot
karol-swiderski,https://www.sofascore.com/hungary-poland/dUbsjUb#id:9223965,poland,goal,regular,corner,7.6,49.4,0,head,high-left,0,54.1,23.4,No information,No information,61,No information,3651,49.4,7.6,45.9,0,45.9,76.6,30,1749,shot
jan-bednarek,https://www.sofascore.com/hungary-poland/dUbsjUb#id:9223965,poland,block,No information,corner,7.5,38.9,0,head,low-centre,0,51.5,19,No information,No information,61,No information,3649,38.9,7.5,48.5,0,48.5,81,30,1751,shot
piotr-zielinski,https://www.sofascore.com/hungary-poland/dUbsjUb#id:9223965,poland,block,No information,assisted,21.2,41.9,0,left-foot,low-left,0,52,19,No information,No information,60,No information,3597,41.9,21.2,48,0,48,81,31,1803,shot
szabolcs-schon,https://www.sofascore.com/hungary-poland/dUbsjUb#id:9223965,hungary,block,No information,assisted,23.1,56.9,0,left-foot,low-right,0,47.9,19,No information,No information,59,No information,3536,56.9,23.1,52.1,0,52.1,81,32,1864,shot
kevin-varga,https://www.sofascore.com/hungary-poland/dUbsjUb#id:9223965,hungary,miss,No information,regular,2.5,41.6,0,right-foot,close-high-left,0,58.2,55.6,No information,No information,53,No information,3130,41.6,2.5,41.8,0,41.8,44.4,38,2270,shot
szabolcs-schon,https://www.sofascore.com/hungary-poland/dUbsjUb#id:9223965,hungary,save,No information,assisted,9.8,70.1,0,left-foot,high-centre,0,51.4,25.3,No information,No information,53,No information,3128,70.1,9.8,48.6,0,48.6,74.7,38,2272,shot
kevin-varga,https://www.sofascore.com/hungary-poland/dUbsjUb#id:9223965,hungary,save,No information,fast-break,15.5,67.5,0,left-foot,low-centre,0,50,5.7,No information,No information,50,No information,2941,67.5,15.5,50,0,50,94.3,41,2459,shot
krzysztof-piatek,https://www.sofascore.com/hungary-poland/dUbsjUb#id:9223965,poland,save,No information,corner,1.1,59.4,0,right-foot,low-centre,0,49.2,10.1,No information,No information,49,No information,2899,59.4,1.1,50.8,0,50.8,89.9,42,2501,shot
jakub-moder,https://www.sofascore.com/hungary-poland/dUbsjUb#id:9223965,poland,save,No information,assisted,10,60.6,0,right-foot,low-centre,0,48.3,3.8,No information,No information,45,No information,2650,60.6,10,51.7,0,51.7,96.2,1,50,shot
andras-schafer,https://www.sofascore.com/hungary-poland/dUbsjUb#id:9223965,hungary,goal,regular,set-piece,4.6,48.1,0,head,low-left,0,52.6,2.5,No information,No information,37,No information,2197,48.1,4.6,47.4,0,47.4,97.5,9,503,shot
jakub-moder,https://www.sofascore.com/hungary-poland/dUbsjUb#id:9223965,poland,save,No information,assisted,24.8,48.1,0,right-foot,low-right,0,47.1,1.9,No information,No information,35,No information,2059,48.1,24.8,52.9,0,52.9,98.1,11,641,shot
zsolt-nagy,https://www.sofascore.com/hungary-poland/dUbsjUb#id:9223965,hungary,miss,No information,corner,21.9,36.1,0,left-foot,left,0,65.5,5.6,No information,No information,27,No information,1605,36.1,21.9,34.5,0,34.5,94.4,19,1095,shot
loic-nego,https://www.sofascore.com/hungary-poland/dUbsjUb#id:9223965,hungary,block,No information,assisted,7.1,61.4,0,right-foot,low-centre,0,48.7,2.8,No information,No information,27,No information,1569,61.4,7.1,51.3,0,51.3,97.2,19,1131,shot
krzysztof-piatek,https://www.sofascore.com/hungary-poland/dUbsjUb#id:9223965,poland,block,No information,regular,8.9,31.6,0,left-foot,low-centre,0,49.9,19,No information,No information,20,No information,1144,31.6,8.9,50.1,0,50.1,81,26,1556,shot
jan-bednarek,https://www.sofascore.com/hungary-poland/dUbsjUb#id:9223965,poland,save,No information,regular,4.2,48.8,0,left-foot,low-centre,0,51,2.5,No information,No information,19,No information,1089,48.8,4.2,49,0,49,97.5,27,1611,shot
krzysztof-piatek,https://www.sofascore.com/hungary-poland/dUbsjUb#id:9223965,poland,block,No information,assisted,11.2,44.3,0,right-foot,low-right,0,47.4,19,No information,No information,11,No information,600,44.3,11.2,52.6,0,52.6,81,35,2100,shot

filip-duricic,https://www.sofascore.com/serbia-hungary/jUbsfCc#id:10752528,serbia,miss,No information,assisted,13.7,41.7,0,head,right,0,34.8,6.9,No information,No information,90,6,5709,41.7,13.7,65.2,0,65.2,93.1,1,591,shot
nikola-milenkovic,https://www.sofascore.com/serbia-hungary/jUbsfCc#id:10752528,serbia,save,No information,set-piece,3.8,59.8,0,head,high-centre,0,48.4,25.9,No information,No information,90,4,5585,59.8,3.8,51.6,0,51.6,74.1,1,715,shot
aleksandar-mitrovic,https://www.sofascore.com/serbia-hungary/jUbsfCc#id:10752528,serbia,miss,No information,assisted,7.4,58.2,0,head,right,0,39.3,27.8,No information,No information,90,1,5451,58.2,7.4,60.7,0,60.7,72.2,1,849,shot
petar-ratkov,https://www.sofascore.com/serbia-hungary/jUbsfCc#id:10752528,serbia,miss,No information,assisted,19.8,42.9,0,right-foot,close-high,0,55.1,59.7,No information,No information,86,No information,5109,42.9,19.8,44.9,0,44.9,40.3,5,291,shot
mihaly-kata,https://www.sofascore.com/serbia-hungary/jUbsfCc#id:10752528,hungary,save,No information,regular,26.5,46.2,0,right-foot,low-centre,0,49.1,13.9,No information,No information,85,No information,5085,46.2,26.5,50.9,0,50.9,86.1,6,315,shot
barnabas-varga,https://www.sofascore.com/serbia-hungary/jUbsfCc#id:10752528,hungary,save,No information,assisted,11,43,0,head,high-centre,0,49.2,24.7,No information,No information,82,No information,4877,43,11,50.8,0,50.8,75.3,9,523,shot
bendeguz-bolla,https://www.sofascore.com/serbia-hungary/jUbsfCc#id:10752528,hungary,miss,No information,assisted,10.6,59.1,0,right-foot,right,0,40,13.9,No information,No information,72,No information,4296,59.1,10.6,60,0,60,86.1,19,1104,shot
strahinja-pavlovic,https://www.sofascore.com/serbia-hungary/jUbsfCc#id:10752528,serbia,post,No information,corner,4.7,58.8,0,left-foot,right,0,44.7,6.3,No information,No information,71,No information,4203,58.8,4.7,55.3,0,55.3,93.7,20,1197,shot
dusan-tadic,https://www.sofascore.com/serbia-hungary/jUbsfCc#id:10752528,serbia,post,No information,corner,11.1,56.4,0,left-foot,right,0,44.5,10.1,No information,No information,71,No information,4201,56.4,11.1,55.5,0,55.5,89.9,20,1199,shot
strahinja-pavlovic,https://www.sofascore.com/serbia-hungary/jUbsfCc#id:10752528,serbia,block,No information,corner,3.2,56,0,head,low-right,0,46.9,19,No information,No information,70,No information,4199,56,3.2,53.1,0,53.1,81,21,1201,shot
barnabas-varga,https://www.sofascore.com/serbia-hungary/jUbsfCc#id:10752528,hungary,post,No information,fast-break,13.3,57.1,0,head,high,0,52.6,40.5,No information,No information,67,No information,4015,57.1,13.3,47.4,0,47.4,59.5,24,1385,shot
attila-szalai,https://www.sofascore.com/serbia-hungary/jUbsfCc#id:10752528,hungary,block,No information,regular,27.7,50.9,0,left-foot,low-left,0,52.3,19,No information,No information,59,No information,3524,50.9,27.7,47.7,0,47.7,81,32,1876,shot
mijat-gacinovic,https://www.sofascore.com/serbia-hungary/jUbsfCc#id:10752528,serbia,miss,No information,assisted,21.2,26.2,0,right-foot,right,0,0.3,2.8,No information,No information,51,No information,3052,26.2,21.2,99.7,0,99.7,97.2,40,2348,shot
andrija-zivkovic,https://www.sofascore.com/serbia-hungary/jUbsfCc#id:10752528,serbia,miss,No information,corner,15.2,66.1,0,right-foot,right,0,7.9,4.2,No information,No information,45,2,2783,66.1,15.2,92.1,0,92.1,95.8,1,2617,shot
mijat-gacinovic,https://www.sofascore.com/serbia-hungary/jUbsfCc#id:10752528,serbia,block,No information,assisted,17.4,33.9,0,right-foot,low-centre,0,51,19,No information,No information,45,1,2748,33.9,17.4,49,0,49,81,1,2652,shot
andrija-zivkovic,https://www.sofascore.com/serbia-hungary/jUbsfCc#id:10752528,serbia,save,No information,assisted,6.5,43.6,0,head,low-centre,0,51.7,12.7,No information,No information,45,1,2734,43.6,6.5,48.3,0,48.3,87.3,1,2666,shot
aleksandar-mitrovic,https://www.sofascore.com/serbia-hungary/jUbsfCc#id:10752528,serbia,save,No information,assisted,18.9,49.7,0,left-foot,low-centre,0,51.3,13.9,No information,No information,44,No information,2592,49.7,18.9,48.7,0,48.7,86.1,2,108,shot
roland-sallai,https://www.sofascore.com/serbia-hungary/jUbsfCc#id:10752528,hungary,goal,regular,assisted,20.5,54.7,0,left-foot,high-left,0,53.6,25.3,No information,No information,34,No information,2024,54.7,20.5,46.4,0,46.4,74.7,12,676,shot
strahinja-pavlovic,https://www.sofascore.com/serbia-hungary/jUbsfCc#id:10752528,serbia,goal,regular,corner,3.3,55.9,0,head,low-left,0,54.2,9.5,No information,No information,33,No information,1954,55.9,3.3,45.8,0,45.8,90.5,13,746,shot
nemanja-gudelj,https://www.sofascore.com/serbia-hungary/jUbsfCc#id:10752528,serbia,block,No information,regular,27.6,67.3,0,right-foot,low-centre,0,49,19,No information,No information,32,No information,1916,67.3,27.6,51,0,51,81,14,784,shot
milos-kerkez,https://www.sofascore.com/serbia-hungary/jUbsfCc#id:10752528,hungary,block,No information,assisted,18.3,48.4,0,left-foot,low-centre,0,50.3,19,No information,No information,31,No information,1849,48.4,18.3,49.7,0,49.7,81,15,851,shot
aleksandar-mitrovic,https://www.sofascore.com/serbia-hungary/jUbsfCc#id:10752528,serbia,save,No information,assisted,11.9,47.7,0,head,low-centre,0,50,15.2,No information,No information,24,No information,1388,47.7,11.9,50,0,50,84.8,22,1312,shot
barnabas-varga,https://www.sofascore.com/serbia-hungary/jUbsfCc#id:10752528,hungary,goal,regular,assisted,11,55.8,0,right-foot,low-left,0,51.9,1.9,No information,No information,20,No information,1198,55.8,11,48.1,0,48.1,98.1,26,1502,shot
adam-nagy,https://www.sofascore.com/serbia-hungary/jUbsfCc#id:10752528,hungary,block,No information,corner,30.3,58.8,0,right-foot,low-centre,0,50.3,19,No information,No information,17,No information,994,58.8,30.3,49.7,0,49.7,81,29,1706,shot
loic-nego,https://www.sofascore.com/serbia-hungary/jUbsfCc#id:10752528,hungary,block,No information,assisted,16.5,60.4,0,right-foot,high-left,0,54.3,25,No information,No information,15,No information,890,60.4,16.5,45.7,0,45.7,75,31,1810,shot
nemanja-gudelj,https://www.sofascore.com/serbia-hungary/jUbsfCc#id:10752528,serbia,save,No information,throw-in-set-piece,23.4,65,0,right-foot,low-centre,0,51.8,11.4,No information,No information,9,No information,523,65,23.4,48.2,0,48.2,88.6,37,2177,shot

willi-orban,https://www.sofascore.com/germany-hungary/jUbslUb#id:11873900,hungary,save,No information,set-piece,8.6,46.6,0,right-foot,low-left,0,52.8,19,No information,No information,90,No information,5351,46.6,8.6,47.2,0,47.2,81,1,49,shot
leroy-sane,https://www.sofascore.com/germany-hungary/jUbslUb#id:11873900,germany,block,No information,fast-break,12.6,65.3,0,left-foot,low-left,0,52.6,4.2,No information,No information,88,No information,5273,65.3,12.6,47.4,0,47.4,95.8,3,127,shot
niclas-fullkrug,https://www.sofascore.com/germany-hungary/jUbslUb#id:11873900,germany,miss,No information,assisted,7.1,51.9,0,head,left,0,63.9,15.3,No information,No information,87,No information,5166,51.9,7.1,36.1,0,36.1,84.7,4,234,shot
chris-fuhrich,https://www.sofascore.com/germany-hungary/jUbslUb#id:11873900,germany,miss,No information,fast-break,7.2,29.9,0,right-foot,high-right,0,36.3,65.3,No information,No information,81,No information,4820,29.9,7.2,63.7,0,63.7,34.7,10,580,shot
leroy-sane,https://www.sofascore.com/germany-hungary/jUbslUb#id:11873900,germany,miss,No information,free-kick,26.3,56.1,0,left-foot,high,0,55.3,83.3,No information,No information,77,No information,4602,56.1,26.3,44.7,0,44.7,16.7,14,798,shot
leroy-sane,https://www.sofascore.com/germany-hungary/jUbslUb#id:11873900,germany,save,No information,assisted,19.6,58.7,0,right-foot,low-left,0,52.7,2.5,No information,No information,75,No information,4454,58.7,19.6,47.3,0,47.3,97.5,16,946,shot
joshua-kimmich,https://www.sofascore.com/germany-hungary/jUbslUb#id:11873900,germany,save,No information,assisted,11.9,63.7,0,left-foot,low-right,0,46.9,17.7,No information,No information,74,No information,4402,63.7,11.9,53.1,0,53.1,82.3,17,998,shot
joshua-kimmich,https://www.sofascore.com/germany-hungary/jUbslUb#id:11873900,germany,miss,No information,assisted,7,73.9,0,right-foot,left,0,63.2,26.4,No information,No information,69,No information,4128,73.9,7,36.8,0,36.8,73.6,22,1272,shot
ilkay-gundogan,https://www.sofascore.com/germany-hungary/jUbslUb#id:11873900,germany,goal,regular,assisted,11.2,45.5,0,left-foot,low-right,0,47.5,0.6,No information,No information,67,No information,3980,45.5,11.2,52.5,0,52.5,99.4,24,1420,shot
jamal-musiala,https://www.sofascore.com/germany-hungary/jUbslUb#id:11873900,germany,miss,No information,assisted,21.2,45.1,0,right-foot,high,0,46.6,63.9,No information,No information,62,No information,3673,45.1,21.2,53.4,0,53.4,36.1,29,1727,shot
barnabas-varga,https://www.sofascore.com/germany-hungary/jUbslUb#id:11873900,hungary,miss,No information,assisted,6.1,52.8,0,head,close-high,0,55.3,56.9,No information,No information,60,No information,3546,52.8,6.1,44.7,0,44.7,43.1,31,1854,shot
roland-sallai,https://www.sofascore.com/germany-hungary/jUbslUb#id:11873900,hungary,miss,No information,assisted,11.2,46.9,0,right-foot,left,0,62.7,19.4,No information,No information,58,No information,3471,46.9,11.2,37.3,0,37.3,80.6,33,1929,shot
dominik-szoboszlai,https://www.sofascore.com/germany-hungary/jUbslUb#id:11873900,hungary,miss,No information,regular,17.9,72,0,right-foot,left,0,83.2,11.1,No information,No information,58,No information,3470,72,17.9,16.8,0,16.8,88.9,33,1930,shot
toni-kroos,https://www.sofascore.com/germany-hungary/jUbslUb#id:11873900,germany,save,No information,regular,19.2,56.8,0,right-foot,low-right,0,46.2,18.4,No information,No information,55,No information,3253,56.8,19.2,53.8,0,53.8,81.6,36,2147,shot
antonio-rudiger,https://www.sofascore.com/germany-hungary/jUbslUb#id:11873900,germany,block,No information,assisted,26.7,72.7,0,right-foot,low-left,0,53.9,8.3,No information,No information,46,No information,2755,72.7,26.7,46.1,0,46.1,91.7,45,2645,shot
jamal-musiala,https://www.sofascore.com/germany-hungary/jUbslUb#id:11873900,germany,block,No information,assisted,16.2,60,0,right-foot,low-right,0,47.6,19.4,No information,No information,44,No information,2629,60,16.2,52.4,0,52.4,80.6,2,71,shot
florian-wirtz,https://www.sofascore.com/germany-hungary/jUbslUb#id:11873900,germany,block,No information,corner,19.4,73.9,0,right-foot,low-left,0,53.1,19,No information,No information,42,No information,2463,73.9,19.4,46.9,0,46.9,81,4,237,shot
maximilian-mittelstadt,https://www.sofascore.com/germany-hungary/jUbslUb#id:11873900,germany,block,No information,corner,20,54.2,0,right-foot,low-left,0,53.4,6.9,No information,No information,37,No information,2187,54.2,20,46.6,0,46.6,93.1,9,513,shot
bendeguz-bolla,https://www.sofascore.com/germany-hungary/jUbslUb#id:11873900,hungary,miss,No information,corner,18.4,69.5,0,right-foot,left,0,61.7,4.2,No information,No information,30,No information,1743,69.5,18.4,38.3,0,38.3,95.8,16,957,shot
dominik-szoboszlai,https://www.sofascore.com/germany-hungary/jUbslUb#id:11873900,hungary,block,No information,assisted,11.1,39.5,0,left-foot,low-left,0,53.7,19,No information,No information,29,No information,1708,39.5,11.1,46.3,0,46.3,81,17,992,shot
ilkay-gundogan,https://www.sofascore.com/germany-hungary/jUbslUb#id:11873900,germany,block,No information,regular,14.2,52.2,0,left-foot,low-centre,0,51.1,19,No information,No information,27,No information,1601,52.2,14.2,48.9,0,48.9,81,19,1099,shot
barnabas-varga,https://www.sofascore.com/germany-hungary/jUbslUb#id:11873900,hungary,save,No information,set-piece,2,40.8,0,left-foot,low-centre,0,51.8,5.7,No information,No information,26,No information,1519,40.8,2,48.2,0,48.2,94.3,20,1181,shot
dominik-szoboszlai,https://www.sofascore.com/germany-hungary/jUbslUb#id:11873900,hungary,save,No information,free-kick,21.4,24.7,0,right-foot,high-left,0,52.9,29.1,No information,No information,26,No information,1517,24.7,21.4,47.1,0,47.1,70.9,20,1183,shot
jamal-musiala,https://www.sofascore.com/germany-hungary/jUbslUb#id:11873900,germany,goal,regular,assisted,7.9,43.7,0,right-foot,high-left,0,53.1,27.8,No information,No information,22,No information,1304,43.7,7.9,46.9,0,46.9,72.2,24,1396,shot
roland-sallai,https://www.sofascore.com/germany-hungary/jUbslUb#id:11873900,hungary,block,No information,assisted,17.7,48.9,0,right-foot,low-left,0,53.8,4.2,No information,No information,15,No information,864,48.9,17.7,46.2,0,46.2,95.8,31,1836,shot
robert-andrich,https://www.sofascore.com/germany-hungary/jUbslUb#id:11873900,germany,block,No information,corner,10.6,62.8,0,right-foot,high-left,0,53.9,25,No information,No information,12,No information,694,62.8,10.6,46.1,0,46.1,75,34,2006,shot
kai-havertz,https://www.sofascore.com/germany-hungary/jUbslUb#id:11873900,germany,save,No information,assisted,3.6,57.9,0,left-foot,low-centre,0,51.5,19.6,No information,No information,11,No information,649,57.9,3.6,48.5,0,48.5,80.4,35,2051,shot
bendeguz-bolla,https://www.sofascore.com/germany-hungary/jUbslUb#id:11873900,hungary,block,No information,corner,10.7,70.8,0,right-foot,low-right,0,48,19,No information,No information,6,No information,356,70.8,10.7,52,0,52,81,40,2344,shot
kai-havertz,https://www.sofascore.com/germany-hungary/jUbslUb#id:11873900,germany,save,No information,assisted,18.8,63.1,0,left-foot,low-right,0,48.1,1.3,No information,No information,5,No information,243,63.1,18.8,51.9,0,51.9,98.7,41,2457,shot
roland-sallai,https://www.sofascore.com/germany-hungary/jUbslUb#id:11873900,hungary,save,No information,regular,7.3,44.4,0,right-foot,low-centre,0,51.7,12.7,No information,No information,1,No information,15,44.4,7.3,48.3,0,48.3,87.3,45,2685,shot

armandas-kucys,https://www.sofascore.com/lithuania-hungary/jUbsBVb#id:10752456,lithuania,save,No information,assisted,14.5,53.2,0,right-foot,low-left,0,53.2,16.5,No information,No information,90,4,5604,53.2,14.5,46.8,0,46.8,83.5,1,696,shot
laszlo-kleinheisler,https://www.sofascore.com/lithuania-hungary/jUbsBVb#id:10752456,hungary,save,No information,assisted,22.1,41.2,0,right-foot,low-left,0,52,1.9,No information,No information,90,3,5529,41.2,22.1,48,0,48,98.1,1,771,shot
gytis-paulauskas,https://www.sofascore.com/lithuania-hungary/jUbsBVb#id:10752456,lithuania,save,No information,assisted,24,48.4,0,right-foot,low-left,0,53.6,1.9,No information,No information,87,No information,5186,48.4,24,46.4,0,46.4,98.1,4,214,shot
roland-sallai,https://www.sofascore.com/lithuania-hungary/jUbsBVb#id:10752456,hungary,goal,regular,assisted,25.7,57.8,0,right-foot,high-right,0,47,29.7,No information,No information,83,No information,4959,57.8,25.7,53,0,53,70.3,8,441,shot
lekiatas-rokas,https://www.sofascore.com/lithuania-hungary/jUbsBVb#id:10752456,lithuania,block,No information,corner,11.8,42.8,0,right-foot,low-left,0,52.9,13.9,No information,No information,82,No information,4862,42.8,11.8,47.1,0,47.1,86.1,9,538,shot
modestas-vorobjovas,https://www.sofascore.com/lithuania-hungary/jUbsBVb#id:10752456,lithuania,miss,No information,corner,18.7,60.8,0,right-foot,left,0,77,1.4,No information,No information,82,No information,4861,60.8,18.7,23,0,23,98.6,9,539,shot
jankauskas-eligijus,https://www.sofascore.com/lithuania-hungary/jUbsBVb#id:10752456,lithuania,block,No information,assisted,9.6,63.8,0,right-foot,high-right,0,45.9,25,No information,No information,81,No information,4835,63.8,9.6,54.1,0,54.1,75,10,565,shot
laszlo-kleinheisler,https://www.sofascore.com/lithuania-hungary/jUbsBVb#id:10752456,hungary,miss,No information,corner,25.5,43.7,0,right-foot,high,0,47.9,88.9,No information,No information,76,No information,4541,43.7,25.5,52.1,0,52.1,11.1,15,859,shot
roland-sallai,https://www.sofascore.com/lithuania-hungary/jUbsBVb#id:10752456,hungary,miss,No information,corner,9.2,56.2,0,head,right,0,0.5,2.8,No information,No information,74,No information,4399,56.2,9.2,99.5,0,99.5,97.2,17,1001,shot
willi-orban,https://www.sofascore.com/lithuania-hungary/jUbsBVb#id:10752456,hungary,miss,No information,corner,10.4,53.1,0,head,left,0,99.8,5.6,No information,No information,74,No information,4391,53.1,10.4,0.2,0,0.2,94.4,17,1009,shot
laszlo-kleinheisler,https://www.sofascore.com/lithuania-hungary/jUbsBVb#id:10752456,hungary,block,No information,regular,17.1,35.7,0,right-foot,low-right,0,46.9,16.7,No information,No information,73,No information,4323,35.7,17.1,53.1,0,53.1,83.3,18,1077,shot
jankauskas-eligijus,https://www.sofascore.com/lithuania-hungary/jUbsBVb#id:10752456,lithuania,miss,No information,assisted,20.6,64,0,right-foot,high,0,45,79.2,No information,No information,70,No information,4152,64,20.6,55,0,55,20.8,21,1248,shot
modestas-vorobjovas,https://www.sofascore.com/lithuania-hungary/jUbsBVb#id:10752456,lithuania,miss,No information,set-piece,23.5,52.9,0,right-foot,high-right,0,42,94.4,No information,No information,68,No information,4021,52.9,23.5,58,0,58,5.6,23,1379,shot
roland-sallai,https://www.sofascore.com/lithuania-hungary/jUbsBVb#id:10752456,hungary,miss,No information,assisted,8.9,58.8,0,head,close-right,0,43.4,19.4,No information,No information,62,No information,3714,58.8,8.9,56.6,0,56.6,80.6,29,1686,shot
adam-nagy,https://www.sofascore.com/lithuania-hungary/jUbsBVb#id:10752456,hungary,miss,No information,throw-in-set-piece,27.1,52.7,0,left-foot,high,0,55.1,79.2,No information,No information,59,No information,3512,52.7,27.1,44.9,0,44.9,20.8,32,1888,shot
daniel-gazdag,https://www.sofascore.com/lithuania-hungary/jUbsBVb#id:10752456,hungary,save,No information,assisted,15.8,38,0,left-foot,low-right,0,47.1,3.2,No information,No information,46,No information,2742,38,15.8,52.9,0,52.9,96.8,45,2658,shot
roland-sallai,https://www.sofascore.com/lithuania-hungary/jUbsBVb#id:10752456,hungary,save,No information,assisted,22.4,70.4,0,right-foot,low-right,0,46.9,12.7,No information,No information,42,No information,2492,70.4,22.4,53.1,0,53.1,87.3,4,208,shot
attila-szalai,https://www.sofascore.com/lithuania-hungary/jUbsBVb#id:10752456,hungary,miss,No information,set-piece,9.5,43.4,0,head,close-high,0,48.7,59.7,No information,No information,40,No information,2373,43.4,9.5,51.3,0,51.3,40.3,6,327,shot
dominik-szoboszlai,https://www.sofascore.com/lithuania-hungary/jUbsBVb#id:10752456,hungary,post,No information,free-kick,27.4,43.6,0,right-foot,high,0,54.8,39.2,No information,No information,40,No information,2372,43.6,27.4,45.2,0,45.2,60.8,6,328,shot
jankauskas-eligijus,https://www.sofascore.com/lithuania-hungary/jUbsBVb#id:10752456,lithuania,block,No information,fast-break,16.5,57.6,0,right-foot,low-centre,0,49.3,19,No information,No information,38,No information,2230,57.6,16.5,50.7,0,50.7,81,8,470,shot
deividas-sesplaukis,https://www.sofascore.com/lithuania-hungary/jUbsBVb#id:10752456,lithuania,block,No information,assisted,23.3,74.9,0,left-foot,low-left,0,53.4,1.4,No information,No information,35,No information,2097,74.9,23.3,46.6,0,46.6,98.6,11,603,shot
barnabas-varga,https://www.sofascore.com/lithuania-hungary/jUbsBVb#id:10752456,hungary,goal,regular,assisted,6.4,60.1,0,right-foot,high-centre,0,48.2,24.7,No information,No information,32,No information,1902,60.1,6.4,51.8,0,51.8,75.3,14,798,shot
daniel-gazdag,https://www.sofascore.com/lithuania-hungary/jUbsBVb#id:10752456,hungary,save,No information,assisted,31.3,21.3,0,right-foot,low-left,0,53.5,3.8,No information,No information,31,No information,1849,21.3,31.3,46.5,0,46.5,96.2,15,851,shot
milos-kerkez,https://www.sofascore.com/lithuania-hungary/jUbsBVb#id:10752456,hungary,miss,No information,regular,12.3,27.7,0,left-foot,high-left,0,57,83.3,No information,No information,27,No information,1568,27.7,12.3,43,0,43,16.7,19,1132,shot
dominik-szoboszlai,https://www.sofascore.com/lithuania-hungary/jUbsBVb#id:10752456,hungary,save,No information,assisted,28.3,27.9,0,right-foot,low-left,0,51.9,14.6,No information,No information,27,No information,1565,27.9,28.3,48.1,0,48.1,85.4,19,1135,shot
dominik-szoboszlai,https://www.sofascore.com/lithuania-hungary/jUbsBVb#id:10752456,hungary,miss,No information,assisted,11.7,63.2,0,right-foot,left,0,70.3,2.8,No information,No information,23,No information,1360,63.2,11.7,29.7,0,29.7,97.2,23,1340,shot
endre-botka,https://www.sofascore.com/lithuania-hungary/jUbsBVb#id:10752456,hungary,save,No information,assisted,24.3,70.5,0,right-foot,low-left,0,52,14.6,No information,No information,21,No information,1204,70.5,24.3,48,0,48,85.4,25,1496,shot
dominik-szoboszlai,https://www.sofascore.com/lithuania-hungary/jUbsBVb#id:10752456,hungary,save,No information,assisted,24.3,51.5,0,right-foot,low-centre,0,50.3,3.2,No information,No information,17,No information,979,51.5,24.3,49.7,0,49.7,96.8,29,1721,shot
barnabas-varga,https://www.sofascore.com/lithuania-hungary/jUbsBVb#id:10752456,hungary,miss,No information,assisted,6.2,47.7,0,left-foot,high-left,0,56.8,80.6,No information,No information,16,No information,909,47.7,6.2,43.2,0,43.2,19.4,30,1791,shot
barnabas-varga,https://www.sofascore.com/lithuania-hungary/jUbsBVb#id:10752456,hungary,miss,No information,assisted,13.1,47.1,0,right-foot,high,0,48.2,68.1,No information,No information,12,No information,677,47.1,13.1,51.8,0,51.8,31.9,34,2023,shot
styles-callum,https://www.sofascore.com/lithuania-hungary/jUbsBVb#id:10752456,hungary,block,No information,assisted,22.9,54.4,0,left-foot,low-right,0,46,19,No information,No information,12,No information,669,54.4,22.9,54,0,54,81,34,2031,shot
daniel-gazdag,https://www.sofascore.com/lithuania-hungary/jUbsBVb#id:10752456,hungary,miss,No information,regular,14.4,62.6,0,right-foot,high,0,44.9,62.5,No information,No information,11,No information,616,62.6,14.4,55.1,0,55.1,37.5,35,2084,shot
attila-szalai,https://www.sofascore.com/lithuania-hungary/jUbsBVb#id:10752456,hungary,save,No information,corner,3.5,36.9,0,left-foot,high-left,0,51.9,28.5,No information,No information,8,No information,437,36.9,3.5,48.1,0,48.1,71.5,38,2263,shot
willi-orban,https://www.sofascore.com/lithuania-hungary/jUbsBVb#id:10752456,hungary,miss,No information,corner,11.2,50,0,head,left,0,67.2,26.4,No information,No information,8,No information,436,50,11.2,32.8,0,32.8,73.6,38,2264,shot
daniel-gazdag,https://www.sofascore.com/lithuania-hungary/jUbsBVb#id:10752456,hungary,block,No information,set-piece,11.6,50.1,0,head,low-right,0,46.9,18.1,No information,No information,7,No information,395,50.1,11.6,53.1,0,53.1,81.9,39,2305,shot
dominik-szoboszlai,https://www.sofascore.com/lithuania-hungary/jUbsBVb#id:10752456,hungary,block,No information,assisted,25.7,41.1,0,left-foot,low-right,0,47.2,2.8,No information,No information,6,No information,314,41.1,25.7,52.8,0,52.8,97.2,40,2386,shot

yomov-georgi,https://www.sofascore.com/bulgaria-hungary/jUbsqUb#id:9040646,bulgaria,goal,regular,assisted,14,53.8,0,right-foot,low-right,0,47.7,0.6,No information,No information,89,No information,5303,53.8,14,52.3,0,52.3,99.4,2,97,shot
roland-sallai,https://www.sofascore.com/bulgaria-hungary/jUbsqUb#id:9040646,hungary,save,No information,assisted,8.8,35.5,0,right-foot,low-left,0,52.3,1.3,No information,No information,80,No information,4774,35.5,8.8,47.7,0,47.7,98.7,11,626,shot
georgi-terziev,https://www.sofascore.com/bulgaria-hungary/jUbsqUb#id:9040646,bulgaria,miss,No information,corner,9.2,52.5,0,head,high,0,44.7,61.1,No information,No information,78,No information,4651,52.5,9.2,55.3,0,55.3,38.9,13,749,shot
todor-nedelev,https://www.sofascore.com/bulgaria-hungary/jUbsqUb#id:9040646,bulgaria,save,No information,regular,24.1,27.9,0,left-foot,low-left,0,54,8.9,No information,No information,78,No information,4629,27.9,24.1,46,0,46,91.1,13,771,shot
nemanja-nikolics,https://www.sofascore.com/bulgaria-hungary/jUbsqUb#id:9040646,hungary,goal,regular,assisted,7.4,48.9,0,head,low-centre,0,48.3,17.1,No information,No information,75,No information,4483,48.9,7.4,51.7,0,51.7,82.9,16,917,shot
yomov-georgi,https://www.sofascore.com/bulgaria-hungary/jUbsqUb#id:9040646,bulgaria,miss,No information,assisted,24,54.2,0,right-foot,right,0,38.5,22.2,No information,No information,71,No information,4216,54.2,24,61.5,0,61.5,77.8,20,1184,shot
david-siger,https://www.sofascore.com/bulgaria-hungary/jUbsqUb#id:9040646,hungary,block,No information,corner,18.9,53,0,left-foot,low-centre,0,48.5,19,No information,No information,68,No information,4070,53,18.9,51.5,0,51.5,81,23,1330,shot
filip-holender,https://www.sofascore.com/bulgaria-hungary/jUbsqUb#id:9040646,hungary,block,No information,assisted,9.1,31,0,left-foot,low-left,0,53.4,19,No information,No information,68,No information,4039,31,9.1,46.6,0,46.6,81,23,1361,shot
bozhidar-kraev,https://www.sofascore.com/bulgaria-hungary/jUbsqUb#id:9040646,bulgaria,miss,No information,free-kick,17.9,35.9,0,right-foot,high,0,45.2,62.5,No information,No information,57,No information,3402,35.9,17.9,54.8,0,54.8,37.5,34,1998,shot
roland-sallai,https://www.sofascore.com/bulgaria-hungary/jUbsqUb#id:9040646,hungary,block,No information,assisted,8.8,55.9,0,right-foot,high-right,0,47.6,25,No information,No information,53,No information,3132,55.9,8.8,52.4,0,52.4,75,38,2268,shot
zsolt-kalmar,https://www.sofascore.com/bulgaria-hungary/jUbsqUb#id:9040646,hungary,goal,regular,free-kick,27.4,70.2,0,right-foot,low-right,0,45.8,0.6,No information,No information,47,No information,2789,70.2,27.4,54.2,0,54.2,99.4,44,2611,shot
bozhidar-kraev,https://www.sofascore.com/bulgaria-hungary/jUbsqUb#id:9040646,bulgaria,save,No information,assisted,6.8,53.8,0,right-foot,low-right,0,46.6,1.9,No information,No information,45,1,2755,53.8,6.8,53.4,0,53.4,98.1,1,2645,shot
todor-nedelev,https://www.sofascore.com/bulgaria-hungary/jUbsqUb#id:9040646,bulgaria,save,No information,assisted,4.3,57.7,0,head,low-centre,0,48.6,6.3,No information,No information,37,No information,2210,57.7,4.3,51.4,0,51.4,93.7,9,490,shot
birsent-karagaren,https://www.sofascore.com/bulgaria-hungary/jUbsqUb#id:9040646,bulgaria,block,No information,assisted,14.3,56,0,right-foot,low-right,0,46.9,19,No information,No information,37,No information,2203,56,14.3,53.1,0,53.1,81,9,497,shot
ivanov-galin,https://www.sofascore.com/bulgaria-hungary/jUbsqUb#id:9040646,bulgaria,miss,No information,assisted,24.6,48,0,left-foot,close-right,0,41.2,13.9,No information,No information,26,No information,1509,48,24.6,58.8,0,58.8,86.1,20,1191,shot
todor-nedelev,https://www.sofascore.com/bulgaria-hungary/jUbsqUb#id:9040646,bulgaria,save,No information,assisted,26,44.2,0,left-foot,high-centre,0,48.7,25.3,No information,No information,19,No information,1087,44.2,26,51.3,0,51.3,74.7,27,1613,shot
willi-orban,https://www.sofascore.com/bulgaria-hungary/jUbsqUb#id:9040646,hungary,goal,regular,corner,6.5,48,0,other,low-left,0,53.6,5.7,No information,No information,17,No information,992,48,6.5,46.4,0,46.4,94.3,29,1708,shot
adam-szalai,https://www.sofascore.com/bulgaria-hungary/jUbsqUb#id:9040646,hungary,miss,No information,corner,7.5,46,0,head,right,0,28.1,1.4,No information,No information,17,No information,990,46,7.5,71.9,0,71.9,98.6,29,1710,shot
roland-sallai,https://www.sofascore.com/bulgaria-hungary/jUbsqUb#id:9040646,hungary,miss,No information,assisted,13.5,67.6,0,right-foot,left,0,62,2.8,No information,No information,14,No information,785,67.6,13.5,38,0,38,97.2,32,1915,shot
todor-nedelev,https://www.sofascore.com/bulgaria-hungary/jUbsqUb#id:9040646,bulgaria,miss,No information,free-kick,29.7,68,0,left-foot,high-right,0,41.8,83.3,No information,No information,2,No information,78,68,29.7,58.2,0,58.2,16.7,44,2622,shot

kevin-varga,https://www.sofascore.com/hungary-turkey/aUbsjUb#id:8600765,hungary,goal,regular,fast-break,18.7,60.8,0,right-foot,low-left,0,53.9,3.2,No information,No information,90,5,5640,60.8,18.7,46.1,0,46.1,96.8,1,660,shot
yusuf-yazici,https://www.sofascore.com/hungary-turkey/aUbsjUb#id:8600765,türkiye,block,No information,assisted,12.6,39.7,0,left-foot,low-left,0,53.4,19,No information,No information,90,3,5545,39.7,12.6,46.6,0,46.6,81,1,755,shot
hakan-calhanoglu,https://www.sofascore.com/hungary-turkey/aUbsjUb#id:8600765,türkiye,save,No information,assisted,12.3,41,0,head,high-centre,0,51.7,27.2,No information,No information,80,No information,4788,41,12.3,48.3,0,48.3,72.8,11,612,shot
kenan-karaman,https://www.sofascore.com/hungary-turkey/aUbsjUb#id:8600765,türkiye,miss,No information,assisted,18.8,50.7,0,right-foot,high,0,46.7,84.7,No information,No information,77,No information,4578,50.7,18.8,53.3,0,53.3,15.3,14,822,shot
kenan-karaman,https://www.sofascore.com/hungary-turkey/aUbsjUb#id:8600765,türkiye,block,No information,assisted,15.7,52.7,0,other,low-centre,0,50.8,19,No information,No information,75,No information,4487,52.7,15.7,49.2,0,49.2,81,16,913,shot
loic-nego,https://www.sofascore.com/hungary-turkey/aUbsjUb#id:8600765,hungary,miss,No information,assisted,13.9,72,0,right-foot,close-right,0,41.5,16.7,No information,No information,75,No information,4441,72,13.9,58.5,0,58.5,83.3,16,959,shot
yusuf-yazici,https://www.sofascore.com/hungary-turkey/aUbsjUb#id:8600765,türkiye,block,No information,regular,13.1,46.7,0,left-foot,low-centre,0,50.7,19,No information,No information,73,No information,4342,46.7,13.1,49.3,0,49.3,81,18,1058,shot
hakan-calhanoglu,https://www.sofascore.com/hungary-turkey/aUbsjUb#id:8600765,türkiye,save,No information,regular,14,62.9,0,right-foot,low-left,0,52.3,13.9,No information,No information,73,No information,4340,62.9,14,47.7,0,47.7,86.1,18,1060,shot
loic-nego,https://www.sofascore.com/hungary-turkey/aUbsjUb#id:8600765,hungary,miss,No information,assisted,12.3,68.9,0,left-foot,close-left,0,58.5,20.8,No information,No information,70,No information,4186,68.9,12.3,41.5,0,41.5,79.2,21,1214,shot
ozan-tufan,https://www.sofascore.com/hungary-turkey/aUbsjUb#id:8600765,türkiye,miss,No information,set-piece,19,51.9,0,right-foot,high,0,49.2,70.8,No information,No information,67,No information,3994,51.9,19,50.8,0,50.8,29.2,24,1406,shot
kevin-varga,https://www.sofascore.com/hungary-turkey/aUbsjUb#id:8600765,hungary,block,No information,assisted,7.6,61.5,0,right-foot,low-centre,0,51.4,19,No information,No information,59,No information,3510,61.5,7.6,48.6,0,48.6,81,32,1890,shot
david-siger,https://www.sofascore.com/hungary-turkey/aUbsjUb#id:8600765,hungary,goal,regular,regular,4.8,46.6,0,right-foot,low-centre,0,50.4,0.6,No information,No information,57,No information,3372,46.6,4.8,49.6,0,49.6,99.4,34,2028,shot
kevin-varga,https://www.sofascore.com/hungary-turkey/aUbsjUb#id:8600765,hungary,save,No information,assisted,11,59,0,right-foot,low-left,0,52.7,2.5,No information,No information,57,No information,3370,59,11,47.3,0,47.3,97.5,34,2030,shot
ozan-tufan,https://www.sofascore.com/hungary-turkey/aUbsjUb#id:8600765,türkiye,miss,No information,regular,20.5,55.5,0,right-foot,high,0,50.3,73.6,No information,No information,54,No information,3234,55.5,20.5,49.7,0,49.7,26.4,37,2166,shot
cenk-tosun,https://www.sofascore.com/hungary-turkey/aUbsjUb#id:8600765,türkiye,block,No information,regular,12.8,49.9,0,right-foot,low-centre,0,51.2,19,No information,No information,54,No information,3233,49.9,12.8,48.8,0,48.8,81,37,2167,shot
kenan-karaman,https://www.sofascore.com/hungary-turkey/aUbsjUb#id:8600765,türkiye,save,No information,set-piece,13.2,60.3,0,right-foot,low-centre,0,49.6,4.4,No information,No information,39,No information,2290,60.3,13.2,50.4,0,50.4,95.6,7,410,shot
hakan-calhanoglu,https://www.sofascore.com/hungary-turkey/aUbsjUb#id:8600765,türkiye,save,No information,regular,13.7,64.9,0,right-foot,low-left,0,52.5,3.2,No information,No information,28,No information,1639,64.9,13.7,47.5,0,47.5,96.8,18,1061,shot
loic-nego,https://www.sofascore.com/hungary-turkey/aUbsjUb#id:8600765,hungary,miss,No information,corner,13.9,66.8,0,right-foot,high-left,0,71.1,41.7,No information,No information,20,No information,1142,66.8,13.9,28.9,0,28.9,58.3,26,1558,shot
zsolt-kalmar,https://www.sofascore.com/hungary-turkey/aUbsjUb#id:8600765,hungary,miss,No information,regular,26.5,63.5,0,right-foot,close-high,0,46.2,56.9,No information,No information,10,No information,559,63.5,26.5,53.8,0,53.8,43.1,36,2141,shot
nemanja-nikolics,https://www.sofascore.com/hungary-turkey/aUbsjUb#id:8600765,hungary,save,No information,assisted,15.5,20.7,0,right-foot,low-centre,0,50,13.3,No information,No information,9,No information,505,20.7,15.5,50,0,50,86.7,37,2195,shot
hakan-calhanoglu,https://www.sofascore.com/hungary-turkey/aUbsjUb#id:8600765,türkiye,save,No information,free-kick,25.2,30.4,0,right-foot,low-centre,0,49.6,13.3,No information,No information,6,No information,302,30.4,25.2,50.4,0,50.4,86.7,40,2398,shot

mason-mount,https://www.sofascore.com/england-hungary/jUbsnUb#id:10023296,england,miss,No information,corner,19.8,31.2,0,left-foot,right,0,33.3,4.2,No information,No information,90,1,5448,31.2,19.8,66.7,0,66.7,95.8,1,852,shot
daniel-gazdag,https://www.sofascore.com/england-hungary/jUbsnUb#id:10023296,hungary,goal,regular,fast-break,14.5,48.9,0,left-foot,low-right,0,46.2,8.9,No information,No information,89,No information,5319,48.9,14.5,53.8,0,53.8,91.1,2,81,shot
phil-foden,https://www.sofascore.com/england-hungary/jUbsnUb#id:10023296,england,miss,No information,assisted,9.8,66.8,0,right-foot,left,0,62.7,1.4,No information,No information,85,No information,5040,66.8,9.8,37.3,0,37.3,98.6,6,360,shot
zsolt-nagy,https://www.sofascore.com/england-hungary/jUbsnUb#id:10023296,hungary,goal,regular,assisted,18.7,36.6,0,left-foot,low-left,0,54.1,16.5,No information,No information,80,No information,4767,36.6,18.7,45.9,0,45.9,83.5,11,633,shot
loic-nego,https://www.sofascore.com/england-hungary/jUbsnUb#id:10023296,hungary,block,No information,assisted,9,44.5,0,head,low-centre,0,50.2,19,No information,No information,80,No information,4763,44.5,9,49.8,0,49.8,81,11,637,shot
harry-kane,https://www.sofascore.com/england-hungary/jUbsnUb#id:10023296,england,post,No information,assisted,9.5,47,0,head,high,0,47.2,39.2,No information,No information,77,No information,4605,47,9.5,52.8,0,52.8,60.8,14,795,shot
phil-foden,https://www.sofascore.com/england-hungary/jUbsnUb#id:10023296,england,miss,No information,assisted,19.2,63.9,0,left-foot,close-right,0,42.2,2.8,No information,No information,76,No information,4541,63.9,19.2,57.8,0,57.8,97.2,15,859,shot
raheem-sterling,https://www.sofascore.com/england-hungary/jUbsnUb#id:10023296,england,block,No information,regular,4.3,67.8,0,right-foot,low-left,0,52.8,19,No information,No information,75,No information,4454,67.8,4.3,47.2,0,47.2,81,16,946,shot
roland-sallai,https://www.sofascore.com/england-hungary/jUbsnUb#id:10023296,hungary,goal,regular,assisted,10.7,43.5,0,right-foot,low-centre,0,49.7,4.4,No information,No information,70,No information,4146,43.5,10.7,50.3,0,50.3,95.6,21,1254,shot
bukayo-saka,https://www.sofascore.com/england-hungary/jUbsnUb#id:10023296,england,miss,No information,assisted,10.1,26,0,left-foot,high-left,0,57.6,84.7,No information,No information,54,No information,3221,26,10.1,42.4,0,42.4,15.3,37,2179,shot
harry-kane,https://www.sofascore.com/england-hungary/jUbsnUb#id:10023296,england,block,No information,regular,23.2,34.9,0,left-foot,low-right,0,45.8,19,No information,No information,45,2,2772,34.9,23.2,54.2,0,54.2,81,1,2628,shot
jude-bellingham,https://www.sofascore.com/england-hungary/jUbsnUb#id:10023296,england,miss,No information,assisted,4.8,43.5,0,head,close-left,0,58.2,25,No information,No information,36,No information,2138,43.5,4.8,41.8,0,41.8,75,10,562,shot
adam-szalai,https://www.sofascore.com/england-hungary/jUbsnUb#id:10023296,hungary,save,No information,assisted,28.5,50.9,0,right-foot,low-left,0,52.5,11.4,No information,No information,33,No information,1955,50.9,28.5,47.5,0,47.5,88.6,13,745,shot
john-stones,https://www.sofascore.com/england-hungary/jUbsnUb#id:10023296,england,save,No information,corner,9.3,59.6,0,head,low-centre,0,50,17.1,No information,No information,29,No information,1718,59.6,9.3,50,0,50,82.9,17,982,shot
roland-sallai,https://www.sofascore.com/england-hungary/jUbsnUb#id:10023296,hungary,goal,regular,set-piece,8.1,41.7,0,right-foot,high-left,0,53.1,31,No information,No information,16,No information,919,41.7,8.1,46.9,0,46.9,69,30,1781,shot
john-stones,https://www.sofascore.com/england-hungary/jUbsnUb#id:10023296,england,save,No information,set-piece,13.2,62.9,0,head,low-right,0,47.2,19.6,No information,No information,12,No information,682,62.9,13.2,52.8,0,52.8,80.4,34,2018,shot

willi-orban,https://www.sofascore.com/san-marino-hungary/jUbsIWb#id:9223712,hungary,miss,No information,corner,8.1,47.5,0,head,high,0,46.6,81.9,No information,No information,90,3,5577,47.5,8.1,53.4,0,53.4,18.1,1,723,shot
nemanja-nikolics,https://www.sofascore.com/san-marino-hungary/jUbsIWb#id:9223712,hungary,goal,penalty,penalty,11.5,50,0,right-foot,high-centre,0,50.8,24.1,No information,No information,88,No information,5272,50,11.5,49.2,0,49.2,75.9,3,128,shot
roland-sallai,https://www.sofascore.com/san-marino-hungary/jUbsIWb#id:9223712,hungary,save,No information,regular,10,45.8,0,right-foot,high-centre,0,48.2,29.7,No information,No information,83,No information,4939,45.8,10,51.8,0,51.8,70.3,8,461,shot
zsolt-kalmar,https://www.sofascore.com/san-marino-hungary/jUbsIWb#id:9223712,hungary,block,No information,assisted,4.8,35.3,0,head,low-right,0,47,19,No information,No information,83,No information,4936,35.3,4.8,53,0,53,81,8,464,shot
laszlo-kleinheisler,https://www.sofascore.com/san-marino-hungary/jUbsIWb#id:9223712,hungary,miss,No information,assisted,18.9,48.5,0,left-foot,high-left,0,59.3,69.4,No information,No information,77,No information,4618,48.5,18.9,40.7,0,40.7,30.6,14,782,shot
roland-sallai,https://www.sofascore.com/san-marino-hungary/jUbsIWb#id:9223712,hungary,goal,regular,assisted,4.6,39.9,0,head,low-right,0,48,15.8,No information,No information,71,No information,4220,39.9,4.6,52,0,52,84.2,20,1180,shot
zsolt-kalmar,https://www.sofascore.com/san-marino-hungary/jUbsIWb#id:9223712,hungary,save,No information,regular,25.8,33.2,0,right-foot,low-left,0,54.5,12,No information,No information,69,No information,4138,33.2,25.8,45.5,0,45.5,88,22,1262,shot
laszlo-kleinheisler,https://www.sofascore.com/san-marino-hungary/jUbsIWb#id:9223712,hungary,miss,No information,assisted,12.5,51.8,0,right-foot,left,0,64,2.8,No information,No information,65,No information,3883,51.8,12.5,36,0,36,97.2,26,1517,shot
nemanja-nikolics,https://www.sofascore.com/san-marino-hungary/jUbsIWb#id:9223712,hungary,miss,No information,assisted,13.6,27.5,0,right-foot,high-right,0,40,41.7,No information,No information,61,No information,3608,27.5,13.6,60,0,60,58.3,30,1792,shot
david-siger,https://www.sofascore.com/san-marino-hungary/jUbsIWb#id:9223712,hungary,miss,No information,set-piece,24.3,35.5,0,left-foot,right,0,35.1,5.6,No information,No information,54,No information,3180,35.5,24.3,64.9,0,64.9,94.4,37,2220,shot
adam-szalai,https://www.sofascore.com/san-marino-hungary/jUbsIWb#id:9223712,hungary,miss,No information,corner,4.6,44.2,0,head,close-left,0,59,25,No information,No information,51,No information,3016,44.2,4.6,41,0,41,75,40,2384,shot
adam-szalai,https://www.sofascore.com/san-marino-hungary/jUbsIWb#id:9223712,hungary,save,No information,assisted,10.7,59,0,right-foot,low-left,0,51.9,12,No information,No information,50,No information,2989,59,10.7,48.1,0,48.1,88,41,2411,shot
attila-szalai,https://www.sofascore.com/san-marino-hungary/jUbsIWb#id:9223712,hungary,save,No information,corner,6.7,54.9,0,head,high-right,0,45.8,34.2,No information,No information,43,No information,2562,54.9,6.7,54.2,0,54.2,65.8,3,138,shot
adam-szalai,https://www.sofascore.com/san-marino-hungary/jUbsIWb#id:9223712,hungary,block,No information,regular,22.7,49.7,0,right-foot,low-centre,0,49.8,19,No information,No information,36,No information,2147,49.7,22.7,50.2,0,50.2,81,10,553,shot
attila-szalai,https://www.sofascore.com/san-marino-hungary/jUbsIWb#id:9223712,hungary,miss,No information,set-piece,8.3,47,0,head,high,0,51.1,77.8,No information,No information,34,No information,2031,47,8.3,48.9,0,48.9,22.2,12,669,shot
roland-sallai,https://www.sofascore.com/san-marino-hungary/jUbsIWb#id:9223712,hungary,miss,No information,assisted,11.1,41.9,0,head,close-high,0,51.4,55.6,No information,No information,31,No information,1837,41.9,11.1,48.6,0,48.6,44.4,15,863,shot
adam-szalai,https://www.sofascore.com/san-marino-hungary/jUbsIWb#id:9223712,hungary,miss,No information,corner,3.2,54.5,0,head,close-right,0,40.8,16.7,No information,No information,26,No information,1502,54.5,3.2,59.2,0,59.2,83.3,20,1198,shot
kevin-varga,https://www.sofascore.com/san-marino-hungary/jUbsIWb#id:9223712,hungary,miss,No information,corner,26.2,39.1,0,right-foot,high-right,0,40.2,72.2,No information,No information,21,No information,1241,39.1,26.2,59.8,0,59.8,27.8,25,1459,shot
roland-sallai,https://www.sofascore.com/san-marino-hungary/jUbsIWb#id:9223712,hungary,save,No information,penalty,11.5,50,0,right-foot,low-left,0,53.6,0.6,No information,No information,20,No information,1194,50,11.5,46.4,0,46.4,99.4,26,1506,shot
roland-sallai,https://www.sofascore.com/san-marino-hungary/jUbsIWb#id:9223712,hungary,block,No information,free-kick,21.7,39.4,0,right-foot,low-centre,0,49.3,19,No information,No information,20,No information,1146,39.4,21.7,50.7,0,50.7,81,26,1554,shot
adam-szalai,https://www.sofascore.com/san-marino-hungary/jUbsIWb#id:9223712,hungary,goal,penalty,penalty,11.5,50,0,right-foot,low-right,0,48,1.9,No information,No information,13,No information,749,50,11.5,52,0,52,98.1,33,1951,shot
roland-sallai,https://www.sofascore.com/san-marino-hungary/jUbsIWb#id:9223712,hungary,save,No information,assisted,18.8,29.8,0,right-foot,low-centre,0,49.7,3.8,No information,No information,11,No information,659,29.8,18.8,50.3,0,50.3,96.2,35,2041,shot
adam-szalai,https://www.sofascore.com/san-marino-hungary/jUbsIWb#id:9223712,hungary,block,No information,assisted,9.8,73.6,0,right-foot,low-centre,0,49.5,19,No information,No information,9,No information,538,73.6,9.8,50.5,0,50.5,81,37,2162,shot
filippo-fabbri,https://www.sofascore.com/san-marino-hungary/jUbsIWb#id:9223712,san marino,miss,No information,set-piece,9.4,51.9,0,head,high,0,52.1,72.2,No information,No information,6,No information,356,51.9,9.4,47.9,0,47.9,27.8,40,2344,shot

loic-nego,https://www.sofascore.com/bulgaria-hungary/jUbsqUb#id:10752404,hungary,block,No information,regular,5,72.1,0,right-foot,low-right,0,47.7,19,No information,No information,89,No information,5294,72.1,5,52.3,0,52.3,81,2,106,shot
filip-krastev,https://www.sofascore.com/bulgaria-hungary/jUbsqUb#id:10752404,bulgaria,save,No information,assisted,25.3,64,0,right-foot,low-left,0,52.4,15.2,No information,No information,81,No information,4831,64,25.3,47.6,0,47.6,84.8,10,569,shot
radoslav-kirilov,https://www.sofascore.com/bulgaria-hungary/jUbsqUb#id:10752404,bulgaria,block,No information,assisted,3.5,67.3,0,right-foot,low-centre,0,50.7,19,No information,No information,80,No information,4777,67.3,3.5,49.3,0,49.3,81,11,623,shot
adam-nagy,https://www.sofascore.com/bulgaria-hungary/jUbsqUb#id:10752404,hungary,block,No information,assisted,20.7,43.1,0,right-foot,low-centre,0,51.4,19,No information,No information,72,No information,4317,43.1,20.7,48.6,0,48.6,81,19,1083,shot
georgi-rusev,https://www.sofascore.com/bulgaria-hungary/jUbsqUb#id:10752404,bulgaria,save,No information,corner,20.6,50.2,0,left-foot,low-centre,0,48.4,7,No information,No information,64,No information,3805,50.2,20.6,51.6,0,51.6,93,27,1595,shot
nikola-iliev,https://www.sofascore.com/bulgaria-hungary/jUbsqUb#id:10752404,bulgaria,block,No information,assisted,15.3,42.4,0,left-foot,low-centre,0,51,19,No information,No information,63,No information,3774,42.4,15.3,49,0,49,81,28,1626,shot
georgi-rusev,https://www.sofascore.com/bulgaria-hungary/jUbsqUb#id:10752404,bulgaria,block,No information,regular,13,59.5,0,left-foot,low-centre,0,50.7,19,No information,No information,63,No information,3772,59.5,13,49.3,0,49.3,81,28,1628,shot
georgi-rusev,https://www.sofascore.com/bulgaria-hungary/jUbsqUb#id:10752404,bulgaria,miss,No information,assisted,21.1,19.1,0,right-foot,close-left,0,58.5,5.6,No information,No information,62,No information,3682,19.1,21.1,41.5,0,41.5,94.4,29,1718,shot
roland-sallai,https://www.sofascore.com/bulgaria-hungary/jUbsqUb#id:10752404,hungary,save,No information,assisted,7.7,30.9,0,left-foot,low-centre,0,51,10.8,No information,No information,58,No information,3450,30.9,7.7,49,0,49,89.2,33,1950,shot
roland-sallai,https://www.sofascore.com/bulgaria-hungary/jUbsqUb#id:10752404,hungary,miss,No information,corner,10.1,49.6,0,right-foot,high,0,51.1,87.5,No information,No information,47,No information,2775,49.6,10.1,48.9,0,48.9,12.5,44,2625,shot
roland-sallai,https://www.sofascore.com/bulgaria-hungary/jUbsqUb#id:10752404,hungary,save,No information,assisted,24.8,53.9,0,right-foot,high-centre,0,48.2,36.1,No information,No information,46,No information,2718,53.9,24.8,51.8,0,51.8,63.9,45,2682,shot
martin-adam,https://www.sofascore.com/bulgaria-hungary/jUbsqUb#id:10752404,hungary,goal,regular,regular,11,62.9,0,left-foot,low-left,0,53.8,3.8,No information,No information,39,No information,2338,62.9,11,46.2,0,46.2,96.2,7,362,shot
roland-sallai,https://www.sofascore.com/bulgaria-hungary/jUbsqUb#id:10752404,hungary,miss,No information,corner,8.3,53.9,0,head,right,0,26.4,5.6,No information,No information,34,No information,1987,53.9,8.3,73.6,0,73.6,94.4,12,713,shot
dominik-szoboszlai,https://www.sofascore.com/bulgaria-hungary/jUbsqUb#id:10752404,hungary,goal,regular,free-kick,25.2,49.9,0,right-foot,high-right,0,46.3,32.9,No information,No information,26,No information,1517,49.9,25.2,53.7,0,53.7,67.1,20,1183,shot
attila-szalai,https://www.sofascore.com/bulgaria-hungary/jUbsqUb#id:10752404,hungary,block,No information,regular,4.3,42.3,0,head,low-centre,0,50.7,19,No information,No information,22,No information,1315,42.3,4.3,49.3,0,49.3,81,24,1385,shot
bendeguz-bolla,https://www.sofascore.com/bulgaria-hungary/jUbsqUb#id:10752404,hungary,miss,No information,assisted,11,60.4,0,left-foot,left,0,61.8,2.8,No information,No information,21,No information,1208,60.4,11,38.2,0,38.2,97.2,25,1492,shot
martin-adam,https://www.sofascore.com/bulgaria-hungary/jUbsqUb#id:10752404,hungary,save,No information,assisted,24.7,58,0,left-foot,low-left,0,53.6,3.8,No information,No information,13,No information,747,58,24.7,46.4,0,46.4,96.2,33,1953,shot
plamen-galabov,https://www.sofascore.com/bulgaria-hungary/jUbsqUb#id:10752404,bulgaria,miss,No information,corner,7.3,50.1,0,head,right,0,34.5,13.9,No information,No information,9,No information,526,50.1,7.3,65.5,0,65.5,86.1,37,2174,shot
balint-vecsei,https://www.sofascore.com/bulgaria-hungary/jUbsqUb#id:10752404,hungary,goal,regular,corner,2,50.6,0,right-foot,low-centre,0,48.7,2.5,No information,No information,7,No information,400,50.6,2,51.3,0,51.3,97.5,39,2300,shot
willi-orban,https://www.sofascore.com/bulgaria-hungary/jUbsqUb#id:10752404,hungary,save,No information,corner,3,45.6,0,right-foot,low-centre,0,51.6,1.9,No information,No information,7,No information,399,45.6,3,48.4,0,48.4,98.1,39,2301,shot
roland-sallai,https://www.sofascore.com/bulgaria-hungary/jUbsqUb#id:10752404,hungary,save,No information,corner,9.4,41,0,right-foot,low-left,0,52.6,0.6,No information,No information,7,No information,398,41,9.4,47.4,0,47.4,99.4,39,2302,shot

balint-vecsei,https://www.sofascore.com/san-marino-hungary/jUbsIWb#id:9223928,hungary,goal,regular,regular,15.2,46.8,0,left-foot,low-right,0,48.1,19.6,No information,No information,88,No information,5241,46.8,15.2,51.9,0,51.9,80.4,3,159,shot
tamas-kiss,https://www.sofascore.com/san-marino-hungary/jUbsIWb#id:9223928,hungary,miss,No information,corner,18.4,50.5,0,right-foot,left,0,68.9,13.9,No information,No information,86,No information,5102,50.5,18.4,31.1,0,31.1,86.1,5,298,shot
dominik-szoboszlai,https://www.sofascore.com/san-marino-hungary/jUbsIWb#id:9223928,hungary,goal,regular,assisted,21.6,45.4,0,left-foot,low-right,0,46.6,1.3,No information,No information,83,No information,4955,45.4,21.6,53.4,0,53.4,98.7,8,445,shot
attila-szalai,https://www.sofascore.com/san-marino-hungary/jUbsIWb#id:9223928,hungary,miss,No information,corner,4.4,45.1,0,head,right,0,37.6,19.4,No information,No information,81,No information,4809,45.1,4.4,62.4,0,62.4,80.6,10,591,shot
kevin-varga,https://www.sofascore.com/san-marino-hungary/jUbsIWb#id:9223928,hungary,save,No information,assisted,23.4,30.7,0,right-foot,low-left,0,53.2,3.2,No information,No information,80,No information,4777,30.7,23.4,46.8,0,46.8,96.8,11,623,shot
tamas-kiss,https://www.sofascore.com/san-marino-hungary/jUbsIWb#id:9223928,hungary,save,No information,assisted,8.7,21.7,0,right-foot,low-left,0,52.1,3.8,No information,No information,77,No information,4567,21.7,8.7,47.9,0,47.9,96.2,14,833,shot
adam-szalai,https://www.sofascore.com/san-marino-hungary/jUbsIWb#id:9223928,hungary,block,No information,assisted,9.5,57.1,0,head,low-centre,0,51.6,19,No information,No information,72,No information,4295,57.1,9.5,48.4,0,48.4,81,19,1105,shot
loic-nego,https://www.sofascore.com/san-marino-hungary/jUbsIWb#id:9223928,hungary,miss,No information,regular,14.1,67,0,right-foot,high,0,50.6,70.8,No information,No information,67,No information,4009,67,14.1,49.4,0,49.4,29.2,24,1391,shot
balint-vecsei,https://www.sofascore.com/san-marino-hungary/jUbsIWb#id:9223928,hungary,block,No information,assisted,12.7,42.7,0,left-foot,low-centre,0,50.5,19,No information,No information,67,No information,4006,42.7,12.7,49.5,0,49.5,81,24,1394,shot
balint-vecsei,https://www.sofascore.com/san-marino-hungary/jUbsIWb#id:9223928,hungary,miss,No information,assisted,20.5,41.2,0,left-foot,high,0,54.8,63.9,No information,No information,64,No information,3807,41.2,20.5,45.2,0,45.2,36.1,27,1593,shot
balint-vecsei,https://www.sofascore.com/san-marino-hungary/jUbsIWb#id:9223928,hungary,miss,No information,assisted,23.9,27.7,0,left-foot,right,0,28.2,16.7,No information,No information,63,No information,3753,27.7,23.9,71.8,0,71.8,83.3,28,1647,shot
endre-botka,https://www.sofascore.com/san-marino-hungary/jUbsIWb#id:9223928,hungary,save,No information,assisted,13.7,50.5,0,head,low-left,0,52.9,13.3,No information,No information,59,No information,3508,50.5,13.7,47.1,0,47.1,86.7,32,1892,shot
daniel-gazdag,https://www.sofascore.com/san-marino-hungary/jUbsIWb#id:9223928,hungary,miss,No information,assisted,7.1,31.6,0,left-foot,close-left,0,57.3,18.1,No information,No information,56,No information,3340,31.6,7.1,42.7,0,42.7,81.9,35,2060,shot
adam-szalai,https://www.sofascore.com/san-marino-hungary/jUbsIWb#id:9223928,hungary,save,No information,regular,8.8,33.6,0,left-foot,low-left,0,53.4,3.2,No information,No information,53,No information,3154,33.6,8.8,46.6,0,46.6,96.8,38,2246,shot
balint-vecsei,https://www.sofascore.com/san-marino-hungary/jUbsIWb#id:9223928,hungary,save,No information,corner,7.8,51.8,0,head,high-centre,0,49.3,26.6,No information,No information,50,No information,2979,51.8,7.8,50.7,0,50.7,73.4,41,2421,shot
lorenzo-lunadei,https://www.sofascore.com/san-marino-hungary/jUbsIWb#id:9223928,san marino,block,No information,assisted,25.6,73.2,0,right-foot,low-centre,0,51.1,19,No information,No information,45,1,2747,73.2,25.6,48.9,0,48.9,81,1,2653,shot
loic-nego,https://www.sofascore.com/san-marino-hungary/jUbsIWb#id:9223928,hungary,block,No information,corner,23,47.3,0,left-foot,low-centre,0,50.4,19,No information,No information,44,No information,2611,47.3,23,49.6,0,49.6,81,2,89,shot
adam-szalai,https://www.sofascore.com/san-marino-hungary/jUbsIWb#id:9223928,hungary,miss,No information,assisted,14.2,61.4,0,right-foot,close-right,0,42,20.8,No information,No information,42,No information,2480,61.4,14.2,58,0,58,79.2,4,220,shot
dominik-szoboszlai,https://www.sofascore.com/san-marino-hungary/jUbsIWb#id:9223928,hungary,block,No information,free-kick,28.1,28.5,0,right-foot,low-centre,0,50.3,19,No information,No information,40,No information,2369,28.5,28.1,49.7,0,49.7,81,6,331,shot
daniel-gazdag,https://www.sofascore.com/san-marino-hungary/jUbsIWb#id:9223928,hungary,goal,regular,assisted,8,59.7,0,right-foot,low-left,0,53.5,3.2,No information,No information,22,No information,1286,59.7,8,46.5,0,46.5,96.8,24,1414,shot
daniel-gazdag,https://www.sofascore.com/san-marino-hungary/jUbsIWb#id:9223928,hungary,save,No information,regular,6.8,39.8,0,right-foot,low-centre,0,48.6,1.3,No information,No information,20,No information,1148,39.8,6.8,51.4,0,51.4,98.7,26,1552,shot
szabolcs-schon,https://www.sofascore.com/san-marino-hungary/jUbsIWb#id:9223928,hungary,save,No information,regular,14.7,53.2,0,right-foot,low-left,0,52.3,2.5,No information,No information,13,No information,743,53.2,14.7,47.7,0,47.7,97.5,33,1957,shot
adam-szalai,https://www.sofascore.com/san-marino-hungary/jUbsIWb#id:9223928,hungary,miss,No information,assisted,6.1,42.5,0,head,high,0,45,75,No information,No information,9,No information,502,42.5,6.1,55,0,55,25,37,2198,shot
dominik-szoboszlai,https://www.sofascore.com/san-marino-hungary/jUbsIWb#id:9223928,hungary,goal,regular,assisted,14.8,51.3,0,right-foot,low-right,0,47.1,1.3,No information,No information,6,No information,320,51.3,14.8,52.9,0,52.9,98.7,40,2380,shot

andras-schafer,https://www.sofascore.com/hungary-albania/PTbsjUb#id:9223897,hungary,miss,No information,assisted,29.2,27.9,0,right-foot,high,0,47.9,93.1,No information,No information,85,No information,5079,27.9,29.2,52.1,0,52.1,6.9,6,321,shot
armando-broja,https://www.sofascore.com/hungary-albania/PTbsjUb#id:9223897,albania,goal,regular,assisted,8.3,72.6,0,right-foot,low-left,0,53.2,1.9,No information,No information,80,No information,4740,72.6,8.3,46.8,0,46.8,98.1,11,660,shot
zsolt-nagy,https://www.sofascore.com/hungary-albania/PTbsjUb#id:9223897,hungary,save,No information,assisted,23.6,26,0,left-foot,low-centre,0,51.3,3.8,No information,No information,78,No information,4626,26,23.6,48.7,0,48.7,96.2,13,774,shot
laszlo-kleinheisler,https://www.sofascore.com/hungary-albania/PTbsjUb#id:9223897,hungary,save,No information,assisted,27.3,47.6,0,left-foot,low-left,0,52.1,1.3,No information,No information,76,No information,4504,47.6,27.3,47.9,0,47.9,98.7,15,896,shot
attila-szalai,https://www.sofascore.com/hungary-albania/PTbsjUb#id:9223897,hungary,post,No information,set-piece,3.7,50.5,0,right-foot,right,0,44.8,15.2,No information,No information,74,No information,4393,50.5,3.7,55.2,0,55.2,84.8,17,1007,shot
klaus-gjasula,https://www.sofascore.com/hungary-albania/PTbsjUb#id:9223897,albania,miss,No information,assisted,21.2,56.3,0,right-foot,close-left,0,58.2,2.8,No information,No information,68,No information,4056,56.3,21.2,41.8,0,41.8,97.2,23,1344,shot
myrto-uzuni,https://www.sofascore.com/hungary-albania/PTbsjUb#id:9223897,albania,save,No information,assisted,7.6,52.5,0,head,high-centre,0,50.2,20.9,No information,No information,65,No information,3872,52.5,7.6,49.8,0,49.8,79.1,26,1528,shot
dominik-szoboszlai,https://www.sofascore.com/hungary-albania/PTbsjUb#id:9223897,hungary,miss,No information,assisted,12.2,26,0,right-foot,high-right,0,38.2,55.6,No information,No information,62,No information,3663,26,12.2,61.8,0,61.8,44.4,29,1737,shot
trashi-lorenc,https://www.sofascore.com/hungary-albania/PTbsjUb#id:9223897,albania,miss,No information,corner,22.2,35.5,0,left-foot,high,0,51.8,61.1,No information,No information,59,No information,3500,35.5,22.2,48.2,0,48.2,38.9,32,1900,shot
myrto-uzuni,https://www.sofascore.com/hungary-albania/PTbsjUb#id:9223897,albania,save,No information,fast-break,15,51.3,0,right-foot,low-right,0,46.4,10.8,No information,No information,58,No information,3453,51.3,15,53.6,0,53.6,89.2,33,1947,shot
sokol-cikalleshi,https://www.sofascore.com/hungary-albania/PTbsjUb#id:9223897,albania,block,No information,assisted,9.8,41.2,0,right-foot,low-centre,0,49.6,19,No information,No information,51,No information,3045,41.2,9.8,50.4,0,50.4,81,40,2355,shot
daniel-salloi,https://www.sofascore.com/hungary-albania/PTbsjUb#id:9223897,hungary,miss,No information,assisted,8,57.7,0,right-foot,close-right,0,42,6.9,No information,No information,46,No information,2728,57.7,8,58,0,58,93.1,45,2672,shot
endri-cekici,https://www.sofascore.com/hungary-albania/PTbsjUb#id:9223897,albania,block,No information,free-kick,29.8,47.7,0,right-foot,low-centre,0,48.8,19,No information,No information,45,3,2864,47.7,29.8,51.2,0,51.2,81,1,2536,shot
ardian-ismajli,https://www.sofascore.com/hungary-albania/PTbsjUb#id:9223897,albania,block,No information,assisted,23.9,66,0,right-foot,low-centre,0,49.4,19,No information,No information,41,No information,2408,66,23.9,50.6,0,50.6,81,5,292,shot
zsolt-nagy,https://www.sofascore.com/hungary-albania/PTbsjUb#id:9223897,hungary,miss,No information,corner,29.3,45.2,0,right-foot,left,0,67.1,1.4,No information,No information,21,No information,1208,45.2,29.3,32.9,0,32.9,98.6,25,1492,shot
keidi-bare,https://www.sofascore.com/hungary-albania/PTbsjUb#id:9223897,albania,block,No information,regular,24.8,52,0,right-foot,low-centre,0,50.6,19,No information,No information,10,No information,551,52,24.8,49.4,0,49.4,81,36,2149,shot

martin-adam,https://www.sofascore.com/england-hungary/jUbsnUb#id:10023447,hungary,save,No information,assisted,23.5,53.9,0,left-foot,low-centre,0,49.8,2.5,No information,No information,90,3,5529,53.9,23.5,50.2,0,50.2,97.5,1,771,shot
harry-kane,https://www.sofascore.com/england-hungary/jUbsnUb#id:10023447,england,miss,No information,regular,13.2,31.8,0,right-foot,close-left,0,56.3,33.3,No information,No information,89,No information,5289,31.8,13.2,43.7,0,43.7,66.7,2,111,shot
harry-kane,https://www.sofascore.com/england-hungary/jUbsnUb#id:10023447,england,save,No information,assisted,4,65,0,right-foot,low-right,0,45.5,3.2,No information,No information,84,No information,4993,65,4,54.5,0,54.5,96.8,7,407,shot
andras-schafer,https://www.sofascore.com/england-hungary/jUbsnUb#id:10023447,hungary,miss,No information,regular,8.5,43.1,0,right-foot,high,0,53.8,76.4,No information,No information,81,No information,4856,43.1,8.5,46.2,0,46.2,23.6,10,544,shot
laszlo-kleinheisler,https://www.sofascore.com/england-hungary/jUbsnUb#id:10023447,hungary,save,No information,assisted,13.5,65.1,0,left-foot,low-centre,0,51.7,13.9,No information,No information,81,No information,4855,65.1,13.5,48.3,0,48.3,86.1,10,545,shot
conor-coady,https://www.sofascore.com/england-hungary/jUbsnUb#id:10023447,england,miss,No information,set-piece,7.9,56.9,0,head,close-left,0,56.8,15.3,No information,No information,77,No information,4595,56.9,7.9,43.2,0,43.2,84.7,14,805,shot
jude-bellingham,https://www.sofascore.com/england-hungary/jUbsnUb#id:10023447,england,block,No information,regular,13.8,54,0,right-foot,low-centre,0,50.2,19,No information,No information,73,No information,4347,54,13.8,49.8,0,49.8,81,18,1053,shot
jarrod-bowen,https://www.sofascore.com/england-hungary/jUbsnUb#id:10023447,england,save,No information,assisted,11.2,57.7,0,left-foot,low-right,0,48,10.1,No information,No information,72,No information,4284,57.7,11.2,52,0,52,89.9,19,1116,shot
dominik-szoboszlai,https://www.sofascore.com/england-hungary/jUbsnUb#id:10023447,hungary,goal,penalty,penalty,11.5,50,0,right-foot,low-left,0,53.9,1.9,No information,No information,66,No information,3917,50,11.5,46.1,0,46.1,98.1,25,1483,shot
harry-maguire,https://www.sofascore.com/england-hungary/jUbsnUb#id:10023447,england,miss,No information,corner,8.1,47.6,0,head,high-left,0,70.6,83.3,No information,No information,61,No information,3625,47.6,8.1,29.4,0,29.4,16.7,30,1775,shot
jarrod-bowen,https://www.sofascore.com/england-hungary/jUbsnUb#id:10023447,england,miss,No information,corner,22.1,37.5,0,left-foot,high-right,0,39.8,80.6,No information,No information,59,No information,3497,37.5,22.1,60.2,0,60.2,19.4,32,1903,shot
loic-nego,https://www.sofascore.com/england-hungary/jUbsnUb#id:10023447,hungary,block,No information,assisted,22.8,71.7,0,right-foot,low-centre,0,49.5,19,No information,No information,55,No information,3262,71.7,22.8,50.5,0,50.5,81,36,2138,shot
bukayo-saka,https://www.sofascore.com/england-hungary/jUbsnUb#id:10023447,england,save,No information,assisted,4.3,33.6,0,left-foot,low-centre,0,48.5,5.1,No information,No information,51,No information,3021,33.6,4.3,51.5,0,51.5,94.9,40,2379,shot
adam-szalai,https://www.sofascore.com/england-hungary/jUbsnUb#id:10023447,hungary,miss,No information,regular,45,41.5,0,right-foot,close-left,0,57.3,16.7,No information,No information,32,No information,1910,41.5,45,42.7,0,42.7,83.3,14,790,shot
zsolt-nagy,https://www.sofascore.com/england-hungary/jUbsnUb#id:10023447,hungary,save,No information,assisted,20.9,25,0,left-foot,low-centre,0,49.5,12.7,No information,No information,29,No information,1734,25,20.9,50.5,0,50.5,87.3,17,966,shot
conor-coady,https://www.sofascore.com/england-hungary/jUbsnUb#id:10023447,england,miss,No information,corner,6.3,51.1,0,head,high,0,54.8,84.7,No information,No information,18,No information,1020,51.1,6.3,45.2,0,45.2,15.3,28,1680,shot
zsolt-nagy,https://www.sofascore.com/england-hungary/jUbsnUb#id:10023447,hungary,miss,No information,assisted,7.5,40.6,0,left-foot,left,0,79.5,9.7,No information,No information,16,No information,921,40.6,7.5,20.5,0,20.5,90.3,30,1779,shot
roland-sallai,https://www.sofascore.com/england-hungary/jUbsnUb#id:10023447,hungary,block,No information,regular,13.2,70.9,0,left-foot,low-centre,0,49.2,19,No information,No information,13,No information,733,70.9,13.2,50.8,0,50.8,81,33,1967,shot
dominik-szoboszlai,https://www.sofascore.com/england-hungary/jUbsnUb#id:10023447,hungary,block,No information,assisted,10.3,46.6,0,left-foot,low-left,0,52.6,6.9,No information,No information,12,No information,665,46.6,10.3,47.4,0,47.4,93.1,34,2035,shot
jarrod-bowen,https://www.sofascore.com/england-hungary/jUbsnUb#id:10023447,england,save,No information,assisted,9.8,51.5,0,right-foot,low-right,0,47.1,1.3,No information,No information,11,No information,618,51.5,9.8,52.9,0,52.9,98.7,35,2082,shot
jarrod-bowen,https://www.sofascore.com/england-hungary/jUbsnUb#id:10023447,england,block,No information,assisted,10.1,33,0,left-foot,low-left,0,53,19,No information,No information,9,No information,526,33,10.1,47,0,47,81,37,2174,shot
harry-kane,https://www.sofascore.com/england-hungary/jUbsnUb#id:10023447,england,miss,No information,assisted,11,32,0,right-foot,right,0,39.7,36.1,No information,No information,4,No information,217,32,11,60.3,0,60.3,63.9,42,2483,shot
roland-sallai,https://www.sofascore.com/england-hungary/jUbsnUb#id:10023447,hungary,save,No information,regular,26.4,43.9,0,right-foot,low-centre,0,49.6,5.7,No information,No information,3,No information,140,43.9,26.4,50.4,0,50.4,94.3,43,2560,shot

adam-nagy,https://www.sofascore.com/montenegro-hungary/jUbsORc#id:10752577,hungary,goal,regular,set-piece,5.9,61,0,right-foot,high-right,0,47.1,24.1,No information,No information,90,3,5561,61,5.9,52.9,0,52.9,75.9,1,739,shot
dominik-szoboszlai,https://www.sofascore.com/montenegro-hungary/jUbsORc#id:10752577,hungary,save,No information,free-kick,17.3,45.9,0,right-foot,high-right,0,46,20.3,No information,No information,90,3,5558,45.9,17.3,54,0,54,79.7,1,742,shot
nikola-krstovic,https://www.sofascore.com/montenegro-hungary/jUbsORc#id:10752577,montenegro,miss,No information,set-piece,5,50.3,0,right-foot,close-right,0,43.5,6.9,No information,No information,87,No information,5183,50.3,5,56.5,0,56.5,93.1,4,217,shot
andrija-radulovic,https://www.sofascore.com/montenegro-hungary/jUbsORc#id:10752577,montenegro,save,No information,set-piece,8.7,66.5,0,right-foot,low-centre,0,49.1,6.3,No information,No information,87,No information,5182,66.5,8.7,50.9,0,50.9,93.7,4,218,shot
andrija-radulovic,https://www.sofascore.com/montenegro-hungary/jUbsORc#id:10752577,montenegro,save,No information,set-piece,15.9,59.4,0,left-foot,low-centre,0,49.7,8.2,No information,No information,87,No information,5179,59.4,15.9,50.3,0,50.3,91.8,4,221,shot
nikola-krstovic,https://www.sofascore.com/montenegro-hungary/jUbsORc#id:10752577,montenegro,save,No information,set-piece,9.5,48.8,0,right-foot,low-centre,0,49,7,No information,No information,87,No information,5176,48.8,9.5,51,0,51,93,4,224,shot
stevan-jovetic,https://www.sofascore.com/montenegro-hungary/jUbsORc#id:10752577,montenegro,save,No information,assisted,20.2,53.3,0,right-foot,high-left,0,54.1,35.4,No information,No information,81,No information,4853,53.3,20.2,45.9,0,45.9,64.6,10,547,shot
milutin-osmajic,https://www.sofascore.com/montenegro-hungary/jUbsORc#id:10752577,montenegro,save,No information,fast-break,16.6,44.5,0,right-foot,low-centre,0,49.9,2.5,No information,No information,79,No information,4713,44.5,16.6,50.1,0,50.1,97.5,12,687,shot
botond-balogh,https://www.sofascore.com/montenegro-hungary/jUbsORc#id:10752577,hungary,miss,No information,set-piece,9.6,57.6,0,head,high,0,47.6,68.1,No information,No information,73,No information,4357,57.6,9.6,52.4,0,52.4,31.9,18,1043,shot
dominik-szoboszlai,https://www.sofascore.com/montenegro-hungary/jUbsORc#id:10752577,hungary,goal,regular,assisted,9.2,37.9,0,left-foot,high-left,0,53.6,24.1,No information,No information,68,No information,4040,37.9,9.2,46.4,0,46.4,75.9,23,1360,shot
dominik-szoboszlai,https://www.sofascore.com/montenegro-hungary/jUbsORc#id:10752577,hungary,goal,regular,assisted,5.7,68,0,right-foot,low-left,0,52.7,6.3,No information,No information,66,No information,3951,68,5.7,47.3,0,47.3,93.7,25,1449,shot
martin-adam,https://www.sofascore.com/montenegro-hungary/jUbsORc#id:10752577,hungary,save,No information,assisted,17.4,69,0,left-foot,low-centre,0,50.6,7,No information,No information,63,No information,3740,69,17.4,49.4,0,49.4,93,28,1660,shot
loic-nego,https://www.sofascore.com/montenegro-hungary/jUbsORc#id:10752577,hungary,miss,No information,assisted,9.7,49.5,0,head,left,0,62,8.3,No information,No information,54,No information,3183,49.5,9.7,38,0,38,91.7,37,2217,shot
daniel-gazdag,https://www.sofascore.com/montenegro-hungary/jUbsORc#id:10752577,hungary,miss,No information,corner,3.4,51.6,0,right-foot,close-right,0,41.8,6.9,No information,No information,44,No information,2609,51.6,3.4,58.2,0,58.2,93.1,2,91,shot
zsolt-nagy,https://www.sofascore.com/montenegro-hungary/jUbsORc#id:10752577,hungary,block,No information,corner,17.6,33.1,0,left-foot,low-centre,0,49.3,19,No information,No information,44,No information,2598,33.1,17.6,50.7,0,50.7,81,2,102,shot
bendeguz-bolla,https://www.sofascore.com/montenegro-hungary/jUbsORc#id:10752577,hungary,block,No information,corner,22,66.1,0,right-foot,low-centre,0,49.9,19,No information,No information,41,No information,2441,66.1,22,50.1,0,50.1,81,5,259,shot
slobodan-rubezic,https://www.sofascore.com/montenegro-hungary/jUbsORc#id:10752577,montenegro,goal,regular,set-piece,2.5,53.4,0,head,high-centre,0,48.3,20.3,No information,No information,36,No information,2111,53.4,2.5,51.7,0,51.7,79.7,10,589,shot
martin-adam,https://www.sofascore.com/montenegro-hungary/jUbsORc#id:10752577,hungary,miss,No information,assisted,13.4,51.5,0,head,right,0,38.7,37.5,No information,No information,27,No information,1576,51.5,13.4,61.3,0,61.3,62.5,19,1124,shot
styles-callum,https://www.sofascore.com/montenegro-hungary/jUbsORc#id:10752577,hungary,block,No information,assisted,19.4,37.9,0,left-foot,low-left,0,53.5,19,No information,No information,25,No information,1477,37.9,19.4,46.5,0,46.5,81,21,1223,shot
dominik-szoboszlai,https://www.sofascore.com/montenegro-hungary/jUbsORc#id:10752577,hungary,block,No information,free-kick,27.9,32.4,0,right-foot,low-centre,0,49.5,19,No information,No information,17,No information,986,32.4,27.9,50.5,0,50.5,81,29,1714,shot
botond-balogh,https://www.sofascore.com/montenegro-hungary/jUbsORc#id:10752577,hungary,miss,No information,set-piece,12.3,56.9,0,head,high-right,0,43.2,79.2,No information,No information,4,No information,230,56.9,12.3,56.8,0,56.8,20.8,42,2470,shot

luka-modric,https://www.sofascore.com/croatia-hungary/jUbspUb#id:8078414,croatia,miss,No information,corner,13.9,67.5,0,right-foot,close-left,0,57.5,16.7,No information,No information,90,5,5687,67.5,13.9,42.5,0,42.5,83.3,1,613,shot
luka-modric,https://www.sofascore.com/croatia-hungary/jUbspUb#id:8078414,croatia,miss,No information,regular,21.7,64.2,0,left-foot,high-left,0,61.7,76.4,No information,No information,90,3,5538,64.2,21.7,38.3,0,38.3,23.6,1,762,shot
mate-patkai,https://www.sofascore.com/croatia-hungary/jUbspUb#id:8078414,hungary,block,No information,assisted,13.8,52,0,left-foot,No information,No information,No information,No information,No information,No information,80,No information,4789,52,13.8,No information,No information,No information,No information,11,611,shot
zsolt-kalmar,https://www.sofascore.com/croatia-hungary/jUbspUb#id:8078414,hungary,save,No information,regular,2.6,45.5,0,right-foot,low-left,0,52.4,6.3,No information,No information,80,No information,4785,45.5,2.6,47.6,0,47.6,93.7,11,615,shot
zsolt-kalmar,https://www.sofascore.com/croatia-hungary/jUbspUb#id:8078414,hungary,save,No information,regular,2.6,43.5,0,right-foot,low-left,0,53.3,9.7,No information,No information,80,No information,4783,43.5,2.6,46.7,0,46.7,90.3,11,617,shot
zsolt-kalmar,https://www.sofascore.com/croatia-hungary/jUbspUb#id:8078414,hungary,block,No information,regular,1.2,46.3,0,right-foot,low-left,0,53.6,1.4,No information,No information,80,No information,4782,46.3,1.2,46.4,0,46.4,98.6,11,618,shot
zsolt-kalmar,https://www.sofascore.com/croatia-hungary/jUbspUb#id:8078414,hungary,save,No information,regular,4,49.3,0,right-foot,low-centre,0,50.3,5.1,No information,No information,80,No information,4781,49.3,4,49.7,0,49.7,94.9,11,619,shot
domagoj-vida,https://www.sofascore.com/croatia-hungary/jUbspUb#id:8078414,croatia,miss,No information,corner,7,50.3,0,head,high-right,0,40,45.8,No information,No information,78,No information,4671,50.3,7,60,0,60,54.2,13,729,shot
mate-patkai,https://www.sofascore.com/croatia-hungary/jUbspUb#id:8078414,hungary,goal,regular,corner,3.1,45.4,0,right-foot,high-centre,0,49.7,22.2,No information,No information,76,No information,4520,45.4,3.1,50.3,0,50.3,77.8,15,880,shot
josip-brekalo,https://www.sofascore.com/croatia-hungary/jUbspUb#id:8078414,croatia,block,No information,assisted,20.6,42.4,0,right-foot,No information,No information,No information,No information,No information,No information,73,No information,4342,42.4,20.6,No information,No information,No information,No information,18,1058,shot
willi-orban,https://www.sofascore.com/croatia-hungary/jUbspUb#id:8078414,hungary,save,No information,throw-in-set-piece,8.8,38,0,head,high-left,0,53.8,28.5,No information,No information,65,No information,3895,38,8.8,46.2,0,46.2,71.5,26,1505,shot
ivan-perisic,https://www.sofascore.com/croatia-hungary/jUbspUb#id:8078414,croatia,miss,No information,assisted,4.6,39.7,0,left-foot,close-left,0,57.8,8.3,No information,No information,59,No information,3537,39.7,4.6,42.2,0,42.2,91.7,32,1863,shot
balazs-dzsudzsak,https://www.sofascore.com/croatia-hungary/jUbspUb#id:8078414,hungary,block,No information,regular,19.9,60,0,left-foot,No information,No information,No information,No information,No information,No information,54,No information,3202,60,19.9,No information,No information,No information,No information,37,2198,shot
ivan-rakitic,https://www.sofascore.com/croatia-hungary/jUbspUb#id:8078414,croatia,miss,No information,corner,23.9,60.8,0,left-foot,high-left,0,62,88.9,No information,No information,47,No information,2789,60.8,23.9,38,0,38,11.1,44,2611,shot
balazs-dzsudzsak,https://www.sofascore.com/croatia-hungary/jUbspUb#id:8078414,hungary,save,No information,free-kick,23.5,26.5,0,left-foot,high-left,0,53.7,25.3,No information,No information,45,4,2930,26.5,23.5,46.3,0,46.3,74.7,1,2470,shot
roland-varga,https://www.sofascore.com/croatia-hungary/jUbspUb#id:8078414,hungary,miss,No information,corner,21.4,51.6,0,right-foot,left,0,59.5,15.3,No information,No information,45,3,2830,51.6,21.4,40.5,0,40.5,84.7,1,2570,shot
adam-szalai,https://www.sofascore.com/croatia-hungary/jUbspUb#id:8078414,hungary,goal,regular,assisted,4.1,68.2,0,right-foot,low-centre,0,50.1,19.6,No information,No information,34,No information,2022,68.2,4.1,49.9,0,49.9,80.4,12,678,shot
ante-rebic,https://www.sofascore.com/croatia-hungary/jUbspUb#id:8078414,croatia,goal,regular,assisted,9,47.5,0,right-foot,low-right,0,46.7,1.9,No information,No information,13,No information,745,47.5,9,53.3,0,53.3,98.1,33,1955,shot
andrej-kramaric,https://www.sofascore.com/croatia-hungary/jUbspUb#id:8078414,croatia,miss,No information,assisted,13.2,53.9,0,left-foot,left,0,63.7,5.6,No information,No information,13,No information,744,53.9,13.2,36.3,0,36.3,94.4,33,1956,shot
willi-orban,https://www.sofascore.com/croatia-hungary/jUbspUb#id:8078414,hungary,miss,No information,corner,7.6,47.6,0,head,right,0,35,13.9,No information,No information,11,No information,609,47.6,7.6,65,0,65,86.1,35,2091,shot
andrej-kramaric,https://www.sofascore.com/croatia-hungary/jUbspUb#id:8078414,croatia,miss,No information,assisted,12.4,46,0,right-foot,high-left,0,63,59.7,No information,No information,6,No information,355,46,12.4,37,0,37,40.3,40,2345,shot
ivan-perisic,https://www.sofascore.com/croatia-hungary/jUbspUb#id:8078414,croatia,save,No information,assisted,25.3,66.4,0,left-foot,low-centre,0,48.4,5.7,No information,No information,6,No information,305,66.4,25.3,51.6,0,51.6,94.3,40,2395,shot
dejan-lovren,https://www.sofascore.com/croatia-hungary/jUbspUb#id:8078414,croatia,miss,No information,set-piece,11.4,46,0,head,high,0,50.3,87.5,No information,No information,4,No information,187,46,11.4,49.7,0,49.7,12.5,42,2513,shot

dominik-szoboszlai,https://www.sofascore.com/hungary-italy/hUbsjUb#id:10023370,hungary,miss,No information,free-kick,47.7,60.3,0,right-foot,right,0,37.8,30.6,No information,No information,90,2,5486,60.3,47.7,62.2,0,62.2,69.4,1,814,shot
alessio-zerbin,https://www.sofascore.com/hungary-italy/hUbsjUb#id:10023370,italy,save,No information,assisted,8.9,70.9,0,right-foot,low-right,0,48,1.9,No information,No information,90,1,5446,70.9,8.9,52,0,52,98.1,1,854,shot
manuel-locatelli,https://www.sofascore.com/hungary-italy/hUbsjUb#id:10023370,italy,save,No information,assisted,10.2,38,0,right-foot,low-centre,0,50.3,1.9,No information,No information,88,No information,5237,38,10.2,49.7,0,49.7,98.1,3,163,shot
gianluca-mancini,https://www.sofascore.com/hungary-italy/hUbsjUb#id:10023370,italy,miss,No information,corner,8.4,49.8,0,head,left,0,70.6,27.8,No information,No information,81,No information,4816,49.8,8.4,29.4,0,29.4,72.2,10,584,shot
andras-schafer,https://www.sofascore.com/hungary-italy/hUbsjUb#id:10023370,hungary,miss,No information,assisted,8.5,33.9,0,right-foot,left,0,60,5.6,No information,No information,78,No information,4642,33.9,8.5,40,0,40,94.4,13,758,shot
davide-calabria,https://www.sofascore.com/hungary-italy/hUbsjUb#id:10023370,italy,miss,No information,corner,23.3,33.6,0,right-foot,high-right,0,40,54.2,No information,No information,76,No information,4533,33.6,23.3,60,0,60,45.8,15,867,shot
gianluca-mancini,https://www.sofascore.com/hungary-italy/hUbsjUb#id:10023370,italy,miss,No information,corner,6.2,53.3,0,head,left,0,95.8,20.8,No information,No information,76,No information,4525,53.3,6.2,4.2,0,4.2,79.2,15,875,shot
willi-orban,https://www.sofascore.com/hungary-italy/hUbsjUb#id:10023370,hungary,save,No information,corner,9.5,48.7,0,right-foot,low-centre,0,48.5,18.4,No information,No information,69,No information,4138,48.7,9.5,51.5,0,51.5,81.6,22,1262,shot
roland-sallai,https://www.sofascore.com/hungary-italy/hUbsjUb#id:10023370,hungary,save,No information,fast-break,15.4,64,0,right-foot,high-centre,0,49,29.7,No information,No information,69,No information,4103,64,15.4,51,0,51,70.3,22,1297,shot
gianluca-mancini,https://www.sofascore.com/hungary-italy/hUbsjUb#id:10023370,hungary,goal,own,regular,8.8,57.2,0,left-foot,high-right,0,46.9,22.2,No information,No information,61,No information,3610,57.2,8.8,53.1,0,53.1,77.8,30,1790,shot
giacomo-raspadori,https://www.sofascore.com/hungary-italy/hUbsjUb#id:10023370,italy,miss,No information,assisted,21.2,36.2,0,left-foot,left,0,59.5,31.9,No information,No information,57,No information,3397,36.2,21.2,40.5,0,40.5,68.1,34,2003,shot
bryan-cristante,https://www.sofascore.com/hungary-italy/hUbsjUb#id:10023370,italy,miss,No information,assisted,22.6,53.7,0,right-foot,left,0,59.8,6.9,No information,No information,55,No information,3287,53.7,22.6,40.2,0,40.2,93.1,36,2113,shot
wilfried-gnonto,https://www.sofascore.com/hungary-italy/hUbsjUb#id:10023370,italy,block,No information,regular,12.3,49.8,0,left-foot,low-right,0,47.6,19,No information,No information,55,No information,3276,49.8,12.3,52.4,0,52.4,81,36,2124,shot
matteo-politano,https://www.sofascore.com/hungary-italy/hUbsjUb#id:10023370,italy,post,No information,assisted,20.3,56.2,0,left-foot,high,0,49,40.5,No information,No information,55,No information,3271,56.2,20.3,51,0,51,59.5,36,2129,shot
loic-nego,https://www.sofascore.com/hungary-italy/hUbsjUb#id:10023370,hungary,miss,No information,corner,23.4,50.5,0,right-foot,left,0,67.6,27.8,No information,No information,54,No information,3229,50.5,23.4,32.4,0,32.4,72.2,37,2171,shot
adam-nagy,https://www.sofascore.com/hungary-italy/hUbsjUb#id:10023370,hungary,block,No information,corner,27.2,40.8,0,left-foot,low-left,0,52.5,19,No information,No information,54,No information,3208,40.8,27.2,47.5,0,47.5,81,37,2192,shot
roland-sallai,https://www.sofascore.com/hungary-italy/hUbsjUb#id:10023370,hungary,save,No information,assisted,8.4,42.7,0,right-foot,low-centre,0,48.6,6.3,No information,No information,53,No information,3158,42.7,8.4,51.4,0,51.4,93.7,38,2242,shot
davide-calabria,https://www.sofascore.com/hungary-italy/hUbsjUb#id:10023370,italy,block,No information,regular,14.9,62.9,0,right-foot,low-centre,0,51,19,No information,No information,51,No information,3044,62.9,14.9,49,0,49,81,40,2356,shot
lorenzo-pellegrini,https://www.sofascore.com/hungary-italy/hUbsjUb#id:10023370,italy,goal,regular,assisted,8.3,42.9,0,right-foot,low-left,0,51.9,4.4,No information,No information,45,No information,2650,42.9,8.3,48.1,0,48.1,95.6,1,50,shot
lorenzo-pellegrini,https://www.sofascore.com/hungary-italy/hUbsjUb#id:10023370,italy,miss,No information,assisted,20.8,51.6,0,left-foot,high-left,0,59.8,73.6,No information,No information,44,No information,2618,51.6,20.8,40.2,0,40.2,26.4,2,82,shot
matteo-politano,https://www.sofascore.com/hungary-italy/hUbsjUb#id:10023370,italy,miss,No information,assisted,22.1,74.1,0,left-foot,high-left,0,56,87.5,No information,No information,32,No information,1876,74.1,22.1,44,0,44,12.5,14,824,shot
nicolo-barella,https://www.sofascore.com/hungary-italy/hUbsjUb#id:10023370,italy,goal,regular,assisted,18.9,56.9,0,right-foot,high-left,0,54,29.1,No information,No information,30,No information,1753,56.9,18.9,46,0,46,70.9,16,947,shot
roland-sallai,https://www.sofascore.com/hungary-italy/hUbsjUb#id:10023370,hungary,save,No information,assisted,16,68.2,0,right-foot,low-left,0,52.4,3.2,No information,No information,26,No information,1507,68.2,16,47.6,0,47.6,96.8,20,1193,shot
gianluca-mancini,https://www.sofascore.com/hungary-italy/hUbsjUb#id:10023370,italy,save,No information,corner,7.8,59.4,0,head,low-left,0,52.6,19.6,No information,No information,21,No information,1231,59.4,7.8,47.4,0,47.4,80.4,25,1469,shot
wilfried-gnonto,https://www.sofascore.com/hungary-italy/hUbsjUb#id:10023370,italy,block,No information,assisted,11.2,30.5,0,right-foot,low-centre,0,49.8,19,No information,No information,20,No information,1194,30.5,11.2,50.2,0,50.2,81,26,1506,shot
loic-nego,https://www.sofascore.com/hungary-italy/hUbsjUb#id:10023370,hungary,miss,No information,set-piece,21.7,74.5,0,right-foot,left,0,99.5,2.8,No information,No information,20,No information,1142,74.5,21.7,0.5,0,0.5,97.2,26,1558,shot
dominik-szoboszlai,https://www.sofascore.com/hungary-italy/hUbsjUb#id:10023370,hungary,block,No information,set-piece,16.9,56.8,0,right-foot,low-centre,0,48.9,19,No information,No information,13,No information,732,56.8,16.9,51.1,0,51.1,81,33,1968,shot
dominik-szoboszlai,https://www.sofascore.com/hungary-italy/hUbsjUb#id:10023370,hungary,block,No information,free-kick,18.6,59.2,0,right-foot,low-centre,0,49.2,19,No information,No information,13,No information,730,59.2,18.6,50.8,0,50.8,81,33,1970,shot
zsolt-nagy,https://www.sofascore.com/hungary-italy/hUbsjUb#id:10023370,hungary,block,No information,corner,18.7,41.8,0,left-foot,low-left,0,51.8,19,No information,No information,11,No information,617,41.8,18.7,48.2,0,48.2,81,35,2083,shot
gianluca-mancini,https://www.sofascore.com/hungary-italy/hUbsjUb#id:10023370,italy,save,No information,corner,9.5,50.9,0,head,low-centre,0,49.9,10.1,No information,No information,2,No information,81,50.9,9.5,50.1,0,50.1,89.9,44,2619,shot

attila-szalai,https://www.sofascore.com/andorra-hungary/jUbstWb#id:9223850,hungary,miss,No information,corner,9.3,45.2,0,head,right,0,38.5,30.6,No information,No information,90,3,5550,45.2,9.3,61.5,0,61.5,69.4,1,750,shot
dominik-szoboszlai,https://www.sofascore.com/andorra-hungary/jUbstWb#id:9223850,hungary,block,No information,fast-break,14.1,62.7,0,right-foot,low-centre,0,49.4,19,No information,No information,90,No information,5346,62.7,14.1,50.6,0,50.6,81,1,54,shot
max-llovera,https://www.sofascore.com/andorra-hungary/jUbstWb#id:9223850,andorra,goal,regular,set-piece,3.7,44.7,0,right-foot,high-left,0,54.3,20.9,No information,No information,82,No information,4864,44.7,3.7,45.7,0,45.7,79.1,9,536,shot
emili-garcia,https://www.sofascore.com/andorra-hungary/jUbstWb#id:9223850,andorra,block,No information,set-piece,9.4,50.5,0,head,low-centre,0,49.2,19,No information,No information,82,No information,4863,50.5,9.4,50.8,0,50.8,81,9,537,shot
attila-szalai,https://www.sofascore.com/andorra-hungary/jUbstWb#id:9223850,hungary,save,No information,set-piece,9.3,47,0,head,low-centre,0,50.7,2.5,No information,No information,79,No information,4684,47,9.3,49.3,0,49.3,97.5,12,716,shot
daniel-salloi,https://www.sofascore.com/andorra-hungary/jUbstWb#id:9223850,hungary,miss,No information,regular,18.7,50.5,0,right-foot,high,0,45.5,68.1,No information,No information,74,No information,4394,50.5,18.7,54.5,0,54.5,31.9,17,1006,shot
jordi-alaez,https://www.sofascore.com/andorra-hungary/jUbstWb#id:9223850,andorra,save,No information,assisted,8.8,75.9,0,right-foot,low-centre,0,48.3,16.5,No information,No information,73,No information,4327,75.9,8.8,51.7,0,51.7,83.5,18,1073,shot
jordi-alaez,https://www.sofascore.com/andorra-hungary/jUbstWb#id:9223850,andorra,miss,No information,assisted,14.4,61.6,0,left-foot,left,0,74.6,16.7,No information,No information,67,No information,3965,61.6,14.4,25.4,0,25.4,83.3,24,1435,shot
dominik-szoboszlai,https://www.sofascore.com/andorra-hungary/jUbstWb#id:9223850,hungary,miss,No information,free-kick,26.2,31,0,right-foot,close-left,0,56,9.7,No information,No information,64,No information,3798,31,26.2,44,0,44,90.3,27,1602,shot
szabolcs-schon,https://www.sofascore.com/andorra-hungary/jUbstWb#id:9223850,hungary,miss,No information,assisted,9.8,26.2,0,left-foot,left,0,59.3,38.9,No information,No information,62,No information,3663,26.2,9.8,40.7,0,40.7,61.1,29,1737,shot
daniel-salloi,https://www.sofascore.com/andorra-hungary/jUbstWb#id:9223850,hungary,save,No information,assisted,7.1,56.1,0,right-foot,low-right,0,48.1,17.1,No information,No information,60,No information,3555,56.1,7.1,51.9,0,51.9,82.9,31,1845,shot
adam-szalai,https://www.sofascore.com/andorra-hungary/jUbstWb#id:9223850,hungary,miss,No information,assisted,7.4,57.5,0,head,left,0,75.8,16.7,No information,No information,52,No information,3119,57.5,7.4,24.2,0,24.2,83.3,39,2281,shot
attila-szalai,https://www.sofascore.com/andorra-hungary/jUbstWb#id:9223850,hungary,miss,No information,corner,3.3,57.5,0,left-foot,close-right,0,42.5,15.3,No information,No information,48,No information,2855,57.5,3.3,57.5,0,57.5,84.7,43,2545,shot
jordi-alaez,https://www.sofascore.com/andorra-hungary/jUbstWb#id:9223850,andorra,miss,No information,assisted,26.2,83.9,0,right-foot,close-high-right,0,42.2,56.9,No information,No information,41,No information,2407,83.9,26.2,57.8,0,57.8,43.1,5,293,shot
joan-cervos,https://www.sofascore.com/andorra-hungary/jUbstWb#id:9223850,andorra,miss,No information,regular,22.4,66,0,left-foot,high,0,52.3,70.8,No information,No information,34,No information,1993,66,22.4,47.7,0,47.7,29.2,12,707,shot
adam-lang,https://www.sofascore.com/andorra-hungary/jUbstWb#id:9223850,hungary,miss,No information,corner,7.9,54.5,0,head,right,0,38.7,18.1,No information,No information,31,No information,1854,54.5,7.9,61.3,0,61.3,81.9,15,846,shot
endre-botka,https://www.sofascore.com/andorra-hungary/jUbstWb#id:9223850,hungary,goal,regular,corner,7.4,47.2,0,head,low-left,0,54.5,16.5,No information,No information,18,No information,1025,47.2,7.4,45.5,0,45.5,83.5,28,1675,shot
szabolcs-schon,https://www.sofascore.com/andorra-hungary/jUbstWb#id:9223850,hungary,save,No information,set-piece,27.1,67.4,0,left-foot,high-centre,0,50.6,36.7,No information,No information,17,No information,987,67.4,27.1,49.4,0,49.4,63.3,29,1713,shot
adam-szalai,https://www.sofascore.com/andorra-hungary/jUbstWb#id:9223850,hungary,goal,penalty,penalty,11.5,50,0,right-foot,low-centre,0,51,13.3,No information,No information,9,No information,538,50,11.5,49,0,49,86.7,37,2162,shot
endre-botka,https://www.sofascore.com/andorra-hungary/jUbstWb#id:9223850,hungary,miss,No information,assisted,8.7,70.3,0,right-foot,close-right,0,42.5,5.6,No information,No information,3,No information,122,70.3,8.7,57.5,0,57.5,94.4,43,2578,shot

alex-petkov,https://www.sofascore.com/bulgaria-hungary/jUbsqUb#id:10752559,hungary,goal,own,set-piece,9,47.8,0,head,low-right,0,47.2,16.5,No information,No information,90,7,5779,47.8,9,52.8,0,52.8,83.5,1,521,shot
attila-szalai,https://www.sofascore.com/bulgaria-hungary/jUbsqUb#id:10752559,hungary,block,No information,corner,9,46.4,0,head,low-centre,0,48.6,19,No information,No information,90,6,5722,46.4,9,51.4,0,51.4,81,1,578,shot
dominik-szoboszlai,https://www.sofascore.com/bulgaria-hungary/jUbsqUb#id:10752559,hungary,save,No information,assisted,12.6,43,0,right-foot,low-centre,0,49,17.1,No information,No information,90,3,5578,43,12.6,51,0,51,82.9,1,722,shot
dominik-szoboszlai,https://www.sofascore.com/bulgaria-hungary/jUbsqUb#id:10752559,hungary,miss,No information,free-kick,28.1,57.6,0,right-foot,close-high,0,46.6,47.2,No information,No information,85,No information,5077,57.6,28.1,53.4,0,53.4,52.8,6,323,shot
dominik-szoboszlai,https://www.sofascore.com/bulgaria-hungary/jUbsqUb#id:10752559,hungary,save,No information,free-kick,27.4,59.6,0,right-foot,high-right,0,46.7,22.2,No information,No information,82,No information,4879,59.6,27.4,53.3,0,53.3,77.8,9,521,shot
kiril-despodov,https://www.sofascore.com/bulgaria-hungary/jUbsqUb#id:10752559,bulgaria,goal,penalty,penalty,11.5,50,0,right-foot,low-right,0,45.8,17.1,No information,No information,79,No information,4680,50,11.5,54.2,0,54.2,82.9,12,720,shot
spas-delev,https://www.sofascore.com/bulgaria-hungary/jUbsqUb#id:10752559,bulgaria,miss,No information,assisted,8.9,45.8,0,right-foot,high-left,0,61.3,41.7,No information,No information,69,No information,4123,45.8,8.9,38.7,0,38.7,58.3,22,1277,shot
dominik-szoboszlai,https://www.sofascore.com/bulgaria-hungary/jUbsqUb#id:10752559,hungary,miss,No information,assisted,17.3,32.6,0,right-foot,close-high,0,45.9,56.9,No information,No information,68,No information,4076,32.6,17.3,54.1,0,54.1,43.1,23,1324,shot
loic-nego,https://www.sofascore.com/bulgaria-hungary/jUbsqUb#id:10752559,hungary,miss,No information,assisted,11.2,57.3,0,left-foot,high-left,0,64.7,70.8,No information,No information,65,No information,3862,57.3,11.2,35.3,0,35.3,29.2,26,1538,shot
martin-adam,https://www.sofascore.com/bulgaria-hungary/jUbsqUb#id:10752559,hungary,save,No information,assisted,12.3,70.2,0,left-foot,low-centre,0,51.3,1.9,No information,No information,62,No information,3669,70.2,12.3,48.7,0,48.7,98.1,29,1731,shot
adam-lang,https://www.sofascore.com/bulgaria-hungary/jUbsqUb#id:10752559,hungary,block,No information,corner,7.4,54.3,0,head,low-centre,0,50.7,19,No information,No information,61,No information,3628,54.3,7.4,49.3,0,49.3,81,30,1772,shot
styles-callum,https://www.sofascore.com/bulgaria-hungary/jUbsqUb#id:10752559,hungary,miss,No information,assisted,4.3,38.3,0,right-foot,right,0,1.7,6.9,No information,No information,54,No information,3223,38.3,4.3,98.3,0,98.3,93.1,37,2177,shot
dominik-szoboszlai,https://www.sofascore.com/bulgaria-hungary/jUbsqUb#id:10752559,hungary,block,No information,assisted,10.1,42.7,0,left-foot,low-centre,0,50.3,19,No information,No information,54,No information,3212,42.7,10.1,49.7,0,49.7,81,37,2188,shot
dominik-szoboszlai,https://www.sofascore.com/bulgaria-hungary/jUbsqUb#id:10752559,hungary,miss,No information,free-kick,17.6,37.1,0,right-foot,close-right,0,43.5,25,No information,No information,52,No information,3109,37.1,17.6,56.5,0,56.5,75,39,2291,shot
dominik-szoboszlai,https://www.sofascore.com/bulgaria-hungary/jUbsqUb#id:10752559,hungary,save,No information,assisted,24.9,21.4,0,right-foot,low-left,0,54.6,9.5,No information,No information,46,No information,2753,21.4,24.9,45.4,0,45.4,90.5,45,2647,shot
loic-nego,https://www.sofascore.com/bulgaria-hungary/jUbsqUb#id:10752559,hungary,miss,No information,assisted,3.8,65.3,0,right-foot,close-right,0,43.5,23.6,No information,No information,45,5,2979,65.3,3.8,56.5,0,56.5,76.4,1,2421,shot
spas-delev,https://www.sofascore.com/bulgaria-hungary/jUbsqUb#id:10752559,bulgaria,goal,regular,assisted,14.8,47.5,0,right-foot,high-centre,0,48.2,21.5,No information,No information,24,No information,1429,47.5,14.8,51.8,0,51.8,78.5,22,1271,shot
dominik-szoboszlai,https://www.sofascore.com/bulgaria-hungary/jUbsqUb#id:10752559,hungary,block,No information,assisted,19.7,57.9,0,right-foot,low-right,0,47,19,No information,No information,17,No information,992,57.9,19.7,53,0,53,81,29,1708,shot
loic-nego,https://www.sofascore.com/bulgaria-hungary/jUbsqUb#id:10752559,hungary,block,No information,regular,13.2,71.1,0,right-foot,low-left,0,52.1,15.3,No information,No information,14,No information,786,71.1,13.2,47.9,0,47.9,84.7,32,1914,shot
adam-nagy,https://www.sofascore.com/bulgaria-hungary/jUbsqUb#id:10752559,hungary,miss,No information,regular,57.6,24.1,0,right-foot,right,0,35.6,16.7,No information,No information,12,No information,688,24.1,57.6,64.4,0,64.4,83.3,34,2012,shot
martin-adam,https://www.sofascore.com/bulgaria-hungary/jUbsqUb#id:10752559,hungary,goal,regular,set-piece,3.3,48.4,0,head,low-right,0,47.2,12.7,No information,No information,10,No information,547,48.4,3.3,52.8,0,52.8,87.3,36,2153,shot
martin-adam,https://www.sofascore.com/bulgaria-hungary/jUbsqUb#id:10752559,hungary,miss,No information,corner,5.4,49.9,0,head,high,0,44.9,65.3,No information,No information,7,No information,396,49.9,5.4,55.1,0,55.1,34.7,39,2304,shot
styles-callum,https://www.sofascore.com/bulgaria-hungary/jUbsqUb#id:10752559,hungary,miss,No information,assisted,5.3,30.1,0,left-foot,right,0,1.8,4.2,No information,No information,2,No information,105,30.1,5.3,98.2,0,98.2,95.8,44,2595,shot
dominik-szoboszlai,https://www.sofascore.com/bulgaria-hungary/jUbsqUb#id:10752559,hungary,miss,No information,set-piece,36.9,35.6,0,right-foot,left,0,60.7,9.7,No information,No information,1,No information,47,35.6,36.9,39.3,0,39.3,90.3,45,2653,shot

declan-rice,https://www.sofascore.com/england-hungary/jUbsnUb#id:9223780,england,goal,regular,assisted,23.4,49.8,0,right-foot,low-centre,0,48.3,1.3,No information,No information,87,No information,5163,49.8,23.4,51.7,0,51.7,98.7,4,237,shot
daniel-salloi,https://www.sofascore.com/england-hungary/jUbsnUb#id:9223780,hungary,save,No information,assisted,9,68.2,0,right-foot,low-right,0,47.3,9.5,No information,No information,80,No information,4767,68.2,9,52.7,0,52.7,90.5,11,633,shot
harry-kane,https://www.sofascore.com/england-hungary/jUbsnUb#id:9223780,england,save,No information,assisted,10.8,62.4,0,right-foot,low-centre,0,48.4,3.8,No information,No information,78,No information,4666,62.4,10.8,51.6,0,51.6,96.2,13,734,shot
raheem-sterling,https://www.sofascore.com/england-hungary/jUbsnUb#id:9223780,england,save,No information,assisted,7.2,60.5,0,right-foot,low-centre,0,50.6,1.9,No information,No information,77,No information,4598,60.5,7.2,49.4,0,49.4,98.1,14,802,shot
dominik-szoboszlai,https://www.sofascore.com/england-hungary/jUbsnUb#id:9223780,hungary,miss,No information,free-kick,30.1,40.6,0,right-foot,high-right,0,40.7,83.3,No information,No information,76,No information,4542,40.6,30.1,59.3,0,59.3,16.7,15,858,shot
daniel-salloi,https://www.sofascore.com/england-hungary/jUbsnUb#id:9223780,hungary,miss,No information,assisted,13.1,50.6,0,right-foot,high,0,53.1,94.4,No information,No information,72,No information,4265,50.6,13.1,46.9,0,46.9,5.6,19,1135,shot
harry-maguire,https://www.sofascore.com/england-hungary/jUbsnUb#id:9223780,england,goal,regular,corner,8.8,47,0,head,low-right,0,46,3.8,No information,No information,69,No information,4091,47,8.8,54,0,54,96.2,22,1309,shot
harry-kane,https://www.sofascore.com/england-hungary/jUbsnUb#id:9223780,england,save,No information,assisted,8,34.3,0,left-foot,low-centre,0,49.5,2.5,No information,No information,67,No information,4010,34.3,8,50.5,0,50.5,97.5,24,1390,shot
harry-kane,https://www.sofascore.com/england-hungary/jUbsnUb#id:9223780,england,goal,regular,regular,4.4,54.4,0,head,low-centre,0,48.9,17.1,No information,No information,63,No information,3734,54.4,4.4,51.1,0,51.1,82.9,28,1666,shot
raheem-sterling,https://www.sofascore.com/england-hungary/jUbsnUb#id:9223780,england,goal,regular,fast-break,9,45.3,0,right-foot,low-right,0,46.5,0.6,No information,No information,55,No information,3258,45.3,9,53.5,0,53.5,99.4,36,2142,shot
harry-kane,https://www.sofascore.com/england-hungary/jUbsnUb#id:9223780,england,save,No information,assisted,10.9,55.3,0,right-foot,low-centre,0,51.2,9.5,No information,No information,50,No information,2974,55.3,10.9,48.8,0,48.8,90.5,41,2426,shot
mason-mount,https://www.sofascore.com/england-hungary/jUbsnUb#id:9223780,england,block,No information,assisted,9.8,62.3,0,right-foot,low-left,0,53.2,19,No information,No information,45,2,2761,62.3,9.8,46.8,0,46.8,81,1,2639,shot
dominik-szoboszlai,https://www.sofascore.com/england-hungary/jUbsnUb#id:9223780,hungary,miss,No information,free-kick,25.2,53.8,0,right-foot,high-right,0,44,61.1,No information,No information,40,No information,2376,53.8,25.2,56,0,56,38.9,6,324,shot
harry-kane,https://www.sofascore.com/england-hungary/jUbsnUb#id:9223780,england,miss,No information,assisted,17.8,39.6,0,right-foot,high,0,46.2,66.7,No information,No information,20,No information,1155,39.6,17.8,53.8,0,53.8,33.3,26,1545,shot
harry-maguire,https://www.sofascore.com/england-hungary/jUbsnUb#id:9223780,england,miss,No information,corner,9.7,52,0,head,high-right,0,42.7,69.4,No information,No information,8,No information,424,52,9.7,57.3,0,57.3,30.6,38,2276,shot
mason-mount,https://www.sofascore.com/england-hungary/jUbsnUb#id:9223780,england,miss,No information,assisted,25.3,45.5,0,right-foot,high-right,0,38,59.7,No information,No information,5,No information,260,45.5,25.3,62,0,62,40.3,41,2440,shot

rufat-dadashov,https://www.sofascore.com/azerbaijan-hungary/jUbsRUb#id:8079167,azerbaijan,miss,No information,assisted,8.2,51.5,0,head,left,0,67.7,8.3,No information,No information,90,2,5515,51.5,8.2,32.3,0,32.3,91.7,1,785,shot
balazs-dzsudzsak,https://www.sofascore.com/azerbaijan-hungary/jUbsRUb#id:8079167,hungary,miss,No information,regular,23.2,53,0,right-foot,high,0,51.1,73.6,No information,No information,79,No information,4739,53,23.2,48.9,0,48.9,26.4,12,661,shot
dimitriy-nazarov,https://www.sofascore.com/azerbaijan-hungary/jUbsRUb#id:8079167,azerbaijan,block,No information,assisted,20.6,37.3,0,left-foot,No information,No information,No information,No information,No information,No information,75,No information,4445,37.3,20.6,No information,No information,No information,No information,16,955,shot
david-holman,https://www.sofascore.com/azerbaijan-hungary/jUbsRUb#id:8079167,hungary,goal,regular,assisted,12.1,69.4,0,right-foot,high-right,0,46.4,29.7,No information,No information,71,No information,4234,69.4,12.1,53.6,0,53.6,70.3,20,1166,shot
mahir-emreli,https://www.sofascore.com/azerbaijan-hungary/jUbsRUb#id:8079167,azerbaijan,goal,regular,regular,4.3,55.7,0,right-foot,low-centre,0,51,2.5,No information,No information,69,No information,4119,55.7,4.3,49,0,49,97.5,22,1281,shot
agabala-ramazanov,https://www.sofascore.com/azerbaijan-hungary/jUbsRUb#id:8079167,azerbaijan,save,No information,assisted,12.5,33.6,0,left-foot,low-right,0,47.9,0.6,No information,No information,69,No information,4117,33.6,12.5,52.1,0,52.1,99.4,22,1283,shot
david-holman,https://www.sofascore.com/azerbaijan-hungary/jUbsRUb#id:8079167,hungary,block,No information,assisted,25,18.9,0,right-foot,No information,No information,No information,No information,No information,No information,68,No information,4066,18.9,25,No information,No information,No information,No information,23,1334,shot
agabala-ramazanov,https://www.sofascore.com/azerbaijan-hungary/jUbsRUb#id:8079167,azerbaijan,miss,No information,assisted,9.6,33,0,left-foot,close-left,0,58.3,4.2,No information,No information,68,No information,4021,33,9.6,41.7,0,41.7,95.8,23,1379,shot
balazs-dzsudzsak,https://www.sofascore.com/azerbaijan-hungary/jUbsRUb#id:8079167,hungary,post,No information,free-kick,26.2,49.7,0,left-foot,right,0,44.4,4.4,No information,No information,60,No information,3577,49.7,26.2,55.6,0,55.6,95.6,31,1823,shot
willi-orban,https://www.sofascore.com/azerbaijan-hungary/jUbsRUb#id:8079167,hungary,goal,regular,corner,1.7,52,0,right-foot,low-centre,0,49.9,16.5,No information,No information,53,No information,3139,52,1.7,50.1,0,50.1,83.5,38,2261,shot
botond-barath,https://www.sofascore.com/azerbaijan-hungary/jUbsRUb#id:8079167,hungary,block,No information,corner,2.4,50.7,0,right-foot,No information,No information,No information,No information,No information,No information,53,No information,3137,50.7,2.4,No information,No information,No information,No information,38,2263,shot
adam-szalai,https://www.sofascore.com/azerbaijan-hungary/jUbsRUb#id:8079167,hungary,save,No information,corner,5.7,54.8,0,head,low-centre,0,50.3,8.9,No information,No information,53,No information,3135,54.8,5.7,49.7,0,49.7,91.1,38,2265,shot
laszlo-kleinheisler,https://www.sofascore.com/azerbaijan-hungary/jUbsRUb#id:8079167,hungary,save,No information,corner,14.6,66.9,0,right-foot,high-right,0,46.2,27.2,No information,No information,51,No information,3032,66.9,14.6,53.8,0,53.8,72.8,40,2368,shot
balazs-dzsudzsak,https://www.sofascore.com/azerbaijan-hungary/jUbsRUb#id:8079167,hungary,save,No information,free-kick,26.3,46,0,left-foot,high-left,0,53.2,28.5,No information,No information,50,No information,2991,46,26.3,46.8,0,46.8,71.5,41,2409,shot
laszlo-kleinheisler,https://www.sofascore.com/azerbaijan-hungary/jUbsRUb#id:8079167,hungary,miss,No information,assisted,20,67,0,right-foot,left,0,60.8,11.1,No information,No information,48,No information,2830,67,20,39.2,0,39.2,88.9,43,2570,shot
dimitriy-nazarov,https://www.sofascore.com/azerbaijan-hungary/jUbsRUb#id:8079167,azerbaijan,miss,No information,assisted,22.3,69.4,0,left-foot,close-right,0,42.2,5.6,No information,No information,45,No information,2696,69.4,22.3,57.8,0,57.8,94.4,1,4,shot
laszlo-kleinheisler,https://www.sofascore.com/azerbaijan-hungary/jUbsRUb#id:8079167,hungary,miss,No information,regular,24.5,66.6,0,right-foot,high,0,50.1,76.4,No information,No information,42,No information,2514,66.6,24.5,49.9,0,49.9,23.6,4,186,shot
mahir-emreli,https://www.sofascore.com/azerbaijan-hungary/jUbsRUb#id:8079167,azerbaijan,block,No information,assisted,14.6,74.7,0,left-foot,No information,No information,No information,No information,No information,No information,41,No information,2425,74.7,14.6,No information,No information,No information,No information,5,275,shot
dimitriy-nazarov,https://www.sofascore.com/azerbaijan-hungary/jUbsRUb#id:8079167,azerbaijan,miss,No information,free-kick,8.7,10.1,0,right-foot,high-right,0,41.2,93.1,No information,No information,37,No information,2217,10.1,8.7,58.8,0,58.8,6.9,9,483,shot
richard-almeida,https://www.sofascore.com/azerbaijan-hungary/jUbsRUb#id:8079167,azerbaijan,block,No information,corner,19.4,25.2,0,left-foot,No information,No information,No information,No information,No information,No information,34,No information,2008,25.2,19.4,No information,No information,No information,No information,12,692,shot
balazs-dzsudzsak,https://www.sofascore.com/azerbaijan-hungary/jUbsRUb#id:8079167,hungary,block,No information,assisted,14.1,58.8,0,left-foot,No information,No information,No information,No information,No information,No information,31,No information,1853,58.8,14.1,No information,No information,No information,No information,15,847,shot
balazs-dzsudzsak,https://www.sofascore.com/azerbaijan-hungary/jUbsRUb#id:8079167,hungary,save,No information,assisted,20.1,85.3,0,left-foot,low-centre,0,50.6,18.4,No information,No information,23,No information,1335,85.3,20.1,49.4,0,49.4,81.6,23,1365,shot
willi-orban,https://www.sofascore.com/azerbaijan-hungary/jUbsRUb#id:8079167,hungary,goal,regular,set-piece,5.8,47.6,0,head,low-left,0,53.7,15.2,No information,No information,18,No information,1058,47.6,5.8,46.3,0,46.3,84.8,28,1642,shot
balazs-dzsudzsak,https://www.sofascore.com/azerbaijan-hungary/jUbsRUb#id:8079167,hungary,miss,No information,free-kick,20.2,85.6,0,left-foot,high,0,48.2,80.6,No information,No information,2,No information,74,85.6,20.2,51.8,0,51.8,19.4,44,2626,shot

sasa-lukic,https://www.sofascore.com/serbia-hungary/jUbsfCc#id:8600750,serbia,block,No information,assisted,15,41,0,right-foot,low-right,0,45.8,19,No information,No information,90,1,5411,41,15,54.2,0,54.2,81,1,889,shot
luka-jovic,https://www.sofascore.com/serbia-hungary/jUbsfCc#id:8600750,serbia,miss,No information,regular,10.5,45.6,0,right-foot,high-right,0,38.3,80.6,No information,No information,89,No information,5285,45.6,10.5,61.7,0,61.7,19.4,2,115,shot
dusan-vlahovic,https://www.sofascore.com/serbia-hungary/jUbsfCc#id:8600750,serbia,miss,No information,assisted,7,44.1,0,head,right,0,0.5,4.2,No information,No information,89,No information,5284,44.1,7,99.5,0,99.5,95.8,2,116,shot
nemanja-gudelj,https://www.sofascore.com/serbia-hungary/jUbsfCc#id:8600750,serbia,save,No information,set-piece,14.5,15.6,0,right-foot,low-centre,0,50.6,8.2,No information,No information,86,No information,5103,15.6,14.5,49.4,0,49.4,91.8,5,297,shot
attila-szalai,https://www.sofascore.com/serbia-hungary/jUbsfCc#id:8600750,hungary,save,No information,assisted,9.4,41.5,0,head,low-left,0,52,8.2,No information,No information,82,No information,4860,41.5,9.4,48,0,48,91.8,9,540,shot
dusan-vlahovic,https://www.sofascore.com/serbia-hungary/jUbsfCc#id:8600750,serbia,miss,No information,assisted,6.3,56.3,0,head,left,0,69.6,2.8,No information,No information,79,No information,4713,56.3,6.3,30.4,0,30.4,97.2,12,687,shot
dusan-vlahovic,https://www.sofascore.com/serbia-hungary/jUbsfCc#id:8600750,serbia,miss,No information,set-piece,3,38.4,0,right-foot,close-left,0,57.1,13.9,No information,No information,77,No information,4580,38.4,3,42.9,0,42.9,86.1,14,820,shot
dusan-vlahovic,https://www.sofascore.com/serbia-hungary/jUbsfCc#id:8600750,serbia,post,No information,assisted,9,43.3,0,right-foot,left,0,55.3,5.1,No information,No information,75,No information,4475,43.3,9,44.7,0,44.7,94.9,16,925,shot
dusan-vlahovic,https://www.sofascore.com/serbia-hungary/jUbsfCc#id:8600750,serbia,miss,No information,assisted,10.4,40.6,0,head,right,0,10.1,9.7,No information,No information,74,No information,4418,40.6,10.4,89.9,0,89.9,90.3,17,982,shot
strahinja-pavlovic,https://www.sofascore.com/serbia-hungary/jUbsfCc#id:8600750,serbia,miss,No information,set-piece,10.5,61,0,head,high,0,49.1,86.1,No information,No information,64,No information,3804,61,10.5,50.9,0,50.9,13.9,27,1596,shot
filip-holender,https://www.sofascore.com/serbia-hungary/jUbsfCc#id:8600750,hungary,miss,No information,assisted,9.8,39,0,right-foot,right,0,35.6,16.7,No information,No information,61,No information,3649,39,9.8,64.4,0,64.4,83.3,30,1751,shot
mijat-gacinovic,https://www.sofascore.com/serbia-hungary/jUbsfCc#id:8600750,serbia,miss,No information,assisted,10,56.1,0,left-foot,high,0,50.3,88.9,No information,No information,58,No information,3453,56.1,10,49.7,0,49.7,11.1,33,1947,shot
strahinja-pavlovic,https://www.sofascore.com/serbia-hungary/jUbsfCc#id:8600750,serbia,block,No information,corner,9,59.7,0,right-foot,low-right,0,46.9,19,No information,No information,56,No information,3306,59.7,9,53.1,0,53.1,81,35,2094,shot
mijat-gacinovic,https://www.sofascore.com/serbia-hungary/jUbsfCc#id:8600750,serbia,block,No information,corner,8.5,44.3,0,right-foot,low-centre,0,51.7,19,No information,No information,55,No information,3282,44.3,8.5,48.3,0,48.3,81,36,2118,shot
zsolt-kalmar,https://www.sofascore.com/serbia-hungary/jUbsfCc#id:8600750,hungary,save,No information,assisted,29.6,32.8,0,right-foot,low-left,0,53.9,18.4,No information,No information,34,No information,2008,32.8,29.6,46.1,0,46.1,81.6,12,692,shot
dusan-tadic,https://www.sofascore.com/serbia-hungary/jUbsfCc#id:8600750,serbia,save,No information,assisted,24.8,53.7,0,left-foot,low-left,0,52.9,3.8,No information,No information,28,No information,1669,53.7,24.8,47.1,0,47.1,96.2,18,1031,shot
norbert-konyves,https://www.sofascore.com/serbia-hungary/jUbsfCc#id:8600750,hungary,goal,regular,regular,14.2,53.4,0,right-foot,low-centre,0,49.7,1.3,No information,No information,20,No information,1186,53.4,14.2,50.3,0,50.3,98.7,26,1514,shot
nemanja-gudelj,https://www.sofascore.com/serbia-hungary/jUbsfCc#id:8600750,serbia,save,No information,regular,31.6,56,0,right-foot,low-left,0,52.9,9.5,No information,No information,11,No information,628,56,31.6,47.1,0,47.1,90.5,35,2072,shot

dominik-szoboszlai,https://www.sofascore.com/lithuania-hungary/jUbsBVb#id:10752550,hungary,block,No information,free-kick,29.1,29.5,0,right-foot,low-left,0,53.8,19.4,No information,No information,90,1,5407,29.5,29.1,46.2,0,46.2,80.6,1,893,shot
barnabas-varga,https://www.sofascore.com/lithuania-hungary/jUbsBVb#id:10752550,hungary,goal,regular,corner,9.1,47.8,0,head,low-left,0,54,9.5,No information,No information,82,No information,4875,47.8,9.1,46,0,46,90.5,9,525,shot
styles-callum,https://www.sofascore.com/lithuania-hungary/jUbsBVb#id:10752550,hungary,miss,No information,regular,9,37.5,0,left-foot,close-right,0,40.8,4.2,No information,No information,79,No information,4706,37.5,9,59.2,0,59.2,95.8,12,694,shot
barnabas-varga,https://www.sofascore.com/lithuania-hungary/jUbsBVb#id:10752550,hungary,block,No information,regular,15.2,45,0,right-foot,low-left,0,53.3,5.6,No information,No information,79,No information,4702,45,15.2,46.7,0,46.7,94.4,12,698,shot
zsolt-nagy,https://www.sofascore.com/lithuania-hungary/jUbsBVb#id:10752550,hungary,block,No information,assisted,15.8,49.3,0,right-foot,low-left,0,52.4,16.7,No information,No information,79,No information,4701,49.3,15.8,47.6,0,47.6,83.3,12,699,shot
roland-sallai,https://www.sofascore.com/lithuania-hungary/jUbsBVb#id:10752550,hungary,miss,No information,assisted,7.5,68.4,0,right-foot,left,0,67.7,12.5,No information,No information,76,No information,4514,68.4,7.5,32.3,0,32.3,87.5,15,886,shot
vykintas-slivka,https://www.sofascore.com/lithuania-hungary/jUbsBVb#id:10752550,lithuania,save,No information,assisted,13.2,69.8,0,right-foot,low-centre,0,51,6.3,No information,No information,75,No information,4478,69.8,13.2,49,0,49,93.7,16,922,shot
dominik-szoboszlai,https://www.sofascore.com/lithuania-hungary/jUbsBVb#id:10752550,hungary,save,No information,free-kick,29.5,15.2,0,right-foot,low-left,0,53.6,11.4,No information,No information,71,No information,4234,15.2,29.5,46.4,0,46.4,88.6,20,1166,shot
jankauskas-eligijus,https://www.sofascore.com/lithuania-hungary/jUbsBVb#id:10752550,lithuania,miss,No information,assisted,15.3,50.7,0,right-foot,left,0,59.3,2.8,No information,No information,69,No information,4137,50.7,15.3,40.7,0,40.7,97.2,22,1263,shot
gytis-paulauskas,https://www.sofascore.com/lithuania-hungary/jUbsBVb#id:10752550,lithuania,miss,No information,regular,17.3,25.4,0,left-foot,close-high,0,52.1,52.8,No information,No information,68,No information,4032,25.4,17.3,47.9,0,47.9,47.2,23,1368,shot
dominik-szoboszlai,https://www.sofascore.com/lithuania-hungary/jUbsBVb#id:10752550,hungary,goal,penalty,penalty,11.5,50,0,right-foot,high-left,0,52,31.6,No information,No information,67,No information,3992,50,11.5,48,0,48,68.4,24,1408,shot
loic-nego,https://www.sofascore.com/lithuania-hungary/jUbsBVb#id:10752550,hungary,save,No information,assisted,2.8,46.3,0,head,low-centre,0,49.5,19.6,No information,No information,61,No information,3652,46.3,2.8,50.5,0,50.5,80.4,30,1748,shot
roland-sallai,https://www.sofascore.com/lithuania-hungary/jUbsBVb#id:10752550,hungary,block,No information,assisted,25,31.6,0,right-foot,low-left,0,54.8,2.8,No information,No information,58,No information,3428,31.6,25,45.2,0,45.2,97.2,33,1972,shot
barnabas-varga,https://www.sofascore.com/lithuania-hungary/jUbsBVb#id:10752550,hungary,save,No information,corner,9,46,0,head,low-left,0,53.3,18.4,No information,No information,56,No information,3325,46,9,46.7,0,46.7,81.6,35,2075,shot
roland-sallai,https://www.sofascore.com/lithuania-hungary/jUbsBVb#id:10752550,hungary,save,No information,assisted,3.9,69.8,0,right-foot,high-centre,0,48.4,21.5,No information,No information,54,No information,3201,69.8,3.9,51.6,0,51.6,78.5,37,2199,shot
styles-callum,https://www.sofascore.com/lithuania-hungary/jUbsBVb#id:10752550,hungary,block,No information,assisted,24.6,40.1,0,left-foot,low-left,0,53.4,8.3,No information,No information,52,No information,3091,40.1,24.6,46.6,0,46.6,91.7,39,2309,shot
milos-kerkez,https://www.sofascore.com/lithuania-hungary/jUbsBVb#id:10752550,hungary,save,No information,set-piece,5.8,51.3,0,right-foot,low-left,0,51.9,12.7,No information,No information,43,No information,2556,51.3,5.8,48.1,0,48.1,87.3,3,144,shot
pijus-sirvys,https://www.sofascore.com/lithuania-hungary/jUbsBVb#id:10752550,lithuania,goal,regular,corner,3.2,43.5,0,head,low-centre,0,49.7,18.4,No information,No information,36,No information,2113,43.5,3.2,50.3,0,50.3,81.6,10,587,shot
roland-sallai,https://www.sofascore.com/lithuania-hungary/jUbsBVb#id:10752550,hungary,miss,No information,corner,8.5,47.4,0,right-foot,close-right,0,41.3,9.7,No information,No information,32,No information,1900,47.4,8.5,58.7,0,58.7,90.3,14,800,shot
attila-szalai,https://www.sofascore.com/lithuania-hungary/jUbsBVb#id:10752550,hungary,miss,No information,corner,12.3,43.8,0,head,high,0,47.2,63.9,No information,No information,31,No information,1827,43.8,12.3,52.8,0,52.8,36.1,15,873,shot
roland-sallai,https://www.sofascore.com/lithuania-hungary/jUbsBVb#id:10752550,hungary,block,No information,corner,3.6,60,0,head,high-right,0,46.1,20.8,No information,No information,30,No information,1767,60,3.6,53.9,0,53.9,79.2,16,933,shot
dominik-szoboszlai,https://www.sofascore.com/lithuania-hungary/jUbsBVb#id:10752550,hungary,save,No information,free-kick,28,53,0,right-foot,low-right,0,46.1,6.3,No information,No information,29,No information,1739,53,28,53.9,0,53.9,93.7,17,961,shot
justas-lasickas,https://www.sofascore.com/lithuania-hungary/jUbsBVb#id:10752550,lithuania,save,No information,assisted,22.1,74.9,0,right-foot,low-left,0,52,16.5,No information,No information,25,No information,1487,74.9,22.1,48,0,48,83.5,21,1213,shot
fedor-cernych,https://www.sofascore.com/lithuania-hungary/jUbsBVb#id:10752550,lithuania,goal,regular,assisted,13.6,33.6,0,right-foot,low-right,0,46,8.9,No information,No information,20,No information,1188,33.6,13.6,54,0,54,91.1,26,1512,shot
gineitis-gvidas,https://www.sofascore.com/lithuania-hungary/jUbsBVb#id:10752550,lithuania,miss,No information,assisted,14.5,55.1,0,left-foot,close-high,0,51.1,51.4,No information,No information,10,No information,564,55.1,14.5,48.9,0,48.9,48.6,36,2136,shot

luka-jovic,https://www.sofascore.com/serbia-hungary/jUbsfCc#id:8600824,serbia,save,No information,set-piece,14.5,44.7,0,right-foot,low-right,0,45.5,2.5,No information,No information,90,3,5546,44.7,14.5,54.5,0,54.5,97.5,1,754,shot
mijat-gacinovic,https://www.sofascore.com/serbia-hungary/jUbsfCc#id:8600824,serbia,block,No information,assisted,12.8,60,0,right-foot,low-centre,0,48.5,19,No information,No information,89,No information,5325,60,12.8,51.5,0,51.5,81,2,75,shot
sergej-milinkovic-savic,https://www.sofascore.com/serbia-hungary/jUbsfCc#id:8600824,serbia,block,No information,assisted,22.3,38.5,0,right-foot,low-right,0,47.7,19,No information,No information,89,No information,5317,38.5,22.3,52.3,0,52.3,81,2,83,shot
luka-jovic,https://www.sofascore.com/serbia-hungary/jUbsfCc#id:8600824,serbia,save,No information,assisted,7.1,44.1,0,left-foot,low-centre,0,49.3,5.7,No information,No information,87,No information,5194,44.1,7.1,50.7,0,50.7,94.3,4,206,shot
luka-jovic,https://www.sofascore.com/serbia-hungary/jUbsfCc#id:8600824,serbia,miss,No information,assisted,12.7,60.8,0,right-foot,close-left,0,58.2,1.4,No information,No information,81,No information,4826,60.8,12.7,41.8,0,41.8,98.6,10,574,shot
norbert-konyves,https://www.sofascore.com/serbia-hungary/jUbsfCc#id:8600824,hungary,save,No information,assisted,11.8,24.8,0,right-foot,low-centre,0,49.9,5.1,No information,No information,81,No information,4811,24.8,11.8,50.1,0,50.1,94.9,10,589,shot
nemanja-gudelj,https://www.sofascore.com/serbia-hungary/jUbsfCc#id:8600824,serbia,block,No information,assisted,28.5,56.1,0,right-foot,low-centre,0,50.6,19,No information,No information,77,No information,4614,56.1,28.5,49.4,0,49.4,81,14,786,shot
dusan-tadic,https://www.sofascore.com/serbia-hungary/jUbsfCc#id:8600824,serbia,block,No information,assisted,20.4,69.9,0,left-foot,low-centre,0,50,19,No information,No information,76,No information,4544,69.9,20.4,50,0,50,81,15,856,shot
barnabas-bese,https://www.sofascore.com/serbia-hungary/jUbsfCc#id:8600824,hungary,miss,No information,corner,10.4,39.4,0,head,right,0,37.3,2.8,No information,No information,76,No information,4505,39.4,10.4,62.7,0,62.7,97.2,15,895,shot
marko-grujic,https://www.sofascore.com/serbia-hungary/jUbsfCc#id:8600824,serbia,save,No information,set-piece,8.4,53.8,0,head,high-centre,0,50.6,25.3,No information,No information,72,No information,4311,53.8,8.4,49.4,0,49.4,74.7,19,1089,shot
nemanja-radonjic,https://www.sofascore.com/serbia-hungary/jUbsfCc#id:8600824,serbia,miss,No information,regular,24.8,39.1,0,right-foot,high-right,0,41,73.6,No information,No information,71,No information,4217,39.1,24.8,59,0,59,26.4,20,1183,shot
nemanja-radonjic,https://www.sofascore.com/serbia-hungary/jUbsfCc#id:8600824,serbia,block,No information,assisted,13,53,0,head,low-left,0,52.4,19,No information,No information,53,No information,3138,53,13,47.6,0,47.6,81,38,2262,shot
david-siger,https://www.sofascore.com/serbia-hungary/jUbsfCc#id:8600824,hungary,miss,No information,assisted,23.6,70.3,0,right-foot,left,0,64.5,2.8,No information,No information,49,No information,2897,70.3,23.6,35.5,0,35.5,97.2,42,2503,shot
nemanja-radonjic,https://www.sofascore.com/serbia-hungary/jUbsfCc#id:8600824,serbia,miss,No information,assisted,16.9,51.3,0,right-foot,right,0,40.7,1.4,No information,No information,45,No information,2662,51.3,16.9,59.3,0,59.3,98.6,1,38,shot
zsolt-kalmar,https://www.sofascore.com/serbia-hungary/jUbsfCc#id:8600824,hungary,goal,regular,assisted,12.7,50.7,0,right-foot,low-right,0,47.1,1.9,No information,No information,39,No information,2331,50.7,12.7,52.9,0,52.9,98.1,7,369,shot
dominik-szoboszlai,https://www.sofascore.com/serbia-hungary/jUbsfCc#id:8600824,hungary,save,No information,assisted,9.4,44.2,0,head,high-centre,0,50.3,22.2,No information,No information,36,No information,2129,44.2,9.4,49.7,0,49.7,77.8,10,571,shot
sasa-lukic,https://www.sofascore.com/serbia-hungary/jUbsfCc#id:8600824,serbia,miss,No information,assisted,22.9,69.3,0,right-foot,right,0,39.7,27.8,No information,No information,35,No information,2048,69.3,22.9,60.3,0,60.3,72.2,11,652,shot
dominik-szoboszlai,https://www.sofascore.com/serbia-hungary/jUbsfCc#id:8600824,hungary,miss,No information,assisted,23.5,40.8,0,right-foot,right,0,40.7,13.9,No information,No information,33,No information,1952,40.8,23.5,59.3,0,59.3,86.1,13,748,shot
dominik-szoboszlai,https://www.sofascore.com/serbia-hungary/jUbsfCc#id:8600824,hungary,miss,No information,corner,23.6,23,0,right-foot,high-right,0,42.9,87.5,No information,No information,32,No information,1896,23,23.6,57.1,0,57.1,12.5,14,804,shot
dominik-szoboszlai,https://www.sofascore.com/serbia-hungary/jUbsfCc#id:8600824,hungary,block,No information,free-kick,24.4,36.1,0,right-foot,low-right,0,48,19,No information,No information,31,No information,1854,36.1,24.4,52,0,52,81,15,846,shot
zsolt-kalmar,https://www.sofascore.com/serbia-hungary/jUbsfCc#id:8600824,hungary,block,No information,assisted,27.3,29.1,0,right-foot,low-centre,0,48.9,19,No information,No information,30,No information,1793,29.1,27.3,51.1,0,51.1,81,16,907,shot
dominik-szoboszlai,https://www.sofascore.com/serbia-hungary/jUbsfCc#id:8600824,hungary,save,No information,free-kick,28.5,20.3,0,right-foot,low-left,0,53.9,10.8,No information,No information,23,No information,1326,20.3,28.5,46.1,0,46.1,89.2,23,1374,shot
zsolt-kalmar,https://www.sofascore.com/serbia-hungary/jUbsfCc#id:8600824,hungary,miss,No information,assisted,22.9,32.4,0,right-foot,left,0,61.8,4.2,No information,No information,19,No information,1097,32.4,22.9,38.2,0,38.2,95.8,27,1603,shot
nemanja-radonjic,https://www.sofascore.com/serbia-hungary/jUbsfCc#id:8600824,serbia,goal,regular,assisted,13,51.3,0,right-foot,low-left,0,53,1.9,No information,No information,17,No information,994,51.3,13,47,0,47,98.1,29,1706,shot
david-siger,https://www.sofascore.com/serbia-hungary/jUbsfCc#id:8600824,hungary,miss,No information,assisted,30.2,43.9,0,right-foot,high-right,0,38,66.7,No information,No information,14,No information,823,43.9,30.2,62,0,62,33.3,32,1877,shot
nemanja-nikolics,https://www.sofascore.com/serbia-hungary/jUbsfCc#id:8600824,hungary,miss,No information,corner,10.7,67.8,0,right-foot,high,0,49.2,93.1,No information,No information,14,No information,790,67.8,10.7,50.8,0,50.8,6.9,32,1910,shot
barnabas-bese,https://www.sofascore.com/serbia-hungary/jUbsfCc#id:8600824,hungary,block,No information,assisted,6.5,35.3,0,left-foot,low-left,0,53.6,19,No information,No information,14,No information,784,35.3,6.5,46.4,0,46.4,81,32,1916,shot
dominik-szoboszlai,https://www.sofascore.com/serbia-hungary/jUbsfCc#id:8600824,hungary,block,No information,fast-break,20.9,40,0,right-foot,low-right,0,47.4,19,No information,No information,13,No information,748,40,20.9,52.6,0,52.6,81,33,1952,shot
david-siger,https://www.sofascore.com/serbia-hungary/jUbsfCc#id:8600824,hungary,miss,No information,corner,19.2,50.7,0,right-foot,high-left,0,57.8,94.4,No information,No information,11,No information,624,50.7,19.2,42.2,0,42.2,5.6,35,2076,shot

gylfi-sigurdsson,https://www.sofascore.com/hungary-iceland/iUbsjUb#id:9102658,iceland,block,No information,assisted,13,56.9,0,right-foot,low-centre,0,50.5,19,No information,No information,90,4,5636,56.9,13,49.5,0,49.5,81,1,664,shot
dominik-szoboszlai,https://www.sofascore.com/hungary-iceland/iUbsjUb#id:9102658,hungary,goal,regular,fast-break,22.9,38.2,0,right-foot,low-right,0,46,4.4,No information,No information,90,2,5463,38.2,22.9,54,0,54,95.6,1,837,shot
jon-dadi-bodvarsson,https://www.sofascore.com/hungary-iceland/iUbsjUb#id:9102658,iceland,block,No information,regular,14.4,60.1,0,right-foot,low-centre,0,51.7,19,No information,No information,90,1,5448,60.1,14.4,48.3,0,48.3,81,1,852,shot
loic-nego,https://www.sofascore.com/hungary-iceland/iUbsjUb#id:9102658,hungary,goal,regular,regular,7.3,54.2,0,right-foot,low-left,0,52.4,4.4,No information,No information,88,No information,5247,54.2,7.3,47.6,0,47.6,95.6,3,153,shot
albert-gudmundsson,https://www.sofascore.com/hungary-iceland/iUbsjUb#id:9102658,iceland,miss,No information,assisted,4.4,47,0,left-foot,high-left,0,67.1,55.6,No information,No information,87,No information,5174,47,4.4,32.9,0,32.9,44.4,4,226,shot
roland-sallai,https://www.sofascore.com/hungary-iceland/iUbsjUb#id:9102658,hungary,block,No information,corner,11.2,42.7,0,head,low-right,0,47.1,19,No information,No information,86,No information,5102,42.7,11.2,52.9,0,52.9,81,5,298,shot
jon-dadi-bodvarsson,https://www.sofascore.com/hungary-iceland/iUbsjUb#id:9102658,iceland,miss,No information,assisted,6.7,74.2,0,right-foot,close-right,0,43.2,26.4,No information,No information,84,No information,5014,74.2,6.7,56.8,0,56.8,73.6,7,386,shot
attila-szalai,https://www.sofascore.com/hungary-iceland/iUbsjUb#id:9102658,hungary,block,No information,corner,9.1,51.5,0,head,low-right,0,46.6,19,No information,No information,83,No information,4948,51.5,9.1,53.4,0,53.4,81,8,452,shot
roland-sallai,https://www.sofascore.com/hungary-iceland/iUbsjUb#id:9102658,hungary,block,No information,assisted,20,29.2,0,right-foot,low-centre,0,50.9,19,No information,No information,82,No information,4885,29.2,20,49.1,0,49.1,81,9,515,shot
alfred-finnbogason,https://www.sofascore.com/hungary-iceland/iUbsjUb#id:9102658,iceland,miss,No information,fast-break,49.3,54.4,0,right-foot,left,0,62.4,9.7,No information,No information,67,No information,4018,54.4,49.3,37.6,0,37.6,90.3,24,1382,shot
endre-botka,https://www.sofascore.com/hungary-iceland/iUbsjUb#id:9102658,hungary,block,No information,assisted,29.5,60.5,0,right-foot,low-left,0,53.5,19,No information,No information,67,No information,3985,60.5,29.5,46.5,0,46.5,81,24,1415,shot
alfred-finnbogason,https://www.sofascore.com/hungary-iceland/iUbsjUb#id:9102658,iceland,block,No information,assisted,29.2,49.7,0,right-foot,low-left,0,51.9,19,No information,No information,52,No information,3111,49.7,29.2,48.1,0,48.1,81,39,2289,shot
attila-szalai,https://www.sofascore.com/hungary-iceland/iUbsjUb#id:9102658,hungary,block,No information,assisted,14.8,33.6,0,left-foot,low-right,0,47.9,19,No information,No information,52,No information,3070,33.6,14.8,52.1,0,52.1,81,39,2330,shot
alfred-finnbogason,https://www.sofascore.com/hungary-iceland/iUbsjUb#id:9102658,iceland,block,No information,assisted,24.6,39.2,0,right-foot,low-centre,0,50.7,19,No information,No information,49,No information,2907,39.2,24.6,49.3,0,49.3,81,42,2493,shot
gylfi-sigurdsson,https://www.sofascore.com/hungary-iceland/iUbsjUb#id:9102658,iceland,save,No information,assisted,23.6,57.3,0,left-foot,low-left,0,53.1,18.4,No information,No information,45,1,2740,57.3,23.6,46.9,0,46.9,81.6,1,2660,shot
dominik-szoboszlai,https://www.sofascore.com/hungary-iceland/iUbsjUb#id:9102658,hungary,save,No information,free-kick,28.8,52.2,0,right-foot,low-left,0,53.9,12.7,No information,No information,45,No information,2691,52.2,28.8,46.1,0,46.1,87.3,1,9,shot
roland-sallai,https://www.sofascore.com/hungary-iceland/iUbsjUb#id:9102658,hungary,block,No information,assisted,22.2,39.2,0,left-foot,low-left,0,54.3,19,No information,No information,44,No information,2610,39.2,22.2,45.7,0,45.7,81,2,90,shot
johann-gudmundsson,https://www.sofascore.com/hungary-iceland/iUbsjUb#id:9102658,iceland,save,No information,assisted,12.4,66.4,0,left-foot,low-centre,0,49.8,4.4,No information,No information,42,No information,2505,66.4,12.4,50.2,0,50.2,95.6,4,195,shot
dominik-szoboszlai,https://www.sofascore.com/hungary-iceland/iUbsjUb#id:9102658,hungary,miss,No information,free-kick,22.3,35.7,0,right-foot,close-high,0,54.1,50,No information,No information,42,No information,2463,35.7,22.3,45.9,0,45.9,50,4,237,shot
filip-holender,https://www.sofascore.com/hungary-iceland/iUbsjUb#id:9102658,hungary,save,No information,assisted,9.7,27.7,0,left-foot,low-right,0,46.2,17.1,No information,No information,35,No information,2056,27.7,9.7,53.8,0,53.8,82.9,11,644,shot
roland-sallai,https://www.sofascore.com/hungary-iceland/iUbsjUb#id:9102658,hungary,save,No information,assisted,24.6,43.4,0,left-foot,low-right,0,47.7,1.3,No information,No information,33,No information,1957,43.4,24.6,52.3,0,52.3,98.7,13,743,shot
endre-botka,https://www.sofascore.com/hungary-iceland/iUbsjUb#id:9102658,hungary,miss,No information,set-piece,12.3,49.1,0,head,close-high,0,47.2,56.9,No information,No information,26,No information,1557,49.1,12.3,52.8,0,52.8,43.1,20,1143,shot
alfred-finnbogason,https://www.sofascore.com/hungary-iceland/iUbsjUb#id:9102658,iceland,save,No information,assisted,10.8,48.1,0,head,low-left,0,52.6,15.2,No information,No information,24,No information,1426,48.1,10.8,47.4,0,47.4,84.8,22,1274,shot
birkir-bjarnason,https://www.sofascore.com/hungary-iceland/iUbsjUb#id:9102658,iceland,save,No information,assisted,11.2,40,0,head,high-centre,0,50,28.5,No information,No information,23,No information,1321,40,11.2,50,0,50,71.5,23,1379,shot
willi-orban,https://www.sofascore.com/hungary-iceland/iUbsjUb#id:9102658,hungary,save,No information,corner,8.2,53.9,0,head,low-centre,0,48.6,1.3,No information,No information,22,No information,1289,53.9,8.2,51.4,0,51.4,98.7,24,1411,shot
roland-sallai,https://www.sofascore.com/hungary-iceland/iUbsjUb#id:9102658,hungary,block,No information,set-piece,10.8,44.9,0,head,low-centre,0,49.1,19,No information,No information,21,No information,1253,44.9,10.8,50.9,0,50.9,81,25,1447,shot
filip-holender,https://www.sofascore.com/hungary-iceland/iUbsjUb#id:9102658,hungary,save,No information,assisted,22.1,24.9,0,right-foot,low-centre,0,51.8,5.7,No information,No information,17,No information,991,24.9,22.1,48.2,0,48.2,94.3,29,1709,shot
gylfi-sigurdsson,https://www.sofascore.com/hungary-iceland/iUbsjUb#id:9102658,iceland,goal,regular,free-kick,20,66.7,0,right-foot,high-centre,0,49.7,25.9,No information,No information,11,No information,625,66.7,20,50.3,0,50.3,74.1,35,2075,shot
kari-arnason,https://www.sofascore.com/hungary-iceland/iUbsjUb#id:9102658,iceland,block,No information,throw-in-set-piece,17.9,59.8,0,right-foot,low-centre,0,48.2,19,No information,No information,7,No information,367,59.8,17.9,51.8,0,51.8,81,39,2333,shot
victor-palsson,https://www.sofascore.com/hungary-iceland/iUbsjUb#id:9102658,iceland,save,No information,corner,7.5,48.5,0,head,low-centre,0,49,3.8,No information,No information,4,No information,234,48.5,7.5,51,0,51,96.2,42,2466,shot
kari-arnason,https://www.sofascore.com/hungary-iceland/iUbsjUb#id:9102658,iceland,block,No information,throw-in-set-piece,12.1,38.4,0,head,low-left,0,52.6,19,No information,No information,3,No information,178,38.4,12.1,47.4,0,47.4,81,43,2522,shot

armando-broja,https://www.sofascore.com/hungary-albania/PTbsjUb#id:9223787,albania,goal,regular,fast-break,14.2,67.8,0,right-foot,low-right,0,45.8,10.1,No information,No information,87,No information,5191,67.8,14.2,54.2,0,54.2,89.9,4,209,shot
dominik-szoboszlai,https://www.sofascore.com/hungary-albania/PTbsjUb#id:9223787,hungary,miss,No information,assisted,8.5,33.7,0,left-foot,right,0,37.8,9.7,No information,No information,86,No information,5134,33.7,8.5,62.2,0,62.2,90.3,5,266,shot
qazim-laci,https://www.sofascore.com/hungary-albania/PTbsjUb#id:9223787,albania,miss,No information,assisted,23,43.3,0,left-foot,high-left,0,57.3,73.6,No information,No information,85,No information,5054,43.3,23,42.7,0,42.7,26.4,6,346,shot
myrto-uzuni,https://www.sofascore.com/hungary-albania/PTbsjUb#id:9223787,albania,block,No information,free-kick,25.2,53.4,0,right-foot,low-centre,0,48.7,19,No information,No information,81,No information,4818,53.4,25.2,51.3,0,51.3,81,10,582,shot
qazim-laci,https://www.sofascore.com/hungary-albania/PTbsjUb#id:9223787,albania,block,No information,regular,21.9,69,0,right-foot,low-left,0,52.6,19,No information,No information,76,No information,4500,69,21.9,47.4,0,47.4,81,15,900,shot
endri-cekici,https://www.sofascore.com/hungary-albania/PTbsjUb#id:9223787,albania,block,No information,free-kick,22.7,58.5,0,right-foot,low-centre,0,51.4,19,No information,No information,74,No information,4437,58.5,22.7,48.6,0,48.6,81,17,963,shot
bekim-balaj,https://www.sofascore.com/hungary-albania/PTbsjUb#id:9223787,albania,miss,No information,corner,11.7,53.6,0,head,left,0,62.5,19,No information,No information,72,No information,4304,53.6,11.7,37.5,0,37.5,81,19,1096,shot
endri-cekici,https://www.sofascore.com/hungary-albania/PTbsjUb#id:9223787,albania,save,No information,assisted,5.4,64.9,0,right-foot,low-right,0,47.9,7,No information,No information,72,No information,4275,64.9,5.4,52.1,0,52.1,93,19,1125,shot
laszlo-kleinheisler,https://www.sofascore.com/hungary-albania/PTbsjUb#id:9223787,hungary,miss,No information,assisted,21.6,28.9,0,left-foot,high-left,0,62.5,84.7,No information,No information,69,No information,4085,28.9,21.6,37.5,0,37.5,15.3,22,1315,shot
odise-roshi,https://www.sofascore.com/hungary-albania/PTbsjUb#id:9223787,albania,miss,No information,corner,12.1,41.2,0,right-foot,high-right,0,41,80.6,No information,No information,53,No information,3154,41.2,12.1,59,0,59,19.4,38,2246,shot
bekim-balaj,https://www.sofascore.com/hungary-albania/PTbsjUb#id:9223787,albania,miss,No information,assisted,8.8,34.9,0,left-foot,close-left,0,56.8,1.4,No information,No information,51,No information,3015,34.9,8.8,43.2,0,43.2,98.6,40,2385,shot
willi-orban,https://www.sofascore.com/hungary-albania/PTbsjUb#id:9223787,hungary,miss,No information,regular,28.6,71.7,0,right-foot,high-left,0,60.2,69.4,No information,No information,48,No information,2862,71.7,28.6,39.8,0,39.8,30.6,43,2538,shot
dominik-szoboszlai,https://www.sofascore.com/hungary-albania/PTbsjUb#id:9223787,hungary,save,No information,set-piece,28.3,74.8,0,right-foot,low-centre,0,51.4,3.8,No information,No information,45,No information,2676,74.8,28.3,48.6,0,48.6,96.2,1,24,shot
albi-doka,https://www.sofascore.com/hungary-albania/PTbsjUb#id:9223787,albania,save,No information,assisted,9.6,60.9,0,head,high-centre,0,48.7,20.3,No information,No information,42,No information,2482,60.9,9.6,51.3,0,51.3,79.7,4,218,shot
marash-kumbulla,https://www.sofascore.com/hungary-albania/PTbsjUb#id:9223787,albania,miss,No information,corner,2.3,53.7,0,right-foot,close-high,0,46.7,54.2,No information,No information,33,No information,1957,53.7,2.3,53.3,0,53.3,45.8,13,743,shot
berat-djimsiti,https://www.sofascore.com/hungary-albania/PTbsjUb#id:9223787,albania,miss,No information,corner,7,39.2,0,head,right,0,38.7,9.7,No information,No information,33,No information,1956,39.2,7,61.3,0,61.3,90.3,13,744,shot
nedim-bajrami,https://www.sofascore.com/hungary-albania/PTbsjUb#id:9223787,albania,miss,No information,assisted,25.9,56.5,0,right-foot,close-high-right,0,43.2,45.8,No information,No information,29,No information,1724,56.5,25.9,56.8,0,56.8,54.2,17,976,shot
willi-orban,https://www.sofascore.com/hungary-albania/PTbsjUb#id:9223787,hungary,miss,No information,corner,12.1,53.4,0,right-foot,close-right,0,42.5,18.1,No information,No information,20,No information,1177,53.4,12.1,57.5,0,57.5,81.9,26,1523,shot
adam-lang,https://www.sofascore.com/hungary-albania/PTbsjUb#id:9223787,hungary,block,No information,corner,11.4,56,0,head,low-centre,0,51.3,19,No information,No information,20,No information,1176,56,11.4,48.7,0,48.7,81,26,1524,shot
laszlo-kleinheisler,https://www.sofascore.com/hungary-albania/PTbsjUb#id:9223787,hungary,save,No information,assisted,8.4,60.1,0,right-foot,low-centre,0,48.7,7,No information,No information,18,No information,1078,60.1,8.4,51.3,0,51.3,93,28,1622,shot
myrto-uzuni,https://www.sofascore.com/hungary-albania/PTbsjUb#id:9223787,albania,miss,No information,assisted,14.8,30.6,0,right-foot,high-right,0,43.2,61.1,No information,No information,15,No information,871,30.6,14.8,56.8,0,56.8,38.9,31,1829,shot
ardian-ismajli,https://www.sofascore.com/hungary-albania/PTbsjUb#id:9223787,albania,miss,No information,corner,6.6,46.4,0,head,high,0,52.3,84.7,No information,No information,13,No information,740,46.4,6.6,47.7,0,47.7,15.3,33,1960,shot

andras-schafer,https://www.sofascore.com/hungary-italy/hUbsjUb#id:10023328,hungary,block,No information,regular,23.6,58.6,0,left-foot,low-centre,0,51.5,19,No information,No information,90,4,5580,58.6,23.6,48.5,0,48.5,81,1,720,shot
gianluca-scamacca,https://www.sofascore.com/hungary-italy/hUbsjUb#id:10023328,italy,miss,No information,regular,3.8,65.4,0,right-foot,close-right,0,43.9,26.4,No information,No information,89,No information,5318,65.4,3.8,56.1,0,56.1,73.6,2,82,shot
federico-dimarco,https://www.sofascore.com/hungary-italy/hUbsjUb#id:10023328,italy,save,No information,assisted,12.2,31.3,0,left-foot,low-right,0,47.6,2.5,No information,No information,89,No information,5316,31.3,12.2,52.4,0,52.4,97.5,2,84,shot
willi-orban,https://www.sofascore.com/hungary-italy/hUbsjUb#id:10023328,hungary,miss,No information,assisted,16.9,70.1,0,right-foot,high,0,45.4,70.8,No information,No information,68,No information,4050,70.1,16.9,54.6,0,54.6,29.2,23,1350,shot
styles-callum,https://www.sofascore.com/hungary-italy/hUbsjUb#id:10023328,hungary,block,No information,assisted,22.7,70.9,0,left-foot,low-left,0,52.3,19,No information,No information,65,No information,3872,70.9,22.7,47.7,0,47.7,81,26,1528,shot
styles-callum,https://www.sofascore.com/hungary-italy/hUbsjUb#id:10023328,hungary,save,No information,assisted,19.9,33,0,left-foot,low-centre,0,50.7,17.1,No information,No information,63,No information,3737,33,19.9,49.3,0,49.3,82.9,28,1663,shot
federico-dimarco,https://www.sofascore.com/hungary-italy/hUbsjUb#id:10023328,italy,miss,No information,regular,16.4,33.9,0,left-foot,high,0,53.9,65.3,No information,No information,58,No information,3423,33.9,16.4,46.1,0,46.1,34.7,33,1977,shot
wilfried-gnonto,https://www.sofascore.com/hungary-italy/hUbsjUb#id:10023328,italy,miss,No information,assisted,19.4,42.4,0,left-foot,left,0,59.5,8.3,No information,No information,56,No information,3316,42.4,19.4,40.5,0,40.5,91.7,35,2084,shot
styles-callum,https://www.sofascore.com/hungary-italy/hUbsjUb#id:10023328,hungary,save,No information,fast-break,3.7,43.2,0,head,low-centre,0,51.3,4.4,No information,No information,55,No information,3291,43.2,3.7,48.7,0,48.7,95.6,36,2109,shot
federico-dimarco,https://www.sofascore.com/hungary-italy/hUbsjUb#id:10023328,italy,goal,regular,assisted,4.9,40.9,0,left-foot,high-centre,0,51.6,22.2,No information,No information,52,No information,3070,40.9,4.9,48.4,0,48.4,77.8,39,2330,shot
adam-szalai,https://www.sofascore.com/hungary-italy/hUbsjUb#id:10023328,hungary,save,No information,regular,3.4,58.5,0,right-foot,low-right,0,46.1,10.8,No information,No information,50,No information,2950,58.5,3.4,53.9,0,53.9,89.2,41,2450,shot
styles-callum,https://www.sofascore.com/hungary-italy/hUbsjUb#id:10023328,hungary,save,No information,regular,21.4,46.3,0,left-foot,low-right,0,47.2,18.4,No information,No information,50,No information,2948,46.3,21.4,52.8,0,52.8,81.6,41,2452,shot
dominik-szoboszlai,https://www.sofascore.com/hungary-italy/hUbsjUb#id:10023328,hungary,block,No information,assisted,7.9,42.5,0,right-foot,low-centre,0,51.1,19,No information,No information,50,No information,2946,42.5,7.9,48.9,0,48.9,81,41,2454,shot
loic-nego,https://www.sofascore.com/hungary-italy/hUbsjUb#id:10023328,hungary,save,No information,assisted,13.2,71.2,0,right-foot,low-left,0,52.9,19,No information,No information,50,No information,2944,71.2,13.2,47.1,0,47.1,81,41,2456,shot
giovanni-di-lorenzo,https://www.sofascore.com/hungary-italy/hUbsjUb#id:10023328,italy,miss,No information,assisted,5.3,58.9,0,head,high-right,0,42.4,65.3,No information,No information,46,No information,2731,58.9,5.3,57.6,0,57.6,34.7,45,2669,shot
dominik-szoboszlai,https://www.sofascore.com/hungary-italy/hUbsjUb#id:10023328,hungary,save,No information,assisted,23.1,48,0,right-foot,low-centre,0,48.5,3.2,No information,No information,45,No information,2656,48,23.1,51.5,0,51.5,96.8,1,44,shot
attila-szalai,https://www.sofascore.com/hungary-italy/hUbsjUb#id:10023328,hungary,miss,No information,set-piece,4.2,48.6,0,left-foot,left,0,60.7,8.3,No information,No information,41,No information,2412,48.6,4.2,39.3,0,39.3,91.7,5,288,shot
federico-dimarco,https://www.sofascore.com/hungary-italy/hUbsjUb#id:10023328,italy,miss,No information,regular,10.7,27.5,0,left-foot,high-left,0,64.4,68.1,No information,No information,38,No information,2228,27.5,10.7,35.6,0,35.6,31.9,8,472,shot
giacomo-raspadori,https://www.sofascore.com/hungary-italy/hUbsjUb#id:10023328,italy,block,No information,assisted,15.5,52.8,0,right-foot,low-centre,0,50.7,19,No information,No information,36,No information,2122,52.8,15.5,49.3,0,49.3,81,10,578,shot
giovanni-di-lorenzo,https://www.sofascore.com/hungary-italy/hUbsjUb#id:10023328,italy,miss,No information,assisted,15.3,68,0,left-foot,close-left,0,57.1,6.9,No information,No information,31,No information,1819,68,15.3,42.9,0,42.9,93.1,15,881,shot
giacomo-raspadori,https://www.sofascore.com/hungary-italy/hUbsjUb#id:10023328,italy,goal,regular,regular,7.1,49.5,0,left-foot,low-left,0,52.1,1.3,No information,No information,27,No information,1580,49.5,7.1,47.9,0,47.9,98.7,19,1120,shot
giovanni-di-lorenzo,https://www.sofascore.com/hungary-italy/hUbsjUb#id:10023328,italy,miss,No information,set-piece,13.2,59.3,0,head,close-right,0,42,11.1,No information,No information,12,No information,694,59.3,13.2,58,0,58,88.9,34,2006,shot
dominik-szoboszlai,https://www.sofascore.com/hungary-italy/hUbsjUb#id:10023328,hungary,block,No information,set-piece,18.6,42.6,0,right-foot,low-centre,0,50.6,19,No information,No information,2,No information,92,42.6,18.6,49.4,0,49.4,81,44,2608,shot
dominik-szoboszlai,https://www.sofascore.com/hungary-italy/hUbsjUb#id:10023328,hungary,block,No information,free-kick,22.2,44.2,0,right-foot,low-centre,0,50.8,19,No information,No information,2,No information,90,44.2,22.2,49.2,0,49.2,81,44,2610,shot

marc-pujol,https://www.sofascore.com/andorra-hungary/jUbstWb#id:9223793,andorra,goal,penalty,penalty,11.5,50,0,right-foot,low-centre,0,50.6,16.5,No information,No information,90,3,5548,50,11.5,49.4,0,49.4,83.5,1,752,shot
loic-nego,https://www.sofascore.com/andorra-hungary/jUbstWb#id:9223793,hungary,goal,regular,set-piece,3.6,48.9,0,right-foot,low-left,0,51.9,1.3,No information,No information,90,No information,5371,48.9,3.6,48.1,0,48.1,98.7,1,29,shot
roland-varga,https://www.sofascore.com/andorra-hungary/jUbstWb#id:9223793,hungary,post,No information,free-kick,23.5,48.5,0,right-foot,right,0,44.6,25.3,No information,No information,90,No information,5367,48.5,23.5,55.4,0,55.4,74.7,1,33,shot
david-siger,https://www.sofascore.com/andorra-hungary/jUbstWb#id:9223793,hungary,miss,No information,regular,22.2,50.5,0,right-foot,high-left,0,56,65.3,No information,No information,85,No information,5057,50.5,22.2,44,0,44,34.7,6,343,shot
daniel-gazdag,https://www.sofascore.com/andorra-hungary/jUbstWb#id:9223793,hungary,block,No information,assisted,19.4,46.4,0,right-foot,low-right,0,45.5,19,No information,No information,85,No information,5054,46.4,19.4,54.5,0,54.5,81,6,346,shot
adam-szalai,https://www.sofascore.com/andorra-hungary/jUbstWb#id:9223793,hungary,miss,No information,assisted,22.1,41.8,0,right-foot,right,0,39.2,15.3,No information,No information,84,No information,4981,41.8,22.1,60.8,0,60.8,84.7,7,419,shot
laszlo-kleinheisler,https://www.sofascore.com/andorra-hungary/jUbstWb#id:9223793,hungary,miss,No information,assisted,18.5,51.2,0,left-foot,close-left,0,57.1,27.8,No information,No information,76,No information,4536,51.2,18.5,42.9,0,42.9,72.2,15,864,shot
laszlo-kleinheisler,https://www.sofascore.com/andorra-hungary/jUbstWb#id:9223793,hungary,block,No information,assisted,22.1,72.8,0,right-foot,low-right,0,46.7,19,No information,No information,72,No information,4267,72.8,22.1,53.3,0,53.3,81,19,1133,shot
roland-varga,https://www.sofascore.com/andorra-hungary/jUbstWb#id:9223793,hungary,save,No information,free-kick,20.8,65.7,0,right-foot,low-centre,0,51.4,17.7,No information,No information,68,No information,4058,65.7,20.8,48.6,0,48.6,82.3,23,1342,shot
laszlo-kleinheisler,https://www.sofascore.com/andorra-hungary/jUbstWb#id:9223793,hungary,goal,regular,assisted,5,57.1,0,right-foot,low-left,0,51.9,5.7,No information,No information,58,No information,3445,57.1,5,48.1,0,48.1,94.3,33,1955,shot
daniel-gazdag,https://www.sofascore.com/andorra-hungary/jUbstWb#id:9223793,hungary,goal,regular,assisted,1.8,46.6,0,head,low-left,0,53.6,2.5,No information,No information,51,No information,3025,46.6,1.8,46.4,0,46.4,97.5,40,2375,shot
daniel-gazdag,https://www.sofascore.com/andorra-hungary/jUbstWb#id:9223793,hungary,miss,No information,assisted,10,43,0,head,left,0,59.5,29.2,No information,No information,49,No information,2930,43,10,40.5,0,40.5,70.8,42,2470,shot
attila-fiola,https://www.sofascore.com/andorra-hungary/jUbstWb#id:9223793,hungary,goal,regular,corner,3.2,55.1,0,head,high-centre,0,51.8,20.9,No information,No information,45,2,2771,55.1,3.2,48.2,0,48.2,79.1,1,2629,shot
adam-szalai,https://www.sofascore.com/andorra-hungary/jUbstWb#id:9223793,hungary,block,No information,regular,10,41.2,0,right-foot,low-centre,0,50.1,19,No information,No information,45,1,2707,41.2,10,49.9,0,49.9,81,1,2693,shot
alexandre-martinez,https://www.sofascore.com/andorra-hungary/jUbstWb#id:9223793,andorra,save,No information,assisted,24.1,34.5,0,right-foot,low-centre,0,50.1,17.7,No information,No information,38,No information,2241,34.5,24.1,49.9,0,49.9,82.3,8,459,shot
marc-vales,https://www.sofascore.com/andorra-hungary/jUbstWb#id:9223793,andorra,block,No information,assisted,15.4,44.3,0,right-foot,low-centre,0,48.8,19,No information,No information,30,No information,1789,44.3,15.4,51.2,0,51.2,81,16,911,shot
laszlo-kleinheisler,https://www.sofascore.com/andorra-hungary/jUbstWb#id:9223793,hungary,miss,No information,assisted,20.3,51.5,0,left-foot,right,0,37.8,4.2,No information,No information,24,No information,1429,51.5,20.3,62.2,0,62.2,95.8,22,1271,shot
gergo-lovrencsics,https://www.sofascore.com/andorra-hungary/jUbstWb#id:9223793,hungary,miss,No information,corner,26.5,68.7,0,right-foot,high-right,0,40.7,81.9,No information,No information,14,No information,782,68.7,26.5,59.3,0,59.3,18.1,32,1918,shot
laszlo-kleinheisler,https://www.sofascore.com/andorra-hungary/jUbstWb#id:9223793,hungary,miss,No information,assisted,25.8,66.8,0,right-foot,high,0,49.6,77.8,No information,No information,8,No information,444,66.8,25.8,50.4,0,50.4,22.2,38,2256,shot
ricard-fernandez-cucu,https://www.sofascore.com/andorra-hungary/jUbstWb#id:9223793,andorra,save,No information,assisted,13.7,77.9,0,right-foot,high-right,0,45.8,20.9,No information,No information,7,No information,399,77.9,13.7,54.2,0,54.2,79.1,39,2301,shot

dominik-szoboszlai,https://www.sofascore.com/serbia-hungary/jUbsfCc#id:10752467,hungary,miss,No information,regular,46.2,95.2,0,right-foot,high-left,0,57.5,88.9,No information,No information,90,6,5702,95.2,46.2,42.5,0,42.5,11.1,1,598,shot
aleksandar-mitrovic,https://www.sofascore.com/serbia-hungary/jUbsfCc#id:10752467,serbia,block,No information,assisted,15.8,33.9,0,right-foot,low-centre,0,49.5,19,No information,No information,90,4,5616,33.9,15.8,50.5,0,50.5,81,1,684,shot
andrija-zivkovic,https://www.sofascore.com/serbia-hungary/jUbsfCc#id:10752467,serbia,block,No information,regular,23.6,66.2,0,left-foot,low-centre,0,51.2,19,No information,No information,90,4,5601,66.2,23.6,48.8,0,48.8,81,1,699,shot
dominik-szoboszlai,https://www.sofascore.com/serbia-hungary/jUbsfCc#id:10752467,hungary,miss,No information,fast-break,14.1,72.4,0,right-foot,left,0,62.7,4.2,No information,No information,90,3,5573,72.4,14.1,37.3,0,37.3,95.8,1,727,shot
sergej-milinkovic-savic,https://www.sofascore.com/serbia-hungary/jUbsfCc#id:10752467,serbia,save,No information,corner,9.1,52.6,0,head,low-centre,0,51.6,5.1,No information,No information,90,3,5526,52.6,9.1,48.4,0,48.4,94.9,1,774,shot
nemanja-gudelj,https://www.sofascore.com/serbia-hungary/jUbsfCc#id:10752467,serbia,miss,No information,regular,18.1,52.1,0,left-foot,close-right,0,41.5,2.8,No information,No information,90,1,5421,52.1,18.1,58.5,0,58.5,97.2,1,879,shot
barnabas-varga,https://www.sofascore.com/serbia-hungary/jUbsfCc#id:10752467,hungary,block,No information,assisted,15.4,64.8,0,right-foot,low-centre,0,48.7,19,No information,No information,73,No information,4346,64.8,15.4,51.3,0,51.3,81,18,1054,shot
dusan-vlahovic,https://www.sofascore.com/serbia-hungary/jUbsfCc#id:10752467,serbia,miss,No information,assisted,4.3,62.8,0,head,close-right,0,43.4,8.3,No information,No information,69,No information,4119,62.8,4.3,56.6,0,56.6,91.7,22,1281,shot
aleksandar-mitrovic,https://www.sofascore.com/serbia-hungary/jUbsfCc#id:10752467,serbia,miss,No information,set-piece,9.5,59.5,0,head,right,0,37.5,4.2,No information,No information,65,No information,3876,59.5,9.5,62.5,0,62.5,95.8,26,1524,shot
milos-veljkovic,https://www.sofascore.com/serbia-hungary/jUbsfCc#id:10752467,serbia,save,No information,corner,13,52.9,0,head,low-right,0,47.3,5.7,No information,No information,61,No information,3601,52.9,13,52.7,0,52.7,94.3,30,1799,shot
dusan-vlahovic,https://www.sofascore.com/serbia-hungary/jUbsfCc#id:10752467,serbia,save,No information,assisted,5.2,35.4,0,left-foot,low-left,0,53.9,19.6,No information,No information,58,No information,3424,35.4,5.2,46.1,0,46.1,80.4,33,1976,shot
sergej-milinkovic-savic,https://www.sofascore.com/serbia-hungary/jUbsfCc#id:10752467,serbia,miss,No information,assisted,8.2,45.1,0,head,right,0,33.1,5.6,No information,No information,53,No information,3178,45.1,8.2,66.9,0,66.9,94.4,38,2222,shot
strahinja-pavlovic,https://www.sofascore.com/serbia-hungary/jUbsfCc#id:10752467,serbia,miss,No information,corner,2.9,48.9,0,head,high,0,46.1,69.4,No information,No information,52,No information,3115,48.9,2.9,53.9,0,53.9,30.6,39,2285,shot
aleksandar-mitrovic,https://www.sofascore.com/serbia-hungary/jUbsfCc#id:10752467,serbia,miss,No information,set-piece,8.3,55.4,0,head,right,0,39.7,6.9,No information,No information,52,No information,3091,55.4,8.3,60.3,0,60.3,93.1,39,2309,shot
dusan-vlahovic,https://www.sofascore.com/serbia-hungary/jUbsfCc#id:10752467,serbia,miss,No information,assisted,10.2,41,0,head,close-right,0,41.2,6.9,No information,No information,45,No information,2665,41,10.2,58.8,0,58.8,93.1,1,35,shot
willi-orban,https://www.sofascore.com/serbia-hungary/jUbsfCc#id:10752467,hungary,goal,regular,corner,3,53.4,0,right-foot,low-right,0,47.4,19.6,No information,No information,36,No information,2134,53.4,3,52.6,0,52.6,80.4,10,566,shot
roland-sallai,https://www.sofascore.com/serbia-hungary/jUbsfCc#id:10752467,hungary,block,No information,fast-break,20.2,57.4,0,right-foot,low-centre,0,50.1,19,No information,No information,35,No information,2080,57.4,20.2,49.9,0,49.9,81,11,620,shot
barnabas-varga,https://www.sofascore.com/serbia-hungary/jUbsfCc#id:10752467,hungary,goal,regular,assisted,9.7,46.4,0,left-foot,low-left,0,53.3,2.5,No information,No information,34,No information,1983,46.4,9.7,46.7,0,46.7,97.5,12,717,shot
roland-sallai,https://www.sofascore.com/serbia-hungary/jUbsfCc#id:10752467,hungary,miss,No information,regular,12.5,55,0,right-foot,left,0,94.6,13.9,No information,No information,34,No information,1981,55,12.5,5.4,0,5.4,86.1,12,719,shot
roland-sallai,https://www.sofascore.com/serbia-hungary/jUbsfCc#id:10752467,hungary,save,No information,assisted,13.2,68.6,0,left-foot,low-left,0,53.8,5.7,No information,No information,34,No information,1980,68.6,13.2,46.2,0,46.2,94.3,12,720,shot
filip-kostic,https://www.sofascore.com/serbia-hungary/jUbsfCc#id:10752467,serbia,miss,No information,assisted,8.3,33.3,0,left-foot,close-left,0,57,20.8,No information,No information,28,No information,1659,33.3,8.3,43,0,43,79.2,18,1041,shot
dusan-vlahovic,https://www.sofascore.com/serbia-hungary/jUbsfCc#id:10752467,serbia,miss,No information,assisted,8.5,34.1,0,left-foot,close-left,0,57.1,25,No information,No information,13,No information,736,34.1,8.5,42.9,0,42.9,75,33,1964,shot
attila-szalai,https://www.sofascore.com/serbia-hungary/jUbsfCc#id:10752467,serbia,goal,own,regular,6,48.6,0,right-foot,low-left,0,52.3,2.5,No information,No information,10,No information,579,48.6,6,47.7,0,47.7,97.5,36,2121,shot
dusan-vlahovic,https://www.sofascore.com/serbia-hungary/jUbsfCc#id:10752467,serbia,miss,No information,assisted,8.6,38.5,0,left-foot,right,0,40.3,5.6,No information,No information,10,No information,578,38.5,8.6,59.7,0,59.7,94.4,36,2122,shot
styles-callum,https://www.sofascore.com/serbia-hungary/jUbsfCc#id:10752467,hungary,block,No information,assisted,14.5,67.4,0,right-foot,low-right,0,46,19,No information,No information,9,No information,501,67.4,14.5,54,0,54,81,37,2199,shot

breel-embolo,https://www.sofascore.com/hungary-switzerland/ZTbsjUb#id:11873897,switzerland,goal,regular,regular,12.5,51.6,0,right-foot,low-centre,0,51.6,17.1,No information,No information,90,3,5561,51.6,12.5,48.4,0,48.4,82.9,1,739,shot
granit-xhaka,https://www.sofascore.com/hungary-switzerland/ZTbsjUb#id:11873897,switzerland,save,No information,corner,3.8,59.5,0,head,low-centre,0,48.9,12.7,No information,No information,90,No information,5351,59.5,3.8,51.1,0,51.1,87.3,1,49,shot
vincent-sierro,https://www.sofascore.com/hungary-switzerland/ZTbsjUb#id:11873897,switzerland,block,No information,assisted,26.9,36.6,0,right-foot,low-centre,0,48.6,19,No information,No information,89,No information,5311,36.6,26.9,51.4,0,51.4,81,2,89,shot
dan-ndoye,https://www.sofascore.com/hungary-switzerland/ZTbsjUb#id:11873897,switzerland,miss,No information,assisted,12.4,61.9,0,right-foot,right,0,36.1,5.6,No information,No information,83,No information,4942,61.9,12.4,63.9,0,63.9,94.4,8,458,shot
fabian-schar,https://www.sofascore.com/hungary-switzerland/ZTbsjUb#id:11873897,switzerland,miss,No information,corner,6.8,51.5,0,head,close-right,0,42.7,13.9,No information,No information,72,No information,4294,51.5,6.8,57.3,0,57.3,86.1,19,1106,shot
dan-ndoye,https://www.sofascore.com/hungary-switzerland/ZTbsjUb#id:11873897,switzerland,block,No information,assisted,9.1,27.8,0,right-foot,low-centre,0,49.7,19,No information,No information,71,No information,4239,27.8,9.1,50.3,0,50.3,81,20,1161,shot
roland-sallai,https://www.sofascore.com/hungary-switzerland/ZTbsjUb#id:11873897,hungary,block,No information,set-piece,13.7,46.1,0,right-foot,low-centre,0,50.9,19,No information,No information,69,No information,4088,46.1,13.7,49.1,0,49.1,81,22,1312,shot
barnabas-varga,https://www.sofascore.com/hungary-switzerland/ZTbsjUb#id:11873897,hungary,goal,regular,assisted,4.7,51.9,0,head,low-right,0,47.4,12.7,No information,No information,66,No information,3925,51.9,4.7,52.6,0,52.6,87.3,25,1475,shot
barnabas-varga,https://www.sofascore.com/hungary-switzerland/ZTbsjUb#id:11873897,hungary,miss,No information,assisted,7.6,53.4,0,head,close-left,0,57,27.8,No information,No information,63,No information,3768,53.4,7.6,43,0,43,72.2,28,1632,shot
dan-ndoye,https://www.sofascore.com/hungary-switzerland/ZTbsjUb#id:11873897,switzerland,miss,No information,regular,21.5,62.2,0,right-foot,high,0,47.1,93.1,No information,No information,58,No information,3476,62.2,21.5,52.9,0,52.9,6.9,33,1924,shot
ruben-vargas,https://www.sofascore.com/hungary-switzerland/ZTbsjUb#id:11873897,switzerland,save,No information,assisted,11.1,34.9,0,left-foot,low-centre,0,49.7,3.2,No information,No information,54,No information,3191,34.9,11.1,50.3,0,50.3,96.8,37,2209,shot
kwadwo-duah,https://www.sofascore.com/hungary-switzerland/ZTbsjUb#id:11873897,switzerland,save,No information,assisted,13.4,35.3,0,left-foot,low-left,0,54,9.5,No information,No information,48,No information,2828,35.3,13.4,46,0,46,90.5,43,2572,shot
kwadwo-duah,https://www.sofascore.com/hungary-switzerland/ZTbsjUb#id:11873897,switzerland,block,No information,assisted,9,62.1,0,right-foot,low-right,0,47.3,19,No information,No information,47,No information,2790,62.1,9,52.7,0,52.7,81,44,2610,shot
michel-aebischer,https://www.sofascore.com/hungary-switzerland/ZTbsjUb#id:11873897,switzerland,goal,regular,assisted,22.2,42.5,0,right-foot,low-right,0,45.6,8.2,No information,No information,45,No information,2683,42.5,22.2,54.4,0,54.4,91.8,1,17,shot
willi-orban,https://www.sofascore.com/hungary-switzerland/ZTbsjUb#id:11873897,hungary,save,No information,set-piece,7.8,48.9,0,head,low-centre,0,50.7,18.4,No information,No information,40,No information,2376,48.9,7.8,49.3,0,49.3,81.6,6,324,shot
fabian-schar,https://www.sofascore.com/hungary-switzerland/ZTbsjUb#id:11873897,switzerland,block,No information,regular,15.6,64.5,0,left-foot,low-centre,0,50.8,19,No information,No information,29,No information,1714,64.5,15.6,49.2,0,49.2,81,17,986,shot
fabian-schar,https://www.sofascore.com/hungary-switzerland/ZTbsjUb#id:11873897,switzerland,block,No information,corner,23.6,64.8,0,right-foot,low-left,0,53,19,No information,No information,22,No information,1289,64.8,23.6,47,0,47,81,24,1411,shot
ruben-vargas,https://www.sofascore.com/hungary-switzerland/ZTbsjUb#id:11873897,switzerland,save,No information,regular,11.9,56.3,0,right-foot,low-centre,0,51.6,19.6,No information,No information,20,No information,1180,56.3,11.9,48.4,0,48.4,80.4,26,1520,shot
kwadwo-duah,https://www.sofascore.com/hungary-switzerland/ZTbsjUb#id:11873897,switzerland,goal,regular,assisted,9.7,52.3,0,right-foot,low-left,0,51.9,1.3,No information,No information,12,No information,716,52.3,9.7,48.1,0,48.1,98.7,34,1984,shot
roland-sallai,https://www.sofascore.com/hungary-switzerland/ZTbsjUb#id:11873897,hungary,miss,No information,assisted,21.5,58.4,0,right-foot,high-right,0,42.5,72.2,No information,No information,10,No information,556,58.4,21.5,57.5,0,57.5,27.8,36,2144,shot
attila-szalai,https://www.sofascore.com/hungary-switzerland/ZTbsjUb#id:11873897,hungary,miss,No information,set-piece,8.9,32.7,0,left-foot,close-left,0,58.8,4.2,No information,No information,2,No information,79,32.7,8.9,41.2,0,41.2,95.8,44,2621,shot

norbert-konyves,https://www.sofascore.com/hungary-russia/UTbsjUb#id:8600783,hungary,block,No information,assisted,12.4,39.6,0,left-foot,low-left,0,52,19,No information,No information,86,No information,5133,39.6,12.4,48,0,48,81,5,267,shot
aleksandr-sobolev,https://www.sofascore.com/hungary-russia/UTbsjUb#id:8600783,russia,miss,No information,corner,7.2,52.8,0,head,left,0,90.8,2.8,No information,No information,84,No information,4995,52.8,7.2,9.2,0,9.2,97.2,7,405,shot
artem-dzyuba,https://www.sofascore.com/hungary-russia/UTbsjUb#id:8600783,russia,block,No information,assisted,18.2,51.2,0,right-foot,low-centre,0,49.4,19,No information,No information,83,No information,4968,51.2,18.2,50.6,0,50.6,81,8,432,shot
magomed-ozdoev,https://www.sofascore.com/hungary-russia/UTbsjUb#id:8600783,russia,miss,No information,free-kick,29.6,53.4,0,right-foot,high,0,46.4,90.3,No information,No information,76,No information,4528,53.4,29.6,53.6,0,53.6,9.7,15,872,shot
artem-dzyuba,https://www.sofascore.com/hungary-russia/UTbsjUb#id:8600783,russia,miss,No information,set-piece,8.7,44,0,head,left,0,61.2,9.7,No information,No information,72,No information,4264,44,8.7,38.8,0,38.8,90.3,19,1136,shot
andrey-mostovoy,https://www.sofascore.com/hungary-russia/UTbsjUb#id:8600783,russia,miss,No information,assisted,8.3,41.7,0,head,high,0,45,81.9,No information,No information,69,No information,4122,41.7,8.3,55,0,55,18.1,22,1278,shot
loic-nego,https://www.sofascore.com/hungary-russia/UTbsjUb#id:8600783,hungary,block,No information,assisted,4.8,63.3,0,right-foot,low-right,0,45.5,19,No information,No information,66,No information,3956,63.3,4.8,54.5,0,54.5,81,25,1444,shot
roman-zobnin,https://www.sofascore.com/hungary-russia/UTbsjUb#id:8600783,russia,block,No information,regular,18.7,54.4,0,right-foot,low-right,0,47.4,19,No information,No information,57,No information,3405,54.4,18.7,52.6,0,52.6,81,34,1995,shot
aleksey-ionov,https://www.sofascore.com/hungary-russia/UTbsjUb#id:8600783,russia,post,No information,regular,14.6,51.9,0,left-foot,high,0,50.6,39.9,No information,No information,57,No information,3401,51.9,14.6,49.4,0,49.4,60.1,34,1999,shot
aleksey-ionov,https://www.sofascore.com/hungary-russia/UTbsjUb#id:8600783,russia,miss,No information,assisted,11.9,59.4,0,right-foot,right,0,37.1,8.3,No information,No information,55,No information,3260,59.4,11.9,62.9,0,62.9,91.7,36,2140,shot
artem-dzyuba,https://www.sofascore.com/hungary-russia/UTbsjUb#id:8600783,russia,save,No information,assisted,13.8,61.2,0,right-foot,high-right,0,46.8,20.3,No information,No information,54,No information,3196,61.2,13.8,53.2,0,53.2,79.7,37,2204,shot
magomed-ozdoev,https://www.sofascore.com/hungary-russia/UTbsjUb#id:8600783,russia,block,No information,assisted,15.8,40.4,0,left-foot,low-left,0,54.2,19,No information,No information,53,No information,3175,40.4,15.8,45.8,0,45.8,81,38,2225,shot
artem-dzyuba,https://www.sofascore.com/hungary-russia/UTbsjUb#id:8600783,russia,block,No information,corner,11.1,56.5,0,head,low-left,0,52.4,19,No information,No information,42,No information,2485,56.5,11.1,47.6,0,47.6,81,4,215,shot
willi-orban,https://www.sofascore.com/hungary-russia/UTbsjUb#id:8600783,hungary,miss,No information,regular,25.8,59,0,right-foot,high-right,0,38.3,97.2,No information,No information,26,No information,1542,59,25.8,61.7,0,61.7,2.8,20,1158,shot
attila-szalai,https://www.sofascore.com/hungary-russia/UTbsjUb#id:8600783,hungary,miss,No information,regular,22.9,31.8,0,left-foot,high-left,0,63.9,94.4,No information,No information,15,No information,892,31.8,22.9,36.1,0,36.1,5.6,31,1808,shot
zsolt-kalmar,https://www.sofascore.com/hungary-russia/UTbsjUb#id:8600783,hungary,block,No information,free-kick,29.2,32,0,right-foot,low-centre,0,50.1,19,No information,No information,15,No information,879,32,29.2,49.9,0,49.9,81,31,1821,shot
endre-botka,https://www.sofascore.com/hungary-russia/UTbsjUb#id:8600783,hungary,miss,No information,set-piece,12.1,65.1,0,head,right,0,36,11.1,No information,No information,4,No information,213,65.1,12.1,64,0,64,88.9,42,2487,shot

raphael-varane,https://www.sofascore.com/hungary-france/GObsjUb#id:8602455,france,miss,No information,assisted,6.4,52.5,0,head,right,0,33.4,27.8,No information,No information,90,5,5675,52.5,6.4,66.6,0,66.6,72.2,1,625,shot
corentin-tolisso,https://www.sofascore.com/hungary-france/GObsjUb#id:8602455,france,save,No information,assisted,27.9,51.8,0,right-foot,low-left,0,53.3,7,No information,No information,82,No information,4907,51.8,27.9,46.7,0,46.7,93,9,493,shot
kylian-mbappe,https://www.sofascore.com/hungary-france/GObsjUb#id:8602455,france,save,No information,assisted,8.4,38.3,0,left-foot,high-centre,0,49.7,21.5,No information,No information,82,No information,4873,38.3,8.4,50.3,0,50.3,78.5,9,527,shot
roland-sallai,https://www.sofascore.com/hungary-france/GObsjUb#id:8602455,hungary,save,No information,assisted,19.8,55.4,0,left-foot,low-right,0,45.4,4.4,No information,No information,74,No information,4399,55.4,19.8,54.6,0,54.6,95.6,17,1001,shot
ngolo-kante,https://www.sofascore.com/hungary-france/GObsjUb#id:8602455,france,miss,No information,assisted,26.1,51.5,0,right-foot,left,0,64,5.6,No information,No information,72,No information,4288,51.5,26.1,36,0,36,94.4,19,1112,shot
kylian-mbappe,https://www.sofascore.com/hungary-france/GObsjUb#id:8602455,france,miss,No information,set-piece,6.8,59.4,0,right-foot,close-right,0,42.9,26.4,No information,No information,69,No information,4100,59.4,6.8,57.1,0,57.1,73.6,22,1300,shot
antoine-griezmann,https://www.sofascore.com/hungary-france/GObsjUb#id:8602455,france,goal,regular,regular,9,47.2,0,left-foot,low-right,0,46.6,16.5,No information,No information,66,No information,3927,47.2,9,53.4,0,53.4,83.5,25,1473,shot
ousmane-dembele,https://www.sofascore.com/hungary-france/GObsjUb#id:8602455,france,post,No information,assisted,14.4,69.1,0,right-foot,right,0,44.7,20.9,No information,No information,59,No information,3505,69.1,14.4,55.3,0,55.3,79.1,32,1895,shot
roland-sallai,https://www.sofascore.com/hungary-france/GObsjUb#id:8602455,hungary,miss,No information,assisted,20.6,27.1,0,right-foot,right,0,2.5,18.1,No information,No information,58,No information,3458,27.1,20.6,97.5,0,97.5,81.9,33,1942,shot
paul-pogba,https://www.sofascore.com/hungary-france/GObsjUb#id:8602455,france,miss,No information,regular,28.1,42.5,0,right-foot,right,0,38.2,16.7,No information,No information,51,No information,3050,42.5,28.1,61.8,0,61.8,83.3,40,2350,shot
attila-fiola,https://www.sofascore.com/hungary-france/GObsjUb#id:8602455,hungary,goal,regular,assisted,9.5,38.9,0,right-foot,low-left,0,54,1.9,No information,No information,45,2,2770,38.9,9.5,46,0,46,98.1,1,2630,shot
roland-sallai,https://www.sofascore.com/hungary-france/GObsjUb#id:8602455,hungary,block,No information,fast-break,22.9,27.4,0,right-foot,low-centre,0,48.9,19,No information,No information,43,No information,2572,27.4,22.9,51.1,0,51.1,81,3,128,shot
paul-pogba,https://www.sofascore.com/hungary-france/GObsjUb#id:8602455,france,miss,No information,assisted,5.6,73.9,0,right-foot,close-right,0,43,12.5,No information,No information,37,No information,2165,73.9,5.6,57,0,57,87.5,9,535,shot
kylian-mbappe,https://www.sofascore.com/hungary-france/GObsjUb#id:8602455,france,miss,No information,assisted,9,64.2,0,right-foot,left,0,62.5,2.8,No information,No information,33,No information,1964,64.2,9,37.5,0,37.5,97.2,13,736,shot
karim-benzema,https://www.sofascore.com/hungary-france/GObsjUb#id:8602455,france,miss,No information,assisted,13.6,53.9,0,right-foot,close-right,0,43.7,5.6,No information,No information,31,No information,1811,53.9,13.6,56.3,0,56.3,94.4,15,889,shot
kylian-mbappe,https://www.sofascore.com/hungary-france/GObsjUb#id:8602455,france,block,No information,free-kick,29.4,59.4,0,right-foot,low-centre,0,49.9,19,No information,No information,26,No information,1554,59.4,29.4,50.1,0,50.1,81,20,1146,shot
kylian-mbappe,https://www.sofascore.com/hungary-france/GObsjUb#id:8602455,france,miss,No information,assisted,9.7,49.1,0,head,high,0,53.6,70.8,No information,No information,21,No information,1210,49.1,9.7,46.4,0,46.4,29.2,25,1490,shot
kylian-mbappe,https://www.sofascore.com/hungary-france/GObsjUb#id:8602455,france,miss,No information,assisted,7.4,45.6,0,head,close-right,0,42.7,11.1,No information,No information,17,No information,995,45.6,7.4,57.3,0,57.3,88.9,29,1705,shot
laszlo-kleinheisler,https://www.sofascore.com/hungary-france/GObsjUb#id:8602455,hungary,save,No information,assisted,29.3,48.2,0,right-foot,low-left,0,54.3,1.3,No information,No information,16,No information,945,48.2,29.3,45.7,0,45.7,98.7,30,1755,shot
karim-benzema,https://www.sofascore.com/hungary-france/GObsjUb#id:8602455,france,save,No information,assisted,20.5,65.8,0,right-foot,low-centre,0,51.6,1.9,No information,No information,14,No information,785,65.8,20.5,48.4,0,48.4,98.1,32,1915,shot

karim-adeyemi,https://www.sofascore.com/germany-hungary/jUbslUb#id:10023404,germany,miss,No information,regular,11.5,69.6,0,left-foot,high-left,0,69.1,80.6,No information,No information,90,4,5607,69.6,11.5,30.9,0,30.9,19.4,1,693,shot
martin-adam,https://www.sofascore.com/germany-hungary/jUbslUb#id:10023404,hungary,save,No information,corner,7.7,49.1,0,head,low-centre,0,50.1,17.7,No information,No information,82,No information,4895,49.1,7.7,49.9,0,49.9,82.3,9,505,shot
daniel-gazdag,https://www.sofascore.com/germany-hungary/jUbslUb#id:10023404,hungary,save,No information,assisted,22.5,27.4,0,right-foot,high-centre,0,48.8,31,No information,No information,81,No information,4848,27.4,22.5,51.2,0,51.2,69,10,552,shot
martin-adam,https://www.sofascore.com/germany-hungary/jUbslUb#id:10023404,hungary,save,No information,corner,7.8,51.3,0,head,low-centre,0,49.3,5.7,No information,No information,75,No information,4456,51.3,7.8,50.7,0,50.7,94.3,16,944,shot
roland-sallai,https://www.sofascore.com/germany-hungary/jUbslUb#id:10023404,hungary,save,No information,regular,6.1,24.6,0,left-foot,low-left,0,54.4,8.2,No information,No information,74,No information,4420,24.6,6.1,45.6,0,45.6,91.8,17,980,shot
jonas-hofmann,https://www.sofascore.com/germany-hungary/jUbslUb#id:10023404,germany,miss,No information,corner,27.5,43.5,0,left-foot,right,0,29.6,6.9,No information,No information,67,No information,3998,43.5,27.5,70.4,0,70.4,93.1,24,1402,shot
attila-fiola,https://www.sofascore.com/germany-hungary/jUbslUb#id:10023404,hungary,save,No information,regular,2.8,64.3,0,right-foot,low-centre,0,50.6,1.9,No information,No information,44,No information,2627,64.3,2.8,49.4,0,49.4,98.1,2,73,shot
roland-sallai,https://www.sofascore.com/germany-hungary/jUbslUb#id:10023404,hungary,miss,No information,assisted,8.4,57.3,0,head,right,0,32.6,2.8,No information,No information,44,No information,2625,57.3,8.4,67.4,0,67.4,97.2,2,75,shot
timo-werner,https://www.sofascore.com/germany-hungary/jUbslUb#id:10023404,germany,miss,No information,assisted,10.7,63.9,0,right-foot,high-right,0,40.5,68.1,No information,No information,43,No information,2566,63.9,10.7,59.5,0,59.5,31.9,3,134,shot
david-raum,https://www.sofascore.com/germany-hungary/jUbslUb#id:10023404,germany,miss,No information,assisted,10,26.2,0,right-foot,close-right,0,43,22.2,No information,No information,40,No information,2370,26.2,10,57,0,57,77.8,6,330,shot
dominik-szoboszlai,https://www.sofascore.com/germany-hungary/jUbslUb#id:10023404,hungary,block,No information,free-kick,26.9,68.1,0,right-foot,low-left,0,53.5,19,No information,No information,37,No information,2195,68.1,26.9,46.5,0,46.5,81,9,505,shot
styles-callum,https://www.sofascore.com/germany-hungary/jUbslUb#id:10023404,hungary,block,No information,regular,28.1,44.7,0,left-foot,low-centre,0,49.2,19,No information,No information,24,No information,1413,44.7,28.1,50.8,0,50.8,81,22,1287,shot
roland-sallai,https://www.sofascore.com/germany-hungary/jUbslUb#id:10023404,hungary,block,No information,fast-break,7.1,71.3,0,right-foot,low-centre,0,49,19,No information,No information,22,No information,1289,71.3,7.1,51,0,51,81,24,1411,shot
kai-havertz,https://www.sofascore.com/germany-hungary/jUbslUb#id:10023404,germany,miss,No information,set-piece,8.3,48.5,0,head,right,0,29.6,6.9,No information,No information,19,No information,1081,48.5,8.3,70.4,0,70.4,93.1,27,1619,shot
jonas-hofmann,https://www.sofascore.com/germany-hungary/jUbslUb#id:10023404,germany,goal,regular,assisted,6.4,46.2,0,left-foot,low-centre,0,51.5,2.5,No information,No information,9,No information,487,46.2,6.4,48.5,0,48.5,97.5,37,2213,shot
zsolt-nagy,https://www.sofascore.com/germany-hungary/jUbslUb#id:10023404,hungary,goal,regular,regular,7,44.3,0,right-foot,high-centre,0,51,34.2,No information,No information,6,No information,307,44.3,7,49,0,49,65.8,40,2393,shot
roland-sallai,https://www.sofascore.com/germany-hungary/jUbslUb#id:10023404,hungary,save,No information,assisted,5.1,47.4,0,head,high-centre,0,50.9,23.4,No information,No information,6,No information,304,47.4,5.1,49.1,0,49.1,76.6,40,2396,shot

ollie-watkins,https://www.sofascore.com/england-hungary/jUbsnUb#id:9223931,england,save,No information,corner,6.4,68.4,0,right-foot,high-left,0,53.5,25.3,No information,No information,90,3,5571,68.4,6.4,46.5,0,46.5,74.7,1,729,shot
phil-foden,https://www.sofascore.com/england-hungary/jUbsnUb#id:9223931,england,miss,No information,corner,23,37.3,0,left-foot,right,0,24,18.1,No information,No information,90,3,5569,37.3,23,76,0,76,81.9,1,731,shot
luke-shaw,https://www.sofascore.com/england-hungary/jUbsnUb#id:9223931,england,miss,No information,regular,25.6,34.5,0,left-foot,right,0,33.3,2.8,No information,No information,89,No information,5309,34.5,25.6,66.7,0,66.7,97.2,2,91,shot
filip-holender,https://www.sofascore.com/england-hungary/jUbsnUb#id:9223931,hungary,miss,No information,assisted,13.1,28.9,0,right-foot,high-right,0,39.8,75,No information,No information,84,No information,5012,28.9,13.1,60.2,0,60.2,25,7,388,shot
harry-kane,https://www.sofascore.com/england-hungary/jUbsnUb#id:9223931,england,miss,No information,regular,9.3,69.4,0,right-foot,close-right,0,42.4,37.5,No information,No information,74,No information,4421,69.4,9.3,57.6,0,57.6,62.5,17,979,shot
raheem-sterling,https://www.sofascore.com/england-hungary/jUbsnUb#id:9223931,england,save,No information,assisted,9.4,42.5,0,right-foot,low-centre,0,50.3,1.3,No information,No information,70,No information,4168,42.5,9.4,49.7,0,49.7,98.7,21,1232,shot
john-stones,https://www.sofascore.com/england-hungary/jUbsnUb#id:9223931,england,miss,No information,corner,8.4,52,0,head,close-left,0,57.1,15.3,No information,No information,62,No information,3683,52,8.4,42.9,0,42.9,84.7,29,1717,shot
harry-kane,https://www.sofascore.com/england-hungary/jUbsnUb#id:9223931,england,save,No information,assisted,20.3,28.2,0,right-foot,low-centre,0,50.6,19.6,No information,No information,57,No information,3380,28.2,20.3,49.4,0,49.4,80.4,34,2020,shot
andras-schafer,https://www.sofascore.com/england-hungary/jUbsnUb#id:9223931,hungary,block,No information,assisted,13.7,46,0,right-foot,low-centre,0,51.8,19,No information,No information,56,No information,3341,46,13.7,48.2,0,48.2,81,35,2059,shot
roland-sallai,https://www.sofascore.com/england-hungary/jUbsnUb#id:9223931,hungary,block,No information,assisted,23.5,69.1,0,right-foot,low-right,0,46.6,19,No information,No information,52,No information,3096,69.1,23.5,53.4,0,53.4,81,39,2304,shot
luke-shaw,https://www.sofascore.com/england-hungary/jUbsnUb#id:9223931,england,block,No information,corner,12.6,27.9,0,left-foot,low-left,0,54.6,19,No information,No information,49,No information,2932,27.9,12.6,45.4,0,45.4,81,42,2468,shot
raheem-sterling,https://www.sofascore.com/england-hungary/jUbsnUb#id:9223931,england,miss,No information,regular,2.4,58.4,0,right-foot,close-right,0,41.8,2.8,No information,No information,45,1,2742,58.4,2.4,58.2,0,58.2,97.2,1,2658,shot
raheem-sterling,https://www.sofascore.com/england-hungary/jUbsnUb#id:9223931,england,save,No information,assisted,3.8,58.9,0,head,low-right,0,46.2,13.3,No information,No information,45,1,2741,58.9,3.8,53.8,0,53.8,86.7,1,2659,shot
john-stones,https://www.sofascore.com/england-hungary/jUbsnUb#id:9223931,england,goal,regular,set-piece,2.1,47,0,left-foot,high-left,0,52.4,22.2,No information,No information,37,No information,2184,47,2.1,47.6,0,47.6,77.8,9,516,shot
roland-sallai,https://www.sofascore.com/england-hungary/jUbsnUb#id:9223931,hungary,goal,penalty,penalty,11.5,50,0,right-foot,low-left,0,52.5,4.4,No information,No information,24,No information,1432,50,11.5,47.5,0,47.5,95.6,22,1268,shot
zsolt-nagy,https://www.sofascore.com/england-hungary/jUbsnUb#id:9223931,hungary,block,No information,assisted,14.7,26.5,0,right-foot,low-right,0,47.6,19,No information,No information,15,No information,878,26.5,14.7,52.4,0,52.4,81,31,1822,shot
roland-sallai,https://www.sofascore.com/england-hungary/jUbsnUb#id:9223931,hungary,miss,No information,assisted,9.3,56.9,0,right-foot,high-right,0,41.5,83.3,No information,No information,14,No information,789,56.9,9.3,58.5,0,58.5,16.7,32,1911,shot

joshua-kimmich,https://www.sofascore.com/germany-hungary/jUbslUb#id:10023383,germany,miss,No information,regular,20.7,51.3,0,right-foot,close-left,0,57.3,6.9,No information,No information,87,No information,5177,51.3,20.7,42.7,0,42.7,93.1,4,223,shot
laszlo-kleinheisler,https://www.sofascore.com/germany-hungary/jUbslUb#id:10023383,hungary,save,No information,regular,11.7,37.7,0,right-foot,low-centre,0,49.4,6.3,No information,No information,86,No information,5116,37.7,11.7,50.6,0,50.6,93.7,5,284,shot
joshua-kimmich,https://www.sofascore.com/germany-hungary/jUbslUb#id:10023383,germany,block,No information,assisted,14.9,45.1,0,right-foot,low-left,0,53.1,16.7,No information,No information,77,No information,4567,45.1,14.9,46.9,0,46.9,83.3,14,833,shot
martin-adam,https://www.sofascore.com/germany-hungary/jUbslUb#id:10023383,hungary,save,No information,fast-break,12.4,31.1,0,left-foot,low-centre,0,48.4,1.3,No information,No information,72,No information,4273,31.1,12.4,51.6,0,51.6,98.7,19,1127,shot
leroy-sane,https://www.sofascore.com/germany-hungary/jUbslUb#id:10023383,germany,miss,No information,assisted,8.4,45.2,0,other,high,0,54.1,80.6,No information,No information,69,No information,4111,45.2,8.4,45.9,0,45.9,19.4,22,1289,shot
joshua-kimmich,https://www.sofascore.com/germany-hungary/jUbslUb#id:10023383,germany,block,No information,assisted,28.7,21.5,0,right-foot,low-left,0,53.1,19.4,No information,No information,60,No information,3558,21.5,28.7,46.9,0,46.9,80.6,31,1842,shot
timo-werner,https://www.sofascore.com/germany-hungary/jUbslUb#id:10023383,germany,save,No information,assisted,15,47.3,0,right-foot,low-centre,0,50.3,17.7,No information,No information,57,No information,3374,47.3,15,49.7,0,49.7,82.3,34,2026,shot
leroy-sane,https://www.sofascore.com/germany-hungary/jUbslUb#id:10023383,germany,save,No information,assisted,4.3,31.9,0,left-foot,low-centre,0,51,1.3,No information,No information,51,No information,3018,31.9,4.3,49,0,49,98.7,40,2382,shot
thomas-muller,https://www.sofascore.com/germany-hungary/jUbslUb#id:10023383,germany,miss,No information,set-piece,8.7,55.4,0,right-foot,left,0,67.2,13.9,No information,No information,49,No information,2888,55.4,8.7,32.8,0,32.8,86.1,42,2512,shot
antonio-rudiger,https://www.sofascore.com/germany-hungary/jUbslUb#id:10023383,germany,block,No information,assisted,28.3,47.8,0,right-foot,low-left,0,54.5,1.4,No information,No information,42,No information,2502,47.8,28.3,45.5,0,45.5,98.6,4,198,shot
thomas-muller,https://www.sofascore.com/germany-hungary/jUbslUb#id:10023383,germany,save,No information,assisted,7.5,59.6,0,head,high-centre,0,48.9,22.2,No information,No information,39,No information,2298,59.6,7.5,51.1,0,51.1,77.8,7,402,shot
willi-orban,https://www.sofascore.com/germany-hungary/jUbslUb#id:10023383,hungary,block,No information,corner,9.1,55.9,0,head,low-left,0,53.8,12.5,No information,No information,36,No information,2151,55.9,9.1,46.2,0,46.2,87.5,10,549,shot
daniel-gazdag,https://www.sofascore.com/germany-hungary/jUbslUb#id:10023383,hungary,miss,No information,assisted,8.3,31,0,left-foot,left,0,61.8,12.5,No information,No information,30,No information,1792,31,8.3,38.2,0,38.2,87.5,16,908,shot
leroy-sane,https://www.sofascore.com/germany-hungary/jUbslUb#id:10023383,germany,miss,No information,corner,26.5,37.6,0,left-foot,high-left,0,57.3,75,No information,No information,27,No information,1582,37.6,26.5,42.7,0,42.7,25,19,1118,shot
adam-szalai,https://www.sofascore.com/germany-hungary/jUbslUb#id:10023383,hungary,goal,regular,corner,3.7,36,0,right-foot,low-right,0,47.1,19.6,No information,No information,17,No information,1009,36,3.7,52.9,0,52.9,80.4,29,1691,shot
adam-szalai,https://www.sofascore.com/germany-hungary/jUbslUb#id:10023383,hungary,block,No information,assisted,19.9,42.1,0,left-foot,low-centre,0,50,19,No information,No information,17,No information,973,42.1,19.9,50,0,50,81,29,1727,shot
dominik-szoboszlai,https://www.sofascore.com/germany-hungary/jUbslUb#id:10023383,hungary,block,No information,assisted,22.9,27.5,0,right-foot,low-left,0,52.2,19,No information,No information,10,No information,556,27.5,22.9,47.8,0,47.8,81,36,2144,shot

robert-lewandowski,https://www.sofascore.com/hungary-poland/dUbsjUb#id:9223716,poland,miss,No information,set-piece,19.1,44.9,0,right-foot,high-left,0,59.5,51.4,No information,No information,88,No information,5224,44.9,19.1,40.5,0,40.5,48.6,3,176,shot
robert-lewandowski,https://www.sofascore.com/hungary-poland/dUbsjUb#id:9223716,poland,goal,regular,assisted,14.1,48.9,0,left-foot,high-right,0,47.3,20.9,No information,No information,82,No information,4916,48.9,14.1,52.7,0,52.7,79.1,9,484,shot
willi-orban,https://www.sofascore.com/hungary-poland/dUbsjUb#id:9223716,hungary,goal,regular,corner,2.5,53.8,0,right-foot,low-right,0,46.4,12.7,No information,No information,78,No information,4636,53.8,2.5,53.6,0,53.6,87.3,13,764,shot
adam-lang,https://www.sofascore.com/hungary-poland/dUbsjUb#id:9223716,hungary,miss,No information,assisted,3.5,49,0,head,right,0,39,8.3,No information,No information,78,No information,4635,49,3.5,61,0,61,91.7,13,765,shot
adam-szalai,https://www.sofascore.com/hungary-poland/dUbsjUb#id:9223716,hungary,block,No information,corner,9.1,42.5,0,left-foot,low-left,0,52.7,5.1,No information,No information,78,No information,4625,42.5,9.1,47.3,0,47.3,94.9,13,775,shot
piotr-zielinski,https://www.sofascore.com/hungary-poland/dUbsjUb#id:9223716,poland,miss,No information,assisted,22.5,42.3,0,left-foot,right,0,37,2.8,No information,No information,67,No information,3991,42.3,22.5,63,0,63,97.2,24,1409,shot
roland-sallai,https://www.sofascore.com/hungary-poland/dUbsjUb#id:9223716,hungary,block,No information,assisted,12,19.4,0,right-foot,low-centre,0,51.6,19,No information,No information,62,No information,3704,19.4,12,48.4,0,48.4,81,29,1696,shot
kamil-jozwiak,https://www.sofascore.com/hungary-poland/dUbsjUb#id:9223716,poland,goal,regular,assisted,8.8,61.2,0,right-foot,low-left,0,53.5,1.9,No information,No information,61,No information,3636,61.2,8.8,46.5,0,46.5,98.1,30,1764,shot
krzysztof-piatek,https://www.sofascore.com/hungary-poland/dUbsjUb#id:9223716,poland,goal,regular,assisted,7.7,48.9,0,right-foot,low-right,0,47.1,3.2,No information,No information,60,No information,3582,48.9,7.7,52.9,0,52.9,96.8,31,1818,shot
grzegorz-krychowiak,https://www.sofascore.com/hungary-poland/dUbsjUb#id:9223716,poland,miss,No information,assisted,7.8,59,0,right-foot,left,0,77.3,9.7,No information,No information,60,No information,3581,59,7.8,22.7,0,22.7,90.3,31,1819,shot
arkadiusz-milik,https://www.sofascore.com/hungary-poland/dUbsjUb#id:9223716,poland,miss,No information,assisted,25.5,64.9,0,left-foot,high-left,0,59.5,65.3,No information,No information,58,No information,3428,64.9,25.5,40.5,0,40.5,34.7,33,1972,shot
adam-szalai,https://www.sofascore.com/hungary-poland/dUbsjUb#id:9223716,hungary,goal,regular,regular,8.6,59.5,0,right-foot,low-left,0,53.6,14.6,No information,No information,52,No information,3113,59.5,8.6,46.4,0,46.4,85.4,39,2287,shot
roland-sallai,https://www.sofascore.com/hungary-poland/dUbsjUb#id:9223716,hungary,block,No information,assisted,13,56.5,0,right-foot,low-right,0,46,19,No information,No information,52,No information,3111,56.5,13,54,0,54,81,39,2289,shot
arkadiusz-milik,https://www.sofascore.com/hungary-poland/dUbsjUb#id:9223716,poland,miss,No information,assisted,10.7,56.7,0,head,left,0,69.4,4.2,No information,No information,50,No information,2964,56.7,10.7,30.6,0,30.6,95.8,41,2436,shot
piotr-zielinski,https://www.sofascore.com/hungary-poland/dUbsjUb#id:9223716,poland,block,No information,assisted,19.2,39.2,0,right-foot,low-left,0,53.7,19,No information,No information,41,No information,2432,39.2,19.2,46.3,0,46.3,81,5,268,shot
adam-szalai,https://www.sofascore.com/hungary-poland/dUbsjUb#id:9223716,hungary,miss,No information,assisted,2.3,56.3,0,left-foot,close-right,0,41,2.8,No information,No information,34,No information,2035,56.3,2.3,59,0,59,97.2,12,665,shot
attila-fiola,https://www.sofascore.com/hungary-poland/dUbsjUb#id:9223716,hungary,miss,No information,regular,27.5,55.4,0,right-foot,close-right,0,41.2,26.4,No information,No information,29,No information,1683,55.4,27.5,58.8,0,58.8,73.6,17,1017,shot
arkadiusz-milik,https://www.sofascore.com/hungary-poland/dUbsjUb#id:9223716,poland,miss,No information,assisted,7.4,52.1,0,head,right,0,38,29.2,No information,No information,27,No information,1575,52.1,7.4,62,0,62,70.8,19,1125,shot
gergo-lovrencsics,https://www.sofascore.com/hungary-poland/dUbsjUb#id:9223716,hungary,save,No information,assisted,15.6,63.9,0,left-foot,low-centre,0,48.4,12,No information,No information,19,No information,1121,63.9,15.6,51.6,0,51.6,88,27,1579,shot
roland-sallai,https://www.sofascore.com/hungary-poland/dUbsjUb#id:9223716,hungary,goal,regular,fast-break,13.1,66,0,right-foot,low-right,0,47,1.9,No information,No information,6,No information,337,66,13.1,53,0,53,98.1,40,2363,shot

leon-goretzka,https://www.sofascore.com/germany-hungary/jUbslUb#id:8602466,germany,goal,regular,regular,14.6,51.8,0,right-foot,low-right,0,47.5,18.4,No information,No information,84,No information,4999,51.8,14.6,52.5,0,52.5,81.6,7,401,shot
timo-werner,https://www.sofascore.com/germany-hungary/jUbslUb#id:8602466,germany,block,No information,assisted,11.8,39.5,0,right-foot,low-centre,0,49.9,19,No information,No information,84,No information,4998,39.5,11.8,50.1,0,50.1,81,7,402,shot
toni-kroos,https://www.sofascore.com/germany-hungary/jUbslUb#id:8602466,germany,miss,No information,assisted,9,35.7,0,right-foot,close-right,0,40.8,6.9,No information,No information,81,No information,4829,35.7,9,59.2,0,59.2,93.1,10,571,shot
thomas-muller,https://www.sofascore.com/germany-hungary/jUbslUb#id:8602466,germany,miss,No information,assisted,9.3,59.2,0,head,close-high,0,49.7,52.8,No information,No information,80,No information,4750,59.2,9.3,50.3,0,50.3,47.2,11,650,shot
adam-szalai,https://www.sofascore.com/germany-hungary/jUbslUb#id:8602466,hungary,save,No information,regular,35,47.4,0,right-foot,low-centre,0,48.6,0.6,No information,No information,73,No information,4369,47.4,35,51.4,0,51.4,99.4,18,1031,shot
robin-gosens,https://www.sofascore.com/germany-hungary/jUbslUb#id:8602466,germany,save,No information,assisted,9.3,34.9,0,head,low-centre,0,49.7,17.7,No information,No information,70,No information,4176,34.9,9.3,50.3,0,50.3,82.3,21,1224,shot
andras-schafer,https://www.sofascore.com/germany-hungary/jUbslUb#id:8602466,hungary,goal,regular,assisted,12.8,42.5,0,head,low-centre,0,48.6,1.3,No information,No information,68,No information,4033,42.5,12.8,51.4,0,51.4,98.7,23,1367,shot
kai-havertz,https://www.sofascore.com/germany-hungary/jUbslUb#id:8602466,germany,goal,regular,set-piece,0.8,49.8,0,head,low-centre,0,50.6,9.5,No information,No information,66,No information,3944,49.8,0.8,49.4,0,49.4,90.5,25,1456,shot
mats-hummels,https://www.sofascore.com/germany-hungary/jUbslUb#id:8602466,germany,block,No information,set-piece,7,39,0,head,low-centre,0,50.4,19,No information,No information,66,No information,3942,39,7,49.6,0,49.6,81,25,1458,shot
roland-sallai,https://www.sofascore.com/germany-hungary/jUbslUb#id:8602466,hungary,post,No information,free-kick,13.8,19.2,0,right-foot,left,0,55.7,33.5,No information,No information,62,No information,3695,19.2,13.8,44.3,0,44.3,66.5,29,1705,shot
attila-fiola,https://www.sofascore.com/germany-hungary/jUbslUb#id:8602466,hungary,miss,No information,set-piece,13,39.4,0,right-foot,left,0,67.2,2.8,No information,No information,59,No information,3500,39.4,13,32.8,0,32.8,97.2,32,1900,shot
loic-nego,https://www.sofascore.com/germany-hungary/jUbslUb#id:8602466,hungary,miss,No information,set-piece,21.6,62.2,0,right-foot,left,0,77.6,18.1,No information,No information,59,No information,3499,62.2,21.6,22.4,0,22.4,81.9,32,1901,shot
mats-hummels,https://www.sofascore.com/germany-hungary/jUbslUb#id:8602466,germany,block,No information,set-piece,8.8,45.5,0,head,high-centre,0,51.3,20.8,No information,No information,54,No information,3193,45.5,8.8,48.7,0,48.7,79.2,37,2207,shot
kai-havertz,https://www.sofascore.com/germany-hungary/jUbslUb#id:8602466,germany,save,No information,assisted,19.2,74.1,0,left-foot,low-right,0,47.2,12.7,No information,No information,52,No information,3086,74.1,19.2,52.8,0,52.8,87.3,39,2314,shot
serge-gnabry,https://www.sofascore.com/germany-hungary/jUbslUb#id:8602466,germany,block,No information,assisted,6,71.2,0,right-foot,low-right,0,48,19,No information,No information,47,No information,2802,71.2,6,52,0,52,81,44,2598,shot
kai-havertz,https://www.sofascore.com/germany-hungary/jUbslUb#id:8602466,germany,miss,No information,regular,12.7,67,0,left-foot,right,0,39.7,6.9,No information,No information,45,No information,2690,67,12.7,60.3,0,60.3,93.1,1,10,shot
kai-havertz,https://www.sofascore.com/germany-hungary/jUbslUb#id:8602466,germany,block,No information,regular,12.7,67,0,left-foot,low-centre,0,51.4,19,No information,No information,45,No information,2688,67,12.7,48.6,0,48.6,81,1,12,shot
roland-sallai,https://www.sofascore.com/germany-hungary/jUbslUb#id:8602466,hungary,save,No information,assisted,25.1,31.2,0,right-foot,low-centre,0,48.6,9.5,No information,No information,39,No information,2333,31.2,25.1,51.4,0,51.4,90.5,7,367,shot
andras-schafer,https://www.sofascore.com/germany-hungary/jUbslUb#id:8602466,hungary,miss,No information,assisted,26.9,47,0,right-foot,high,0,53.4,65.3,No information,No information,38,No information,2256,47,26.9,46.6,0,46.6,34.7,8,444,shot
roland-sallai,https://www.sofascore.com/germany-hungary/jUbslUb#id:8602466,hungary,block,No information,assisted,15.1,28.2,0,right-foot,low-centre,0,50.8,19,No information,No information,33,No information,1938,28.2,15.1,49.2,0,49.2,81,13,762,shot
mats-hummels,https://www.sofascore.com/germany-hungary/jUbslUb#id:8602466,germany,miss,No information,set-piece,9.1,38.8,0,head,high,0,49.4,84.7,No information,No information,28,No information,1624,38.8,9.1,50.6,0,50.6,15.3,18,1076,shot
matthias-ginter,https://www.sofascore.com/germany-hungary/jUbslUb#id:8602466,germany,save,No information,regular,7.7,57.3,0,right-foot,high-centre,0,49,24.1,No information,No information,21,No information,1255,57.3,7.7,51,0,51,75.9,25,1445,shot
mats-hummels,https://www.sofascore.com/germany-hungary/jUbslUb#id:8602466,germany,post,No information,corner,9.1,52.2,0,head,high,0,53.1,39.2,No information,No information,21,No information,1226,52.2,9.1,46.9,0,46.9,60.8,25,1474,shot
serge-gnabry,https://www.sofascore.com/germany-hungary/jUbslUb#id:8602466,germany,block,No information,regular,14.1,35.5,0,right-foot,low-centre,0,51.1,19,No information,No information,17,No information,1010,35.5,14.1,48.9,0,48.9,81,29,1690,shot
adam-szalai,https://www.sofascore.com/germany-hungary/jUbslUb#id:8602466,hungary,goal,regular,assisted,9.1,53,0,head,low-right,0,47.8,9.5,No information,No information,11,No information,606,53,9.1,52.2,0,52.2,90.5,35,2094,shot
antonio-rudiger,https://www.sofascore.com/germany-hungary/jUbslUb#id:8602466,germany,miss,No information,set-piece,7.1,40.6,0,head,left,0,59.5,27.8,No information,No information,8,No information,472,40.6,7.1,40.5,0,40.5,72.2,38,2228,shot
joshua-kimmich,https://www.sofascore.com/germany-hungary/jUbslUb#id:8602466,germany,save,No information,assisted,4.5,66.1,0,right-foot,low-centre,0,48.9,7,No information,No information,4,No information,183,66.1,4.5,51.1,0,51.1,93,42,2517,shot
