Player,Game Link,Country,shotType,goalType,situation,X,Y,Z,bodyPart,goalMouthLocation,Goal Mouth X,Goal mouth Y,Goal Mouth Z,XG,XGOT,time,addedTime,timeSeconds,Start X,Start Y,End X,End Y,Goal X,Goal Y,reversedPeriodTime,reversedPeriodTimeSeconds,incidentType
jude-bellingham,https://www.sofascore.com/england-italy/hUbsnUb#id:10023391,england,miss,No information,assisted,8,51.4,0,head,close-high,0,50.6,55.6,No information,No information,90,6,5716,51.4,8,49.4,0,49.4,44.4,1,584,shot
declan-rice,https://www.sofascore.com/england-italy/hUbsnUb#id:10023391,england,save,No information,assisted,22.1,27.9,0,right-foot,low-right,0,47.1,10.1,No information,No information,90,3,5541,27.9,22.1,52.9,0,52.9,89.9,1,759,shot
wilfried-gnonto,https://www.sofascore.com/england-italy/hUbsnUb#id:10023391,italy,block,No information,assisted,9.8,28.4,0,left-foot,low-centre,0,49,19,No information,No information,90,1,5401,28.4,9.8,51,0,51,81,1,899,shot
bryan-cristante,https://www.sofascore.com/england-italy/hUbsnUb#id:10023391,italy,miss,No information,assisted,15.2,56.5,0,left-foot,high-left,0,57.3,91.7,No information,No information,88,No information,5249,56.5,15.2,42.7,0,42.7,8.3,3,151,shot
manolo-gabbiadini,https://www.sofascore.com/england-italy/hUbsnUb#id:10023391,italy,save,No information,assisted,13.8,34.7,0,left-foot,low-centre,0,51.1,2.5,No information,No information,85,No information,5041,34.7,13.8,48.9,0,48.9,97.5,6,359,shot
jude-bellingham,https://www.sofascore.com/england-italy/hUbsnUb#id:10023391,england,miss,No information,assisted,19.6,35,0,left-foot,high-left,0,61.8,83.3,No information,No information,83,No information,4974,35,19.6,38.2,0,38.2,16.7,8,426,shot
harry-kane,https://www.sofascore.com/england-italy/hUbsnUb#id:10023391,england,save,No information,regular,5.7,69.5,0,right-foot,low-centre,0,48.6,15.8,No information,No information,77,No information,4566,69.5,5.7,51.4,0,51.4,84.2,14,834,shot
harry-kane,https://www.sofascore.com/england-italy/hUbsnUb#id:10023391,england,save,No information,assisted,6.5,71.8,0,right-foot,low-centre,0,51.6,15.8,No information,No information,77,No information,4564,71.8,6.5,48.4,0,48.4,84.2,14,836,shot
eric-dier,https://www.sofascore.com/england-italy/hUbsnUb#id:10023391,england,miss,No information,set-piece,13.1,49.7,0,head,high-right,0,40.7,79.2,No information,No information,71,No information,4236,49.7,13.1,59.3,0,59.3,20.8,20,1164,shot
giacomo-raspadori,https://www.sofascore.com/england-italy/hUbsnUb#id:10023391,italy,goal,regular,assisted,15.6,32.1,0,right-foot,low-right,0,45.6,16.5,No information,No information,68,No information,4055,32.1,15.6,54.4,0,54.4,83.5,23,1345,shot
wilfried-gnonto,https://www.sofascore.com/england-italy/hUbsnUb#id:10023391,italy,block,No information,corner,12.7,76.7,0,right-foot,low-left,0,52.8,19,No information,No information,65,No information,3898,76.7,12.7,47.2,0,47.2,81,26,1502,shot
giovanni-di-lorenzo,https://www.sofascore.com/england-italy/hUbsnUb#id:10023391,italy,block,No information,corner,2,59.6,0,head,low-right,0,46.9,19,No information,No information,65,No information,3896,59.6,2,53.1,0,53.1,81,26,1504,shot
eric-dier,https://www.sofascore.com/england-italy/hUbsnUb#id:10023391,england,miss,No information,corner,11.8,56.2,0,right-foot,high,0,52.9,91.7,No information,No information,61,No information,3613,56.2,11.8,47.1,0,47.1,8.3,30,1787,shot
harry-kane,https://www.sofascore.com/england-italy/hUbsnUb#id:10023391,england,block,No information,fast-break,7.6,32.4,0,left-foot,low-left,0,52.8,19,No information,No information,50,No information,2983,32.4,7.6,47.2,0,47.2,81,41,2417,shot
reece-james,https://www.sofascore.com/england-italy/hUbsnUb#id:10023391,england,miss,No information,free-kick,19.4,35.1,0,right-foot,high-right,0,42,86.1,No information,No information,49,No information,2902,35.1,19.4,58,0,58,13.9,42,2498,shot
harry-kane,https://www.sofascore.com/england-italy/hUbsnUb#id:10023391,england,miss,No information,fast-break,24.1,60,0,right-foot,high,0,47.6,69.4,No information,No information,42,No information,2503,60,24.1,52.4,0,52.4,30.6,4,197,shot
bryan-cristante,https://www.sofascore.com/england-italy/hUbsnUb#id:10023391,italy,block,No information,regular,19.9,45.8,0,right-foot,low-centre,0,49.4,19,No information,No information,38,No information,2254,45.8,19.9,50.6,0,50.6,81,8,446,shot
jude-bellingham,https://www.sofascore.com/england-italy/hUbsnUb#id:10023391,england,save,No information,corner,19.1,72,0,right-foot,low-right,0,47.1,15.8,No information,No information,37,No information,2179,72,19.1,52.9,0,52.9,84.2,9,521,shot
eric-dier,https://www.sofascore.com/england-italy/hUbsnUb#id:10023391,england,miss,No information,corner,8.2,58.7,0,head,left,0,90.9,12.5,No information,No information,36,No information,2142,58.7,8.2,9.1,0,9.1,87.5,10,558,shot
reece-james,https://www.sofascore.com/england-italy/hUbsnUb#id:10023391,england,block,No information,set-piece,15.1,66.4,0,right-foot,low-centre,0,51.7,19,No information,No information,35,No information,2048,66.4,15.1,48.3,0,48.3,81,11,652,shot
harry-kane,https://www.sofascore.com/england-italy/hUbsnUb#id:10023391,england,miss,No information,set-piece,12.8,43.1,0,head,right,0,21.8,4.2,No information,No information,35,No information,2044,43.1,12.8,78.2,0,78.2,95.8,11,656,shot
gianluca-scamacca,https://www.sofascore.com/england-italy/hUbsnUb#id:10023391,italy,miss,No information,assisted,29.3,59.8,0,right-foot,left,0,61,2.8,No information,No information,6,No information,347,59.8,29.3,39,0,39,97.2,40,2353,shot
gianluca-scamacca,https://www.sofascore.com/england-italy/hUbsnUb#id:10023391,italy,save,No information,assisted,1.2,61.2,0,head,high-right,0,45.8,30.4,No information,No information,5,No information,257,61.2,1.2,54.2,0,54.2,69.6,41,2443,shot
giacomo-raspadori,https://www.sofascore.com/england-italy/hUbsnUb#id:10023391,italy,block,No information,assisted,18.5,31,0,right-foot,low-centre,0,51.6,19,No information,No information,4,No information,229,31,18.5,48.4,0,48.4,81,42,2471,shot

lorenzo-insigne,https://www.sofascore.com/italy-bosnia-and-herzegovina/EObshUb#id:8600760,italy,miss,No information,corner,18.5,51.9,0,right-foot,close-right,0,41.8,13.9,No information,No information,90,1,5408,51.9,18.5,58.2,0,58.2,86.1,1,892,shot
federico-bernardeschi,https://www.sofascore.com/italy-bosnia-and-herzegovina/EObshUb#id:8600760,italy,post,No information,assisted,14.5,40,0,left-foot,high,0,52.7,40.5,No information,No information,88,No information,5234,40,14.5,47.3,0,47.3,59.5,3,166,shot
kevin-lasagna,https://www.sofascore.com/italy-bosnia-and-herzegovina/EObshUb#id:8600760,italy,miss,No information,regular,19.2,59.2,0,right-foot,high-right,0,36.8,76.4,No information,No information,86,No information,5127,59.2,19.2,63.2,0,63.2,23.6,5,273,shot
domenico-berardi,https://www.sofascore.com/italy-bosnia-and-herzegovina/EObshUb#id:8600760,italy,goal,regular,assisted,9,44,0,left-foot,low-right,0,47.7,5.7,No information,No information,68,No information,4024,44,9,52.3,0,52.3,94.3,23,1376,shot
francesco-acerbi,https://www.sofascore.com/italy-bosnia-and-herzegovina/EObshUb#id:8600760,italy,miss,No information,assisted,5,33.6,0,left-foot,close-right,0,41.2,2.8,No information,No information,60,No information,3553,33.6,5,58.8,0,58.8,97.2,31,1847,shot
emerson-palmieri,https://www.sofascore.com/italy-bosnia-and-herzegovina/EObshUb#id:8600760,italy,miss,No information,assisted,18.9,34.2,0,right-foot,right,0,31.6,38.9,No information,No information,54,No information,3227,34.2,18.9,68.4,0,68.4,61.1,37,2173,shot
sinisa-sanicanin,https://www.sofascore.com/italy-bosnia-and-herzegovina/EObshUb#id:8600760,bosnia & herzegovina,miss,No information,set-piece,3.7,34.2,0,left-foot,close-left,0,56.1,4.2,No information,No information,52,No information,3111,34.2,3.7,43.9,0,43.9,95.8,39,2289,shot
andrea-belotti,https://www.sofascore.com/italy-bosnia-and-herzegovina/EObshUb#id:8600760,italy,miss,No information,assisted,4.8,32.4,0,left-foot,close-left,0,57.3,12.5,No information,No information,50,No information,2971,32.4,4.8,42.7,0,42.7,87.5,41,2429,shot
benjamin-tatar,https://www.sofascore.com/italy-bosnia-and-herzegovina/EObshUb#id:8600760,bosnia & herzegovina,miss,No information,assisted,23.9,56.5,0,right-foot,close-high-right,0,41,55.6,No information,No information,47,No information,2795,56.5,23.9,59,0,59,44.4,44,2605,shot
amer-gojak,https://www.sofascore.com/italy-bosnia-and-herzegovina/EObshUb#id:8600760,bosnia & herzegovina,miss,No information,regular,7.1,59,0,left-foot,close-right,0,42.9,4.2,No information,No information,44,No information,2618,59,7.1,57.1,0,57.1,95.8,2,82,shot
lorenzo-insigne,https://www.sofascore.com/italy-bosnia-and-herzegovina/EObshUb#id:8600760,italy,post,No information,assisted,14.5,36.5,0,right-foot,right,0,44.3,8.2,No information,No information,39,No information,2282,36.5,14.5,55.7,0,55.7,91.8,7,418,shot
sinisa-sanicanin,https://www.sofascore.com/italy-bosnia-and-herzegovina/EObshUb#id:8600760,bosnia & herzegovina,miss,No information,corner,8.9,55.5,0,head,left,0,63.4,12.5,No information,No information,38,No information,2243,55.5,8.9,36.6,0,36.6,87.5,8,457,shot
smail-prevljak,https://www.sofascore.com/italy-bosnia-and-herzegovina/EObshUb#id:8600760,bosnia & herzegovina,save,No information,assisted,6.8,59,0,right-foot,low-right,0,46.4,4.4,No information,No information,37,No information,2209,59,6.8,53.6,0,53.6,95.6,9,491,shot
josip-corluka,https://www.sofascore.com/italy-bosnia-and-herzegovina/EObshUb#id:8600760,bosnia & herzegovina,block,No information,assisted,24.2,62.9,0,left-foot,low-left,0,51.9,19,No information,No information,37,No information,2203,62.9,24.2,48.1,0,48.1,81,9,497,shot
andrea-belotti,https://www.sofascore.com/italy-bosnia-and-herzegovina/EObshUb#id:8600760,italy,save,No information,regular,26.2,36.3,0,right-foot,low-centre,0,51.1,2.5,No information,No information,36,No information,2125,36.3,26.2,48.9,0,48.9,97.5,10,575,shot
andrea-belotti,https://www.sofascore.com/italy-bosnia-and-herzegovina/EObshUb#id:8600760,italy,miss,No information,assisted,3.5,43.7,0,left-foot,left,0,63.2,6.9,No information,No information,31,No information,1852,43.7,3.5,36.8,0,36.8,93.1,15,848,shot
emerson-palmieri,https://www.sofascore.com/italy-bosnia-and-herzegovina/EObshUb#id:8600760,italy,miss,No information,assisted,7.1,54,0,head,left,0,71.3,5.6,No information,No information,31,No information,1852,54,7.1,28.7,0,28.7,94.4,15,848,shot
domenico-berardi,https://www.sofascore.com/italy-bosnia-and-herzegovina/EObshUb#id:8600760,italy,block,No information,set-piece,27.3,61.8,0,left-foot,low-left,0,53.3,19,No information,No information,29,No information,1690,61.8,27.3,46.7,0,46.7,81,17,1010,shot
lorenzo-insigne,https://www.sofascore.com/italy-bosnia-and-herzegovina/EObshUb#id:8600760,italy,miss,No information,corner,22.9,36.9,0,right-foot,high-right,0,42,90.3,No information,No information,26,No information,1519,36.9,22.9,58,0,58,9.7,20,1181,shot
domenico-berardi,https://www.sofascore.com/italy-bosnia-and-herzegovina/EObshUb#id:8600760,italy,save,No information,assisted,13.6,65.7,0,left-foot,low-centre,0,51.4,17.1,No information,No information,25,No information,1484,65.7,13.6,48.6,0,48.6,82.9,21,1216,shot
andrea-belotti,https://www.sofascore.com/italy-bosnia-and-herzegovina/EObshUb#id:8600760,italy,goal,regular,assisted,10.7,58.1,0,right-foot,low-left,0,54.1,16.5,No information,No information,22,No information,1273,58.1,10.7,45.9,0,45.9,83.5,24,1427,shot
andrea-belotti,https://www.sofascore.com/italy-bosnia-and-herzegovina/EObshUb#id:8600760,italy,miss,No information,assisted,8.6,47.1,0,head,left,0,59.3,12.5,No information,No information,15,No information,887,47.1,8.6,40.7,0,40.7,87.5,31,1813,shot
andrea-belotti,https://www.sofascore.com/italy-bosnia-and-herzegovina/EObshUb#id:8600760,italy,miss,No information,assisted,8.8,44,0,left-foot,right,0,35.6,5.6,No information,No information,6,No information,341,44,8.8,64.4,0,64.4,94.4,40,2359,shot
rade-krunic,https://www.sofascore.com/italy-bosnia-and-herzegovina/EObshUb#id:8600760,bosnia & herzegovina,block,No information,assisted,18.3,50.4,0,right-foot,low-right,0,47.2,19,No information,No information,5,No information,240,50.4,18.3,52.8,0,52.8,81,41,2460,shot

denis-zakaria,https://www.sofascore.com/italy-switzerland/ZTbshUb#id:9223828,switzerland,save,No information,corner,25.3,60,0,right-foot,low-right,0,47.6,14.6,No information,No information,85,No information,5040,60,25.3,52.4,0,52.4,85.4,6,360,shot
denis-zakaria,https://www.sofascore.com/italy-switzerland/ZTbshUb#id:9223828,switzerland,save,No information,assisted,6.1,70.3,0,right-foot,low-right,0,45.9,7.6,No information,No information,84,No information,4999,70.3,6.1,54.1,0,54.1,92.4,7,401,shot
federico-chiesa,https://www.sofascore.com/italy-switzerland/ZTbshUb#id:9223828,italy,block,No information,assisted,19.7,71.1,0,left-foot,low-centre,0,51.1,19,No information,No information,82,No information,4881,71.1,19.7,48.9,0,48.9,81,9,519,shot
fabian-frei,https://www.sofascore.com/italy-switzerland/ZTbshUb#id:9223828,switzerland,block,No information,corner,8.1,66.3,0,right-foot,low-centre,0,50.3,19,No information,No information,76,No information,4528,66.3,8.1,49.7,0,49.7,81,15,872,shot
fabian-frei,https://www.sofascore.com/italy-switzerland/ZTbshUb#id:9223828,switzerland,block,No information,set-piece,23.1,50.1,0,left-foot,low-centre,0,50.3,19,No information,No information,74,No information,4434,50.1,23.1,49.7,0,49.7,81,17,966,shot
haris-seferovic,https://www.sofascore.com/italy-switzerland/ZTbshUb#id:9223828,switzerland,miss,No information,set-piece,9.5,49.1,0,right-foot,left,0,59.7,9.7,No information,No information,74,No information,4431,49.1,9.5,40.3,0,40.3,90.3,17,969,shot
lorenzo-insigne,https://www.sofascore.com/italy-switzerland/ZTbshUb#id:9223828,italy,save,No information,assisted,14.8,41.2,0,left-foot,low-centre,0,49.5,1.3,No information,No information,72,No information,4301,41.2,14.8,50.5,0,50.5,98.7,19,1099,shot
emerson-palmieri,https://www.sofascore.com/italy-switzerland/ZTbshUb#id:9223828,italy,save,No information,assisted,14.4,24.1,0,left-foot,low-centre,0,48.2,7,No information,No information,62,No information,3678,24.1,14.4,51.8,0,51.8,93,29,1722,shot
renato-steffen,https://www.sofascore.com/italy-switzerland/ZTbshUb#id:9223828,switzerland,miss,No information,assisted,25.4,64.7,0,left-foot,high-left,0,61.5,70.8,No information,No information,60,No information,3592,64.7,25.4,38.5,0,38.5,29.2,31,1808,shot
steven-zuber,https://www.sofascore.com/italy-switzerland/ZTbshUb#id:9223828,switzerland,block,No information,assisted,9.9,29.8,0,left-foot,low-centre,0,48.9,19,No information,No information,57,No information,3403,29.8,9.9,51.1,0,51.1,81,34,1997,shot
jorginho,https://www.sofascore.com/italy-switzerland/ZTbshUb#id:9223828,italy,save,No information,penalty,11.5,50,0,right-foot,low-right,0,48.1,3.2,No information,No information,53,No information,3127,50,11.5,51.9,0,51.9,96.8,38,2273,shot
lorenzo-insigne,https://www.sofascore.com/italy-switzerland/ZTbshUb#id:9223828,italy,save,No information,free-kick,2.6,11.8,0,right-foot,high-centre,0,51.6,28.5,No information,No information,45,4,2882,11.8,2.6,48.4,0,48.4,71.5,1,2518,shot
manuel-akanji,https://www.sofascore.com/italy-switzerland/ZTbshUb#id:9223828,switzerland,miss,No information,set-piece,10.2,46.1,0,head,close-high-left,0,58.7,47.2,No information,No information,42,No information,2464,46.1,10.2,41.3,0,41.3,52.8,4,236,shot
lorenzo-insigne,https://www.sofascore.com/italy-switzerland/ZTbshUb#id:9223828,italy,save,No information,regular,6.2,56.9,0,right-foot,high-right,0,47.7,26.6,No information,No information,36,No information,2111,56.9,6.2,52.3,0,52.3,73.4,10,589,shot
lorenzo-insigne,https://www.sofascore.com/italy-switzerland/ZTbshUb#id:9223828,italy,miss,No information,assisted,19.1,37.3,0,right-foot,close-right,0,42,34.7,No information,No information,35,No information,2046,37.3,19.1,58,0,58,65.3,11,654,shot
domenico-berardi,https://www.sofascore.com/italy-switzerland/ZTbshUb#id:9223828,italy,save,No information,assisted,18.2,70.7,0,left-foot,low-centre,0,49.2,4.4,No information,No information,23,No information,1356,70.7,18.2,50.8,0,50.8,95.6,23,1344,shot
domenico-berardi,https://www.sofascore.com/italy-switzerland/ZTbshUb#id:9223828,italy,save,No information,fast-break,15.7,41.1,0,left-foot,low-left,0,52.2,4.4,No information,No information,19,No information,1109,41.1,15.7,47.8,0,47.8,95.6,27,1591,shot
ciro-immobile,https://www.sofascore.com/italy-switzerland/ZTbshUb#id:9223828,italy,miss,No information,assisted,15.1,54.8,0,right-foot,high,0,46.1,94.4,No information,No information,14,No information,825,54.8,15.1,53.9,0,53.9,5.6,32,1875,shot

giacomo-raspadori,https://www.sofascore.com/lithuania-italy/hUbsBVb#id:9223813,italy,block,No information,regular,15.1,52,0,right-foot,low-centre,0,49.8,19,No information,No information,90,No information,5376,52,15.1,50.2,0,50.2,81,1,24,shot
domenico-berardi,https://www.sofascore.com/lithuania-italy/hUbsBVb#id:9223813,italy,miss,No information,free-kick,22.9,67.8,0,left-foot,close-right,0,41.2,15.3,No information,No information,89,No information,5317,67.8,22.9,58.8,0,58.8,84.7,2,83,shot
justas-lasickas,https://www.sofascore.com/lithuania-italy/hUbsBVb#id:9223813,lithuania,block,No information,assisted,18.7,76,0,right-foot,low-right,0,46.9,19,No information,No information,86,No information,5110,76,18.7,53.1,0,53.1,81,5,290,shot
domenico-berardi,https://www.sofascore.com/lithuania-italy/hUbsBVb#id:9223813,italy,miss,No information,assisted,20.2,71.9,0,left-foot,high-left,0,60,75,No information,No information,85,No information,5055,71.9,20.2,40,0,40,25,6,345,shot
gaetano-castrovilli,https://www.sofascore.com/lithuania-italy/hUbsBVb#id:9223813,italy,post,No information,assisted,16.4,36.3,0,right-foot,left,0,55.3,21.5,No information,No information,84,No information,5033,36.3,16.4,44.7,0,44.7,78.5,7,367,shot
bryan-cristante,https://www.sofascore.com/lithuania-italy/hUbsBVb#id:9223813,italy,block,No information,assisted,17.6,43.7,0,right-foot,low-centre,0,50.4,19,No information,No information,76,No information,4556,43.7,17.6,49.6,0,49.6,81,15,844,shot
gaetano-castrovilli,https://www.sofascore.com/lithuania-italy/hUbsBVb#id:9223813,italy,block,No information,corner,20.5,65.5,0,left-foot,low-right,0,47.1,19,No information,No information,75,No information,4440,65.5,20.5,52.9,0,52.9,81,16,960,shot
giacomo-raspadori,https://www.sofascore.com/lithuania-italy/hUbsBVb#id:9223813,italy,miss,No information,free-kick,15.2,80.3,0,left-foot,high-left,0,59.5,76.4,No information,No information,72,No information,4294,80.3,15.2,40.5,0,40.5,23.6,19,1106,shot
gianluca-scamacca,https://www.sofascore.com/lithuania-italy/hUbsBVb#id:9223813,italy,miss,No information,assisted,9.8,53.4,0,head,left,0,65.9,6.9,No information,No information,65,No information,3892,53.4,9.8,34.1,0,34.1,93.1,26,1508,shot
matteo-pessina,https://www.sofascore.com/lithuania-italy/hUbsBVb#id:9223813,italy,miss,No information,regular,3.4,60,0,left-foot,close-right,0,42.9,6.9,No information,No information,63,No information,3731,60,3.4,57.1,0,57.1,93.1,28,1669,shot
federico-bernardeschi,https://www.sofascore.com/lithuania-italy/hUbsBVb#id:9223813,italy,block,No information,assisted,15.8,66.4,0,left-foot,low-left,0,52.2,19,No information,No information,56,No information,3309,66.4,15.8,47.8,0,47.8,81,35,2091,shot
giovanni-di-lorenzo,https://www.sofascore.com/lithuania-italy/hUbsBVb#id:9223813,italy,goal,regular,assisted,13.8,73.2,0,right-foot,low-left,0,54.5,16.5,No information,No information,54,No information,3212,73.2,13.8,45.5,0,45.5,83.5,37,2188,shot
davide-calabria,https://www.sofascore.com/lithuania-italy/hUbsBVb#id:9223813,italy,save,No information,regular,20.1,29.9,0,right-foot,low-left,0,52.7,11.4,No information,No information,53,No information,3132,29.9,20.1,47.3,0,47.3,88.6,38,2268,shot
federico-bernardeschi,https://www.sofascore.com/lithuania-italy/hUbsBVb#id:9223813,italy,miss,No information,assisted,13.4,73,0,left-foot,close-right,0,43,18.1,No information,No information,49,No information,2932,73,13.4,57,0,57,81.9,42,2468,shot
federico-bernardeschi,https://www.sofascore.com/lithuania-italy/hUbsBVb#id:9223813,italy,miss,No information,assisted,22.4,61.6,0,left-foot,right,0,39.5,5.6,No information,No information,43,No information,2548,61.6,22.4,60.5,0,60.5,94.4,3,152,shot
bryan-cristante,https://www.sofascore.com/lithuania-italy/hUbsBVb#id:9223813,italy,block,No information,assisted,22.4,44.6,0,right-foot,low-centre,0,51,19,No information,No information,41,No information,2417,44.6,22.4,49,0,49,81,5,283,shot
giacomo-raspadori,https://www.sofascore.com/lithuania-italy/hUbsBVb#id:9223813,italy,miss,No information,assisted,11.4,60.2,0,left-foot,high,0,53.4,81.9,No information,No information,38,No information,2264,60.2,11.4,46.6,0,46.6,18.1,8,436,shot
martynas-dapkus,https://www.sofascore.com/lithuania-italy/hUbsBVb#id:9223813,lithuania,block,No information,corner,12.9,49.6,0,right-foot,low-left,0,52.6,19,No information,No information,36,No information,2110,49.6,12.9,47.4,0,47.4,81,10,590,shot
ovidijus-verbickas,https://www.sofascore.com/lithuania-italy/hUbsBVb#id:9223813,lithuania,miss,No information,corner,13.6,72.4,0,right-foot,left,0,78,8.3,No information,No information,36,No information,2108,72.4,13.6,22,0,22,91.7,10,592,shot
moise-kean,https://www.sofascore.com/lithuania-italy/hUbsBVb#id:9223813,italy,goal,regular,assisted,8.8,43.7,0,left-foot,high-right,0,48.1,29.1,No information,No information,29,No information,1728,43.7,8.8,51.9,0,51.9,70.9,17,972,shot
giacomo-raspadori,https://www.sofascore.com/lithuania-italy/hUbsBVb#id:9223813,italy,goal,regular,regular,4.6,51.6,0,right-foot,high-centre,0,49.7,32.3,No information,No information,24,No information,1419,51.6,4.6,50.3,0,50.3,67.7,22,1281,shot
federico-bernardeschi,https://www.sofascore.com/lithuania-italy/hUbsBVb#id:9223813,italy,miss,No information,regular,23.5,68.4,0,left-foot,high-left,0,69.7,50,No information,No information,21,No information,1246,68.4,23.5,30.3,0,30.3,50,25,1454,shot
edgaras-utkus,https://www.sofascore.com/lithuania-italy/hUbsBVb#id:9223813,italy,goal,own,regular,8.7,52,0,other,low-left,0,52.6,6.3,No information,No information,14,No information,808,52,8.7,47.4,0,47.4,93.7,32,1892,shot
giacomo-raspadori,https://www.sofascore.com/lithuania-italy/hUbsBVb#id:9223813,italy,miss,No information,assisted,17.7,66.8,0,left-foot,left,0,66.4,4.2,No information,No information,14,No information,808,66.8,17.7,33.6,0,33.6,95.8,32,1892,shot
donatas-kazlauskas,https://www.sofascore.com/lithuania-italy/hUbsBVb#id:9223813,lithuania,block,No information,assisted,8.7,46.8,0,head,low-left,0,52,19,No information,No information,13,No information,761,46.8,8.7,48,0,48,81,33,1939,shot
moise-kean,https://www.sofascore.com/lithuania-italy/hUbsBVb#id:9223813,italy,goal,regular,regular,5,35.1,0,right-foot,low-left,0,54.1,3.8,No information,No information,11,No information,622,35.1,5,45.9,0,45.9,96.2,35,2078,shot
ovidijus-verbickas,https://www.sofascore.com/lithuania-italy/hUbsBVb#id:9223813,lithuania,save,No information,assisted,13.9,65.6,0,right-foot,low-right,0,46.1,13.9,No information,No information,10,No information,540,65.6,13.9,53.9,0,53.9,86.1,36,2160,shot
ovidijus-verbickas,https://www.sofascore.com/lithuania-italy/hUbsBVb#id:9223813,lithuania,block,No information,set-piece,9.5,71.9,0,right-foot,low-right,0,47.5,19,No information,No information,1,No information,51,71.9,9.5,52.5,0,52.5,81,45,2649,shot

andrea-belotti,https://www.sofascore.com/liechtenstein-italy/hUbsFWb#id:8079025,italy,goal,regular,assisted,4.8,47.8,0,head,low-centre,0,51,7.6,No information,No information,90,2,5488,47.8,4.8,49,0,49,92.4,1,812,shot
giovanni-di-lorenzo,https://www.sofascore.com/liechtenstein-italy/hUbsFWb#id:8079025,italy,miss,No information,assisted,7.4,67.4,0,head,high-right,0,38.7,44.4,No information,No information,90,No information,5370,67.4,7.4,61.3,0,61.3,55.6,1,30,shot
stephan-el-shaarawy,https://www.sofascore.com/liechtenstein-italy/hUbsFWb#id:8079025,italy,save,No information,assisted,11.8,56.7,0,right-foot,low-centre,0,51.6,10.1,No information,No information,87,No information,5182,56.7,11.8,48.4,0,48.4,89.9,4,218,shot
stephan-el-shaarawy,https://www.sofascore.com/liechtenstein-italy/hUbsFWb#id:8079025,italy,goal,regular,assisted,8.8,44.3,0,right-foot,low-left,0,52.8,5.1,No information,No information,82,No information,4909,44.3,8.8,47.2,0,47.2,94.9,9,491,shot
bryan-cristante,https://www.sofascore.com/liechtenstein-italy/hUbsFWb#id:8079025,italy,block,No information,corner,7.6,60.9,0,right-foot,No information,No information,No information,No information,No information,No information,80,No information,4740,60.9,7.6,No information,No information,No information,No information,11,660,shot
stephan-el-shaarawy,https://www.sofascore.com/liechtenstein-italy/hUbsFWb#id:8079025,italy,save,No information,set-piece,13.4,33.8,0,right-foot,low-centre,0,50.3,18.4,No information,No information,79,No information,4720,33.8,13.4,49.7,0,49.7,81.6,12,680,shot
alessio-romagnoli,https://www.sofascore.com/liechtenstein-italy/hUbsFWb#id:8079025,italy,goal,regular,corner,7.4,53.3,0,head,low-left,0,53.6,0.6,No information,No information,77,No information,4579,53.3,7.4,46.4,0,46.4,99.4,14,821,shot
stephan-el-shaarawy,https://www.sofascore.com/liechtenstein-italy/hUbsFWb#id:8079025,italy,miss,No information,corner,15,36.3,0,right-foot,high,0,49.7,66.7,No information,No information,72,No information,4293,36.3,15,50.3,0,50.3,33.3,19,1107,shot
andrea-belotti,https://www.sofascore.com/liechtenstein-italy/hUbsFWb#id:8079025,italy,goal,regular,corner,7,45.6,0,head,low-right,0,47.3,19.6,No information,No information,70,No information,4162,45.6,7,52.7,0,52.7,80.4,21,1238,shot
federico-bernardeschi,https://www.sofascore.com/liechtenstein-italy/hUbsFWb#id:8079025,italy,block,No information,regular,17.5,66.8,0,left-foot,No information,No information,No information,No information,No information,No information,69,No information,4096,66.8,17.5,No information,No information,No information,No information,22,1304,shot
bryan-cristante,https://www.sofascore.com/liechtenstein-italy/hUbsFWb#id:8079025,italy,block,No information,assisted,19.7,51.1,0,right-foot,No information,No information,No information,No information,No information,No information,68,No information,4068,51.1,19.7,No information,No information,No information,No information,23,1332,shot
dennis-salanovic,https://www.sofascore.com/liechtenstein-italy/hUbsFWb#id:8079025,liechtenstein,save,No information,assisted,14.1,35.4,0,right-foot,high-right,0,47.6,22.8,No information,No information,65,No information,3845,35.4,14.1,52.4,0,52.4,77.2,26,1555,shot
seyhan-yildiz,https://www.sofascore.com/liechtenstein-italy/hUbsFWb#id:8079025,liechtenstein,miss,No information,assisted,10.5,60.8,0,head,close-right,0,41,31.9,No information,No information,61,No information,3616,60.8,10.5,59,0,59,68.1,30,1784,shot
cristiano-biraghi,https://www.sofascore.com/liechtenstein-italy/hUbsFWb#id:8079025,italy,save,No information,corner,28.1,65.1,0,left-foot,low-right,0,46.1,7.6,No information,No information,59,No information,3526,65.1,28.1,53.9,0,53.9,92.4,32,1874,shot
bryan-cristante,https://www.sofascore.com/liechtenstein-italy/hUbsFWb#id:8079025,italy,miss,No information,corner,7.1,39.4,0,head,close-right,0,42.2,4.2,No information,No information,59,No information,3515,39.4,7.1,57.8,0,57.8,95.8,32,1885,shot
nicolo-zaniolo,https://www.sofascore.com/liechtenstein-italy/hUbsFWb#id:8079025,italy,block,No information,corner,4.3,59.6,0,left-foot,No information,No information,No information,No information,No information,No information,54,No information,3202,59.6,4.3,No information,No information,No information,No information,37,2198,shot
giovanni-di-lorenzo,https://www.sofascore.com/liechtenstein-italy/hUbsFWb#id:8079025,italy,miss,No information,corner,8.3,46.8,0,head,right,0,20.8,2.8,No information,No information,54,No information,3199,46.8,8.3,79.2,0,79.2,97.2,37,2201,shot
andrea-belotti,https://www.sofascore.com/liechtenstein-italy/hUbsFWb#id:8079025,italy,miss,No information,assisted,4.7,68.2,0,right-foot,close-right,0,43.9,29.2,No information,No information,52,No information,3109,68.2,4.7,56.1,0,56.1,70.8,39,2291,shot
andrea-belotti,https://www.sofascore.com/liechtenstein-italy/hUbsFWb#id:8079025,italy,miss,No information,assisted,14.5,63.5,0,right-foot,high-right,0,40.7,47.2,No information,No information,50,No information,2963,63.5,14.5,59.3,0,59.3,52.8,41,2437,shot
dennis-salanovic,https://www.sofascore.com/liechtenstein-italy/hUbsFWb#id:8079025,liechtenstein,miss,No information,assisted,28.2,42.3,0,right-foot,close-left,0,57.1,22.2,No information,No information,42,No information,2484,42.3,28.2,42.9,0,42.9,77.8,4,216,shot
federico-bernardeschi,https://www.sofascore.com/liechtenstein-italy/hUbsFWb#id:8079025,italy,save,No information,free-kick,23.6,57,0,left-foot,low-centre,0,51.6,15.8,No information,No information,40,No information,2398,57,23.6,48.4,0,48.4,84.2,6,302,shot
andrea-belotti,https://www.sofascore.com/liechtenstein-italy/hUbsFWb#id:8079025,italy,block,No information,assisted,4.1,60.6,0,right-foot,No information,No information,No information,No information,No information,No information,30,No information,1768,60.6,4.1,No information,No information,No information,No information,16,932,shot
nicolo-zaniolo,https://www.sofascore.com/liechtenstein-italy/hUbsFWb#id:8079025,italy,miss,No information,assisted,24.8,55.9,0,left-foot,high-left,0,58.8,80.6,No information,No information,29,No information,1687,55.9,24.8,41.2,0,41.2,19.4,17,1013,shot
nicolas-hasler,https://www.sofascore.com/liechtenstein-italy/hUbsFWb#id:8079025,liechtenstein,miss,No information,fast-break,62.8,73.2,0,right-foot,left,0,68.6,5.6,No information,No information,23,No information,1336,73.2,62.8,31.4,0,31.4,94.4,23,1364,shot
nicolo-zaniolo,https://www.sofascore.com/liechtenstein-italy/hUbsFWb#id:8079025,italy,save,No information,assisted,22.4,75.4,0,left-foot,low-right,0,47.1,7,No information,No information,21,No information,1226,75.4,22.4,52.9,0,52.9,93,25,1474,shot
maximilian-goppel,https://www.sofascore.com/liechtenstein-italy/hUbsFWb#id:8079025,liechtenstein,miss,No information,corner,26.6,31.4,0,left-foot,right,0,36.8,37.5,No information,No information,15,No information,871,31.4,26.6,63.2,0,63.2,62.5,31,1829,shot
federico-bernardeschi,https://www.sofascore.com/liechtenstein-italy/hUbsFWb#id:8079025,italy,save,No information,corner,22.5,38.8,0,left-foot,low-centre,0,48.4,5.7,No information,No information,14,No information,816,38.8,22.5,51.6,0,51.6,94.3,32,1884,shot
bryan-cristante,https://www.sofascore.com/liechtenstein-italy/hUbsFWb#id:8079025,italy,block,No information,assisted,17.8,51.8,0,right-foot,No information,No information,No information,No information,No information,No information,13,No information,767,51.8,17.8,No information,No information,No information,No information,33,1933,shot
dennis-salanovic,https://www.sofascore.com/liechtenstein-italy/hUbsFWb#id:8079025,liechtenstein,save,No information,assisted,13.7,42.3,0,right-foot,low-left,0,52.2,4.4,No information,No information,5,No information,263,42.3,13.7,47.8,0,47.8,95.6,41,2437,shot
federico-bernardeschi,https://www.sofascore.com/liechtenstein-italy/hUbsFWb#id:8079025,italy,miss,No information,assisted,11.2,47.8,0,head,right,0,36.6,4.2,No information,No information,4,No information,220,47.8,11.2,63.4,0,63.4,95.8,42,2480,shot
federico-bernardeschi,https://www.sofascore.com/liechtenstein-italy/hUbsFWb#id:8079025,italy,goal,regular,fast-break,14.5,52.8,0,left-foot,high-left,0,53.2,24.1,No information,No information,2,No information,108,52.8,14.5,46.8,0,46.8,75.9,44,2592,shot
maximilian-goppel,https://www.sofascore.com/liechtenstein-italy/hUbsFWb#id:8079025,liechtenstein,block,No information,regular,12.4,38.6,0,left-foot,No information,No information,No information,No information,No information,No information,1,No information,56,38.6,12.4,No information,No information,No information,No information,45,2644,shot
dennis-salanovic,https://www.sofascore.com/liechtenstein-italy/hUbsFWb#id:8079025,liechtenstein,save,No information,assisted,9.3,29.1,0,left-foot,low-centre,0,51.6,4.4,No information,No information,1,No information,55,29.1,9.3,48.4,0,48.4,95.6,45,2645,shot

joshua-kimmich,https://www.sofascore.com/germany-italy/hUbslUb#id:10023354,germany,miss,No information,regular,50.9,48.8,0,right-foot,left,0,69.7,23.6,No information,No information,90,5,5650,48.8,50.9,30.3,0,30.3,76.4,1,650,shot
alessandro-bastoni,https://www.sofascore.com/germany-italy/hUbslUb#id:10023354,italy,goal,regular,corner,5.4,59.8,0,head,low-right,0,46.1,17.1,No information,No information,90,4,5600,59.8,5.4,53.9,0,53.9,82.9,1,700,shot
federico-dimarco,https://www.sofascore.com/germany-italy/hUbslUb#id:10023354,italy,save,No information,set-piece,22.5,76.4,0,left-foot,high-left,0,52.7,31,No information,No information,90,2,5515,76.4,22.5,47.3,0,47.3,69,1,785,shot
anton-stach,https://www.sofascore.com/germany-italy/hUbslUb#id:10023354,germany,miss,No information,assisted,10.5,41.8,0,right-foot,close-left,0,56.6,5.6,No information,No information,90,No information,5388,41.8,10.5,43.4,0,43.4,94.4,1,12,shot
davide-calabria,https://www.sofascore.com/germany-italy/hUbslUb#id:10023354,italy,save,No information,assisted,12.4,74.1,0,left-foot,low-centre,0,48.9,6.3,No information,No information,86,No information,5120,74.1,12.4,51.1,0,51.1,93.7,5,280,shot
jamal-musiala,https://www.sofascore.com/germany-italy/hUbslUb#id:10023354,germany,block,No information,assisted,21,47.1,0,right-foot,low-centre,0,50.6,19,No information,No information,84,No information,5038,47.1,21,49.4,0,49.4,81,7,362,shot
wilfried-gnonto,https://www.sofascore.com/germany-italy/hUbslUb#id:10023354,italy,goal,regular,regular,5.3,57.5,0,left-foot,low-right,0,47.1,1.3,No information,No information,78,No information,4653,57.5,5.3,52.9,0,52.9,98.7,13,747,shot
federico-dimarco,https://www.sofascore.com/germany-italy/hUbslUb#id:10023354,italy,save,No information,assisted,11.7,23.7,0,left-foot,low-right,0,48.1,2.5,No information,No information,78,No information,4651,23.7,11.7,51.9,0,51.9,97.5,13,749,shot
timo-werner,https://www.sofascore.com/germany-italy/hUbslUb#id:10023354,germany,goal,regular,assisted,11.1,50.9,0,left-foot,low-left,0,52.2,4.4,No information,No information,69,No information,4121,50.9,11.1,47.8,0,47.8,95.6,22,1279,shot
timo-werner,https://www.sofascore.com/germany-italy/hUbslUb#id:10023354,germany,goal,regular,assisted,5.4,52.2,0,right-foot,high-centre,0,50,20.9,No information,No information,68,No information,4030,52.2,5.4,50,0,50,79.1,23,1370,shot
ilkay-gundogan,https://www.sofascore.com/germany-italy/hUbslUb#id:10023354,germany,block,No information,assisted,17.1,43.1,0,right-foot,low-right,0,46.4,19,No information,No information,67,No information,3970,43.1,17.1,53.6,0,53.6,81,24,1430,shot
nicolo-barella,https://www.sofascore.com/germany-italy/hUbslUb#id:10023354,italy,miss,No information,assisted,14.7,68.8,0,right-foot,high,0,50.1,70.8,No information,No information,63,No information,3760,68.8,14.7,49.9,0,49.9,29.2,28,1640,shot
timo-werner,https://www.sofascore.com/germany-italy/hUbslUb#id:10023354,germany,save,No information,assisted,11.8,40.6,0,right-foot,low-centre,0,49.9,3.2,No information,No information,60,No information,3582,40.6,11.8,50.1,0,50.1,96.8,31,1818,shot
timo-werner,https://www.sofascore.com/germany-italy/hUbslUb#id:10023354,germany,miss,No information,corner,7.7,72,0,right-foot,left,0,96.6,23.6,No information,No information,56,No information,3357,72,7.7,3.4,0,3.4,76.4,35,2043,shot
gianluca-caprari,https://www.sofascore.com/germany-italy/hUbslUb#id:10023354,italy,block,No information,assisted,18.4,41.1,0,right-foot,low-centre,0,49.9,19,No information,No information,55,No information,3241,41.1,18.4,50.1,0,50.1,81,36,2159,shot
thomas-muller,https://www.sofascore.com/germany-italy/hUbslUb#id:10023354,germany,goal,regular,regular,15.9,56.3,0,right-foot,low-right,0,47.7,15.2,No information,No information,51,No information,3037,56.3,15.9,52.3,0,52.3,84.8,40,2363,shot
bryan-cristante,https://www.sofascore.com/germany-italy/hUbslUb#id:10023354,italy,miss,No information,assisted,23.4,60.3,0,right-foot,high-right,0,43.5,72.2,No information,No information,48,No information,2830,60.3,23.4,56.5,0,56.5,27.8,43,2570,shot
davide-calabria,https://www.sofascore.com/germany-italy/hUbslUb#id:10023354,italy,block,No information,regular,11,59.9,0,left-foot,low-right,0,47.5,19,No information,No information,47,No information,2808,59.9,11,52.5,0,52.5,81,44,2592,shot
giorgio-scalvini,https://www.sofascore.com/germany-italy/hUbslUb#id:10023354,italy,miss,No information,corner,5.9,57.7,0,head,high-right,0,40.3,44.4,No information,No information,47,No information,2776,57.7,5.9,59.7,0,59.7,55.6,44,2624,shot
bryan-cristante,https://www.sofascore.com/germany-italy/hUbslUb#id:10023354,italy,miss,No information,regular,18.5,49.4,0,left-foot,close-right,0,40.8,9.7,No information,No information,46,No information,2733,49.4,18.5,59.2,0,59.2,90.3,45,2667,shot
ilkay-gundogan,https://www.sofascore.com/germany-italy/hUbslUb#id:10023354,germany,goal,penalty,penalty,11.5,50,0,right-foot,high-centre,0,49,26.6,No information,No information,45,4,2888,50,11.5,51,0,51,73.4,1,2512,shot
thomas-muller,https://www.sofascore.com/germany-italy/hUbslUb#id:10023354,germany,block,No information,corner,5.9,62.7,0,head,low-left,0,53.9,19,No information,No information,42,No information,2481,62.7,5.9,46.1,0,46.1,81,4,219,shot
timo-werner,https://www.sofascore.com/germany-italy/hUbslUb#id:10023354,germany,save,No information,fast-break,12.2,63.4,0,right-foot,high-right,0,48,23.4,No information,No information,40,No information,2378,63.4,12.2,52,0,52,76.6,6,322,shot
leroy-sane,https://www.sofascore.com/germany-italy/hUbslUb#id:10023354,germany,save,No information,assisted,15.1,49.1,0,left-foot,low-centre,0,50.3,16.5,No information,No information,39,No information,2316,49.1,15.1,49.7,0,49.7,83.5,7,384,shot
nicolo-barella,https://www.sofascore.com/germany-italy/hUbslUb#id:10023354,italy,miss,No information,assisted,14.8,57.8,0,right-foot,high,0,45.7,91.7,No information,No information,35,No information,2069,57.8,14.8,54.3,0,54.3,8.3,11,631,shot
jonas-hofmann,https://www.sofascore.com/germany-italy/hUbslUb#id:10023354,germany,save,No information,assisted,9.2,65.2,0,right-foot,low-centre,0,50.2,1.3,No information,No information,33,No information,1929,65.2,9.2,49.8,0,49.8,98.7,13,771,shot
bryan-cristante,https://www.sofascore.com/germany-italy/hUbslUb#id:10023354,italy,miss,No information,set-piece,14.9,55.9,0,head,close-high,0,50.6,58.3,No information,No information,22,No information,1265,55.9,14.9,49.4,0,49.4,41.7,24,1435,shot
antonio-rudiger,https://www.sofascore.com/germany-italy/hUbslUb#id:10023354,germany,miss,No information,corner,5.8,42.7,0,head,left,0,60.7,11.1,No information,No information,14,No information,833,42.7,5.8,39.3,0,39.3,88.9,32,1867,shot
joshua-kimmich,https://www.sofascore.com/germany-italy/hUbslUb#id:10023354,germany,goal,regular,assisted,8.4,49.2,0,left-foot,low-left,0,52.2,1.9,No information,No information,10,No information,595,49.2,8.4,47.8,0,47.8,98.1,36,2105,shot
giacomo-raspadori,https://www.sofascore.com/germany-italy/hUbslUb#id:10023354,italy,save,No information,assisted,6.5,52.2,0,right-foot,low-centre,0,51.5,2.5,No information,No information,8,No information,454,52.2,6.5,48.5,0,48.5,97.5,38,2246,shot
leroy-sane,https://www.sofascore.com/germany-italy/hUbslUb#id:10023354,germany,miss,No information,fast-break,20.6,49.3,0,right-foot,close-left,0,58.5,6.9,No information,No information,7,No information,379,49.3,20.6,41.5,0,41.5,93.1,39,2321,shot

mitaj-mario,https://www.sofascore.com/italy-albania/PTbshUb#id:11873898,albania,miss,No information,assisted,18.2,29.4,0,left-foot,close-high-right,0,41.2,47.2,No information,No information,90,5,5695,29.4,18.2,58.8,0,58.8,52.8,1,605,shot
rey-manaj,https://www.sofascore.com/italy-albania/PTbshUb#id:11873898,albania,miss,No information,assisted,3.8,66.2,0,right-foot,left,0,61,6.9,No information,No information,90,No information,5372,66.2,3.8,39,0,39,93.1,1,28,shot
federico-dimarco,https://www.sofascore.com/italy-albania/PTbshUb#id:11873898,italy,save,No information,assisted,23.8,27.2,0,left-foot,high-centre,0,48.4,24.7,No information,No information,80,No information,4748,27.2,23.8,51.6,0,51.6,75.3,11,652,shot
kristjan-asllani,https://www.sofascore.com/italy-albania/PTbshUb#id:11873898,albania,miss,No information,corner,20.4,56.2,0,left-foot,right,0,37,19.4,No information,No information,69,No information,4132,56.2,20.4,63,0,63,80.6,22,1268,shot
giovanni-di-lorenzo,https://www.sofascore.com/italy-albania/PTbshUb#id:11873898,italy,block,No information,corner,3.6,38.5,0,head,low-centre,0,49.4,18.1,No information,No information,67,No information,3965,38.5,3.6,50.6,0,50.6,81.9,24,1435,shot
federico-chiesa,https://www.sofascore.com/italy-albania/PTbshUb#id:11873898,italy,miss,No information,assisted,17.6,65.8,0,left-foot,close-left,0,57,23.6,No information,No information,60,No information,3541,65.8,17.6,43,0,43,76.4,31,1859,shot
kristjan-asllani,https://www.sofascore.com/italy-albania/PTbshUb#id:11873898,albania,block,No information,free-kick,25,30.9,0,right-foot,low-centre,0,50.9,19,No information,No information,52,No information,3102,30.9,25,49.1,0,49.1,81,39,2298,shot
gianluca-scamacca,https://www.sofascore.com/italy-albania/PTbshUb#id:11873898,italy,miss,No information,regular,21.8,54.4,0,right-foot,left,0,62.2,4.2,No information,No information,48,No information,2857,54.4,21.8,37.8,0,37.8,95.8,43,2543,shot
lorenzo-pellegrini,https://www.sofascore.com/italy-albania/PTbshUb#id:11873898,italy,miss,No information,assisted,8.3,47.1,0,other,left,0,64.9,13.9,No information,No information,45,2,2769,47.1,8.3,35.1,0,35.1,86.1,1,2631,shot
jasir-asani,https://www.sofascore.com/italy-albania/PTbshUb#id:11873898,albania,miss,No information,set-piece,25.7,65.7,0,left-foot,close-high-left,0,58.8,59.7,No information,No information,44,No information,2624,65.7,25.7,41.2,0,41.2,40.3,2,76,shot
riccardo-calafiori,https://www.sofascore.com/italy-albania/PTbshUb#id:11873898,italy,block,No information,corner,8.9,48.1,0,head,low-centre,0,51.4,19,No information,No information,40,No information,2396,48.1,8.9,48.6,0,48.6,81,6,304,shot
gianluca-scamacca,https://www.sofascore.com/italy-albania/PTbshUb#id:11873898,italy,save,No information,assisted,4.2,63.4,0,right-foot,low-centre,0,51.3,0.6,No information,No information,40,No information,2354,63.4,4.2,48.7,0,48.7,99.4,6,346,shot
davide-frattesi,https://www.sofascore.com/italy-albania/PTbshUb#id:11873898,italy,save,No information,regular,6.4,64.2,0,right-foot,high-centre,0,50.3,22.2,No information,No information,33,No information,1971,64.2,6.4,49.7,0,49.7,77.8,13,729,shot
lorenzo-pellegrini,https://www.sofascore.com/italy-albania/PTbshUb#id:11873898,italy,miss,No information,assisted,7.3,39.5,0,right-foot,right,0,38,5.6,No information,No information,31,No information,1814,39.5,7.3,62,0,62,94.4,15,886,shot
federico-chiesa,https://www.sofascore.com/italy-albania/PTbshUb#id:11873898,italy,block,No information,corner,24,43.2,0,right-foot,low-centre,0,50.9,19,No information,No information,21,No information,1234,43.2,24,49.1,0,49.1,81,25,1466,shot
riccardo-calafiori,https://www.sofascore.com/italy-albania/PTbshUb#id:11873898,italy,block,No information,corner,4.5,47.1,0,head,low-centre,0,49.4,19,No information,No information,21,No information,1231,47.1,4.5,50.6,0,50.6,81,25,1469,shot
nicolo-barella,https://www.sofascore.com/italy-albania/PTbshUb#id:11873898,italy,goal,regular,regular,18.9,47.3,0,right-foot,low-left,0,54.6,12.7,No information,No information,16,No information,952,47.3,18.9,45.4,0,45.4,87.3,30,1748,shot
gianluca-scamacca,https://www.sofascore.com/italy-albania/PTbshUb#id:11873898,italy,block,No information,regular,14.5,64.4,0,right-foot,low-left,0,52.2,19,No information,No information,16,No information,949,64.4,14.5,47.8,0,47.8,81,30,1751,shot
alessandro-bastoni,https://www.sofascore.com/italy-albania/PTbshUb#id:11873898,italy,goal,regular,corner,3.2,59.3,0,head,high-centre,0,51.3,22.8,No information,No information,11,No information,615,59.3,3.2,48.7,0,48.7,77.2,35,2085,shot
federico-dimarco,https://www.sofascore.com/italy-albania/PTbshUb#id:11873898,italy,block,No information,assisted,14.5,27.4,0,left-foot,low-centre,0,49.3,19,No information,No information,10,No information,578,27.4,14.5,50.7,0,50.7,81,36,2122,shot
berat-djimsiti,https://www.sofascore.com/italy-albania/PTbshUb#id:11873898,albania,miss,No information,assisted,15.1,41.6,0,left-foot,left,0,78.2,13.9,No information,No information,9,No information,524,41.6,15.1,21.8,0,21.8,86.1,37,2176,shot
jasir-asani,https://www.sofascore.com/italy-albania/PTbshUb#id:11873898,albania,block,No information,assisted,11.1,72.3,0,left-foot,low-left,0,52.5,19,No information,No information,8,No information,438,72.3,11.1,47.5,0,47.5,81,38,2262,shot
federico-chiesa,https://www.sofascore.com/italy-albania/PTbshUb#id:11873898,italy,block,No information,assisted,8.6,72.7,0,left-foot,low-centre,0,48.6,19,No information,No information,6,No information,352,72.7,8.6,51.4,0,51.4,81,40,2348,shot
lorenzo-pellegrini,https://www.sofascore.com/italy-albania/PTbshUb#id:11873898,italy,miss,No information,assisted,14.4,52.7,0,right-foot,close-right,0,42.5,34.7,No information,No information,2,No information,114,52.7,14.4,57.5,0,57.5,65.3,44,2586,shot
nedim-bajrami,https://www.sofascore.com/italy-albania/PTbshUb#id:11873898,albania,goal,regular,regular,7.6,67,0,right-foot,high-right,0,46.2,25.9,No information,No information,1,No information,23,67,7.6,53.8,0,53.8,74.1,45,2677,shot

giacomo-raspadori,https://www.sofascore.com/england-italy/hUbsnUb#id:10752547,italy,block,No information,assisted,9.1,42.2,0,right-foot,low-left,0,51.9,19,No information,No information,90,3,5558,42.2,9.1,48.1,0,48.1,81,1,742,shot
moise-kean,https://www.sofascore.com/england-italy/hUbsnUb#id:10752547,italy,block,No information,assisted,14,33.3,0,right-foot,low-centre,0,48.5,19,No information,No information,90,3,5537,33.3,14,51.5,0,51.5,81,1,763,shot
moise-kean,https://www.sofascore.com/england-italy/hUbsnUb#id:10752547,italy,save,No information,assisted,18.3,45.3,0,right-foot,high-centre,0,49,20.3,No information,No information,90,1,5402,45.3,18.3,51,0,51,79.7,1,898,shot
harry-kane,https://www.sofascore.com/england-italy/hUbsnUb#id:10752547,england,goal,regular,regular,14.8,60.6,0,right-foot,low-right,0,48,10.1,No information,No information,77,No information,4563,60.6,14.8,52,0,52,89.9,14,837,shot
stephan-el-shaarawy,https://www.sofascore.com/england-italy/hUbsnUb#id:10752547,italy,block,No information,assisted,8.8,43.5,0,head,low-right,0,48.1,19.4,No information,No information,72,No information,4279,43.5,8.8,51.9,0,51.9,80.6,19,1121,shot
phil-foden,https://www.sofascore.com/england-italy/hUbsnUb#id:10752547,england,save,No information,assisted,19.3,34.9,0,left-foot,low-centre,0,48.7,1.9,No information,No information,68,No information,4043,34.9,19.3,51.3,0,51.3,98.1,23,1357,shot
marcus-rashford,https://www.sofascore.com/england-italy/hUbsnUb#id:10752547,england,miss,No information,assisted,20.7,30.1,0,right-foot,high-right,0,42.5,66.7,No information,No information,62,No information,3691,30.1,20.7,57.5,0,57.5,33.3,29,1709,shot
gianluca-scamacca,https://www.sofascore.com/england-italy/hUbsnUb#id:10752547,italy,save,No information,assisted,13.5,35.9,0,right-foot,high-left,0,52,22.8,No information,No information,61,No information,3640,35.9,13.5,48,0,48,77.2,30,1760,shot
stephan-el-shaarawy,https://www.sofascore.com/england-italy/hUbsnUb#id:10752547,italy,miss,No information,assisted,21.4,28.1,0,right-foot,right,0,32.6,6.9,No information,No information,61,No information,3636,28.1,21.4,67.4,0,67.4,93.1,30,1764,shot
bryan-cristante,https://www.sofascore.com/england-italy/hUbsnUb#id:10752547,italy,miss,No information,assisted,25.3,65.4,0,right-foot,left,0,62.2,6.9,No information,No information,58,No information,3473,65.4,25.3,37.8,0,37.8,93.1,33,1927,shot
marcus-rashford,https://www.sofascore.com/england-italy/hUbsnUb#id:10752547,england,goal,regular,fast-break,13.8,42.3,0,right-foot,low-right,0,47.2,1.3,No information,No information,57,No information,3376,42.3,13.8,52.8,0,52.8,98.7,34,2024,shot
domenico-berardi,https://www.sofascore.com/england-italy/hUbsnUb#id:10752547,italy,miss,No information,assisted,24.4,57.7,0,left-foot,high,0,51.3,86.1,No information,No information,56,No information,3313,57.7,24.4,48.7,0,48.7,13.9,35,2087,shot
kalvin-phillips,https://www.sofascore.com/england-italy/hUbsnUb#id:10752547,england,miss,No information,assisted,23.8,44.1,0,right-foot,close-high,0,50.3,56.9,No information,No information,51,No information,3031,44.1,23.8,49.7,0,49.7,43.1,40,2369,shot
francesco-acerbi,https://www.sofascore.com/england-italy/hUbsnUb#id:10752547,italy,miss,No information,corner,3.7,59,0,head,close-high-right,0,43,59.7,No information,No information,45,3,2845,59,3.7,57,0,57,40.3,1,2555,shot
giovanni-di-lorenzo,https://www.sofascore.com/england-italy/hUbsnUb#id:10752547,italy,block,No information,assisted,9.6,48.6,0,right-foot,low-centre,0,48.5,19,No information,No information,45,2,2812,48.6,9.6,51.5,0,51.5,81,1,2588,shot
destiny-udogie,https://www.sofascore.com/england-italy/hUbsnUb#id:10752547,italy,save,No information,assisted,9.4,35.1,0,right-foot,low-centre,0,49.3,2.5,No information,No information,45,2,2808,35.1,9.4,50.7,0,50.7,97.5,1,2592,shot
marcus-rashford,https://www.sofascore.com/england-italy/hUbsnUb#id:10752547,england,save,No information,assisted,10,36,0,left-foot,low-centre,0,48.6,2.5,No information,No information,44,No information,2594,36,10,51.4,0,51.4,97.5,2,106,shot
davide-frattesi,https://www.sofascore.com/england-italy/hUbsnUb#id:10752547,italy,block,No information,assisted,27.1,48.2,0,left-foot,low-left,0,52.6,19,No information,No information,40,No information,2341,48.2,27.1,47.4,0,47.4,81,6,359,shot
domenico-berardi,https://www.sofascore.com/england-italy/hUbsnUb#id:10752547,italy,block,No information,assisted,12.9,72.4,0,left-foot,low-left,0,54.4,19,No information,No information,34,No information,1990,72.4,12.9,45.6,0,45.6,81,12,710,shot
harry-kane,https://www.sofascore.com/england-italy/hUbsnUb#id:10752547,england,goal,penalty,penalty,11.5,50,0,right-foot,high-right,0,46.5,22.8,No information,No information,32,No information,1862,50,11.5,53.5,0,53.5,77.2,14,838,shot
jude-bellingham,https://www.sofascore.com/england-italy/hUbsnUb#id:10752547,england,save,No information,assisted,5.6,56.5,0,head,low-centre,0,51.7,13.9,No information,No information,27,No information,1617,56.5,5.6,48.3,0,48.3,86.1,19,1083,shot
gianluca-scamacca,https://www.sofascore.com/england-italy/hUbsnUb#id:10752547,italy,miss,No information,regular,17.5,43.3,0,left-foot,left,0,59.7,11.1,No information,No information,23,No information,1340,43.3,17.5,40.3,0,40.3,88.9,23,1360,shot
gianluca-scamacca,https://www.sofascore.com/england-italy/hUbsnUb#id:10752547,italy,goal,regular,assisted,4.7,51.8,0,right-foot,high-centre,0,48.6,29.7,No information,No information,15,No information,886,51.8,4.7,51.4,0,51.4,70.3,31,1814,shot
marcus-rashford,https://www.sofascore.com/england-italy/hUbsnUb#id:10752547,england,miss,No information,free-kick,28.1,47.3,0,right-foot,close-high-left,0,56.8,56.9,No information,No information,12,No information,693,47.3,28.1,43.2,0,43.2,43.1,34,2007,shot

bryan-cristante,https://www.sofascore.com/italy-wales/cUbshUb#id:8513128,italy,miss,No information,assisted,23.9,69.7,0,right-foot,left,0,68.4,11.1,No information,No information,90,2,5461,69.7,23.9,31.6,0,31.6,88.9,1,839,shot
andrea-belotti,https://www.sofascore.com/italy-wales/cUbshUb#id:8513128,italy,save,No information,assisted,17.9,52.2,0,right-foot,low-right,0,48.1,18.4,No information,No information,88,No information,5279,52.2,17.9,51.9,0,51.9,81.6,3,121,shot
giacomo-raspadori,https://www.sofascore.com/italy-wales/cUbshUb#id:8513128,italy,block,No information,assisted,17.5,43.1,0,right-foot,low-right,0,48,19,No information,No information,88,No information,5277,43.1,17.5,52,0,52,81,3,123,shot
marco-verratti,https://www.sofascore.com/italy-wales/cUbshUb#id:8513128,italy,block,No information,assisted,22.6,40.4,0,right-foot,low-left,0,52.1,19,No information,No information,88,No information,5269,40.4,22.6,47.9,0,47.9,81,3,131,shot
federico-chiesa,https://www.sofascore.com/italy-wales/cUbshUb#id:8513128,italy,block,No information,corner,8,29.9,0,left-foot,low-left,0,53.7,19,No information,No information,84,No information,4996,29.9,8,46.3,0,46.3,81,7,404,shot
federico-chiesa,https://www.sofascore.com/italy-wales/cUbshUb#id:8513128,italy,block,No information,assisted,6.1,71.3,0,right-foot,low-left,0,52.2,19,No information,No information,83,No information,4946,71.3,6.1,47.8,0,47.8,81,8,454,shot
gareth-bale,https://www.sofascore.com/italy-wales/cUbshUb#id:8513128,wales,miss,No information,set-piece,8.6,55.2,0,left-foot,high,0,53.9,63.9,No information,No information,75,No information,4497,55.2,8.6,46.1,0,46.1,36.1,16,903,shot
emerson-palmieri,https://www.sofascore.com/italy-wales/cUbshUb#id:8513128,italy,block,No information,assisted,9.7,58.3,0,left-foot,low-centre,0,50.6,19,No information,No information,68,No information,4021,58.3,9.7,49.4,0,49.4,81,23,1379,shot
federico-bernardeschi,https://www.sofascore.com/italy-wales/cUbshUb#id:8513128,italy,miss,No information,assisted,21.6,73.8,0,left-foot,left,0,68.1,12.5,No information,No information,67,No information,3990,73.8,21.6,31.9,0,31.9,87.5,24,1410,shot
rafael-toloi,https://www.sofascore.com/italy-wales/cUbshUb#id:8513128,italy,miss,No information,corner,2.8,63.7,0,head,close-right,0,43,25,No information,No information,66,No information,3919,63.7,2.8,57,0,57,75,25,1481,shot
andrea-belotti,https://www.sofascore.com/italy-wales/cUbshUb#id:8513128,italy,save,No information,assisted,6.5,59.6,0,right-foot,low-centre,0,50,7,No information,No information,65,No information,3848,59.6,6.5,50,0,50,93,26,1552,shot
federico-chiesa,https://www.sofascore.com/italy-wales/cUbshUb#id:8513128,italy,save,No information,assisted,14.4,72.6,0,left-foot,low-right,0,46,1.3,No information,No information,58,No information,3432,72.6,14.4,54,0,54,98.7,33,1968,shot
andrea-belotti,https://www.sofascore.com/italy-wales/cUbshUb#id:8513128,italy,miss,No information,assisted,8.3,75.6,0,right-foot,high,0,49.9,84.7,No information,No information,55,No information,3253,75.6,8.3,50.1,0,50.1,15.3,36,2147,shot
federico-bernardeschi,https://www.sofascore.com/italy-wales/cUbshUb#id:8513128,italy,post,No information,free-kick,29.6,54.2,0,left-foot,left,0,55.6,4.4,No information,No information,53,No information,3128,54.2,29.6,44.4,0,44.4,95.6,38,2272,shot
matteo-pessina,https://www.sofascore.com/italy-wales/cUbshUb#id:8513128,italy,miss,No information,assisted,8.7,46.2,0,left-foot,right,0,40.2,4.2,No information,No information,42,No information,2480,46.2,8.7,59.8,0,59.8,95.8,4,220,shot
matteo-pessina,https://www.sofascore.com/italy-wales/cUbshUb#id:8513128,italy,goal,regular,set-piece,10.8,57.1,0,right-foot,low-left,0,54.1,8.9,No information,No information,39,No information,2295,57.1,10.8,45.9,0,45.9,91.1,7,405,shot
federico-bernardeschi,https://www.sofascore.com/italy-wales/cUbshUb#id:8513128,italy,block,No information,assisted,22.2,34.5,0,left-foot,low-centre,0,51.8,19,No information,No information,37,No information,2192,34.5,22.2,48.2,0,48.2,81,9,508,shot
rodon-joe,https://www.sofascore.com/italy-wales/cUbshUb#id:8513128,wales,save,No information,set-piece,12,33.8,0,head,low-centre,0,49.8,15.8,No information,No information,34,No information,2026,33.8,12,50.2,0,50.2,84.2,12,674,shot
federico-chiesa,https://www.sofascore.com/italy-wales/cUbshUb#id:8513128,italy,miss,No information,assisted,3.3,64.7,0,right-foot,close-left,0,58.7,13.9,No information,No information,29,No information,1731,64.7,3.3,41.3,0,41.3,86.1,17,969,shot
marco-verratti,https://www.sofascore.com/italy-wales/cUbshUb#id:8513128,italy,miss,No information,assisted,15.4,29.5,0,right-foot,right,0,38,38.9,No information,No information,28,No information,1626,29.5,15.4,62,0,62,61.1,18,1074,shot
chris-gunter,https://www.sofascore.com/italy-wales/cUbshUb#id:8513128,wales,miss,No information,corner,7.7,43.1,0,head,close-high-left,0,56,51.4,No information,No information,27,No information,1580,43.1,7.7,44,0,44,48.6,19,1120,shot
andrea-belotti,https://www.sofascore.com/italy-wales/cUbshUb#id:8513128,italy,miss,No information,assisted,6.4,65.5,0,right-foot,left,0,66.6,1.4,No information,No information,24,No information,1420,65.5,6.4,33.4,0,33.4,98.6,22,1280,shot
rafael-toloi,https://www.sofascore.com/italy-wales/cUbshUb#id:8513128,italy,miss,No information,regular,21.9,64.3,0,right-foot,left,0,65,11.1,No information,No information,17,No information,979,64.3,21.9,35,0,35,88.9,29,1721,shot
matteo-pessina,https://www.sofascore.com/italy-wales/cUbshUb#id:8513128,italy,save,No information,assisted,14.3,52.4,0,right-foot,low-centre,0,48.4,3.8,No information,No information,17,No information,979,52.4,14.3,51.6,0,51.6,96.2,29,1721,shot
emerson-palmieri,https://www.sofascore.com/italy-wales/cUbshUb#id:8513128,italy,save,No information,assisted,27.5,31.2,0,left-foot,low-right,0,47.9,3.8,No information,No information,15,No information,853,31.2,27.5,52.1,0,52.1,96.2,31,1847,shot
andrea-belotti,https://www.sofascore.com/italy-wales/cUbshUb#id:8513128,italy,miss,No information,assisted,3.7,57.1,0,right-foot,right,0,40.3,13.9,No information,No information,12,No information,664,57.1,3.7,59.7,0,59.7,86.1,34,2036,shot

kristiyan-malinov,https://www.sofascore.com/bulgaria-italy/hUbsqUb#id:9223826,bulgaria,block,No information,regular,15.6,74.7,0,right-foot,low-left,0,52,19,No information,No information,90,1,5432,74.7,15.6,48,0,48,81,1,868,shot
domenico-berardi,https://www.sofascore.com/bulgaria-italy/hUbsqUb#id:9223826,italy,block,No information,corner,20.1,60.4,0,left-foot,low-centre,0,48.8,19,No information,No information,88,No information,5265,60.4,20.1,51.2,0,51.2,81,3,135,shot
giacomo-raspadori,https://www.sofascore.com/bulgaria-italy/hUbsqUb#id:9223826,italy,block,No information,assisted,15,28.3,0,right-foot,low-left,0,54.3,19,No information,No information,88,No information,5237,28.3,15,45.7,0,45.7,81,3,163,shot
leonardo-bonucci,https://www.sofascore.com/bulgaria-italy/hUbsqUb#id:9223826,italy,miss,No information,free-kick,19.6,40.6,0,right-foot,high-right,0,40.7,84.7,No information,No information,85,No information,5074,40.6,19.6,59.3,0,59.3,15.3,6,326,shot
bryan-cristante,https://www.sofascore.com/bulgaria-italy/hUbsqUb#id:9223826,italy,miss,No information,assisted,24.2,66.8,0,right-foot,left,0,67.2,4.2,No information,No information,82,No information,4864,66.8,24.2,32.8,0,32.8,95.8,9,536,shot
leonardo-bonucci,https://www.sofascore.com/bulgaria-italy/hUbsqUb#id:9223826,italy,miss,No information,corner,4.1,56,0,head,close-high,0,49.6,54.2,No information,No information,80,No information,4779,56,4.1,50.4,0,50.4,45.8,11,621,shot
francesco-acerbi,https://www.sofascore.com/bulgaria-italy/hUbsqUb#id:9223826,italy,block,No information,assisted,26.2,40.2,0,left-foot,low-right,0,47.5,19,No information,No information,73,No information,4373,40.2,26.2,52.5,0,52.5,81,18,1027,shot
ciro-immobile,https://www.sofascore.com/bulgaria-italy/hUbsqUb#id:9223826,italy,save,No information,assisted,6.6,35.1,0,left-foot,low-centre,0,49.3,1.3,No information,No information,73,No information,4363,35.1,6.6,50.7,0,50.7,98.7,18,1037,shot
bryan-cristante,https://www.sofascore.com/bulgaria-italy/hUbsqUb#id:9223826,italy,miss,No information,assisted,8.7,69.7,0,right-foot,left,0,97.3,22.2,No information,No information,69,No information,4121,69.7,8.7,2.7,0,2.7,77.8,22,1279,shot
bryan-cristante,https://www.sofascore.com/bulgaria-italy/hUbsqUb#id:9223826,italy,block,No information,assisted,24.1,51.8,0,left-foot,low-centre,0,49.2,19,No information,No information,69,No information,4103,51.8,24.1,50.8,0,50.8,81,22,1297,shot
lorenzo-insigne,https://www.sofascore.com/bulgaria-italy/hUbsqUb#id:9223826,italy,save,No information,assisted,23.5,31.6,0,right-foot,low-left,0,53.2,3.8,No information,No information,67,No information,3981,31.6,23.5,46.8,0,46.8,96.2,24,1419,shot
federico-chiesa,https://www.sofascore.com/bulgaria-italy/hUbsqUb#id:9223826,italy,block,No information,corner,8.7,70,0,right-foot,low-right,0,47.3,19,No information,No information,66,No information,3926,70,8.7,52.7,0,52.7,81,25,1474,shot
leonardo-bonucci,https://www.sofascore.com/bulgaria-italy/hUbsqUb#id:9223826,italy,save,No information,corner,9.3,51,0,head,low-centre,0,49.9,19,No information,No information,62,No information,3713,51,9.3,50.1,0,50.1,81,29,1687,shot
federico-chiesa,https://www.sofascore.com/bulgaria-italy/hUbsqUb#id:9223826,italy,save,No information,assisted,13.1,55.5,0,right-foot,low-centre,0,49.7,16.5,No information,No information,62,No information,3669,55.5,13.1,50.3,0,50.3,83.5,29,1731,shot
nicolo-barella,https://www.sofascore.com/bulgaria-italy/hUbsqUb#id:9223826,italy,miss,No information,assisted,11,69,0,right-foot,close-right,0,44,31.9,No information,No information,60,No information,3545,69,11,56,0,56,68.1,31,1855,shot
emerson-palmieri,https://www.sofascore.com/bulgaria-italy/hUbsqUb#id:9223826,italy,block,No information,corner,22.2,34.7,0,left-foot,low-centre,0,49.8,19,No information,No information,56,No information,3348,34.7,22.2,50.2,0,50.2,81,35,2052,shot
federico-chiesa,https://www.sofascore.com/bulgaria-italy/hUbsqUb#id:9223826,italy,block,No information,corner,19.9,59.4,0,left-foot,low-right,0,48,19,No information,No information,56,No information,3345,59.4,19.9,52,0,52,81,35,2055,shot
federico-chiesa,https://www.sofascore.com/bulgaria-italy/hUbsqUb#id:9223826,italy,block,No information,assisted,13.4,65.8,0,left-foot,low-right,0,47.9,19,No information,No information,56,No information,3306,65.8,13.4,52.1,0,52.1,81,35,2094,shot
nicolo-barella,https://www.sofascore.com/bulgaria-italy/hUbsqUb#id:9223826,italy,block,No information,assisted,17.9,38.3,0,right-foot,low-centre,0,50.3,19,No information,No information,51,No information,3024,38.3,17.9,49.7,0,49.7,81,40,2376,shot
ciro-immobile,https://www.sofascore.com/bulgaria-italy/hUbsqUb#id:9223826,italy,miss,No information,assisted,1.7,71.5,0,right-foot,left,0,83,11.1,No information,No information,48,No information,2865,71.5,1.7,17,0,17,88.9,43,2535,shot
lorenzo-insigne,https://www.sofascore.com/bulgaria-italy/hUbsqUb#id:9223826,italy,save,No information,assisted,11.9,37,0,left-foot,low-right,0,48.1,7,No information,No information,44,No information,2626,37,11.9,51.9,0,51.9,93,2,74,shot
federico-chiesa,https://www.sofascore.com/bulgaria-italy/hUbsqUb#id:9223826,italy,block,No information,assisted,18.4,46.4,0,left-foot,low-centre,0,51.2,19,No information,No information,42,No information,2519,46.4,18.4,48.8,0,48.8,81,4,181,shot
atanas-iliev,https://www.sofascore.com/bulgaria-italy/hUbsqUb#id:9223826,bulgaria,goal,regular,fast-break,7.8,45,0,left-foot,low-centre,0,49.4,2.5,No information,No information,39,No information,2320,45,7.8,50.6,0,50.6,97.5,7,380,shot
lorenzo-insigne,https://www.sofascore.com/bulgaria-italy/hUbsqUb#id:9223826,italy,miss,No information,assisted,18.7,49.1,0,right-foot,left,0,61.3,4.2,No information,No information,36,No information,2119,49.1,18.7,38.7,0,38.7,95.8,10,581,shot
ciro-immobile,https://www.sofascore.com/bulgaria-italy/hUbsqUb#id:9223826,italy,save,No information,regular,9.4,74.7,0,right-foot,low-centre,0,50.8,2.5,No information,No information,36,No information,2112,74.7,9.4,49.2,0,49.2,97.5,10,588,shot
ciro-immobile,https://www.sofascore.com/bulgaria-italy/hUbsqUb#id:9223826,italy,save,No information,assisted,21.6,47.6,0,right-foot,low-centre,0,51.8,1.9,No information,No information,27,No information,1581,47.6,21.6,48.2,0,48.2,98.1,19,1119,shot
federico-chiesa,https://www.sofascore.com/bulgaria-italy/hUbsqUb#id:9223826,italy,goal,regular,regular,18.3,47.3,0,left-foot,low-right,0,46.7,1.3,No information,No information,16,No information,908,47.3,18.3,53.3,0,53.3,98.7,30,1792,shot
hristov-petko,https://www.sofascore.com/bulgaria-italy/hUbsqUb#id:9223826,bulgaria,save,No information,set-piece,8.6,54.3,0,head,high-centre,0,48.6,25.9,No information,No information,15,No information,870,54.3,8.6,51.4,0,51.4,74.1,31,1830,shot
kiril-despodov,https://www.sofascore.com/bulgaria-italy/hUbsqUb#id:9223826,bulgaria,miss,No information,assisted,18.3,27.1,0,right-foot,left,0,60.3,9.7,No information,No information,14,No information,791,27.1,18.3,39.7,0,39.7,90.3,32,1909,shot
lorenzo-insigne,https://www.sofascore.com/bulgaria-italy/hUbsqUb#id:9223826,italy,miss,No information,regular,4.1,39.4,0,right-foot,close-left,0,57.6,6.9,No information,No information,12,No information,712,39.4,4.1,42.4,0,42.4,93.1,34,1988,shot
lorenzo-insigne,https://www.sofascore.com/bulgaria-italy/hUbsqUb#id:9223826,italy,block,No information,assisted,20.3,40.7,0,right-foot,low-centre,0,48.5,19,No information,No information,8,No information,420,40.7,20.3,51.5,0,51.5,81,38,2280,shot

domenico-berardi,https://www.sofascore.com/italy-poland/dUbshUb#id:8600772,italy,miss,No information,assisted,13.4,74.1,0,left-foot,high-left,0,65.5,97.2,No information,No information,90,1,5453,74.1,13.4,34.5,0,34.5,2.8,1,847,shot
manuel-locatelli,https://www.sofascore.com/italy-poland/dUbshUb#id:8600772,italy,miss,No information,assisted,20,40.7,0,left-foot,left,0,61.7,18.1,No information,No information,90,No information,5375,40.7,20,38.3,0,38.3,81.9,1,25,shot
robert-lewandowski,https://www.sofascore.com/italy-poland/dUbshUb#id:8600772,poland,miss,No information,regular,39.1,50.3,0,right-foot,high,0,50.9,77.8,No information,No information,88,No information,5248,50.3,39.1,49.1,0,49.1,22.2,3,152,shot
domenico-berardi,https://www.sofascore.com/italy-poland/dUbshUb#id:8600772,italy,goal,regular,assisted,9.9,55.2,0,left-foot,low-right,0,46.1,3.2,No information,No information,83,No information,4971,55.2,9.9,53.9,0,53.9,96.8,8,429,shot
emerson-palmieri,https://www.sofascore.com/italy-poland/dUbshUb#id:8600772,italy,block,No information,assisted,10,30.4,0,left-foot,low-centre,0,50.4,19,No information,No information,81,No information,4833,30.4,10,49.6,0,49.6,81,10,567,shot
andrea-belotti,https://www.sofascore.com/italy-poland/dUbshUb#id:8600772,italy,block,No information,assisted,12.6,61.3,0,right-foot,low-right,0,47.4,19,No information,No information,73,No information,4327,61.3,12.6,52.6,0,52.6,81,18,1073,shot
domenico-berardi,https://www.sofascore.com/italy-poland/dUbshUb#id:8600772,italy,miss,No information,regular,16.7,62,0,left-foot,close-left,0,58,13.9,No information,No information,66,No information,3923,62,16.7,42,0,42,86.1,25,1477,shot
lorenzo-insigne,https://www.sofascore.com/italy-poland/dUbshUb#id:8600772,italy,save,No information,corner,17.7,30.1,0,right-foot,low-right,0,45.6,6.3,No information,No information,59,No information,3525,30.1,17.7,54.4,0,54.4,93.7,32,1875,shot
federico-bernardeschi,https://www.sofascore.com/italy-poland/dUbshUb#id:8600772,italy,block,No information,assisted,24.6,73.3,0,left-foot,low-centre,0,51.1,19,No information,No information,59,No information,3484,73.3,24.6,48.9,0,48.9,81,32,1916,shot
federico-bernardeschi,https://www.sofascore.com/italy-poland/dUbshUb#id:8600772,italy,block,No information,assisted,13.9,64.6,0,left-foot,low-centre,0,49.3,19,No information,No information,55,No information,3284,64.6,13.9,50.7,0,50.7,81,36,2116,shot
lorenzo-insigne,https://www.sofascore.com/italy-poland/dUbshUb#id:8600772,italy,block,No information,assisted,12.2,31.3,0,right-foot,low-centre,0,48.6,19,No information,No information,53,No information,3153,31.3,12.2,51.4,0,51.4,81,38,2247,shot
nicolo-barella,https://www.sofascore.com/italy-poland/dUbshUb#id:8600772,italy,miss,No information,assisted,12.9,63.4,0,right-foot,high,0,45.9,66.7,No information,No information,49,No information,2907,63.4,12.9,54.1,0,54.1,33.3,42,2493,shot
kamil-grosicki,https://www.sofascore.com/italy-poland/dUbshUb#id:8600772,poland,block,No information,throw-in-set-piece,12.8,49.1,0,right-foot,low-right,0,45.8,19,No information,No information,47,No information,2777,49.1,12.8,54.2,0,54.2,81,44,2623,shot
francesco-acerbi,https://www.sofascore.com/italy-poland/dUbshUb#id:8600772,italy,miss,No information,regular,8.7,51.3,0,other,right,0,30.6,5.6,No information,No information,45,2,2807,51.3,8.7,69.4,0,69.4,94.4,1,2593,shot
federico-bernardeschi,https://www.sofascore.com/italy-poland/dUbshUb#id:8600772,italy,block,No information,assisted,13.8,68.6,0,left-foot,low-centre,0,50.2,19,No information,No information,41,No information,2411,68.6,13.8,49.8,0,49.8,81,5,289,shot
andrea-belotti,https://www.sofascore.com/italy-poland/dUbshUb#id:8600772,italy,miss,No information,set-piece,9.7,39.2,0,left-foot,high,0,51.8,84.7,No information,No information,35,No information,2053,39.2,9.7,48.2,0,48.2,15.3,11,647,shot
andrea-belotti,https://www.sofascore.com/italy-poland/dUbshUb#id:8600772,italy,block,No information,assisted,20.6,29.1,0,right-foot,low-centre,0,49.3,19,No information,No information,32,No information,1876,29.1,20.6,50.7,0,50.7,81,14,824,shot
jorginho,https://www.sofascore.com/italy-poland/dUbshUb#id:8600772,italy,goal,penalty,penalty,11.5,50,0,right-foot,low-left,0,53.2,2.5,No information,No information,27,No information,1611,50,11.5,46.8,0,46.8,97.5,19,1089,shot
lorenzo-insigne,https://www.sofascore.com/italy-poland/dUbshUb#id:8600772,italy,block,No information,regular,27.2,33.6,0,right-foot,low-right,0,47,19,No information,No information,26,No information,1512,33.6,27.2,53,0,53,81,20,1188,shot
federico-bernardeschi,https://www.sofascore.com/italy-poland/dUbshUb#id:8600772,italy,save,No information,assisted,21.3,71.1,0,left-foot,low-left,0,52.7,7,No information,No information,7,No information,409,71.1,21.3,47.3,0,47.3,93,39,2291,shot
andrea-belotti,https://www.sofascore.com/italy-poland/dUbshUb#id:8600772,italy,miss,No information,assisted,8,67.3,0,right-foot,high-right,0,39.8,43.1,No information,No information,6,No information,346,67.3,8,60.2,0,60.2,56.9,40,2354,shot

joselu,https://www.sofascore.com/italy-spain/YTbshUb#id:11014035,spain,goal,regular,regular,3.5,46.5,0,right-foot,low-centre,0,49.4,7.6,No information,No information,88,No information,5245,46.5,3.5,50.6,0,50.6,92.4,3,155,shot
rodri,https://www.sofascore.com/italy-spain/YTbshUb#id:11014035,spain,block,No information,regular,20.4,48.6,0,right-foot,low-centre,0,49,19,No information,No information,88,No information,5243,48.6,20.4,51,0,51,81,3,157,shot
nicolo-zaniolo,https://www.sofascore.com/italy-spain/YTbshUb#id:11014035,italy,miss,No information,assisted,35,69,0,left-foot,left,0,71.3,18.1,No information,No information,82,No information,4905,69,35,28.7,0,28.7,81.9,9,495,shot
alvaro-morata,https://www.sofascore.com/italy-spain/YTbshUb#id:11014035,spain,miss,No information,corner,6.8,41.9,0,head,high,0,51.3,77.8,No information,No information,81,No information,4855,41.9,6.8,48.7,0,48.7,22.2,10,545,shot
alvaro-morata,https://www.sofascore.com/italy-spain/YTbshUb#id:11014035,spain,block,No information,assisted,2.3,42.6,0,right-foot,low-centre,0,51.1,19,No information,No information,81,No information,4813,42.6,2.3,48.9,0,48.9,81,10,587,shot
sergio-canales,https://www.sofascore.com/italy-spain/YTbshUb#id:11014035,spain,block,No information,assisted,18.8,52.4,0,left-foot,low-left,0,53.7,19,No information,No information,78,No information,4667,52.4,18.8,46.3,0,46.3,81,13,733,shot
davide-frattesi,https://www.sofascore.com/italy-spain/YTbshUb#id:11014035,italy,miss,No information,corner,6.5,59.8,0,head,high-right,0,42.7,80.6,No information,No information,74,No information,4384,59.8,6.5,57.3,0,57.3,19.4,17,1016,shot
davide-frattesi,https://www.sofascore.com/italy-spain/YTbshUb#id:11014035,italy,miss,No information,regular,7,40.5,0,right-foot,high-left,0,57.3,81.9,No information,No information,65,No information,3843,40.5,7,42.7,0,42.7,18.1,26,1557,shot
davide-frattesi,https://www.sofascore.com/italy-spain/YTbshUb#id:11014035,italy,save,No information,assisted,8.8,46.6,0,left-foot,low-centre,0,50.4,18.4,No information,No information,65,No information,3842,46.6,8.8,49.6,0,49.6,81.6,26,1558,shot
alvaro-morata,https://www.sofascore.com/italy-spain/YTbshUb#id:11014035,spain,save,No information,assisted,14.6,48.2,0,left-foot,low-right,0,47,8.2,No information,No information,60,No information,3541,48.2,14.6,53,0,53,91.8,31,1859,shot
giovanni-di-lorenzo,https://www.sofascore.com/italy-spain/YTbshUb#id:11014035,italy,save,No information,assisted,17.1,58.9,0,head,low-left,0,53.3,13.9,No information,No information,56,No information,3349,58.9,17.1,46.7,0,46.7,86.1,35,2051,shot
alvaro-morata,https://www.sofascore.com/italy-spain/YTbshUb#id:11014035,spain,block,No information,assisted,18.3,54.6,0,right-foot,low-centre,0,49.7,19,No information,No information,53,No information,3164,54.6,18.3,50.3,0,50.3,81,38,2236,shot
rodri,https://www.sofascore.com/italy-spain/YTbshUb#id:11014035,spain,miss,No information,set-piece,10.4,58,0,right-foot,close-high,0,50.3,59.7,No information,No information,52,No information,3076,58,10.4,49.7,0,49.7,40.3,39,2324,shot
alvaro-morata,https://www.sofascore.com/italy-spain/YTbshUb#id:11014035,spain,miss,No information,regular,2.9,49.8,0,right-foot,close-right,0,43.5,5.6,No information,No information,49,No information,2881,49.8,2.9,56.5,0,56.5,94.4,42,2519,shot
mikel-merino,https://www.sofascore.com/italy-spain/YTbshUb#id:11014035,spain,save,No information,assisted,2.2,44.1,0,left-foot,high-left,0,52.3,25.3,No information,No information,48,No information,2878,44.1,2.2,47.7,0,47.7,74.7,43,2522,shot
rafael-toloi,https://www.sofascore.com/italy-spain/YTbshUb#id:11014035,italy,miss,No information,regular,23.4,56.4,0,right-foot,close-high,0,45.7,55.6,No information,No information,44,No information,2594,56.4,23.4,54.3,0,54.3,44.4,2,106,shot
alvaro-morata,https://www.sofascore.com/italy-spain/YTbshUb#id:11014035,spain,save,No information,assisted,12.2,65.5,0,left-foot,low-centre,0,49.4,3.8,No information,No information,42,No information,2519,65.5,12.2,50.6,0,50.6,96.2,4,181,shot
gavi,https://www.sofascore.com/italy-spain/YTbshUb#id:11014035,spain,block,No information,corner,9.7,50.9,0,head,low-centre,0,50.6,19,No information,No information,41,No information,2408,50.9,9.7,49.4,0,49.4,81,5,292,shot
rodri,https://www.sofascore.com/italy-spain/YTbshUb#id:11014035,spain,miss,No information,assisted,8.4,63,0,right-foot,close-right,0,42.5,9.7,No information,No information,27,No information,1619,63,8.4,57.5,0,57.5,90.3,19,1081,shot
alvaro-morata,https://www.sofascore.com/italy-spain/YTbshUb#id:11014035,spain,save,No information,fast-break,19.7,58.9,0,right-foot,low-left,0,53.7,3.8,No information,No information,27,No information,1582,58.9,19.7,46.3,0,46.3,96.2,19,1118,shot
rodrigo,https://www.sofascore.com/italy-spain/YTbshUb#id:11014035,spain,save,No information,assisted,16.9,70,0,left-foot,low-right,0,46,3.2,No information,No information,20,No information,1162,70,16.9,54,0,54,96.8,26,1538,shot
jesus-navas,https://www.sofascore.com/italy-spain/YTbshUb#id:11014035,spain,miss,No information,assisted,18.2,73.7,0,left-foot,close-high,0,47.9,58.3,No information,No information,17,No information,1004,73.7,18.2,52.1,0,52.1,41.7,29,1696,shot
ciro-immobile,https://www.sofascore.com/italy-spain/YTbshUb#id:11014035,italy,goal,penalty,penalty,11.5,50,0,right-foot,low-left,0,54.1,1.9,No information,No information,11,No information,635,50,11.5,45.9,0,45.9,98.1,35,2065,shot
nicolo-zaniolo,https://www.sofascore.com/italy-spain/YTbshUb#id:11014035,italy,miss,No information,assisted,10.9,34.8,0,left-foot,right,0,15.1,12.5,No information,No information,10,No information,562,34.8,10.9,84.9,0,84.9,87.5,36,2138,shot
yeremy-pino,https://www.sofascore.com/italy-spain/YTbshUb#id:11014035,spain,goal,regular,regular,15.1,42.1,0,right-foot,low-right,0,46,7.6,No information,No information,3,No information,174,42.1,15.1,54,0,54,92.4,43,2526,shot
rodri,https://www.sofascore.com/italy-spain/YTbshUb#id:11014035,spain,miss,No information,regular,13.3,68.5,0,right-foot,high-right,0,40.7,88.9,No information,No information,1,No information,32,68.5,13.3,59.3,0,59.3,11.1,45,2668,shot
rodrigo,https://www.sofascore.com/italy-spain/YTbshUb#id:11014035,spain,block,No information,assisted,7.7,66.5,0,left-foot,low-centre,0,51.7,19,No information,No information,1,No information,29,66.5,7.7,48.3,0,48.3,81,45,2671,shot

vincenzo-grifo,https://www.sofascore.com/italy-malta/IObshUb#id:10752394,italy,miss,No information,assisted,20.5,33.4,0,right-foot,high-right,0,36.3,86.1,No information,No information,90,4,5583,33.4,20.5,63.7,0,63.7,13.9,1,717,shot
gianluca-scamacca,https://www.sofascore.com/italy-malta/IObshUb#id:10752394,italy,miss,No information,assisted,9.9,68.9,0,right-foot,high,0,51.4,76.4,No information,No information,90,1,5440,68.9,9.9,48.6,0,48.6,23.6,1,860,shot
joseph-mbong,https://www.sofascore.com/italy-malta/IObshUb#id:10752394,malta,block,No information,assisted,9.9,66.5,0,right-foot,low-left,0,52.2,19,No information,No information,80,No information,4780,66.5,9.9,47.8,0,47.8,81,11,620,shot
vincenzo-grifo,https://www.sofascore.com/italy-malta/IObshUb#id:10752394,italy,miss,No information,assisted,28.1,43.9,0,right-foot,high,0,45.5,83.3,No information,No information,78,No information,4657,43.9,28.1,54.5,0,54.5,16.7,13,743,shot
giorgio-scalvini,https://www.sofascore.com/italy-malta/IObshUb#id:10752394,italy,miss,No information,corner,3.3,40.2,0,head,high,0,49.7,93.1,No information,No information,69,No information,4103,40.2,3.3,50.3,0,50.3,6.9,22,1297,shot
gianluca-scamacca,https://www.sofascore.com/italy-malta/IObshUb#id:10752394,italy,save,No information,corner,8.2,50.8,0,right-foot,high-left,0,53.1,25.3,No information,No information,69,No information,4102,50.8,8.2,46.9,0,46.9,74.7,22,1298,shot
matthew-guillaumier,https://www.sofascore.com/italy-malta/IObshUb#id:10752394,malta,miss,No information,set-piece,2.7,36.7,0,head,close-high,0,52.9,59.7,No information,No information,67,No information,4008,36.7,2.7,47.1,0,47.1,40.3,24,1392,shot
zach-muscat,https://www.sofascore.com/italy-malta/IObshUb#id:10752394,malta,miss,No information,set-piece,11.5,51.8,0,head,left,0,65.2,2.8,No information,No information,67,No information,4006,51.8,11.5,34.8,0,34.8,97.2,24,1394,shot
bryan-cristante,https://www.sofascore.com/italy-malta/IObshUb#id:10752394,italy,save,No information,assisted,22.9,64.5,0,right-foot,high-left,0,52.3,24.7,No information,No information,58,No information,3424,64.5,22.9,47.7,0,47.7,75.3,33,1976,shot
jodi-jones,https://www.sofascore.com/italy-malta/IObshUb#id:10752394,malta,block,No information,assisted,19.2,56.7,0,left-foot,low-centre,0,50.3,19,No information,No information,56,No information,3336,56.7,19.2,49.7,0,49.7,81,35,2064,shot
mateo-retegui,https://www.sofascore.com/italy-malta/IObshUb#id:10752394,italy,miss,No information,corner,7.2,43.1,0,head,high,0,51.3,72.2,No information,No information,52,No information,3066,43.1,7.2,48.7,0,48.7,27.8,39,2334,shot
juan-corbalan,https://www.sofascore.com/italy-malta/IObshUb#id:10752394,malta,block,No information,assisted,12.1,23.5,0,right-foot,low-left,0,52.7,19,No information,No information,49,No information,2912,23.5,12.1,47.3,0,47.3,81,42,2488,shot
mateo-retegui,https://www.sofascore.com/italy-malta/IObshUb#id:10752394,italy,miss,No information,assisted,8,56.9,0,right-foot,high,0,45.2,94.4,No information,No information,46,No information,2717,56.9,8,54.8,0,54.8,5.6,45,2683,shot
satariano-alexander,https://www.sofascore.com/italy-malta/IObshUb#id:10752394,malta,block,No information,assisted,16.7,65.8,0,left-foot,low-centre,0,50.9,19,No information,No information,45,1,2714,65.8,16.7,49.1,0,49.1,81,1,2686,shot
vincenzo-grifo,https://www.sofascore.com/italy-malta/IObshUb#id:10752394,italy,miss,No information,assisted,22,38.1,0,left-foot,high,0,50.9,80.6,No information,No information,42,No information,2500,38.1,22,49.1,0,49.1,19.4,4,200,shot
giovanni-di-lorenzo,https://www.sofascore.com/italy-malta/IObshUb#id:10752394,italy,block,No information,corner,3.8,43.7,0,right-foot,low-left,0,53.3,19,No information,No information,40,No information,2342,43.7,3.8,46.7,0,46.7,81,6,358,shot
vincenzo-grifo,https://www.sofascore.com/italy-malta/IObshUb#id:10752394,italy,save,No information,assisted,10.5,47.3,0,right-foot,low-centre,0,50.4,17.7,No information,No information,30,No information,1784,47.3,10.5,49.6,0,49.6,82.3,16,916,shot
matteo-pessina,https://www.sofascore.com/italy-malta/IObshUb#id:10752394,italy,goal,regular,assisted,1.7,51.2,0,left-foot,low-right,0,45.6,11.4,No information,No information,27,No information,1586,51.2,1.7,54.4,0,54.4,88.6,19,1114,shot
sandro-tonali,https://www.sofascore.com/italy-malta/IObshUb#id:10752394,italy,miss,No information,assisted,3.4,43.9,0,right-foot,right,0,24.7,2.8,No information,No information,27,No information,1585,43.9,3.4,75.3,0,75.3,97.2,19,1115,shot
giorgio-scalvini,https://www.sofascore.com/italy-malta/IObshUb#id:10752394,italy,miss,No information,corner,2.9,34.3,0,head,high-left,0,59.3,55.6,No information,No information,26,No information,1527,34.3,2.9,40.7,0,40.7,44.4,20,1173,shot
matteo-pessina,https://www.sofascore.com/italy-malta/IObshUb#id:10752394,italy,block,No information,assisted,6,63.2,0,right-foot,low-right,0,47.9,19,No information,No information,18,No information,1071,63.2,6,52.1,0,52.1,81,28,1629,shot
mateo-retegui,https://www.sofascore.com/italy-malta/IObshUb#id:10752394,italy,goal,regular,corner,3.2,51.2,0,head,high-centre,0,49,31.6,No information,No information,15,No information,875,51.2,3.2,51,0,51,68.4,31,1825,shot
alessio-romagnoli,https://www.sofascore.com/italy-malta/IObshUb#id:10752394,italy,save,No information,assisted,27.1,52.6,0,left-foot,high-centre,0,51.6,34.2,No information,No information,14,No information,825,52.6,27.1,48.4,0,48.4,65.8,32,1875,shot
yankam-yannick,https://www.sofascore.com/italy-malta/IObshUb#id:10752394,malta,save,No information,corner,8.8,45.9,0,head,low-centre,0,50.8,19.6,No information,No information,6,No information,302,45.9,8.8,49.2,0,49.2,80.4,40,2398,shot
satariano-alexander,https://www.sofascore.com/italy-malta/IObshUb#id:10752394,malta,save,No information,assisted,11.4,50.4,0,left-foot,high-centre,0,50.3,25.9,No information,No information,5,No information,265,50.4,11.4,49.7,0,49.7,74.1,41,2435,shot

joao-pedro-galvao,https://www.sofascore.com/north-macedonia-italy/hUbsCVb#id:9980680,italy,miss,No information,assisted,8.2,54.1,0,right-foot,close-right,0,43.2,15.3,No information,No information,90,6,5706,54.1,8.2,56.8,0,56.8,84.7,1,594,shot
alessandro-florenzi,https://www.sofascore.com/north-macedonia-italy/hUbsCVb#id:9980680,italy,miss,No information,regular,13.4,69.3,0,right-foot,left,0,68.9,4.2,No information,No information,90,6,5705,69.3,13.4,31.1,0,31.1,95.8,1,595,shot
aleksandar-trajkovski,https://www.sofascore.com/north-macedonia-italy/hUbsCVb#id:9980680,north macedonia,goal,regular,assisted,23.6,64.2,0,right-foot,low-left,0,54.4,7.6,No information,No information,90,2,5505,64.2,23.6,45.6,0,45.6,92.4,1,795,shot
giacomo-raspadori,https://www.sofascore.com/north-macedonia-italy/hUbsCVb#id:9980680,italy,miss,No information,assisted,20.2,50.9,0,right-foot,high,0,52.6,68.1,No information,No information,78,No information,4677,50.9,20.2,47.4,0,47.4,31.9,13,723,shot
alessandro-florenzi,https://www.sofascore.com/north-macedonia-italy/hUbsCVb#id:9980680,italy,miss,No information,assisted,20.7,71,0,right-foot,left,0,82.7,8.3,No information,No information,78,No information,4656,71,20.7,17.3,0,17.3,91.7,13,744,shot
gianluca-mancini,https://www.sofascore.com/north-macedonia-italy/hUbsCVb#id:9980680,italy,miss,No information,corner,5,53.1,0,head,high,0,50.9,62.5,No information,No information,73,No information,4333,53.1,5,49.1,0,49.1,37.5,18,1067,shot
alessandro-florenzi,https://www.sofascore.com/north-macedonia-italy/hUbsCVb#id:9980680,italy,block,No information,assisted,9.8,63.2,0,right-foot,low-centre,0,49.1,19,No information,No information,72,No information,4306,63.2,9.8,50.9,0,50.9,81,19,1094,shot
giacomo-raspadori,https://www.sofascore.com/north-macedonia-italy/hUbsCVb#id:9980680,italy,block,No information,assisted,7.9,66.1,0,right-foot,low-centre,0,49.4,19,No information,No information,71,No information,4209,66.1,7.9,50.6,0,50.6,81,20,1191,shot
alessandro-florenzi,https://www.sofascore.com/north-macedonia-italy/hUbsCVb#id:9980680,italy,miss,No information,corner,24.8,49.6,0,right-foot,left,0,67.1,11.1,No information,No information,69,No information,4123,49.6,24.8,32.9,0,32.9,88.9,22,1277,shot
alessandro-bastoni,https://www.sofascore.com/north-macedonia-italy/hUbsCVb#id:9980680,italy,save,No information,corner,9.5,52.3,0,head,high-centre,0,51.6,29.1,No information,No information,67,No information,4003,52.3,9.5,48.4,0,48.4,70.9,24,1397,shot
domenico-berardi,https://www.sofascore.com/north-macedonia-italy/hUbsCVb#id:9980680,italy,block,No information,assisted,6.8,45.2,0,left-foot,low-centre,0,48.8,19,No information,No information,63,No information,3762,45.2,6.8,51.2,0,51.2,81,28,1638,shot
lorenzo-insigne,https://www.sofascore.com/north-macedonia-italy/hUbsCVb#id:9980680,italy,block,No information,assisted,22.1,37.3,0,right-foot,low-centre,0,49.1,19,No information,No information,63,No information,3720,37.3,22.1,50.9,0,50.9,81,28,1680,shot
aleksandar-trajkovski,https://www.sofascore.com/north-macedonia-italy/hUbsCVb#id:9980680,north macedonia,miss,No information,assisted,17.1,23.1,0,right-foot,high,0,55.3,66.7,No information,No information,60,No information,3551,23.1,17.1,44.7,0,44.7,33.3,31,1849,shot
domenico-berardi,https://www.sofascore.com/north-macedonia-italy/hUbsCVb#id:9980680,italy,miss,No information,assisted,16.2,56.5,0,right-foot,high,0,48.1,66.7,No information,No information,58,No information,3436,56.5,16.2,51.9,0,51.9,33.3,33,1964,shot
ciro-immobile,https://www.sofascore.com/north-macedonia-italy/hUbsCVb#id:9980680,italy,block,No information,assisted,22.8,37.6,0,right-foot,low-centre,0,49,19,No information,No information,55,No information,3282,37.6,22.8,51,0,51,81,36,2118,shot
domenico-berardi,https://www.sofascore.com/north-macedonia-italy/hUbsCVb#id:9980680,italy,miss,No information,assisted,17.4,75.5,0,left-foot,close-left,0,57.3,23.6,No information,No information,54,No information,3186,75.5,17.4,42.7,0,42.7,76.4,37,2214,shot
domenico-berardi,https://www.sofascore.com/north-macedonia-italy/hUbsCVb#id:9980680,italy,save,No information,assisted,21.8,60.9,0,left-foot,low-left,0,52.3,17.1,No information,No information,53,No information,3138,60.9,21.8,47.7,0,47.7,82.9,38,2262,shot
aleksandar-trajkovski,https://www.sofascore.com/north-macedonia-italy/hUbsCVb#id:9980680,north macedonia,miss,No information,regular,18.9,31.8,0,right-foot,left,0,64.7,5.6,No information,No information,52,No information,3076,31.8,18.9,35.3,0,35.3,94.4,39,2324,shot
domenico-berardi,https://www.sofascore.com/north-macedonia-italy/hUbsCVb#id:9980680,italy,block,No information,assisted,13.3,67,0,left-foot,low-centre,0,50.2,19,No information,No information,47,No information,2803,67,13.3,49.8,0,49.8,81,44,2597,shot
aleksandar-trajkovski,https://www.sofascore.com/north-macedonia-italy/hUbsCVb#id:9980680,north macedonia,save,No information,fast-break,21.3,68.1,0,right-foot,low-left,0,52.6,1.9,No information,No information,45,No information,2699,68.1,21.3,47.4,0,47.4,98.1,1,1,shot
ciro-immobile,https://www.sofascore.com/north-macedonia-italy/hUbsCVb#id:9980680,italy,block,No information,assisted,9.4,62.3,0,right-foot,low-right,0,46,19,No information,No information,45,No information,2684,62.3,9.4,54,0,54,81,1,16,shot
ciro-immobile,https://www.sofascore.com/north-macedonia-italy/hUbsCVb#id:9980680,italy,block,No information,assisted,15.8,26.8,0,right-foot,low-centre,0,49.8,19,No information,No information,42,No information,2474,26.8,15.8,50.2,0,50.2,81,4,226,shot
lorenzo-insigne,https://www.sofascore.com/north-macedonia-italy/hUbsCVb#id:9980680,italy,block,No information,assisted,8.5,32,0,right-foot,low-left,0,52.3,19,No information,No information,39,No information,2287,32,8.5,47.7,0,47.7,81,7,413,shot
ciro-immobile,https://www.sofascore.com/north-macedonia-italy/hUbsCVb#id:9980680,italy,block,No information,regular,12.2,43.3,0,right-foot,low-left,0,51.9,19,No information,No information,38,No information,2223,43.3,12.2,48.1,0,48.1,81,8,477,shot
marco-verratti,https://www.sofascore.com/north-macedonia-italy/hUbsCVb#id:9980680,italy,block,No information,assisted,8,38.4,0,right-foot,low-centre,0,50.3,19,No information,No information,37,No information,2219,38.4,8,49.7,0,49.7,81,9,481,shot
ciro-immobile,https://www.sofascore.com/north-macedonia-italy/hUbsCVb#id:9980680,italy,block,No information,assisted,17.6,40,0,right-foot,low-right,0,45.8,19,No information,No information,36,No information,2106,40,17.6,54.2,0,54.2,81,10,594,shot
lorenzo-insigne,https://www.sofascore.com/north-macedonia-italy/hUbsCVb#id:9980680,italy,save,No information,assisted,26.1,40.8,0,right-foot,low-left,0,54.5,1.9,No information,No information,33,No information,1937,40.8,26.1,45.5,0,45.5,98.1,13,763,shot
ciro-immobile,https://www.sofascore.com/north-macedonia-italy/hUbsCVb#id:9980680,italy,save,No information,assisted,8.1,37.5,0,left-foot,high-left,0,53.7,34.8,No information,No information,30,No information,1790,37.5,8.1,46.3,0,46.3,65.2,16,910,shot
domenico-berardi,https://www.sofascore.com/north-macedonia-italy/hUbsCVb#id:9980680,italy,save,No information,regular,16.2,62.4,0,left-foot,low-left,0,52.8,2.5,No information,No information,29,No information,1739,62.4,16.2,47.2,0,47.2,97.5,17,961,shot
nicolo-barella,https://www.sofascore.com/north-macedonia-italy/hUbsCVb#id:9980680,italy,miss,No information,assisted,21,64.5,0,right-foot,left,0,63,5.6,No information,No information,29,No information,1693,64.5,21,37,0,37,94.4,17,1007,shot
marco-verratti,https://www.sofascore.com/north-macedonia-italy/hUbsCVb#id:9980680,italy,miss,No information,regular,22.8,28.5,0,right-foot,high-right,0,40,68.1,No information,No information,25,No information,1490,28.5,22.8,60,0,60,31.9,21,1210,shot
ciro-immobile,https://www.sofascore.com/north-macedonia-italy/hUbsCVb#id:9980680,italy,block,No information,regular,8.5,30,0,right-foot,low-centre,0,50.7,19,No information,No information,20,No information,1183,30,8.5,49.3,0,49.3,81,26,1517,shot
domenico-berardi,https://www.sofascore.com/north-macedonia-italy/hUbsCVb#id:9980680,italy,block,No information,assisted,14.1,34.1,0,left-foot,low-centre,0,50.3,19,No information,No information,20,No information,1179,34.1,14.1,49.7,0,49.7,81,26,1521,shot
alessandro-florenzi,https://www.sofascore.com/north-macedonia-italy/hUbsCVb#id:9980680,italy,block,No information,assisted,18.6,59.7,0,right-foot,low-left,0,52,19,No information,No information,10,No information,572,59.7,18.6,48,0,48,81,36,2128,shot
domenico-berardi,https://www.sofascore.com/north-macedonia-italy/hUbsCVb#id:9980680,italy,block,No information,assisted,18.9,67.6,0,left-foot,low-centre,0,51.7,19,No information,No information,6,No information,339,67.6,18.9,48.3,0,48.3,81,40,2361,shot
emerson-palmieri,https://www.sofascore.com/north-macedonia-italy/hUbsCVb#id:9980680,italy,miss,No information,regular,16.3,38.2,0,right-foot,high-right,0,43.5,69.4,No information,No information,3,No information,150,38.2,16.3,56.5,0,56.5,30.6,43,2550,shot

jeremy-doku,https://www.sofascore.com/belgium-italy/hUbsrUb#id:8594145,belgium,miss,No information,assisted,20.1,48.9,0,right-foot,close-high,0,45.7,55.6,No information,No information,84,No information,4996,48.9,20.1,54.3,0,54.3,44.4,7,404,shot
romelu-lukaku,https://www.sofascore.com/belgium-italy/hUbsrUb#id:8594145,belgium,block,No information,regular,18.2,50.1,0,left-foot,low-centre,0,50.8,19,No information,No information,76,No information,4500,50.1,18.2,49.2,0,49.2,81,15,900,shot
nacer-chadli,https://www.sofascore.com/belgium-italy/hUbsrUb#id:8594145,belgium,block,No information,assisted,6.3,32.5,0,left-foot,low-centre,0,51.8,5.6,No information,No information,70,No information,4191,32.5,6.3,48.2,0,48.2,94.4,21,1209,shot
lorenzo-insigne,https://www.sofascore.com/belgium-italy/hUbsrUb#id:8594145,italy,save,No information,assisted,24.1,25.8,0,right-foot,low-right,0,47.7,2.5,No information,No information,69,No information,4105,25.8,24.1,52.3,0,52.3,97.5,22,1295,shot
leonardo-spinazzola,https://www.sofascore.com/belgium-italy/hUbsrUb#id:8594145,italy,miss,No information,assisted,8.8,40.4,0,left-foot,close-left,0,57.6,15.3,No information,No information,66,No information,3910,40.4,8.8,42.4,0,42.4,84.7,25,1490,shot
romelu-lukaku,https://www.sofascore.com/belgium-italy/hUbsrUb#id:8594145,belgium,block,No information,assisted,3.8,56.3,0,right-foot,low-right,0,47.7,6.9,No information,No information,61,No information,3633,56.3,3.8,52.3,0,52.3,93.1,30,1767,shot
ciro-immobile,https://www.sofascore.com/belgium-italy/hUbsrUb#id:8594145,italy,block,No information,assisted,13.5,38.6,0,right-foot,low-centre,0,48.2,1.4,No information,No information,58,No information,3478,38.6,13.5,51.8,0,51.8,98.6,33,1922,shot
ciro-immobile,https://www.sofascore.com/belgium-italy/hUbsrUb#id:8594145,italy,miss,No information,assisted,12.4,51.2,0,right-foot,left,0,100,13.9,No information,No information,52,No information,3086,51.2,12.4,0,0,0,86.1,39,2314,shot
federico-chiesa,https://www.sofascore.com/belgium-italy/hUbsrUb#id:8594145,italy,miss,No information,assisted,19.2,51.5,0,right-foot,right,0,38,13.9,No information,No information,47,No information,2783,51.5,19.2,62,0,62,86.1,44,2617,shot
romelu-lukaku,https://www.sofascore.com/belgium-italy/hUbsrUb#id:8594145,belgium,goal,penalty,penalty,11.5,50,0,left-foot,low-centre,0,49.4,5.7,No information,No information,45,2,2803,50,11.5,50.6,0,50.6,94.3,1,2597,shot
lorenzo-insigne,https://www.sofascore.com/belgium-italy/hUbsrUb#id:8594145,italy,goal,regular,assisted,22.1,36.7,0,right-foot,high-right,0,46.1,23.4,No information,No information,44,No information,2593,36.7,22.1,53.9,0,53.9,76.6,2,107,shot
ciro-immobile,https://www.sofascore.com/belgium-italy/hUbsrUb#id:8594145,italy,block,No information,assisted,13.5,46.7,0,right-foot,low-centre,0,50.6,19,No information,No information,43,No information,2553,46.7,13.5,49.4,0,49.4,81,3,147,shot
federico-chiesa,https://www.sofascore.com/belgium-italy/hUbsrUb#id:8594145,italy,miss,No information,corner,19.8,51.1,0,right-foot,close-right,0,43,18.1,No information,No information,41,No information,2409,51.1,19.8,57,0,57,81.9,5,291,shot
nicolo-barella,https://www.sofascore.com/belgium-italy/hUbsrUb#id:8594145,italy,goal,regular,set-piece,9.6,65.4,0,right-foot,low-left,0,54.4,10.8,No information,No information,31,No information,1823,65.4,9.6,45.6,0,45.6,89.2,15,877,shot
federico-chiesa,https://www.sofascore.com/belgium-italy/hUbsrUb#id:8594145,italy,block,No information,assisted,17.2,65.1,0,left-foot,low-right,0,46.9,19,No information,No information,29,No information,1710,65.1,17.2,53.1,0,53.1,81,17,990,shot
lorenzo-insigne,https://www.sofascore.com/belgium-italy/hUbsrUb#id:8594145,italy,miss,No information,assisted,18.8,32.2,0,right-foot,close-high-right,0,42.9,59.7,No information,No information,27,No information,1600,32.2,18.8,57.1,0,57.1,40.3,19,1100,shot
federico-chiesa,https://www.sofascore.com/belgium-italy/hUbsrUb#id:8594145,italy,block,No information,assisted,7.3,33.9,0,left-foot,low-left,0,53.5,19,No information,No information,27,No information,1581,33.9,7.3,46.5,0,46.5,81,19,1119,shot
federico-chiesa,https://www.sofascore.com/belgium-italy/hUbsrUb#id:8594145,italy,miss,No information,fast-break,9.5,33.7,0,right-foot,right,0,32.3,26.4,No information,No information,27,No information,1561,33.7,9.5,67.7,0,67.7,73.6,19,1139,shot
romelu-lukaku,https://www.sofascore.com/belgium-italy/hUbsrUb#id:8594145,belgium,save,No information,fast-break,13.8,67.6,0,left-foot,low-left,0,52,4.4,No information,No information,26,No information,1507,67.6,13.8,48,0,48,95.6,20,1193,shot
kevin-de-bruyne,https://www.sofascore.com/belgium-italy/hUbsrUb#id:8594145,belgium,save,No information,regular,19.4,55.5,0,left-foot,low-left,0,52.3,19.6,No information,No information,22,No information,1295,55.5,19.4,47.7,0,47.7,80.4,24,1405,shot
kevin-de-bruyne,https://www.sofascore.com/belgium-italy/hUbsrUb#id:8594145,belgium,block,No information,corner,27.6,41.2,0,right-foot,low-centre,0,49.8,19,No information,No information,17,No information,964,41.2,27.6,50.2,0,50.2,81,29,1736,shot
youri-tielemans,https://www.sofascore.com/belgium-italy/hUbsrUb#id:8594145,belgium,block,No information,assisted,28.2,45,0,right-foot,low-left,0,53.5,19,No information,No information,16,No information,921,45,28.2,46.5,0,46.5,81,30,1779,shot
giovanni-di-lorenzo,https://www.sofascore.com/belgium-italy/hUbsrUb#id:8594145,italy,miss,No information,set-piece,7.3,49.7,0,left-foot,left,0,81.7,6.9,No information,No information,13,No information,761,49.7,7.3,18.3,0,18.3,93.1,33,1939,shot
toby-alderweireld,https://www.sofascore.com/belgium-italy/hUbsrUb#id:8594145,belgium,block,No information,corner,3,42.3,0,head,low-centre,0,51.6,19,No information,No information,3,No information,153,42.3,3,48.4,0,48.4,81,43,2547,shot

matteo-pessina,https://www.sofascore.com/bulgaria-italy/hUbsqUb#id:9223747,italy,miss,No information,corner,5.3,62.9,0,head,close-high,0,45.7,54.2,No information,No information,90,4,5613,62.9,5.3,54.3,0,54.3,45.8,1,687,shot
federico-bernardeschi,https://www.sofascore.com/bulgaria-italy/hUbsqUb#id:9223747,italy,block,No information,corner,22.6,69.5,0,left-foot,low-centre,0,48.2,19,No information,No information,90,4,5590,69.5,22.6,51.8,0,51.8,81,1,710,shot
manuel-locatelli,https://www.sofascore.com/bulgaria-italy/hUbsqUb#id:9223747,italy,block,No information,corner,3.9,63.2,0,head,low-right,0,46.7,19,No information,No information,90,3,5563,63.2,3.9,53.3,0,53.3,81,1,737,shot
ciro-immobile,https://www.sofascore.com/bulgaria-italy/hUbsqUb#id:9223747,italy,save,No information,fast-break,19.4,70.5,0,right-foot,high-centre,0,49,28.5,No information,No information,90,2,5486,70.5,19.4,51,0,51,71.5,1,814,shot
giovanni-di-lorenzo,https://www.sofascore.com/bulgaria-italy/hUbsqUb#id:9223747,italy,block,No information,corner,7,48.9,0,head,low-centre,0,48.7,19,No information,No information,90,1,5415,48.9,7,51.3,0,51.3,81,1,885,shot
ciro-immobile,https://www.sofascore.com/bulgaria-italy/hUbsqUb#id:9223747,italy,save,No information,assisted,15,52.6,0,right-foot,low-centre,0,48.2,2.5,No information,No information,87,No information,5188,52.6,15,51.8,0,51.8,97.5,4,212,shot
ciro-immobile,https://www.sofascore.com/bulgaria-italy/hUbsqUb#id:9223747,italy,save,No information,assisted,13.5,61.6,0,right-foot,high-right,0,47.8,22.2,No information,No information,85,No information,5078,61.6,13.5,52.2,0,52.2,77.8,6,322,shot
manuel-locatelli,https://www.sofascore.com/bulgaria-italy/hUbsqUb#id:9223747,italy,goal,regular,assisted,11.8,37.1,0,right-foot,low-right,0,45.8,12.7,No information,No information,82,No information,4913,37.1,11.8,54.2,0,54.2,87.3,9,487,shot
manuel-locatelli,https://www.sofascore.com/bulgaria-italy/hUbsqUb#id:9223747,italy,block,No information,assisted,25,50.7,0,left-foot,low-centre,0,49.2,19,No information,No information,82,No information,4897,50.7,25,50.8,0,50.8,81,9,503,shot
federico-bernardeschi,https://www.sofascore.com/bulgaria-italy/hUbsqUb#id:9223747,italy,block,No information,assisted,10.5,70.7,0,left-foot,low-right,0,46.3,19,No information,No information,82,No information,4894,70.7,10.5,53.7,0,53.7,81,9,506,shot
andrea-belotti,https://www.sofascore.com/bulgaria-italy/hUbsqUb#id:9223747,italy,miss,No information,set-piece,5.2,66.5,0,right-foot,close-high-right,0,42.7,54.2,No information,No information,72,No information,4305,66.5,5.2,57.3,0,57.3,45.8,19,1095,shot
andrea-belotti,https://www.sofascore.com/bulgaria-italy/hUbsqUb#id:9223747,italy,post,No information,set-piece,13.8,59.4,0,right-foot,right,0,44.7,1.9,No information,No information,72,No information,4302,59.4,13.8,55.3,0,55.3,98.1,19,1098,shot
andrea-belotti,https://www.sofascore.com/bulgaria-italy/hUbsqUb#id:9223747,italy,block,No information,assisted,9.4,53.8,0,head,low-centre,0,48.7,19,No information,No information,64,No information,3790,53.8,9.4,51.3,0,51.3,81,27,1610,shot
federico-chiesa,https://www.sofascore.com/bulgaria-italy/hUbsqUb#id:9223747,italy,save,No information,assisted,11.7,67.4,0,right-foot,low-centre,0,50.5,3.8,No information,No information,61,No information,3645,67.4,11.7,49.5,0,49.5,96.2,30,1755,shot
petar-vitanov,https://www.sofascore.com/bulgaria-italy/hUbsqUb#id:9223747,bulgaria,block,No information,regular,22.8,34,0,left-foot,low-right,0,47,19,No information,No information,57,No information,3382,34,22.8,53,0,53,81,34,2018,shot
andrey-galabinov,https://www.sofascore.com/bulgaria-italy/hUbsqUb#id:9223747,bulgaria,block,No information,regular,10,60.6,0,right-foot,low-centre,0,48.3,19,No information,No information,57,No information,3375,60.6,10,51.7,0,51.7,81,34,2025,shot
andrea-belotti,https://www.sofascore.com/bulgaria-italy/hUbsqUb#id:9223747,italy,goal,penalty,penalty,11.5,50,0,right-foot,low-left,0,53.9,3.2,No information,No information,43,No information,2571,50,11.5,46.1,0,46.1,96.8,3,129,shot
federico-chiesa,https://www.sofascore.com/bulgaria-italy/hUbsqUb#id:9223747,italy,block,No information,corner,12.4,35.1,0,right-foot,low-centre,0,51.7,19,No information,No information,41,No information,2426,35.1,12.4,48.3,0,48.3,81,5,274,shot
andrea-belotti,https://www.sofascore.com/bulgaria-italy/hUbsqUb#id:9223747,italy,block,No information,assisted,10.7,65.3,0,right-foot,low-right,0,46.1,19,No information,No information,40,No information,2370,65.3,10.7,53.9,0,53.9,81,6,330,shot
lorenzo-insigne,https://www.sofascore.com/bulgaria-italy/hUbsqUb#id:9223747,italy,block,No information,assisted,11.1,44.5,0,right-foot,low-centre,0,51.4,19,No information,No information,33,No information,1949,44.5,11.1,48.6,0,48.6,81,13,751,shot
lorenzo-insigne,https://www.sofascore.com/bulgaria-italy/hUbsqUb#id:9223747,italy,block,No information,assisted,15.7,30.5,0,right-foot,low-centre,0,51,19,No information,No information,22,No information,1313,30.5,15.7,49,0,49,81,24,1387,shot
stefano-sensi,https://www.sofascore.com/bulgaria-italy/hUbsqUb#id:9223747,italy,block,No information,assisted,19.9,40,0,left-foot,low-right,0,45.5,19,No information,No information,20,No information,1151,40,19.9,54.5,0,54.5,81,26,1549,shot
stefano-sensi,https://www.sofascore.com/bulgaria-italy/hUbsqUb#id:9223747,italy,miss,No information,regular,19.1,64.9,0,right-foot,left,0,63.4,6.9,No information,No information,15,No information,855,64.9,19.1,36.6,0,36.6,93.1,31,1845,shot
francesco-acerbi,https://www.sofascore.com/bulgaria-italy/hUbsqUb#id:9223747,italy,block,No information,corner,6.4,59.4,0,left-foot,low-right,0,46.5,19,No information,No information,5,No information,267,59.4,6.4,53.5,0,53.5,81,41,2433,shot
andrey-galabinov,https://www.sofascore.com/bulgaria-italy/hUbsqUb#id:9223747,bulgaria,save,No information,throw-in-set-piece,11.2,32.8,0,right-foot,low-centre,0,49.2,5.7,No information,No information,4,No information,182,32.8,11.2,50.8,0,50.8,94.3,42,2518,shot

bukayo-saka,https://www.sofascore.com/england-italy/hUbsnUb#id:8594152,england,save,No information,shootout,11.5,50,0,left-foot,low-right,0,47.1,10.1,No information,No information,129,No information,7688,50,11.5,52.9,0,52.9,89.9,7,412,shot
jorginho,https://www.sofascore.com/england-italy/hUbsnUb#id:8594152,italy,save,No information,shootout,11.5,50,0,right-foot,low-left,0,52.5,3.2,No information,No information,128,No information,7642,50,11.5,47.5,0,47.5,96.8,8,458,shot
sancho-jadon,https://www.sofascore.com/england-italy/hUbsnUb#id:8594152,england,save,No information,shootout,11.5,50,0,right-foot,low-right,0,46.5,11.4,No information,No information,127,No information,7572,50,11.5,53.5,0,53.5,88.6,9,528,shot
federico-bernardeschi,https://www.sofascore.com/england-italy/hUbsnUb#id:8594152,italy,goal,penalty,shootout,11.5,50,0,left-foot,low-centre,0,49.9,3.8,No information,No information,126,No information,7527,50,11.5,50.1,0,50.1,96.2,10,573,shot
marcus-rashford,https://www.sofascore.com/england-italy/hUbsnUb#id:8594152,england,post,No information,shootout,11.5,50,0,right-foot,left,0,55.3,2.5,No information,No information,125,No information,7476,50,11.5,44.7,0,44.7,97.5,11,624,shot
leonardo-bonucci,https://www.sofascore.com/england-italy/hUbsnUb#id:8594152,italy,goal,penalty,shootout,11.5,50,0,right-foot,high-left,0,53,27.8,No information,No information,124,No information,7422,50,11.5,47,0,47,72.2,12,678,shot
harry-maguire,https://www.sofascore.com/england-italy/hUbsnUb#id:8594152,england,goal,penalty,shootout,11.5,50,0,right-foot,high-right,0,46.8,25.3,No information,No information,123,No information,7371,50,11.5,53.2,0,53.2,74.7,13,729,shot
andrea-belotti,https://www.sofascore.com/england-italy/hUbsnUb#id:8594152,italy,save,No information,shootout,11.5,50,0,right-foot,low-right,0,47.4,9.5,No information,No information,123,No information,7320,50,11.5,52.6,0,52.6,90.5,13,780,shot
harry-kane,https://www.sofascore.com/england-italy/hUbsnUb#id:8594152,england,goal,penalty,shootout,11.5,50,0,right-foot,low-left,0,53.9,10.1,No information,No information,122,No information,7268,50,11.5,46.1,0,46.1,89.9,14,832,shot
domenico-berardi,https://www.sofascore.com/england-italy/hUbsnUb#id:8594152,italy,goal,penalty,shootout,11.5,50,0,left-foot,low-left,0,52.3,0.6,No information,No information,121,No information,7226,50,11.5,47.7,0,47.7,99.4,15,874,shot
bryan-cristante,https://www.sofascore.com/england-italy/hUbsnUb#id:8594152,italy,miss,No information,corner,4.6,41.6,0,head,right,0,0.7,5.6,No information,No information,120,1,7210,41.6,4.6,99.3,0,99.3,94.4,1,890,shot
jack-grealish,https://www.sofascore.com/england-italy/hUbsnUb#id:8594152,england,block,No information,throw-in-set-piece,10.8,45.6,0,right-foot,low-centre,0,49.2,11.1,No information,No information,108,No information,6453,45.6,10.8,50.8,0,50.8,88.9,13,747,shot
federico-bernardeschi,https://www.sofascore.com/england-italy/hUbsnUb#id:8594152,italy,save,No information,free-kick,30.6,48.5,0,left-foot,low-centre,0,50.4,15.2,No information,No information,107,No information,6399,48.5,30.6,49.6,0,49.6,84.8,14,801,shot
manuel-locatelli,https://www.sofascore.com/england-italy/hUbsnUb#id:8594152,italy,block,No information,assisted,19.5,49.5,0,left-foot,low-centre,0,50.8,19,No information,No information,105,No information,6260,49.5,19.5,49.2,0,49.2,81,1,40,shot
andrea-belotti,https://www.sofascore.com/england-italy/hUbsnUb#id:8594152,italy,miss,No information,regular,11.2,52.4,0,right-foot,left,0,61.3,16.7,No information,No information,103,No information,6175,52.4,11.2,38.7,0,38.7,83.3,3,125,shot
andrea-belotti,https://www.sofascore.com/england-italy/hUbsnUb#id:8594152,italy,block,No information,regular,27.1,68.6,0,right-foot,low-centre,0,50.6,5.6,No information,No information,99,No information,5896,68.6,27.1,49.4,0,49.4,94.4,7,404,shot
kalvin-phillips,https://www.sofascore.com/england-italy/hUbsnUb#id:8594152,england,miss,No information,corner,23.5,66.8,0,right-foot,left,0,61.3,4.2,No information,No information,97,No information,5769,66.8,23.5,38.7,0,38.7,95.8,9,531,shot
luke-shaw,https://www.sofascore.com/england-italy/hUbsnUb#id:8594152,england,miss,No information,set-piece,22.7,29.4,0,left-foot,high-left,0,60.7,83.3,No information,No information,85,No information,5075,29.4,22.7,39.3,0,39.3,16.7,6,325,shot
domenico-berardi,https://www.sofascore.com/england-italy/hUbsnUb#id:8594152,italy,miss,No information,assisted,10.5,49.9,0,left-foot,high,0,49.4,73.6,No information,No information,73,No information,4367,49.9,10.5,50.6,0,50.6,26.4,18,1033,shot
leonardo-bonucci,https://www.sofascore.com/england-italy/hUbsnUb#id:8594152,italy,goal,regular,corner,2.7,47.3,0,left-foot,low-left,0,53.1,2.5,No information,No information,67,No information,3976,47.3,2.7,46.9,0,46.9,97.5,24,1424,shot
marco-verratti,https://www.sofascore.com/england-italy/hUbsnUb#id:8594152,italy,save,No information,corner,4.5,45.7,0,head,low-left,0,52.3,4.4,No information,No information,67,No information,3975,45.7,4.5,47.7,0,47.7,95.6,24,1425,shot
john-stones,https://www.sofascore.com/england-italy/hUbsnUb#id:8594152,england,save,No information,corner,8.6,49.3,0,head,high-centre,0,51.8,32.3,No information,No information,64,No information,3793,49.3,8.6,48.2,0,48.2,67.7,27,1607,shot
federico-chiesa,https://www.sofascore.com/england-italy/hUbsnUb#id:8594152,italy,save,No information,assisted,14.7,45.4,0,right-foot,low-right,0,46.1,1.3,No information,No information,62,No information,3685,45.4,14.7,53.9,0,53.9,98.7,29,1715,shot
lorenzo-insigne,https://www.sofascore.com/england-italy/hUbsnUb#id:8594152,italy,save,No information,regular,1.6,36.1,0,left-foot,low-left,0,53.1,14.6,No information,No information,57,No information,3376,36.1,1.6,46.9,0,46.9,85.4,34,2024,shot
federico-chiesa,https://www.sofascore.com/england-italy/hUbsnUb#id:8594152,italy,block,No information,assisted,8,26.5,0,left-foot,low-left,0,52.6,8.3,No information,No information,57,No information,3372,26.5,8,47.4,0,47.4,91.7,34,2028,shot
harry-maguire,https://www.sofascore.com/england-italy/hUbsnUb#id:8594152,england,miss,No information,set-piece,11.1,55.8,0,head,high-right,0,40.3,72.2,No information,No information,56,No information,3337,55.8,11.1,59.7,0,59.7,27.8,35,2063,shot
lorenzo-insigne,https://www.sofascore.com/england-italy/hUbsnUb#id:8594152,italy,miss,No information,assisted,13.6,30.1,0,right-foot,high-right,0,23.7,40.3,No information,No information,53,No information,3155,30.1,13.6,76.3,0,76.3,59.7,38,2245,shot
lorenzo-insigne,https://www.sofascore.com/england-italy/hUbsnUb#id:8594152,italy,miss,No information,free-kick,21.7,46.7,0,right-foot,high-right,0,43,61.1,No information,No information,51,No information,3009,46.7,21.7,57,0,57,38.9,40,2391,shot
leonardo-bonucci,https://www.sofascore.com/england-italy/hUbsnUb#id:8594152,italy,miss,No information,assisted,29.1,55.5,0,right-foot,high-left,0,61.5,55.6,No information,No information,45,4,2900,55.5,29.1,38.5,0,38.5,44.4,1,2500,shot
marco-verratti,https://www.sofascore.com/england-italy/hUbsnUb#id:8594152,italy,save,No information,assisted,18.5,45.7,0,left-foot,low-centre,0,49.2,5.7,No information,No information,45,1,2758,45.7,18.5,50.8,0,50.8,94.3,1,2642,shot
ciro-immobile,https://www.sofascore.com/england-italy/hUbsnUb#id:8594152,italy,block,No information,assisted,14.1,51.5,0,right-foot,low-centre,0,48.9,12.5,No information,No information,45,1,2755,51.5,14.1,51.1,0,51.1,87.5,1,2645,shot
federico-chiesa,https://www.sofascore.com/england-italy/hUbsnUb#id:8594152,italy,miss,No information,regular,24.1,62.7,0,left-foot,close-right,0,43,8.3,No information,No information,35,No information,2079,62.7,24.1,57,0,57,91.7,11,621,shot
lorenzo-insigne,https://www.sofascore.com/england-italy/hUbsnUb#id:8594152,italy,miss,No information,assisted,30.1,50,0,right-foot,left,0,65.5,5.6,No information,No information,28,No information,1633,50,30.1,34.5,0,34.5,94.4,18,1067,shot
lorenzo-insigne,https://www.sofascore.com/england-italy/hUbsnUb#id:8594152,italy,miss,No information,free-kick,25.6,64.6,0,right-foot,high,0,48.1,75,No information,No information,8,No information,424,64.6,25.6,51.9,0,51.9,25,38,2276,shot
luke-shaw,https://www.sofascore.com/england-italy/hUbsnUb#id:8594152,england,goal,regular,assisted,6.5,39,0,left-foot,low-left,0,54.4,13.3,No information,No information,2,No information,117,39,6.5,45.6,0,45.6,86.7,44,2583,shot

leonardo-spinazzola,https://www.sofascore.com/northern-ireland-italy/hUbsLVb#id:9223761,italy,miss,No information,assisted,13.8,35.5,0,right-foot,close-left,0,58.3,2.8,No information,No information,90,1,5419,35.5,13.8,41.7,0,41.7,97.2,1,881,shot
ciro-immobile,https://www.sofascore.com/northern-ireland-italy/hUbsLVb#id:9223761,italy,miss,No information,assisted,3.7,32.2,0,left-foot,close-left,0,57.8,25,No information,No information,89,No information,5302,32.2,3.7,42.2,0,42.2,75,2,98,shot
paddy-mcnair,https://www.sofascore.com/northern-ireland-italy/hUbsLVb#id:9223761,northern ireland,miss,No information,assisted,11.2,46.6,0,right-foot,high,0,44.7,75,No information,No information,88,No information,5221,46.6,11.2,55.3,0,55.3,25,3,179,shot
jonny-evans,https://www.sofascore.com/northern-ireland-italy/hUbsLVb#id:9223761,northern ireland,miss,No information,regular,38.9,56.3,0,left-foot,right,0,32.1,2.8,No information,No information,87,No information,5190,56.3,38.9,67.9,0,67.9,97.2,4,210,shot
steven-davis,https://www.sofascore.com/northern-ireland-italy/hUbsLVb#id:9223761,northern ireland,save,No information,regular,17.9,35.9,0,right-foot,low-centre,0,50,3.2,No information,No information,83,No information,4924,35.9,17.9,50,0,50,96.8,8,476,shot
michael-smith,https://www.sofascore.com/northern-ireland-italy/hUbsLVb#id:9223761,northern ireland,block,No information,assisted,21.2,66.6,0,right-foot,low-centre,0,51.4,19,No information,No information,69,No information,4137,66.6,21.2,48.6,0,48.6,81,22,1263,shot
lorenzo-insigne,https://www.sofascore.com/northern-ireland-italy/hUbsLVb#id:9223761,italy,miss,No information,assisted,16.1,33.4,0,right-foot,close-high-right,0,42,45.8,No information,No information,68,No information,4063,33.4,16.1,58,0,58,54.2,23,1337,shot
michael-smith,https://www.sofascore.com/northern-ireland-italy/hUbsLVb#id:9223761,northern ireland,save,No information,assisted,8.8,62.9,0,left-foot,low-centre,0,49.2,12,No information,No information,56,No information,3326,62.9,8.8,50.8,0,50.8,88,35,2074,shot
gavin-whyte,https://www.sofascore.com/northern-ireland-italy/hUbsLVb#id:9223761,northern ireland,save,No information,regular,14,50.5,0,right-foot,low-left,0,52.1,0.6,No information,No information,56,No information,3318,50.5,14,47.9,0,47.9,99.4,35,2082,shot
ciro-immobile,https://www.sofascore.com/northern-ireland-italy/hUbsLVb#id:9223761,italy,miss,No information,set-piece,5.3,42.3,0,head,close-left,0,57.3,8.3,No information,No information,50,No information,2986,42.3,5.3,42.7,0,42.7,91.7,41,2414,shot
gavin-whyte,https://www.sofascore.com/northern-ireland-italy/hUbsLVb#id:9223761,northern ireland,miss,No information,assisted,12.5,25.4,0,right-foot,close-left,0,58,9.7,No information,No information,46,No information,2753,25.4,12.5,42,0,42,90.3,45,2647,shot
ciro-immobile,https://www.sofascore.com/northern-ireland-italy/hUbsLVb#id:9223761,italy,goal,regular,fast-break,11.8,34,0,left-foot,low-left,0,53.6,6.3,No information,No information,38,No information,2279,34,11.8,46.4,0,46.4,93.7,8,421,shot
leonardo-bonucci,https://www.sofascore.com/northern-ireland-italy/hUbsLVb#id:9223761,italy,miss,No information,assisted,47.4,53.6,0,right-foot,high,0,47.6,90.3,No information,No information,30,No information,1775,53.6,47.4,52.4,0,52.4,9.7,16,925,shot
alessandro-florenzi,https://www.sofascore.com/northern-ireland-italy/hUbsLVb#id:9223761,italy,miss,No information,assisted,25.9,62.3,0,right-foot,high,0,47.2,70.8,No information,No information,25,No information,1447,62.3,25.9,52.8,0,52.8,29.2,21,1253,shot
lorenzo-insigne,https://www.sofascore.com/northern-ireland-italy/hUbsLVb#id:9223761,italy,save,No information,assisted,24.2,41.9,0,right-foot,low-centre,0,49.3,7,No information,No information,23,No information,1366,41.9,24.2,50.7,0,50.7,93,23,1334,shot
josh-magennis,https://www.sofascore.com/northern-ireland-italy/hUbsLVb#id:9223761,northern ireland,block,No information,assisted,29.2,71.9,0,right-foot,low-centre,0,51.1,19,No information,No information,21,No information,1214,71.9,29.2,48.9,0,48.9,81,25,1486,shot
emerson-palmieri,https://www.sofascore.com/northern-ireland-italy/hUbsLVb#id:9223761,italy,miss,No information,assisted,10.1,45.6,0,head,close-left,0,57.3,8.3,No information,No information,20,No information,1148,45.6,10.1,42.7,0,42.7,91.7,26,1552,shot
ciro-immobile,https://www.sofascore.com/northern-ireland-italy/hUbsLVb#id:9223761,italy,save,No information,assisted,6.5,55.5,0,right-foot,low-centre,0,48.6,16.5,No information,No information,16,No information,949,55.5,6.5,51.4,0,51.4,83.5,30,1751,shot
domenico-berardi,https://www.sofascore.com/northern-ireland-italy/hUbsLVb#id:9223761,italy,goal,regular,assisted,3,65.8,0,left-foot,high-right,0,46.5,24.1,No information,No information,14,No information,816,65.8,3,53.5,0,53.5,75.9,32,1884,shot
ciro-immobile,https://www.sofascore.com/northern-ireland-italy/hUbsLVb#id:9223761,italy,save,No information,assisted,10.1,53.6,0,right-foot,low-centre,0,50.2,19,No information,No information,11,No information,658,53.6,10.1,49.8,0,49.8,81,35,2042,shot

ciro-immobile,https://www.sofascore.com/lithuania-italy/hUbsBVb#id:9223740,italy,goal,penalty,penalty,11.5,50,0,right-foot,low-left,0,53.7,7.6,No information,No information,90,4,5638,50,11.5,46.3,0,46.3,92.4,1,662,shot
federico-chiesa,https://www.sofascore.com/lithuania-italy/hUbsBVb#id:9223740,italy,miss,No information,assisted,17.8,55.9,0,left-foot,high-left,0,59.7,61.1,No information,No information,90,2,5495,55.9,17.8,40.3,0,40.3,38.9,1,805,shot
markas-beneta,https://www.sofascore.com/lithuania-italy/hUbsBVb#id:9223740,lithuania,block,No information,regular,27.8,64.9,0,left-foot,low-centre,0,48.5,19,No information,No information,86,No information,5146,64.9,27.8,51.5,0,51.5,81,5,254,shot
manuel-locatelli,https://www.sofascore.com/lithuania-italy/hUbsBVb#id:9223740,italy,save,No information,assisted,5.1,55,0,right-foot,low-centre,0,49.2,13.3,No information,No information,84,No information,4987,55,5.1,50.8,0,50.8,86.7,7,413,shot
deimantas-petravicius,https://www.sofascore.com/lithuania-italy/hUbsBVb#id:9223740,lithuania,block,No information,regular,22.3,36.3,0,right-foot,low-left,0,53.2,19,No information,No information,83,No information,4957,36.3,22.3,46.8,0,46.8,81,8,443,shot
federico-bernardeschi,https://www.sofascore.com/lithuania-italy/hUbsBVb#id:9223740,italy,block,No information,regular,8.1,70.3,0,left-foot,low-right,0,46.2,19,No information,No information,80,No information,4782,70.3,8.1,53.8,0,53.8,81,11,618,shot
ciro-immobile,https://www.sofascore.com/lithuania-italy/hUbsBVb#id:9223740,italy,save,No information,assisted,14.1,48.2,0,right-foot,low-right,0,46.8,17.1,No information,No information,80,No information,4780,48.2,14.1,53.2,0,53.2,82.9,11,620,shot
arvydas-novikovas,https://www.sofascore.com/lithuania-italy/hUbsBVb#id:9223740,lithuania,save,No information,assisted,25.2,61.8,0,left-foot,low-centre,0,49.9,8.2,No information,No information,77,No information,4600,61.8,25.2,50.1,0,50.1,91.8,14,800,shot
tautvydas-eliosius,https://www.sofascore.com/lithuania-italy/hUbsBVb#id:9223740,lithuania,save,No information,assisted,3.2,43.3,0,left-foot,low-left,0,53.2,12.7,No information,No information,73,No information,4329,43.3,3.2,46.8,0,46.8,87.3,18,1071,shot
ciro-immobile,https://www.sofascore.com/lithuania-italy/hUbsBVb#id:9223740,italy,miss,No information,assisted,6.5,44.9,0,head,close-right,0,42.7,4.2,No information,No information,69,No information,4116,44.9,6.5,57.3,0,57.3,95.8,22,1284,shot
fedor-cernych,https://www.sofascore.com/lithuania-italy/hUbsBVb#id:9223740,lithuania,miss,No information,assisted,10,54,0,head,right,0,40.3,19.4,No information,No information,66,No information,3929,54,10,59.7,0,59.7,80.6,25,1471,shot
ciro-immobile,https://www.sofascore.com/lithuania-italy/hUbsBVb#id:9223740,italy,save,No information,regular,4.6,37.7,0,left-foot,low-left,0,52.5,10.8,No information,No information,64,No information,3785,37.7,4.6,47.5,0,47.5,89.2,27,1615,shot
alessandro-bastoni,https://www.sofascore.com/lithuania-italy/hUbsBVb#id:9223740,italy,block,No information,corner,9.3,47.6,0,head,low-centre,0,49.9,19,No information,No information,61,No information,3646,47.6,9.3,50.1,0,50.1,81,30,1754,shot
leonardo-spinazzola,https://www.sofascore.com/lithuania-italy/hUbsBVb#id:9223740,italy,miss,No information,regular,13.2,24.1,0,right-foot,high-right,0,39.2,75,No information,No information,59,No information,3511,24.1,13.2,60.8,0,60.8,25,32,1889,shot
ciro-immobile,https://www.sofascore.com/lithuania-italy/hUbsBVb#id:9223740,italy,miss,No information,assisted,8.5,34.9,0,left-foot,right,0,40.2,4.2,No information,No information,57,No information,3368,34.9,8.5,59.8,0,59.8,95.8,34,2032,shot
manuel-locatelli,https://www.sofascore.com/lithuania-italy/hUbsBVb#id:9223740,italy,save,No information,assisted,5.8,35.5,0,right-foot,low-centre,0,50.2,10.1,No information,No information,55,No information,3240,35.5,5.8,49.8,0,49.8,89.9,36,2160,shot
ciro-immobile,https://www.sofascore.com/lithuania-italy/hUbsBVb#id:9223740,italy,save,No information,regular,7,38.8,0,right-foot,high-centre,0,51.5,21.5,No information,No information,50,No information,2982,38.8,7,48.5,0,48.5,78.5,41,2418,shot
matteo-pessina,https://www.sofascore.com/lithuania-italy/hUbsBVb#id:9223740,italy,save,No information,assisted,11.8,51.3,0,left-foot,low-centre,0,51.5,3.2,No information,No information,50,No information,2981,51.3,11.8,48.5,0,48.5,96.8,41,2419,shot
federico-bernardeschi,https://www.sofascore.com/lithuania-italy/hUbsBVb#id:9223740,italy,miss,No information,assisted,20.9,30.3,0,left-foot,close-right,0,41.5,20.8,No information,No information,49,No information,2905,30.3,20.9,58.5,0,58.5,79.2,42,2495,shot
stefano-sensi,https://www.sofascore.com/lithuania-italy/hUbsBVb#id:9223740,italy,goal,regular,assisted,18,43.3,0,left-foot,low-left,0,54.1,9.5,No information,No information,47,No information,2814,43.3,18,45.9,0,45.9,90.5,44,2586,shot
federico-chiesa,https://www.sofascore.com/lithuania-italy/hUbsBVb#id:9223740,italy,save,No information,regular,8.2,65.1,0,right-foot,low-centre,0,51.5,13.9,No information,No information,47,No information,2805,65.1,8.2,48.5,0,48.5,86.1,44,2595,shot
federico-bernardeschi,https://www.sofascore.com/lithuania-italy/hUbsBVb#id:9223740,italy,block,No information,assisted,15.4,73,0,left-foot,low-right,0,47.7,19,No information,No information,46,No information,2755,73,15.4,52.3,0,52.3,81,45,2645,shot
gianluca-mancini,https://www.sofascore.com/lithuania-italy/hUbsBVb#id:9223740,italy,miss,No information,corner,2.7,66.6,0,head,close-right,0,41.3,12.5,No information,No information,42,No information,2465,66.6,2.7,58.7,0,58.7,87.5,4,235,shot
emerson-palmieri,https://www.sofascore.com/lithuania-italy/hUbsBVb#id:9223740,italy,save,No information,assisted,21.4,25.7,0,left-foot,high-left,0,53.4,27.2,No information,No information,41,No information,2433,25.7,21.4,46.6,0,46.6,72.8,5,267,shot
stephan-el-shaarawy,https://www.sofascore.com/lithuania-italy/hUbsBVb#id:9223740,italy,miss,No information,assisted,9.7,50.5,0,head,high,0,53.6,63.9,No information,No information,40,No information,2377,50.5,9.7,46.4,0,46.4,36.1,6,323,shot
stephan-el-shaarawy,https://www.sofascore.com/lithuania-italy/hUbsBVb#id:9223740,italy,miss,No information,assisted,5.7,49.5,0,right-foot,close-right,0,40.8,9.7,No information,No information,39,No information,2333,49.5,5.7,59.2,0,59.2,90.3,7,367,shot
edvinas-girdvainis,https://www.sofascore.com/lithuania-italy/hUbsBVb#id:9223740,lithuania,miss,No information,corner,9.9,43.3,0,head,right,0,8.6,19.4,No information,No information,38,No information,2233,43.3,9.9,91.4,0,91.4,80.6,8,467,shot
stephan-el-shaarawy,https://www.sofascore.com/lithuania-italy/hUbsBVb#id:9223740,italy,block,No information,assisted,12.2,33.4,0,right-foot,low-centre,0,49.4,19,No information,No information,21,No information,1255,33.4,12.2,50.6,0,50.6,81,25,1445,shot
federico-bernardeschi,https://www.sofascore.com/lithuania-italy/hUbsBVb#id:9223740,italy,block,No information,assisted,24.4,52.1,0,left-foot,low-centre,0,50.5,19,No information,No information,21,No information,1222,52.1,24.4,49.5,0,49.5,81,25,1478,shot
stephan-el-shaarawy,https://www.sofascore.com/lithuania-italy/hUbsBVb#id:9223740,italy,miss,No information,assisted,22.8,35.3,0,left-foot,high-left,0,56.3,91.7,No information,No information,19,No information,1131,35.3,22.8,43.7,0,43.7,8.3,27,1569,shot
stephan-el-shaarawy,https://www.sofascore.com/lithuania-italy/hUbsBVb#id:9223740,italy,block,No information,assisted,15.7,44.5,0,right-foot,low-centre,0,50.3,19,No information,No information,18,No information,1020,44.5,15.7,49.7,0,49.7,81,28,1680,shot
arvydas-novikovas,https://www.sofascore.com/lithuania-italy/hUbsBVb#id:9223740,lithuania,block,No information,assisted,15,35.4,0,left-foot,low-centre,0,49.6,19,No information,No information,16,No information,926,35.4,15,50.4,0,50.4,81,30,1774,shot
lorenzo-pellegrini,https://www.sofascore.com/lithuania-italy/hUbsBVb#id:9223740,italy,miss,No information,assisted,26.5,46.4,0,right-foot,high,0,46.1,70.8,No information,No information,10,No information,589,46.4,26.5,53.9,0,53.9,29.2,36,2111,shot
emerson-palmieri,https://www.sofascore.com/lithuania-italy/hUbsBVb#id:9223740,italy,save,No information,corner,28.2,47.5,0,left-foot,low-left,0,53,1.9,No information,No information,7,No information,371,47.5,28.2,47,0,47,98.1,39,2329,shot
lorenzo-pellegrini,https://www.sofascore.com/lithuania-italy/hUbsBVb#id:9223740,italy,miss,No information,assisted,27.3,41.9,0,right-foot,close-right,0,41.7,12.5,No information,No information,6,No information,342,41.9,27.3,58.3,0,58.3,87.5,40,2358,shot
manuel-locatelli,https://www.sofascore.com/lithuania-italy/hUbsBVb#id:9223740,italy,block,No information,assisted,20.1,49.1,0,right-foot,low-centre,0,51.8,19,No information,No information,2,No information,104,49.1,20.1,48.2,0,48.2,81,44,2596,shot

teun-koopmeiners,https://www.sofascore.com/italy-netherlands/fUbshUb#id:11353240,netherlands,block,No information,assisted,15.3,37,0,left-foot,low-centre,0,50.6,19,No information,No information,90,10,5997,37,15.3,49.4,0,49.4,81,1,303,shot
lorenzo-pellegrini,https://www.sofascore.com/italy-netherlands/fUbshUb#id:11353240,italy,block,No information,free-kick,20.4,49.7,0,right-foot,low-centre,0,49.8,19,No information,No information,90,6,5739,49.7,20.4,50.2,0,50.2,81,1,561,shot
teun-koopmeiners,https://www.sofascore.com/italy-netherlands/fUbshUb#id:11353240,netherlands,save,No information,assisted,9.7,40.1,0,head,low-right,0,48,8.2,No information,No information,90,4,5618,40.1,9.7,52,0,52,91.8,1,682,shot
lorenzo-pellegrini,https://www.sofascore.com/italy-netherlands/fUbshUb#id:11353240,italy,miss,No information,fast-break,12.1,51.8,0,right-foot,close-left,0,57.5,4.2,No information,No information,90,3,5569,51.8,12.1,42.5,0,42.5,95.8,1,731,shot
georginio-wijnaldum,https://www.sofascore.com/italy-netherlands/fUbshUb#id:11353240,netherlands,save,No information,regular,11.1,58.9,0,head,low-centre,0,48.5,11.4,No information,No information,90,2,5507,58.9,11.1,51.5,0,51.5,88.6,1,793,shot
georginio-wijnaldum,https://www.sofascore.com/italy-netherlands/fUbshUb#id:11353240,netherlands,goal,regular,assisted,9.4,53.2,0,left-foot,high-left,0,52.6,29.1,No information,No information,89,No information,5333,53.2,9.4,47.4,0,47.4,70.9,2,67,shot
teun-koopmeiners,https://www.sofascore.com/italy-netherlands/fUbshUb#id:11353240,netherlands,block,No information,free-kick,20.1,50.9,0,left-foot,low-right,0,47.2,19,No information,No information,82,No information,4906,50.9,20.1,52.8,0,52.8,81,9,494,shot
joey-veerman,https://www.sofascore.com/italy-netherlands/fUbshUb#id:11353240,netherlands,block,No information,assisted,20,52,0,right-foot,low-right,0,47.6,19,No information,No information,80,No information,4754,52,20,52.4,0,52.4,81,11,646,shot
federico-chiesa,https://www.sofascore.com/italy-netherlands/fUbshUb#id:11353240,italy,miss,No information,assisted,21.4,40.8,0,right-foot,high,0,45,76.4,No information,No information,78,No information,4649,40.8,21.4,55,0,55,23.6,13,751,shot
federico-chiesa,https://www.sofascore.com/italy-netherlands/fUbshUb#id:11353240,italy,goal,regular,fast-break,6.6,34.1,0,left-foot,low-right,0,47.1,2.5,No information,No information,72,No information,4316,34.1,6.6,52.9,0,52.9,97.5,19,1084,shot
bryan-cristante,https://www.sofascore.com/italy-netherlands/fUbshUb#id:11353240,italy,miss,No information,set-piece,9.1,65.5,0,left-foot,left,0,99.8,4.2,No information,No information,72,No information,4265,65.5,9.1,0.2,0,0.2,95.8,19,1135,shot
nicolo-zaniolo,https://www.sofascore.com/italy-netherlands/fUbshUb#id:11353240,italy,block,No information,assisted,16.5,59.5,0,left-foot,low-centre,0,49.9,19,No information,No information,71,No information,4217,59.5,16.5,50.1,0,50.1,81,20,1183,shot
steven-bergwijn,https://www.sofascore.com/italy-netherlands/fUbshUb#id:11353240,netherlands,goal,regular,regular,7.9,60,0,left-foot,low-left,0,53.6,12.7,No information,No information,68,No information,4061,60,7.9,46.4,0,46.4,87.3,23,1339,shot
denzel-dumfries,https://www.sofascore.com/italy-netherlands/fUbshUb#id:11353240,netherlands,save,No information,assisted,19.8,48.5,0,right-foot,low-centre,0,51.4,1.3,No information,No information,59,No information,3511,48.5,19.8,48.6,0,48.6,98.7,32,1889,shot
xavi-simons,https://www.sofascore.com/italy-netherlands/fUbshUb#id:11353240,netherlands,miss,No information,corner,17.9,37.5,0,right-foot,right,0,8.2,4.2,No information,No information,58,No information,3454,37.5,17.9,91.8,0,91.8,95.8,33,1946,shot
steven-bergwijn,https://www.sofascore.com/italy-netherlands/fUbshUb#id:11353240,netherlands,block,No information,assisted,16.5,68.1,0,right-foot,low-left,0,52.1,19,No information,No information,56,No information,3347,68.1,16.5,47.9,0,47.9,81,35,2053,shot
cody-gakpo,https://www.sofascore.com/italy-netherlands/fUbshUb#id:11353240,netherlands,miss,No information,assisted,23.3,54.5,0,right-foot,left,0,60,2.8,No information,No information,52,No information,3110,54.5,23.3,40,0,40,97.2,39,2290,shot
steven-bergwijn,https://www.sofascore.com/italy-netherlands/fUbshUb#id:11353240,netherlands,block,No information,regular,7.3,60,0,right-foot,low-right,0,47.3,19,No information,No information,51,No information,3029,60,7.3,52.7,0,52.7,81,40,2371,shot
mats-wieffer,https://www.sofascore.com/italy-netherlands/fUbshUb#id:11353240,netherlands,block,No information,corner,5.2,41,0,right-foot,low-centre,0,49.7,19,No information,No information,50,No information,2978,41,5.2,50.3,0,50.3,81,41,2422,shot
wilfried-gnonto,https://www.sofascore.com/italy-netherlands/fUbshUb#id:11353240,italy,block,No information,assisted,17.1,59.9,0,left-foot,low-centre,0,50.7,19,No information,No information,49,No information,2929,59.9,17.1,49.3,0,49.3,81,42,2471,shot
cody-gakpo,https://www.sofascore.com/italy-netherlands/fUbshUb#id:11353240,netherlands,save,No information,assisted,7.4,36,0,right-foot,low-centre,0,51,15.8,No information,No information,47,No information,2805,36,7.4,49,0,49,84.2,44,2595,shot
wilfried-gnonto,https://www.sofascore.com/italy-netherlands/fUbshUb#id:11353240,italy,block,No information,assisted,19,70.9,0,right-foot,low-right,0,47.4,19,No information,No information,45,6,3009,70.9,19,52.6,0,52.6,81,1,2391,shot
denzel-dumfries,https://www.sofascore.com/italy-netherlands/fUbshUb#id:11353240,netherlands,block,No information,set-piece,4.8,57.8,0,head,low-centre,0,50.7,19,No information,No information,45,1,2737,57.8,4.8,49.3,0,49.3,81,1,2663,shot
cody-gakpo,https://www.sofascore.com/italy-netherlands/fUbshUb#id:11353240,netherlands,miss,No information,assisted,10.6,40,0,right-foot,right,0,38.8,30.6,No information,No information,40,No information,2385,40,10.6,61.2,0,61.2,69.4,6,315,shot
noa-lang,https://www.sofascore.com/italy-netherlands/fUbshUb#id:11353240,netherlands,block,No information,free-kick,23.3,51.1,0,right-foot,low-centre,0,50.7,19,No information,No information,36,No information,2127,51.1,23.3,49.3,0,49.3,81,10,573,shot
federico-dimarco,https://www.sofascore.com/italy-netherlands/fUbshUb#id:11353240,italy,miss,No information,corner,21.4,61.3,0,left-foot,close-high,0,54.3,47.2,No information,No information,27,No information,1585,61.3,21.4,45.7,0,45.7,52.8,19,1115,shot
davide-frattesi,https://www.sofascore.com/italy-netherlands/fUbshUb#id:11353240,italy,goal,regular,assisted,8,53.8,0,left-foot,low-centre,0,48.2,7,No information,No information,20,No information,1178,53.8,8,51.8,0,51.8,93,26,1522,shot
wilfried-gnonto,https://www.sofascore.com/italy-netherlands/fUbshUb#id:11353240,italy,block,No information,regular,17.1,52.7,0,left-foot,low-left,0,52.2,19,No information,No information,20,No information,1176,52.7,17.1,47.8,0,47.8,81,26,1524,shot
virgil-van-dijk,https://www.sofascore.com/italy-netherlands/fUbshUb#id:11353240,netherlands,block,No information,corner,10.2,42.7,0,head,low-left,0,52.2,19,No information,No information,14,No information,828,42.7,10.2,47.8,0,47.8,81,32,1872,shot
federico-dimarco,https://www.sofascore.com/italy-netherlands/fUbshUb#id:11353240,italy,goal,regular,assisted,11.1,34.6,0,left-foot,high-right,0,46.4,25.9,No information,No information,6,No information,335,34.6,11.1,53.6,0,53.6,74.1,40,2365,shot
mateo-retegui,https://www.sofascore.com/italy-netherlands/fUbshUb#id:11353240,italy,miss,No information,assisted,9.6,52.5,0,right-foot,left,0,99.2,4.2,No information,No information,6,No information,332,52.5,9.6,0.8,0,0.8,95.8,40,2368,shot
denzel-dumfries,https://www.sofascore.com/italy-netherlands/fUbshUb#id:11353240,netherlands,miss,No information,corner,7.8,41,0,head,high,0,53.3,79.2,No information,No information,3,No information,173,41,7.8,46.7,0,46.7,20.8,43,2527,shot

federico-chiesa,https://www.sofascore.com/austria-italy/hUbstUb#id:8594165,italy,miss,No information,assisted,20,33.6,0,right-foot,close-right,0,42.2,6.9,No information,No information,119,No information,7138,33.6,20,57.8,0,57.8,93.1,2,62,shot
michael-gregoritsch,https://www.sofascore.com/austria-italy/hUbstUb#id:8594165,austria,miss,No information,regular,21.4,60.8,0,left-foot,left,0,61.5,15.3,No information,No information,119,No information,7085,60.8,21.4,38.5,0,38.5,84.7,2,115,shot
sasa-kalajdzic,https://www.sofascore.com/austria-italy/hUbstUb#id:8594165,austria,goal,regular,corner,3,62,0,head,low-right,0,46.8,10.1,No information,No information,114,No information,6816,62,3,53.2,0,53.2,89.9,7,384,shot
louis-schaub,https://www.sofascore.com/austria-italy/hUbstUb#id:8594165,austria,block,No information,regular,10.8,62.7,0,left-foot,low-centre,0,48.8,19,No information,No information,113,No information,6763,62.7,10.8,51.2,0,51.2,81,8,437,shot
andrea-belotti,https://www.sofascore.com/austria-italy/hUbstUb#id:8594165,italy,block,No information,free-kick,26.1,61.4,0,right-foot,low-centre,0,50.8,19,No information,No information,113,No information,6721,61.4,26.1,49.2,0,49.2,81,8,479,shot
marcel-sabitzer,https://www.sofascore.com/austria-italy/hUbstUb#id:8594165,austria,miss,No information,regular,3.7,37.6,0,left-foot,high,0,50.4,75,No information,No information,111,No information,6612,37.6,3.7,49.6,0,49.6,25,10,588,shot
giovanni-di-lorenzo,https://www.sofascore.com/austria-italy/hUbstUb#id:8594165,italy,miss,No information,fast-break,14.1,70.8,0,right-foot,right,0,40.3,33.3,No information,No information,109,No information,6531,70.8,14.1,59.7,0,59.7,66.7,12,669,shot
andrea-belotti,https://www.sofascore.com/austria-italy/hUbstUb#id:8594165,italy,miss,No information,fast-break,13.3,36.3,0,left-foot,right,0,38.7,8.3,No information,No information,107,No information,6364,36.3,13.3,61.3,0,61.3,91.7,14,836,shot
louis-schaub,https://www.sofascore.com/austria-italy/hUbstUb#id:8594165,austria,save,No information,assisted,25.1,62.3,0,left-foot,low-right,0,47.6,11.4,No information,No information,106,No information,6324,62.3,25.1,52.4,0,52.4,88.6,15,876,shot
matteo-pessina,https://www.sofascore.com/austria-italy/hUbstUb#id:8594165,italy,goal,regular,assisted,5,33.3,0,left-foot,low-right,0,46.1,4.4,No information,No information,105,No information,6288,33.3,5,53.9,0,53.9,95.6,1,12,shot
giovanni-di-lorenzo,https://www.sofascore.com/austria-italy/hUbstUb#id:8594165,italy,block,No information,corner,9,40.6,0,head,low-centre,0,50.8,19,No information,No information,105,No information,6264,40.6,9,49.2,0,49.2,81,1,36,shot
lorenzo-insigne,https://www.sofascore.com/austria-italy/hUbstUb#id:8594165,italy,save,No information,free-kick,28.8,36.4,0,right-foot,high-left,0,54,28.5,No information,No information,104,No information,6232,36.4,28.8,46,0,46,71.5,2,68,shot
stefan-lainer,https://www.sofascore.com/austria-italy/hUbstUb#id:8594165,austria,miss,No information,regular,14.5,71,0,right-foot,high,0,45.9,73.6,No information,No information,99,No information,5914,71,14.5,54.1,0,54.1,26.4,7,386,shot
federico-chiesa,https://www.sofascore.com/austria-italy/hUbstUb#id:8594165,italy,goal,regular,assisted,4.4,65.3,0,left-foot,low-left,0,53.1,12,No information,No information,95,No information,5664,65.3,4.4,46.9,0,46.9,88,11,636,shot
federico-chiesa,https://www.sofascore.com/austria-italy/hUbstUb#id:8594165,italy,save,No information,assisted,9.9,71.8,0,right-foot,low-centre,0,50.4,7,No information,No information,94,No information,5618,71.8,9.9,49.6,0,49.6,93,12,682,shot
marcel-sabitzer,https://www.sofascore.com/austria-italy/hUbstUb#id:8594165,austria,block,No information,assisted,26.7,37.6,0,right-foot,low-centre,0,50.5,19,No information,No information,86,No information,5141,37.6,26.7,49.5,0,49.5,81,5,259,shot
domenico-berardi,https://www.sofascore.com/austria-italy/hUbstUb#id:8594165,italy,miss,No information,assisted,10,61.2,0,left-foot,right,0,33.9,11.1,No information,No information,83,No information,4962,61.2,10,66.1,0,66.1,88.9,8,438,shot
martin-hinteregger,https://www.sofascore.com/austria-italy/hUbstUb#id:8594165,austria,miss,No information,set-piece,11.5,49,0,other,right,0,39.3,15.3,No information,No information,74,No information,4412,49,11.5,60.7,0,60.7,84.7,17,988,shot
lorenzo-insigne,https://www.sofascore.com/austria-italy/hUbstUb#id:8594165,italy,miss,No information,assisted,9.7,37.6,0,right-foot,high-right,0,39.8,48.6,No information,No information,72,No information,4316,37.6,9.7,60.2,0,60.2,51.4,19,1084,shot
manuel-locatelli,https://www.sofascore.com/austria-italy/hUbstUb#id:8594165,italy,miss,No information,assisted,21.1,42.2,0,right-foot,right,0,40.2,12.5,No information,No information,72,No information,4274,42.2,21.1,59.8,0,59.8,87.5,19,1126,shot
marcel-sabitzer,https://www.sofascore.com/austria-italy/hUbstUb#id:8594165,austria,miss,No information,regular,25.6,45.4,0,right-foot,left,0,59.3,5.6,No information,No information,68,No information,4029,45.4,25.6,40.7,0,40.7,94.4,23,1371,shot
marko-arnautovic,https://www.sofascore.com/austria-italy/hUbstUb#id:8594165,austria,save,No information,corner,8.2,70.7,0,right-foot,low-right,0,47,4.4,No information,No information,63,No information,3746,70.7,8.2,53,0,53,95.6,28,1654,shot
xaver-schlager,https://www.sofascore.com/austria-italy/hUbstUb#id:8594165,austria,block,No information,corner,23.6,47.3,0,left-foot,low-centre,0,49,19,No information,No information,63,No information,3743,47.3,23.6,51,0,51,81,28,1657,shot
xaver-schlager,https://www.sofascore.com/austria-italy/hUbstUb#id:8594165,austria,miss,No information,corner,20.1,39.2,0,left-foot,right,0,30.9,12.5,No information,No information,63,No information,3740,39.2,20.1,69.1,0,69.1,87.5,28,1660,shot
marcel-sabitzer,https://www.sofascore.com/austria-italy/hUbstUb#id:8594165,austria,block,No information,assisted,24.8,63.3,0,right-foot,low-centre,0,49.3,19,No information,No information,62,No information,3703,63.3,24.8,50.7,0,50.7,81,29,1697,shot
leonardo-bonucci,https://www.sofascore.com/austria-italy/hUbstUb#id:8594165,italy,miss,No information,corner,7.8,49.6,0,head,high,0,47.6,70.8,No information,No information,56,No information,3344,49.6,7.8,52.4,0,52.4,29.2,35,2056,shot
leonardo-spinazzola,https://www.sofascore.com/austria-italy/hUbstUb#id:8594165,italy,block,No information,assisted,18.7,29.3,0,right-foot,low-left,0,53.4,19,No information,No information,54,No information,3239,29.3,18.7,46.6,0,46.6,81,37,2161,shot
david-alaba,https://www.sofascore.com/austria-italy/hUbstUb#id:8594165,austria,miss,No information,free-kick,18.7,51.6,0,left-foot,close-high,0,45.9,58.3,No information,No information,52,No information,3076,51.6,18.7,54.1,0,54.1,41.7,39,2324,shot
marko-arnautovic,https://www.sofascore.com/austria-italy/hUbstUb#id:8594165,austria,miss,No information,regular,9.4,31.4,0,right-foot,right,0,1.5,20.8,No information,No information,49,No information,2895,31.4,9.4,98.5,0,98.5,79.2,42,2505,shot
ciro-immobile,https://www.sofascore.com/austria-italy/hUbstUb#id:8594165,italy,block,No information,assisted,11.5,67.2,0,right-foot,low-centre,0,50.6,19,No information,No information,48,No information,2877,67.2,11.5,49.4,0,49.4,81,43,2523,shot
francesco-acerbi,https://www.sofascore.com/austria-italy/hUbstUb#id:8594165,italy,miss,No information,set-piece,9.6,59.9,0,head,right,0,40.5,6.9,No information,No information,45,2,2791,59.9,9.6,59.5,0,59.5,93.1,1,2609,shot
giovanni-di-lorenzo,https://www.sofascore.com/austria-italy/hUbstUb#id:8594165,italy,miss,No information,corner,9.2,41.4,0,head,right,0,34.8,9.7,No information,No information,43,No information,2571,41.4,9.2,65.2,0,65.2,90.3,3,129,shot
leonardo-spinazzola,https://www.sofascore.com/austria-italy/hUbstUb#id:8594165,italy,miss,No information,assisted,15.3,36.3,0,right-foot,close-left,0,57.8,4.2,No information,No information,43,No information,2542,36.3,15.3,42.2,0,42.2,95.8,3,158,shot
ciro-immobile,https://www.sofascore.com/austria-italy/hUbstUb#id:8594165,italy,block,No information,assisted,20.1,60.8,0,right-foot,low-right,0,47.2,19,No information,No information,34,No information,2022,60.8,20.1,52.8,0,52.8,81,12,678,shot
ciro-immobile,https://www.sofascore.com/austria-italy/hUbstUb#id:8594165,italy,post,No information,assisted,26.5,62.9,0,right-foot,left,0,55.4,33.5,No information,No information,32,No information,1910,62.9,26.5,44.6,0,44.6,66.5,14,790,shot
domenico-berardi,https://www.sofascore.com/austria-italy/hUbstUb#id:8594165,italy,block,No information,assisted,21.2,62.7,0,left-foot,low-centre,0,50,19,No information,No information,24,No information,1383,62.7,21.2,50,0,50,81,22,1317,shot
marko-arnautovic,https://www.sofascore.com/austria-italy/hUbstUb#id:8594165,austria,miss,No information,fast-break,23.8,54.2,0,right-foot,high,0,47.4,69.4,No information,No information,18,No information,1068,54.2,23.8,52.6,0,52.6,30.6,28,1632,shot
nicolo-barella,https://www.sofascore.com/austria-italy/hUbstUb#id:8594165,italy,block,No information,assisted,28.5,54.1,0,right-foot,low-right,0,48,19,No information,No information,18,No information,1038,54.1,28.5,52,0,52,81,28,1662,shot
nicolo-barella,https://www.sofascore.com/austria-italy/hUbstUb#id:8594165,italy,save,No information,assisted,15.3,55,0,right-foot,low-centre,0,51.3,5.1,No information,No information,17,No information,971,55,15.3,48.7,0,48.7,94.9,29,1729,shot
lorenzo-insigne,https://www.sofascore.com/austria-italy/hUbstUb#id:8594165,italy,block,No information,assisted,23.8,38.5,0,right-foot,low-centre,0,49,19,No information,No information,15,No information,883,38.5,23.8,51,0,51,81,31,1817,shot
lorenzo-insigne,https://www.sofascore.com/austria-italy/hUbstUb#id:8594165,italy,save,No information,fast-break,13.6,25.2,0,right-foot,low-centre,0,48.4,12,No information,No information,14,No information,812,25.2,13.6,51.6,0,51.6,88,32,1888,shot
leonardo-spinazzola,https://www.sofascore.com/austria-italy/hUbstUb#id:8594165,italy,miss,No information,assisted,6.8,28.3,0,left-foot,close-left,0,57.1,38.9,No information,No information,11,No information,643,28.3,6.8,42.9,0,42.9,61.1,35,2057,shot
domenico-berardi,https://www.sofascore.com/austria-italy/hUbstUb#id:8594165,italy,block,No information,assisted,19.5,47.8,0,left-foot,low-left,0,51.9,19,No information,No information,11,No information,635,47.8,19.5,48.1,0,48.1,81,35,2065,shot

merih-demiral,https://www.sofascore.com/italy-turkey/aUbshUb#id:8513121,türkiye,miss,No information,corner,12.2,56.5,0,head,high-left,0,59.3,69.4,No information,No information,90,3,5538,56.5,12.2,40.7,0,40.7,30.6,1,762,shot
burak-yilmaz,https://www.sofascore.com/italy-turkey/aUbshUb#id:8513121,türkiye,block,No information,assisted,7.5,40.2,0,left-foot,low-left,0,52.7,19,No information,No information,90,2,5515,40.2,7.5,47.3,0,47.3,81,1,785,shot
lorenzo-insigne,https://www.sofascore.com/italy-turkey/aUbshUb#id:8513121,italy,goal,regular,assisted,10.1,34,0,right-foot,low-right,0,45.8,12.7,No information,No information,79,No information,4710,34,10.1,54.2,0,54.2,87.3,12,690,shot
ciro-immobile,https://www.sofascore.com/italy-turkey/aUbshUb#id:8513121,italy,goal,regular,regular,6,47.2,0,right-foot,low-right,0,47.7,16.5,No information,No information,66,No information,3933,47.2,6,52.3,0,52.3,83.5,25,1467,shot
leonardo-spinazzola,https://www.sofascore.com/italy-turkey/aUbshUb#id:8513121,italy,save,No information,assisted,12.1,36.9,0,right-foot,low-centre,0,49.3,6.3,No information,No information,66,No information,3931,36.9,12.1,50.7,0,50.7,93.7,25,1469,shot
domenico-berardi,https://www.sofascore.com/italy-turkey/aUbshUb#id:8513121,italy,miss,No information,regular,9.5,70.9,0,left-foot,left,0,75.3,15.3,No information,No information,59,No information,3531,70.9,9.5,24.7,0,24.7,84.7,32,1869,shot
nicolo-barella,https://www.sofascore.com/italy-turkey/aUbshUb#id:8513121,italy,block,No information,corner,28.2,50.1,0,right-foot,low-centre,0,50.4,19,No information,No information,59,No information,3492,50.1,28.2,49.6,0,49.6,81,32,1908,shot
manuel-locatelli,https://www.sofascore.com/italy-turkey/aUbshUb#id:8513121,italy,save,No information,regular,22.9,33.4,0,right-foot,low-right,0,47.5,2.5,No information,No information,58,No information,3444,33.4,22.9,52.5,0,52.5,97.5,33,1956,shot
giorgio-chiellini,https://www.sofascore.com/italy-turkey/aUbshUb#id:8513121,italy,miss,No information,corner,24.5,25.4,0,left-foot,right,0,19,9.7,No information,No information,58,No information,3434,25.4,24.5,81,0,81,90.3,33,1966,shot
lorenzo-insigne,https://www.sofascore.com/italy-turkey/aUbshUb#id:8513121,italy,block,No information,assisted,11.8,39.2,0,right-foot,low-left,0,53,19,No information,No information,57,No information,3381,39.2,11.8,47,0,47,81,34,2019,shot
ciro-immobile,https://www.sofascore.com/italy-turkey/aUbshUb#id:8513121,italy,miss,No information,assisted,9.7,36.7,0,right-foot,right,0,39.5,12.5,No information,No information,54,No information,3238,36.7,9.7,60.5,0,60.5,87.5,37,2162,shot
leonardo-spinazzola,https://www.sofascore.com/italy-turkey/aUbshUb#id:8513121,italy,save,No information,assisted,8.3,31,0,left-foot,high-left,0,52.5,22.8,No information,No information,54,No information,3235,31,8.3,47.5,0,47.5,77.2,37,2165,shot
merih-demiral,https://www.sofascore.com/italy-turkey/aUbshUb#id:8513121,italy,goal,own,regular,3.3,48.7,0,other,low-right,0,46.8,5.7,No information,No information,53,No information,3132,48.7,3.3,53.2,0,53.2,94.3,38,2268,shot
cengiz-under,https://www.sofascore.com/italy-turkey/aUbshUb#id:8513121,türkiye,block,No information,fast-break,12.3,25.9,0,left-foot,low-right,0,46.7,12.5,No information,No information,51,No information,3057,25.9,12.3,53.3,0,53.3,87.5,40,2343,shot
domenico-berardi,https://www.sofascore.com/italy-turkey/aUbshUb#id:8513121,italy,miss,No information,assisted,8.2,34.3,0,left-foot,left,0,63,9.7,No information,No information,45,No information,2672,34.3,8.2,37,0,37,90.3,1,28,shot
lorenzo-insigne,https://www.sofascore.com/italy-turkey/aUbshUb#id:8513121,italy,block,No information,regular,13.1,28.7,0,right-foot,low-centre,0,48.4,19,No information,No information,45,No information,2651,28.7,13.1,51.6,0,51.6,81,1,49,shot
ciro-immobile,https://www.sofascore.com/italy-turkey/aUbshUb#id:8513121,italy,save,No information,assisted,14,60.6,0,right-foot,low-centre,0,51,1.9,No information,No information,43,No information,2561,60.6,14,49,0,49,98.1,3,139,shot
domenico-berardi,https://www.sofascore.com/italy-turkey/aUbshUb#id:8513121,italy,miss,No information,assisted,23.2,68.2,0,left-foot,high-left,0,60.5,69.4,No information,No information,39,No information,2314,68.2,23.2,39.5,0,39.5,30.6,7,386,shot
lorenzo-insigne,https://www.sofascore.com/italy-turkey/aUbshUb#id:8513121,italy,save,No information,assisted,19.8,36.7,0,right-foot,low-centre,0,51.3,17.7,No information,No information,37,No information,2163,36.7,19.8,48.7,0,48.7,82.3,9,537,shot
ciro-immobile,https://www.sofascore.com/italy-turkey/aUbshUb#id:8513121,italy,miss,No information,assisted,9.5,55.7,0,head,close-right,0,42.2,8.3,No information,No information,33,No information,1924,55.7,9.5,57.8,0,57.8,91.7,13,776,shot
nicolo-barella,https://www.sofascore.com/italy-turkey/aUbshUb#id:8513121,italy,miss,No information,assisted,25.1,61.6,0,right-foot,high-left,0,57.5,81.9,No information,No information,29,No information,1729,61.6,25.1,42.5,0,42.5,18.1,17,971,shot
leonardo-bonucci,https://www.sofascore.com/italy-turkey/aUbshUb#id:8513121,italy,miss,No information,corner,10.4,56.1,0,head,left,0,63.9,16.7,No information,No information,23,No information,1324,56.1,10.4,36.1,0,36.1,83.3,23,1376,shot
giorgio-chiellini,https://www.sofascore.com/italy-turkey/aUbshUb#id:8513121,italy,save,No information,corner,11.8,45.8,0,head,high-centre,0,48.4,33.5,No information,No information,22,No information,1299,45.8,11.8,51.6,0,51.6,66.5,24,1401,shot
ciro-immobile,https://www.sofascore.com/italy-turkey/aUbshUb#id:8513121,italy,block,No information,regular,23.2,55.9,0,right-foot,low-centre,0,51.3,19,No information,No information,21,No information,1214,55.9,23.2,48.7,0,48.7,81,25,1486,shot
leonardo-bonucci,https://www.sofascore.com/italy-turkey/aUbshUb#id:8513121,italy,miss,No information,regular,30.2,71.1,0,right-foot,left,0,65.5,11.1,No information,No information,20,No information,1149,71.1,30.2,34.5,0,34.5,88.9,26,1551,shot
lorenzo-insigne,https://www.sofascore.com/italy-turkey/aUbshUb#id:8513121,italy,miss,No information,assisted,11.4,34.5,0,right-foot,right,0,38.5,20.8,No information,No information,18,No information,1022,34.5,11.4,61.5,0,61.5,79.2,28,1678,shot
domenico-berardi,https://www.sofascore.com/italy-turkey/aUbshUb#id:8513121,italy,block,No information,assisted,21.6,75,0,left-foot,low-centre,0,50.5,19,No information,No information,14,No information,804,75,21.6,49.5,0,49.5,81,32,1896,shot
ciro-immobile,https://www.sofascore.com/italy-turkey/aUbshUb#id:8513121,italy,miss,No information,assisted,4.6,63.3,0,right-foot,close-right,0,43.2,2.8,No information,No information,3,No information,128,63.3,4.6,56.8,0,56.8,97.2,43,2572,shot

dominik-szoboszlai,https://www.sofascore.com/hungary-italy/hUbsjUb#id:10023370,hungary,miss,No information,free-kick,47.7,60.3,0,right-foot,right,0,37.8,30.6,No information,No information,90,2,5486,60.3,47.7,62.2,0,62.2,69.4,1,814,shot
alessio-zerbin,https://www.sofascore.com/hungary-italy/hUbsjUb#id:10023370,italy,save,No information,assisted,8.9,70.9,0,right-foot,low-right,0,48,1.9,No information,No information,90,1,5446,70.9,8.9,52,0,52,98.1,1,854,shot
manuel-locatelli,https://www.sofascore.com/hungary-italy/hUbsjUb#id:10023370,italy,save,No information,assisted,10.2,38,0,right-foot,low-centre,0,50.3,1.9,No information,No information,88,No information,5237,38,10.2,49.7,0,49.7,98.1,3,163,shot
gianluca-mancini,https://www.sofascore.com/hungary-italy/hUbsjUb#id:10023370,italy,miss,No information,corner,8.4,49.8,0,head,left,0,70.6,27.8,No information,No information,81,No information,4816,49.8,8.4,29.4,0,29.4,72.2,10,584,shot
andras-schafer,https://www.sofascore.com/hungary-italy/hUbsjUb#id:10023370,hungary,miss,No information,assisted,8.5,33.9,0,right-foot,left,0,60,5.6,No information,No information,78,No information,4642,33.9,8.5,40,0,40,94.4,13,758,shot
davide-calabria,https://www.sofascore.com/hungary-italy/hUbsjUb#id:10023370,italy,miss,No information,corner,23.3,33.6,0,right-foot,high-right,0,40,54.2,No information,No information,76,No information,4533,33.6,23.3,60,0,60,45.8,15,867,shot
gianluca-mancini,https://www.sofascore.com/hungary-italy/hUbsjUb#id:10023370,italy,miss,No information,corner,6.2,53.3,0,head,left,0,95.8,20.8,No information,No information,76,No information,4525,53.3,6.2,4.2,0,4.2,79.2,15,875,shot
willi-orban,https://www.sofascore.com/hungary-italy/hUbsjUb#id:10023370,hungary,save,No information,corner,9.5,48.7,0,right-foot,low-centre,0,48.5,18.4,No information,No information,69,No information,4138,48.7,9.5,51.5,0,51.5,81.6,22,1262,shot
roland-sallai,https://www.sofascore.com/hungary-italy/hUbsjUb#id:10023370,hungary,save,No information,fast-break,15.4,64,0,right-foot,high-centre,0,49,29.7,No information,No information,69,No information,4103,64,15.4,51,0,51,70.3,22,1297,shot
gianluca-mancini,https://www.sofascore.com/hungary-italy/hUbsjUb#id:10023370,hungary,goal,own,regular,8.8,57.2,0,left-foot,high-right,0,46.9,22.2,No information,No information,61,No information,3610,57.2,8.8,53.1,0,53.1,77.8,30,1790,shot
giacomo-raspadori,https://www.sofascore.com/hungary-italy/hUbsjUb#id:10023370,italy,miss,No information,assisted,21.2,36.2,0,left-foot,left,0,59.5,31.9,No information,No information,57,No information,3397,36.2,21.2,40.5,0,40.5,68.1,34,2003,shot
bryan-cristante,https://www.sofascore.com/hungary-italy/hUbsjUb#id:10023370,italy,miss,No information,assisted,22.6,53.7,0,right-foot,left,0,59.8,6.9,No information,No information,55,No information,3287,53.7,22.6,40.2,0,40.2,93.1,36,2113,shot
wilfried-gnonto,https://www.sofascore.com/hungary-italy/hUbsjUb#id:10023370,italy,block,No information,regular,12.3,49.8,0,left-foot,low-right,0,47.6,19,No information,No information,55,No information,3276,49.8,12.3,52.4,0,52.4,81,36,2124,shot
matteo-politano,https://www.sofascore.com/hungary-italy/hUbsjUb#id:10023370,italy,post,No information,assisted,20.3,56.2,0,left-foot,high,0,49,40.5,No information,No information,55,No information,3271,56.2,20.3,51,0,51,59.5,36,2129,shot
loic-nego,https://www.sofascore.com/hungary-italy/hUbsjUb#id:10023370,hungary,miss,No information,corner,23.4,50.5,0,right-foot,left,0,67.6,27.8,No information,No information,54,No information,3229,50.5,23.4,32.4,0,32.4,72.2,37,2171,shot
adam-nagy,https://www.sofascore.com/hungary-italy/hUbsjUb#id:10023370,hungary,block,No information,corner,27.2,40.8,0,left-foot,low-left,0,52.5,19,No information,No information,54,No information,3208,40.8,27.2,47.5,0,47.5,81,37,2192,shot
roland-sallai,https://www.sofascore.com/hungary-italy/hUbsjUb#id:10023370,hungary,save,No information,assisted,8.4,42.7,0,right-foot,low-centre,0,48.6,6.3,No information,No information,53,No information,3158,42.7,8.4,51.4,0,51.4,93.7,38,2242,shot
davide-calabria,https://www.sofascore.com/hungary-italy/hUbsjUb#id:10023370,italy,block,No information,regular,14.9,62.9,0,right-foot,low-centre,0,51,19,No information,No information,51,No information,3044,62.9,14.9,49,0,49,81,40,2356,shot
lorenzo-pellegrini,https://www.sofascore.com/hungary-italy/hUbsjUb#id:10023370,italy,goal,regular,assisted,8.3,42.9,0,right-foot,low-left,0,51.9,4.4,No information,No information,45,No information,2650,42.9,8.3,48.1,0,48.1,95.6,1,50,shot
lorenzo-pellegrini,https://www.sofascore.com/hungary-italy/hUbsjUb#id:10023370,italy,miss,No information,assisted,20.8,51.6,0,left-foot,high-left,0,59.8,73.6,No information,No information,44,No information,2618,51.6,20.8,40.2,0,40.2,26.4,2,82,shot
matteo-politano,https://www.sofascore.com/hungary-italy/hUbsjUb#id:10023370,italy,miss,No information,assisted,22.1,74.1,0,left-foot,high-left,0,56,87.5,No information,No information,32,No information,1876,74.1,22.1,44,0,44,12.5,14,824,shot
nicolo-barella,https://www.sofascore.com/hungary-italy/hUbsjUb#id:10023370,italy,goal,regular,assisted,18.9,56.9,0,right-foot,high-left,0,54,29.1,No information,No information,30,No information,1753,56.9,18.9,46,0,46,70.9,16,947,shot
roland-sallai,https://www.sofascore.com/hungary-italy/hUbsjUb#id:10023370,hungary,save,No information,assisted,16,68.2,0,right-foot,low-left,0,52.4,3.2,No information,No information,26,No information,1507,68.2,16,47.6,0,47.6,96.8,20,1193,shot
gianluca-mancini,https://www.sofascore.com/hungary-italy/hUbsjUb#id:10023370,italy,save,No information,corner,7.8,59.4,0,head,low-left,0,52.6,19.6,No information,No information,21,No information,1231,59.4,7.8,47.4,0,47.4,80.4,25,1469,shot
wilfried-gnonto,https://www.sofascore.com/hungary-italy/hUbsjUb#id:10023370,italy,block,No information,assisted,11.2,30.5,0,right-foot,low-centre,0,49.8,19,No information,No information,20,No information,1194,30.5,11.2,50.2,0,50.2,81,26,1506,shot
loic-nego,https://www.sofascore.com/hungary-italy/hUbsjUb#id:10023370,hungary,miss,No information,set-piece,21.7,74.5,0,right-foot,left,0,99.5,2.8,No information,No information,20,No information,1142,74.5,21.7,0.5,0,0.5,97.2,26,1558,shot
dominik-szoboszlai,https://www.sofascore.com/hungary-italy/hUbsjUb#id:10023370,hungary,block,No information,set-piece,16.9,56.8,0,right-foot,low-centre,0,48.9,19,No information,No information,13,No information,732,56.8,16.9,51.1,0,51.1,81,33,1968,shot
dominik-szoboszlai,https://www.sofascore.com/hungary-italy/hUbsjUb#id:10023370,hungary,block,No information,free-kick,18.6,59.2,0,right-foot,low-centre,0,49.2,19,No information,No information,13,No information,730,59.2,18.6,50.8,0,50.8,81,33,1970,shot
zsolt-nagy,https://www.sofascore.com/hungary-italy/hUbsjUb#id:10023370,hungary,block,No information,corner,18.7,41.8,0,left-foot,low-left,0,51.8,19,No information,No information,11,No information,617,41.8,18.7,48.2,0,48.2,81,35,2083,shot
gianluca-mancini,https://www.sofascore.com/hungary-italy/hUbsjUb#id:10023370,italy,save,No information,corner,9.5,50.9,0,head,low-centre,0,49.9,10.1,No information,No information,2,No information,81,50.9,9.5,50.1,0,50.1,89.9,44,2619,shot

stephan-el-shaarawy,https://www.sofascore.com/north-macedonia-italy/hUbsCVb#id:10752565,italy,goal,regular,corner,12.9,39.8,0,left-foot,low-right,0,46.1,7,No information,No information,90,3,5568,39.8,12.9,53.9,0,53.9,93,1,732,shot
stephan-el-shaarawy,https://www.sofascore.com/north-macedonia-italy/hUbsCVb#id:10752565,italy,block,No information,corner,20.6,62.9,0,right-foot,low-left,0,53.6,19,No information,No information,90,3,5554,62.9,20.6,46.4,0,46.4,81,1,746,shot
gianluca-scamacca,https://www.sofascore.com/north-macedonia-italy/hUbsCVb#id:10752565,italy,miss,No information,fast-break,22.9,66.3,0,right-foot,high-left,0,62.5,65.3,No information,No information,90,No information,5389,66.3,22.9,37.5,0,37.5,34.7,1,11,shot
giacomo-raspadori,https://www.sofascore.com/north-macedonia-italy/hUbsCVb#id:10752565,italy,goal,regular,assisted,11.8,36.1,0,left-foot,low-right,0,46.7,3.8,No information,No information,81,No information,4829,36.1,11.8,53.3,0,53.3,96.2,10,571,shot
atanasov-jani,https://www.sofascore.com/north-macedonia-italy/hUbsCVb#id:10752565,north macedonia,goal,regular,regular,28,50.2,0,right-foot,low-left,0,52.8,14.6,No information,No information,74,No information,4391,50.2,28,47.2,0,47.2,85.4,17,1009,shot
isnik-alimi,https://www.sofascore.com/north-macedonia-italy/hUbsCVb#id:10752565,north macedonia,miss,No information,corner,26.4,40.8,0,right-foot,high-right,0,35.6,80.6,No information,No information,67,No information,3967,40.8,26.4,64.4,0,64.4,19.4,24,1433,shot
federico-dimarco,https://www.sofascore.com/north-macedonia-italy/hUbsCVb#id:10752565,italy,block,No information,corner,13,28.9,0,left-foot,low-centre,0,49.5,19,No information,No information,58,No information,3460,28.9,13,50.5,0,50.5,81,33,1940,shot
federico-dimarco,https://www.sofascore.com/north-macedonia-italy/hUbsCVb#id:10752565,italy,save,No information,set-piece,14.2,78,0,left-foot,high-left,0,52.8,21.5,No information,No information,57,No information,3392,78,14.2,47.2,0,47.2,78.5,34,2008,shot
francesco-acerbi,https://www.sofascore.com/north-macedonia-italy/hUbsCVb#id:10752565,italy,block,No information,corner,17.7,54.6,0,right-foot,low-centre,0,50.8,19,No information,No information,53,No information,3178,54.6,17.7,49.2,0,49.2,81,38,2222,shot
nicolo-barella,https://www.sofascore.com/north-macedonia-italy/hUbsCVb#id:10752565,italy,save,No information,assisted,2,56.8,0,left-foot,low-right,0,47.9,17.7,No information,No information,53,No information,3122,56.8,2,52.1,0,52.1,82.3,38,2278,shot
atanasov-jani,https://www.sofascore.com/north-macedonia-italy/hUbsCVb#id:10752565,north macedonia,goal,regular,corner,3.6,51.3,0,head,high-right,0,47.9,28.5,No information,No information,52,No information,3067,51.3,3.6,52.1,0,52.1,71.5,39,2333,shot
giacomo-raspadori,https://www.sofascore.com/north-macedonia-italy/hUbsCVb#id:10752565,italy,save,No information,assisted,11.7,38.1,0,left-foot,low-centre,0,48.4,4.4,No information,No information,47,No information,2780,38.1,11.7,51.6,0,51.6,95.6,44,2620,shot
federico-chiesa,https://www.sofascore.com/north-macedonia-italy/hUbsCVb#id:10752565,italy,goal,regular,fast-break,11.4,26.1,0,right-foot,high-right,0,47.6,22.8,No information,No information,45,3,2821,26.1,11.4,52.4,0,52.4,77.2,1,2579,shot
federico-chiesa,https://www.sofascore.com/north-macedonia-italy/hUbsCVb#id:10752565,italy,goal,regular,assisted,19,60.9,0,right-foot,low-left,0,53.9,4.4,No information,No information,41,No information,2449,60.9,19,46.1,0,46.1,95.6,5,251,shot
jorginho,https://www.sofascore.com/north-macedonia-italy/hUbsCVb#id:10752565,italy,save,No information,penalty,11.5,50,0,right-foot,low-right,0,47.7,5.1,No information,No information,40,No information,2378,50,11.5,52.3,0,52.3,94.9,6,322,shot
federico-gatti,https://www.sofascore.com/north-macedonia-italy/hUbsCVb#id:10752565,italy,block,No information,corner,8,44.5,0,head,low-centre,0,49,19,No information,No information,38,No information,2252,44.5,8,51,0,51,81,8,448,shot
federico-dimarco,https://www.sofascore.com/north-macedonia-italy/hUbsCVb#id:10752565,italy,miss,No information,assisted,9.4,34.9,0,left-foot,high-left,0,58.7,80.6,No information,No information,35,No information,2098,34.9,9.4,41.3,0,41.3,19.4,11,602,shot
federico-chiesa,https://www.sofascore.com/north-macedonia-italy/hUbsCVb#id:10752565,italy,block,No information,assisted,9.7,38.7,0,right-foot,low-centre,0,49.4,19,No information,No information,29,No information,1739,38.7,9.7,50.6,0,50.6,81,17,961,shot
federico-chiesa,https://www.sofascore.com/north-macedonia-italy/hUbsCVb#id:10752565,italy,miss,No information,regular,28.9,49.9,0,left-foot,right,0,40.7,2.8,No information,No information,24,No information,1424,49.9,28.9,59.3,0,59.3,97.2,22,1276,shot
giacomo-raspadori,https://www.sofascore.com/north-macedonia-italy/hUbsCVb#id:10752565,italy,miss,No information,assisted,5.3,33.8,0,left-foot,close-left,0,58.7,4.2,No information,No information,22,No information,1291,33.8,5.3,41.3,0,41.3,95.8,24,1409,shot
matteo-darmian,https://www.sofascore.com/north-macedonia-italy/hUbsCVb#id:10752565,italy,goal,regular,corner,3.7,54.6,0,head,low-left,0,53,13.3,No information,No information,17,No information,987,54.6,3.7,47,0,47,86.7,29,1713,shot
federico-chiesa,https://www.sofascore.com/north-macedonia-italy/hUbsCVb#id:10752565,italy,save,No information,assisted,3.2,36.4,0,left-foot,low-centre,0,51,15.8,No information,No information,16,No information,939,36.4,3.2,49,0,49,84.2,30,1761,shot
federico-chiesa,https://www.sofascore.com/north-macedonia-italy/hUbsCVb#id:10752565,italy,save,No information,assisted,21.3,24.6,0,right-foot,low-right,0,46.8,19.6,No information,No information,7,No information,371,24.6,21.3,53.2,0,53.2,80.4,39,2329,shot
eljif-elmas,https://www.sofascore.com/north-macedonia-italy/hUbsCVb#id:10752565,north macedonia,block,No information,assisted,12.1,37.9,0,right-foot,low-centre,0,49.9,11.1,No information,No information,6,No information,322,37.9,12.1,50.1,0,50.1,88.9,40,2378,shot

djibril-sow,https://www.sofascore.com/italy-switzerland/ZTbshUb#id:8513126,switzerland,miss,No information,assisted,24.2,39.8,0,right-foot,high-right,0,39.7,97.2,No information,No information,90,2,5510,39.8,24.2,60.3,0,60.3,2.8,1,790,shot
ciro-immobile,https://www.sofascore.com/italy-switzerland/ZTbshUb#id:8513126,italy,goal,regular,assisted,26.1,58.8,0,right-foot,low-left,0,54.1,3.8,No information,No information,89,No information,5285,58.8,26.1,45.9,0,45.9,96.2,2,115,shot
ciro-immobile,https://www.sofascore.com/italy-switzerland/ZTbshUb#id:8513126,italy,miss,No information,fast-break,11.1,34.7,0,left-foot,right,0,40.2,12.5,No information,No information,75,No information,4482,34.7,11.1,59.8,0,59.8,87.5,16,918,shot
ciro-immobile,https://www.sofascore.com/italy-switzerland/ZTbshUb#id:8513126,italy,miss,No information,assisted,7.7,30.7,0,right-foot,right,0,37,2.8,No information,No information,73,No information,4338,30.7,7.7,63,0,63,97.2,18,1062,shot
giovanni-di-lorenzo,https://www.sofascore.com/italy-switzerland/ZTbshUb#id:8513126,italy,block,No information,regular,14.7,59.1,0,left-foot,low-centre,0,50.5,19,No information,No information,72,No information,4266,59.1,14.7,49.5,0,49.5,81,19,1134,shot
domenico-berardi,https://www.sofascore.com/italy-switzerland/ZTbshUb#id:8513126,italy,miss,No information,assisted,14.2,64.1,0,left-foot,high,0,54.1,62.5,No information,No information,65,No information,3870,64.1,14.2,45.9,0,45.9,37.5,26,1530,shot
steven-zuber,https://www.sofascore.com/italy-switzerland/ZTbshUb#id:8513126,switzerland,save,No information,assisted,5.8,33.4,0,right-foot,low-centre,0,50.4,2.5,No information,No information,64,No information,3808,33.4,5.8,49.6,0,49.6,97.5,27,1592,shot
xherdan-shaqiri,https://www.sofascore.com/italy-switzerland/ZTbshUb#id:8513126,switzerland,miss,No information,assisted,19.5,35.7,0,left-foot,high-left,0,56,94.4,No information,No information,61,No information,3625,35.7,19.5,44,0,44,5.6,30,1775,shot
manuel-locatelli,https://www.sofascore.com/italy-switzerland/ZTbshUb#id:8513126,italy,goal,regular,assisted,22.1,47.4,0,left-foot,low-right,0,46.1,5.1,No information,No information,52,No information,3065,47.4,22.1,53.9,0,53.9,94.9,39,2335,shot
nico-elvedi,https://www.sofascore.com/italy-switzerland/ZTbshUb#id:8513126,switzerland,miss,No information,corner,10.1,47.2,0,head,right,0,36.3,23.6,No information,No information,46,No information,2745,47.2,10.1,63.7,0,63.7,76.4,45,2655,shot
xherdan-shaqiri,https://www.sofascore.com/italy-switzerland/ZTbshUb#id:8513126,switzerland,block,No information,regular,25.8,71.5,0,left-foot,low-left,0,52.2,19,No information,No information,46,No information,2719,71.5,25.8,47.8,0,47.8,81,45,2681,shot
leonardo-spinazzola,https://www.sofascore.com/italy-switzerland/ZTbshUb#id:8513126,italy,miss,No information,fast-break,9,37.5,0,right-foot,close-right,0,42,1.4,No information,No information,37,No information,2201,37.5,9,58,0,58,98.6,9,499,shot
domenico-berardi,https://www.sofascore.com/italy-switzerland/ZTbshUb#id:8513126,italy,block,No information,fast-break,19.5,60.5,0,left-foot,low-left,0,52,19,No information,No information,36,No information,2155,60.5,19.5,48,0,48,81,10,545,shot
lorenzo-insigne,https://www.sofascore.com/italy-switzerland/ZTbshUb#id:8513126,italy,miss,No information,regular,7,28,0,right-foot,close-right,0,43.2,18.1,No information,No information,34,No information,1982,28,7,56.8,0,56.8,81.9,12,718,shot
ricardo-rodriguez,https://www.sofascore.com/italy-switzerland/ZTbshUb#id:8513126,switzerland,miss,No information,assisted,30.1,25,0,left-foot,high-left,0,56.8,88.9,No information,No information,28,No information,1637,25,30.1,43.2,0,43.2,11.1,18,1063,shot
manuel-locatelli,https://www.sofascore.com/italy-switzerland/ZTbshUb#id:8513126,italy,goal,regular,assisted,3.6,49.6,0,right-foot,low-centre,0,50.5,16.5,No information,No information,26,No information,1522,49.6,3.6,49.5,0,49.5,83.5,20,1178,shot
lorenzo-insigne,https://www.sofascore.com/italy-switzerland/ZTbshUb#id:8513126,italy,miss,No information,regular,24.9,41.9,0,right-foot,high-right,0,41,77.8,No information,No information,16,No information,927,41.9,24.9,59,0,59,22.2,30,1773,shot
domenico-berardi,https://www.sofascore.com/italy-switzerland/ZTbshUb#id:8513126,italy,block,No information,assisted,20.6,68.2,0,left-foot,low-centre,0,51,19,No information,No information,12,No information,712,68.2,20.6,49,0,49,81,34,1988,shot
ciro-immobile,https://www.sofascore.com/italy-switzerland/ZTbshUb#id:8513126,italy,miss,No information,assisted,8.3,48.9,0,head,high,0,52.6,63.9,No information,No information,10,No information,597,48.9,8.3,47.4,0,47.4,36.1,36,2103,shot

charles-de-ketelaere,https://www.sofascore.com/belgium-italy/hUbsrUb#id:9869231,belgium,goal,regular,fast-break,4.2,59.9,0,left-foot,low-right,0,46.8,6.3,No information,No information,86,No information,5152,59.9,4.2,53.2,0,53.2,93.7,5,248,shot
yannick-carrasco,https://www.sofascore.com/belgium-italy/hUbsrUb#id:9869231,belgium,block,No information,assisted,10.1,37.3,0,right-foot,low-left,0,51.9,5.6,No information,No information,84,No information,5026,37.3,10.1,48.1,0,48.1,94.4,7,374,shot
yannick-carrasco,https://www.sofascore.com/belgium-italy/hUbsrUb#id:9869231,belgium,post,No information,assisted,16.7,52.2,0,right-foot,right,0,44.6,1.9,No information,No information,82,No information,4864,52.2,16.7,55.4,0,55.4,98.1,9,536,shot
federico-chiesa,https://www.sofascore.com/belgium-italy/hUbsrUb#id:9869231,italy,block,No information,assisted,17.3,63.8,0,right-foot,low-centre,0,51,19,No information,No information,79,No information,4691,63.8,17.3,49,0,49,81,12,709,shot
kevin-de-bruyne,https://www.sofascore.com/belgium-italy/hUbsrUb#id:9869231,belgium,block,No information,regular,27.8,54.4,0,right-foot,low-right,0,48.2,19,No information,No information,78,No information,4649,54.4,27.8,51.8,0,51.8,81,13,751,shot
toby-alderweireld,https://www.sofascore.com/belgium-italy/hUbsrUb#id:9869231,belgium,save,No information,corner,14.5,65.8,0,left-foot,low-right,0,47.9,13.9,No information,No information,77,No information,4612,65.8,14.5,52.1,0,52.1,86.1,14,788,shot
kevin-de-bruyne,https://www.sofascore.com/belgium-italy/hUbsrUb#id:9869231,belgium,block,No information,assisted,14.2,37.6,0,right-foot,low-left,0,53,19,No information,No information,77,No information,4586,37.6,14.2,47,0,47,81,14,814,shot
michy-batshuayi,https://www.sofascore.com/belgium-italy/hUbsrUb#id:9869231,belgium,block,No information,assisted,14.8,67.9,0,left-foot,low-left,0,52.2,19,No information,No information,74,No information,4413,67.9,14.8,47.8,0,47.8,81,17,987,shot
toby-alderweireld,https://www.sofascore.com/belgium-italy/hUbsrUb#id:9869231,belgium,save,No information,assisted,12.5,57.6,0,right-foot,low-centre,0,51.7,7,No information,No information,69,No information,4122,57.6,12.5,48.3,0,48.3,93,22,1278,shot
domenico-berardi,https://www.sofascore.com/belgium-italy/hUbsrUb#id:9869231,italy,goal,penalty,penalty,11.5,50,0,left-foot,high-left,0,53.1,29.7,No information,No information,65,No information,3847,50,11.5,46.9,0,46.9,70.3,26,1553,shot
michy-batshuayi,https://www.sofascore.com/belgium-italy/hUbsrUb#id:9869231,belgium,block,No information,assisted,6.5,67.7,0,right-foot,high-centre,0,51.4,36.1,No information,No information,60,No information,3552,67.7,6.5,48.6,0,48.6,63.9,31,1848,shot
nicolo-barella,https://www.sofascore.com/belgium-italy/hUbsrUb#id:9869231,italy,goal,regular,corner,15.4,43.5,0,right-foot,low-left,0,53.7,0.6,No information,No information,46,No information,2759,43.5,15.4,46.3,0,46.3,99.4,45,2641,shot
manuel-locatelli,https://www.sofascore.com/belgium-italy/hUbsrUb#id:9869231,italy,block,No information,corner,4.6,69.6,0,head,low-centre,0,48.3,19,No information,No information,45,1,2750,69.6,4.6,51.7,0,51.7,81,1,2650,shot
federico-chiesa,https://www.sofascore.com/belgium-italy/hUbsrUb#id:9869231,italy,save,No information,assisted,10.5,41.5,0,right-foot,low-right,0,45.7,3.8,No information,No information,45,No information,2696,41.5,10.5,54.3,0,54.3,96.2,1,4,shot
federico-chiesa,https://www.sofascore.com/belgium-italy/hUbsrUb#id:9869231,italy,miss,No information,assisted,27.8,48.5,0,right-foot,right,0,40.5,34.7,No information,No information,42,No information,2467,48.5,27.8,59.5,0,59.5,65.3,4,233,shot
nicolo-barella,https://www.sofascore.com/belgium-italy/hUbsrUb#id:9869231,italy,miss,No information,regular,24.1,63.3,0,right-foot,close-high,0,55.1,58.3,No information,No information,32,No information,1882,63.3,24.1,44.9,0,44.9,41.7,14,818,shot
michy-batshuayi,https://www.sofascore.com/belgium-italy/hUbsrUb#id:9869231,belgium,block,No information,assisted,7.6,49.7,0,left-foot,low-centre,0,49.8,19,No information,No information,29,No information,1717,49.7,7.6,50.2,0,50.2,81,17,983,shot
federico-chiesa,https://www.sofascore.com/belgium-italy/hUbsrUb#id:9869231,italy,save,No information,assisted,15.8,64.1,0,left-foot,low-centre,0,50,1.3,No information,No information,27,No information,1618,64.1,15.8,50,0,50,98.7,19,1082,shot
alexis-saelemaekers,https://www.sofascore.com/belgium-italy/hUbsrUb#id:9869231,belgium,post,No information,assisted,14.8,50.4,0,right-foot,high,0,45,39.2,No information,No information,25,No information,1451,50.4,14.8,55,0,55,60.8,21,1249,shot
toby-alderweireld,https://www.sofascore.com/belgium-italy/hUbsrUb#id:9869231,belgium,save,No information,corner,3.3,35.9,0,head,low-centre,0,51,12,No information,No information,24,No information,1394,35.9,3.3,49,0,49,88,22,1306,shot
giacomo-raspadori,https://www.sofascore.com/belgium-italy/hUbsrUb#id:9869231,italy,block,No information,assisted,10.8,56.9,0,right-foot,low-right,0,47,19,No information,No information,20,No information,1195,56.9,10.8,53,0,53,81,26,1505,shot
domenico-berardi,https://www.sofascore.com/belgium-italy/hUbsrUb#id:9869231,italy,save,No information,assisted,22.9,70.5,0,left-foot,low-right,0,47.2,7,No information,No information,18,No information,1038,70.5,22.9,52.8,0,52.8,93,28,1662,shot
michy-batshuayi,https://www.sofascore.com/belgium-italy/hUbsrUb#id:9869231,belgium,miss,No information,regular,14.8,62.6,0,right-foot,close-high,0,46.7,56.9,No information,No information,7,No information,396,62.6,14.8,53.3,0,53.3,43.1,39,2304,shot
federico-chiesa,https://www.sofascore.com/belgium-italy/hUbsrUb#id:9869231,italy,miss,No information,corner,7.9,72.6,0,right-foot,close-high,0,52.4,59.7,No information,No information,3,No information,122,72.6,7.9,47.6,0,47.6,40.3,43,2578,shot
federico-chiesa,https://www.sofascore.com/belgium-italy/hUbsrUb#id:9869231,italy,block,No information,assisted,10.8,35.7,0,left-foot,low-centre,0,50.5,19,No information,No information,2,No information,82,35.7,10.8,49.5,0,49.5,81,44,2618,shot

giorgio-scalvini,https://www.sofascore.com/north-macedonia-italy/hUbsCVb#id:10752480,italy,save,No information,regular,27,59.1,0,right-foot,low-right,0,47.4,16.5,No information,No information,90,5,5699,59.1,27,52.6,0,52.6,83.5,1,601,shot
serafimov-nikola,https://www.sofascore.com/north-macedonia-italy/hUbsCVb#id:10752480,north macedonia,miss,No information,corner,5.9,44.2,0,head,right,0,19.7,5.6,No information,No information,90,1,5451,44.2,5.9,80.3,0,80.3,94.4,1,849,shot
enis-bardhi,https://www.sofascore.com/north-macedonia-italy/hUbsCVb#id:10752480,north macedonia,goal,regular,free-kick,22.3,28.5,0,right-foot,low-right,0,45.8,15.8,No information,No information,81,No information,4832,28.5,22.3,54.2,0,54.2,84.2,10,568,shot
atanasov-jani,https://www.sofascore.com/north-macedonia-italy/hUbsCVb#id:10752480,north macedonia,save,No information,set-piece,26.8,44.3,0,left-foot,low-right,0,45.9,5.7,No information,No information,76,No information,4535,44.3,26.8,54.1,0,54.1,94.3,15,865,shot
ezgjan-alioski,https://www.sofascore.com/north-macedonia-italy/hUbsCVb#id:10752480,north macedonia,block,No information,free-kick,22.5,67.4,0,left-foot,low-centre,0,50.4,19,No information,No information,76,No information,4532,67.4,22.5,49.6,0,49.6,81,15,868,shot
eljif-elmas,https://www.sofascore.com/north-macedonia-italy/hUbsCVb#id:10752480,north macedonia,miss,No information,corner,22.8,33,0,right-foot,close-right,0,40.8,11.1,No information,No information,67,No information,4011,33,22.8,59.2,0,59.2,88.9,24,1389,shot
sandro-tonali,https://www.sofascore.com/north-macedonia-italy/hUbsCVb#id:10752480,italy,block,No information,regular,7.8,63.3,0,right-foot,low-right,0,47.3,19,No information,No information,65,No information,3850,63.3,7.8,52.7,0,52.7,81,26,1550,shot
nicolo-zaniolo,https://www.sofascore.com/north-macedonia-italy/hUbsCVb#id:10752480,italy,block,No information,assisted,15.8,60.2,0,left-foot,low-centre,0,51.1,19,No information,No information,65,No information,3847,60.2,15.8,48.9,0,48.9,81,26,1553,shot
eljif-elmas,https://www.sofascore.com/north-macedonia-italy/hUbsCVb#id:10752480,north macedonia,block,No information,assisted,10,25.4,0,right-foot,low-right,0,47.6,19,No information,No information,54,No information,3228,25.4,10,52.4,0,52.4,81,37,2172,shot
ciro-immobile,https://www.sofascore.com/north-macedonia-italy/hUbsCVb#id:10752480,italy,goal,regular,regular,6.1,43.6,0,head,low-right,0,46.3,11.4,No information,No information,47,No information,2772,43.6,6.1,53.7,0,53.7,88.6,44,2628,shot
nicolo-barella,https://www.sofascore.com/north-macedonia-italy/hUbsCVb#id:10752480,italy,post,No information,assisted,14.7,65.7,0,right-foot,high,0,52.6,38.6,No information,No information,47,No information,2768,65.7,14.7,47.4,0,47.4,61.4,44,2632,shot
bojan-miovski,https://www.sofascore.com/north-macedonia-italy/hUbsCVb#id:10752480,north macedonia,block,No information,fast-break,15.4,66.4,0,left-foot,low-centre,0,50.4,19,No information,No information,45,3,2873,66.4,15.4,49.6,0,49.6,81,1,2527,shot
matteo-politano,https://www.sofascore.com/north-macedonia-italy/hUbsCVb#id:10752480,italy,block,No information,regular,9.5,48.5,0,left-foot,low-centre,0,48.4,6.9,No information,No information,40,No information,2381,48.5,9.5,51.6,0,51.6,93.1,6,319,shot
eljif-elmas,https://www.sofascore.com/north-macedonia-italy/hUbsCVb#id:10752480,north macedonia,save,No information,assisted,26.2,41.3,0,right-foot,low-left,0,51.9,3.8,No information,No information,38,No information,2243,41.3,26.2,48.1,0,48.1,96.2,8,457,shot
ezgjan-alioski,https://www.sofascore.com/north-macedonia-italy/hUbsCVb#id:10752480,north macedonia,block,No information,assisted,10.2,29.5,0,left-foot,low-centre,0,50.5,19,No information,No information,32,No information,1872,29.5,10.2,49.5,0,49.5,81,14,828,shot
bryan-cristante,https://www.sofascore.com/north-macedonia-italy/hUbsCVb#id:10752480,italy,save,No information,corner,3.7,57.5,0,right-foot,low-right,0,47.9,8.2,No information,No information,22,No information,1280,57.5,3.7,52.1,0,52.1,91.8,24,1420,shot
sandro-tonali,https://www.sofascore.com/north-macedonia-italy/hUbsCVb#id:10752480,italy,post,No information,assisted,12.1,32.9,0,left-foot,left,0,55.4,2.5,No information,No information,21,No information,1216,32.9,12.1,44.6,0,44.6,97.5,25,1484,shot
bojan-miovski,https://www.sofascore.com/north-macedonia-italy/hUbsCVb#id:10752480,north macedonia,miss,No information,fast-break,9.2,59.3,0,head,close-right,0,42.4,11.1,No information,No information,19,No information,1107,59.3,9.2,57.6,0,57.6,88.9,27,1593,shot
bryan-cristante,https://www.sofascore.com/north-macedonia-italy/hUbsCVb#id:10752480,italy,miss,No information,corner,4.3,41.2,0,head,close-right,0,42.5,30.6,No information,No information,15,No information,880,41.2,4.3,57.5,0,57.5,69.4,31,1820,shot

federico-dimarco,https://www.sofascore.com/germany-italy/hUbslUb#id:10023373,italy,miss,No information,regular,25.9,26.1,0,left-foot,left,0,64,31.9,No information,No information,88,No information,5237,26.1,25.9,36,0,36,68.1,3,163,shot
joshua-kimmich,https://www.sofascore.com/germany-italy/hUbslUb#id:10023373,germany,save,No information,assisted,16.6,57.8,0,right-foot,low-centre,0,49,7,No information,No information,79,No information,4718,57.8,16.6,51,0,51,93,12,682,shot
ilkay-gundogan,https://www.sofascore.com/germany-italy/hUbslUb#id:10023373,germany,save,No information,assisted,15.7,41.7,0,left-foot,low-centre,0,51.3,17.7,No information,No information,78,No information,4637,41.7,15.7,48.7,0,48.7,82.3,13,763,shot
joshua-kimmich,https://www.sofascore.com/germany-italy/hUbslUb#id:10023373,germany,goal,regular,regular,9.1,51.7,0,right-foot,low-left,0,52.9,17.1,No information,No information,73,No information,4327,51.7,9.1,47.1,0,47.1,82.9,18,1073,shot
lorenzo-pellegrini,https://www.sofascore.com/germany-italy/hUbslUb#id:10023373,italy,goal,regular,assisted,2.5,49.3,0,right-foot,high-centre,0,49.7,31.6,No information,No information,70,No information,4190,49.3,2.5,50.3,0,50.3,68.4,21,1210,shot
jamal-musiala,https://www.sofascore.com/germany-italy/hUbslUb#id:10023373,germany,miss,No information,assisted,14.5,35,0,right-foot,left,0,61,1.4,No information,No information,68,No information,4071,35,14.5,39,0,39,98.6,23,1329,shot
matteo-politano,https://www.sofascore.com/germany-italy/hUbslUb#id:10023373,italy,block,No information,assisted,11.1,77.4,0,left-foot,low-right,0,46,19,No information,No information,56,No information,3311,77.4,11.1,54,0,54,81,35,2089,shot
gianluca-scamacca,https://www.sofascore.com/germany-italy/hUbslUb#id:10023373,italy,save,No information,assisted,11.8,43,0,right-foot,low-centre,0,49.9,3.8,No information,No information,53,No information,3175,43,11.8,50.1,0,50.1,96.2,38,2225,shot
gianluca-scamacca,https://www.sofascore.com/germany-italy/hUbslUb#id:10023373,italy,miss,No information,assisted,22,68.3,0,right-foot,high,0,47.4,70.8,No information,No information,52,No information,3118,68.3,22,52.6,0,52.6,29.2,39,2282,shot
gianluca-scamacca,https://www.sofascore.com/germany-italy/hUbslUb#id:10023373,italy,miss,No information,assisted,5.5,53.3,0,head,left,0,65.4,1.4,No information,No information,47,No information,2784,53.3,5.5,34.6,0,34.6,98.6,44,2616,shot
lorenzo-pellegrini,https://www.sofascore.com/germany-italy/hUbslUb#id:10023373,italy,block,No information,assisted,20,48.6,0,right-foot,low-left,0,52.9,19,No information,No information,40,No information,2350,48.6,20,47.1,0,47.1,81,6,350,shot
serge-gnabry,https://www.sofascore.com/germany-italy/hUbslUb#id:10023373,germany,miss,No information,assisted,13.5,46.9,0,left-foot,high,0,50.3,76.4,No information,No information,38,No information,2262,46.9,13.5,49.7,0,49.7,23.6,8,438,shot
leon-goretzka,https://www.sofascore.com/germany-italy/hUbslUb#id:10023373,germany,block,No information,assisted,6.7,61.2,0,right-foot,low-right,0,47.6,19,No information,No information,38,No information,2260,61.2,6.7,52.4,0,52.4,81,8,440,shot
davide-frattesi,https://www.sofascore.com/germany-italy/hUbslUb#id:10023373,italy,miss,No information,assisted,16.9,72.2,0,right-foot,high-right,0,43.5,77.8,No information,No information,37,No information,2209,72.2,16.9,56.5,0,56.5,22.2,9,491,shot
leon-goretzka,https://www.sofascore.com/germany-italy/hUbslUb#id:10023373,germany,miss,No information,assisted,20.5,61.6,0,right-foot,high,0,47.7,72.2,No information,No information,36,No information,2123,61.6,20.5,52.3,0,52.3,27.8,10,577,shot
gianluca-scamacca,https://www.sofascore.com/germany-italy/hUbslUb#id:10023373,italy,post,No information,assisted,23.3,54.7,0,right-foot,left,0,55.3,3.8,No information,No information,35,No information,2052,54.7,23.3,44.7,0,44.7,96.2,11,648,shot
davide-frattesi,https://www.sofascore.com/germany-italy/hUbslUb#id:10023373,italy,miss,No information,assisted,18.8,66.4,0,left-foot,right,0,40.5,2.8,No information,No information,34,No information,2031,66.4,18.8,59.5,0,59.5,97.2,12,669,shot
leon-goretzka,https://www.sofascore.com/germany-italy/hUbslUb#id:10023373,germany,miss,No information,assisted,17.5,58.8,0,right-foot,high,0,46.4,81.9,No information,No information,26,No information,1543,58.8,17.5,53.6,0,53.6,18.1,20,1157,shot
thomas-muller,https://www.sofascore.com/germany-italy/hUbslUb#id:10023373,germany,block,No information,assisted,16.1,60.6,0,right-foot,low-left,0,52.7,19,No information,No information,26,No information,1515,60.6,16.1,47.3,0,47.3,81,20,1185,shot
davide-frattesi,https://www.sofascore.com/germany-italy/hUbslUb#id:10023373,italy,miss,No information,regular,26.5,60.7,0,right-foot,left,0,59.5,31.9,No information,No information,16,No information,952,60.7,26.5,40.5,0,40.5,68.1,30,1748,shot
benjamin-henrichs,https://www.sofascore.com/germany-italy/hUbslUb#id:10023373,germany,miss,No information,regular,15.5,72.1,0,left-foot,left,0,100,4.2,No information,No information,15,No information,864,72.1,15.5,0,0,0,95.8,31,1836,shot
serge-gnabry,https://www.sofascore.com/germany-italy/hUbslUb#id:10023373,germany,save,No information,assisted,5.6,71.7,0,right-foot,low-right,0,47,15.8,No information,No information,15,No information,861,71.7,5.6,53,0,53,84.2,31,1839,shot
leroy-sane,https://www.sofascore.com/germany-italy/hUbslUb#id:10023373,germany,miss,No information,assisted,29.6,43.1,0,left-foot,right,0,38,5.6,No information,No information,10,No information,588,43.1,29.6,62,0,62,94.4,36,2112,shot

davide-frattesi,https://www.sofascore.com/italy-malta/IObshUb#id:10752527,italy,goal,regular,regular,17.7,60.8,0,left-foot,low-right,0,45.9,1.3,No information,No information,90,3,5570,60.8,17.7,54.1,0,54.1,98.7,1,730,shot
matteo-darmian,https://www.sofascore.com/italy-malta/IObshUb#id:10752527,italy,block,No information,assisted,17.2,51.1,0,left-foot,low-right,0,47.2,1.4,No information,No information,90,1,5458,51.1,17.2,52.8,0,52.8,98.6,1,842,shot
alessandro-bastoni,https://www.sofascore.com/italy-malta/IObshUb#id:10752527,italy,block,No information,corner,8,37.6,0,head,low-centre,0,49.2,19.4,No information,No information,76,No information,4530,37.6,8,50.8,0,50.8,80.6,15,870,shot
riccardo-orsolini,https://www.sofascore.com/italy-malta/IObshUb#id:10752527,italy,miss,No information,corner,19.8,63.9,0,left-foot,high,0,47.1,80.6,No information,No information,72,No information,4289,63.9,19.8,52.9,0,52.9,19.4,19,1111,shot
giacomo-raspadori,https://www.sofascore.com/italy-malta/IObshUb#id:10752527,italy,block,No information,assisted,11.3,34.1,0,right-foot,high-right,0,46.7,20.8,No information,No information,69,No information,4099,34.1,11.3,53.3,0,53.3,79.2,22,1301,shot
domenico-berardi,https://www.sofascore.com/italy-malta/IObshUb#id:10752527,italy,goal,regular,assisted,12.2,65,0,right-foot,high-right,0,47.1,20.3,No information,No information,63,No information,3778,65,12.2,52.9,0,52.9,79.7,28,1622,shot
yankam-yannick,https://www.sofascore.com/italy-malta/IObshUb#id:10752527,malta,block,No information,regular,6,62.6,0,right-foot,low-centre,0,50.1,19,No information,No information,56,No information,3351,62.6,6,49.9,0,49.9,81,35,2049,shot
alessandro-bastoni,https://www.sofascore.com/italy-malta/IObshUb#id:10752527,italy,miss,No information,set-piece,4,41.6,0,head,left,0,61.5,22.2,No information,No information,55,No information,3298,41.6,4,38.5,0,38.5,77.8,36,2102,shot
federico-dimarco,https://www.sofascore.com/italy-malta/IObshUb#id:10752527,italy,miss,No information,set-piece,25.8,57.6,0,left-foot,high,0,53.4,76.4,No information,No information,50,No information,2976,57.6,25.8,46.6,0,46.6,23.6,41,2424,shot
giacomo-raspadori,https://www.sofascore.com/italy-malta/IObshUb#id:10752527,italy,block,No information,assisted,13.2,44.1,0,right-foot,low-right,0,45.3,19,No information,No information,47,No information,2818,44.1,13.2,54.7,0,54.7,81,44,2582,shot
domenico-berardi,https://www.sofascore.com/italy-malta/IObshUb#id:10752527,italy,goal,regular,assisted,13.7,64.5,0,left-foot,low-left,0,53.9,15.8,No information,No information,45,1,2712,64.5,13.7,46.1,0,46.1,84.2,1,2688,shot
manuel-locatelli,https://www.sofascore.com/italy-malta/IObshUb#id:10752527,italy,miss,No information,corner,3.5,43,0,right-foot,high,0,46.6,62.5,No information,No information,29,No information,1706,43,3.5,53.4,0,53.4,37.5,17,994,shot
gianluca-mancini,https://www.sofascore.com/italy-malta/IObshUb#id:10752527,italy,miss,No information,corner,6.6,56.5,0,head,left,0,64.7,11.1,No information,No information,29,No information,1705,56.5,6.6,35.3,0,35.3,88.9,17,995,shot
giacomo-bonaventura,https://www.sofascore.com/italy-malta/IObshUb#id:10752527,italy,goal,regular,assisted,15.6,33.4,0,right-foot,high-right,0,46.8,34.8,No information,No information,23,No information,1320,33.4,15.6,53.2,0,53.2,65.2,23,1380,shot
nicolo-barella,https://www.sofascore.com/italy-malta/IObshUb#id:10752527,italy,miss,No information,regular,20.5,59.9,0,right-foot,left,0,65.7,15.3,No information,No information,22,No information,1273,59.9,20.5,34.3,0,34.3,84.7,24,1427,shot
federico-dimarco,https://www.sofascore.com/italy-malta/IObshUb#id:10752527,italy,miss,No information,assisted,24.7,29.9,0,left-foot,right,0,27.9,1.4,No information,No information,22,No information,1270,29.9,24.7,72.1,0,72.1,98.6,24,1430,shot
luke-montebello,https://www.sofascore.com/italy-malta/IObshUb#id:10752527,malta,block,No information,assisted,13.7,62.6,0,right-foot,low-left,0,52.1,4.2,No information,No information,6,No information,328,62.6,13.7,47.9,0,47.9,95.8,40,2372,shot
gianluca-mancini,https://www.sofascore.com/italy-malta/IObshUb#id:10752527,italy,post,No information,corner,7,43.9,0,head,high,0,48,39.9,No information,No information,5,No information,274,43.9,7,52,0,52,60.1,41,2426,shot
manuel-locatelli,https://www.sofascore.com/italy-malta/IObshUb#id:10752527,italy,miss,No information,regular,22.1,45.4,0,right-foot,close-right,0,41,2.8,No information,No information,3,No information,168,45.4,22.1,59,0,59,97.2,43,2532,shot
giacomo-bonaventura,https://www.sofascore.com/italy-malta/IObshUb#id:10752527,italy,block,No information,regular,13.9,39.8,0,left-foot,low-centre,0,51.1,19,No information,No information,3,No information,165,39.8,13.9,48.9,0,48.9,81,43,2535,shot

mateo-retegui,https://www.sofascore.com/england-italy/hUbsnUb#id:10752368,italy,miss,No information,assisted,13.1,53.7,0,head,right,0,12.1,5.6,No information,No information,90,5,5679,53.7,13.1,87.9,0,87.9,94.4,1,621,shot
sandro-tonali,https://www.sofascore.com/england-italy/hUbsnUb#id:10752368,italy,block,No information,regular,18.6,35.3,0,left-foot,low-right,0,47.6,5.6,No information,No information,75,No information,4493,35.3,18.6,52.4,0,52.4,94.4,16,907,shot
marco-verratti,https://www.sofascore.com/england-italy/hUbsnUb#id:10752368,italy,block,No information,assisted,19.4,47.6,0,left-foot,low-right,0,47.6,19,No information,No information,61,No information,3652,47.6,19.4,52.4,0,52.4,81,30,1748,shot
mateo-retegui,https://www.sofascore.com/england-italy/hUbsnUb#id:10752368,italy,goal,regular,assisted,11.2,56.9,0,right-foot,low-left,0,53.6,5.1,No information,No information,56,No information,3347,56.9,11.2,46.4,0,46.4,94.9,35,2053,shot
mateo-retegui,https://www.sofascore.com/england-italy/hUbsnUb#id:10752368,italy,miss,No information,assisted,31.3,34.6,0,right-foot,high-right,0,36.6,61.1,No information,No information,56,No information,3315,34.6,31.3,63.4,0,63.4,38.9,35,2085,shot
lorenzo-pellegrini,https://www.sofascore.com/england-italy/hUbsnUb#id:10752368,italy,miss,No information,assisted,10.7,38.8,0,left-foot,high-left,0,60,58.3,No information,No information,51,No information,3035,38.8,10.7,40,0,40,41.7,40,2365,shot
jack-grealish,https://www.sofascore.com/england-italy/hUbsnUb#id:10752368,england,miss,No information,fast-break,2.7,41.8,0,right-foot,right,0,33.4,6.9,No information,No information,45,1,2731,41.8,2.7,66.6,0,66.6,93.1,1,2669,shot
harry-kane,https://www.sofascore.com/england-italy/hUbsnUb#id:10752368,england,goal,penalty,penalty,11.5,50,0,right-foot,low-right,0,46.1,17.1,No information,No information,44,No information,2625,50,11.5,53.9,0,53.9,82.9,2,75,shot
leonardo-spinazzola,https://www.sofascore.com/england-italy/hUbsnUb#id:10752368,italy,miss,No information,fast-break,9.7,30,0,left-foot,high-left,0,59.8,40.3,No information,No information,39,No information,2309,30,9.7,40.2,0,40.2,59.7,7,391,shot
mateo-retegui,https://www.sofascore.com/england-italy/hUbsnUb#id:10752368,italy,block,No information,fast-break,13,41,0,right-foot,low-centre,0,50.2,19,No information,No information,39,No information,2307,41,13,49.8,0,49.8,81,7,393,shot
kalvin-phillips,https://www.sofascore.com/england-italy/hUbsnUb#id:10752368,england,miss,No information,assisted,22,48.3,0,right-foot,close-left,0,56.6,6.9,No information,No information,32,No information,1869,48.3,22,43.4,0,43.4,93.1,14,831,shot
declan-rice,https://www.sofascore.com/england-italy/hUbsnUb#id:10752368,england,goal,regular,corner,8.1,54.1,0,left-foot,high-right,0,45.8,20.3,No information,No information,13,No information,750,54.1,8.1,54.2,0,54.2,79.7,33,1950,shot
harry-kane,https://www.sofascore.com/england-italy/hUbsnUb#id:10752368,england,block,No information,corner,5.9,40.5,0,right-foot,low-left,0,52.9,19,No information,No information,13,No information,748,40.5,5.9,47.1,0,47.1,81,33,1952,shot
jude-bellingham,https://www.sofascore.com/england-italy/hUbsnUb#id:10752368,england,save,No information,assisted,19.6,67,0,right-foot,high-centre,0,48.5,32.9,No information,No information,12,No information,707,67,19.6,51.5,0,51.5,67.1,34,1993,shot
bukayo-saka,https://www.sofascore.com/england-italy/hUbsnUb#id:10752368,england,save,No information,regular,12.7,61.8,0,right-foot,low-right,0,47.2,6.3,No information,No information,8,No information,455,61.8,12.7,52.8,0,52.8,93.7,38,2245,shot
mateo-retegui,https://www.sofascore.com/england-italy/hUbsnUb#id:10752368,italy,miss,No information,corner,6.6,38.7,0,head,right,0,20.3,8.3,No information,No information,6,No information,316,38.7,6.6,79.7,0,79.7,91.7,40,2384,shot
giovanni-di-lorenzo,https://www.sofascore.com/england-italy/hUbsnUb#id:10752368,italy,miss,No information,set-piece,12.6,52.2,0,right-foot,close-right,0,41.7,11.1,No information,No information,3,No information,172,52.2,12.6,58.3,0,58.3,88.9,43,2528,shot

armin-hodzic,https://www.sofascore.com/italy-bosnia-and-herzegovina/EObshUb#id:8079179,bosnia & herzegovina,miss,No information,assisted,3.7,64.1,0,right-foot,high,0,48.2,91.7,No information,No information,86,No information,5131,64.1,3.7,51.8,0,51.8,8.3,5,269,shot
rade-krunic,https://www.sofascore.com/italy-bosnia-and-herzegovina/EObshUb#id:8079179,bosnia & herzegovina,block,No information,assisted,14.2,23.9,0,right-foot,No information,No information,No information,No information,No information,No information,86,No information,5122,23.9,14.2,No information,No information,No information,No information,5,278,shot
emerson-palmieri,https://www.sofascore.com/italy-bosnia-and-herzegovina/EObshUb#id:8079179,italy,miss,No information,free-kick,27.3,57.3,0,left-foot,high-right,0,41.3,75,No information,No information,81,No information,4820,57.3,27.3,58.7,0,58.7,25,10,580,shot
edin-dzeko,https://www.sofascore.com/italy-bosnia-and-herzegovina/EObshUb#id:8079179,bosnia & herzegovina,miss,No information,assisted,7,66.4,0,right-foot,high-left,0,57.1,94.4,No information,No information,76,No information,4540,66.4,7,42.9,0,42.9,5.6,15,860,shot
federico-bernardeschi,https://www.sofascore.com/italy-bosnia-and-herzegovina/EObshUb#id:8079179,italy,save,No information,assisted,24.8,56.5,0,left-foot,low-right,0,46.7,3.2,No information,No information,70,No information,4155,56.5,24.8,53.3,0,53.3,96.8,21,1245,shot
lorenzo-insigne,https://www.sofascore.com/italy-bosnia-and-herzegovina/EObshUb#id:8079179,italy,save,No information,assisted,22.1,29.3,0,right-foot,low-right,0,46.4,4.4,No information,No information,64,No information,3835,29.3,22.1,53.6,0,53.6,95.6,27,1565,shot
gojko-cimirot,https://www.sofascore.com/italy-bosnia-and-herzegovina/EObshUb#id:8079179,bosnia & herzegovina,block,No information,assisted,18.1,55.9,0,right-foot,No information,No information,No information,No information,No information,No information,60,No information,3586,55.9,18.1,No information,No information,No information,No information,31,1814,shot
zoran-kvrzic,https://www.sofascore.com/italy-bosnia-and-herzegovina/EObshUb#id:8079179,bosnia & herzegovina,save,No information,corner,25.6,64.7,0,right-foot,low-left,0,53.9,1.9,No information,No information,60,No information,3550,64.7,25.6,46.1,0,46.1,98.1,31,1850,shot
edin-visca,https://www.sofascore.com/italy-bosnia-and-herzegovina/EObshUb#id:8079179,bosnia & herzegovina,block,No information,fast-break,14.7,60.6,0,right-foot,No information,No information,No information,No information,No information,No information,57,No information,3400,60.6,14.7,No information,No information,No information,No information,34,2000,shot
andrea-belotti,https://www.sofascore.com/italy-bosnia-and-herzegovina/EObshUb#id:8079179,italy,goal,regular,assisted,19.8,71.1,0,right-foot,low-right,0,47.7,17.1,No information,No information,52,No information,3118,71.1,19.8,52.3,0,52.3,82.9,39,2282,shot
andrea-belotti,https://www.sofascore.com/italy-bosnia-and-herzegovina/EObshUb#id:8079179,italy,save,No information,assisted,10.5,34.7,0,left-foot,high-centre,0,51.7,26.6,No information,No information,40,No information,2389,34.7,10.5,48.3,0,48.3,73.4,6,311,shot
adnan-kovacevic,https://www.sofascore.com/italy-bosnia-and-herzegovina/EObshUb#id:8079179,bosnia & herzegovina,block,No information,corner,4.4,49.9,0,right-foot,low-left,0,52.3,12.5,No information,No information,40,No information,2340,49.9,4.4,47.7,0,47.7,87.5,6,360,shot
edin-dzeko,https://www.sofascore.com/italy-bosnia-and-herzegovina/EObshUb#id:8079179,bosnia & herzegovina,miss,No information,corner,9.5,45.4,0,head,right,0,39.2,6.9,No information,No information,39,No information,2338,45.4,9.5,60.8,0,60.8,93.1,7,362,shot
gojko-cimirot,https://www.sofascore.com/italy-bosnia-and-herzegovina/EObshUb#id:8079179,bosnia & herzegovina,save,No information,regular,9.4,44.3,0,right-foot,low-left,0,51.9,17.1,No information,No information,39,No information,2305,44.3,9.4,48.1,0,48.1,82.9,7,395,shot
rade-krunic,https://www.sofascore.com/italy-bosnia-and-herzegovina/EObshUb#id:8079179,bosnia & herzegovina,block,No information,assisted,7.7,43.8,0,head,No information,No information,No information,No information,No information,No information,39,No information,2302,43.8,7.7,No information,No information,No information,No information,7,398,shot
lorenzo-insigne,https://www.sofascore.com/italy-bosnia-and-herzegovina/EObshUb#id:8079179,italy,goal,regular,assisted,9.9,60.3,0,right-foot,low-left,0,54,1.3,No information,No information,37,No information,2187,60.3,9.9,46,0,46,98.7,9,513,shot
edin-dzeko,https://www.sofascore.com/italy-bosnia-and-herzegovina/EObshUb#id:8079179,bosnia & herzegovina,block,No information,assisted,14.2,38.4,0,left-foot,No information,No information,No information,No information,No information,No information,33,No information,1951,38.4,14.2,No information,No information,No information,No information,13,749,shot
muhamed-besic,https://www.sofascore.com/italy-bosnia-and-herzegovina/EObshUb#id:8079179,bosnia & herzegovina,block,No information,corner,12.4,60.8,0,left-foot,No information,No information,No information,No information,No information,No information,31,No information,1853,60.8,12.4,No information,No information,No information,No information,15,847,shot
edin-dzeko,https://www.sofascore.com/italy-bosnia-and-herzegovina/EObshUb#id:8079179,bosnia & herzegovina,miss,No information,assisted,25.8,51.5,0,left-foot,high-left,0,67.1,84.7,No information,No information,23,No information,1364,51.5,25.8,32.9,0,32.9,15.3,23,1336,shot
ermin-bicakcic,https://www.sofascore.com/italy-bosnia-and-herzegovina/EObshUb#id:8079179,bosnia & herzegovina,block,No information,corner,9.9,41.9,0,head,No information,No information,No information,No information,No information,No information,23,No information,1327,41.9,9.9,No information,No information,No information,No information,23,1373,shot
francesco-acerbi,https://www.sofascore.com/italy-bosnia-and-herzegovina/EObshUb#id:8079179,italy,goal,regular,assisted,13.7,48.2,0,right-foot,low-right,0,45.8,0.6,No information,No information,21,No information,1208,48.2,13.7,54.2,0,54.2,99.4,25,1492,shot
federico-bernardeschi,https://www.sofascore.com/italy-bosnia-and-herzegovina/EObshUb#id:8079179,italy,miss,No information,corner,17.9,43.8,0,left-foot,right,0,32.6,8.3,No information,No information,19,No information,1111,43.8,17.9,67.4,0,67.4,91.7,27,1589,shot
federico-bernardeschi,https://www.sofascore.com/italy-bosnia-and-herzegovina/EObshUb#id:8079179,italy,save,No information,assisted,2.4,57.1,0,left-foot,low-right,0,47.1,5.1,No information,No information,18,No information,1073,57.1,2.4,52.9,0,52.9,94.9,28,1627,shot
edin-dzeko,https://www.sofascore.com/italy-bosnia-and-herzegovina/EObshUb#id:8079179,bosnia & herzegovina,block,No information,assisted,11.8,31.2,0,right-foot,No information,No information,No information,No information,No information,No information,16,No information,936,31.2,11.8,No information,No information,No information,No information,30,1764,shot
lorenzo-insigne,https://www.sofascore.com/italy-bosnia-and-herzegovina/EObshUb#id:8079179,italy,block,No information,corner,20.9,63.9,0,right-foot,No information,No information,No information,No information,No information,No information,15,No information,881,63.9,20.9,No information,No information,No information,No information,31,1819,shot
lorenzo-insigne,https://www.sofascore.com/italy-bosnia-and-herzegovina/EObshUb#id:8079179,italy,block,No information,assisted,10.3,54.4,0,right-foot,No information,No information,No information,No information,No information,No information,15,No information,862,54.4,10.3,No information,No information,No information,No information,31,1838,shot
edin-dzeko,https://www.sofascore.com/italy-bosnia-and-herzegovina/EObshUb#id:8079179,bosnia & herzegovina,save,No information,assisted,30.9,52.4,0,right-foot,low-left,0,53.2,3.8,No information,No information,12,No information,708,52.4,30.9,46.8,0,46.8,96.2,34,1992,shot
ermin-bicakcic,https://www.sofascore.com/italy-bosnia-and-herzegovina/EObshUb#id:8079179,bosnia & herzegovina,save,No information,corner,8.1,41.2,0,head,high-centre,0,51.2,34.2,No information,No information,8,No information,461,41.2,8.1,48.8,0,48.8,65.8,38,2239,shot
leonardo-bonucci,https://www.sofascore.com/italy-bosnia-and-herzegovina/EObshUb#id:8079179,italy,block,No information,corner,8.4,47.2,0,left-foot,No information,No information,No information,No information,No information,No information,3,No information,144,47.2,8.4,No information,No information,No information,No information,43,2556,shot

andras-schafer,https://www.sofascore.com/hungary-italy/hUbsjUb#id:10023328,hungary,block,No information,regular,23.6,58.6,0,left-foot,low-centre,0,51.5,19,No information,No information,90,4,5580,58.6,23.6,48.5,0,48.5,81,1,720,shot
gianluca-scamacca,https://www.sofascore.com/hungary-italy/hUbsjUb#id:10023328,italy,miss,No information,regular,3.8,65.4,0,right-foot,close-right,0,43.9,26.4,No information,No information,89,No information,5318,65.4,3.8,56.1,0,56.1,73.6,2,82,shot
federico-dimarco,https://www.sofascore.com/hungary-italy/hUbsjUb#id:10023328,italy,save,No information,assisted,12.2,31.3,0,left-foot,low-right,0,47.6,2.5,No information,No information,89,No information,5316,31.3,12.2,52.4,0,52.4,97.5,2,84,shot
willi-orban,https://www.sofascore.com/hungary-italy/hUbsjUb#id:10023328,hungary,miss,No information,assisted,16.9,70.1,0,right-foot,high,0,45.4,70.8,No information,No information,68,No information,4050,70.1,16.9,54.6,0,54.6,29.2,23,1350,shot
styles-callum,https://www.sofascore.com/hungary-italy/hUbsjUb#id:10023328,hungary,block,No information,assisted,22.7,70.9,0,left-foot,low-left,0,52.3,19,No information,No information,65,No information,3872,70.9,22.7,47.7,0,47.7,81,26,1528,shot
styles-callum,https://www.sofascore.com/hungary-italy/hUbsjUb#id:10023328,hungary,save,No information,assisted,19.9,33,0,left-foot,low-centre,0,50.7,17.1,No information,No information,63,No information,3737,33,19.9,49.3,0,49.3,82.9,28,1663,shot
federico-dimarco,https://www.sofascore.com/hungary-italy/hUbsjUb#id:10023328,italy,miss,No information,regular,16.4,33.9,0,left-foot,high,0,53.9,65.3,No information,No information,58,No information,3423,33.9,16.4,46.1,0,46.1,34.7,33,1977,shot
wilfried-gnonto,https://www.sofascore.com/hungary-italy/hUbsjUb#id:10023328,italy,miss,No information,assisted,19.4,42.4,0,left-foot,left,0,59.5,8.3,No information,No information,56,No information,3316,42.4,19.4,40.5,0,40.5,91.7,35,2084,shot
styles-callum,https://www.sofascore.com/hungary-italy/hUbsjUb#id:10023328,hungary,save,No information,fast-break,3.7,43.2,0,head,low-centre,0,51.3,4.4,No information,No information,55,No information,3291,43.2,3.7,48.7,0,48.7,95.6,36,2109,shot
federico-dimarco,https://www.sofascore.com/hungary-italy/hUbsjUb#id:10023328,italy,goal,regular,assisted,4.9,40.9,0,left-foot,high-centre,0,51.6,22.2,No information,No information,52,No information,3070,40.9,4.9,48.4,0,48.4,77.8,39,2330,shot
adam-szalai,https://www.sofascore.com/hungary-italy/hUbsjUb#id:10023328,hungary,save,No information,regular,3.4,58.5,0,right-foot,low-right,0,46.1,10.8,No information,No information,50,No information,2950,58.5,3.4,53.9,0,53.9,89.2,41,2450,shot
styles-callum,https://www.sofascore.com/hungary-italy/hUbsjUb#id:10023328,hungary,save,No information,regular,21.4,46.3,0,left-foot,low-right,0,47.2,18.4,No information,No information,50,No information,2948,46.3,21.4,52.8,0,52.8,81.6,41,2452,shot
dominik-szoboszlai,https://www.sofascore.com/hungary-italy/hUbsjUb#id:10023328,hungary,block,No information,assisted,7.9,42.5,0,right-foot,low-centre,0,51.1,19,No information,No information,50,No information,2946,42.5,7.9,48.9,0,48.9,81,41,2454,shot
loic-nego,https://www.sofascore.com/hungary-italy/hUbsjUb#id:10023328,hungary,save,No information,assisted,13.2,71.2,0,right-foot,low-left,0,52.9,19,No information,No information,50,No information,2944,71.2,13.2,47.1,0,47.1,81,41,2456,shot
giovanni-di-lorenzo,https://www.sofascore.com/hungary-italy/hUbsjUb#id:10023328,italy,miss,No information,assisted,5.3,58.9,0,head,high-right,0,42.4,65.3,No information,No information,46,No information,2731,58.9,5.3,57.6,0,57.6,34.7,45,2669,shot
dominik-szoboszlai,https://www.sofascore.com/hungary-italy/hUbsjUb#id:10023328,hungary,save,No information,assisted,23.1,48,0,right-foot,low-centre,0,48.5,3.2,No information,No information,45,No information,2656,48,23.1,51.5,0,51.5,96.8,1,44,shot
attila-szalai,https://www.sofascore.com/hungary-italy/hUbsjUb#id:10023328,hungary,miss,No information,set-piece,4.2,48.6,0,left-foot,left,0,60.7,8.3,No information,No information,41,No information,2412,48.6,4.2,39.3,0,39.3,91.7,5,288,shot
federico-dimarco,https://www.sofascore.com/hungary-italy/hUbsjUb#id:10023328,italy,miss,No information,regular,10.7,27.5,0,left-foot,high-left,0,64.4,68.1,No information,No information,38,No information,2228,27.5,10.7,35.6,0,35.6,31.9,8,472,shot
giacomo-raspadori,https://www.sofascore.com/hungary-italy/hUbsjUb#id:10023328,italy,block,No information,assisted,15.5,52.8,0,right-foot,low-centre,0,50.7,19,No information,No information,36,No information,2122,52.8,15.5,49.3,0,49.3,81,10,578,shot
giovanni-di-lorenzo,https://www.sofascore.com/hungary-italy/hUbsjUb#id:10023328,italy,miss,No information,assisted,15.3,68,0,left-foot,close-left,0,57.1,6.9,No information,No information,31,No information,1819,68,15.3,42.9,0,42.9,93.1,15,881,shot
giacomo-raspadori,https://www.sofascore.com/hungary-italy/hUbsjUb#id:10023328,italy,goal,regular,regular,7.1,49.5,0,left-foot,low-left,0,52.1,1.3,No information,No information,27,No information,1580,49.5,7.1,47.9,0,47.9,98.7,19,1120,shot
giovanni-di-lorenzo,https://www.sofascore.com/hungary-italy/hUbsjUb#id:10023328,italy,miss,No information,set-piece,13.2,59.3,0,head,close-right,0,42,11.1,No information,No information,12,No information,694,59.3,13.2,58,0,58,88.9,34,2006,shot
dominik-szoboszlai,https://www.sofascore.com/hungary-italy/hUbsjUb#id:10023328,hungary,block,No information,set-piece,18.6,42.6,0,right-foot,low-centre,0,50.6,19,No information,No information,2,No information,92,42.6,18.6,49.4,0,49.4,81,44,2608,shot
dominik-szoboszlai,https://www.sofascore.com/hungary-italy/hUbsjUb#id:10023328,hungary,block,No information,free-kick,22.2,44.2,0,right-foot,low-centre,0,50.8,19,No information,No information,2,No information,90,44.2,22.2,49.2,0,49.2,81,44,2610,shot

vladyslav-vanat,https://www.sofascore.com/italy-ukraine/bUbshUb#id:10752500,ukraine,miss,No information,assisted,28.2,46.8,0,left-foot,close-left,0,58.8,1.4,No information,No information,90,2,5503,46.8,28.2,41.2,0,41.2,98.6,1,797,shot
giovanni-di-lorenzo,https://www.sofascore.com/italy-ukraine/bUbshUb#id:10752500,italy,miss,No information,corner,8.3,44.2,0,head,high,0,45,61.1,No information,No information,90,No information,5370,44.2,8.3,55,0,55,38.9,1,30,shot
mateo-retegui,https://www.sofascore.com/italy-ukraine/bUbshUb#id:10752500,italy,block,No information,regular,7.2,56.8,0,right-foot,low-centre,0,49.6,19,No information,No information,88,No information,5267,56.8,7.2,50.4,0,50.4,81,3,133,shot
konoplia-yukhym,https://www.sofascore.com/italy-ukraine/bUbshUb#id:10752500,ukraine,miss,No information,assisted,6.4,59.8,0,head,close-right,0,43.2,18.1,No information,No information,85,No information,5089,59.8,6.4,56.8,0,56.8,81.9,6,311,shot
mykhaylo-mudryk,https://www.sofascore.com/italy-ukraine/bUbshUb#id:10752500,ukraine,miss,No information,free-kick,21.9,28.7,0,right-foot,high,0,53.9,65.3,No information,No information,83,No information,4937,28.7,21.9,46.1,0,46.1,34.7,8,463,shot
nicolo-barella,https://www.sofascore.com/italy-ukraine/bUbshUb#id:10752500,italy,block,No information,assisted,14.7,41.2,0,right-foot,low-centre,0,50.5,19,No information,No information,80,No information,4741,41.2,14.7,49.5,0,49.5,81,11,659,shot
cristiano-biraghi,https://www.sofascore.com/italy-ukraine/bUbshUb#id:10752500,italy,miss,No information,free-kick,24.8,69,0,left-foot,close-right,0,42.5,20.8,No information,No information,77,No information,4581,69,24.8,57.5,0,57.5,79.2,14,819,shot
nicolo-barella,https://www.sofascore.com/italy-ukraine/bUbshUb#id:10752500,italy,miss,No information,regular,8.8,49,0,right-foot,close-right,0,41.8,6.9,No information,No information,68,No information,4075,49,8.8,58.2,0,58.2,93.1,23,1325,shot
manuel-locatelli,https://www.sofascore.com/italy-ukraine/bUbshUb#id:10752500,italy,block,No information,assisted,7.9,42.7,0,right-foot,low-centre,0,49.9,19,No information,No information,68,No information,4074,42.7,7.9,50.1,0,50.1,81,23,1326,shot
nicolo-barella,https://www.sofascore.com/italy-ukraine/bUbshUb#id:10752500,italy,block,No information,assisted,13.2,58.6,0,right-foot,low-right,0,47.5,19,No information,No information,68,No information,4067,58.6,13.2,52.5,0,52.5,81,23,1333,shot
nicolo-zaniolo,https://www.sofascore.com/italy-ukraine/bUbshUb#id:10752500,italy,save,No information,assisted,24.7,63.9,0,left-foot,low-right,0,47.8,0.6,No information,No information,67,No information,4004,63.9,24.7,52.2,0,52.2,99.4,24,1396,shot
giorgio-scalvini,https://www.sofascore.com/italy-ukraine/bUbshUb#id:10752500,italy,miss,No information,corner,8.1,47.7,0,head,close-high,0,53.6,52.8,No information,No information,66,No information,3913,47.7,8.1,46.4,0,46.4,47.2,25,1487,shot
giacomo-raspadori,https://www.sofascore.com/italy-ukraine/bUbshUb#id:10752500,italy,save,No information,assisted,11.4,58,0,right-foot,low-left,0,53.3,3.8,No information,No information,59,No information,3504,58,11.4,46.7,0,46.7,96.2,32,1896,shot
mattia-zaccagni,https://www.sofascore.com/italy-ukraine/bUbshUb#id:10752500,italy,miss,No information,assisted,10.8,48.6,0,right-foot,close-right,0,41.3,22.2,No information,No information,54,No information,3208,48.6,10.8,58.7,0,58.7,77.8,37,2192,shot
artem-dovbyk,https://www.sofascore.com/italy-ukraine/bUbshUb#id:10752500,ukraine,miss,No information,assisted,6.2,66.4,0,right-foot,close-high-right,0,41.8,54.2,No information,No information,51,No information,3018,66.4,6.2,58.2,0,58.2,45.8,40,2382,shot
viktor-tsygankov,https://www.sofascore.com/italy-ukraine/bUbshUb#id:10752500,ukraine,block,No information,fast-break,18.9,52.5,0,left-foot,low-centre,0,49.2,19,No information,No information,49,No information,2937,52.5,18.9,50.8,0,50.8,81,42,2463,shot
andriy-yarmolenko,https://www.sofascore.com/italy-ukraine/bUbshUb#id:10752500,ukraine,goal,regular,regular,4.4,40.7,0,right-foot,low-centre,0,50.6,2.5,No information,No information,41,No information,2436,40.7,4.4,49.4,0,49.4,97.5,5,264,shot
artem-dovbyk,https://www.sofascore.com/italy-ukraine/bUbshUb#id:10752500,ukraine,save,No information,assisted,7.6,39.7,0,left-foot,low-centre,0,48.4,5.1,No information,No information,41,No information,2433,39.7,7.6,51.6,0,51.6,94.9,5,267,shot
giacomo-raspadori,https://www.sofascore.com/italy-ukraine/bUbshUb#id:10752500,italy,save,No information,regular,15.5,35.7,0,right-foot,low-centre,0,50.1,1.3,No information,No information,40,No information,2365,35.7,15.5,49.9,0,49.9,98.7,6,335,shot
artem-dovbyk,https://www.sofascore.com/italy-ukraine/bUbshUb#id:10752500,ukraine,miss,No information,regular,8.5,59.2,0,head,left,0,94.8,12.5,No information,No information,37,No information,2193,59.2,8.5,5.2,0,5.2,87.5,9,507,shot
artem-dovbyk,https://www.sofascore.com/italy-ukraine/bUbshUb#id:10752500,ukraine,save,No information,assisted,19.3,45.1,0,left-foot,low-centre,0,51.6,9.5,No information,No information,36,No information,2156,45.1,19.3,48.4,0,48.4,90.5,10,544,shot
federico-dimarco,https://www.sofascore.com/italy-ukraine/bUbshUb#id:10752500,italy,block,No information,assisted,15.3,42.2,0,left-foot,low-left,0,52.1,19,No information,No information,32,No information,1895,42.2,15.3,47.9,0,47.9,81,14,805,shot
davide-frattesi,https://www.sofascore.com/italy-ukraine/bUbshUb#id:10752500,italy,goal,regular,regular,10.6,59.5,0,right-foot,low-left,0,53.2,2.5,No information,No information,29,No information,1690,59.5,10.6,46.8,0,46.8,97.5,17,1010,shot
nicolo-zaniolo,https://www.sofascore.com/italy-ukraine/bUbshUb#id:10752500,italy,block,No information,assisted,20.9,63.8,0,left-foot,low-left,0,54,19,No information,No information,29,No information,1687,63.8,20.9,46,0,46,81,17,1013,shot
giacomo-raspadori,https://www.sofascore.com/italy-ukraine/bUbshUb#id:10752500,italy,miss,No information,assisted,12.6,50.6,0,right-foot,high,0,49.1,80.6,No information,No information,26,No information,1537,50.6,12.6,50.9,0,50.9,19.4,20,1163,shot
manuel-locatelli,https://www.sofascore.com/italy-ukraine/bUbshUb#id:10752500,italy,miss,No information,regular,25.8,63.1,0,right-foot,left,0,68.1,22.2,No information,No information,18,No information,1063,63.1,25.8,31.9,0,31.9,77.8,28,1637,shot
nicolo-barella,https://www.sofascore.com/italy-ukraine/bUbshUb#id:10752500,italy,block,No information,assisted,12.2,60.3,0,right-foot,low-left,0,54.6,19,No information,No information,18,No information,1026,60.3,12.2,45.4,0,45.4,81,28,1674,shot
davide-frattesi,https://www.sofascore.com/italy-ukraine/bUbshUb#id:10752500,italy,goal,regular,assisted,12.4,35.3,0,right-foot,low-left,0,53.8,5.1,No information,No information,12,No information,707,35.3,12.4,46.2,0,46.2,94.9,34,1993,shot
federico-dimarco,https://www.sofascore.com/italy-ukraine/bUbshUb#id:10752500,italy,block,No information,regular,16.3,33.2,0,left-foot,low-right,0,47,19,No information,No information,11,No information,644,33.2,16.3,53,0,53,81,35,2056,shot
giacomo-raspadori,https://www.sofascore.com/italy-ukraine/bUbshUb#id:10752500,italy,miss,No information,regular,6.8,63.8,0,right-foot,high,0,44.7,68.1,No information,No information,10,No information,586,63.8,6.8,55.3,0,55.3,31.9,36,2114,shot
giovanni-di-lorenzo,https://www.sofascore.com/italy-ukraine/bUbshUb#id:10752500,italy,miss,No information,throw-in-set-piece,21,52.7,0,right-foot,high,0,44.9,61.1,No information,No information,3,No information,153,52.7,21,55.1,0,55.1,38.9,43,2547,shot

andi-zeqiri,https://www.sofascore.com/italy-switzerland/ZTbshUb#id:9223877,switzerland,miss,No information,assisted,4.4,61.4,0,right-foot,close-right,0,41.5,19.4,No information,No information,90,3,5521,61.4,4.4,58.5,0,58.5,80.6,1,779,shot
jorginho,https://www.sofascore.com/italy-switzerland/ZTbshUb#id:9223877,italy,miss,No information,penalty,11.5,50,0,right-foot,high,0,52.3,66.7,No information,No information,90,No information,5376,50,11.5,47.7,0,47.7,33.3,1,24,shot
federico-chiesa,https://www.sofascore.com/italy-switzerland/ZTbshUb#id:9223877,italy,miss,No information,assisted,13.9,36.1,0,right-foot,close-high,0,48.1,59.7,No information,No information,84,No information,5012,36.1,13.9,51.9,0,51.9,40.3,7,388,shot
domenico-berardi,https://www.sofascore.com/italy-switzerland/ZTbshUb#id:9223877,italy,block,No information,corner,17.9,53.1,0,left-foot,low-right,0,47.6,19,No information,No information,78,No information,4650,53.1,17.9,52.4,0,52.4,81,13,750,shot
lorenzo-insigne,https://www.sofascore.com/italy-switzerland/ZTbshUb#id:9223877,italy,save,No information,corner,15.3,29.4,0,right-foot,low-centre,0,49.4,8.9,No information,No information,76,No information,4540,29.4,15.3,50.6,0,50.6,91.1,15,860,shot
emerson-palmieri,https://www.sofascore.com/italy-switzerland/ZTbshUb#id:9223877,italy,miss,No information,regular,12.1,27.5,0,left-foot,high-left,0,61.5,51.4,No information,No information,68,No information,4024,27.5,12.1,38.5,0,38.5,48.6,23,1376,shot
denis-zakaria,https://www.sofascore.com/italy-switzerland/ZTbshUb#id:9223877,switzerland,miss,No information,assisted,26.8,63.3,0,right-foot,left,0,63.7,4.2,No information,No information,54,No information,3219,63.3,26.8,36.3,0,36.3,95.8,37,2181,shot
noah-okafor,https://www.sofascore.com/italy-switzerland/ZTbshUb#id:9223877,switzerland,miss,No information,set-piece,9.7,44.8,0,head,right,0,37.6,19,No information,No information,44,No information,2620,44.8,9.7,62.4,0,62.4,81,2,80,shot
denis-zakaria,https://www.sofascore.com/italy-switzerland/ZTbshUb#id:9223877,switzerland,block,No information,assisted,31.9,36.9,0,right-foot,low-left,0,54.1,19,No information,No information,39,No information,2320,36.9,31.9,45.9,0,45.9,81,7,380,shot
giovanni-di-lorenzo,https://www.sofascore.com/italy-switzerland/ZTbshUb#id:9223877,italy,goal,regular,set-piece,5.4,51,0,head,low-left,0,52.1,17.7,No information,No information,36,No information,2124,51,5.4,47.9,0,47.9,82.3,10,576,shot
fabian-schar,https://www.sofascore.com/italy-switzerland/ZTbshUb#id:9223877,switzerland,save,No information,set-piece,8.9,47.8,0,head,low-left,0,52.8,1.9,No information,No information,32,No information,1873,47.8,8.9,47.2,0,47.2,98.1,14,827,shot
andrea-belotti,https://www.sofascore.com/italy-switzerland/ZTbshUb#id:9223877,italy,block,No information,assisted,7.8,71.7,0,right-foot,low-right,0,47.1,19,No information,No information,30,No information,1761,71.7,7.8,52.9,0,52.9,81,16,939,shot
jorginho,https://www.sofascore.com/italy-switzerland/ZTbshUb#id:9223877,italy,block,No information,regular,26.1,58.7,0,right-foot,low-right,0,45.9,19,No information,No information,25,No information,1473,58.7,26.1,54.1,0,54.1,81,21,1227,shot
federico-chiesa,https://www.sofascore.com/italy-switzerland/ZTbshUb#id:9223877,italy,save,No information,regular,16.4,27.9,0,right-foot,low-right,0,46.2,6.3,No information,No information,24,No information,1411,27.9,16.4,53.8,0,53.8,93.7,22,1289,shot
nicolo-barella,https://www.sofascore.com/italy-switzerland/ZTbshUb#id:9223877,italy,save,No information,regular,3.1,56.4,0,right-foot,low-right,0,47.6,10.8,No information,No information,22,No information,1271,56.4,3.1,52.4,0,52.4,89.2,24,1429,shot
jorginho,https://www.sofascore.com/italy-switzerland/ZTbshUb#id:9223877,italy,block,No information,assisted,16,47.4,0,right-foot,low-centre,0,50.1,19,No information,No information,22,No information,1270,47.4,16,49.9,0,49.9,81,24,1430,shot
xherdan-shaqiri,https://www.sofascore.com/italy-switzerland/ZTbshUb#id:9223877,switzerland,miss,No information,assisted,11.8,34.2,0,right-foot,high,0,44.9,66.7,No information,No information,18,No information,1070,34.2,11.8,55.1,0,55.1,33.3,28,1630,shot
noah-okafor,https://www.sofascore.com/italy-switzerland/ZTbshUb#id:9223877,switzerland,miss,No information,assisted,21.1,57.3,0,left-foot,close-left,0,57.5,6.9,No information,No information,15,No information,897,57.3,21.1,42.5,0,42.5,93.1,31,1803,shot
silvan-widmer,https://www.sofascore.com/italy-switzerland/ZTbshUb#id:9223877,switzerland,goal,regular,assisted,18.3,54.9,0,right-foot,high-left,0,52.3,31,No information,No information,11,No information,652,54.9,18.3,47.7,0,47.7,69,35,2048,shot
denis-zakaria,https://www.sofascore.com/italy-switzerland/ZTbshUb#id:9223877,switzerland,block,No information,assisted,28.7,50.6,0,right-foot,low-centre,0,51,19,No information,No information,5,No information,282,50.6,28.7,49,0,49,81,41,2418,shot
xherdan-shaqiri,https://www.sofascore.com/italy-switzerland/ZTbshUb#id:9223877,switzerland,miss,No information,regular,26.6,37.5,0,left-foot,high,0,52.4,79.2,No information,No information,1,No information,48,37.5,26.6,47.6,0,47.6,20.8,45,2652,shot

conor-washington,https://www.sofascore.com/northern-ireland-italy/hUbsLVb#id:9223955,northern ireland,block,No information,regular,9.7,53.3,0,left-foot,low-centre,0,49.8,19,No information,No information,90,No information,5395,53.3,9.7,50.2,0,50.2,81,1,5,shot
gianluca-scamacca,https://www.sofascore.com/northern-ireland-italy/hUbsLVb#id:9223955,italy,miss,No information,corner,10.7,46.4,0,head,high-left,0,63.2,86.1,No information,No information,86,No information,5137,46.4,10.7,36.8,0,36.8,13.9,5,263,shot
domenico-berardi,https://www.sofascore.com/northern-ireland-italy/hUbsLVb#id:9223955,italy,miss,No information,assisted,14.4,67.2,0,right-foot,left,0,65.1,19,No information,No information,84,No information,5005,67.2,14.4,34.9,0,34.9,81,7,395,shot
stuart-dallas,https://www.sofascore.com/northern-ireland-italy/hUbsLVb#id:9223955,northern ireland,miss,No information,assisted,15.1,63.2,0,right-foot,close-left,0,58.3,4.2,No information,No information,82,No information,4867,63.2,15.1,41.7,0,41.7,95.8,9,533,shot
emerson-palmieri,https://www.sofascore.com/northern-ireland-italy/hUbsLVb#id:9223955,italy,block,No information,assisted,27.1,35.7,0,left-foot,low-centre,0,49.3,19,No information,No information,80,No information,4765,35.7,27.1,50.7,0,50.7,81,11,635,shot
andrea-belotti,https://www.sofascore.com/northern-ireland-italy/hUbsLVb#id:9223955,italy,block,No information,assisted,9.9,50.7,0,head,low-centre,0,49.2,19,No information,No information,73,No information,4361,50.7,9.9,50.8,0,50.8,81,18,1039,shot
federico-chiesa,https://www.sofascore.com/northern-ireland-italy/hUbsLVb#id:9223955,italy,miss,No information,assisted,13.4,55.4,0,left-foot,close-left,0,57.1,18.1,No information,No information,63,No information,3763,55.4,13.4,42.9,0,42.9,81.9,28,1637,shot
domenico-berardi,https://www.sofascore.com/northern-ireland-italy/hUbsLVb#id:9223955,italy,save,No information,free-kick,24.6,74.8,0,left-foot,low-right,0,46.5,8.2,No information,No information,58,No information,3471,74.8,24.6,53.5,0,53.5,91.8,33,1929,shot
lorenzo-insigne,https://www.sofascore.com/northern-ireland-italy/hUbsLVb#id:9223955,italy,save,No information,assisted,4.6,68.4,0,right-foot,low-right,0,46.9,1.3,No information,No information,52,No information,3081,68.4,4.6,53.1,0,53.1,98.7,39,2319,shot
george-saville,https://www.sofascore.com/northern-ireland-italy/hUbsLVb#id:9223955,northern ireland,save,No information,assisted,9.2,46,0,left-foot,low-centre,0,49.4,3.8,No information,No information,50,No information,2968,46,9.2,50.6,0,50.6,96.2,41,2432,shot
lorenzo-insigne,https://www.sofascore.com/northern-ireland-italy/hUbsLVb#id:9223955,italy,miss,No information,assisted,16.8,67.8,0,right-foot,left,0,61.7,1.4,No information,No information,48,No information,2879,67.8,16.8,38.3,0,38.3,98.6,43,2521,shot
lorenzo-insigne,https://www.sofascore.com/northern-ireland-italy/hUbsLVb#id:9223955,italy,save,No information,assisted,8.3,58.1,0,right-foot,low-right,0,45.8,1.9,No information,No information,37,No information,2189,58.1,8.3,54.2,0,54.2,98.1,9,511,shot
federico-chiesa,https://www.sofascore.com/northern-ireland-italy/hUbsLVb#id:9223955,italy,save,No information,assisted,6.6,27.6,0,left-foot,low-left,0,52.3,3.8,No information,No information,32,No information,1875,27.6,6.6,47.7,0,47.7,96.2,14,825,shot
lorenzo-insigne,https://www.sofascore.com/northern-ireland-italy/hUbsLVb#id:9223955,italy,save,No information,corner,18.8,30.7,0,right-foot,high-centre,0,48.4,23.4,No information,No information,28,No information,1637,30.7,18.8,51.6,0,51.6,76.6,18,1063,shot
nicolo-barella,https://www.sofascore.com/northern-ireland-italy/hUbsLVb#id:9223955,italy,save,No information,regular,25.9,35.7,0,right-foot,high-centre,0,48.8,24.7,No information,No information,18,No information,1023,35.7,25.9,51.2,0,51.2,75.3,28,1677,shot
tom-flanagan,https://www.sofascore.com/northern-ireland-italy/hUbsLVb#id:9223955,northern ireland,miss,No information,set-piece,12.5,46,0,head,close-high,0,48.4,58.3,No information,No information,10,No information,549,46,12.5,51.6,0,51.6,41.7,36,2151,shot

jorginho,https://www.sofascore.com/italy-spain/YTbshUb#id:8594150,italy,goal,penalty,shootout,11.5,50,0,right-foot,low-right,0,46.2,1.9,No information,No information,126,No information,7559,50,11.5,53.8,0,53.8,98.1,10,541,shot
alvaro-morata,https://www.sofascore.com/italy-spain/YTbshUb#id:8594150,spain,save,No information,shootout,11.5,50,0,right-foot,low-right,0,47.1,3.2,No information,No information,126,No information,7501,50,11.5,52.9,0,52.9,96.8,10,599,shot
federico-bernardeschi,https://www.sofascore.com/italy-spain/YTbshUb#id:8594150,italy,goal,penalty,shootout,11.5,50,0,left-foot,high-right,0,46.8,29.7,No information,No information,125,No information,7463,50,11.5,53.2,0,53.2,70.3,11,637,shot
thiago-alcantara,https://www.sofascore.com/italy-spain/YTbshUb#id:8594150,spain,goal,penalty,shootout,11.5,50,0,right-foot,low-left,0,52.9,1.3,No information,No information,124,No information,7423,50,11.5,47.1,0,47.1,98.7,12,677,shot
leonardo-bonucci,https://www.sofascore.com/italy-spain/YTbshUb#id:8594150,italy,goal,penalty,shootout,11.5,50,0,right-foot,low-centre,0,48.2,10.1,No information,No information,124,No information,7386,50,11.5,51.8,0,51.8,89.9,12,714,shot
gerard-moreno,https://www.sofascore.com/italy-spain/YTbshUb#id:8594150,spain,goal,penalty,shootout,11.5,50,0,left-foot,high-centre,0,48.7,21.5,No information,No information,123,No information,7342,50,11.5,51.3,0,51.3,78.5,13,758,shot
andrea-belotti,https://www.sofascore.com/italy-spain/YTbshUb#id:8594150,italy,goal,penalty,shootout,11.5,50,0,right-foot,low-left,0,53.9,7,No information,No information,122,No information,7301,50,11.5,46.1,0,46.1,93,14,799,shot
dani-olmo,https://www.sofascore.com/italy-spain/YTbshUb#id:8594150,spain,miss,No information,shootout,11.5,50,0,right-foot,close-high,0,53.8,56.9,No information,No information,121,No information,7251,50,11.5,46.2,0,46.2,43.1,15,849,shot
manuel-locatelli,https://www.sofascore.com/italy-spain/YTbshUb#id:8594150,italy,save,No information,shootout,11.5,50,0,right-foot,low-left,0,52.9,3.8,No information,No information,121,No information,7200,50,11.5,47.1,0,47.1,96.2,15,0,shot
domenico-berardi,https://www.sofascore.com/italy-spain/YTbshUb#id:8594150,italy,block,No information,assisted,12.6,59.1,0,left-foot,low-centre,0,51.1,19,No information,No information,110,No information,6566,59.1,12.6,48.9,0,48.9,81,11,634,shot
thiago-alcantara,https://www.sofascore.com/italy-spain/YTbshUb#id:8594150,spain,block,No information,free-kick,32.7,22.4,0,right-foot,low-centre,0,50.3,19.4,No information,No information,107,No information,6417,22.4,32.7,49.7,0,49.7,80.6,14,783,shot
marcos-llorente,https://www.sofascore.com/italy-spain/YTbshUb#id:8594150,spain,block,No information,regular,15.4,61,0,left-foot,low-centre,0,49.6,19,No information,No information,102,No information,6081,61,15.4,50.4,0,50.4,81,4,219,shot
alvaro-morata,https://www.sofascore.com/italy-spain/YTbshUb#id:8594150,spain,block,No information,set-piece,7.8,67.6,0,right-foot,low-right,0,46.4,19,No information,No information,98,No information,5858,67.6,7.8,53.6,0,53.6,81,8,442,shot
dani-olmo,https://www.sofascore.com/italy-spain/YTbshUb#id:8594150,spain,save,No information,free-kick,18.2,8,0,right-foot,low-centre,0,49.3,10.1,No information,No information,98,No information,5855,8,18.2,50.7,0,50.7,89.9,8,445,shot
gerard-moreno,https://www.sofascore.com/italy-spain/YTbshUb#id:8594150,spain,miss,No information,assisted,18.7,53.8,0,left-foot,high,0,53.1,75,No information,No information,84,No information,5021,53.8,18.7,46.9,0,46.9,25,7,379,shot
sergio-busquets,https://www.sofascore.com/italy-spain/YTbshUb#id:8594150,spain,miss,No information,corner,8.8,59.1,0,head,left,0,63.4,13.9,No information,No information,82,No information,4918,59.1,8.8,36.6,0,36.6,86.1,9,482,shot
alvaro-morata,https://www.sofascore.com/italy-spain/YTbshUb#id:8594150,spain,goal,regular,assisted,9.7,46,0,left-foot,low-left,0,53,1.3,No information,No information,80,No information,4778,46,9.7,47,0,47,98.7,11,622,shot
domenico-berardi,https://www.sofascore.com/italy-spain/YTbshUb#id:8594150,italy,save,No information,assisted,18.2,49.4,0,left-foot,low-left,0,52.7,5.7,No information,No information,80,No information,4748,49.4,18.2,47.3,0,47.3,94.3,11,652,shot
domenico-berardi,https://www.sofascore.com/italy-spain/YTbshUb#id:8594150,italy,save,No information,assisted,4.7,66,0,right-foot,low-right,0,47.5,4.4,No information,No information,68,No information,4036,66,4.7,52.5,0,52.5,95.6,23,1364,shot
dani-olmo,https://www.sofascore.com/italy-spain/YTbshUb#id:8594150,spain,miss,No information,assisted,18,53.3,0,right-foot,close-right,0,42.4,12.5,No information,No information,66,No information,3959,53.3,18,57.6,0,57.6,87.5,25,1441,shot
federico-chiesa,https://www.sofascore.com/italy-spain/YTbshUb#id:8594150,italy,goal,regular,fast-break,13.6,34.9,0,right-foot,low-right,0,46.1,7,No information,No information,60,No information,3561,34.9,13.6,53.9,0,53.9,93,31,1839,shot
mikel-oyarzabal,https://www.sofascore.com/italy-spain/YTbshUb#id:8594150,spain,save,No information,assisted,24.6,61.8,0,left-foot,high-centre,0,49,26.6,No information,No information,58,No information,3453,61.8,24.6,51,0,51,73.4,33,1947,shot
ferran-torres,https://www.sofascore.com/italy-spain/YTbshUb#id:8594150,spain,block,No information,assisted,19.5,38.6,0,right-foot,low-left,0,53,19,No information,No information,57,No information,3382,38.6,19.5,47,0,47,81,34,2018,shot
federico-chiesa,https://www.sofascore.com/italy-spain/YTbshUb#id:8594150,italy,save,No information,assisted,10.5,69.4,0,right-foot,low-centre,0,51.4,7.6,No information,No information,53,No information,3160,69.4,10.5,48.6,0,48.6,92.4,38,2240,shot
sergio-busquets,https://www.sofascore.com/italy-spain/YTbshUb#id:8594150,spain,miss,No information,fast-break,18,55.2,0,right-foot,high,0,45.5,70.8,No information,No information,52,No information,3111,55.2,18,54.5,0,54.5,29.2,39,2289,shot
ciro-immobile,https://www.sofascore.com/italy-spain/YTbshUb#id:8594150,italy,miss,No information,regular,19.1,31.8,0,left-foot,right,0,37.3,4.2,No information,No information,49,No information,2915,31.8,19.1,62.7,0,62.7,95.8,42,2485,shot
emerson-palmieri,https://www.sofascore.com/italy-spain/YTbshUb#id:8594150,italy,post,No information,assisted,5.3,30.3,0,left-foot,high,0,54.5,38.6,No information,No information,45,No information,2660,30.3,5.3,45.5,0,45.5,61.4,1,40,shot
mikel-oyarzabal,https://www.sofascore.com/italy-spain/YTbshUb#id:8594150,spain,miss,No information,assisted,14.4,65.3,0,left-foot,high-left,0,56.8,63.9,No information,No information,39,No information,2330,65.3,14.4,43.2,0,43.2,36.1,7,370,shot
dani-olmo,https://www.sofascore.com/italy-spain/YTbshUb#id:8594150,spain,miss,No information,assisted,22.2,68,0,right-foot,high,0,48.4,72.2,No information,No information,33,No information,1921,68,22.2,51.6,0,51.6,27.8,13,779,shot
dani-olmo,https://www.sofascore.com/italy-spain/YTbshUb#id:8594150,spain,save,No information,regular,12.3,52.8,0,right-foot,low-left,0,52,3.2,No information,No information,25,No information,1484,52.8,12.3,48,0,48,96.8,21,1216,shot
dani-olmo,https://www.sofascore.com/italy-spain/YTbshUb#id:8594150,spain,block,No information,assisted,13.2,53.6,0,right-foot,low-centre,0,48.3,19,No information,No information,25,No information,1483,53.6,13.2,51.7,0,51.7,81,21,1217,shot
ferran-torres,https://www.sofascore.com/italy-spain/YTbshUb#id:8594150,spain,miss,No information,regular,23.3,42.7,0,right-foot,close-left,0,57.5,4.2,No information,No information,15,No information,853,42.7,23.3,42.5,0,42.5,95.8,31,1847,shot

sikan-danylo,https://www.sofascore.com/italy-ukraine/bUbshUb#id:10752586,ukraine,block,No information,assisted,16.2,64.9,0,right-foot,low-left,0,52.2,19,No information,No information,90,6,5732,64.9,16.2,47.8,0,47.8,81,1,568,shot
georgiy-sudakov,https://www.sofascore.com/italy-ukraine/bUbshUb#id:10752586,ukraine,save,No information,assisted,28.8,54.3,0,right-foot,low-left,0,52.8,6.3,No information,No information,89,No information,5309,54.3,28.8,47.2,0,47.2,93.7,2,91,shot
matteo-politano,https://www.sofascore.com/italy-ukraine/bUbshUb#id:10752586,italy,miss,No information,assisted,24.6,49,0,left-foot,high-left,0,58.2,70.8,No information,No information,82,No information,4886,49,24.6,41.8,0,41.8,29.2,9,514,shot
moise-kean,https://www.sofascore.com/italy-ukraine/bUbshUb#id:10752586,italy,block,No information,assisted,24.5,55.9,0,right-foot,low-right,0,48.1,19,No information,No information,81,No information,4857,55.9,24.5,51.9,0,51.9,81,10,543,shot
taras-stepanenko,https://www.sofascore.com/italy-ukraine/bUbshUb#id:10752586,ukraine,miss,No information,set-piece,8,59.6,0,head,high-left,0,67.6,41.7,No information,No information,78,No information,4677,59.6,8,32.4,0,32.4,58.3,13,723,shot
gianluca-scamacca,https://www.sofascore.com/italy-ukraine/bUbshUb#id:10752586,italy,miss,No information,regular,4.8,45.2,0,right-foot,left,0,60.8,4.2,No information,No information,76,No information,4511,45.2,4.8,39.2,0,39.2,95.8,15,889,shot
mykhaylo-mudryk,https://www.sofascore.com/italy-ukraine/bUbshUb#id:10752586,ukraine,miss,No information,regular,21.1,51.5,0,right-foot,left,0,66.1,9.7,No information,No information,74,No information,4403,51.5,21.1,33.9,0,33.9,90.3,17,997,shot
mykhaylo-mudryk,https://www.sofascore.com/italy-ukraine/bUbshUb#id:10752586,ukraine,save,No information,throw-in-set-piece,4.7,35.4,0,left-foot,low-left,0,53.1,4.4,No information,No information,65,No information,3871,35.4,4.7,46.9,0,46.9,95.6,26,1529,shot
giovanni-di-lorenzo,https://www.sofascore.com/italy-ukraine/bUbshUb#id:10752586,italy,miss,No information,assisted,9,49.3,0,head,high,0,46.7,79.2,No information,No information,61,No information,3646,49.3,9,53.3,0,53.3,20.8,30,1754,shot
federico-chiesa,https://www.sofascore.com/italy-ukraine/bUbshUb#id:10752586,italy,miss,No information,assisted,20.5,27.5,0,right-foot,close-right,0,42,18.1,No information,No information,58,No information,3453,27.5,20.5,58,0,58,81.9,33,1947,shot
federico-chiesa,https://www.sofascore.com/italy-ukraine/bUbshUb#id:10752586,italy,block,No information,assisted,10,30.2,0,left-foot,low-centre,0,49.1,19,No information,No information,51,No information,3056,30.2,10,50.9,0,50.9,81,40,2344,shot
federico-dimarco,https://www.sofascore.com/italy-ukraine/bUbshUb#id:10752586,italy,block,No information,assisted,25.3,34.3,0,left-foot,low-centre,0,48.7,19,No information,No information,47,No information,2798,34.3,25.3,51.3,0,51.3,81,44,2602,shot
federico-chiesa,https://www.sofascore.com/italy-ukraine/bUbshUb#id:10752586,italy,block,No information,assisted,17.2,46.9,0,right-foot,low-right,0,46.4,19,No information,No information,42,No information,2510,46.9,17.2,53.6,0,53.6,81,4,190,shot
nicolo-barella,https://www.sofascore.com/italy-ukraine/bUbshUb#id:10752586,italy,block,No information,assisted,20.9,57.8,0,right-foot,low-centre,0,50.6,19,No information,No information,42,No information,2507,57.8,20.9,49.4,0,49.4,81,4,193,shot
giacomo-raspadori,https://www.sofascore.com/italy-ukraine/bUbshUb#id:10752586,italy,miss,No information,assisted,6.1,59.7,0,right-foot,close-right,0,41.7,22.2,No information,No information,34,No information,2030,59.7,6.1,58.3,0,58.3,77.8,12,670,shot
davide-frattesi,https://www.sofascore.com/italy-ukraine/bUbshUb#id:10752586,italy,save,No information,fast-break,12.6,36.2,0,left-foot,low-centre,0,49.4,2.5,No information,No information,29,No information,1721,36.2,12.6,50.6,0,50.6,97.5,17,979,shot
giovanni-di-lorenzo,https://www.sofascore.com/italy-ukraine/bUbshUb#id:10752586,italy,miss,No information,corner,6.1,56.4,0,head,close-right,0,43.4,9.7,No information,No information,28,No information,1663,56.4,6.1,56.6,0,56.6,90.3,18,1037,shot
giovanni-di-lorenzo,https://www.sofascore.com/italy-ukraine/bUbshUb#id:10752586,italy,miss,No information,corner,5,42.2,0,head,close-high,0,51.9,56.9,No information,No information,20,No information,1167,42.2,5,48.1,0,48.1,43.1,26,1533,shot
giacomo-raspadori,https://www.sofascore.com/italy-ukraine/bUbshUb#id:10752586,italy,block,No information,assisted,18.2,42.6,0,left-foot,low-centre,0,50.7,19,No information,No information,18,No information,1054,42.6,18.2,49.3,0,49.3,81,28,1646,shot
nicolo-barella,https://www.sofascore.com/italy-ukraine/bUbshUb#id:10752586,italy,save,No information,corner,25.9,48.8,0,right-foot,low-left,0,53.1,17.1,No information,No information,16,No information,904,48.8,25.9,46.9,0,46.9,82.9,30,1796,shot
georgiy-sudakov,https://www.sofascore.com/italy-ukraine/bUbshUb#id:10752586,ukraine,save,No information,regular,21.4,57.5,0,right-foot,low-left,0,52.9,1.9,No information,No information,14,No information,798,57.5,21.4,47.1,0,47.1,98.1,32,1902,shot
federico-chiesa,https://www.sofascore.com/italy-ukraine/bUbshUb#id:10752586,italy,miss,No information,corner,6,44.2,0,right-foot,close-high,0,49.9,48.6,No information,No information,6,No information,359,44.2,6,50.1,0,50.1,51.4,40,2341,shot
viktor-tsygankov,https://www.sofascore.com/italy-ukraine/bUbshUb#id:10752586,ukraine,save,No information,assisted,24.2,34.4,0,left-foot,low-centre,0,49,8.2,No information,No information,5,No information,255,34.4,24.2,51,0,51,91.8,41,2445,shot
giacomo-raspadori,https://www.sofascore.com/italy-ukraine/bUbshUb#id:10752586,italy,block,No information,assisted,17.9,54.6,0,right-foot,low-left,0,54.4,19,No information,No information,2,No information,105,54.6,17.9,45.6,0,45.6,81,44,2595,shot

bryan-gil,https://www.sofascore.com/italy-spain/YTbshUb#id:9212603,spain,block,No information,assisted,5.3,65.3,0,right-foot,low-right,0,46.4,19,No information,No information,90,2,5471,65.3,5.3,53.6,0,53.6,81,1,829,shot
lorenzo-pellegrini,https://www.sofascore.com/italy-spain/YTbshUb#id:9212603,italy,goal,regular,fast-break,4.3,53.7,0,right-foot,low-centre,0,49,1.3,No information,No information,83,No information,4942,53.7,4.3,51,0,51,98.7,8,458,shot
yeremy-pino,https://www.sofascore.com/italy-spain/YTbshUb#id:9212603,spain,block,No information,assisted,12.1,72.1,0,right-foot,low-centre,0,49.3,19,No information,No information,80,No information,4740,72.1,12.1,50.7,0,50.7,81,11,660,shot
bryan-gil,https://www.sofascore.com/italy-spain/YTbshUb#id:9212603,spain,block,No information,assisted,10.7,39.6,0,right-foot,low-centre,0,50.4,19,No information,No information,78,No information,4658,39.6,10.7,49.6,0,49.6,81,13,742,shot
marcos-alonso,https://www.sofascore.com/italy-spain/YTbshUb#id:9212603,spain,save,No information,assisted,11.5,39.7,0,left-foot,low-centre,0,48.5,3.2,No information,No information,78,No information,4653,39.7,11.5,51.5,0,51.5,96.8,13,747,shot
mikel-oyarzabal,https://www.sofascore.com/italy-spain/YTbshUb#id:9212603,spain,miss,No information,assisted,5.8,45.8,0,head,close-left,0,56.1,4.2,No information,No information,63,No information,3771,45.8,5.8,43.9,0,43.9,95.8,28,1629,shot
koke,https://www.sofascore.com/italy-spain/YTbshUb#id:9212603,spain,block,No information,assisted,13.6,38,0,right-foot,low-right,0,46.3,19,No information,No information,57,No information,3384,38,13.6,53.7,0,53.7,81,34,2016,shot
mikel-oyarzabal,https://www.sofascore.com/italy-spain/YTbshUb#id:9212603,spain,miss,No information,assisted,18.4,53.4,0,right-foot,right,0,34.5,2.8,No information,No information,55,No information,3252,53.4,18.4,65.5,0,65.5,97.2,36,2148,shot
ferran-torres,https://www.sofascore.com/italy-spain/YTbshUb#id:9212603,spain,goal,regular,assisted,4.3,52.6,0,head,low-left,0,54.2,5.1,No information,No information,45,2,2764,52.6,4.3,45.8,0,45.8,94.9,1,2636,shot
lorenzo-insigne,https://www.sofascore.com/italy-spain/YTbshUb#id:9212603,italy,save,No information,set-piece,6.5,32.8,0,right-foot,low-left,0,51.9,19.6,No information,No information,45,1,2708,32.8,6.5,48.1,0,48.1,80.4,1,2692,shot
lorenzo-insigne,https://www.sofascore.com/italy-spain/YTbshUb#id:9212603,italy,miss,No information,assisted,13.6,47,0,right-foot,right,0,38.8,36.1,No information,No information,35,No information,2073,47,13.6,61.2,0,61.2,63.9,11,627,shot
federico-bernardeschi,https://www.sofascore.com/italy-spain/YTbshUb#id:9212603,italy,save,No information,assisted,10,69,0,left-foot,low-right,0,45.9,12.7,No information,No information,34,No information,2025,69,10,54.1,0,54.1,87.3,12,675,shot
leonardo-bonucci,https://www.sofascore.com/italy-spain/YTbshUb#id:9212603,italy,miss,No information,regular,29.9,43.1,0,right-foot,high,0,55.8,83.3,No information,No information,30,No information,1793,43.1,29.9,44.2,0,44.2,16.7,16,907,shot
giovanni-di-lorenzo,https://www.sofascore.com/italy-spain/YTbshUb#id:9212603,italy,miss,No information,corner,2.5,37.9,0,head,left,0,59.8,13.9,No information,No information,28,No information,1624,37.9,2.5,40.2,0,40.2,86.1,18,1076,shot
marcos-alonso,https://www.sofascore.com/italy-spain/YTbshUb#id:9212603,spain,save,No information,regular,13.9,27.6,0,left-foot,high-left,0,54.3,23.4,No information,No information,19,No information,1090,27.6,13.9,45.7,0,45.7,76.6,27,1610,shot
sergio-busquets,https://www.sofascore.com/italy-spain/YTbshUb#id:9212603,spain,miss,No information,assisted,19.6,46.7,0,right-foot,left,0,60.8,6.9,No information,No information,19,No information,1088,46.7,19.6,39.2,0,39.2,93.1,27,1612,shot
mikel-oyarzabal,https://www.sofascore.com/italy-spain/YTbshUb#id:9212603,spain,block,No information,assisted,13.2,37.6,0,right-foot,low-centre,0,50.8,19,No information,No information,19,No information,1086,37.6,13.2,49.2,0,49.2,81,27,1614,shot
ferran-torres,https://www.sofascore.com/italy-spain/YTbshUb#id:9212603,spain,goal,regular,assisted,9.6,49.3,0,right-foot,low-right,0,45.5,10.8,No information,No information,17,No information,1005,49.3,9.6,54.5,0,54.5,89.2,29,1695,shot
mikel-oyarzabal,https://www.sofascore.com/italy-spain/YTbshUb#id:9212603,spain,block,No information,assisted,10.1,45.7,0,left-foot,low-right,0,47.7,11.1,No information,No information,13,No information,747,45.7,10.1,52.3,0,52.3,88.9,33,1953,shot
alessandro-bastoni,https://www.sofascore.com/italy-spain/YTbshUb#id:9212603,italy,save,No information,assisted,19.1,57.2,0,right-foot,high-right,0,47.3,29.1,No information,No information,6,No information,349,57.2,19.1,52.7,0,52.7,70.9,40,2351,shot
federico-chiesa,https://www.sofascore.com/italy-spain/YTbshUb#id:9212603,italy,save,No information,assisted,26.9,46.8,0,right-foot,low-left,0,53.7,13.3,No information,No information,5,No information,259,46.8,26.9,46.3,0,46.3,86.7,41,2441,shot
