Player,Game Link,Country,shotType,goalType,situation,X,Y,Z,bodyPart,goalMouthLocation,Goal Mouth X,Goal mouth Y,Goal Mouth Z,XG,XGOT,time,addedTime,timeSeconds,Start X,Start Y,End X,End Y,Goal X,Goal Y,reversedPeriodTime,reversedPeriodTimeSeconds,incidentType
yunus-musah,https://www.sofascore.com/usa-netherlands/fUbszUb#id:10230638,usa,block,No information,assisted,14.7,54.6,0,right-foot,low-right,0,48,19,No information,No information,90,4,5609,54.6,14.7,52,0,52,81,1,691,shot
giovanni-reyna,https://www.sofascore.com/usa-netherlands/fUbszUb#id:10230638,usa,block,No information,assisted,15.8,67.7,0,left-foot,low-right,0,46.2,19,No information,No information,89,No information,5328,67.7,15.8,53.8,0,53.8,81,2,72,shot
zimmerman-walker,https://www.sofascore.com/usa-netherlands/fUbszUb#id:10230638,usa,miss,No information,corner,13.1,54.4,0,right-foot,left,0,60.5,36.1,No information,No information,86,No information,5125,54.4,13.1,39.5,0,39.5,63.9,5,275,shot
denzel-dumfries,https://www.sofascore.com/usa-netherlands/fUbszUb#id:10230638,netherlands,goal,regular,assisted,7.6,54.7,0,left-foot,low-left,0,53,10.8,No information,No information,81,No information,4829,54.7,7.6,47,0,47,89.2,10,571,shot
christian-pulisic,https://www.sofascore.com/usa-netherlands/fUbszUb#id:10230638,usa,save,No information,assisted,19.5,29.7,0,left-foot,low-centre,0,50.8,3.2,No information,No information,79,No information,4687,29.7,19.5,49.2,0,49.2,96.8,12,713,shot
steven-bergwijn,https://www.sofascore.com/usa-netherlands/fUbszUb#id:10230638,netherlands,miss,No information,assisted,9,41.8,0,right-foot,left,0,59.3,9.7,No information,No information,78,No information,4641,41.8,9,40.7,0,40.7,90.3,13,759,shot
haji-wright,https://www.sofascore.com/usa-netherlands/fUbszUb#id:10230638,usa,goal,regular,assisted,4.4,56,0,right-foot,low-left,0,53.6,15.2,No information,No information,76,No information,4522,56,4.4,46.4,0,46.4,84.8,15,878,shot
haji-wright,https://www.sofascore.com/usa-netherlands/fUbszUb#id:10230638,usa,block,No information,regular,3.9,72.2,0,right-foot,low-right,0,46.7,6.9,No information,No information,75,No information,4454,72.2,3.9,53.3,0,53.3,93.1,16,946,shot
giovanni-reyna,https://www.sofascore.com/usa-netherlands/fUbszUb#id:10230638,usa,miss,No information,assisted,20.2,64.3,0,left-foot,high-left,0,75.5,47.2,No information,No information,74,No information,4393,64.3,20.2,24.5,0,24.5,52.8,17,1007,shot
memphis-depay,https://www.sofascore.com/usa-netherlands/fUbszUb#id:10230638,netherlands,save,No information,regular,5.3,42.7,0,head,low-centre,0,50.6,8.2,No information,No information,71,No information,4254,42.7,5.3,49.4,0,49.4,91.8,20,1146,shot
teun-koopmeiners,https://www.sofascore.com/usa-netherlands/fUbszUb#id:10230638,netherlands,save,No information,assisted,25.6,43.4,0,left-foot,low-left,0,52.6,3.8,No information,No information,71,No information,4252,43.4,25.6,47.4,0,47.4,96.2,20,1148,shot
virgil-van-dijk,https://www.sofascore.com/usa-netherlands/fUbszUb#id:10230638,netherlands,miss,No information,corner,8.7,47.6,0,head,close-high-right,0,42.9,52.8,No information,No information,71,No information,4210,47.6,8.7,57.1,0,57.1,47.2,20,1190,shot
weah-timothy,https://www.sofascore.com/usa-netherlands/fUbszUb#id:10230638,usa,block,No information,assisted,21.9,65,0,left-foot,low-left,0,52.2,19,No information,No information,63,No information,3761,65,21.9,47.8,0,47.8,81,28,1639,shot
memphis-depay,https://www.sofascore.com/usa-netherlands/fUbszUb#id:10230638,netherlands,save,No information,assisted,20.8,57.7,0,right-foot,high-centre,0,49,31,No information,No information,61,No information,3642,57.7,20.8,51,0,51,69,30,1758,shot
cody-gakpo,https://www.sofascore.com/usa-netherlands/fUbszUb#id:10230638,netherlands,block,No information,assisted,19.4,67.1,0,left-foot,high-left,0,52.8,33.3,No information,No information,61,No information,3639,67.1,19.4,47.2,0,47.2,66.7,30,1761,shot
weston-mckennie,https://www.sofascore.com/usa-netherlands/fUbszUb#id:10230638,usa,miss,No information,assisted,16.8,44.3,0,left-foot,high,0,46.6,69.4,No information,No information,54,No information,3180,44.3,16.8,53.4,0,53.4,30.6,37,2220,shot
christian-pulisic,https://www.sofascore.com/usa-netherlands/fUbszUb#id:10230638,usa,save,No information,assisted,21.7,31.6,0,right-foot,low-centre,0,51.1,1.3,No information,No information,53,No information,3120,31.6,21.7,48.9,0,48.9,98.7,38,2280,shot
sergino-dest,https://www.sofascore.com/usa-netherlands/fUbszUb#id:10230638,usa,miss,No information,assisted,17.9,73.4,0,left-foot,left,0,100,4.2,No information,No information,51,No information,3049,73.4,17.9,0,0,0,95.8,40,2351,shot
weston-mckennie,https://www.sofascore.com/usa-netherlands/fUbszUb#id:10230638,usa,save,No information,corner,11,42.9,0,head,low-centre,0,50.1,15.8,No information,No information,49,No information,2935,42.9,11,49.9,0,49.9,84.2,42,2465,shot
tim-ream,https://www.sofascore.com/usa-netherlands/fUbszUb#id:10230638,usa,block,No information,corner,3.2,45.5,0,left-foot,low-centre,0,49.6,19,No information,No information,49,No information,2926,45.5,3.2,50.4,0,50.4,81,42,2474,shot
weston-mckennie,https://www.sofascore.com/usa-netherlands/fUbszUb#id:10230638,usa,miss,No information,corner,10.4,47.6,0,head,left,0,60.5,6.9,No information,No information,49,No information,2925,47.6,10.4,39.5,0,39.5,93.1,42,2475,shot
daley-blind,https://www.sofascore.com/usa-netherlands/fUbszUb#id:10230638,netherlands,goal,regular,assisted,13,48,0,right-foot,low-left,0,52.3,4.4,No information,No information,45,1,2736,48,13,47.7,0,47.7,95.6,1,2664,shot
sergino-dest,https://www.sofascore.com/usa-netherlands/fUbszUb#id:10230638,usa,block,No information,assisted,14.2,60.8,0,right-foot,low-left,0,54.2,19,No information,No information,44,No information,2638,60.8,14.2,45.8,0,45.8,81,2,62,shot
weah-timothy,https://www.sofascore.com/usa-netherlands/fUbszUb#id:10230638,usa,save,No information,regular,21.2,71.1,0,right-foot,low-right,0,46.9,14.6,No information,No information,43,No information,2527,71.1,21.2,53.1,0,53.1,85.4,3,173,shot
memphis-depay,https://www.sofascore.com/usa-netherlands/fUbszUb#id:10230638,netherlands,miss,No information,assisted,12.7,80,0,right-foot,left,0,67.2,16.7,No information,No information,21,No information,1219,80,12.7,32.8,0,32.8,83.3,25,1481,shot
daley-blind,https://www.sofascore.com/usa-netherlands/fUbszUb#id:10230638,netherlands,miss,No information,assisted,14.6,34.9,0,left-foot,high,0,55.8,66.7,No information,No information,18,No information,1024,34.9,14.6,44.2,0,44.2,33.3,28,1676,shot
memphis-depay,https://www.sofascore.com/usa-netherlands/fUbszUb#id:10230638,netherlands,goal,regular,assisted,13.9,54.3,0,right-foot,low-left,0,53.5,5.1,No information,No information,10,No information,571,54.3,13.9,46.5,0,46.5,94.9,36,2129,shot
christian-pulisic,https://www.sofascore.com/usa-netherlands/fUbszUb#id:10230638,usa,save,No information,assisted,12.5,41.2,0,left-foot,low-right,0,48.1,2.5,No information,No information,3,No information,130,41.2,12.5,51.9,0,51.9,97.5,43,2570,shot

memphis-depay,https://www.sofascore.com/netherlands-turkey/aUbsfUb#id:9223752,netherlands,save,No information,penalty,11.5,50,0,right-foot,low-left,0,53.2,8.9,No information,No information,90,4,5637,50,11.5,46.8,0,46.8,91.1,1,663,shot
luuk-de-jong,https://www.sofascore.com/netherlands-turkey/aUbsfUb#id:9223752,netherlands,save,No information,corner,10.3,47.9,0,head,low-left,0,54,3.2,No information,No information,90,3,5572,47.9,10.3,46,0,46,96.8,1,728,shot
memphis-depay,https://www.sofascore.com/netherlands-turkey/aUbsfUb#id:9223752,netherlands,save,No information,regular,14.1,28,0,right-foot,high-right,0,47,24.7,No information,No information,90,3,5547,28,14.1,53,0,53,75.3,1,753,shot
patrick-van-aanholt,https://www.sofascore.com/netherlands-turkey/aUbsfUb#id:9223752,netherlands,save,No information,assisted,11.2,25.9,0,right-foot,low-left,0,52.6,7,No information,No information,89,No information,5338,25.9,11.2,47.4,0,47.4,93,2,62,shot
georginio-wijnaldum,https://www.sofascore.com/netherlands-turkey/aUbsfUb#id:9223752,netherlands,miss,No information,corner,10.5,51.8,0,right-foot,left,0,68.9,18.1,No information,No information,88,No information,5241,51.8,10.5,31.1,0,31.1,81.9,3,159,shot
georginio-wijnaldum,https://www.sofascore.com/netherlands-turkey/aUbsfUb#id:9223752,netherlands,block,No information,regular,22.4,45.2,0,left-foot,low-centre,0,50.6,19,No information,No information,88,No information,5220,45.2,22.4,49.4,0,49.4,81,3,180,shot
enes-unal,https://www.sofascore.com/netherlands-turkey/aUbsfUb#id:9223752,türkiye,save,No information,set-piece,9.4,56.4,0,head,low-centre,0,48.5,18.4,No information,No information,87,No information,5174,56.4,9.4,51.5,0,51.5,81.6,4,226,shot
burak-yilmaz,https://www.sofascore.com/netherlands-turkey/aUbsfUb#id:9223752,türkiye,goal,regular,free-kick,20.2,36.6,0,right-foot,high-right,0,45.9,29.7,No information,No information,81,No information,4820,36.6,20.2,54.1,0,54.1,70.3,10,580,shot
memphis-depay,https://www.sofascore.com/netherlands-turkey/aUbsfUb#id:9223752,netherlands,miss,No information,assisted,24.4,24.8,0,right-foot,high-right,0,34.6,59.7,No information,No information,78,No information,4635,24.8,24.4,65.4,0,65.4,40.3,13,765,shot
luuk-de-jong,https://www.sofascore.com/netherlands-turkey/aUbsfUb#id:9223752,netherlands,goal,regular,corner,3.2,46.7,0,other,low-left,0,53.8,2.5,No information,No information,76,No information,4538,46.7,3.2,46.2,0,46.2,97.5,15,862,shot
davy-klaassen,https://www.sofascore.com/netherlands-turkey/aUbsfUb#id:9223752,netherlands,goal,regular,assisted,9,43.7,0,left-foot,high-right,0,48.1,22.8,No information,No information,75,No information,4446,43.7,9,51.9,0,51.9,77.2,16,954,shot
burak-yilmaz,https://www.sofascore.com/netherlands-turkey/aUbsfUb#id:9223752,türkiye,miss,No information,assisted,24.3,72.1,0,right-foot,high-right,0,41,88.9,No information,No information,74,No information,4413,72.1,24.3,59,0,59,11.1,17,987,shot
taylan-antalyali,https://www.sofascore.com/netherlands-turkey/aUbsfUb#id:9223752,türkiye,miss,No information,corner,18.1,48.4,0,left-foot,high,0,55,100,No information,No information,64,No information,3837,48.4,18.1,45,0,45,0,27,1563,shot
ozan-tufan,https://www.sofascore.com/netherlands-turkey/aUbsfUb#id:9223752,türkiye,block,No information,fast-break,13.1,64.2,0,right-foot,low-centre,0,49.9,19,No information,No information,63,No information,3765,64.2,13.1,50.1,0,50.1,81,28,1635,shot
georginio-wijnaldum,https://www.sofascore.com/netherlands-turkey/aUbsfUb#id:9223752,netherlands,block,No information,assisted,11,64.5,0,right-foot,low-right,0,46.5,19,No information,No information,62,No information,3662,64.5,11,53.5,0,53.5,81,29,1738,shot
steven-berghuis,https://www.sofascore.com/netherlands-turkey/aUbsfUb#id:9223752,netherlands,block,No information,free-kick,19.6,67.1,0,left-foot,low-left,0,54.2,19,No information,No information,60,No information,3585,67.1,19.6,45.8,0,45.8,81,31,1815,shot
steven-berghuis,https://www.sofascore.com/netherlands-turkey/aUbsfUb#id:9223752,netherlands,miss,No information,free-kick,23.6,43.3,0,left-foot,close-left,0,56.1,31.9,No information,No information,58,No information,3447,43.3,23.6,43.9,0,43.9,68.1,33,1953,shot
matthijs-de-ligt,https://www.sofascore.com/netherlands-turkey/aUbsfUb#id:9223752,netherlands,miss,No information,corner,8.7,57.6,0,head,right,0,29.7,8.3,No information,No information,48,No information,2848,57.6,8.7,70.3,0,70.3,91.7,43,2552,shot
hakan-calhanoglu,https://www.sofascore.com/netherlands-turkey/aUbsfUb#id:9223752,türkiye,goal,regular,assisted,23.5,37.5,0,right-foot,low-right,0,45.7,8.2,No information,No information,46,No information,2731,37.5,23.5,54.3,0,54.3,91.8,45,2669,shot
matthijs-de-ligt,https://www.sofascore.com/netherlands-turkey/aUbsfUb#id:9223752,netherlands,post,No information,corner,6.3,47,0,head,left,0,55.1,22.2,No information,No information,45,No information,2655,47,6.3,44.9,0,44.9,77.8,1,45,shot
burak-yilmaz,https://www.sofascore.com/netherlands-turkey/aUbsfUb#id:9223752,türkiye,goal,penalty,penalty,11.5,50,0,right-foot,low-left,0,53.1,15.8,No information,No information,34,No information,2036,50,11.5,46.9,0,46.9,84.2,12,664,shot
memphis-depay,https://www.sofascore.com/netherlands-turkey/aUbsfUb#id:9223752,netherlands,block,No information,free-kick,22,46.3,0,right-foot,low-centre,0,51.3,19,No information,No information,32,No information,1911,46.3,22,48.7,0,48.7,81,14,789,shot
kenny-tete,https://www.sofascore.com/netherlands-turkey/aUbsfUb#id:9223752,netherlands,block,No information,corner,18.7,53.4,0,right-foot,low-centre,0,50.5,19,No information,No information,29,No information,1695,53.4,18.7,49.5,0,49.5,81,17,1005,shot
memphis-depay,https://www.sofascore.com/netherlands-turkey/aUbsfUb#id:9223752,netherlands,save,No information,free-kick,26.6,28.3,0,right-foot,low-centre,0,50.5,2.5,No information,No information,27,No information,1592,28.3,26.6,49.5,0,49.5,97.5,19,1108,shot
donyell-malen,https://www.sofascore.com/netherlands-turkey/aUbsfUb#id:9223752,netherlands,save,No information,assisted,15.1,45.8,0,right-foot,low-left,0,53.5,1.3,No information,No information,20,No information,1162,45.8,15.1,46.5,0,46.5,98.7,26,1538,shot
burak-yilmaz,https://www.sofascore.com/netherlands-turkey/aUbsfUb#id:9223752,türkiye,goal,regular,assisted,22.5,38.1,0,left-foot,low-left,0,54.2,8.9,No information,No information,15,No information,846,38.1,22.5,45.8,0,45.8,91.1,31,1854,shot
memphis-depay,https://www.sofascore.com/netherlands-turkey/aUbsfUb#id:9223752,netherlands,miss,No information,free-kick,26.5,19.8,0,right-foot,close-high,0,51.6,59.7,No information,No information,7,No information,374,19.8,26.5,48.4,0,48.4,40.3,39,2326,shot
donyell-malen,https://www.sofascore.com/netherlands-turkey/aUbsfUb#id:9223752,netherlands,save,No information,assisted,19.6,48.4,0,right-foot,low-centre,0,49.4,2.5,No information,No information,2,No information,73,48.4,19.6,50.6,0,50.6,97.5,44,2627,shot

wout-weghorst,https://www.sofascore.com/greece-netherlands/fUbskUb#id:10752463,netherlands,miss,No information,fast-break,11.3,30.5,0,left-foot,left,0,60.3,27.8,No information,No information,90,1,5452,30.5,11.3,39.7,0,39.7,72.2,1,848,shot
petros-mantalos,https://www.sofascore.com/greece-netherlands/fUbskUb#id:10752463,greece,miss,No information,assisted,12.4,46.6,0,head,left,0,64.5,13.9,No information,No information,84,No information,5001,46.6,12.4,35.5,0,35.5,86.1,7,399,shot
tijjani-reijnders,https://www.sofascore.com/greece-netherlands/fUbskUb#id:10752463,netherlands,save,No information,assisted,25.7,45,0,right-foot,low-left,0,52.8,3.8,No information,No information,83,No information,4976,45,25.7,47.2,0,47.2,96.2,8,424,shot
xavi-simons,https://www.sofascore.com/greece-netherlands/fUbskUb#id:10752463,netherlands,miss,No information,free-kick,23.2,68.6,0,right-foot,close-right,0,42.2,11.1,No information,No information,70,No information,4155,68.6,23.2,57.8,0,57.8,88.9,21,1245,shot
xavi-simons,https://www.sofascore.com/greece-netherlands/fUbskUb#id:10752463,netherlands,miss,No information,corner,17.5,55.5,0,right-foot,high,0,49.6,86.1,No information,No information,64,No information,3805,55.5,17.5,50.4,0,50.4,13.9,27,1595,shot
anastasios-bakasetas,https://www.sofascore.com/greece-netherlands/fUbskUb#id:10752463,greece,miss,No information,set-piece,18.5,28.2,0,left-foot,right,0,37.2,19,No information,No information,46,No information,2755,28.2,18.5,62.8,0,62.8,81,45,2645,shot
vangelis-pavlidis,https://www.sofascore.com/greece-netherlands/fUbskUb#id:10752463,greece,block,No information,assisted,19.8,40,0,right-foot,low-right,0,47.4,19,No information,No information,45,2,2808,40,19.8,52.6,0,52.6,81,1,2592,shot
anastasios-bakasetas,https://www.sofascore.com/greece-netherlands/fUbskUb#id:10752463,greece,save,No information,free-kick,8.3,83.9,0,left-foot,low-centre,0,49.3,15.2,No information,No information,43,No information,2579,83.9,8.3,50.7,0,50.7,84.8,3,121,shot
wout-weghorst,https://www.sofascore.com/greece-netherlands/fUbskUb#id:10752463,netherlands,goal,regular,assisted,8,49.1,0,head,low-right,0,46.4,10.1,No information,No information,39,No information,2282,49.1,8,53.6,0,53.6,89.9,7,418,shot
denzel-dumfries,https://www.sofascore.com/greece-netherlands/fUbskUb#id:10752463,netherlands,post,No information,assisted,22.5,47.4,0,right-foot,left,0,55.5,3.8,No information,No information,36,No information,2147,47.4,22.5,44.5,0,44.5,96.2,10,553,shot
dimitrios-kourbelis,https://www.sofascore.com/greece-netherlands/fUbskUb#id:10752463,greece,miss,No information,corner,8.3,43.4,0,head,right,0,30.6,5.6,No information,No information,35,No information,2083,43.4,8.3,69.4,0,69.4,94.4,11,617,shot
cody-gakpo,https://www.sofascore.com/greece-netherlands/fUbskUb#id:10752463,netherlands,goal,regular,assisted,8.8,43.5,0,right-foot,low-left,0,53.5,11.4,No information,No information,31,No information,1850,43.5,8.8,46.5,0,46.5,88.6,15,850,shot
wout-weghorst,https://www.sofascore.com/greece-netherlands/fUbskUb#id:10752463,netherlands,save,No information,assisted,15.7,51.8,0,right-foot,low-centre,0,50.6,13.9,No information,No information,30,No information,1747,51.8,15.7,49.4,0,49.4,86.1,16,953,shot
xavi-simons,https://www.sofascore.com/greece-netherlands/fUbskUb#id:10752463,netherlands,save,No information,assisted,20.4,68.4,0,right-foot,low-centre,0,49,18.4,No information,No information,28,No information,1674,68.4,20.4,51,0,51,81.6,18,1026,shot
marten-de-roon,https://www.sofascore.com/greece-netherlands/fUbskUb#id:10752463,netherlands,goal,regular,corner,9.5,47.4,0,right-foot,low-left,0,53.9,4.4,No information,No information,17,No information,967,47.4,9.5,46.1,0,46.1,95.6,29,1733,shot
denzel-dumfries,https://www.sofascore.com/greece-netherlands/fUbskUb#id:10752463,netherlands,block,No information,corner,8.5,59.1,0,head,low-left,0,52.1,19,No information,No information,17,No information,965,59.1,8.5,47.9,0,47.9,81,29,1735,shot
lazaros-rota,https://www.sofascore.com/greece-netherlands/fUbskUb#id:10752463,greece,miss,No information,regular,17.8,61.6,0,right-foot,left,0,99.8,30.6,No information,No information,14,No information,783,61.6,17.8,0.2,0,0.2,69.4,32,1917,shot
marten-de-roon,https://www.sofascore.com/greece-netherlands/fUbskUb#id:10752463,netherlands,miss,No information,corner,8.1,49.7,0,head,high-left,0,63.2,40.3,No information,No information,8,No information,450,49.7,8.1,36.8,0,36.8,59.7,38,2250,shot
nathan-ake,https://www.sofascore.com/greece-netherlands/fUbskUb#id:10752463,netherlands,block,No information,corner,7.4,55.2,0,head,low-centre,0,49.1,19,No information,No information,7,No information,400,55.2,7.4,50.9,0,50.9,81,39,2300,shot
wout-weghorst,https://www.sofascore.com/greece-netherlands/fUbskUb#id:10752463,netherlands,block,No information,assisted,22.4,63.7,0,left-foot,low-centre,0,49.5,19,No information,No information,6,No information,358,63.7,22.4,50.5,0,50.5,81,40,2342,shot

lautaro-martinez,https://www.sofascore.com/argentina-netherlands/fUbsuWb#id:10230639,argentina,goal,penalty,shootout,11.5,50,0,right-foot,low-left,0,53.7,16.5,No information,No information,128,No information,7661,50,11.5,46.3,0,46.3,83.5,8,439,shot
luuk-de-jong,https://www.sofascore.com/argentina-netherlands/fUbsuWb#id:10230639,netherlands,goal,penalty,shootout,11.5,50,0,right-foot,low-centre,0,51.6,1.9,No information,No information,127,No information,7599,50,11.5,48.4,0,48.4,98.1,9,501,shot
enzo-fernandez,https://www.sofascore.com/argentina-netherlands/fUbsuWb#id:10230639,argentina,miss,No information,shootout,11.5,50,0,right-foot,close-left,0,56.8,2.8,No information,No information,126,No information,7559,50,11.5,43.2,0,43.2,97.2,10,541,shot
wout-weghorst,https://www.sofascore.com/argentina-netherlands/fUbsuWb#id:10230639,netherlands,goal,penalty,shootout,11.5,50,0,right-foot,low-left,0,52.7,3.2,No information,No information,125,No information,7498,50,11.5,47.3,0,47.3,96.8,11,602,shot
gonzalo-montiel,https://www.sofascore.com/argentina-netherlands/fUbsuWb#id:10230639,argentina,goal,penalty,shootout,11.5,50,0,right-foot,low-right,0,47.6,13.3,No information,No information,125,No information,7454,50,11.5,52.4,0,52.4,86.7,11,646,shot
teun-koopmeiners,https://www.sofascore.com/argentina-netherlands/fUbsuWb#id:10230639,netherlands,goal,penalty,shootout,11.5,50,0,left-foot,low-right,0,47.4,10.8,No information,No information,124,No information,7410,50,11.5,52.6,0,52.6,89.2,12,690,shot
leandro-paredes,https://www.sofascore.com/argentina-netherlands/fUbsuWb#id:10230639,argentina,goal,penalty,shootout,11.5,50,0,right-foot,low-left,0,53.9,15.2,No information,No information,123,No information,7358,50,11.5,46.1,0,46.1,84.8,13,742,shot
steven-berghuis,https://www.sofascore.com/argentina-netherlands/fUbsuWb#id:10230639,netherlands,save,No information,shootout,11.5,50,0,left-foot,low-right,0,47.6,15.2,No information,No information,122,No information,7304,50,11.5,52.4,0,52.4,84.8,14,796,shot
lionel-messi,https://www.sofascore.com/argentina-netherlands/fUbsuWb#id:10230639,argentina,goal,penalty,shootout,11.5,50,0,left-foot,low-left,0,52,1.9,No information,No information,122,No information,7262,50,11.5,48,0,48,98.1,14,838,shot
virgil-van-dijk,https://www.sofascore.com/argentina-netherlands/fUbsuWb#id:10230639,netherlands,save,No information,shootout,11.5,50,0,right-foot,low-left,0,53.1,8.2,No information,No information,121,No information,7204,50,11.5,46.9,0,46.9,91.8,15,896,shot
enzo-fernandez,https://www.sofascore.com/argentina-netherlands/fUbsuWb#id:10230639,argentina,post,No information,corner,22.9,66.4,0,right-foot,left,0,55.2,3.2,No information,No information,120,1,7208,66.4,22.9,44.8,0,44.8,96.8,1,892,shot
lionel-messi,https://www.sofascore.com/argentina-netherlands/fUbsuWb#id:10230639,argentina,block,No information,assisted,22.2,52.6,0,left-foot,low-left,0,52.9,19,No information,No information,120,No information,7167,52.6,22.2,47.1,0,47.1,81,1,33,shot
lautaro-martinez,https://www.sofascore.com/argentina-netherlands/fUbsuWb#id:10230639,argentina,save,No information,assisted,21.9,48,0,left-foot,low-left,0,53.1,10.1,No information,No information,119,No information,7115,48,21.9,46.9,0,46.9,89.9,2,85,shot
german-pezzella,https://www.sofascore.com/argentina-netherlands/fUbsuWb#id:10230639,argentina,miss,No information,corner,8.7,45.2,0,head,close-high,0,51.9,59.7,No information,No information,116,No information,6952,45.2,8.7,48.1,0,48.1,40.3,5,248,shot
enzo-fernandez,https://www.sofascore.com/argentina-netherlands/fUbsuWb#id:10230639,argentina,block,No information,corner,24.5,54,0,left-foot,low-centre,0,49,19,No information,No information,115,No information,6893,54,24.5,51,0,51,81,6,307,shot
lautaro-martinez,https://www.sofascore.com/argentina-netherlands/fUbsuWb#id:10230639,argentina,block,No information,assisted,10.4,55.9,0,right-foot,low-centre,0,48.2,19,No information,No information,114,No information,6827,55.9,10.4,51.8,0,51.8,81,7,373,shot
luuk-de-jong,https://www.sofascore.com/argentina-netherlands/fUbsuWb#id:10230639,netherlands,block,No information,set-piece,9.6,33.4,0,left-foot,low-left,0,52,19,No information,No information,113,No information,6734,33.4,9.6,48,0,48,81,8,466,shot
lionel-messi,https://www.sofascore.com/argentina-netherlands/fUbsuWb#id:10230639,argentina,miss,No information,set-piece,19.1,67.6,0,left-foot,high-left,0,58.5,76.4,No information,No information,110,No information,6558,67.6,19.1,41.5,0,41.5,23.6,11,642,shot
wout-weghorst,https://www.sofascore.com/argentina-netherlands/fUbsuWb#id:10230639,netherlands,goal,regular,set-piece,8.2,46.4,0,left-foot,low-right,0,47.4,2.5,No information,No information,90,11,6032,46.4,8.2,52.6,0,52.6,97.5,1,268,shot
steven-berghuis,https://www.sofascore.com/argentina-netherlands/fUbsuWb#id:10230639,netherlands,block,No information,free-kick,21.4,44.4,0,left-foot,low-centre,0,50.1,19,No information,No information,90,3,5531,44.4,21.4,49.9,0,49.9,81,1,769,shot
steven-berghuis,https://www.sofascore.com/argentina-netherlands/fUbsuWb#id:10230639,netherlands,block,No information,regular,12.7,64.3,0,left-foot,high-centre,0,48.4,29.2,No information,No information,85,No information,5072,64.3,12.7,51.6,0,51.6,70.8,6,328,shot
wout-weghorst,https://www.sofascore.com/argentina-netherlands/fUbsuWb#id:10230639,netherlands,goal,regular,assisted,12.7,56.3,0,head,high-left,0,52.1,20.3,No information,No information,83,No information,4937,56.3,12.7,47.9,0,47.9,79.7,8,463,shot
lionel-messi,https://www.sofascore.com/argentina-netherlands/fUbsuWb#id:10230639,argentina,goal,penalty,penalty,11.5,50,0,left-foot,low-right,0,46.6,15.2,No information,No information,73,No information,4358,50,11.5,53.4,0,53.4,84.8,18,1042,shot
lionel-messi,https://www.sofascore.com/argentina-netherlands/fUbsuWb#id:10230639,argentina,miss,No information,free-kick,21.6,39.6,0,left-foot,close-high,0,46.4,52.8,No information,No information,63,No information,3747,39.6,21.6,53.6,0,53.6,47.2,28,1653,shot
lionel-messi,https://www.sofascore.com/argentina-netherlands/fUbsuWb#id:10230639,argentina,save,No information,assisted,14.4,41.6,0,right-foot,low-centre,0,51,2.5,No information,No information,40,No information,2349,41.6,14.4,49,0,49,97.5,6,351,shot
nahuel-molina,https://www.sofascore.com/argentina-netherlands/fUbsuWb#id:10230639,argentina,goal,regular,assisted,10.1,52.6,0,right-foot,low-left,0,53.1,2.5,No information,No information,35,No information,2044,52.6,10.1,46.9,0,46.9,97.5,11,656,shot
rodrigo-de-paul,https://www.sofascore.com/argentina-netherlands/fUbsuWb#id:10230639,argentina,save,No information,assisted,21.8,54.2,0,right-foot,low-centre,0,48.9,3.8,No information,No information,33,No information,1959,54.2,21.8,51.1,0,51.1,96.2,13,741,shot
steven-bergwijn,https://www.sofascore.com/argentina-netherlands/fUbsuWb#id:10230639,netherlands,miss,No information,assisted,18.2,45.6,0,left-foot,right,0,32.4,5.6,No information,No information,24,No information,1422,45.6,18.2,67.6,0,67.6,94.4,22,1278,shot
lionel-messi,https://www.sofascore.com/argentina-netherlands/fUbsuWb#id:10230639,argentina,miss,No information,assisted,21.9,65.1,0,left-foot,high-left,0,58.5,73.6,No information,No information,22,No information,1296,65.1,21.9,41.5,0,41.5,26.4,24,1404,shot
rodrigo-de-paul,https://www.sofascore.com/argentina-netherlands/fUbsuWb#id:10230639,argentina,block,No information,regular,18.1,66.5,0,right-foot,low-centre,0,49.2,19,No information,No information,5,No information,273,66.5,18.1,50.8,0,50.8,81,41,2427,shot

nathan-collins,https://www.sofascore.com/netherlands-ireland/TTbsfUb#id:10752574,ireland,miss,No information,set-piece,12.6,43.8,0,head,close-high,0,45.7,58.3,No information,No information,90,3,5539,43.8,12.6,54.3,0,54.3,41.7,1,761,shot
donyell-malen,https://www.sofascore.com/netherlands-ireland/TTbsfUb#id:10752574,netherlands,save,No information,assisted,11.4,71.7,0,right-foot,low-centre,0,48.5,2.5,No information,No information,88,No information,5223,71.7,11.4,51.5,0,51.5,97.5,3,177,shot
ryan-manning,https://www.sofascore.com/netherlands-ireland/TTbsfUb#id:10752574,ireland,block,No information,set-piece,22.5,53.7,0,left-foot,low-centre,0,51.1,19,No information,No information,87,No information,5202,53.7,22.5,48.9,0,48.9,81,4,198,shot
daley-blind,https://www.sofascore.com/netherlands-ireland/TTbsfUb#id:10752574,netherlands,miss,No information,corner,29.5,57.5,0,left-foot,high-left,0,63.2,56.9,No information,No information,77,No information,4590,57.5,29.5,36.8,0,36.8,43.1,14,810,shot
quilindschy-hartman,https://www.sofascore.com/netherlands-ireland/TTbsfUb#id:10752574,netherlands,block,No information,regular,14.9,32.7,0,left-foot,low-centre,0,51.4,19,No information,No information,76,No information,4531,32.7,14.9,48.6,0,48.6,81,15,869,shot
denzel-dumfries,https://www.sofascore.com/netherlands-ireland/TTbsfUb#id:10752574,netherlands,miss,No information,assisted,10.2,53.6,0,right-foot,right,0,0.5,4.2,No information,No information,68,No information,4077,53.6,10.2,99.5,0,99.5,95.8,23,1323,shot
virgil-van-dijk,https://www.sofascore.com/netherlands-ireland/TTbsfUb#id:10752574,netherlands,block,No information,corner,6.7,52.9,0,head,low-centre,0,49.7,19,No information,No information,64,No information,3794,52.9,6.7,50.3,0,50.3,81,27,1606,shot
cody-gakpo,https://www.sofascore.com/netherlands-ireland/TTbsfUb#id:10752574,netherlands,block,No information,assisted,17.6,46.1,0,right-foot,low-right,0,46.3,19,No information,No information,63,No information,3753,46.1,17.6,53.7,0,53.7,81,28,1647,shot
tijjani-reijnders,https://www.sofascore.com/netherlands-ireland/TTbsfUb#id:10752574,netherlands,save,No information,assisted,24.2,63.9,0,right-foot,low-left,0,54.2,6.3,No information,No information,52,No information,3073,63.9,24.2,45.8,0,45.8,93.7,39,2327,shot
wout-weghorst,https://www.sofascore.com/netherlands-ireland/TTbsfUb#id:10752574,netherlands,save,No information,assisted,9.2,51.1,0,right-foot,low-right,0,46.4,19,No information,No information,51,No information,3047,51.1,9.2,53.6,0,53.6,81,40,2353,shot
xavi-simons,https://www.sofascore.com/netherlands-ireland/TTbsfUb#id:10752574,netherlands,block,No information,assisted,21.3,46.7,0,right-foot,low-centre,0,49.2,19,No information,No information,49,No information,2936,46.7,21.3,50.8,0,50.8,81,42,2464,shot
xavi-simons,https://www.sofascore.com/netherlands-ireland/TTbsfUb#id:10752574,netherlands,block,No information,assisted,8.2,53.9,0,right-foot,low-centre,0,48.3,19,No information,No information,48,No information,2842,53.9,8.2,51.7,0,51.7,81,43,2558,shot
wout-weghorst,https://www.sofascore.com/netherlands-ireland/TTbsfUb#id:10752574,netherlands,block,No information,assisted,16.2,51.4,0,left-foot,low-left,0,53,19,No information,No information,45,1,2700,51.4,16.2,47,0,47,81,1,0,shot
tijjani-reijnders,https://www.sofascore.com/netherlands-ireland/TTbsfUb#id:10752574,netherlands,save,No information,assisted,11.5,30.8,0,left-foot,high-centre,0,51.8,28.5,No information,No information,44,No information,2638,30.8,11.5,48.2,0,48.2,71.5,2,62,shot
cody-gakpo,https://www.sofascore.com/netherlands-ireland/TTbsfUb#id:10752574,netherlands,block,No information,fast-break,15.8,38.3,0,right-foot,low-left,0,52.4,19,No information,No information,42,No information,2498,38.3,15.8,47.6,0,47.6,81,4,202,shot
cody-gakpo,https://www.sofascore.com/netherlands-ireland/TTbsfUb#id:10752574,netherlands,block,No information,free-kick,22.6,45.3,0,right-foot,low-right,0,47,19,No information,No information,41,No information,2407,45.3,22.6,53,0,53,81,5,293,shot
tijjani-reijnders,https://www.sofascore.com/netherlands-ireland/TTbsfUb#id:10752574,netherlands,miss,No information,assisted,22.2,58.8,0,left-foot,left,0,62.2,15.3,No information,No information,38,No information,2264,58.8,22.2,37.8,0,37.8,84.7,8,436,shot
cody-gakpo,https://www.sofascore.com/netherlands-ireland/TTbsfUb#id:10752574,netherlands,miss,No information,assisted,21.3,67.6,0,right-foot,high-right,0,41.8,63.9,No information,No information,37,No information,2177,67.6,21.3,58.2,0,58.2,36.1,9,523,shot
daley-blind,https://www.sofascore.com/netherlands-ireland/TTbsfUb#id:10752574,netherlands,block,No information,corner,18.8,34.4,0,right-foot,low-centre,0,50.1,19,No information,No information,36,No information,2116,34.4,18.8,49.9,0,49.9,81,10,584,shot
wout-weghorst,https://www.sofascore.com/netherlands-ireland/TTbsfUb#id:10752574,netherlands,goal,regular,assisted,13.5,68.1,0,right-foot,high-right,0,47.7,29.1,No information,No information,12,No information,660,68.1,13.5,52.3,0,52.3,70.9,34,2040,shot
xavi-simons,https://www.sofascore.com/netherlands-ireland/TTbsfUb#id:10752574,netherlands,miss,No information,assisted,18,57.8,0,right-foot,high-right,0,36.3,52.8,No information,No information,7,No information,377,57.8,18,63.7,0,63.7,47.2,39,2323,shot
alan-browne,https://www.sofascore.com/netherlands-ireland/TTbsfUb#id:10752574,ireland,save,No information,assisted,15.1,68.3,0,right-foot,low-centre,0,48.4,13.9,No information,No information,5,No information,295,68.3,15.1,51.6,0,51.6,86.1,41,2405,shot

steven-berghuis,https://www.sofascore.com/qatar-netherlands/fUbsRVb#id:10230538,netherlands,post,No information,assisted,15.8,73.5,0,left-foot,high,0,54.7,39.2,No information,No information,90,2,5482,73.5,15.8,45.3,0,45.3,60.8,1,818,shot
pedro-miguel,https://www.sofascore.com/qatar-netherlands/fUbsRVb#id:10230538,qatar,miss,No information,assisted,28.2,62.5,0,right-foot,left,0,65.2,6.9,No information,No information,88,No information,5252,62.5,28.2,34.8,0,34.8,93.1,3,148,shot
abdelaziz-hatem,https://www.sofascore.com/qatar-netherlands/fUbsRVb#id:10230538,qatar,save,No information,assisted,24.2,62.3,0,right-foot,low-left,0,53.6,1.3,No information,No information,77,No information,4571,62.3,24.2,46.4,0,46.4,98.7,14,829,shot
frenkie-de-jong,https://www.sofascore.com/qatar-netherlands/fUbsRVb#id:10230538,netherlands,goal,regular,regular,2.3,50.4,0,right-foot,high-right,0,48.1,27.2,No information,No information,49,No information,2935,50.4,2.3,51.9,0,51.9,72.8,42,2465,shot
memphis-depay,https://www.sofascore.com/qatar-netherlands/fUbsRVb#id:10230538,netherlands,save,No information,regular,2.6,45.4,0,right-foot,low-centre,0,51.6,13.3,No information,No information,49,No information,2933,45.4,2.6,48.4,0,48.4,86.7,42,2467,shot
memphis-depay,https://www.sofascore.com/qatar-netherlands/fUbsRVb#id:10230538,netherlands,miss,No information,assisted,23.9,60.2,0,right-foot,left,0,64,18.1,No information,No information,45,3,2872,60.2,23.9,36,0,36,81.9,1,2528,shot
ismael-mohammed,https://www.sofascore.com/qatar-netherlands/fUbsRVb#id:10230538,qatar,save,No information,regular,24.8,49.7,0,right-foot,low-centre,0,48.8,10.1,No information,No information,29,No information,1710,49.7,24.8,51.2,0,51.2,89.9,17,990,shot
cody-gakpo,https://www.sofascore.com/qatar-netherlands/fUbsRVb#id:10230538,netherlands,goal,regular,assisted,15.5,45.8,0,right-foot,low-right,0,46,4.4,No information,No information,26,No information,1555,45.8,15.5,54,0,54,95.6,20,1145,shot
memphis-depay,https://www.sofascore.com/qatar-netherlands/fUbsRVb#id:10230538,netherlands,block,No information,assisted,6.3,37.3,0,right-foot,low-left,0,52.9,19,No information,No information,26,No information,1514,37.3,6.3,47.1,0,47.1,81,20,1186,shot
abdelkarim-hassan,https://www.sofascore.com/qatar-netherlands/fUbsRVb#id:10230538,qatar,miss,No information,corner,9.5,56.1,0,right-foot,high,0,45.5,79.2,No information,No information,25,No information,1446,56.1,9.5,54.5,0,54.5,20.8,21,1254,shot
davy-klaassen,https://www.sofascore.com/qatar-netherlands/fUbsRVb#id:10230538,netherlands,miss,No information,corner,7.2,54.8,0,head,left,0,60.7,34.7,No information,No information,19,No information,1094,54.8,7.2,39.3,0,39.3,65.3,27,1606,shot
memphis-depay,https://www.sofascore.com/qatar-netherlands/fUbsRVb#id:10230538,netherlands,miss,No information,assisted,12.4,38.8,0,right-foot,high,0,44.7,70.8,No information,No information,14,No information,838,38.8,12.4,55.3,0,55.3,29.2,32,1862,shot
frenkie-de-jong,https://www.sofascore.com/qatar-netherlands/fUbsRVb#id:10230538,netherlands,block,No information,assisted,23.2,37.1,0,right-foot,low-right,0,46.6,19,No information,No information,14,No information,837,37.1,23.2,53.4,0,53.4,81,32,1863,shot
cody-gakpo,https://www.sofascore.com/qatar-netherlands/fUbsRVb#id:10230538,netherlands,block,No information,assisted,26.6,33.6,0,right-foot,low-right,0,47.2,19,No information,No information,7,No information,409,33.6,26.6,52.8,0,52.8,81,39,2291,shot
daley-blind,https://www.sofascore.com/qatar-netherlands/fUbsRVb#id:10230538,netherlands,miss,No information,regular,5.6,32.2,0,right-foot,high-left,0,61.5,66.7,No information,No information,4,No information,201,32.2,5.6,38.5,0,38.5,33.3,42,2499,shot
daley-blind,https://www.sofascore.com/qatar-netherlands/fUbsRVb#id:10230538,netherlands,save,No information,regular,5.3,34,0,right-foot,low-centre,0,50,1.9,No information,No information,4,No information,200,34,5.3,50,0,50,98.1,42,2500,shot
hassan-al-haydos,https://www.sofascore.com/qatar-netherlands/fUbsRVb#id:10230538,qatar,save,No information,regular,24.5,75.1,0,right-foot,low-centre,0,49.5,16.5,No information,No information,3,No information,164,75.1,24.5,50.5,0,50.5,83.5,43,2536,shot
memphis-depay,https://www.sofascore.com/qatar-netherlands/fUbsRVb#id:10230538,netherlands,miss,No information,assisted,3.6,66.4,0,right-foot,right,0,40.3,6.9,No information,No information,1,No information,33,66.4,3.6,59.7,0,59.7,93.1,45,2667,shot

nicola-zalewski,https://www.sofascore.com/netherlands-poland/dUbsfUb#id:12198302,poland,save,No information,assisted,26.3,34.4,0,right-foot,high-left,0,52.4,32.3,No information,No information,90,5,5686,34.4,26.3,47.6,0,47.6,67.7,1,614,shot
jakub-moder,https://www.sofascore.com/netherlands-poland/dUbsfUb#id:12198302,poland,save,No information,assisted,28.4,57.9,0,left-foot,low-right,0,47.1,3.2,No information,No information,90,2,5506,57.9,28.4,52.9,0,52.9,96.8,1,794,shot
jakub-piotrowski,https://www.sofascore.com/netherlands-poland/dUbsfUb#id:12198302,poland,miss,No information,regular,1.2,41.3,0,left-foot,close-left,0,58.7,4.2,No information,No information,89,No information,5327,41.3,1.2,41.3,0,41.3,95.8,2,73,shot
karol-swiderski,https://www.sofascore.com/netherlands-poland/dUbsfUb#id:12198302,poland,save,No information,assisted,7.1,46.2,0,left-foot,low-left,0,54.5,5.1,No information,No information,89,No information,5326,46.2,7.1,45.5,0,45.5,94.9,2,74,shot
wout-weghorst,https://www.sofascore.com/netherlands-poland/dUbsfUb#id:12198302,netherlands,goal,regular,regular,7.9,46.6,0,left-foot,low-left,0,53.4,3.2,No information,No information,83,No information,4961,46.6,7.9,46.6,0,46.6,96.8,8,439,shot
jakub-moder,https://www.sofascore.com/netherlands-poland/dUbsfUb#id:12198302,poland,miss,No information,corner,4,47.9,0,head,right,0,25.7,26.4,No information,No information,80,No information,4754,47.9,4,74.3,0,74.3,73.6,11,646,shot
stefan-de-vrij,https://www.sofascore.com/netherlands-poland/dUbsfUb#id:12198302,netherlands,miss,No information,corner,8.5,53.4,0,head,close-high,0,49.9,56.9,No information,No information,73,No information,4369,53.4,8.5,50.1,0,50.1,43.1,18,1031,shot
denzel-dumfries,https://www.sofascore.com/netherlands-poland/dUbsfUb#id:12198302,netherlands,miss,No information,assisted,8.3,70.1,0,right-foot,close-left,0,56.8,9.7,No information,No information,65,No information,3844,70.1,8.3,43.2,0,43.2,90.3,26,1556,shot
jakub-moder,https://www.sofascore.com/netherlands-poland/dUbsfUb#id:12198302,poland,miss,No information,assisted,9.9,42.4,0,right-foot,right,0,26.6,8.3,No information,No information,63,No information,3729,42.4,9.9,73.4,0,73.4,91.7,28,1671,shot
piotr-zielinski,https://www.sofascore.com/netherlands-poland/dUbsfUb#id:12198302,poland,save,No information,assisted,23.2,57.7,0,left-foot,low-centre,0,51,10.1,No information,No information,59,No information,3484,57.7,23.2,49,0,49,89.9,32,1916,shot
kiwior-jakub,https://www.sofascore.com/netherlands-poland/dUbsfUb#id:12198302,poland,save,No information,assisted,11.4,62,0,left-foot,low-right,0,45.8,3.8,No information,No information,58,No information,3475,62,11.4,54.2,0,54.2,96.2,33,1925,shot
xavi-simons,https://www.sofascore.com/netherlands-poland/dUbsfUb#id:12198302,netherlands,miss,No information,fast-break,12.5,64.4,0,right-foot,close-right,0,41.7,27.8,No information,No information,54,No information,3224,64.4,12.5,58.3,0,58.3,72.2,37,2176,shot
memphis-depay,https://www.sofascore.com/netherlands-poland/dUbsfUb#id:12198302,netherlands,miss,No information,assisted,31.8,42.3,0,right-foot,left,0,60.2,15.3,No information,No information,49,No information,2886,42.3,31.8,39.8,0,39.8,84.7,42,2514,shot
tijjani-reijnders,https://www.sofascore.com/netherlands-poland/dUbsfUb#id:12198302,netherlands,block,No information,assisted,20.4,67.1,0,right-foot,low-right,0,47.6,19,No information,No information,48,No information,2866,67.1,20.4,52.4,0,52.4,81,43,2534,shot
xavi-simons,https://www.sofascore.com/netherlands-poland/dUbsfUb#id:12198302,netherlands,block,No information,regular,22.9,63,0,right-foot,low-centre,0,49.6,19,No information,No information,48,No information,2855,63,22.9,50.4,0,50.4,81,43,2545,shot
memphis-depay,https://www.sofascore.com/netherlands-poland/dUbsfUb#id:12198302,netherlands,miss,No information,assisted,12.2,61.7,0,right-foot,close-left,0,58.3,4.2,No information,No information,45,1,2757,61.7,12.2,41.7,0,41.7,95.8,1,2643,shot
tijjani-reijnders,https://www.sofascore.com/netherlands-poland/dUbsfUb#id:12198302,netherlands,miss,No information,assisted,24.6,35.9,0,right-foot,high-right,0,38.3,81.9,No information,No information,45,No information,2695,35.9,24.6,61.7,0,61.7,18.1,1,5,shot
cody-gakpo,https://www.sofascore.com/netherlands-poland/dUbsfUb#id:12198302,netherlands,miss,No information,assisted,7,42.7,0,right-foot,high,0,50.6,63.9,No information,No information,42,No information,2504,42.7,7,49.4,0,49.4,36.1,4,196,shot
kiwior-jakub,https://www.sofascore.com/netherlands-poland/dUbsfUb#id:12198302,poland,save,No information,regular,9.7,28.9,0,left-foot,low-centre,0,49,3.8,No information,No information,32,No information,1885,28.9,9.7,51,0,51,96.2,14,815,shot
cody-gakpo,https://www.sofascore.com/netherlands-poland/dUbsfUb#id:12198302,netherlands,goal,regular,assisted,21.6,44,0,right-foot,low-centre,0,49.8,9.5,No information,No information,29,No information,1729,44,21.6,50.2,0,50.2,90.5,17,971,shot
cody-gakpo,https://www.sofascore.com/netherlands-poland/dUbsfUb#id:12198302,netherlands,miss,No information,assisted,18.7,26.6,0,right-foot,left,0,59.5,1.4,No information,No information,28,No information,1670,26.6,18.7,40.5,0,40.5,98.6,18,1030,shot
tijjani-reijnders,https://www.sofascore.com/netherlands-poland/dUbsfUb#id:12198302,netherlands,block,No information,assisted,1.8,39.7,0,head,low-centre,0,51.1,19,No information,No information,27,No information,1602,39.7,1.8,48.9,0,48.9,81,19,1098,shot
denzel-dumfries,https://www.sofascore.com/netherlands-poland/dUbsfUb#id:12198302,netherlands,miss,No information,assisted,8.5,53.8,0,head,left,0,61.7,12.5,No information,No information,27,No information,1600,53.8,8.5,38.3,0,38.3,87.5,19,1100,shot
memphis-depay,https://www.sofascore.com/netherlands-poland/dUbsfUb#id:12198302,netherlands,miss,No information,fast-break,7.9,68.5,0,right-foot,left,0,96.8,12.5,No information,No information,23,No information,1365,68.5,7.9,3.2,0,3.2,87.5,23,1335,shot
memphis-depay,https://www.sofascore.com/netherlands-poland/dUbsfUb#id:12198302,netherlands,miss,No information,assisted,14.7,51.1,0,right-foot,high,0,48.1,69.4,No information,No information,22,No information,1274,51.1,14.7,51.9,0,51.9,30.6,24,1426,shot
virgil-van-dijk,https://www.sofascore.com/netherlands-poland/dUbsfUb#id:12198302,netherlands,save,No information,corner,13.6,48.9,0,right-foot,low-centre,0,48.7,17.7,No information,No information,20,No information,1166,48.9,13.6,51.3,0,51.3,82.3,26,1534,shot
adam-buksa,https://www.sofascore.com/netherlands-poland/dUbsfUb#id:12198302,poland,goal,regular,corner,5.4,45.2,0,head,low-centre,0,49.2,11.4,No information,No information,16,No information,949,45.2,5.4,50.8,0,50.8,88.6,30,1751,shot
xavi-simons,https://www.sofascore.com/netherlands-poland/dUbsfUb#id:12198302,netherlands,miss,No information,assisted,20.3,75,0,right-foot,close-left,0,57.1,1.4,No information,No information,14,No information,813,75,20.3,42.9,0,42.9,98.6,32,1887,shot
adam-buksa,https://www.sofascore.com/netherlands-poland/dUbsfUb#id:12198302,poland,block,No information,assisted,10.8,69.3,0,right-foot,low-centre,0,50.4,19,No information,No information,10,No information,587,69.3,10.8,49.6,0,49.6,81,36,2113,shot
tijjani-reijnders,https://www.sofascore.com/netherlands-poland/dUbsfUb#id:12198302,netherlands,miss,No information,assisted,14.1,52.6,0,right-foot,close-right,0,43.2,6.9,No information,No information,9,No information,533,52.6,14.1,56.8,0,56.8,93.1,37,2167,shot
bartosz-salamon,https://www.sofascore.com/netherlands-poland/dUbsfUb#id:12198302,poland,miss,No information,fast-break,54.6,54.4,0,right-foot,left,0,72.1,2.8,No information,No information,8,No information,441,54.4,54.6,27.9,0,27.9,97.2,38,2259,shot
cody-gakpo,https://www.sofascore.com/netherlands-poland/dUbsfUb#id:12198302,netherlands,miss,No information,assisted,7.7,42.1,0,head,right,0,29.1,9.7,No information,No information,6,No information,301,42.1,7.7,70.9,0,70.9,90.3,40,2399,shot
cody-gakpo,https://www.sofascore.com/netherlands-poland/dUbsfUb#id:12198302,netherlands,save,No information,regular,8.6,28.9,0,right-foot,low-left,0,54.2,1.3,No information,No information,2,No information,104,28.9,8.6,45.8,0,45.8,98.7,44,2596,shot

ivan-perisic,https://www.sofascore.com/croatia-netherlands/fUbspUb#id:11014034,croatia,miss,No information,free-kick,27.5,68.8,0,left-foot,high-right,0,43.7,70.8,No information,No information,120,1,7207,68.8,27.5,56.3,0,56.3,29.2,1,893,shot
luka-modric,https://www.sofascore.com/croatia-netherlands/fUbspUb#id:11014034,croatia,goal,penalty,penalty,11.5,50,0,right-foot,low-right,0,46.8,13.3,No information,No information,116,No information,6958,50,11.5,53.2,0,53.2,86.7,5,242,shot
mario-pasalic,https://www.sofascore.com/croatia-netherlands/fUbspUb#id:11014034,croatia,post,No information,regular,9.6,55.5,0,right-foot,high,0,49.2,39.2,No information,No information,114,No information,6831,55.5,9.6,50.8,0,50.8,60.8,7,369,shot
marcelo-brozovic,https://www.sofascore.com/croatia-netherlands/fUbspUb#id:11014034,croatia,block,No information,assisted,9.8,45.4,0,left-foot,low-centre,0,50.6,19,No information,No information,114,No information,6827,45.4,9.8,49.4,0,49.4,81,7,373,shot
noa-lang,https://www.sofascore.com/croatia-netherlands/fUbspUb#id:11014034,netherlands,miss,No information,regular,5.7,36.8,0,right-foot,close-left,0,57,18.1,No information,No information,110,No information,6593,36.8,5.7,43,0,43,81.9,11,607,shot
steven-bergwijn,https://www.sofascore.com/croatia-netherlands/fUbspUb#id:11014034,netherlands,save,No information,assisted,6.5,68.2,0,right-foot,low-centre,0,48.7,3.8,No information,No information,110,No information,6592,68.2,6.5,51.3,0,51.3,96.2,11,608,shot
nikola-vlasic,https://www.sofascore.com/croatia-netherlands/fUbspUb#id:11014034,croatia,save,No information,set-piece,12.2,59.8,0,right-foot,low-centre,0,51.1,3.8,No information,No information,108,No information,6473,59.8,12.2,48.9,0,48.9,96.2,13,727,shot
virgil-van-dijk,https://www.sofascore.com/croatia-netherlands/fUbspUb#id:11014034,netherlands,block,No information,corner,12,50.3,0,head,low-centre,0,49.2,19,No information,No information,105,2,6373,50.3,12,50.8,0,50.8,81,1,827,shot
bruno-petkovic,https://www.sofascore.com/croatia-netherlands/fUbspUb#id:11014034,croatia,goal,regular,assisted,27.4,39.1,0,right-foot,low-left,0,53.4,8.2,No information,No information,98,No information,5865,39.1,27.4,46.6,0,46.6,91.8,8,435,shot
domagoj-vida,https://www.sofascore.com/croatia-netherlands/fUbspUb#id:11014034,croatia,miss,No information,corner,7.8,48.2,0,head,right,0,30.9,5.6,No information,No information,94,No information,5639,48.2,7.8,69.1,0,69.1,94.4,12,661,shot
noa-lang,https://www.sofascore.com/croatia-netherlands/fUbspUb#id:11014034,netherlands,goal,regular,regular,12.1,56.7,0,right-foot,high-centre,0,51.6,25.9,No information,No information,90,6,5720,56.7,12.1,48.4,0,48.4,74.1,1,580,shot
nathan-ake,https://www.sofascore.com/croatia-netherlands/fUbspUb#id:11014034,netherlands,save,No information,corner,9.1,46.4,0,left-foot,low-centre,0,50,13.3,No information,No information,90,3,5546,46.4,9.1,50,0,50,86.7,1,754,shot
cody-gakpo,https://www.sofascore.com/croatia-netherlands/fUbspUb#id:11014034,netherlands,miss,No information,regular,13.1,52,0,right-foot,close-left,0,58,5.6,No information,No information,90,1,5428,52,13.1,42,0,42,94.4,1,872,shot
nikola-vlasic,https://www.sofascore.com/croatia-netherlands/fUbspUb#id:11014034,croatia,miss,No information,assisted,19.1,34.3,0,right-foot,right,0,39.2,9.7,No information,No information,85,No information,5047,34.3,19.1,60.8,0,60.8,90.3,6,353,shot
virgil-van-dijk,https://www.sofascore.com/croatia-netherlands/fUbspUb#id:11014034,netherlands,save,No information,throw-in-set-piece,9.6,57.2,0,head,low-centre,0,48.4,8.2,No information,No information,81,No information,4810,57.2,9.6,51.6,0,51.6,91.8,10,590,shot
mario-pasalic,https://www.sofascore.com/croatia-netherlands/fUbspUb#id:11014034,croatia,goal,regular,assisted,9.2,50,0,left-foot,low-right,0,48,4.4,No information,No information,72,No information,4318,50,9.2,52,0,52,95.6,19,1082,shot
cody-gakpo,https://www.sofascore.com/croatia-netherlands/fUbspUb#id:11014034,netherlands,save,No information,assisted,10.4,31,0,right-foot,low-centre,0,51.3,2.5,No information,No information,69,No information,4089,31,10.4,48.7,0,48.7,97.5,22,1311,shot
luka-ivanusec,https://www.sofascore.com/croatia-netherlands/fUbspUb#id:11014034,croatia,block,No information,assisted,12.8,29.9,0,right-foot,low-left,0,53.4,19,No information,No information,61,No information,3654,29.9,12.8,46.6,0,46.6,81,30,1746,shot
mats-wieffer,https://www.sofascore.com/croatia-netherlands/fUbspUb#id:11014034,netherlands,miss,No information,assisted,19.5,35.9,0,right-foot,high,0,46.9,76.4,No information,No information,57,No information,3387,35.9,19.5,53.1,0,53.1,23.6,34,2013,shot
andrej-kramaric,https://www.sofascore.com/croatia-netherlands/fUbspUb#id:11014034,croatia,goal,penalty,penalty,11.5,50,0,right-foot,low-centre,0,49.8,15.8,No information,No information,55,No information,3256,50,11.5,50.2,0,50.2,84.2,36,2144,shot
donyell-malen,https://www.sofascore.com/croatia-netherlands/fUbspUb#id:11014034,netherlands,block,No information,assisted,12.5,63.7,0,left-foot,low-left,0,53.1,19,No information,No information,45,No information,2647,63.7,12.5,46.9,0,46.9,81,1,53,shot
donyell-malen,https://www.sofascore.com/croatia-netherlands/fUbspUb#id:11014034,netherlands,goal,regular,assisted,10.6,60.9,0,right-foot,low-left,0,54.4,7.6,No information,No information,34,No information,2013,60.9,10.6,45.6,0,45.6,92.4,12,687,shot
teun-koopmeiners,https://www.sofascore.com/croatia-netherlands/fUbspUb#id:11014034,netherlands,miss,No information,assisted,9.8,30.4,0,left-foot,high,0,48.1,68.1,No information,No information,31,No information,1846,30.4,9.8,51.9,0,51.9,31.9,15,854,shot
andrej-kramaric,https://www.sofascore.com/croatia-netherlands/fUbspUb#id:11014034,croatia,miss,No information,corner,10.7,32.8,0,right-foot,close-high-right,0,41.3,55.6,No information,No information,31,No information,1826,32.8,10.7,58.7,0,58.7,44.4,15,874,shot
marcelo-brozovic,https://www.sofascore.com/croatia-netherlands/fUbspUb#id:11014034,croatia,block,No information,assisted,20.1,51,0,right-foot,low-centre,0,50.1,19,No information,No information,27,No information,1612,51,20.1,49.9,0,49.9,81,19,1088,shot
cody-gakpo,https://www.sofascore.com/croatia-netherlands/fUbspUb#id:11014034,netherlands,miss,No information,throw-in-set-piece,8.7,62,0,head,close-right,0,43,25,No information,No information,26,No information,1555,62,8.7,57,0,57,75,20,1145,shot
luka-modric,https://www.sofascore.com/croatia-netherlands/fUbspUb#id:11014034,croatia,block,No information,assisted,23.1,30.1,0,right-foot,low-left,0,51.9,19,No information,No information,24,No information,1395,30.1,23.1,48.1,0,48.1,81,22,1305,shot
mats-wieffer,https://www.sofascore.com/croatia-netherlands/fUbspUb#id:11014034,netherlands,block,No information,corner,9.1,59.2,0,head,low-centre,0,49.5,19,No information,No information,9,No information,513,59.2,9.1,50.5,0,50.5,81,37,2187,shot

dodi-lukebakio,https://www.sofascore.com/belgium-netherlands/fUbsrUb#id:10023378,belgium,post,No information,assisted,7.6,48.4,0,left-foot,right,0,44.7,34.2,No information,No information,90,5,5671,48.4,7.6,55.3,0,55.3,65.8,1,629,shot
steven-bergwijn,https://www.sofascore.com/belgium-netherlands/fUbsrUb#id:10023378,netherlands,save,No information,assisted,6.5,56.1,0,right-foot,low-centre,0,50.8,15.2,No information,No information,90,No information,5349,56.1,6.5,49.2,0,49.2,84.8,1,51,shot
davy-klaassen,https://www.sofascore.com/belgium-netherlands/fUbsrUb#id:10023378,netherlands,save,No information,assisted,9.7,61,0,right-foot,low-centre,0,50.7,9.5,No information,No information,87,No information,5214,61,9.7,49.3,0,49.3,90.5,4,186,shot
timothy-castagne,https://www.sofascore.com/belgium-netherlands/fUbsrUb#id:10023378,belgium,miss,No information,assisted,5.5,68.5,0,right-foot,left,0,66.1,4.2,No information,No information,78,No information,4674,68.5,5.5,33.9,0,33.9,95.8,13,726,shot
steven-bergwijn,https://www.sofascore.com/belgium-netherlands/fUbsrUb#id:10023378,netherlands,miss,No information,assisted,9.3,60.7,0,right-foot,close-right,0,43.7,36.1,No information,No information,76,No information,4514,60.7,9.3,56.3,0,56.3,63.9,15,886,shot
yannick-carrasco,https://www.sofascore.com/belgium-netherlands/fUbsrUb#id:10023378,belgium,miss,No information,assisted,21.1,28.9,0,right-foot,right,0,38.8,15.3,No information,No information,75,No information,4483,28.9,21.1,61.2,0,61.2,84.7,16,917,shot
virgil-van-dijk,https://www.sofascore.com/belgium-netherlands/fUbsrUb#id:10023378,netherlands,goal,regular,corner,4.4,52.6,0,head,low-left,0,52.8,10.1,No information,No information,73,No information,4371,52.6,4.4,47.2,0,47.2,89.9,18,1029,shot
steven-bergwijn,https://www.sofascore.com/belgium-netherlands/fUbsrUb#id:10023378,netherlands,save,No information,fast-break,13.8,34.7,0,right-foot,low-centre,0,51.2,5.7,No information,No information,72,No information,4271,34.7,13.8,48.8,0,48.8,94.3,19,1129,shot
amadou-onana,https://www.sofascore.com/belgium-netherlands/fUbsrUb#id:10023378,belgium,save,No information,assisted,3.3,57.5,0,right-foot,low-left,0,52.8,17.7,No information,No information,66,No information,3955,57.5,3.3,47.2,0,47.2,82.3,25,1445,shot
yannick-carrasco,https://www.sofascore.com/belgium-netherlands/fUbsrUb#id:10023378,belgium,block,No information,assisted,10.9,34.2,0,left-foot,low-right,0,47.7,19,No information,No information,61,No information,3616,34.2,10.9,52.3,0,52.3,81,30,1784,shot
kevin-de-bruyne,https://www.sofascore.com/belgium-netherlands/fUbsrUb#id:10023378,belgium,block,No information,assisted,18.7,61.7,0,left-foot,low-right,0,48.2,19,No information,No information,60,No information,3555,61.7,18.7,51.8,0,51.8,81,31,1845,shot
jurrien-timber,https://www.sofascore.com/belgium-netherlands/fUbsrUb#id:10023378,netherlands,miss,No information,corner,7.3,40.2,0,other,left,0,69.9,18.1,No information,No information,53,No information,3132,40.2,7.3,30.1,0,30.1,81.9,38,2268,shot
kenneth-taylor,https://www.sofascore.com/belgium-netherlands/fUbsrUb#id:10023378,netherlands,block,No information,assisted,9.4,27,0,left-foot,low-centre,0,50.3,19,No information,No information,52,No information,3103,27,9.4,49.7,0,49.7,81,39,2297,shot
denzel-dumfries,https://www.sofascore.com/belgium-netherlands/fUbsrUb#id:10023378,netherlands,save,No information,assisted,4.7,69,0,right-foot,low-left,0,52.8,4.4,No information,No information,49,No information,2938,69,4.7,47.2,0,47.2,95.6,42,2462,shot
cody-gakpo,https://www.sofascore.com/belgium-netherlands/fUbsrUb#id:10023378,netherlands,block,No information,assisted,13.7,57.9,0,left-foot,low-left,0,52.9,19,No information,No information,45,No information,2667,57.9,13.7,47.1,0,47.1,81,1,33,shot
vincent-janssen,https://www.sofascore.com/belgium-netherlands/fUbsrUb#id:10023378,netherlands,miss,No information,corner,8.8,28.9,0,left-foot,left,0,67.1,20.8,No information,No information,44,No information,2630,28.9,8.8,32.9,0,32.9,79.2,2,70,shot
marten-de-roon,https://www.sofascore.com/belgium-netherlands/fUbsrUb#id:10023378,netherlands,block,No information,corner,18.8,52.1,0,right-foot,low-centre,0,49.7,19,No information,No information,44,No information,2626,52.1,18.8,50.3,0,50.3,81,2,74,shot
amadou-onana,https://www.sofascore.com/belgium-netherlands/fUbsrUb#id:10023378,belgium,save,No information,regular,20.2,55.7,0,left-foot,high-centre,0,51.3,31.6,No information,No information,37,No information,2190,55.7,20.2,48.7,0,48.7,68.4,9,510,shot
timothy-castagne,https://www.sofascore.com/belgium-netherlands/fUbsrUb#id:10023378,belgium,miss,No information,regular,19.1,46.6,0,right-foot,high-right,0,39.3,80.6,No information,No information,34,No information,2010,46.6,19.1,60.7,0,60.7,19.4,12,690,shot
axel-witsel,https://www.sofascore.com/belgium-netherlands/fUbsrUb#id:10023378,belgium,save,No information,set-piece,8.7,48.5,0,right-foot,low-centre,0,51.5,10.8,No information,No information,32,No information,1884,48.5,8.7,48.5,0,48.5,89.2,14,816,shot
denzel-dumfries,https://www.sofascore.com/belgium-netherlands/fUbsrUb#id:10023378,netherlands,miss,No information,assisted,12.7,52.1,0,left-foot,high,0,53.9,66.7,No information,No information,29,No information,1715,52.1,12.7,46.1,0,46.1,33.3,17,985,shot
vincent-janssen,https://www.sofascore.com/belgium-netherlands/fUbsrUb#id:10023378,netherlands,miss,No information,regular,25.5,62.9,0,right-foot,close-left,0,59.2,27.8,No information,No information,17,No information,964,62.9,25.5,40.8,0,40.8,72.2,29,1736,shot
michy-batshuayi,https://www.sofascore.com/belgium-netherlands/fUbsrUb#id:10023378,belgium,save,No information,assisted,11,33.2,0,left-foot,low-centre,0,50.3,15.8,No information,No information,14,No information,796,33.2,11,49.7,0,49.7,84.2,32,1904,shot
eden-hazard,https://www.sofascore.com/belgium-netherlands/fUbsrUb#id:10023378,belgium,miss,No information,assisted,15.2,53.4,0,right-foot,high,0,48.9,86.1,No information,No information,4,No information,217,53.4,15.2,51.1,0,51.1,13.9,42,2483,shot

rodriguez-kevin,https://www.sofascore.com/ecuador-netherlands/fUbshVb#id:10230529,ecuador,save,No information,throw-in-set-piece,12.8,46.2,0,head,low-left,0,52.4,13.3,No information,No information,90,2,5515,46.2,12.8,47.6,0,47.6,86.7,1,785,shot
angelo-preciado,https://www.sofascore.com/ecuador-netherlands/fUbshVb#id:10230529,ecuador,block,No information,throw-in-set-piece,19.2,48.5,0,head,low-centre,0,50.8,19,No information,No information,90,2,5514,48.5,19.2,49.2,0,49.2,81,1,786,shot
angelo-preciado,https://www.sofascore.com/ecuador-netherlands/fUbshVb#id:10230529,ecuador,miss,No information,corner,22.9,71.5,0,right-foot,high-right,0,42.7,93.1,No information,No information,81,No information,4821,71.5,22.9,57.3,0,57.3,6.9,10,579,shot
moises-caicedo,https://www.sofascore.com/ecuador-netherlands/fUbshVb#id:10230529,ecuador,block,No information,regular,15.5,35.6,0,right-foot,low-centre,0,48.4,19,No information,No information,73,No information,4353,35.6,15.5,51.6,0,51.6,81,18,1047,shot
teun-koopmeiners,https://www.sofascore.com/ecuador-netherlands/fUbshVb#id:10230529,netherlands,miss,No information,assisted,22.5,49.1,0,left-foot,high-left,0,63.2,81.9,No information,No information,66,No information,3912,49.1,22.5,36.8,0,36.8,18.1,25,1488,shot
michael-estrada,https://www.sofascore.com/ecuador-netherlands/fUbshVb#id:10230529,ecuador,miss,No information,assisted,14.3,48.8,0,left-foot,right,0,39.3,1.4,No information,No information,64,No information,3798,48.8,14.3,60.7,0,60.7,98.6,27,1602,shot
gonzalo-plata,https://www.sofascore.com/ecuador-netherlands/fUbshVb#id:10230529,ecuador,post,No information,regular,14.2,65.4,0,left-foot,high,0,53.2,39.2,No information,No information,59,No information,3528,65.4,14.2,46.8,0,46.8,60.8,32,1872,shot
enner-valencia,https://www.sofascore.com/ecuador-netherlands/fUbshVb#id:10230529,ecuador,block,No information,assisted,15.6,49,0,right-foot,low-centre,0,48.5,19,No information,No information,59,No information,3526,49,15.6,51.5,0,51.5,81,32,1874,shot
enner-valencia,https://www.sofascore.com/ecuador-netherlands/fUbshVb#id:10230529,ecuador,goal,regular,regular,2.8,49.1,0,right-foot,low-centre,0,49,12.7,No information,No information,49,No information,2924,49.1,2.8,51,0,51,87.3,42,2476,shot
pervis-estupinan,https://www.sofascore.com/ecuador-netherlands/fUbshVb#id:10230529,ecuador,save,No information,assisted,11.8,33.9,0,left-foot,low-centre,0,51,0.6,No information,No information,49,No information,2923,33.9,11.8,49,0,49,99.4,42,2477,shot
angelo-preciado,https://www.sofascore.com/ecuador-netherlands/fUbshVb#id:10230529,ecuador,block,No information,corner,19.4,70.4,0,right-foot,low-left,0,52.1,5.6,No information,No information,45,3,2868,70.4,19.4,47.9,0,47.9,94.4,1,2532,shot
enner-valencia,https://www.sofascore.com/ecuador-netherlands/fUbshVb#id:10230529,ecuador,block,No information,set-piece,8.7,58.8,0,head,low-centre,0,49.8,19,No information,No information,45,2,2809,58.8,8.7,50.2,0,50.2,81,1,2591,shot
enner-valencia,https://www.sofascore.com/ecuador-netherlands/fUbshVb#id:10230529,ecuador,save,No information,assisted,19.5,31.7,0,right-foot,low-left,0,54.2,11.4,No information,No information,32,No information,1913,31.7,19.5,45.8,0,45.8,88.6,14,787,shot
michael-estrada,https://www.sofascore.com/ecuador-netherlands/fUbshVb#id:10230529,ecuador,miss,No information,assisted,7.5,41.8,0,left-foot,right,0,0.7,6.9,No information,No information,27,No information,1615,41.8,7.5,99.3,0,99.3,93.1,19,1085,shot
moises-caicedo,https://www.sofascore.com/ecuador-netherlands/fUbshVb#id:10230529,ecuador,block,No information,regular,24.6,49.4,0,right-foot,low-centre,0,50.3,19,No information,No information,24,No information,1412,49.4,24.6,49.7,0,49.7,81,22,1288,shot
enner-valencia,https://www.sofascore.com/ecuador-netherlands/fUbshVb#id:10230529,ecuador,block,No information,set-piece,12.4,32.2,0,left-foot,low-centre,0,48.5,19,No information,No information,11,No information,639,32.2,12.4,51.5,0,51.5,81,35,2061,shot
cody-gakpo,https://www.sofascore.com/ecuador-netherlands/fUbshVb#id:10230529,netherlands,goal,regular,assisted,18.1,35.5,0,left-foot,low-left,0,53.6,19,No information,No information,6,No information,303,35.5,18.1,46.4,0,46.4,81,40,2397,shot

youssouf-fofana,https://www.sofascore.com/netherlands-france/GObsfUb#id:10752516,france,save,No information,assisted,27.7,40.6,0,right-foot,high-left,0,53.3,24.7,No information,No information,90,6,5732,40.6,27.7,46.7,0,46.7,75.3,1,568,shot
marcus-thuram,https://www.sofascore.com/netherlands-france/GObsfUb#id:10752516,france,block,No information,assisted,16.2,51.5,0,right-foot,low-centre,0,51.2,19,No information,No information,90,5,5696,51.5,16.2,48.8,0,48.8,81,1,604,shot
olivier-giroud,https://www.sofascore.com/netherlands-france/GObsfUb#id:10752516,france,miss,No information,assisted,23.2,42.6,0,left-foot,high,0,48.6,77.8,No information,No information,90,3,5535,42.6,23.2,51.4,0,51.4,22.2,1,765,shot
marcus-thuram,https://www.sofascore.com/netherlands-france/GObsfUb#id:10752516,france,save,No information,assisted,18.2,53.6,0,left-foot,low-left,0,53.6,14.6,No information,No information,87,No information,5206,53.6,18.2,46.4,0,46.4,85.4,4,194,shot
kylian-mbappe,https://www.sofascore.com/netherlands-france/GObsfUb#id:10752516,france,post,No information,assisted,16.7,67.4,0,right-foot,high,0,51.7,39.2,No information,No information,86,No information,5134,67.4,16.7,48.3,0,48.3,60.8,5,266,shot
quilindschy-hartman,https://www.sofascore.com/netherlands-france/GObsfUb#id:10752516,netherlands,goal,regular,assisted,3.6,33.8,0,left-foot,low-left,0,52.7,2.5,No information,No information,83,No information,4968,33.8,3.6,47.3,0,47.3,97.5,8,432,shot
donyell-malen,https://www.sofascore.com/netherlands-france/GObsfUb#id:10752516,netherlands,miss,No information,assisted,18.1,67,0,left-foot,close-left,0,59.2,27.8,No information,No information,81,No information,4846,67,18.1,40.8,0,40.8,72.2,10,554,shot
quilindschy-hartman,https://www.sofascore.com/netherlands-france/GObsfUb#id:10752516,netherlands,miss,No information,assisted,11.1,39.3,0,head,high-right,0,43.5,77.8,No information,No information,77,No information,4570,39.3,11.1,56.5,0,56.5,22.2,14,830,shot
kingsley-coman,https://www.sofascore.com/netherlands-france/GObsfUb#id:10752516,france,block,No information,assisted,12,68.3,0,right-foot,low-centre,0,50.5,19,No information,No information,69,No information,4133,68.3,12,49.5,0,49.5,81,22,1267,shot
randal-kolo-muani,https://www.sofascore.com/netherlands-france/GObsfUb#id:10752516,france,block,No information,assisted,22.2,48.5,0,right-foot,low-centre,0,49.4,19,No information,No information,64,No information,3828,48.5,22.2,50.6,0,50.6,81,27,1572,shot
kylian-mbappe,https://www.sofascore.com/netherlands-france/GObsfUb#id:10752516,france,goal,regular,assisted,21,28.4,0,right-foot,high-right,0,48.1,25.9,No information,No information,53,No information,3123,28.4,21,51.9,0,51.9,74.1,38,2277,shot
aurelien-tchouameni,https://www.sofascore.com/netherlands-france/GObsfUb#id:10752516,france,block,No information,set-piece,14.4,52.4,0,head,low-centre,0,50.2,19,No information,No information,52,No information,3068,52.4,14.4,49.8,0,49.8,81,39,2332,shot
donyell-malen,https://www.sofascore.com/netherlands-france/GObsfUb#id:10752516,netherlands,save,No information,assisted,15,52.6,0,right-foot,low-left,0,52.1,4.4,No information,No information,49,No information,2916,52.6,15,47.9,0,47.9,95.6,42,2484,shot
quilindschy-hartman,https://www.sofascore.com/netherlands-france/GObsfUb#id:10752516,netherlands,save,No information,assisted,20.5,30.7,0,left-foot,high-left,0,52.2,31,No information,No information,45,No information,2648,30.7,20.5,47.8,0,47.8,69,1,52,shot
kylian-mbappe,https://www.sofascore.com/netherlands-france/GObsfUb#id:10752516,france,block,No information,assisted,10.5,32.2,0,left-foot,low-centre,0,51.5,19,No information,No information,43,No information,2566,32.2,10.5,48.5,0,48.5,81,3,134,shot
aurelien-tchouameni,https://www.sofascore.com/netherlands-france/GObsfUb#id:10752516,france,save,No information,assisted,25.2,72.2,0,right-foot,low-right,0,47.1,7.6,No information,No information,39,No information,2291,72.2,25.2,52.9,0,52.9,92.4,7,409,shot
randal-kolo-muani,https://www.sofascore.com/netherlands-france/GObsfUb#id:10752516,france,miss,No information,assisted,8.6,55.9,0,head,left,0,96.5,1.4,No information,No information,38,No information,2273,55.9,8.6,3.5,0,3.5,98.6,8,427,shot
xavi-simons,https://www.sofascore.com/netherlands-france/GObsfUb#id:10752516,netherlands,save,No information,assisted,20.1,58.5,0,right-foot,low-left,0,53.6,1.9,No information,No information,36,No information,2135,58.5,20.1,46.4,0,46.4,98.1,10,565,shot
ibrahima-konate,https://www.sofascore.com/netherlands-france/GObsfUb#id:10752516,france,save,No information,set-piece,8.8,40.5,0,head,high-centre,0,50,25.9,No information,No information,33,No information,1960,40.5,8.8,50,0,50,74.1,13,740,shot
xavi-simons,https://www.sofascore.com/netherlands-france/GObsfUb#id:10752516,netherlands,block,No information,regular,16.2,50.7,0,right-foot,low-centre,0,50,19,No information,No information,27,No information,1610,50.7,16.2,50,0,50,81,19,1090,shot
joey-veerman,https://www.sofascore.com/netherlands-france/GObsfUb#id:10752516,netherlands,miss,No information,assisted,10.7,55.5,0,right-foot,high,0,54.3,72.2,No information,No information,27,No information,1569,55.5,10.7,45.7,0,45.7,27.8,19,1131,shot
aurelien-tchouameni,https://www.sofascore.com/netherlands-france/GObsfUb#id:10752516,france,save,No information,assisted,24.1,39.4,0,right-foot,low-right,0,47.2,17.7,No information,No information,22,No information,1284,39.4,24.1,52.8,0,52.8,82.3,24,1416,shot
kylian-mbappe,https://www.sofascore.com/netherlands-france/GObsfUb#id:10752516,france,goal,regular,assisted,7.4,50,0,right-foot,low-centre,0,50.3,19,No information,No information,7,No information,391,50,7.4,49.7,0,49.7,81,39,2309,shot

steven-berghuis,https://www.sofascore.com/netherlands-poland/dUbsfUb#id:8600797,netherlands,miss,No information,regular,23.1,72.7,0,left-foot,high-left,0,64.9,70.8,No information,No information,90,5,5643,72.7,23.1,35.1,0,35.1,29.2,1,657,shot
georginio-wijnaldum,https://www.sofascore.com/netherlands-poland/dUbsfUb#id:8600797,netherlands,goal,regular,corner,5.7,57.7,0,head,low-left,0,53.1,12.7,No information,No information,84,No information,5013,57.7,5.7,46.9,0,46.9,87.3,7,387,shot
daley-blind,https://www.sofascore.com/netherlands-poland/dUbsfUb#id:8600797,netherlands,block,No information,assisted,24.5,55.5,0,left-foot,low-left,0,54.1,19,No information,No information,79,No information,4686,55.5,24.5,45.9,0,45.9,81,12,714,shot
memphis-depay,https://www.sofascore.com/netherlands-poland/dUbsfUb#id:8600797,netherlands,goal,penalty,penalty,11.5,50,0,right-foot,high-left,0,53.1,31.6,No information,No information,77,No information,4604,50,11.5,46.9,0,46.9,68.4,14,796,shot
steven-berghuis,https://www.sofascore.com/netherlands-poland/dUbsfUb#id:8600797,netherlands,miss,No information,assisted,28.8,63.3,0,left-foot,close-left,0,58.3,29.2,No information,No information,74,No information,4402,63.3,28.8,41.7,0,41.7,70.8,17,998,shot
memphis-depay,https://www.sofascore.com/netherlands-poland/dUbsfUb#id:8600797,netherlands,block,No information,regular,11.2,68.2,0,right-foot,low-centre,0,50,19,No information,No information,72,No information,4316,68.2,11.2,50,0,50,81,19,1084,shot
karol-linetty,https://www.sofascore.com/netherlands-poland/dUbsfUb#id:8600797,poland,block,No information,assisted,24.4,35.5,0,left-foot,low-centre,0,51.8,19,No information,No information,71,No information,4245,35.5,24.4,48.2,0,48.2,81,20,1155,shot
davy-klaassen,https://www.sofascore.com/netherlands-poland/dUbsfUb#id:8600797,netherlands,miss,No information,regular,0.7,41.7,0,left-foot,close-left,0,57.1,15.3,No information,No information,65,No information,3861,41.7,0.7,42.9,0,42.9,84.7,26,1539,shot
patrick-van-aanholt,https://www.sofascore.com/netherlands-poland/dUbsfUb#id:8600797,netherlands,miss,No information,corner,23.6,36.3,0,left-foot,close-right,0,42.7,8.3,No information,No information,64,No information,3784,36.3,23.6,57.3,0,57.3,91.7,27,1616,shot
memphis-depay,https://www.sofascore.com/netherlands-poland/dUbsfUb#id:8600797,netherlands,save,No information,set-piece,14.2,41.5,0,right-foot,low-right,0,45.7,3.2,No information,No information,63,No information,3762,41.5,14.2,54.3,0,54.3,96.8,28,1638,shot
memphis-depay,https://www.sofascore.com/netherlands-poland/dUbsfUb#id:8600797,netherlands,block,No information,set-piece,10,19.2,0,right-foot,low-centre,0,50.8,11.1,No information,No information,63,No information,3753,19.2,10,49.2,0,49.2,88.9,28,1647,shot
krzysztof-piatek,https://www.sofascore.com/netherlands-poland/dUbsfUb#id:8600797,poland,miss,No information,assisted,14.4,31.8,0,right-foot,high,0,47.2,75,No information,No information,62,No information,3691,31.8,14.4,52.8,0,52.8,25,29,1709,shot
memphis-depay,https://www.sofascore.com/netherlands-poland/dUbsfUb#id:8600797,netherlands,miss,No information,free-kick,13.6,18.4,0,right-foot,right,0,35.5,8.3,No information,No information,53,No information,3131,18.4,13.6,64.5,0,64.5,91.7,38,2269,shot
krzysztof-piatek,https://www.sofascore.com/netherlands-poland/dUbsfUb#id:8600797,poland,miss,No information,corner,11,54.2,0,head,left,0,59.7,29.2,No information,No information,49,No information,2933,54.2,11,40.3,0,40.3,70.8,42,2467,shot
przemyslaw-placheta,https://www.sofascore.com/netherlands-poland/dUbsfUb#id:8600797,poland,miss,No information,fast-break,10.1,63.4,0,right-foot,close-right,0,42.9,31.9,No information,No information,47,No information,2787,63.4,10.1,57.1,0,57.1,68.1,44,2613,shot
przemyslaw-placheta,https://www.sofascore.com/netherlands-poland/dUbsfUb#id:8600797,poland,save,No information,assisted,18.7,33.4,0,left-foot,low-right,0,47.7,7,No information,No information,45,1,2750,33.4,18.7,52.3,0,52.3,93,1,2650,shot
patrick-van-aanholt,https://www.sofascore.com/netherlands-poland/dUbsfUb#id:8600797,netherlands,block,No information,assisted,10.7,28.1,0,left-foot,low-right,0,46.9,19,No information,No information,43,No information,2572,28.1,10.7,53.1,0,53.1,81,3,128,shot
frenkie-de-jong,https://www.sofascore.com/netherlands-poland/dUbsfUb#id:8600797,netherlands,save,No information,assisted,4.9,38,0,left-foot,low-centre,0,49.4,0.6,No information,No information,40,No information,2367,38,4.9,50.6,0,50.6,99.4,6,333,shot
memphis-depay,https://www.sofascore.com/netherlands-poland/dUbsfUb#id:8600797,netherlands,save,No information,assisted,20.3,52.2,0,right-foot,low-right,0,47.3,1.9,No information,No information,39,No information,2329,52.2,20.3,52.7,0,52.7,98.1,7,371,shot
donyell-malen,https://www.sofascore.com/netherlands-poland/dUbsfUb#id:8600797,netherlands,miss,No information,assisted,15.8,39.2,0,right-foot,high-right,0,43.7,73.6,No information,No information,33,No information,1969,39.2,15.8,56.3,0,56.3,26.4,13,731,shot
przemyslaw-placheta,https://www.sofascore.com/netherlands-poland/dUbsfUb#id:8600797,poland,miss,No information,assisted,26.1,71.6,0,left-foot,high,0,52.3,76.4,No information,No information,29,No information,1721,71.6,26.1,47.7,0,47.7,23.6,17,979,shot
georginio-wijnaldum,https://www.sofascore.com/netherlands-poland/dUbsfUb#id:8600797,netherlands,block,No information,assisted,12.2,52.8,0,right-foot,low-centre,0,49.5,19,No information,No information,26,No information,1508,52.8,12.2,50.5,0,50.5,81,20,1192,shot
daley-blind,https://www.sofascore.com/netherlands-poland/dUbsfUb#id:8600797,netherlands,block,No information,assisted,29.9,40.2,0,left-foot,low-centre,0,50.9,19,No information,No information,21,No information,1258,40.2,29.9,49.1,0,49.1,81,25,1442,shot
robert-lewandowski,https://www.sofascore.com/netherlands-poland/dUbsfUb#id:8600797,poland,miss,No information,regular,20.4,67,0,right-foot,high-right,0,41.7,81.9,No information,No information,16,No information,930,67,20.4,58.3,0,58.3,18.1,30,1770,shot
przemyslaw-placheta,https://www.sofascore.com/netherlands-poland/dUbsfUb#id:8600797,poland,post,No information,assisted,4.3,66.8,0,left-foot,right,0,44.4,20.9,No information,No information,16,No information,926,66.8,4.3,55.6,0,55.6,79.1,30,1774,shot
donyell-malen,https://www.sofascore.com/netherlands-poland/dUbsfUb#id:8600797,netherlands,miss,No information,assisted,8.4,45.8,0,head,close-right,0,41.3,5.6,No information,No information,13,No information,771,45.8,8.4,58.7,0,58.7,94.4,33,1929,shot
georginio-wijnaldum,https://www.sofascore.com/netherlands-poland/dUbsfUb#id:8600797,netherlands,save,No information,assisted,11.4,39.2,0,left-foot,low-centre,0,50.3,5.1,No information,No information,11,No information,653,39.2,11.4,49.7,0,49.7,94.9,35,2047,shot
kamil-jozwiak,https://www.sofascore.com/netherlands-poland/dUbsfUb#id:8600797,poland,goal,regular,fast-break,8.2,43.1,0,right-foot,low-left,0,53.4,1.3,No information,No information,6,No information,300,43.1,8.2,46.6,0,46.6,98.7,40,2400,shot

memphis-depay,https://www.sofascore.com/montenegro-netherlands/fUbsORc#id:9223907,netherlands,save,No information,free-kick,24.8,34.9,0,right-foot,low-centre,0,48.7,4.4,No information,No information,90,2,5488,34.9,24.8,51.3,0,51.3,95.6,1,812,shot
nikola-vujnovic,https://www.sofascore.com/montenegro-netherlands/fUbsORc#id:9223907,montenegro,goal,regular,assisted,8.5,55.9,0,head,low-left,0,53.6,16.5,No information,No information,86,No information,5105,55.9,8.5,46.4,0,46.4,83.5,5,295,shot
ilija-vukotic,https://www.sofascore.com/montenegro-netherlands/fUbsORc#id:9223907,montenegro,goal,regular,assisted,6.1,34.9,0,left-foot,low-left,0,52.1,1.3,No information,No information,82,No information,4867,34.9,6.1,47.9,0,47.9,98.7,9,533,shot
stefan-de-vrij,https://www.sofascore.com/montenegro-netherlands/fUbsORc#id:9223907,netherlands,miss,No information,corner,5.3,50.9,0,head,high,0,47.2,75,No information,No information,79,No information,4697,50.9,5.3,52.8,0,52.8,25,12,703,shot
denzel-dumfries,https://www.sofascore.com/montenegro-netherlands/fUbsORc#id:9223907,netherlands,block,No information,assisted,4.6,66.3,0,right-foot,low-centre,0,51.2,19,No information,No information,78,No information,4625,66.3,4.6,48.8,0,48.8,81,13,775,shot
steven-bergwijn,https://www.sofascore.com/montenegro-netherlands/fUbsORc#id:9223907,netherlands,block,No information,assisted,15.2,70.7,0,left-foot,low-left,0,53.2,19,No information,No information,76,No information,4515,70.7,15.2,46.8,0,46.8,81,15,885,shot
sead-haksabanovic,https://www.sofascore.com/montenegro-netherlands/fUbsORc#id:9223907,montenegro,block,No information,assisted,15.2,31.9,0,left-foot,low-left,0,53.1,19,No information,No information,67,No information,3994,31.9,15.2,46.9,0,46.9,81,24,1406,shot
virgil-van-dijk,https://www.sofascore.com/montenegro-netherlands/fUbsORc#id:9223907,netherlands,miss,No information,assisted,29.3,41.9,0,right-foot,close-left,0,58.3,4.2,No information,No information,66,No information,3934,41.9,29.3,41.7,0,41.7,95.8,25,1466,shot
memphis-depay,https://www.sofascore.com/montenegro-netherlands/fUbsORc#id:9223907,netherlands,goal,regular,assisted,3.7,55,0,right-foot,low-centre,0,48.5,8.2,No information,No information,54,No information,3230,55,3.7,51.5,0,51.5,91.8,37,2170,shot
uros-djurdjevic,https://www.sofascore.com/montenegro-netherlands/fUbsORc#id:9223907,montenegro,block,No information,assisted,7.8,73.5,0,right-foot,low-right,0,46.8,19,No information,No information,47,No information,2808,73.5,7.8,53.2,0,53.2,81,44,2592,shot
marko-jankovic,https://www.sofascore.com/montenegro-netherlands/fUbsORc#id:9223907,montenegro,save,No information,regular,21.1,48.7,0,left-foot,low-left,0,52.4,17.7,No information,No information,40,No information,2365,48.7,21.1,47.6,0,47.6,82.3,6,335,shot
milutin-osmajic,https://www.sofascore.com/montenegro-netherlands/fUbsORc#id:9223907,montenegro,block,No information,regular,10,43.1,0,left-foot,low-centre,0,50.9,19,No information,No information,38,No information,2278,43.1,10,49.1,0,49.1,81,8,422,shot
milutin-osmajic,https://www.sofascore.com/montenegro-netherlands/fUbsORc#id:9223907,montenegro,block,No information,assisted,8.3,48.2,0,head,low-left,0,51.8,19,No information,No information,38,No information,2277,48.2,8.3,48.2,0,48.2,81,8,423,shot
arnaut-danjuma,https://www.sofascore.com/montenegro-netherlands/fUbsORc#id:9223907,netherlands,miss,No information,assisted,12.8,46,0,right-foot,close-right,0,41.3,9.7,No information,No information,36,No information,2104,46,12.8,58.7,0,58.7,90.3,10,596,shot
memphis-depay,https://www.sofascore.com/montenegro-netherlands/fUbsORc#id:9223907,netherlands,miss,No information,assisted,2.6,39.8,0,head,high-left,0,56.8,66.7,No information,No information,33,No information,1966,39.8,2.6,43.2,0,43.2,33.3,13,734,shot
milutin-osmajic,https://www.sofascore.com/montenegro-netherlands/fUbsORc#id:9223907,montenegro,miss,No information,assisted,6.1,55.5,0,head,high,0,48.4,66.7,No information,No information,29,No information,1685,55.5,6.1,51.6,0,51.6,33.3,17,1015,shot
memphis-depay,https://www.sofascore.com/montenegro-netherlands/fUbsORc#id:9223907,netherlands,goal,penalty,penalty,11.5,50,0,right-foot,low-left,0,54.4,3.2,No information,No information,25,No information,1447,50,11.5,45.6,0,45.6,96.8,21,1253,shot
igor-vujacic,https://www.sofascore.com/montenegro-netherlands/fUbsORc#id:9223907,montenegro,miss,No information,corner,8.5,41,0,head,high,0,49.4,66.7,No information,No information,20,No information,1181,41,8.5,50.6,0,50.6,33.3,26,1519,shot
uros-djurdjevic,https://www.sofascore.com/montenegro-netherlands/fUbsORc#id:9223907,montenegro,block,No information,regular,13.3,72,0,right-foot,low-centre,0,51.1,19,No information,No information,18,No information,1064,72,13.3,48.9,0,48.9,81,28,1636,shot
vladimir-jovovic,https://www.sofascore.com/montenegro-netherlands/fUbsORc#id:9223907,montenegro,miss,No information,assisted,1.8,35.5,0,left-foot,close-left,0,56.5,26.4,No information,No information,16,No information,958,35.5,1.8,43.5,0,43.5,73.6,30,1742,shot

memphis-depay,https://www.sofascore.com/netherlands-france/GObsfUb#id:10752375,netherlands,save,No information,set-piece,10.6,49.5,0,right-foot,low-centre,0,50.2,12.7,No information,No information,90,5,5695,49.5,10.6,49.8,0,49.8,87.3,1,605,shot
memphis-depay,https://www.sofascore.com/netherlands-france/GObsfUb#id:10752375,netherlands,save,No information,penalty,11.5,50,0,right-foot,low-centre,0,48.7,9.5,No information,No information,90,5,5693,50,11.5,51.3,0,51.3,90.5,1,607,shot
wout-weghorst,https://www.sofascore.com/netherlands-france/GObsfUb#id:10752375,netherlands,block,No information,assisted,11.1,48.4,0,head,low-centre,0,51.3,19,No information,No information,90,4,5611,48.4,11.1,48.7,0,48.7,81,1,689,shot
khephren-thuram,https://www.sofascore.com/netherlands-france/GObsfUb#id:10752375,france,save,No information,regular,18.8,38.7,0,right-foot,low-left,0,52.6,0.6,No information,No information,90,2,5507,38.7,18.8,47.4,0,47.4,99.4,1,793,shot
daley-blind,https://www.sofascore.com/netherlands-france/GObsfUb#id:10752375,netherlands,miss,No information,free-kick,13.9,84.5,0,left-foot,high-left,0,59.7,51.4,No information,No information,90,1,5412,84.5,13.9,40.3,0,40.3,48.6,1,888,shot
kylian-mbappe,https://www.sofascore.com/netherlands-france/GObsfUb#id:10752375,france,goal,regular,regular,15.1,61.8,0,right-foot,low-left,0,53.4,3.2,No information,No information,88,No information,5236,61.8,15.1,46.6,0,46.6,96.8,3,164,shot
kylian-mbappe,https://www.sofascore.com/netherlands-france/GObsfUb#id:10752375,france,save,No information,regular,13.8,39.6,0,left-foot,low-centre,0,51.1,12.7,No information,No information,78,No information,4644,39.6,13.8,48.9,0,48.9,87.3,13,756,shot
memphis-depay,https://www.sofascore.com/netherlands-france/GObsfUb#id:10752375,netherlands,block,No information,free-kick,20.3,32.6,0,right-foot,low-centre,0,50.6,19,No information,No information,72,No information,4289,32.6,20.3,49.4,0,49.4,81,19,1111,shot
adrien-rabiot,https://www.sofascore.com/netherlands-france/GObsfUb#id:10752375,france,miss,No information,corner,5.4,60.9,0,head,high,0,46.4,65.3,No information,No information,66,No information,3955,60.9,5.4,53.6,0,53.6,34.7,25,1445,shot
memphis-depay,https://www.sofascore.com/netherlands-france/GObsfUb#id:10752375,netherlands,save,No information,free-kick,20.9,36.4,0,right-foot,low-centre,0,48.8,10.1,No information,No information,58,No information,3465,36.4,20.9,51.2,0,51.2,89.9,33,1935,shot
kylian-mbappe,https://www.sofascore.com/netherlands-france/GObsfUb#id:10752375,france,save,No information,assisted,22,30,0,right-foot,low-right,0,48.1,8.2,No information,No information,52,No information,3099,30,22,51.9,0,51.9,91.8,39,2301,shot
aurelien-tchouameni,https://www.sofascore.com/netherlands-france/GObsfUb#id:10752375,france,miss,No information,corner,8,42.7,0,head,left,0,61.2,26.4,No information,No information,36,No information,2142,42.7,8,38.8,0,38.8,73.6,10,558,shot
ibrahima-konate,https://www.sofascore.com/netherlands-france/GObsfUb#id:10752375,france,save,No information,set-piece,9.9,47.8,0,head,low-left,0,53.6,2.5,No information,No information,36,No information,2113,47.8,9.9,46.4,0,46.4,97.5,10,587,shot
kingsley-coman,https://www.sofascore.com/netherlands-france/GObsfUb#id:10752375,france,block,No information,set-piece,5.4,68.2,0,right-foot,low-right,0,45.6,19,No information,No information,36,No information,2104,68.2,5.4,54.4,0,54.4,81,10,596,shot
memphis-depay,https://www.sofascore.com/netherlands-france/GObsfUb#id:10752375,netherlands,miss,No information,fast-break,9.1,47.9,0,right-foot,close-left,0,58.2,5.6,No information,No information,32,No information,1912,47.9,9.1,41.8,0,41.8,94.4,14,788,shot
kylian-mbappe,https://www.sofascore.com/netherlands-france/GObsfUb#id:10752375,france,miss,No information,assisted,10.5,52.2,0,right-foot,high-right,0,38.2,79.2,No information,No information,30,No information,1763,52.2,10.5,61.8,0,61.8,20.8,16,937,shot
kylian-mbappe,https://www.sofascore.com/netherlands-france/GObsfUb#id:10752375,france,goal,regular,assisted,10.9,40.4,0,right-foot,low-left,0,54,0.6,No information,No information,21,No information,1248,40.4,10.9,46,0,46,99.4,25,1452,shot
georginio-wijnaldum,https://www.sofascore.com/netherlands-france/GObsfUb#id:10752375,netherlands,save,No information,assisted,16.2,53.8,0,left-foot,high-centre,0,50.3,27.2,No information,No information,20,No information,1149,53.8,16.2,49.7,0,49.7,72.8,26,1551,shot
memphis-depay,https://www.sofascore.com/netherlands-france/GObsfUb#id:10752375,netherlands,block,No information,assisted,8.8,69.1,0,right-foot,low-centre,0,50.1,19,No information,No information,15,No information,884,69.1,8.8,49.9,0,49.9,81,31,1816,shot
georginio-wijnaldum,https://www.sofascore.com/netherlands-france/GObsfUb#id:10752375,netherlands,save,No information,assisted,10.5,68.3,0,right-foot,low-right,0,48,1.3,No information,No information,10,No information,549,68.3,10.5,52,0,52,98.7,36,2151,shot
dayot-upamecano,https://www.sofascore.com/netherlands-france/GObsfUb#id:10752375,france,goal,regular,set-piece,4.4,46.5,0,right-foot,low-centre,0,51.4,2.5,No information,No information,8,No information,432,46.5,4.4,48.6,0,48.6,97.5,38,2268,shot
xavi-simons,https://www.sofascore.com/netherlands-france/GObsfUb#id:10752375,netherlands,miss,No information,corner,21.7,33.8,0,left-foot,right,0,36.3,22.2,No information,No information,5,No information,246,33.8,21.7,63.7,0,63.7,77.8,41,2454,shot
antoine-griezmann,https://www.sofascore.com/netherlands-france/GObsfUb#id:10752375,france,goal,regular,assisted,15.3,47.4,0,left-foot,low-left,0,53.9,4.4,No information,No information,2,No information,116,47.4,15.3,46.1,0,46.1,95.6,44,2584,shot

steven-bergwijn,https://www.sofascore.com/netherlands-wales/cUbsfUb#id:10023419,netherlands,block,No information,assisted,10.7,67.8,0,right-foot,low-right,0,45.4,19,No information,No information,90,5,5675,67.8,10.7,54.6,0,54.6,81,1,625,shot
memphis-depay,https://www.sofascore.com/netherlands-wales/cUbsfUb#id:10023419,netherlands,goal,regular,regular,9,56.9,0,right-foot,low-centre,0,48.8,8.2,No information,No information,90,3,5577,56.9,9,51.2,0,51.2,91.8,1,723,shot
gareth-bale,https://www.sofascore.com/netherlands-wales/cUbsfUb#id:10023419,wales,goal,penalty,penalty,11.5,50,0,left-foot,low-right,0,46.2,2.5,No information,No information,90,2,5496,50,11.5,53.8,0,53.8,97.5,1,804,shot
memphis-depay,https://www.sofascore.com/netherlands-wales/cUbsfUb#id:10023419,netherlands,miss,No information,corner,22.4,39,0,right-foot,high,0,51.6,65.3,No information,No information,86,No information,5152,39,22.4,48.4,0,48.4,34.7,5,248,shot
stefan-de-vrij,https://www.sofascore.com/netherlands-wales/cUbsfUb#id:10023419,netherlands,block,No information,corner,12.1,47.4,0,head,low-centre,0,51.2,19,No information,No information,85,No information,5070,47.4,12.1,48.8,0,48.8,81,6,330,shot
teun-koopmeiners,https://www.sofascore.com/netherlands-wales/cUbsfUb#id:10023419,netherlands,miss,No information,assisted,17.9,38.6,0,right-foot,high-right,0,40.7,81.9,No information,No information,83,No information,4923,38.6,17.9,59.3,0,59.3,18.1,8,477,shot
steven-bergwijn,https://www.sofascore.com/netherlands-wales/cUbsfUb#id:10023419,netherlands,miss,No information,assisted,8.3,65.8,0,right-foot,left,0,83.2,4.2,No information,No information,77,No information,4587,65.8,8.3,16.8,0,16.8,95.8,14,813,shot
cody-gakpo,https://www.sofascore.com/netherlands-wales/cUbsfUb#id:10023419,netherlands,block,No information,fast-break,13.1,63.3,0,left-foot,low-right,0,48.2,19,No information,No information,72,No information,4298,63.3,13.1,51.8,0,51.8,81,19,1102,shot
harry-wilson,https://www.sofascore.com/netherlands-wales/cUbsfUb#id:10023419,wales,save,No information,regular,15,55.7,0,left-foot,low-centre,0,50.6,9.5,No information,No information,72,No information,4282,55.7,15,49.4,0,49.4,90.5,19,1118,shot
brennan-johnson,https://www.sofascore.com/netherlands-wales/cUbsfUb#id:10023419,wales,block,No information,assisted,17.2,42.1,0,right-foot,low-left,0,53.5,19,No information,No information,72,No information,4280,42.1,17.2,46.5,0,46.5,81,19,1120,shot
vincent-janssen,https://www.sofascore.com/netherlands-wales/cUbsfUb#id:10023419,netherlands,save,No information,assisted,17.7,66.4,0,left-foot,high-left,0,54.3,22.2,No information,No information,69,No information,4086,66.4,17.7,45.7,0,45.7,77.8,22,1314,shot
ethan-ampadu,https://www.sofascore.com/netherlands-wales/cUbsfUb#id:10023419,wales,miss,No information,assisted,19.9,50.5,0,right-foot,right,0,33.9,5.6,No information,No information,65,No information,3890,50.5,19.9,66.1,0,66.1,94.4,26,1510,shot
harry-wilson,https://www.sofascore.com/netherlands-wales/cUbsfUb#id:10023419,wales,block,No information,assisted,23.9,28.1,0,left-foot,low-right,0,46,19,No information,No information,65,No information,3878,28.1,23.9,54,0,54,81,26,1522,shot
noa-lang,https://www.sofascore.com/netherlands-wales/cUbsfUb#id:10023419,netherlands,miss,No information,assisted,19.4,29.3,0,right-foot,left,0,65.4,2.8,No information,No information,59,No information,3504,29.3,19.4,34.6,0,34.6,97.2,32,1896,shot
denzel-dumfries,https://www.sofascore.com/netherlands-wales/cUbsfUb#id:10023419,netherlands,miss,No information,assisted,3.7,61.6,0,right-foot,right,0,40.3,13.9,No information,No information,58,No information,3461,61.6,3.7,59.7,0,59.7,86.1,33,1939,shot
brennan-johnson,https://www.sofascore.com/netherlands-wales/cUbsfUb#id:10023419,wales,save,No information,assisted,17.5,46.6,0,left-foot,low-left,0,52.3,1.9,No information,No information,58,No information,3424,46.6,17.5,47.7,0,47.7,98.1,33,1976,shot
smith-matthew,https://www.sofascore.com/netherlands-wales/cUbsfUb#id:10023419,wales,miss,No information,set-piece,23,58.1,0,right-foot,high,0,53.8,88.9,No information,No information,52,No information,3069,58.1,23,46.2,0,46.2,11.1,39,2331,shot
cody-gakpo,https://www.sofascore.com/netherlands-wales/cUbsfUb#id:10023419,netherlands,save,No information,fast-break,12.5,68.2,0,right-foot,low-centre,0,50.3,6.3,No information,No information,49,No information,2882,68.2,12.5,49.7,0,49.7,93.7,42,2518,shot
brennan-johnson,https://www.sofascore.com/netherlands-wales/cUbsfUb#id:10023419,wales,block,No information,regular,18.7,45.6,0,right-foot,low-left,0,53.4,19,No information,No information,48,No information,2867,45.6,18.7,46.6,0,46.6,81,43,2533,shot
vincent-janssen,https://www.sofascore.com/netherlands-wales/cUbsfUb#id:10023419,netherlands,miss,No information,regular,24.2,56.3,0,left-foot,close-right,0,41.3,1.4,No information,No information,44,No information,2638,56.3,24.2,58.7,0,58.7,98.6,2,62,shot
hans-hateboer,https://www.sofascore.com/netherlands-wales/cUbsfUb#id:10023419,netherlands,save,No information,assisted,4.8,59,0,head,high-centre,0,48.4,21.5,No information,No information,44,No information,2598,59,4.8,51.6,0,51.6,78.5,2,102,shot
teun-koopmeiners,https://www.sofascore.com/netherlands-wales/cUbsfUb#id:10023419,netherlands,block,No information,assisted,19.1,45.2,0,left-foot,low-left,0,52.9,19,No information,No information,42,No information,2484,45.2,19.1,47.1,0,47.1,81,4,216,shot
brennan-johnson,https://www.sofascore.com/netherlands-wales/cUbsfUb#id:10023419,wales,goal,regular,assisted,17.1,60.8,0,right-foot,low-left,0,53.8,3.2,No information,No information,26,No information,1535,60.8,17.1,46.2,0,46.2,96.8,20,1165,shot
cody-gakpo,https://www.sofascore.com/netherlands-wales/cUbsfUb#id:10023419,netherlands,goal,regular,regular,14.7,46.8,0,right-foot,low-right,0,46.5,3.2,No information,No information,23,No information,1322,46.8,14.7,53.5,0,53.5,96.8,23,1378,shot
cody-gakpo,https://www.sofascore.com/netherlands-wales/cUbsfUb#id:10023419,netherlands,block,No information,assisted,22.6,35.6,0,right-foot,low-centre,0,48.7,19,No information,No information,23,No information,1320,35.6,22.6,51.3,0,51.3,81,23,1380,shot
tyrell-malacia,https://www.sofascore.com/netherlands-wales/cUbsfUb#id:10023419,netherlands,block,No information,assisted,24.4,44.5,0,left-foot,low-left,0,52.9,19,No information,No information,20,No information,1155,44.5,24.4,47.1,0,47.1,81,26,1545,shot
noa-lang,https://www.sofascore.com/netherlands-wales/cUbsfUb#id:10023419,netherlands,goal,regular,assisted,14.1,53.8,0,right-foot,low-right,0,47.5,15.2,No information,No information,17,No information,1005,53.8,14.1,52.5,0,52.5,84.8,29,1695,shot
noa-lang,https://www.sofascore.com/netherlands-wales/cUbsfUb#id:10023419,netherlands,save,No information,assisted,23.2,33.8,0,right-foot,low-centre,0,50.5,0.6,No information,No information,14,No information,823,33.8,23.2,49.5,0,49.5,99.4,32,1877,shot
teun-koopmeiners,https://www.sofascore.com/netherlands-wales/cUbsfUb#id:10023419,netherlands,block,No information,assisted,21.1,49.3,0,left-foot,low-left,0,52.9,19,No information,No information,12,No information,668,49.3,21.1,47.1,0,47.1,81,34,2032,shot
vincent-janssen,https://www.sofascore.com/netherlands-wales/cUbsfUb#id:10023419,netherlands,miss,No information,assisted,23.8,65.8,0,left-foot,right,0,39.5,1.4,No information,No information,10,No information,599,65.8,23.8,60.5,0,60.5,98.6,36,2101,shot
noa-lang,https://www.sofascore.com/netherlands-wales/cUbsfUb#id:10023419,netherlands,block,No information,assisted,12.4,22.9,0,right-foot,low-right,0,46.1,19,No information,No information,1,No information,54,22.9,12.4,53.9,0,53.9,81,45,2646,shot

teun-koopmeiners,https://www.sofascore.com/italy-netherlands/fUbshUb#id:11353240,netherlands,block,No information,assisted,15.3,37,0,left-foot,low-centre,0,50.6,19,No information,No information,90,10,5997,37,15.3,49.4,0,49.4,81,1,303,shot
lorenzo-pellegrini,https://www.sofascore.com/italy-netherlands/fUbshUb#id:11353240,italy,block,No information,free-kick,20.4,49.7,0,right-foot,low-centre,0,49.8,19,No information,No information,90,6,5739,49.7,20.4,50.2,0,50.2,81,1,561,shot
teun-koopmeiners,https://www.sofascore.com/italy-netherlands/fUbshUb#id:11353240,netherlands,save,No information,assisted,9.7,40.1,0,head,low-right,0,48,8.2,No information,No information,90,4,5618,40.1,9.7,52,0,52,91.8,1,682,shot
lorenzo-pellegrini,https://www.sofascore.com/italy-netherlands/fUbshUb#id:11353240,italy,miss,No information,fast-break,12.1,51.8,0,right-foot,close-left,0,57.5,4.2,No information,No information,90,3,5569,51.8,12.1,42.5,0,42.5,95.8,1,731,shot
georginio-wijnaldum,https://www.sofascore.com/italy-netherlands/fUbshUb#id:11353240,netherlands,save,No information,regular,11.1,58.9,0,head,low-centre,0,48.5,11.4,No information,No information,90,2,5507,58.9,11.1,51.5,0,51.5,88.6,1,793,shot
georginio-wijnaldum,https://www.sofascore.com/italy-netherlands/fUbshUb#id:11353240,netherlands,goal,regular,assisted,9.4,53.2,0,left-foot,high-left,0,52.6,29.1,No information,No information,89,No information,5333,53.2,9.4,47.4,0,47.4,70.9,2,67,shot
teun-koopmeiners,https://www.sofascore.com/italy-netherlands/fUbshUb#id:11353240,netherlands,block,No information,free-kick,20.1,50.9,0,left-foot,low-right,0,47.2,19,No information,No information,82,No information,4906,50.9,20.1,52.8,0,52.8,81,9,494,shot
joey-veerman,https://www.sofascore.com/italy-netherlands/fUbshUb#id:11353240,netherlands,block,No information,assisted,20,52,0,right-foot,low-right,0,47.6,19,No information,No information,80,No information,4754,52,20,52.4,0,52.4,81,11,646,shot
federico-chiesa,https://www.sofascore.com/italy-netherlands/fUbshUb#id:11353240,italy,miss,No information,assisted,21.4,40.8,0,right-foot,high,0,45,76.4,No information,No information,78,No information,4649,40.8,21.4,55,0,55,23.6,13,751,shot
federico-chiesa,https://www.sofascore.com/italy-netherlands/fUbshUb#id:11353240,italy,goal,regular,fast-break,6.6,34.1,0,left-foot,low-right,0,47.1,2.5,No information,No information,72,No information,4316,34.1,6.6,52.9,0,52.9,97.5,19,1084,shot
bryan-cristante,https://www.sofascore.com/italy-netherlands/fUbshUb#id:11353240,italy,miss,No information,set-piece,9.1,65.5,0,left-foot,left,0,99.8,4.2,No information,No information,72,No information,4265,65.5,9.1,0.2,0,0.2,95.8,19,1135,shot
nicolo-zaniolo,https://www.sofascore.com/italy-netherlands/fUbshUb#id:11353240,italy,block,No information,assisted,16.5,59.5,0,left-foot,low-centre,0,49.9,19,No information,No information,71,No information,4217,59.5,16.5,50.1,0,50.1,81,20,1183,shot
steven-bergwijn,https://www.sofascore.com/italy-netherlands/fUbshUb#id:11353240,netherlands,goal,regular,regular,7.9,60,0,left-foot,low-left,0,53.6,12.7,No information,No information,68,No information,4061,60,7.9,46.4,0,46.4,87.3,23,1339,shot
denzel-dumfries,https://www.sofascore.com/italy-netherlands/fUbshUb#id:11353240,netherlands,save,No information,assisted,19.8,48.5,0,right-foot,low-centre,0,51.4,1.3,No information,No information,59,No information,3511,48.5,19.8,48.6,0,48.6,98.7,32,1889,shot
xavi-simons,https://www.sofascore.com/italy-netherlands/fUbshUb#id:11353240,netherlands,miss,No information,corner,17.9,37.5,0,right-foot,right,0,8.2,4.2,No information,No information,58,No information,3454,37.5,17.9,91.8,0,91.8,95.8,33,1946,shot
steven-bergwijn,https://www.sofascore.com/italy-netherlands/fUbshUb#id:11353240,netherlands,block,No information,assisted,16.5,68.1,0,right-foot,low-left,0,52.1,19,No information,No information,56,No information,3347,68.1,16.5,47.9,0,47.9,81,35,2053,shot
cody-gakpo,https://www.sofascore.com/italy-netherlands/fUbshUb#id:11353240,netherlands,miss,No information,assisted,23.3,54.5,0,right-foot,left,0,60,2.8,No information,No information,52,No information,3110,54.5,23.3,40,0,40,97.2,39,2290,shot
steven-bergwijn,https://www.sofascore.com/italy-netherlands/fUbshUb#id:11353240,netherlands,block,No information,regular,7.3,60,0,right-foot,low-right,0,47.3,19,No information,No information,51,No information,3029,60,7.3,52.7,0,52.7,81,40,2371,shot
mats-wieffer,https://www.sofascore.com/italy-netherlands/fUbshUb#id:11353240,netherlands,block,No information,corner,5.2,41,0,right-foot,low-centre,0,49.7,19,No information,No information,50,No information,2978,41,5.2,50.3,0,50.3,81,41,2422,shot
wilfried-gnonto,https://www.sofascore.com/italy-netherlands/fUbshUb#id:11353240,italy,block,No information,assisted,17.1,59.9,0,left-foot,low-centre,0,50.7,19,No information,No information,49,No information,2929,59.9,17.1,49.3,0,49.3,81,42,2471,shot
cody-gakpo,https://www.sofascore.com/italy-netherlands/fUbshUb#id:11353240,netherlands,save,No information,assisted,7.4,36,0,right-foot,low-centre,0,51,15.8,No information,No information,47,No information,2805,36,7.4,49,0,49,84.2,44,2595,shot
wilfried-gnonto,https://www.sofascore.com/italy-netherlands/fUbshUb#id:11353240,italy,block,No information,assisted,19,70.9,0,right-foot,low-right,0,47.4,19,No information,No information,45,6,3009,70.9,19,52.6,0,52.6,81,1,2391,shot
denzel-dumfries,https://www.sofascore.com/italy-netherlands/fUbshUb#id:11353240,netherlands,block,No information,set-piece,4.8,57.8,0,head,low-centre,0,50.7,19,No information,No information,45,1,2737,57.8,4.8,49.3,0,49.3,81,1,2663,shot
cody-gakpo,https://www.sofascore.com/italy-netherlands/fUbshUb#id:11353240,netherlands,miss,No information,assisted,10.6,40,0,right-foot,right,0,38.8,30.6,No information,No information,40,No information,2385,40,10.6,61.2,0,61.2,69.4,6,315,shot
noa-lang,https://www.sofascore.com/italy-netherlands/fUbshUb#id:11353240,netherlands,block,No information,free-kick,23.3,51.1,0,right-foot,low-centre,0,50.7,19,No information,No information,36,No information,2127,51.1,23.3,49.3,0,49.3,81,10,573,shot
federico-dimarco,https://www.sofascore.com/italy-netherlands/fUbshUb#id:11353240,italy,miss,No information,corner,21.4,61.3,0,left-foot,close-high,0,54.3,47.2,No information,No information,27,No information,1585,61.3,21.4,45.7,0,45.7,52.8,19,1115,shot
davide-frattesi,https://www.sofascore.com/italy-netherlands/fUbshUb#id:11353240,italy,goal,regular,assisted,8,53.8,0,left-foot,low-centre,0,48.2,7,No information,No information,20,No information,1178,53.8,8,51.8,0,51.8,93,26,1522,shot
wilfried-gnonto,https://www.sofascore.com/italy-netherlands/fUbshUb#id:11353240,italy,block,No information,regular,17.1,52.7,0,left-foot,low-left,0,52.2,19,No information,No information,20,No information,1176,52.7,17.1,47.8,0,47.8,81,26,1524,shot
virgil-van-dijk,https://www.sofascore.com/italy-netherlands/fUbshUb#id:11353240,netherlands,block,No information,corner,10.2,42.7,0,head,low-left,0,52.2,19,No information,No information,14,No information,828,42.7,10.2,47.8,0,47.8,81,32,1872,shot
federico-dimarco,https://www.sofascore.com/italy-netherlands/fUbshUb#id:11353240,italy,goal,regular,assisted,11.1,34.6,0,left-foot,high-right,0,46.4,25.9,No information,No information,6,No information,335,34.6,11.1,53.6,0,53.6,74.1,40,2365,shot
mateo-retegui,https://www.sofascore.com/italy-netherlands/fUbshUb#id:11353240,italy,miss,No information,assisted,9.6,52.5,0,right-foot,left,0,99.2,4.2,No information,No information,6,No information,332,52.5,9.6,0.8,0,0.8,95.8,40,2368,shot
denzel-dumfries,https://www.sofascore.com/italy-netherlands/fUbshUb#id:11353240,netherlands,miss,No information,corner,7.8,41,0,head,high,0,53.3,79.2,No information,No information,3,No information,173,41,7.8,46.7,0,46.7,20.8,43,2527,shot

memphis-depay,https://www.sofascore.com/netherlands-poland/dUbsfUb#id:8600742,netherlands,block,No information,assisted,20.9,63.9,0,left-foot,low-right,0,48.1,19,No information,No information,87,No information,5217,63.9,20.9,51.9,0,51.9,81,4,183,shot
memphis-depay,https://www.sofascore.com/netherlands-poland/dUbsfUb#id:8600742,netherlands,block,No information,set-piece,25.4,30.5,0,right-foot,low-centre,0,49.5,19,No information,No information,69,No information,4089,30.5,25.4,50.5,0,50.5,81,22,1311,shot
memphis-depay,https://www.sofascore.com/netherlands-poland/dUbsfUb#id:8600742,netherlands,block,No information,assisted,27.2,35.7,0,right-foot,low-centre,0,48.6,19,No information,No information,68,No information,4029,35.7,27.2,51.4,0,51.4,81,23,1371,shot
quincy-promes,https://www.sofascore.com/netherlands-poland/dUbsfUb#id:8600742,netherlands,save,No information,assisted,27.9,39.6,0,right-foot,low-left,0,53.2,10.1,No information,No information,64,No information,3836,39.6,27.9,46.8,0,46.8,89.9,27,1564,shot
steven-bergwijn,https://www.sofascore.com/netherlands-poland/dUbsfUb#id:8600742,netherlands,goal,regular,assisted,1.8,47.4,0,right-foot,low-left,0,52.5,15.8,No information,No information,61,No information,3642,47.4,1.8,47.5,0,47.5,84.2,30,1758,shot
memphis-depay,https://www.sofascore.com/netherlands-poland/dUbsfUb#id:8600742,netherlands,save,No information,assisted,12.5,36.3,0,left-foot,low-centre,0,51,13.9,No information,No information,58,No information,3443,36.3,12.5,49,0,49,86.1,33,1957,shot
memphis-depay,https://www.sofascore.com/netherlands-poland/dUbsfUb#id:8600742,netherlands,block,No information,free-kick,18.7,19,0,right-foot,low-centre,0,49.9,19,No information,No information,49,No information,2915,19,18.7,50.1,0,50.1,81,42,2485,shot
frenkie-de-jong,https://www.sofascore.com/netherlands-poland/dUbsfUb#id:8600742,netherlands,post,No information,assisted,13,40,0,left-foot,left,0,55.2,7.6,No information,No information,45,1,2703,40,13,44.8,0,44.8,92.4,1,2697,shot
quincy-promes,https://www.sofascore.com/netherlands-poland/dUbsfUb#id:8600742,netherlands,miss,No information,assisted,17.7,23.2,0,right-foot,high-right,0,40.5,79.2,No information,No information,37,No information,2184,23.2,17.7,59.5,0,59.5,20.8,9,516,shot
memphis-depay,https://www.sofascore.com/netherlands-poland/dUbsfUb#id:8600742,netherlands,miss,No information,regular,17.5,54.6,0,right-foot,left,0,61.8,5.6,No information,No information,35,No information,2061,54.6,17.5,38.2,0,38.2,94.4,11,639,shot
krzysztof-piatek,https://www.sofascore.com/netherlands-poland/dUbsfUb#id:8600742,poland,save,No information,assisted,15,58.3,0,right-foot,high-right,0,46.6,27.8,No information,No information,32,No information,1917,58.3,15,53.4,0,53.4,72.2,14,783,shot
marten-de-roon,https://www.sofascore.com/netherlands-poland/dUbsfUb#id:8600742,netherlands,miss,No information,assisted,23.8,56.3,0,right-foot,left,0,60.7,2.8,No information,No information,32,No information,1892,56.3,23.8,39.3,0,39.3,97.2,14,808,shot
virgil-van-dijk,https://www.sofascore.com/netherlands-poland/dUbsfUb#id:8600742,netherlands,save,No information,corner,11.2,44.5,0,head,low-centre,0,49.7,17.1,No information,No information,27,No information,1598,44.5,11.2,50.3,0,50.3,82.9,19,1102,shot
quincy-promes,https://www.sofascore.com/netherlands-poland/dUbsfUb#id:8600742,netherlands,miss,No information,assisted,10.3,34.5,0,left-foot,close-right,0,42.7,4.2,No information,No information,21,No information,1233,34.5,10.3,57.3,0,57.3,95.8,25,1467,shot
kamil-jozwiak,https://www.sofascore.com/netherlands-poland/dUbsfUb#id:8600742,poland,miss,No information,assisted,17.1,32,0,right-foot,left,0,61,4.2,No information,No information,13,No information,744,32,17.1,39,0,39,95.8,33,1956,shot
nathan-ake,https://www.sofascore.com/netherlands-poland/dUbsfUb#id:8600742,netherlands,miss,No information,corner,8.4,44.7,0,left-foot,right,0,39.3,19,No information,No information,11,No information,615,44.7,8.4,60.7,0,60.7,81,35,2085,shot

fotis-ioannidis,https://www.sofascore.com/greece-netherlands/fUbskUb#id:10752540,greece,miss,No information,assisted,10.8,48.8,0,head,left,0,61.3,9.7,No information,No information,90,5,5677,48.8,10.8,38.7,0,38.7,90.3,1,623,shot
virgil-van-dijk,https://www.sofascore.com/greece-netherlands/fUbskUb#id:10752540,netherlands,goal,penalty,penalty,11.5,50,0,right-foot,high-right,0,47.7,22.2,No information,No information,90,3,5568,50,11.5,52.3,0,52.3,77.8,1,732,shot
taxiarchis-fountas,https://www.sofascore.com/greece-netherlands/fUbskUb#id:10752540,greece,save,No information,assisted,22.5,53,0,right-foot,low-centre,0,50.6,14.6,No information,No information,88,No information,5256,53,22.5,49.4,0,49.4,85.4,3,144,shot
fotis-ioannidis,https://www.sofascore.com/greece-netherlands/fUbskUb#id:10752540,greece,miss,No information,assisted,12.2,49.5,0,head,left,0,72.4,1.4,No information,No information,83,No information,4973,49.5,12.2,27.6,0,27.6,98.6,8,427,shot
petros-mantalos,https://www.sofascore.com/greece-netherlands/fUbskUb#id:10752540,greece,block,No information,fast-break,26.5,47.6,0,right-foot,low-centre,0,49.1,19,No information,No information,79,No information,4715,47.6,26.5,50.9,0,50.9,81,12,685,shot
petros-mantalos,https://www.sofascore.com/greece-netherlands/fUbskUb#id:10752540,greece,miss,No information,assisted,12.7,45.2,0,head,left,0,76.5,5.6,No information,No information,59,No information,3499,45.2,12.7,23.5,0,23.5,94.4,32,1901,shot
xavi-simons,https://www.sofascore.com/greece-netherlands/fUbskUb#id:10752540,netherlands,miss,No information,assisted,13.1,49.7,0,right-foot,close-right,0,43.4,13.9,No information,No information,52,No information,3092,49.7,13.1,56.6,0,56.6,86.1,39,2308,shot
tijjani-reijnders,https://www.sofascore.com/greece-netherlands/fUbskUb#id:10752540,netherlands,save,No information,assisted,3.3,30.5,0,right-foot,low-centre,0,48.5,4.4,No information,No information,52,No information,3088,30.5,3.3,51.5,0,51.5,95.6,39,2312,shot
fotis-ioannidis,https://www.sofascore.com/greece-netherlands/fUbskUb#id:10752540,greece,miss,No information,assisted,2.8,64.8,0,right-foot,close-right,0,42.9,8.3,No information,No information,50,No information,2989,64.8,2.8,57.1,0,57.1,91.7,41,2411,shot
steven-bergwijn,https://www.sofascore.com/greece-netherlands/fUbskUb#id:10752540,netherlands,save,No information,regular,15.2,52.2,0,right-foot,low-left,0,53,6.3,No information,No information,47,No information,2774,52.2,15.2,47,0,47,93.7,44,2626,shot
konstantinos-koulierakis,https://www.sofascore.com/greece-netherlands/fUbskUb#id:10752540,greece,miss,No information,set-piece,16.2,47.8,0,head,right,0,20.8,12.5,No information,No information,45,3,2823,47.8,16.2,79.2,0,79.2,87.5,1,2577,shot
steven-bergwijn,https://www.sofascore.com/greece-netherlands/fUbskUb#id:10752540,netherlands,save,No information,assisted,8.8,27.5,0,right-foot,low-left,0,53.7,15.2,No information,No information,44,No information,2599,27.5,8.8,46.3,0,46.3,84.8,2,101,shot
tijjani-reijnders,https://www.sofascore.com/greece-netherlands/fUbskUb#id:10752540,netherlands,block,No information,corner,24.1,42.2,0,right-foot,low-right,0,47.4,19,No information,No information,37,No information,2216,42.2,24.1,52.6,0,52.6,81,9,484,shot
xavi-simons,https://www.sofascore.com/greece-netherlands/fUbskUb#id:10752540,netherlands,miss,No information,assisted,21.4,67.2,0,right-foot,left,0,67.4,6.9,No information,No information,34,No information,2019,67.2,21.4,32.6,0,32.6,93.1,12,681,shot
wout-weghorst,https://www.sofascore.com/greece-netherlands/fUbskUb#id:10752540,netherlands,save,No information,penalty,11.5,50,0,right-foot,low-right,0,46.8,3.2,No information,No information,28,No information,1641,50,11.5,53.2,0,53.2,96.8,18,1059,shot
mats-wieffer,https://www.sofascore.com/greece-netherlands/fUbskUb#id:10752540,netherlands,miss,No information,corner,10.7,55,0,head,left,0,93.3,6.9,No information,No information,22,No information,1282,55,10.7,6.7,0,6.7,93.1,24,1418,shot
tijjani-reijnders,https://www.sofascore.com/greece-netherlands/fUbskUb#id:10752540,netherlands,save,No information,corner,24.4,36.6,0,right-foot,low-centre,0,50.6,8.9,No information,No information,21,No information,1213,36.6,24.4,49.4,0,49.4,91.1,25,1487,shot
tijjani-reijnders,https://www.sofascore.com/greece-netherlands/fUbskUb#id:10752540,netherlands,miss,No information,corner,25.4,38.1,0,right-foot,close-left,0,56.8,4.2,No information,No information,19,No information,1129,38.1,25.4,43.2,0,43.2,95.8,27,1571,shot
konstantinos-mavropanos,https://www.sofascore.com/greece-netherlands/fUbskUb#id:10752540,greece,save,No information,set-piece,8.4,53.8,0,head,high-right,0,46.4,22.2,No information,No information,14,No information,814,53.8,8.4,53.6,0,53.6,77.8,32,1886,shot

memphis-depay,https://www.sofascore.com/northern-ireland-netherlands/fUbsLVb#id:8078663,netherlands,goal,regular,assisted,4.7,35.7,0,right-foot,low-right,0,45.4,1.3,No information,No information,90,4,5586,35.7,4.7,54.6,0,54.6,98.7,1,714,shot
luuk-de-jong,https://www.sofascore.com/northern-ireland-netherlands/fUbsLVb#id:8078663,netherlands,goal,regular,regular,0.7,54.2,0,right-foot,high-right,0,45.6,20.3,No information,No information,90,1,5447,54.2,0.7,54.4,0,54.4,79.7,1,853,shot
donyell-malen,https://www.sofascore.com/northern-ireland-netherlands/fUbsLVb#id:8078663,netherlands,block,No information,assisted,11.1,44.3,0,head,No information,No information,No information,No information,No information,No information,90,1,5444,44.3,11.1,No information,No information,No information,No information,1,856,shot
memphis-depay,https://www.sofascore.com/northern-ireland-netherlands/fUbsLVb#id:8078663,netherlands,miss,No information,assisted,20.8,66.4,0,right-foot,high-left,0,58,76.4,No information,No information,90,No information,5388,66.4,20.8,42,0,42,23.6,1,12,shot
georginio-wijnaldum,https://www.sofascore.com/northern-ireland-netherlands/fUbsLVb#id:8078663,netherlands,miss,No information,assisted,9.2,48.4,0,head,right,0,40,15.3,No information,No information,89,No information,5314,48.4,9.2,60,0,60,84.7,2,86,shot
luuk-de-jong,https://www.sofascore.com/northern-ireland-netherlands/fUbsLVb#id:8078663,netherlands,block,No information,assisted,10.4,50.3,0,head,No information,No information,No information,No information,No information,No information,89,No information,5285,50.3,10.4,No information,No information,No information,No information,2,115,shot
donyell-malen,https://www.sofascore.com/northern-ireland-netherlands/fUbsLVb#id:8078663,netherlands,miss,No information,assisted,8.1,53.8,0,head,right,0,40,26.4,No information,No information,85,No information,5071,53.8,8.1,60,0,60,73.6,6,329,shot
memphis-depay,https://www.sofascore.com/northern-ireland-netherlands/fUbsLVb#id:8078663,netherlands,goal,regular,assisted,9.4,47.6,0,right-foot,low-centre,0,48.4,1.3,No information,No information,80,No information,4796,47.6,9.4,51.6,0,51.6,98.7,11,604,shot
memphis-depay,https://www.sofascore.com/northern-ireland-netherlands/fUbsLVb#id:8078663,netherlands,miss,No information,assisted,22.1,34,0,right-foot,high-right,0,33.1,66.7,No information,No information,77,No information,4609,34,22.1,66.9,0,66.9,33.3,14,791,shot
memphis-depay,https://www.sofascore.com/northern-ireland-netherlands/fUbsLVb#id:8078663,netherlands,save,No information,assisted,21.7,16.1,0,right-foot,low-left,0,54.1,8.2,No information,No information,76,No information,4551,16.1,21.7,45.9,0,45.9,91.8,15,849,shot
josh-magennis,https://www.sofascore.com/northern-ireland-netherlands/fUbsLVb#id:8078663,northern ireland,goal,regular,assisted,5,49.3,0,head,low-left,0,53.5,6.3,No information,No information,75,No information,4486,49.3,5,46.5,0,46.5,93.7,16,914,shot
donny-van-de-beek,https://www.sofascore.com/northern-ireland-netherlands/fUbsLVb#id:8078663,netherlands,block,No information,assisted,22.3,34.2,0,right-foot,No information,No information,No information,No information,No information,No information,72,No information,4315,34.2,22.3,No information,No information,No information,No information,19,1085,shot
georginio-wijnaldum,https://www.sofascore.com/northern-ireland-netherlands/fUbsLVb#id:8078663,netherlands,block,No information,assisted,6.8,44.2,0,right-foot,low-right,0,47.2,11.1,No information,No information,72,No information,4261,44.2,6.8,52.8,0,52.8,88.9,19,1139,shot
donyell-malen,https://www.sofascore.com/northern-ireland-netherlands/fUbsLVb#id:8078663,netherlands,miss,No information,regular,8.3,48.5,0,right-foot,left,0,69.1,12.5,No information,No information,72,No information,4260,48.5,8.3,30.9,0,30.9,87.5,19,1140,shot
steven-bergwijn,https://www.sofascore.com/northern-ireland-netherlands/fUbsLVb#id:8078663,netherlands,save,No information,assisted,3,38.8,0,right-foot,low-centre,0,51.6,17.1,No information,No information,68,No information,4078,38.8,3,48.4,0,48.4,82.9,23,1322,shot
denzel-dumfries,https://www.sofascore.com/northern-ireland-netherlands/fUbsLVb#id:8078663,netherlands,miss,No information,assisted,4.2,65.4,0,head,right,0,33.3,23.6,No information,No information,52,No information,3096,65.4,4.2,66.7,0,66.7,76.4,39,2304,shot
georginio-wijnaldum,https://www.sofascore.com/northern-ireland-netherlands/fUbsLVb#id:8078663,netherlands,miss,No information,assisted,18.7,44.9,0,right-foot,high-right,0,42.2,86.1,No information,No information,50,No information,2978,44.9,18.7,57.8,0,57.8,13.9,41,2422,shot
georginio-wijnaldum,https://www.sofascore.com/northern-ireland-netherlands/fUbsLVb#id:8078663,netherlands,save,No information,assisted,9.8,43.3,0,head,high-right,0,46.9,25.9,No information,No information,45,No information,2649,43.3,9.8,53.1,0,53.1,74.1,1,51,shot
ryan-babel,https://www.sofascore.com/northern-ireland-netherlands/fUbsLVb#id:8078663,netherlands,block,No information,assisted,19.4,33.4,0,right-foot,No information,No information,No information,No information,No information,No information,44,No information,2593,33.4,19.4,No information,No information,No information,No information,2,107,shot
steven-bergwijn,https://www.sofascore.com/northern-ireland-netherlands/fUbsLVb#id:8078663,netherlands,block,No information,regular,19,69.7,0,right-foot,No information,No information,No information,No information,No information,No information,33,No information,1926,69.7,19,No information,No information,No information,No information,13,774,shot
daley-blind,https://www.sofascore.com/northern-ireland-netherlands/fUbsLVb#id:8078663,netherlands,miss,No information,regular,11.6,26.5,0,left-foot,close-left,0,58.5,27.8,No information,No information,27,No information,1568,26.5,11.6,41.5,0,41.5,72.2,19,1132,shot
georginio-wijnaldum,https://www.sofascore.com/northern-ireland-netherlands/fUbsLVb#id:8078663,netherlands,block,No information,assisted,14.4,43.9,0,left-foot,No information,No information,No information,No information,No information,No information,27,No information,1566,43.9,14.4,No information,No information,No information,No information,19,1134,shot
paddy-mcnair,https://www.sofascore.com/northern-ireland-netherlands/fUbsLVb#id:8078663,northern ireland,miss,No information,assisted,15.7,73.4,0,right-foot,left,0,61.7,1.4,No information,No information,23,No information,1364,73.4,15.7,38.3,0,38.3,98.6,23,1336,shot
matthijs-de-ligt,https://www.sofascore.com/northern-ireland-netherlands/fUbsLVb#id:8078663,netherlands,miss,No information,corner,14.9,53.6,0,head,left,0,72.9,11.1,No information,No information,6,No information,305,53.6,14.9,27.1,0,27.1,88.9,40,2395,shot
virgil-van-dijk,https://www.sofascore.com/northern-ireland-netherlands/fUbsLVb#id:8078663,netherlands,miss,No information,regular,24.2,34.9,0,right-foot,left,0,68.9,4.2,No information,No information,2,No information,63,34.9,24.2,31.1,0,31.1,95.8,44,2637,shot

wout-weghorst,https://www.sofascore.com/gibraltar-netherlands/fUbsoKbb#id:10752398,netherlands,save,No information,assisted,4.4,56.7,0,head,high-centre,0,49.5,25.3,No information,No information,90,3,5554,56.7,4.4,50.5,0,50.5,74.7,1,746,shot
donyell-malen,https://www.sofascore.com/gibraltar-netherlands/fUbsoKbb#id:10752398,netherlands,block,No information,corner,23.9,39.4,0,right-foot,low-centre,0,51.5,19,No information,No information,90,3,5535,39.4,23.9,48.5,0,48.5,81,1,765,shot
donyell-malen,https://www.sofascore.com/gibraltar-netherlands/fUbsoKbb#id:10752398,netherlands,save,No information,assisted,7.4,54.3,0,left-foot,low-centre,0,50,10.8,No information,No information,90,2,5486,54.3,7.4,50,0,50,89.2,1,814,shot
tyrell-malacia,https://www.sofascore.com/gibraltar-netherlands/fUbsoKbb#id:10752398,netherlands,block,No information,assisted,12.1,29.7,0,right-foot,low-left,0,52.4,1.4,No information,No information,90,No information,5362,29.7,12.1,47.6,0,47.6,98.6,1,38,shot
denzel-dumfries,https://www.sofascore.com/gibraltar-netherlands/fUbsoKbb#id:10752398,netherlands,save,No information,assisted,8,52.8,0,head,high-centre,0,51,24.7,No information,No information,88,No information,5272,52.8,8,49,0,49,75.3,3,128,shot
wout-weghorst,https://www.sofascore.com/gibraltar-netherlands/fUbsoKbb#id:10752398,netherlands,save,No information,assisted,8.2,57.6,0,head,high-centre,0,50,31.6,No information,No information,87,No information,5193,57.6,8.2,50,0,50,68.4,4,207,shot
donyell-malen,https://www.sofascore.com/gibraltar-netherlands/fUbsoKbb#id:10752398,netherlands,block,No information,assisted,11.2,57.5,0,left-foot,low-centre,0,49.9,19,No information,No information,85,No information,5083,57.5,11.2,50.1,0,50.1,81,6,317,shot
virgil-van-dijk,https://www.sofascore.com/gibraltar-netherlands/fUbsoKbb#id:10752398,netherlands,miss,No information,corner,8.2,38.3,0,head,high,0,44.9,61.1,No information,No information,84,No information,5019,38.3,8.2,55.1,0,55.1,38.9,7,381,shot
donyell-malen,https://www.sofascore.com/gibraltar-netherlands/fUbsoKbb#id:10752398,netherlands,miss,No information,assisted,10.1,73,0,right-foot,left,0,72.4,11.1,No information,No information,84,No information,4980,73,10.1,27.6,0,27.6,88.9,7,420,shot
nathan-ake,https://www.sofascore.com/gibraltar-netherlands/fUbsoKbb#id:10752398,netherlands,goal,regular,assisted,20.4,33.2,0,left-foot,low-right,0,45.9,3.8,No information,No information,82,No information,4910,33.2,20.4,54.1,0,54.1,96.2,9,490,shot
cody-gakpo,https://www.sofascore.com/gibraltar-netherlands/fUbsoKbb#id:10752398,netherlands,miss,No information,assisted,11.2,28.6,0,right-foot,high-right,0,38.2,68.1,No information,No information,78,No information,4638,28.6,11.2,61.8,0,61.8,31.9,13,762,shot
xavi-simons,https://www.sofascore.com/gibraltar-netherlands/fUbsoKbb#id:10752398,netherlands,miss,No information,corner,22.8,45.2,0,left-foot,high,0,44.7,84.7,No information,No information,75,No information,4454,45.2,22.8,55.3,0,55.3,15.3,16,946,shot
davy-klaassen,https://www.sofascore.com/gibraltar-netherlands/fUbsoKbb#id:10752398,netherlands,block,No information,corner,23.8,43.4,0,right-foot,low-centre,0,48.9,19,No information,No information,74,No information,4392,43.4,23.8,51.1,0,51.1,81,17,1008,shot
xavi-simons,https://www.sofascore.com/gibraltar-netherlands/fUbsoKbb#id:10752398,netherlands,miss,No information,corner,15.5,68,0,right-foot,left,0,87.7,26.4,No information,No information,74,No information,4385,68,15.5,12.3,0,12.3,73.6,17,1015,shot
cody-gakpo,https://www.sofascore.com/gibraltar-netherlands/fUbsoKbb#id:10752398,netherlands,save,No information,assisted,12,29.5,0,right-foot,low-left,0,53.5,17.1,No information,No information,73,No information,4361,29.5,12,46.5,0,46.5,82.9,18,1039,shot
nathan-ake,https://www.sofascore.com/gibraltar-netherlands/fUbsoKbb#id:10752398,netherlands,miss,No information,assisted,6.8,35.9,0,right-foot,close-left,0,58,2.8,No information,No information,71,No information,4227,35.9,6.8,42,0,42,97.2,20,1173,shot
nathan-ake,https://www.sofascore.com/gibraltar-netherlands/fUbsoKbb#id:10752398,netherlands,miss,No information,corner,10,56.1,0,head,left,0,87.7,8.3,No information,No information,69,No information,4091,56.1,10,12.3,0,12.3,91.7,22,1309,shot
xavi-simons,https://www.sofascore.com/gibraltar-netherlands/fUbsoKbb#id:10752398,netherlands,miss,No information,corner,18.5,50.7,0,right-foot,high,0,53.4,76.4,No information,No information,67,No information,4013,50.7,18.5,46.6,0,46.6,23.6,24,1387,shot
wout-weghorst,https://www.sofascore.com/gibraltar-netherlands/fUbsoKbb#id:10752398,netherlands,block,No information,regular,7,57.4,0,right-foot,low-right,0,48.1,19,No information,No information,66,No information,3944,57.4,7,51.9,0,51.9,81,25,1456,shot
nathan-ake,https://www.sofascore.com/gibraltar-netherlands/fUbsoKbb#id:10752398,netherlands,miss,No information,corner,8.4,45,0,head,high,0,55.1,68.1,No information,No information,64,No information,3793,45,8.4,44.9,0,44.9,31.9,27,1607,shot
virgil-van-dijk,https://www.sofascore.com/gibraltar-netherlands/fUbsoKbb#id:10752398,netherlands,block,No information,assisted,26.4,32.5,0,right-foot,low-centre,0,49.1,19,No information,No information,63,No information,3743,32.5,26.4,50.9,0,50.9,81,28,1657,shot
wout-weghorst,https://www.sofascore.com/gibraltar-netherlands/fUbsoKbb#id:10752398,netherlands,block,No information,regular,4.4,47.8,0,left-foot,low-centre,0,51,19,No information,No information,61,No information,3634,47.8,4.4,49,0,49,81,30,1766,shot
nathan-ake,https://www.sofascore.com/gibraltar-netherlands/fUbsoKbb#id:10752398,netherlands,block,No information,assisted,7.3,40.7,0,head,low-right,0,46.8,19,No information,No information,61,No information,3634,40.7,7.3,53.2,0,53.2,81,30,1766,shot
virgil-van-dijk,https://www.sofascore.com/gibraltar-netherlands/fUbsoKbb#id:10752398,netherlands,block,No information,assisted,26,33.4,0,right-foot,low-centre,0,48.4,19,No information,No information,61,No information,3616,33.4,26,51.6,0,51.6,81,30,1784,shot
mats-wieffer,https://www.sofascore.com/gibraltar-netherlands/fUbsoKbb#id:10752398,netherlands,miss,No information,regular,18.4,52.4,0,left-foot,left,0,62.2,15.3,No information,No information,61,No information,3608,52.4,18.4,37.8,0,37.8,84.7,30,1792,shot
nathan-ake,https://www.sofascore.com/gibraltar-netherlands/fUbsoKbb#id:10752398,netherlands,block,No information,regular,9.2,48.5,0,right-foot,low-centre,0,50.5,19,No information,No information,61,No information,3606,48.5,9.2,49.5,0,49.5,81,30,1794,shot
xavi-simons,https://www.sofascore.com/gibraltar-netherlands/fUbsoKbb#id:10752398,netherlands,block,No information,regular,6.8,55.8,0,left-foot,low-centre,0,50.2,19,No information,No information,61,No information,3605,55.8,6.8,49.8,0,49.8,81,30,1795,shot
wout-weghorst,https://www.sofascore.com/gibraltar-netherlands/fUbsoKbb#id:10752398,netherlands,block,No information,assisted,3.1,47.4,0,head,low-centre,0,48.3,19,No information,No information,61,No information,3601,47.4,3.1,51.7,0,51.7,81,30,1799,shot
nathan-ake,https://www.sofascore.com/gibraltar-netherlands/fUbsoKbb#id:10752398,netherlands,block,No information,assisted,5.9,39.4,0,head,low-right,0,47.6,19,No information,No information,61,No information,3601,39.4,5.9,52.4,0,52.4,81,30,1799,shot
cody-gakpo,https://www.sofascore.com/gibraltar-netherlands/fUbsoKbb#id:10752398,netherlands,miss,No information,assisted,20.3,27,0,right-foot,high-right,0,38.2,95.8,No information,No information,58,No information,3453,27,20.3,61.8,0,61.8,4.2,33,1947,shot
wout-weghorst,https://www.sofascore.com/gibraltar-netherlands/fUbsoKbb#id:10752398,netherlands,miss,No information,assisted,8.9,49.5,0,other,right,0,25,12.5,No information,No information,56,No information,3337,49.5,8.9,75,0,75,87.5,35,2063,shot
donyell-malen,https://www.sofascore.com/gibraltar-netherlands/fUbsoKbb#id:10752398,netherlands,miss,No information,assisted,13,58.1,0,left-foot,close-high,0,49.7,50,No information,No information,55,No information,3250,58.1,13,50.3,0,50.3,50,36,2150,shot
mats-wieffer,https://www.sofascore.com/gibraltar-netherlands/fUbsoKbb#id:10752398,netherlands,miss,No information,corner,7.3,52.1,0,head,left,0,72.6,18.1,No information,No information,53,No information,3173,52.1,7.3,27.4,0,27.4,81.9,38,2227,shot
nathan-ake,https://www.sofascore.com/gibraltar-netherlands/fUbsoKbb#id:10752398,netherlands,goal,regular,assisted,7.3,46.4,0,head,low-right,0,46.8,12,No information,No information,50,No information,2957,46.4,7.3,53.2,0,53.2,88,41,2443,shot
cody-gakpo,https://www.sofascore.com/gibraltar-netherlands/fUbsoKbb#id:10752398,netherlands,block,No information,assisted,15,27.9,0,right-foot,low-centre,0,49.4,19,No information,No information,48,No information,2843,27.9,15,50.6,0,50.6,81,43,2557,shot
virgil-van-dijk,https://www.sofascore.com/gibraltar-netherlands/fUbsoKbb#id:10752398,netherlands,block,No information,corner,6.9,52.4,0,head,low-centre,0,48.5,19,No information,No information,45,1,2743,52.4,6.9,51.5,0,51.5,81,1,2657,shot
wout-weghorst,https://www.sofascore.com/gibraltar-netherlands/fUbsoKbb#id:10752398,netherlands,save,No information,assisted,4.9,40.6,0,left-foot,low-left,0,54,10.8,No information,No information,45,1,2716,40.6,4.9,46,0,46,89.2,1,2684,shot
matthijs-de-ligt,https://www.sofascore.com/gibraltar-netherlands/fUbsoKbb#id:10752398,netherlands,block,No information,corner,8,52.2,0,head,low-left,0,53.9,19,No information,No information,45,No information,2645,52.2,8,46.1,0,46.1,81,1,55,shot
memphis-depay,https://www.sofascore.com/gibraltar-netherlands/fUbsoKbb#id:10752398,netherlands,block,No information,regular,15,63.3,0,right-foot,low-left,0,52.4,19,No information,No information,44,No information,2590,63.3,15,47.6,0,47.6,81,2,110,shot
steven-berghuis,https://www.sofascore.com/gibraltar-netherlands/fUbsoKbb#id:10752398,netherlands,block,No information,assisted,26.5,51.3,0,left-foot,low-left,0,52.7,19,No information,No information,43,No information,2569,51.3,26.5,47.3,0,47.3,81,3,131,shot
georginio-wijnaldum,https://www.sofascore.com/gibraltar-netherlands/fUbsoKbb#id:10752398,netherlands,miss,No information,assisted,15.7,56,0,right-foot,high-right,0,39.8,40.3,No information,No information,42,No information,2506,56,15.7,60.2,0,60.2,59.7,4,194,shot
wout-weghorst,https://www.sofascore.com/gibraltar-netherlands/fUbsoKbb#id:10752398,netherlands,miss,No information,regular,8.8,49.7,0,right-foot,close-right,0,42.5,6.9,No information,No information,41,No information,2439,49.7,8.8,57.5,0,57.5,93.1,5,261,shot
georginio-wijnaldum,https://www.sofascore.com/gibraltar-netherlands/fUbsoKbb#id:10752398,netherlands,miss,No information,regular,11.8,63.4,0,right-foot,high-left,0,56.3,68.1,No information,No information,32,No information,1892,63.4,11.8,43.7,0,43.7,31.9,14,808,shot
wout-weghorst,https://www.sofascore.com/gibraltar-netherlands/fUbsoKbb#id:10752398,netherlands,miss,No information,corner,5.1,46.4,0,head,right,0,21.5,6.9,No information,No information,29,No information,1683,46.4,5.1,78.5,0,78.5,93.1,17,1017,shot
georginio-wijnaldum,https://www.sofascore.com/gibraltar-netherlands/fUbsoKbb#id:10752398,netherlands,save,No information,assisted,13.1,49,0,head,low-centre,0,49.7,15.8,No information,No information,28,No information,1620,49,13.1,50.3,0,50.3,84.2,18,1080,shot
memphis-depay,https://www.sofascore.com/gibraltar-netherlands/fUbsoKbb#id:10752398,netherlands,goal,regular,assisted,7.5,53.6,0,head,low-left,0,52.7,10.1,No information,No information,23,No information,1344,53.6,7.5,47.3,0,47.3,89.9,23,1356,shot
mats-wieffer,https://www.sofascore.com/gibraltar-netherlands/fUbsoKbb#id:10752398,netherlands,miss,No information,assisted,25.6,59,0,right-foot,close-left,0,58,9.7,No information,No information,16,No information,905,59,25.6,42,0,42,90.3,30,1795,shot
xavi-simons,https://www.sofascore.com/gibraltar-netherlands/fUbsoKbb#id:10752398,netherlands,block,No information,assisted,16.5,33.1,0,right-foot,low-centre,0,51.2,19,No information,No information,15,No information,872,33.1,16.5,48.8,0,48.8,81,31,1828,shot
nathan-ake,https://www.sofascore.com/gibraltar-netherlands/fUbsoKbb#id:10752398,netherlands,miss,No information,assisted,26,37.6,0,left-foot,left,0,59.7,23.6,No information,No information,10,No information,594,37.6,26,40.3,0,40.3,76.4,36,2106,shot
steven-berghuis,https://www.sofascore.com/gibraltar-netherlands/fUbsoKbb#id:10752398,netherlands,save,No information,assisted,13,74.2,0,left-foot,low-centre,0,51.6,5.7,No information,No information,9,No information,488,74.2,13,48.4,0,48.4,94.3,37,2212,shot
xavi-simons,https://www.sofascore.com/gibraltar-netherlands/fUbsoKbb#id:10752398,netherlands,miss,No information,assisted,3.9,41.8,0,right-foot,close-high,0,55,45.8,No information,No information,7,No information,416,41.8,3.9,45,0,45,54.2,39,2284,shot
memphis-depay,https://www.sofascore.com/gibraltar-netherlands/fUbsoKbb#id:10752398,netherlands,miss,No information,regular,15.3,43.8,0,right-foot,right,0,25.4,1.4,No information,No information,4,No information,207,43.8,15.3,74.6,0,74.6,98.6,42,2493,shot

wout-weghorst,https://www.sofascore.com/netherlands-wales/cUbsfUb#id:10023381,netherlands,goal,regular,assisted,12.5,53.2,0,head,high-left,0,53.4,20.9,No information,No information,90,4,5583,53.2,12.5,46.6,0,46.6,79.1,1,717,shot
rhys-norrington-davies,https://www.sofascore.com/netherlands-wales/cUbsfUb#id:10023381,wales,goal,regular,assisted,7.3,46,0,head,low-left,0,53.4,17.1,No information,No information,90,2,5482,46,7.3,46.6,0,46.6,82.9,1,818,shot
rubin-colwill,https://www.sofascore.com/netherlands-wales/cUbsfUb#id:10023381,wales,block,No information,assisted,10.4,70.5,0,right-foot,low-centre,0,50.5,19,No information,No information,90,2,5475,70.5,10.4,49.5,0,49.5,81,1,825,shot
daniel-james,https://www.sofascore.com/netherlands-wales/cUbsfUb#id:10023381,wales,miss,No information,regular,24.2,47.4,0,right-foot,high,0,51.9,69.4,No information,No information,67,No information,3968,47.4,24.2,48.1,0,48.1,30.6,24,1432,shot
connor-roberts,https://www.sofascore.com/netherlands-wales/cUbsfUb#id:10023381,wales,block,No information,assisted,9.4,63.9,0,head,low-right,0,48.1,19,No information,No information,62,No information,3680,63.9,9.4,51.9,0,51.9,81,29,1720,shot
teun-koopmeiners,https://www.sofascore.com/netherlands-wales/cUbsfUb#id:10023381,netherlands,goal,regular,assisted,16.6,63.2,0,right-foot,low-left,0,54,1.9,No information,No information,50,No information,2980,63.2,16.6,46,0,46,98.1,41,2420,shot
teun-koopmeiners,https://www.sofascore.com/netherlands-wales/cUbsfUb#id:10023381,netherlands,miss,No information,free-kick,26.2,30.1,0,left-foot,close-left,0,57.5,8.3,No information,No information,49,No information,2899,30.1,26.2,42.5,0,42.5,91.7,42,2501,shot
cody-gakpo,https://www.sofascore.com/netherlands-wales/cUbsfUb#id:10023381,netherlands,block,No information,assisted,14.6,64.5,0,right-foot,low-centre,0,48.5,19,No information,No information,46,No information,2750,64.5,14.6,51.5,0,51.5,81,45,2650,shot
cody-gakpo,https://www.sofascore.com/netherlands-wales/cUbsfUb#id:10023381,netherlands,block,No information,assisted,12.4,43.7,0,right-foot,low-centre,0,50.2,19,No information,No information,45,No information,2694,43.7,12.4,49.8,0,49.8,81,1,6,shot
jerdy-schouten,https://www.sofascore.com/netherlands-wales/cUbsfUb#id:10023381,netherlands,block,No information,set-piece,25.3,42.4,0,right-foot,low-centre,0,49.3,19,No information,No information,41,No information,2455,42.4,25.3,50.7,0,50.7,81,5,245,shot
matthijs-de-ligt,https://www.sofascore.com/netherlands-wales/cUbsfUb#id:10023381,netherlands,block,No information,corner,21.9,27.9,0,right-foot,low-centre,0,48.8,19,No information,No information,39,No information,2301,27.9,21.9,51.2,0,51.2,81,7,399,shot
daniel-james,https://www.sofascore.com/netherlands-wales/cUbsfUb#id:10023381,wales,save,No information,assisted,17.5,26.5,0,right-foot,low-centre,0,51.2,11.4,No information,No information,29,No information,1731,26.5,17.5,48.8,0,48.8,88.6,17,969,shot
harry-wilson,https://www.sofascore.com/netherlands-wales/cUbsfUb#id:10023381,wales,save,No information,free-kick,25.4,43.1,0,left-foot,low-left,0,52.5,17.7,No information,No information,25,No information,1486,43.1,25.4,47.5,0,47.5,82.3,21,1214,shot
rhys-norrington-davies,https://www.sofascore.com/netherlands-wales/cUbsfUb#id:10023381,wales,miss,No information,assisted,9.8,50.7,0,head,high,0,49.2,70.8,No information,No information,16,No information,926,50.7,9.8,50.8,0,50.8,29.2,30,1774,shot
harry-wilson,https://www.sofascore.com/netherlands-wales/cUbsfUb#id:10023381,wales,miss,No information,corner,4.5,57.5,0,head,close-right,0,43,13.9,No information,No information,14,No information,791,57.5,4.5,57,0,57,86.1,32,1909,shot
teun-koopmeiners,https://www.sofascore.com/netherlands-wales/cUbsfUb#id:10023381,netherlands,block,No information,assisted,12,52.8,0,left-foot,low-centre,0,49.7,19,No information,No information,8,No information,437,52.8,12,50.3,0,50.3,81,38,2263,shot

federico-chiesa,https://www.sofascore.com/italy-netherlands/fUbshUb#id:8600871,italy,miss,No information,assisted,22.7,42.8,0,left-foot,close-right,0,40.8,2.8,No information,No information,90,6,5730,42.8,22.7,59.2,0,59.2,97.2,1,570,shot
moise-kean,https://www.sofascore.com/italy-netherlands/fUbshUb#id:8600871,italy,miss,No information,regular,8.4,34.5,0,left-foot,high,0,53.3,61.1,No information,No information,90,1,5422,34.5,8.4,46.7,0,46.7,38.9,1,878,shot
memphis-depay,https://www.sofascore.com/italy-netherlands/fUbshUb#id:8600871,netherlands,miss,No information,assisted,5,33.7,0,right-foot,close-high-right,0,42.5,48.6,No information,No information,90,No information,5380,33.7,5,57.5,0,57.5,51.4,1,20,shot
steven-bergwijn,https://www.sofascore.com/italy-netherlands/fUbshUb#id:8600871,netherlands,block,No information,regular,18.7,51.5,0,left-foot,low-centre,0,51.2,19,No information,No information,90,No information,5375,51.5,18.7,48.8,0,48.8,81,1,25,shot
virgil-van-dijk,https://www.sofascore.com/italy-netherlands/fUbshUb#id:8600871,netherlands,block,No information,corner,10.3,46.9,0,head,low-left,0,52.9,19,No information,No information,87,No information,5206,46.9,10.3,47.1,0,47.1,81,4,194,shot
luuk-de-jong,https://www.sofascore.com/italy-netherlands/fUbshUb#id:8600871,netherlands,save,No information,set-piece,12.4,46,0,head,low-centre,0,49,5.7,No information,No information,84,No information,5001,46,12.4,51,0,51,94.3,7,399,shot
lorenzo-insigne,https://www.sofascore.com/italy-netherlands/fUbshUb#id:8600871,italy,miss,No information,regular,25.4,40.2,0,right-foot,close-right,0,41,12.5,No information,No information,78,No information,4677,40.2,25.4,59,0,59,87.5,13,723,shot
memphis-depay,https://www.sofascore.com/italy-netherlands/fUbshUb#id:8600871,netherlands,block,No information,assisted,19.8,38.8,0,right-foot,low-right,0,47.3,19,No information,No information,78,No information,4658,38.8,19.8,52.7,0,52.7,81,13,742,shot
danilo-dambrosio,https://www.sofascore.com/italy-netherlands/fUbshUb#id:8600871,italy,miss,No information,corner,6.4,53.6,0,head,left,0,65.7,5.6,No information,No information,75,No information,4467,53.6,6.4,34.3,0,34.3,94.4,16,933,shot
moise-kean,https://www.sofascore.com/italy-netherlands/fUbshUb#id:8600871,italy,block,No information,assisted,14.3,47.6,0,left-foot,low-left,0,52,19,No information,No information,74,No information,4422,47.6,14.3,48,0,48,81,17,978,shot
moise-kean,https://www.sofascore.com/italy-netherlands/fUbshUb#id:8600871,italy,miss,No information,assisted,13.9,43.4,0,left-foot,close-right,0,42.4,1.4,No information,No information,67,No information,4001,43.4,13.9,57.6,0,57.6,98.6,24,1399,shot
ciro-immobile,https://www.sofascore.com/italy-netherlands/fUbshUb#id:8600871,italy,miss,No information,corner,3.5,69.6,0,right-foot,right,0,36.1,29.2,No information,No information,66,No information,3929,69.6,3.5,63.9,0,63.9,70.8,25,1471,shot
jorginho,https://www.sofascore.com/italy-netherlands/fUbshUb#id:8600871,italy,block,No information,assisted,18.5,45.2,0,right-foot,low-centre,0,50.7,19,No information,No information,65,No information,3887,45.2,18.5,49.3,0,49.3,81,26,1513,shot
memphis-depay,https://www.sofascore.com/italy-netherlands/fUbshUb#id:8600871,netherlands,miss,No information,assisted,19.9,33,0,left-foot,high-left,0,56.5,61.1,No information,No information,61,No information,3621,33,19.9,43.5,0,43.5,38.9,30,1779,shot
steven-bergwijn,https://www.sofascore.com/italy-netherlands/fUbshUb#id:8600871,netherlands,block,No information,assisted,14.8,36.9,0,right-foot,low-centre,0,50.2,19,No information,No information,59,No information,3530,36.9,14.8,49.8,0,49.8,81,32,1870,shot
donny-van-de-beek,https://www.sofascore.com/italy-netherlands/fUbshUb#id:8600871,netherlands,save,No information,assisted,11.8,52.1,0,right-foot,high-centre,0,50.1,35.4,No information,No information,55,No information,3258,52.1,11.8,49.9,0,49.9,64.6,36,2142,shot
lorenzo-insigne,https://www.sofascore.com/italy-netherlands/fUbshUb#id:8600871,italy,save,No information,assisted,20.8,44.1,0,right-foot,low-right,0,47.4,19,No information,No information,53,No information,3154,44.1,20.8,52.6,0,52.6,81,38,2246,shot
nicolo-barella,https://www.sofascore.com/italy-netherlands/fUbshUb#id:8600871,italy,goal,regular,assisted,6.7,50.9,0,head,high-centre,0,48.6,22.8,No information,No information,45,1,2728,50.9,6.7,51.4,0,51.4,77.2,1,2672,shot
lorenzo-insigne,https://www.sofascore.com/italy-netherlands/fUbshUb#id:8600871,italy,save,No information,assisted,18.2,29.3,0,right-foot,low-left,0,52,5.1,No information,No information,38,No information,2220,29.3,18.2,48,0,48,94.9,8,480,shot
nicolo-barella,https://www.sofascore.com/italy-netherlands/fUbshUb#id:8600871,italy,miss,No information,regular,11.5,51.5,0,right-foot,right,0,34.6,9.7,No information,No information,36,No information,2146,51.5,11.5,65.4,0,65.4,90.3,10,554,shot
lorenzo-insigne,https://www.sofascore.com/italy-netherlands/fUbshUb#id:8600871,italy,miss,No information,assisted,18.9,35.5,0,right-foot,close-right,0,43.2,9.7,No information,No information,35,No information,2084,35.5,18.9,56.8,0,56.8,90.3,11,616,shot
georginio-wijnaldum,https://www.sofascore.com/italy-netherlands/fUbshUb#id:8600871,netherlands,save,No information,assisted,15.8,52.8,0,right-foot,low-centre,0,49.3,3.2,No information,No information,32,No information,1914,52.8,15.8,50.7,0,50.7,96.8,14,786,shot
quincy-promes,https://www.sofascore.com/italy-netherlands/fUbshUb#id:8600871,netherlands,block,No information,assisted,18.4,46,0,right-foot,low-right,0,47,19,No information,No information,28,No information,1644,46,18.4,53,0,53,81,18,1056,shot
nicolo-barella,https://www.sofascore.com/italy-netherlands/fUbshUb#id:8600871,italy,save,No information,assisted,12.7,64.5,0,right-foot,high-right,0,46.7,31,No information,No information,27,No information,1610,64.5,12.7,53.3,0,53.3,69,19,1090,shot
ciro-immobile,https://www.sofascore.com/italy-netherlands/fUbshUb#id:8600871,italy,miss,No information,assisted,14.2,30.9,0,right-foot,close-right,0,43,5.6,No information,No information,19,No information,1100,30.9,14.2,57,0,57,94.4,27,1600,shot
nicolo-zaniolo,https://www.sofascore.com/italy-netherlands/fUbshUb#id:8600871,italy,miss,No information,assisted,7.3,61.6,0,left-foot,close-high,0,49.9,52.8,No information,No information,17,No information,1006,61.6,7.3,50.1,0,50.1,47.2,29,1694,shot
nicolo-barella,https://www.sofascore.com/italy-netherlands/fUbshUb#id:8600871,italy,block,No information,regular,20.7,52.2,0,right-foot,low-centre,0,48.9,19,No information,No information,12,No information,691,52.2,20.7,51.1,0,51.1,81,34,2009,shot
memphis-depay,https://www.sofascore.com/italy-netherlands/fUbshUb#id:8600871,netherlands,miss,No information,regular,24.2,70.9,0,right-foot,high-right,0,41.7,69.4,No information,No information,11,No information,604,70.9,24.2,58.3,0,58.3,30.6,35,2096,shot
ciro-immobile,https://www.sofascore.com/italy-netherlands/fUbshUb#id:8600871,italy,miss,No information,throw-in-set-piece,7.4,27.7,0,left-foot,right,0,36.6,8.3,No information,No information,3,No information,159,27.7,7.4,63.4,0,63.4,91.7,43,2541,shot

davy-propper,https://www.sofascore.com/northern-ireland-netherlands/fUbsLVb#id:8079063,netherlands,block,No information,regular,25.6,58.2,0,right-foot,No information,No information,No information,No information,No information,No information,88,No information,5225,58.2,25.6,No information,No information,No information,No information,3,175,shot
frenkie-de-jong,https://www.sofascore.com/northern-ireland-netherlands/fUbsLVb#id:8079063,netherlands,miss,No information,regular,24.1,51.1,0,right-foot,high,0,48.1,66.7,No information,No information,78,No information,4651,51.1,24.1,51.9,0,51.9,33.3,13,749,shot
luuk-de-jong,https://www.sofascore.com/northern-ireland-netherlands/fUbsLVb#id:8079063,netherlands,miss,No information,assisted,8.4,41.9,0,head,left,0,60.3,9.7,No information,No information,70,No information,4171,41.9,8.4,39.7,0,39.7,90.3,21,1229,shot
matthijs-de-ligt,https://www.sofascore.com/northern-ireland-netherlands/fUbsLVb#id:8079063,netherlands,save,No information,corner,12.1,58.8,0,head,high-centre,0,48.4,32.3,No information,No information,68,No information,4041,58.8,12.1,51.6,0,51.6,67.7,23,1359,shot
virgil-van-dijk,https://www.sofascore.com/northern-ireland-netherlands/fUbsLVb#id:8079063,netherlands,miss,No information,corner,9.4,53.3,0,head,right,0,28.6,5.6,No information,No information,68,No information,4036,53.3,9.4,71.4,0,71.4,94.4,23,1364,shot
ryan-babel,https://www.sofascore.com/northern-ireland-netherlands/fUbsLVb#id:8079063,netherlands,save,No information,assisted,9.7,49.5,0,head,low-left,0,52.1,1.3,No information,No information,56,No information,3356,49.5,9.7,47.9,0,47.9,98.7,35,2044,shot
davy-propper,https://www.sofascore.com/northern-ireland-netherlands/fUbsLVb#id:8079063,netherlands,block,No information,assisted,24.5,42.7,0,right-foot,No information,No information,No information,No information,No information,No information,52,No information,3064,42.7,24.5,No information,No information,No information,No information,39,2336,shot
josh-magennis,https://www.sofascore.com/northern-ireland-netherlands/fUbsLVb#id:8079063,northern ireland,miss,No information,set-piece,12.9,46.3,0,head,close-high-left,0,58.7,56.9,No information,No information,46,No information,2722,46.3,12.9,41.3,0,41.3,43.1,45,2678,shot
matthijs-de-ligt,https://www.sofascore.com/northern-ireland-netherlands/fUbsLVb#id:8079063,netherlands,miss,No information,corner,14.5,51.3,0,left-foot,right,0,39.3,22.2,No information,No information,45,2,2789,51.3,14.5,60.7,0,60.7,77.8,1,2611,shot
davy-propper,https://www.sofascore.com/northern-ireland-netherlands/fUbsLVb#id:8079063,netherlands,miss,No information,set-piece,11,45.4,0,right-foot,left,0,63.5,2.8,No information,No information,45,No information,2653,45.4,11,36.5,0,36.5,97.2,1,47,shot
daley-blind,https://www.sofascore.com/northern-ireland-netherlands/fUbsLVb#id:8079063,netherlands,miss,No information,assisted,20.6,38.6,0,left-foot,close-high,0,52.8,58.3,No information,No information,36,No information,2127,38.6,20.6,47.2,0,47.2,41.7,10,573,shot
steven-davis,https://www.sofascore.com/northern-ireland-netherlands/fUbsLVb#id:8079063,northern ireland,miss,No information,penalty,11.5,50,0,right-foot,high,0,50.1,90.3,No information,No information,32,No information,1889,50,11.5,49.9,0,49.9,9.7,14,811,shot
george-saville,https://www.sofascore.com/northern-ireland-netherlands/fUbsLVb#id:8079063,northern ireland,block,No information,assisted,7.1,48.7,0,right-foot,No information,No information,No information,No information,No information,No information,30,No information,1764,48.7,7.1,No information,No information,No information,No information,16,936,shot
ryan-babel,https://www.sofascore.com/northern-ireland-netherlands/fUbsLVb#id:8079063,netherlands,miss,No information,assisted,19.1,33.3,0,right-foot,close-right,0,42.7,19.4,No information,No information,29,No information,1711,33.3,19.1,57.3,0,57.3,80.6,17,989,shot
quincy-promes,https://www.sofascore.com/northern-ireland-netherlands/fUbsLVb#id:8079063,netherlands,miss,No information,assisted,17.6,20.6,0,right-foot,close-right,0,43.4,18.1,No information,No information,16,No information,956,20.6,17.6,56.6,0,56.6,81.9,30,1744,shot
ryan-babel,https://www.sofascore.com/northern-ireland-netherlands/fUbsLVb#id:8079063,netherlands,save,No information,assisted,12.1,45.7,0,right-foot,low-centre,0,50.2,13.9,No information,No information,16,No information,915,45.7,12.1,49.8,0,49.8,86.1,30,1785,shot
steven-berghuis,https://www.sofascore.com/northern-ireland-netherlands/fUbsLVb#id:8079063,netherlands,post,No information,assisted,5.2,45.5,0,left-foot,high,0,51.6,39.9,No information,No information,10,No information,554,45.5,5.2,48.4,0,48.4,60.1,36,2146,shot
george-saville,https://www.sofascore.com/northern-ireland-netherlands/fUbsLVb#id:8079063,northern ireland,block,No information,set-piece,15.4,39.6,0,left-foot,No information,No information,No information,No information,No information,No information,7,No information,376,39.6,15.4,No information,No information,No information,No information,39,2324,shot
josh-magennis,https://www.sofascore.com/northern-ireland-netherlands/fUbsLVb#id:8079063,northern ireland,miss,No information,assisted,10.1,61.2,0,head,close-left,0,57.8,8.3,No information,No information,5,No information,283,61.2,10.1,42.2,0,42.2,91.7,41,2417,shot
jonny-evans,https://www.sofascore.com/northern-ireland-netherlands/fUbsLVb#id:8079063,northern ireland,miss,No information,corner,10.4,52.2,0,head,left,0,81,2.8,No information,No information,5,No information,245,52.2,10.4,19,0,19,97.2,41,2455,shot

michy-batshuayi,https://www.sofascore.com/belgium-netherlands/fUbsrUb#id:10023414,belgium,goal,regular,corner,4.1,47.4,0,right-foot,low-left,0,52.1,17.1,No information,No information,90,3,5530,47.4,4.1,47.9,0,47.9,82.9,1,770,shot
yannick-carrasco,https://www.sofascore.com/belgium-netherlands/fUbsrUb#id:10023414,belgium,save,No information,assisted,10.3,28.2,0,left-foot,high-left,0,53,20.9,No information,No information,90,2,5510,28.2,10.3,47,0,47,79.1,1,790,shot
memphis-depay,https://www.sofascore.com/belgium-netherlands/fUbsrUb#id:10023414,netherlands,miss,No information,assisted,46,36.1,0,right-foot,high,0,51.4,73.6,No information,No information,90,2,5479,36.1,46,48.6,0,48.6,26.4,1,821,shot
yannick-carrasco,https://www.sofascore.com/belgium-netherlands/fUbsrUb#id:10023414,belgium,block,No information,regular,20.4,32.4,0,right-foot,low-centre,0,48.8,19,No information,No information,81,No information,4807,32.4,20.4,51.2,0,51.2,81,10,593,shot
dries-mertens,https://www.sofascore.com/belgium-netherlands/fUbsrUb#id:10023414,belgium,post,No information,assisted,2.6,67.4,0,right-foot,right,0,44.7,16.5,No information,No information,81,No information,4803,67.4,2.6,55.3,0,55.3,83.5,10,597,shot
dries-mertens,https://www.sofascore.com/belgium-netherlands/fUbsrUb#id:10023414,belgium,save,No information,assisted,25.2,38.6,0,right-foot,low-left,0,52.6,13.3,No information,No information,72,No information,4282,38.6,25.2,47.4,0,47.4,86.7,19,1118,shot
kevin-de-bruyne,https://www.sofascore.com/belgium-netherlands/fUbsrUb#id:10023414,belgium,save,No information,regular,27,57,0,left-foot,high-centre,0,50.7,27.8,No information,No information,70,No information,4142,57,27,49.3,0,49.3,72.2,21,1258,shot
memphis-depay,https://www.sofascore.com/belgium-netherlands/fUbsrUb#id:10023414,netherlands,goal,regular,assisted,12.9,55.4,0,right-foot,low-left,0,52.3,0.6,No information,No information,65,No information,3895,55.4,12.9,47.7,0,47.7,99.4,26,1505,shot
denzel-dumfries,https://www.sofascore.com/belgium-netherlands/fUbsrUb#id:10023414,netherlands,goal,regular,assisted,4.3,55.1,0,left-foot,low-centre,0,48.4,1.3,No information,No information,61,No information,3656,55.1,4.3,51.6,0,51.6,98.7,30,1744,shot
steven-berghuis,https://www.sofascore.com/belgium-netherlands/fUbsrUb#id:10023414,netherlands,save,No information,assisted,24.1,49.4,0,left-foot,low-left,0,53.5,13.3,No information,No information,61,No information,3652,49.4,24.1,46.5,0,46.5,86.7,30,1748,shot
leandro-trossard,https://www.sofascore.com/belgium-netherlands/fUbsrUb#id:10023414,belgium,save,No information,assisted,12.1,37.4,0,left-foot,low-right,0,47.4,3.2,No information,No information,61,No information,3618,37.4,12.1,52.6,0,52.6,96.8,30,1782,shot
jan-vertonghen,https://www.sofascore.com/belgium-netherlands/fUbsrUb#id:10023414,belgium,miss,No information,corner,9.8,44.7,0,left-foot,high,0,51.1,72.2,No information,No information,53,No information,3130,44.7,9.8,48.9,0,48.9,27.8,38,2270,shot
toby-alderweireld,https://www.sofascore.com/belgium-netherlands/fUbsrUb#id:10023414,belgium,block,No information,corner,13.7,50.5,0,head,low-centre,0,50.8,19,No information,No information,53,No information,3129,50.5,13.7,49.2,0,49.2,81,38,2271,shot
kevin-de-bruyne,https://www.sofascore.com/belgium-netherlands/fUbsrUb#id:10023414,belgium,block,No information,corner,24.6,28.3,0,right-foot,low-centre,0,48.3,19,No information,No information,52,No information,3103,28.3,24.6,51.7,0,51.7,81,39,2297,shot
memphis-depay,https://www.sofascore.com/belgium-netherlands/fUbsrUb#id:10023414,netherlands,goal,regular,fast-break,11.8,57.1,0,right-foot,low-centre,0,51.6,1.3,No information,No information,51,No information,3011,57.1,11.8,48.4,0,48.4,98.7,40,2389,shot
steven-bergwijn,https://www.sofascore.com/belgium-netherlands/fUbsrUb#id:10023414,netherlands,goal,regular,assisted,25.7,49.2,0,right-foot,low-right,0,45.7,9.5,No information,No information,40,No information,2393,49.2,25.7,54.3,0,54.3,90.5,6,307,shot
kevin-de-bruyne,https://www.sofascore.com/belgium-netherlands/fUbsrUb#id:10023414,belgium,save,No information,free-kick,24.6,32.6,0,right-foot,high-left,0,51.9,27.2,No information,No information,40,No information,2344,32.6,24.6,48.1,0,48.1,72.8,6,356,shot
memphis-depay,https://www.sofascore.com/belgium-netherlands/fUbsrUb#id:10023414,netherlands,save,No information,assisted,21.8,32.1,0,right-foot,low-centre,0,48.7,7,No information,No information,37,No information,2177,32.1,21.8,51.3,0,51.3,93,9,523,shot
steven-bergwijn,https://www.sofascore.com/belgium-netherlands/fUbsrUb#id:10023414,netherlands,block,No information,assisted,19,45.5,0,right-foot,low-centre,0,51.3,19,No information,No information,36,No information,2152,45.5,19,48.7,0,48.7,81,10,548,shot
steven-berghuis,https://www.sofascore.com/belgium-netherlands/fUbsrUb#id:10023414,netherlands,miss,No information,assisted,18.5,50.9,0,left-foot,high,0,55.8,66.7,No information,No information,33,No information,1979,50.9,18.5,44.2,0,44.2,33.3,13,721,shot
steven-bergwijn,https://www.sofascore.com/belgium-netherlands/fUbsrUb#id:10023414,netherlands,block,No information,fast-break,15,66.2,0,right-foot,low-right,0,46.8,19,No information,No information,31,No information,1837,66.2,15,53.2,0,53.2,81,15,863,shot
memphis-depay,https://www.sofascore.com/belgium-netherlands/fUbsrUb#id:10023414,netherlands,block,No information,fast-break,9.3,35.5,0,right-foot,low-centre,0,50.1,19,No information,No information,30,No information,1745,35.5,9.3,49.9,0,49.9,81,16,955,shot
daley-blind,https://www.sofascore.com/belgium-netherlands/fUbsrUb#id:10023414,netherlands,miss,No information,assisted,13.1,37.6,0,left-foot,close-right,0,42.5,1.4,No information,No information,29,No information,1692,37.6,13.1,57.5,0,57.5,98.6,17,1008,shot
steven-bergwijn,https://www.sofascore.com/belgium-netherlands/fUbsrUb#id:10023414,netherlands,block,No information,corner,18.5,44.3,0,right-foot,low-centre,0,49.7,19,No information,No information,28,No information,1649,44.3,18.5,50.3,0,50.3,81,18,1051,shot
memphis-depay,https://www.sofascore.com/belgium-netherlands/fUbsrUb#id:10023414,netherlands,miss,No information,assisted,14.8,40.3,0,right-foot,close-left,0,57.3,23.6,No information,No information,17,No information,1011,40.3,14.8,42.7,0,42.7,76.4,29,1689,shot
steven-berghuis,https://www.sofascore.com/belgium-netherlands/fUbsrUb#id:10023414,netherlands,save,No information,regular,8.4,63,0,right-foot,low-left,0,52.4,0.6,No information,No information,16,No information,938,63,8.4,47.6,0,47.6,99.4,30,1762,shot
kevin-de-bruyne,https://www.sofascore.com/belgium-netherlands/fUbsrUb#id:10023414,belgium,miss,No information,assisted,13,68,0,right-foot,high-left,0,60.3,44.4,No information,No information,14,No information,834,68,13,39.7,0,39.7,55.6,32,1866,shot
timothy-castagne,https://www.sofascore.com/belgium-netherlands/fUbsrUb#id:10023414,belgium,post,No information,regular,7.8,33.8,0,left-foot,high,0,55,39.2,No information,No information,13,No information,752,33.8,7.8,45,0,45,60.8,33,1948,shot

calvin-stengs,https://www.sofascore.com/latvia-netherlands/fUbsgUb#id:9223751,netherlands,save,No information,assisted,19.1,27.1,0,left-foot,high-centre,0,49.8,20.3,No information,No information,86,No information,5137,27.1,19.1,50.2,0,50.2,79.7,5,263,shot
andrejs-ciganiks,https://www.sofascore.com/latvia-netherlands/fUbsgUb#id:9223751,latvia,post,No information,fast-break,7.4,32.2,0,left-foot,left,0,55.2,17.1,No information,No information,85,No information,5064,32.2,7.4,44.8,0,44.8,82.9,6,336,shot
donny-van-de-beek,https://www.sofascore.com/latvia-netherlands/fUbsgUb#id:9223751,netherlands,miss,No information,assisted,8.5,64.3,0,right-foot,left,0,59.5,6.9,No information,No information,84,No information,4993,64.3,8.5,40.5,0,40.5,93.1,7,407,shot
daley-blind,https://www.sofascore.com/latvia-netherlands/fUbsgUb#id:9223751,netherlands,miss,No information,assisted,25.9,38.6,0,left-foot,high,0,52.1,75,No information,No information,82,No information,4902,38.6,25.9,47.9,0,47.9,25,9,498,shot
roberts-savalnieks,https://www.sofascore.com/latvia-netherlands/fUbsgUb#id:9223751,latvia,miss,No information,fast-break,8,34.9,0,right-foot,right,0,40.5,22.2,No information,No information,81,No information,4804,34.9,8,59.5,0,59.5,77.8,10,596,shot
memphis-depay,https://www.sofascore.com/latvia-netherlands/fUbsgUb#id:9223751,netherlands,block,No information,assisted,11.8,46.7,0,right-foot,low-right,0,46.1,19,No information,No information,80,No information,4769,46.7,11.8,53.9,0,53.9,81,11,631,shot
memphis-depay,https://www.sofascore.com/latvia-netherlands/fUbsgUb#id:9223751,netherlands,save,No information,assisted,15.1,42.1,0,left-foot,low-centre,0,48.8,17.7,No information,No information,77,No information,4601,42.1,15.1,51.2,0,51.2,82.3,14,799,shot
davy-klaassen,https://www.sofascore.com/latvia-netherlands/fUbsgUb#id:9223751,netherlands,save,No information,regular,9.1,51.5,0,right-foot,low-centre,0,50.6,1.3,No information,No information,72,No information,4318,51.5,9.1,49.4,0,49.4,98.7,19,1082,shot
davy-klaassen,https://www.sofascore.com/latvia-netherlands/fUbsgUb#id:9223751,netherlands,miss,No information,assisted,5,56.3,0,right-foot,close-right,0,42.5,4.2,No information,No information,71,No information,4259,56.3,5,57.5,0,57.5,95.8,20,1141,shot
luuk-de-jong,https://www.sofascore.com/latvia-netherlands/fUbsgUb#id:9223751,netherlands,goal,regular,corner,6.7,52.2,0,head,low-centre,0,48.4,6.3,No information,No information,69,No information,4124,52.2,6.7,51.6,0,51.6,93.7,22,1276,shot
denzel-dumfries,https://www.sofascore.com/latvia-netherlands/fUbsgUb#id:9223751,netherlands,block,No information,corner,6.1,51.8,0,head,low-centre,0,49.2,19,No information,No information,65,No information,3877,51.8,6.1,50.8,0,50.8,81,26,1523,shot
luuk-de-jong,https://www.sofascore.com/latvia-netherlands/fUbsgUb#id:9223751,netherlands,block,No information,corner,14.1,63.9,0,left-foot,low-left,0,54.6,19,No information,No information,65,No information,3847,63.9,14.1,45.4,0,45.4,81,26,1553,shot
georginio-wijnaldum,https://www.sofascore.com/latvia-netherlands/fUbsgUb#id:9223751,netherlands,miss,No information,assisted,21.4,47.2,0,right-foot,high-right,0,42.4,76.4,No information,No information,63,No information,3767,47.2,21.4,57.6,0,57.6,23.6,28,1633,shot
luuk-de-jong,https://www.sofascore.com/latvia-netherlands/fUbsgUb#id:9223751,netherlands,miss,No information,corner,3.1,46.2,0,head,close-high,0,54.6,58.3,No information,No information,61,No information,3617,46.2,3.1,45.4,0,45.4,41.7,30,1783,shot
georginio-wijnaldum,https://www.sofascore.com/latvia-netherlands/fUbsgUb#id:9223751,netherlands,block,No information,assisted,14.8,39.2,0,right-foot,low-centre,0,50.2,19,No information,No information,60,No information,3593,39.2,14.8,49.8,0,49.8,81,31,1807,shot
memphis-depay,https://www.sofascore.com/latvia-netherlands/fUbsgUb#id:9223751,netherlands,save,No information,assisted,22.5,38.2,0,right-foot,low-right,0,47.8,0.6,No information,No information,58,No information,3462,38.2,22.5,52.2,0,52.2,99.4,33,1938,shot
davy-klaassen,https://www.sofascore.com/latvia-netherlands/fUbsgUb#id:9223751,netherlands,save,No information,corner,1.8,51.5,0,right-foot,low-centre,0,50.1,4.4,No information,No information,54,No information,3238,51.5,1.8,49.9,0,49.9,95.6,37,2162,shot
luuk-de-jong,https://www.sofascore.com/latvia-netherlands/fUbsgUb#id:9223751,netherlands,save,No information,corner,3.3,49.7,0,right-foot,low-centre,0,51.5,1.3,No information,No information,54,No information,3234,49.7,3.3,48.5,0,48.5,98.7,37,2166,shot
matthijs-de-ligt,https://www.sofascore.com/latvia-netherlands/fUbsgUb#id:9223751,netherlands,block,No information,corner,7.4,43.7,0,head,low-right,0,46.2,19,No information,No information,54,No information,3234,43.7,7.4,53.8,0,53.8,81,37,2166,shot
memphis-depay,https://www.sofascore.com/latvia-netherlands/fUbsgUb#id:9223751,netherlands,block,No information,free-kick,28.3,57.9,0,right-foot,low-left,0,53.8,19,No information,No information,53,No information,3120,57.9,28.3,46.2,0,46.2,81,38,2280,shot
owen-wijndal,https://www.sofascore.com/latvia-netherlands/fUbsgUb#id:9223751,netherlands,miss,No information,corner,18,46,0,left-foot,high-left,0,56.6,90.3,No information,No information,49,No information,2906,46,18,43.4,0,43.4,9.7,42,2494,shot
luuk-de-jong,https://www.sofascore.com/latvia-netherlands/fUbsgUb#id:9223751,netherlands,block,No information,corner,12,42.5,0,head,low-centre,0,49.8,19,No information,No information,49,No information,2904,42.5,12,50.2,0,50.2,81,42,2496,shot
luuk-de-jong,https://www.sofascore.com/latvia-netherlands/fUbsgUb#id:9223751,netherlands,post,No information,corner,2.4,51.5,0,head,high,0,49.9,38.6,No information,No information,40,No information,2374,51.5,2.4,50.1,0,50.1,61.4,6,326,shot
davy-klaassen,https://www.sofascore.com/latvia-netherlands/fUbsgUb#id:9223751,netherlands,block,No information,assisted,11,41.5,0,left-foot,low-centre,0,49.3,19,No information,No information,38,No information,2262,41.5,11,50.7,0,50.7,81,8,438,shot
memphis-depay,https://www.sofascore.com/latvia-netherlands/fUbsgUb#id:9223751,netherlands,miss,No information,assisted,7.7,37.7,0,right-foot,close-right,0,44,19.4,No information,No information,37,No information,2185,37.7,7.7,56,0,56,80.6,9,515,shot
steven-berghuis,https://www.sofascore.com/latvia-netherlands/fUbsgUb#id:9223751,netherlands,goal,regular,assisted,18.9,64.3,0,left-foot,high-left,0,53.5,20.9,No information,No information,32,No information,1864,64.3,18.9,46.5,0,46.5,79.1,14,836,shot
raivis-jurkovskis,https://www.sofascore.com/latvia-netherlands/fUbsgUb#id:9223751,latvia,miss,No information,assisted,13.7,37.7,0,right-foot,right,0,39.3,20.8,No information,No information,29,No information,1709,37.7,13.7,60.7,0,60.7,79.2,17,991,shot
davy-klaassen,https://www.sofascore.com/latvia-netherlands/fUbsgUb#id:9223751,netherlands,post,No information,assisted,4.2,50.3,0,head,high,0,51.4,39.2,No information,No information,27,No information,1588,50.3,4.2,48.6,0,48.6,60.8,19,1112,shot
denzel-dumfries,https://www.sofascore.com/latvia-netherlands/fUbsgUb#id:9223751,netherlands,miss,No information,corner,8.7,51.5,0,head,right,0,36.1,5.6,No information,No information,19,No information,1124,51.5,8.7,63.9,0,63.9,94.4,27,1576,shot
georginio-wijnaldum,https://www.sofascore.com/latvia-netherlands/fUbsgUb#id:9223751,netherlands,block,No information,corner,5.4,53.4,0,right-foot,low-right,0,47.4,19,No information,No information,19,No information,1122,53.4,5.4,52.6,0,52.6,81,27,1578,shot
georginio-wijnaldum,https://www.sofascore.com/latvia-netherlands/fUbsgUb#id:9223751,netherlands,block,No information,assisted,19.1,53.6,0,right-foot,low-left,0,54.5,19,No information,No information,17,No information,974,53.6,19.1,45.5,0,45.5,81,29,1726,shot
steven-berghuis,https://www.sofascore.com/latvia-netherlands/fUbsgUb#id:9223751,netherlands,miss,No information,assisted,19.7,57.3,0,left-foot,close-left,0,59,37.5,No information,No information,16,No information,929,57.3,19.7,41,0,41,62.5,30,1771,shot
memphis-depay,https://www.sofascore.com/latvia-netherlands/fUbsgUb#id:9223751,netherlands,miss,No information,assisted,26.8,37.9,0,right-foot,high-right,0,40,79.2,No information,No information,14,No information,826,37.9,26.8,60,0,60,20.8,32,1874,shot
memphis-depay,https://www.sofascore.com/latvia-netherlands/fUbsgUb#id:9223751,netherlands,save,No information,assisted,13.2,42.7,0,right-foot,high-left,0,52,24.1,No information,No information,10,No information,574,42.7,13.2,48,0,48,75.9,36,2126,shot
memphis-depay,https://www.sofascore.com/latvia-netherlands/fUbsgUb#id:9223751,netherlands,save,No information,assisted,8.3,31,0,left-foot,low-centre,0,51,0.6,No information,No information,8,No information,476,31,8.3,49,0,49,99.4,38,2224,shot
memphis-depay,https://www.sofascore.com/latvia-netherlands/fUbsgUb#id:9223751,netherlands,block,No information,assisted,21.6,29.9,0,right-foot,low-centre,0,49.7,19,No information,No information,8,No information,472,29.9,21.6,50.3,0,50.3,81,38,2228,shot
memphis-depay,https://www.sofascore.com/latvia-netherlands/fUbsgUb#id:9223751,netherlands,miss,No information,regular,9.8,27.2,0,right-foot,high-right,0,38.7,45.8,No information,No information,7,No information,370,27.2,9.8,61.3,0,61.3,54.2,39,2330,shot
davy-klaassen,https://www.sofascore.com/latvia-netherlands/fUbsgUb#id:9223751,netherlands,block,No information,assisted,1.6,48.5,0,left-foot,low-centre,0,51,19,No information,No information,6,No information,324,48.5,1.6,49,0,49,81,40,2376,shot
janis-ikaunieks,https://www.sofascore.com/latvia-netherlands/fUbsgUb#id:9223751,latvia,block,No information,assisted,10.8,55.7,0,right-foot,low-centre,0,50,19,No information,No information,5,No information,279,55.7,10.8,50,0,50,81,41,2421,shot
georginio-wijnaldum,https://www.sofascore.com/latvia-netherlands/fUbsgUb#id:9223751,netherlands,block,No information,assisted,10.5,45.1,0,head,low-centre,0,50.9,19,No information,No information,3,No information,133,45.1,10.5,49.1,0,49.1,81,43,2567,shot

donyell-malen,https://www.sofascore.com/gibraltar-netherlands/fUbsoKbb#id:9223723,netherlands,miss,No information,assisted,6.7,50.4,0,head,high,0,54.6,77.8,No information,No information,90,5,5690,50.4,6.7,45.4,0,45.4,22.2,1,610,shot
ryan-babel,https://www.sofascore.com/gibraltar-netherlands/fUbsoKbb#id:9223723,netherlands,miss,No information,corner,7.2,49.3,0,head,left,0,64.5,6.9,No information,No information,90,2,5495,49.3,7.2,35.5,0,35.5,93.1,1,805,shot
memphis-depay,https://www.sofascore.com/gibraltar-netherlands/fUbsoKbb#id:9223723,netherlands,save,No information,assisted,11,64.5,0,right-foot,high-centre,0,48.3,24.7,No information,No information,90,2,5467,64.5,11,51.7,0,51.7,75.3,1,833,shot
memphis-depay,https://www.sofascore.com/gibraltar-netherlands/fUbsoKbb#id:9223723,netherlands,goal,regular,assisted,3.7,43.9,0,right-foot,low-left,0,53,0.6,No information,No information,88,No information,5273,43.9,3.7,47,0,47,99.4,3,127,shot
memphis-depay,https://www.sofascore.com/gibraltar-netherlands/fUbsoKbb#id:9223723,netherlands,miss,No information,assisted,22.5,50.1,0,right-foot,left,0,60.7,23.6,No information,No information,86,No information,5116,50.1,22.5,39.3,0,39.3,76.4,5,284,shot
donny-van-de-beek,https://www.sofascore.com/gibraltar-netherlands/fUbsoKbb#id:9223723,netherlands,goal,regular,assisted,8.1,46,0,left-foot,low-centre,0,49,5.7,No information,No information,85,No information,5047,46,8.1,51,0,51,94.3,6,353,shot
georginio-wijnaldum,https://www.sofascore.com/gibraltar-netherlands/fUbsoKbb#id:9223723,netherlands,miss,No information,assisted,3.6,54.4,0,head,close-right,0,43.7,18.1,No information,No information,76,No information,4542,54.4,3.6,56.3,0,56.3,81.9,15,858,shot
donyell-malen,https://www.sofascore.com/gibraltar-netherlands/fUbsoKbb#id:9223723,netherlands,save,No information,regular,14.4,52.8,0,right-foot,low-centre,0,50.1,12,No information,No information,76,No information,4500,52.8,14.4,49.9,0,49.9,88,15,900,shot
donyell-malen,https://www.sofascore.com/gibraltar-netherlands/fUbsoKbb#id:9223723,netherlands,miss,No information,assisted,20.9,50.3,0,right-foot,left,0,59.8,9.7,No information,No information,70,No information,4151,50.3,20.9,40.2,0,40.2,90.3,21,1249,shot
luuk-de-jong,https://www.sofascore.com/gibraltar-netherlands/fUbsoKbb#id:9223723,netherlands,block,No information,corner,8.3,50.4,0,head,low-centre,0,49,19,No information,No information,66,No information,3945,50.4,8.3,51,0,51,81,25,1455,shot
donyell-malen,https://www.sofascore.com/gibraltar-netherlands/fUbsoKbb#id:9223723,netherlands,goal,regular,assisted,5.1,51.1,0,right-foot,low-centre,0,50.4,1.9,No information,No information,64,No information,3803,51.1,5.1,49.6,0,49.6,98.1,27,1597,shot
georginio-wijnaldum,https://www.sofascore.com/gibraltar-netherlands/fUbsoKbb#id:9223723,netherlands,goal,regular,regular,7.9,50,0,left-foot,low-left,0,53.9,18.4,No information,No information,62,No information,3685,50,7.9,46.1,0,46.1,81.6,29,1715,shot
georginio-wijnaldum,https://www.sofascore.com/gibraltar-netherlands/fUbsoKbb#id:9223723,netherlands,save,No information,assisted,7,49.4,0,head,high-centre,0,50.9,24.1,No information,No information,62,No information,3684,49.4,7,49.1,0,49.1,75.9,29,1716,shot
memphis-depay,https://www.sofascore.com/gibraltar-netherlands/fUbsoKbb#id:9223723,netherlands,goal,regular,free-kick,18.3,19.6,0,right-foot,low-right,0,46.4,4.4,No information,No information,61,No information,3605,19.6,18.3,53.6,0,53.6,95.6,30,1795,shot
steven-berghuis,https://www.sofascore.com/gibraltar-netherlands/fUbsoKbb#id:9223723,netherlands,save,No information,assisted,11.2,62.5,0,left-foot,low-right,0,46.9,13.3,No information,No information,57,No information,3366,62.5,11.2,53.1,0,53.1,86.7,34,2034,shot
luuk-de-jong,https://www.sofascore.com/gibraltar-netherlands/fUbsoKbb#id:9223723,netherlands,goal,regular,assisted,6.5,55.1,0,right-foot,low-centre,0,48.2,6.3,No information,No information,55,No information,3261,55.1,6.5,51.8,0,51.8,93.7,36,2139,shot
matthijs-de-ligt,https://www.sofascore.com/gibraltar-netherlands/fUbsoKbb#id:9223723,netherlands,miss,No information,corner,4.3,53.3,0,head,right,0,40,16.7,No information,No information,45,2,2773,53.3,4.3,60,0,60,83.3,1,2627,shot
owen-wijndal,https://www.sofascore.com/gibraltar-netherlands/fUbsoKbb#id:9223723,netherlands,save,No information,regular,9.5,34,0,left-foot,low-centre,0,51,11.4,No information,No information,45,No information,2672,34,9.5,49,0,49,88.6,1,28,shot
davy-klaassen,https://www.sofascore.com/gibraltar-netherlands/fUbsoKbb#id:9223723,netherlands,block,No information,assisted,9.5,43.7,0,head,low-left,0,52.5,19,No information,No information,45,No information,2671,43.7,9.5,47.5,0,47.5,81,1,29,shot
steven-berghuis,https://www.sofascore.com/gibraltar-netherlands/fUbsoKbb#id:9223723,netherlands,goal,regular,assisted,10,64.5,0,left-foot,low-left,0,53.6,16.5,No information,No information,41,No information,2458,64.5,10,46.4,0,46.4,83.5,5,242,shot
luuk-de-jong,https://www.sofascore.com/gibraltar-netherlands/fUbsoKbb#id:9223723,netherlands,miss,No information,assisted,7,49.9,0,head,left,0,67.6,18.1,No information,No information,40,No information,2387,49.9,7,32.4,0,32.4,81.9,6,313,shot
davy-klaassen,https://www.sofascore.com/gibraltar-netherlands/fUbsoKbb#id:9223723,netherlands,save,No information,assisted,8.8,50.1,0,right-foot,low-centre,0,48.3,0.6,No information,No information,40,No information,2354,50.1,8.8,51.7,0,51.7,99.4,6,346,shot
davy-klaassen,https://www.sofascore.com/gibraltar-netherlands/fUbsoKbb#id:9223723,netherlands,block,No information,assisted,10.1,43.1,0,head,low-centre,0,49.8,19,No information,No information,35,No information,2059,43.1,10.1,50.2,0,50.2,81,11,641,shot
georginio-wijnaldum,https://www.sofascore.com/gibraltar-netherlands/fUbsoKbb#id:9223723,netherlands,save,No information,assisted,21.7,65.1,0,right-foot,low-left,0,54,10.8,No information,No information,25,No information,1495,65.1,21.7,46,0,46,89.2,21,1205,shot
davy-klaassen,https://www.sofascore.com/gibraltar-netherlands/fUbsoKbb#id:9223723,netherlands,miss,No information,assisted,14.4,48.9,0,right-foot,close-right,0,41.2,19.4,No information,No information,25,No information,1487,48.9,14.4,58.8,0,58.8,80.6,21,1213,shot
denzel-dumfries,https://www.sofascore.com/gibraltar-netherlands/fUbsoKbb#id:9223723,netherlands,miss,No information,assisted,4.7,52.4,0,head,close-left,0,57.5,23.6,No information,No information,23,No information,1340,52.4,4.7,42.5,0,42.5,76.4,23,1360,shot
memphis-depay,https://www.sofascore.com/gibraltar-netherlands/fUbsoKbb#id:9223723,netherlands,miss,No information,regular,8.7,47.4,0,right-foot,close-left,0,58.3,12.5,No information,No information,21,No information,1209,47.4,8.7,41.7,0,41.7,87.5,25,1491,shot
georginio-wijnaldum,https://www.sofascore.com/gibraltar-netherlands/fUbsoKbb#id:9223723,netherlands,block,No information,assisted,9.3,61.4,0,right-foot,high-right,0,46.7,22.2,No information,No information,20,No information,1149,61.4,9.3,53.3,0,53.3,77.8,26,1551,shot
davy-klaassen,https://www.sofascore.com/gibraltar-netherlands/fUbsoKbb#id:9223723,netherlands,block,No information,assisted,10.1,51.1,0,right-foot,low-centre,0,51.3,8.3,No information,No information,19,No information,1125,51.1,10.1,48.7,0,48.7,91.7,27,1575,shot
matthijs-de-ligt,https://www.sofascore.com/gibraltar-netherlands/fUbsoKbb#id:9223723,netherlands,miss,No information,corner,5.1,41.5,0,head,close-left,0,59.2,18.1,No information,No information,17,No information,993,41.5,5.1,40.8,0,40.8,81.9,29,1707,shot
memphis-depay,https://www.sofascore.com/gibraltar-netherlands/fUbsoKbb#id:9223723,netherlands,save,No information,corner,2.8,55.5,0,right-foot,high-right,0,47.3,21.5,No information,No information,17,No information,977,55.5,2.8,52.7,0,52.7,78.5,29,1723,shot
steven-berghuis,https://www.sofascore.com/gibraltar-netherlands/fUbsoKbb#id:9223723,netherlands,save,No information,corner,14.8,65.5,0,left-foot,low-right,0,47.4,12.7,No information,No information,17,No information,975,65.5,14.8,52.6,0,52.6,87.3,29,1725,shot
luuk-de-jong,https://www.sofascore.com/gibraltar-netherlands/fUbsoKbb#id:9223723,netherlands,block,No information,corner,12.8,49.9,0,head,low-centre,0,49.2,19,No information,No information,17,No information,967,49.9,12.8,50.8,0,50.8,81,29,1733,shot
owen-wijndal,https://www.sofascore.com/gibraltar-netherlands/fUbsoKbb#id:9223723,netherlands,miss,No information,assisted,15.1,25.5,0,left-foot,high-left,0,58.2,65.3,No information,No information,14,No information,801,25.5,15.1,41.8,0,41.8,34.7,32,1899,shot
memphis-depay,https://www.sofascore.com/gibraltar-netherlands/fUbsoKbb#id:9223723,netherlands,block,No information,assisted,13.2,24,0,right-foot,low-centre,0,48.5,19,No information,No information,11,No information,611,24,13.2,51.5,0,51.5,81,35,2089,shot

davy-klaassen,https://www.sofascore.com/senegal-netherlands/fUbsOUb#id:10230533,netherlands,goal,regular,regular,10.1,41.2,0,left-foot,high-left,0,54,25.3,No information,No information,90,9,5897,41.2,10.1,46,0,46,74.7,1,403,shot
memphis-depay,https://www.sofascore.com/senegal-netherlands/fUbsOUb#id:10230533,netherlands,save,No information,assisted,17.4,66.3,0,left-foot,low-left,0,53.6,0.6,No information,No information,90,9,5894,66.3,17.4,46.4,0,46.4,99.4,1,406,shot
ahmadou-bamba-dieng,https://www.sofascore.com/senegal-netherlands/fUbsOUb#id:10230533,senegal,miss,No information,assisted,7.6,43.9,0,head,high,0,52.9,91.7,No information,No information,90,3,5573,43.9,7.6,47.1,0,47.1,8.3,1,727,shot
ismail-jakobs,https://www.sofascore.com/senegal-netherlands/fUbsOUb#id:10230533,senegal,miss,No information,regular,26.9,27.9,0,left-foot,high,0,46.7,86.1,No information,No information,90,1,5458,27.9,26.9,53.3,0,53.3,13.9,1,842,shot
pape-gueye,https://www.sofascore.com/senegal-netherlands/fUbsOUb#id:10230533,senegal,save,No information,assisted,24.5,68.8,0,left-foot,low-right,0,45.8,0.6,No information,No information,86,No information,5149,68.8,24.5,54.2,0,54.2,99.4,5,251,shot
cody-gakpo,https://www.sofascore.com/senegal-netherlands/fUbsOUb#id:10230533,netherlands,goal,regular,assisted,7.4,47.8,0,head,high-left,0,53.9,22.8,No information,No information,84,No information,5029,47.8,7.4,46.1,0,46.1,77.2,7,371,shot
ismaila-sarr,https://www.sofascore.com/senegal-netherlands/fUbsOUb#id:10230533,senegal,miss,No information,assisted,8.1,51.8,0,head,high,0,45,73.6,No information,No information,82,No information,4883,51.8,8.1,55,0,55,26.4,9,517,shot
ahmadou-bamba-dieng,https://www.sofascore.com/senegal-netherlands/fUbsOUb#id:10230533,senegal,miss,No information,assisted,14.4,41.2,0,left-foot,high,0,54.6,68.1,No information,No information,75,No information,4498,41.2,14.4,45.4,0,45.4,31.9,16,902,shot
idrissa-gueye,https://www.sofascore.com/senegal-netherlands/fUbsOUb#id:10230533,senegal,save,No information,assisted,15.5,50.5,0,right-foot,high-centre,0,49.9,20.9,No information,No information,73,No information,4352,50.5,15.5,50.1,0,50.1,79.1,18,1048,shot
dia-boulaye,https://www.sofascore.com/senegal-netherlands/fUbsOUb#id:10230533,senegal,save,No information,assisted,10.4,67.2,0,right-foot,low-right,0,45.8,3.8,No information,No information,65,No information,3878,67.2,10.4,54.2,0,54.2,96.2,26,1522,shot
steven-berghuis,https://www.sofascore.com/senegal-netherlands/fUbsOUb#id:10230533,netherlands,block,No information,assisted,23.9,35.5,0,left-foot,low-centre,0,49.9,12.5,No information,No information,60,No information,3547,35.5,23.9,50.1,0,50.1,87.5,31,1853,shot
krepin-diatta,https://www.sofascore.com/senegal-netherlands/fUbsOUb#id:10230533,senegal,miss,No information,assisted,5.7,66.6,0,right-foot,high-right,0,31.3,79.2,No information,No information,58,No information,3471,66.6,5.7,68.7,0,68.7,20.8,33,1929,shot
youssouf-sabaly,https://www.sofascore.com/senegal-netherlands/fUbsOUb#id:10230533,senegal,block,No information,regular,24.4,73.5,0,right-foot,low-left,0,53.4,4.2,No information,No information,54,No information,3236,73.5,24.4,46.6,0,46.6,95.8,37,2164,shot
virgil-van-dijk,https://www.sofascore.com/senegal-netherlands/fUbsOUb#id:10230533,netherlands,miss,No information,corner,8,52.6,0,head,close-high,0,50.6,58.3,No information,No information,53,No information,3158,52.6,8,49.4,0,49.4,41.7,38,2242,shot
steven-berghuis,https://www.sofascore.com/senegal-netherlands/fUbsOUb#id:10230533,netherlands,miss,No information,assisted,21.8,59.8,0,left-foot,close-high,0,49.7,56.9,No information,No information,40,No information,2357,59.8,21.8,50.3,0,50.3,43.1,6,343,shot
youssouf-sabaly,https://www.sofascore.com/senegal-netherlands/fUbsOUb#id:10230533,senegal,save,No information,assisted,29.8,71.5,0,right-foot,low-left,0,54.5,1.3,No information,No information,33,No information,1971,71.5,29.8,45.5,0,45.5,98.7,13,729,shot
krepin-diatta,https://www.sofascore.com/senegal-netherlands/fUbsOUb#id:10230533,senegal,miss,No information,assisted,20.9,72.1,0,left-foot,close-right,0,41,1.4,No information,No information,29,No information,1715,72.1,20.9,59,0,59,98.6,17,985,shot
idrissa-gueye,https://www.sofascore.com/senegal-netherlands/fUbsOUb#id:10230533,senegal,block,No information,assisted,18.9,61.5,0,right-foot,low-centre,0,50,19,No information,No information,29,No information,1700,61.5,18.9,50,0,50,81,17,1000,shot
virgil-van-dijk,https://www.sofascore.com/senegal-netherlands/fUbsOUb#id:10230533,netherlands,miss,No information,corner,11,49.5,0,head,right,0,34.6,13.9,No information,No information,27,No information,1598,49.5,11,65.4,0,65.4,86.1,19,1102,shot
ismaila-sarr,https://www.sofascore.com/senegal-netherlands/fUbsOUb#id:10230533,senegal,block,No information,assisted,15.5,29.9,0,right-foot,low-right,0,47.7,19,No information,No information,25,No information,1479,29.9,15.5,52.3,0,52.3,81,21,1221,shot
vincent-janssen,https://www.sofascore.com/senegal-netherlands/fUbsOUb#id:10230533,netherlands,block,No information,assisted,22.4,57,0,left-foot,low-left,0,52.1,19,No information,No information,19,No information,1131,57,22.4,47.9,0,47.9,81,27,1569,shot
daley-blind,https://www.sofascore.com/senegal-netherlands/fUbsOUb#id:10230533,netherlands,miss,No information,assisted,7.7,42.3,0,head,close-left,0,57.6,12.5,No information,No information,17,No information,977,42.3,7.7,42.4,0,42.4,87.5,29,1723,shot
ismaila-sarr,https://www.sofascore.com/senegal-netherlands/fUbsOUb#id:10230533,senegal,miss,No information,assisted,22.8,54.4,0,left-foot,close-high,0,46.2,56.9,No information,No information,9,No information,528,54.4,22.8,53.8,0,53.8,43.1,37,2172,shot
vincent-janssen,https://www.sofascore.com/senegal-netherlands/fUbsOUb#id:10230533,netherlands,block,No information,regular,14.4,42.7,0,left-foot,low-centre,0,48.7,19,No information,No information,4,No information,235,42.7,14.4,51.3,0,51.3,81,42,2465,shot
dia-boulaye,https://www.sofascore.com/senegal-netherlands/fUbsOUb#id:10230533,senegal,block,No information,assisted,11.7,34.7,0,left-foot,low-left,0,51.9,19,No information,No information,1,No information,45,34.7,11.7,48.1,0,48.1,81,45,2655,shot

steven-berghuis,https://www.sofascore.com/netherlands-bosnia-and-herzegovina/EObsfUb#id:8600826,netherlands,save,No information,free-kick,12,82.7,0,left-foot,low-centre,0,51.5,11.4,No information,No information,89,No information,5284,82.7,12,48.5,0,48.5,88.6,2,116,shot
miralem-pjanic,https://www.sofascore.com/netherlands-bosnia-and-herzegovina/EObsfUb#id:8600826,bosnia & herzegovina,block,No information,free-kick,27.5,43.9,0,right-foot,low-centre,0,51.5,19,No information,No information,85,No information,5048,43.9,27.5,48.5,0,48.5,81,6,352,shot
smail-prevljak,https://www.sofascore.com/netherlands-bosnia-and-herzegovina/EObsfUb#id:8600826,bosnia & herzegovina,miss,No information,assisted,10.5,53,0,right-foot,left,0,59.5,15.3,No information,No information,77,No information,4603,53,10.5,40.5,0,40.5,84.7,14,797,shot
steven-berghuis,https://www.sofascore.com/netherlands-bosnia-and-herzegovina/EObsfUb#id:8600826,netherlands,save,No information,assisted,23.9,51.1,0,left-foot,low-left,0,53.9,3.8,No information,No information,71,No information,4240,51.1,23.9,46.1,0,46.1,96.2,20,1160,shot
miralem-pjanic,https://www.sofascore.com/netherlands-bosnia-and-herzegovina/EObsfUb#id:8600826,bosnia & herzegovina,block,No information,free-kick,19.4,40.4,0,right-foot,low-centre,0,48.8,19,No information,No information,69,No information,4137,40.4,19.4,51.2,0,51.2,81,22,1263,shot
smail-prevljak,https://www.sofascore.com/netherlands-bosnia-and-herzegovina/EObsfUb#id:8600826,bosnia & herzegovina,goal,regular,assisted,8.1,49.9,0,right-foot,low-left,0,51.9,2.5,No information,No information,63,No information,3761,49.9,8.1,48.1,0,48.1,97.5,28,1639,shot
owen-wijndal,https://www.sofascore.com/netherlands-bosnia-and-herzegovina/EObsfUb#id:8600826,netherlands,save,No information,assisted,11.7,26.8,0,left-foot,high-centre,0,50,31.6,No information,No information,62,No information,3690,26.8,11.7,50,0,50,68.4,29,1710,shot
memphis-depay,https://www.sofascore.com/netherlands-bosnia-and-herzegovina/EObsfUb#id:8600826,netherlands,goal,regular,assisted,4.8,51.2,0,left-foot,low-centre,0,50.4,1.9,No information,No information,55,No information,3272,51.2,4.8,49.6,0,49.6,98.1,36,2128,shot
edin-visca,https://www.sofascore.com/netherlands-bosnia-and-herzegovina/EObsfUb#id:8600826,bosnia & herzegovina,miss,No information,assisted,12.9,76.9,0,right-foot,left,0,67.4,11.1,No information,No information,54,No information,3231,76.9,12.9,32.6,0,32.6,88.9,37,2169,shot
memphis-depay,https://www.sofascore.com/netherlands-bosnia-and-herzegovina/EObsfUb#id:8600826,netherlands,save,No information,regular,15,41.2,0,right-foot,low-right,0,47.8,1.3,No information,No information,51,No information,3018,41.2,15,52.2,0,52.2,98.7,40,2382,shot
amer-gojak,https://www.sofascore.com/netherlands-bosnia-and-herzegovina/EObsfUb#id:8600826,bosnia & herzegovina,miss,No information,assisted,14.7,48.2,0,head,close-right,0,41.5,1.4,No information,No information,50,No information,2998,48.2,14.7,58.5,0,58.5,98.6,41,2402,shot
steven-berghuis,https://www.sofascore.com/netherlands-bosnia-and-herzegovina/EObsfUb#id:8600826,netherlands,miss,No information,assisted,14,62.3,0,left-foot,close-right,0,42.2,8.3,No information,No information,49,No information,2930,62.3,14,57.8,0,57.8,91.7,42,2470,shot
steven-berghuis,https://www.sofascore.com/netherlands-bosnia-and-herzegovina/EObsfUb#id:8600826,netherlands,save,No information,assisted,12.4,44,0,left-foot,low-centre,0,49.8,4.4,No information,No information,47,No information,2801,44,12.4,50.2,0,50.2,95.6,44,2599,shot
steven-berghuis,https://www.sofascore.com/netherlands-bosnia-and-herzegovina/EObsfUb#id:8600826,netherlands,miss,No information,assisted,19.7,86.6,0,left-foot,left,0,69.9,16.7,No information,No information,45,1,2723,86.6,19.7,30.1,0,30.1,83.3,1,2677,shot
armin-hodzic,https://www.sofascore.com/netherlands-bosnia-and-herzegovina/EObsfUb#id:8600826,bosnia & herzegovina,miss,No information,set-piece,3.5,32.8,0,left-foot,close-left,0,58,12.5,No information,No information,42,No information,2490,32.8,3.5,42,0,42,87.5,4,210,shot
steven-berghuis,https://www.sofascore.com/netherlands-bosnia-and-herzegovina/EObsfUb#id:8600826,netherlands,miss,No information,regular,12.9,47.9,0,left-foot,close-right,0,41.5,22.2,No information,No information,36,No information,2110,47.9,12.9,58.5,0,58.5,77.8,10,590,shot
rade-krunic,https://www.sofascore.com/netherlands-bosnia-and-herzegovina/EObsfUb#id:8600826,bosnia & herzegovina,save,No information,assisted,18.5,48.2,0,right-foot,low-right,0,47.4,2.5,No information,No information,33,No information,1936,48.2,18.5,52.6,0,52.6,97.5,13,764,shot
georginio-wijnaldum,https://www.sofascore.com/netherlands-bosnia-and-herzegovina/EObsfUb#id:8600826,netherlands,save,No information,assisted,10.4,45,0,right-foot,low-centre,0,48.5,1.9,No information,No information,30,No information,1787,45,10.4,51.5,0,51.5,98.1,16,913,shot
gojko-cimirot,https://www.sofascore.com/netherlands-bosnia-and-herzegovina/EObsfUb#id:8600826,bosnia & herzegovina,block,No information,assisted,24.1,62.5,0,right-foot,low-centre,0,48.5,19,No information,No information,25,No information,1482,62.5,24.1,51.5,0,51.5,81,21,1218,shot
steven-berghuis,https://www.sofascore.com/netherlands-bosnia-and-herzegovina/EObsfUb#id:8600826,netherlands,block,No information,assisted,22.6,64.1,0,left-foot,low-left,0,52.6,19,No information,No information,21,No information,1224,64.1,22.6,47.4,0,47.4,81,25,1476,shot
steven-berghuis,https://www.sofascore.com/netherlands-bosnia-and-herzegovina/EObsfUb#id:8600826,netherlands,block,No information,regular,11.1,63.9,0,left-foot,low-centre,0,51.7,19,No information,No information,20,No information,1160,63.9,11.1,48.3,0,48.3,81,26,1540,shot
luuk-de-jong,https://www.sofascore.com/netherlands-bosnia-and-herzegovina/EObsfUb#id:8600826,netherlands,block,No information,assisted,10.8,61.7,0,right-foot,low-right,0,46.4,19,No information,No information,19,No information,1117,61.7,10.8,53.6,0,53.6,81,27,1583,shot
georginio-wijnaldum,https://www.sofascore.com/netherlands-bosnia-and-herzegovina/EObsfUb#id:8600826,netherlands,goal,regular,assisted,1.4,46,0,right-foot,low-left,0,52.4,3.2,No information,No information,13,No information,776,46,1.4,47.6,0,47.6,96.8,33,1924,shot
miralem-pjanic,https://www.sofascore.com/netherlands-bosnia-and-herzegovina/EObsfUb#id:8600826,bosnia & herzegovina,miss,No information,assisted,16.8,53,0,right-foot,high,0,51.8,75,No information,No information,13,No information,744,53,16.8,48.2,0,48.2,25,33,1956,shot
memphis-depay,https://www.sofascore.com/netherlands-bosnia-and-herzegovina/EObsfUb#id:8600826,netherlands,block,No information,assisted,20.4,28.5,0,right-foot,low-right,0,47.3,19,No information,No information,11,No information,655,28.5,20.4,52.7,0,52.7,81,35,2045,shot
memphis-depay,https://www.sofascore.com/netherlands-bosnia-and-herzegovina/EObsfUb#id:8600826,netherlands,save,No information,assisted,17.1,34.2,0,right-foot,low-centre,0,50.3,17.1,No information,No information,11,No information,614,34.2,17.1,49.7,0,49.7,82.9,35,2086,shot
georginio-wijnaldum,https://www.sofascore.com/netherlands-bosnia-and-herzegovina/EObsfUb#id:8600826,netherlands,goal,regular,assisted,7.8,45.1,0,right-foot,low-centre,0,51.7,10.1,No information,No information,6,No information,342,45.1,7.8,48.3,0,48.3,89.9,40,2358,shot
miralem-pjanic,https://www.sofascore.com/netherlands-bosnia-and-herzegovina/EObsfUb#id:8600826,bosnia & herzegovina,miss,No information,assisted,17.9,70.9,0,right-foot,close-left,0,57.8,2.8,No information,No information,4,No information,225,70.9,17.9,42.2,0,42.2,97.2,42,2475,shot

georginio-wijnaldum,https://www.sofascore.com/belarus-netherlands/fUbsTUb#id:8079180,netherlands,save,No information,assisted,14,56.9,0,left-foot,low-centre,0,48.4,1.3,No information,No information,90,3,5543,56.9,14,51.6,0,51.6,98.7,1,757,shot
steven-bergwijn,https://www.sofascore.com/belarus-netherlands/fUbsTUb#id:8079180,netherlands,block,No information,assisted,15,32.6,0,right-foot,No information,No information,No information,No information,No information,No information,88,No information,5240,32.6,15,No information,No information,No information,No information,3,160,shot
georginio-wijnaldum,https://www.sofascore.com/belarus-netherlands/fUbsTUb#id:8079180,netherlands,miss,No information,regular,21.1,55.5,0,right-foot,high,0,47.9,86.1,No information,No information,87,No information,5210,55.5,21.1,52.1,0,52.1,13.9,4,190,shot
donyell-malen,https://www.sofascore.com/belarus-netherlands/fUbsTUb#id:8079180,netherlands,save,No information,assisted,10.5,56.7,0,right-foot,low-right,0,46.2,12,No information,No information,79,No information,4735,56.7,10.5,53.8,0,53.8,88,12,665,shot
luuk-de-jong,https://www.sofascore.com/belarus-netherlands/fUbsTUb#id:8079180,netherlands,miss,No information,assisted,7.7,51,0,head,high-left,0,61,56.9,No information,No information,75,No information,4463,51,7.7,39,0,39,43.1,16,937,shot
georginio-wijnaldum,https://www.sofascore.com/belarus-netherlands/fUbsTUb#id:8079180,netherlands,miss,No information,assisted,11.1,48.7,0,head,close-left,0,58.7,22.2,No information,No information,68,No information,4044,48.7,11.1,41.3,0,41.3,77.8,23,1356,shot
georginio-wijnaldum,https://www.sofascore.com/belarus-netherlands/fUbsTUb#id:8079180,netherlands,miss,No information,assisted,21.7,27.7,0,right-foot,close-left,0,58.2,2.8,No information,No information,66,No information,3923,27.7,21.7,41.8,0,41.8,97.2,25,1477,shot
stanislav-dragun,https://www.sofascore.com/belarus-netherlands/fUbsTUb#id:8079180,belarus,miss,No information,corner,10.7,59.4,0,right-foot,close-high,0,45.9,52.8,No information,No information,65,No information,3861,59.4,10.7,54.1,0,54.1,47.2,26,1539,shot
evgeni-yablonski,https://www.sofascore.com/belarus-netherlands/fUbsTUb#id:8079180,belarus,block,No information,corner,26.5,52.4,0,right-foot,No information,No information,No information,No information,No information,No information,64,No information,3818,52.4,26.5,No information,No information,No information,No information,27,1582,shot
igor-stasevich,https://www.sofascore.com/belarus-netherlands/fUbsTUb#id:8079180,belarus,miss,No information,assisted,13.9,69.9,0,right-foot,close-right,0,41.8,25,No information,No information,59,No information,3531,69.9,13.9,58.2,0,58.2,75,32,1869,shot
stanislav-dragun,https://www.sofascore.com/belarus-netherlands/fUbsTUb#id:8079180,belarus,goal,regular,assisted,7.3,51.1,0,head,low-left,0,54.2,5.7,No information,No information,54,No information,3180,51.1,7.3,45.8,0,45.8,94.3,37,2220,shot
yuri-kovalev,https://www.sofascore.com/belarus-netherlands/fUbsTUb#id:8079180,belarus,block,No information,assisted,12.7,75.6,0,right-foot,No information,No information,No information,No information,No information,No information,48,No information,2871,75.6,12.7,No information,No information,No information,No information,43,2529,shot
igor-stasevich,https://www.sofascore.com/belarus-netherlands/fUbsTUb#id:8079180,belarus,miss,No information,regular,18.7,50.4,0,right-foot,close-left,0,58,2.8,No information,No information,46,No information,2711,50.4,18.7,42,0,42,97.2,45,2689,shot
quincy-promes,https://www.sofascore.com/belarus-netherlands/fUbsTUb#id:8079180,netherlands,save,No information,assisted,23.1,38.8,0,right-foot,high-centre,0,50.9,22.2,No information,No information,45,2,2769,38.8,23.1,49.1,0,49.1,77.8,1,2631,shot
evgeni-yablonski,https://www.sofascore.com/belarus-netherlands/fUbsTUb#id:8079180,belarus,miss,No information,assisted,30.5,28.6,0,right-foot,close-right,0,42,20.8,No information,No information,45,No information,2657,28.6,30.5,58,0,58,79.2,1,43,shot
georginio-wijnaldum,https://www.sofascore.com/belarus-netherlands/fUbsTUb#id:8079180,netherlands,goal,regular,assisted,23.8,31,0,right-foot,high-right,0,45.9,31,No information,No information,41,No information,2423,31,23.8,54.1,0,54.1,69,5,277,shot
frenkie-de-jong,https://www.sofascore.com/belarus-netherlands/fUbsTUb#id:8079180,netherlands,miss,No information,assisted,26.1,46.4,0,right-foot,high-right,0,38.8,73.6,No information,No information,40,No information,2368,46.4,26.1,61.2,0,61.2,26.4,6,332,shot
donyell-malen,https://www.sofascore.com/belarus-netherlands/fUbsTUb#id:8079180,netherlands,block,No information,assisted,18.1,47.6,0,right-foot,No information,No information,No information,No information,No information,No information,40,No information,2360,47.6,18.1,No information,No information,No information,No information,6,340,shot
virgil-van-dijk,https://www.sofascore.com/belarus-netherlands/fUbsTUb#id:8079180,netherlands,miss,No information,corner,8.1,41.9,0,head,left,0,61,12.5,No information,No information,38,No information,2249,41.9,8.1,39,0,39,87.5,8,451,shot
joel-veltman,https://www.sofascore.com/belarus-netherlands/fUbsTUb#id:8079180,netherlands,save,No information,assisted,13.5,63.7,0,right-foot,low-centre,0,48.2,3.2,No information,No information,36,No information,2142,63.7,13.5,51.8,0,51.8,96.8,10,558,shot
quincy-promes,https://www.sofascore.com/belarus-netherlands/fUbsTUb#id:8079180,netherlands,save,No information,assisted,11.5,71.4,0,left-foot,low-right,0,48,5.7,No information,No information,35,No information,2063,71.4,11.5,52,0,52,94.3,11,637,shot
georginio-wijnaldum,https://www.sofascore.com/belarus-netherlands/fUbsTUb#id:8079180,netherlands,goal,regular,assisted,5.3,47.4,0,head,high-left,0,52.8,27.2,No information,No information,32,No information,1867,47.4,5.3,47.2,0,47.2,72.8,14,833,shot
denis-laptev,https://www.sofascore.com/belarus-netherlands/fUbsTUb#id:8079180,belarus,miss,No information,corner,7.8,43,0,left-foot,high-left,0,59.3,56.9,No information,No information,26,No information,1531,43,7.8,40.7,0,40.7,43.1,20,1169,shot
donny-van-de-beek,https://www.sofascore.com/belarus-netherlands/fUbsTUb#id:8079180,netherlands,miss,No information,assisted,7.9,66.4,0,right-foot,close-high,0,50.6,52.8,No information,No information,20,No information,1174,66.4,7.9,49.4,0,49.4,47.2,26,1526,shot
donny-van-de-beek,https://www.sofascore.com/belarus-netherlands/fUbsTUb#id:8079180,netherlands,block,No information,assisted,18.8,38.8,0,right-foot,No information,No information,No information,No information,No information,No information,18,No information,1039,38.8,18.8,No information,No information,No information,No information,28,1661,shot
quincy-promes,https://www.sofascore.com/belarus-netherlands/fUbsTUb#id:8079180,netherlands,block,No information,assisted,19.2,38.4,0,right-foot,No information,No information,No information,No information,No information,No information,16,No information,952,38.4,19.2,No information,No information,No information,No information,30,1748,shot
bakhar-ivan,https://www.sofascore.com/belarus-netherlands/fUbsTUb#id:8079180,belarus,block,No information,assisted,18.5,20.2,0,right-foot,No information,No information,No information,No information,No information,No information,14,No information,810,20.2,18.5,No information,No information,No information,No information,32,1890,shot
quincy-promes,https://www.sofascore.com/belarus-netherlands/fUbsTUb#id:8079180,netherlands,block,No information,assisted,23.8,33.4,0,right-foot,No information,No information,No information,No information,No information,No information,10,No information,572,33.4,23.8,No information,No information,No information,No information,36,2128,shot
virgil-van-dijk,https://www.sofascore.com/belarus-netherlands/fUbsTUb#id:8079180,netherlands,miss,No information,corner,6.7,55.1,0,head,right,0,40.2,20.8,No information,No information,9,No information,503,55.1,6.7,59.8,0,59.8,79.2,37,2197,shot
steven-bergwijn,https://www.sofascore.com/belarus-netherlands/fUbsTUb#id:8079180,netherlands,miss,No information,assisted,25.1,34.5,0,right-foot,high-right,0,39.7,79.2,No information,No information,6,No information,357,34.5,25.1,60.3,0,60.3,20.8,40,2343,shot

ryan-babel,https://www.sofascore.com/netherlands-bosnia-and-herzegovina/EObsfUb#id:8600753,netherlands,miss,No information,regular,10.5,53.8,0,right-foot,left,0,65,20.8,No information,No information,90,2,5474,53.8,10.5,35,0,35,79.2,1,826,shot
steven-berghuis,https://www.sofascore.com/netherlands-bosnia-and-herzegovina/EObsfUb#id:8600753,netherlands,save,No information,assisted,23.9,62.9,0,left-foot,low-centre,0,48.2,2.5,No information,No information,85,No information,5067,62.9,23.9,51.8,0,51.8,97.5,6,333,shot
frenkie-de-jong,https://www.sofascore.com/netherlands-bosnia-and-herzegovina/EObsfUb#id:8600753,netherlands,block,No information,assisted,9.5,44.5,0,right-foot,low-centre,0,50.1,8.3,No information,No information,85,No information,5044,44.5,9.5,49.9,0,49.9,91.7,6,356,shot
daley-blind,https://www.sofascore.com/netherlands-bosnia-and-herzegovina/EObsfUb#id:8600753,netherlands,miss,No information,corner,17.7,38.6,0,left-foot,right,0,14.3,1.4,No information,No information,78,No information,4662,38.6,17.7,85.7,0,85.7,98.6,13,738,shot
luuk-de-jong,https://www.sofascore.com/netherlands-bosnia-and-herzegovina/EObsfUb#id:8600753,netherlands,save,No information,corner,8.7,47.5,0,head,low-right,0,47.9,15.2,No information,No information,78,No information,4641,47.5,8.7,52.1,0,52.1,84.8,13,759,shot
frenkie-de-jong,https://www.sofascore.com/netherlands-bosnia-and-herzegovina/EObsfUb#id:8600753,netherlands,save,No information,assisted,8.3,63.7,0,right-foot,low-right,0,46.6,5.1,No information,No information,77,No information,4616,63.7,8.3,53.4,0,53.4,94.9,14,784,shot
georginio-wijnaldum,https://www.sofascore.com/netherlands-bosnia-and-herzegovina/EObsfUb#id:8600753,netherlands,block,No information,corner,3.4,39.6,0,head,low-left,0,53.6,19,No information,No information,77,No information,4581,39.6,3.4,46.4,0,46.4,81,14,819,shot
miralem-pjanic,https://www.sofascore.com/netherlands-bosnia-and-herzegovina/EObsfUb#id:8600753,bosnia & herzegovina,save,No information,fast-break,16.2,63.3,0,right-foot,low-right,0,47.1,5.1,No information,No information,69,No information,4089,63.3,16.2,52.9,0,52.9,94.9,22,1311,shot
amir-hadziahmetovic,https://www.sofascore.com/netherlands-bosnia-and-herzegovina/EObsfUb#id:8600753,bosnia & herzegovina,miss,No information,corner,21.4,64.1,0,right-foot,right,0,36.5,13.9,No information,No information,65,No information,3862,64.1,21.4,63.5,0,63.5,86.1,26,1538,shot
sead-kolasinac,https://www.sofascore.com/netherlands-bosnia-and-herzegovina/EObsfUb#id:8600753,bosnia & herzegovina,block,No information,assisted,4.3,34,0,left-foot,low-left,0,53.4,6.9,No information,No information,64,No information,3825,34,4.3,46.6,0,46.6,93.1,27,1575,shot
quincy-promes,https://www.sofascore.com/netherlands-bosnia-and-herzegovina/EObsfUb#id:8600753,netherlands,miss,No information,assisted,30.2,55.7,0,right-foot,high-right,0,42,68.1,No information,No information,64,No information,3782,55.7,30.2,58,0,58,31.9,27,1618,shot
stefan-de-vrij,https://www.sofascore.com/netherlands-bosnia-and-herzegovina/EObsfUb#id:8600753,netherlands,miss,No information,corner,9.7,50.6,0,head,right,0,28.2,15.3,No information,No information,53,No information,3175,50.6,9.7,71.8,0,71.8,84.7,38,2225,shot
georginio-wijnaldum,https://www.sofascore.com/netherlands-bosnia-and-herzegovina/EObsfUb#id:8600753,netherlands,save,No information,assisted,14.7,38.8,0,right-foot,high-centre,0,48.6,27.2,No information,No information,51,No information,3053,38.8,14.7,51.4,0,51.4,72.8,40,2347,shot
marten-de-roon,https://www.sofascore.com/netherlands-bosnia-and-herzegovina/EObsfUb#id:8600753,netherlands,miss,No information,set-piece,22.8,66,0,right-foot,left,0,61.7,2.8,No information,No information,45,No information,2662,66,22.8,38.3,0,38.3,97.2,1,38,shot
marten-de-roon,https://www.sofascore.com/netherlands-bosnia-and-herzegovina/EObsfUb#id:8600753,netherlands,block,No information,assisted,22.8,60.6,0,right-foot,low-centre,0,48.8,19,No information,No information,43,No information,2565,60.6,22.8,51.2,0,51.2,81,3,135,shot
stefan-de-vrij,https://www.sofascore.com/netherlands-bosnia-and-herzegovina/EObsfUb#id:8600753,netherlands,miss,No information,corner,6.8,42.4,0,head,right,0,36,18.1,No information,No information,42,No information,2506,42.4,6.8,64,0,64,81.9,4,194,shot
rade-krunic,https://www.sofascore.com/netherlands-bosnia-and-herzegovina/EObsfUb#id:8600753,bosnia & herzegovina,block,No information,assisted,17.1,40.6,0,right-foot,low-left,0,52.9,19,No information,No information,36,No information,2143,40.6,17.1,47.1,0,47.1,81,10,557,shot
benjamin-tatar,https://www.sofascore.com/netherlands-bosnia-and-herzegovina/EObsfUb#id:8600753,bosnia & herzegovina,miss,No information,assisted,29.7,71.4,0,right-foot,left,0,62.4,2.8,No information,No information,34,No information,2007,71.4,29.7,37.6,0,37.6,97.2,12,693,shot
quincy-promes,https://www.sofascore.com/netherlands-bosnia-and-herzegovina/EObsfUb#id:8600753,netherlands,miss,No information,fast-break,14.7,30.6,0,right-foot,high-right,0,43.9,68.1,No information,No information,28,No information,1675,30.6,14.7,56.1,0,56.1,31.9,18,1025,shot
amer-gojak,https://www.sofascore.com/netherlands-bosnia-and-herzegovina/EObsfUb#id:8600753,bosnia & herzegovina,block,No information,assisted,12.5,39.7,0,left-foot,low-centre,0,50.4,19,No information,No information,12,No information,675,39.7,12.5,49.6,0,49.6,81,34,2025,shot
stefan-de-vrij,https://www.sofascore.com/netherlands-bosnia-and-herzegovina/EObsfUb#id:8600753,netherlands,miss,No information,set-piece,7,47.6,0,head,left,0,70.8,11.1,No information,No information,5,No information,298,47.6,7,29.2,0,29.2,88.9,41,2402,shot

teun-koopmeiners,https://www.sofascore.com/gibraltar-netherlands/fUbsoKbb#id:10752594,netherlands,miss,No information,assisted,5.1,41.1,0,head,right,0,39.3,30.6,No information,No information,90,1,5454,41.1,5.1,60.7,0,60.7,69.4,1,846,shot
tijjani-reijnders,https://www.sofascore.com/gibraltar-netherlands/fUbsoKbb#id:10752594,netherlands,miss,No information,assisted,27.3,50.7,0,right-foot,close-left,0,58.3,2.8,No information,No information,89,No information,5295,50.7,27.3,41.7,0,41.7,97.2,2,105,shot
cody-gakpo,https://www.sofascore.com/gibraltar-netherlands/fUbsoKbb#id:10752594,netherlands,goal,regular,assisted,19.1,16.4,0,right-foot,low-right,0,46.4,15.8,No information,No information,81,No information,4813,16.4,19.1,53.6,0,53.6,84.2,10,587,shot
stefan-de-vrij,https://www.sofascore.com/gibraltar-netherlands/fUbsoKbb#id:10752594,netherlands,block,No information,set-piece,5.3,35.9,0,head,low-left,0,54.3,19.4,No information,No information,79,No information,4737,35.9,5.3,45.7,0,45.7,80.6,12,663,shot
xavi-simons,https://www.sofascore.com/gibraltar-netherlands/fUbsoKbb#id:10752594,netherlands,miss,No information,regular,16.2,34.9,0,right-foot,high-right,0,37.5,47.2,No information,No information,76,No information,4525,34.9,16.2,62.5,0,62.5,52.8,15,875,shot
thijs-dallinga,https://www.sofascore.com/gibraltar-netherlands/fUbsoKbb#id:10752594,netherlands,save,No information,assisted,4.4,56.9,0,right-foot,low-right,0,47,15.8,No information,No information,72,No information,4293,56.9,4.4,53,0,53,84.2,19,1107,shot
calvin-stengs,https://www.sofascore.com/gibraltar-netherlands/fUbsoKbb#id:10752594,netherlands,goal,regular,assisted,13.6,60.9,0,left-foot,high-right,0,46.5,24.1,No information,No information,62,No information,3661,60.9,13.6,53.5,0,53.5,75.9,29,1739,shot
tijjani-reijnders,https://www.sofascore.com/gibraltar-netherlands/fUbsoKbb#id:10752594,netherlands,save,No information,assisted,19.8,48.8,0,left-foot,low-centre,0,50,8.9,No information,No information,57,No information,3408,48.8,19.8,50,0,50,91.1,34,1992,shot
calvin-stengs,https://www.sofascore.com/gibraltar-netherlands/fUbsoKbb#id:10752594,netherlands,goal,regular,assisted,9.9,55.3,0,left-foot,low-right,0,46.3,7.6,No information,No information,50,No information,2979,55.3,9.9,53.7,0,53.7,92.4,41,2421,shot
teun-koopmeiners,https://www.sofascore.com/gibraltar-netherlands/fUbsoKbb#id:10752594,netherlands,block,No information,free-kick,19.9,59.5,0,left-foot,low-centre,0,51.4,19,No information,No information,45,3,2849,59.5,19.9,48.6,0,48.6,81,1,2551,shot
wout-weghorst,https://www.sofascore.com/gibraltar-netherlands/fUbsoKbb#id:10752594,netherlands,block,No information,assisted,10.8,50,0,head,low-left,0,52.4,19,No information,No information,41,No information,2426,50,10.8,47.6,0,47.6,81,5,274,shot
teun-koopmeiners,https://www.sofascore.com/gibraltar-netherlands/fUbsoKbb#id:10752594,netherlands,goal,regular,assisted,7.3,46.2,0,right-foot,low-right,0,47.4,2.5,No information,No information,38,No information,2262,46.2,7.3,52.6,0,52.6,97.5,8,438,shot
donyell-malen,https://www.sofascore.com/gibraltar-netherlands/fUbsoKbb#id:10752594,netherlands,miss,No information,assisted,13.1,26.2,0,right-foot,high-right,0,39.7,59.7,No information,No information,36,No information,2131,26.2,13.1,60.3,0,60.3,40.3,10,569,shot
donyell-malen,https://www.sofascore.com/gibraltar-netherlands/fUbsoKbb#id:10752594,netherlands,block,No information,assisted,13.5,39.7,0,right-foot,low-centre,0,49.1,19,No information,No information,34,No information,2035,39.7,13.5,50.9,0,50.9,81,12,665,shot
donyell-malen,https://www.sofascore.com/gibraltar-netherlands/fUbsoKbb#id:10752594,netherlands,save,No information,corner,15.5,54.9,0,right-foot,low-left,0,52.5,1.3,No information,No information,32,No information,1882,54.9,15.5,47.5,0,47.5,98.7,14,818,shot
teun-koopmeiners,https://www.sofascore.com/gibraltar-netherlands/fUbsoKbb#id:10752594,netherlands,block,No information,assisted,11.1,46.1,0,left-foot,low-centre,0,49.5,19,No information,No information,32,No information,1861,46.1,11.1,50.5,0,50.5,81,14,839,shot
wout-weghorst,https://www.sofascore.com/gibraltar-netherlands/fUbsoKbb#id:10752594,netherlands,miss,No information,corner,7.3,47.3,0,head,close-high,0,54.1,55.6,No information,No information,30,No information,1798,47.3,7.3,45.9,0,45.9,44.4,16,902,shot
calvin-stengs,https://www.sofascore.com/gibraltar-netherlands/fUbsoKbb#id:10752594,netherlands,block,No information,assisted,14.8,54.8,0,left-foot,low-centre,0,50.3,19,No information,No information,25,No information,1448,54.8,14.8,49.7,0,49.7,81,21,1252,shot
mats-wieffer,https://www.sofascore.com/gibraltar-netherlands/fUbsoKbb#id:10752594,netherlands,goal,regular,corner,8.7,47.3,0,head,low-right,0,46.4,13.9,No information,No information,23,No information,1339,47.3,8.7,53.6,0,53.6,86.1,23,1361,shot
mats-wieffer,https://www.sofascore.com/gibraltar-netherlands/fUbsoKbb#id:10752594,netherlands,miss,No information,assisted,7.8,54.1,0,head,left,0,59.8,11.1,No information,No information,21,No information,1235,54.1,7.8,40.2,0,40.2,88.9,25,1465,shot
calvin-stengs,https://www.sofascore.com/gibraltar-netherlands/fUbsoKbb#id:10752594,netherlands,goal,regular,assisted,10,51.8,0,left-foot,low-left,0,53.2,3.8,No information,No information,10,No information,566,51.8,10,46.8,0,46.8,96.2,36,2134,shot
wout-weghorst,https://www.sofascore.com/gibraltar-netherlands/fUbsoKbb#id:10752594,netherlands,miss,No information,corner,10.2,55.6,0,right-foot,high-right,0,35.8,54.2,No information,No information,4,No information,216,55.6,10.2,64.2,0,64.2,45.8,42,2484,shot
wout-weghorst,https://www.sofascore.com/gibraltar-netherlands/fUbsoKbb#id:10752594,netherlands,block,No information,assisted,9.4,53.9,0,head,low-centre,0,50.7,19,No information,No information,4,No information,187,53.9,9.4,49.3,0,49.3,81,42,2513,shot

grzegorz-krychowiak,https://www.sofascore.com/netherlands-poland/dUbsfUb#id:10023358,poland,miss,No information,fast-break,37.4,68.6,0,right-foot,high-right,0,40.7,65.3,No information,No information,90,7,5797,68.6,37.4,59.3,0,59.3,34.7,1,503,shot
denzel-dumfries,https://www.sofascore.com/netherlands-poland/dUbsfUb#id:10023358,netherlands,miss,No information,corner,8.1,41,0,head,close-right,0,41.2,8.3,No information,No information,90,3,5520,41,8.1,58.8,0,58.8,91.7,1,780,shot
memphis-depay,https://www.sofascore.com/netherlands-poland/dUbsfUb#id:10023358,netherlands,save,No information,assisted,8,55,0,head,high-right,0,48.1,31.6,No information,No information,90,2,5500,55,8,51.9,0,51.9,68.4,1,800,shot
memphis-depay,https://www.sofascore.com/netherlands-poland/dUbsfUb#id:10023358,netherlands,post,No information,penalty,11.5,50,0,right-foot,right,0,44.6,27.2,No information,No information,90,1,5442,50,11.5,55.4,0,55.4,72.8,1,858,shot
memphis-depay,https://www.sofascore.com/netherlands-poland/dUbsfUb#id:10023358,netherlands,save,No information,assisted,7.1,52,0,right-foot,low-centre,0,49.1,13.9,No information,No information,88,No information,5232,52,7.1,50.9,0,50.9,86.1,3,168,shot
jordan-teze,https://www.sofascore.com/netherlands-poland/dUbsfUb#id:10023358,netherlands,miss,No information,regular,23.3,55.5,0,right-foot,high,0,52.9,63.9,No information,No information,85,No information,5093,55.5,23.3,47.1,0,47.1,36.1,6,307,shot
jordan-teze,https://www.sofascore.com/netherlands-poland/dUbsfUb#id:10023358,netherlands,block,No information,assisted,28.9,53,0,right-foot,low-centre,0,49.1,19,No information,No information,85,No information,5090,53,28.9,50.9,0,50.9,81,6,310,shot
grzegorz-krychowiak,https://www.sofascore.com/netherlands-poland/dUbsfUb#id:10023358,poland,save,No information,fast-break,23.5,49.1,0,right-foot,low-centre,0,50,7,No information,No information,73,No information,4354,49.1,23.5,50,0,50,93,18,1046,shot
daley-blind,https://www.sofascore.com/netherlands-poland/dUbsfUb#id:10023358,netherlands,miss,No information,assisted,16.6,28.8,0,left-foot,right,0,38.7,18.1,No information,No information,69,No information,4081,28.8,16.6,61.3,0,61.3,81.9,22,1319,shot
krzysztof-piatek,https://www.sofascore.com/netherlands-poland/dUbsfUb#id:10023358,poland,miss,No information,assisted,12.5,72.9,0,right-foot,high,0,47.6,77.8,No information,No information,60,No information,3551,72.9,12.5,52.4,0,52.4,22.2,31,1849,shot
denzel-dumfries,https://www.sofascore.com/netherlands-poland/dUbsfUb#id:10023358,netherlands,goal,regular,assisted,10.7,59.2,0,right-foot,low-right,0,46.6,9.5,No information,No information,54,No information,3194,59.2,10.7,53.4,0,53.4,90.5,37,2206,shot
davy-klaassen,https://www.sofascore.com/netherlands-poland/dUbsfUb#id:10023358,netherlands,goal,regular,regular,7.5,49.6,0,right-foot,low-left,0,52.4,13.9,No information,No information,51,No information,3052,49.6,7.5,47.6,0,47.6,86.1,40,2348,shot
piotr-zielinski,https://www.sofascore.com/netherlands-poland/dUbsfUb#id:10023358,poland,goal,regular,assisted,8.1,45.8,0,right-foot,low-left,0,52.5,1.3,No information,No information,49,No information,2921,45.8,8.1,47.5,0,47.5,98.7,42,2479,shot
jurrien-timber,https://www.sofascore.com/netherlands-poland/dUbsfUb#id:10023358,netherlands,miss,No information,assisted,23.8,51.9,0,right-foot,high,0,47.7,91.7,No information,No information,37,No information,2203,51.9,23.8,52.3,0,52.3,8.3,9,497,shot
daley-blind,https://www.sofascore.com/netherlands-poland/dUbsfUb#id:10023358,netherlands,block,No information,assisted,24.8,43.5,0,left-foot,low-right,0,48,19,No information,No information,28,No information,1651,43.5,24.8,52,0,52,81,18,1049,shot
memphis-depay,https://www.sofascore.com/netherlands-poland/dUbsfUb#id:10023358,netherlands,save,No information,assisted,21.2,56.9,0,right-foot,low-centre,0,48.7,16.5,No information,No information,27,No information,1611,56.9,21.2,51.3,0,51.3,83.5,19,1089,shot
daley-blind,https://www.sofascore.com/netherlands-poland/dUbsfUb#id:10023358,netherlands,miss,No information,regular,9.1,39.4,0,left-foot,high,0,52.3,79.2,No information,No information,22,No information,1275,39.4,9.1,47.7,0,47.7,20.8,24,1425,shot
steven-berghuis,https://www.sofascore.com/netherlands-poland/dUbsfUb#id:10023358,netherlands,save,No information,assisted,24.8,69.7,0,left-foot,low-left,0,52.4,12.7,No information,No information,22,No information,1273,69.7,24.8,47.6,0,47.6,87.3,24,1427,shot
matty-cash,https://www.sofascore.com/netherlands-poland/dUbsfUb#id:10023358,poland,goal,regular,assisted,14.1,70.9,0,right-foot,low-left,0,53.5,3.2,No information,No information,18,No information,1078,70.9,14.1,46.5,0,46.5,96.8,28,1622,shot
steven-bergwijn,https://www.sofascore.com/netherlands-poland/dUbsfUb#id:10023358,netherlands,miss,No information,regular,13.1,47.4,0,right-foot,high,0,47.2,76.4,No information,No information,17,No information,1000,47.4,13.1,52.8,0,52.8,23.6,29,1700,shot
steven-berghuis,https://www.sofascore.com/netherlands-poland/dUbsfUb#id:10023358,netherlands,miss,No information,assisted,25.5,72.6,0,left-foot,left,0,62.9,30.6,No information,No information,15,No information,886,72.6,25.5,37.1,0,37.1,69.4,31,1814,shot
davy-klaassen,https://www.sofascore.com/netherlands-poland/dUbsfUb#id:10023358,netherlands,miss,No information,assisted,9.9,63.9,0,right-foot,left,0,61.7,4.2,No information,No information,8,No information,420,63.9,9.9,38.3,0,38.3,95.8,38,2280,shot

patrick-van-aanholt,https://www.sofascore.com/estonia-netherlands/fUbsjVb#id:8079053,netherlands,miss,No information,assisted,13.4,39.5,0,right-foot,high-right,0,35.5,87.5,No information,No information,90,3,5523,39.5,13.4,64.5,0,64.5,12.5,1,777,shot
konstantin-vassiljev,https://www.sofascore.com/estonia-netherlands/fUbsjVb#id:8079053,estonia,save,No information,assisted,14.5,46.3,0,left-foot,low-centre,0,50.3,3.2,No information,No information,90,2,5469,46.3,14.5,49.7,0,49.7,96.8,1,831,shot
myron-boadu,https://www.sofascore.com/estonia-netherlands/fUbsjVb#id:8079053,netherlands,goal,regular,assisted,10.5,36.4,0,right-foot,low-centre,0,51.1,0.6,No information,No information,87,No information,5187,36.4,10.5,48.9,0,48.9,99.4,4,213,shot
nathan-ake,https://www.sofascore.com/estonia-netherlands/fUbsjVb#id:8079053,netherlands,save,No information,corner,9.7,42.1,0,left-foot,low-left,0,51.9,10.1,No information,No information,86,No information,5108,42.1,9.7,48.1,0,48.1,89.9,5,292,shot
georginio-wijnaldum,https://www.sofascore.com/estonia-netherlands/fUbsjVb#id:8079053,netherlands,goal,regular,fast-break,13.8,47,0,right-foot,low-right,0,47.7,5.1,No information,No information,78,No information,4676,47,13.8,52.3,0,52.3,94.9,13,724,shot
patrick-van-aanholt,https://www.sofascore.com/estonia-netherlands/fUbsjVb#id:8079053,netherlands,miss,No information,corner,26.6,45.7,0,left-foot,high,0,50.3,97.2,No information,No information,76,No information,4500,45.7,26.6,49.7,0,49.7,2.8,15,900,shot
myron-boadu,https://www.sofascore.com/estonia-netherlands/fUbsjVb#id:8079053,netherlands,save,No information,assisted,19.8,33.1,0,right-foot,high-centre,0,49.7,33.5,No information,No information,75,No information,4457,33.1,19.8,50.3,0,50.3,66.5,16,943,shot
davy-propper,https://www.sofascore.com/estonia-netherlands/fUbsjVb#id:8079053,netherlands,block,No information,regular,19.5,64.1,0,right-foot,No information,No information,No information,No information,No information,No information,74,No information,4416,64.1,19.5,No information,No information,No information,No information,17,984,shot
quincy-promes,https://www.sofascore.com/estonia-netherlands/fUbsjVb#id:8079053,netherlands,block,No information,assisted,11.7,68.8,0,right-foot,No information,No information,No information,No information,No information,No information,74,No information,4412,68.8,11.7,No information,No information,No information,No information,17,988,shot
wout-weghorst,https://www.sofascore.com/estonia-netherlands/fUbsjVb#id:8079053,netherlands,save,No information,assisted,11,31.2,0,right-foot,high-centre,0,49.2,27.2,No information,No information,74,No information,4391,31.2,11,50.8,0,50.8,72.8,17,1009,shot
myron-boadu,https://www.sofascore.com/estonia-netherlands/fUbsjVb#id:8079053,netherlands,block,No information,assisted,13.6,29.7,0,right-foot,No information,No information,No information,No information,No information,No information,69,No information,4117,29.7,13.6,No information,No information,No information,No information,22,1283,shot
patrick-van-aanholt,https://www.sofascore.com/estonia-netherlands/fUbsjVb#id:8079053,netherlands,miss,No information,assisted,9.1,42.4,0,left-foot,high,0,54.6,95.8,No information,No information,69,No information,4083,42.4,9.1,45.4,0,45.4,4.2,22,1317,shot
georginio-wijnaldum,https://www.sofascore.com/estonia-netherlands/fUbsjVb#id:8079053,netherlands,goal,regular,assisted,13.5,52.8,0,right-foot,low-right,0,46.5,0.6,No information,No information,66,No information,3918,52.8,13.5,53.5,0,53.5,99.4,25,1482,shot
luuk-de-jong,https://www.sofascore.com/estonia-netherlands/fUbsjVb#id:8079053,netherlands,miss,No information,corner,11.5,55.7,0,head,high,0,47.4,75,No information,No information,60,No information,3572,55.7,11.5,52.6,0,52.6,25,31,1828,shot
konstantin-vassiljev,https://www.sofascore.com/estonia-netherlands/fUbsjVb#id:8079053,estonia,miss,No information,assisted,30.9,29.5,0,right-foot,high,0,51.9,61.1,No information,No information,55,No information,3293,29.5,30.9,48.1,0,48.1,38.9,36,2107,shot
quincy-promes,https://www.sofascore.com/estonia-netherlands/fUbsjVb#id:8079053,netherlands,save,No information,regular,24.6,55.8,0,left-foot,low-right,0,45.8,10.8,No information,No information,51,No information,3028,55.8,24.6,54.2,0,54.2,89.2,40,2372,shot
sergei-zenjov,https://www.sofascore.com/estonia-netherlands/fUbsjVb#id:8079053,estonia,miss,No information,assisted,16.2,67.5,0,left-foot,left,0,59.7,26.4,No information,No information,50,No information,2954,67.5,16.2,40.3,0,40.3,73.6,41,2446,shot
calvin-stengs,https://www.sofascore.com/estonia-netherlands/fUbsjVb#id:8079053,netherlands,save,No information,assisted,20.7,57.8,0,left-foot,low-left,0,52.6,10.1,No information,No information,48,No information,2876,57.8,20.7,47.4,0,47.4,89.9,43,2524,shot
erik-sorga,https://www.sofascore.com/estonia-netherlands/fUbsjVb#id:8079053,estonia,save,No information,assisted,25.5,53.9,0,right-foot,low-centre,0,49,3.2,No information,No information,39,No information,2333,53.9,25.5,51,0,51,96.8,7,367,shot
erik-sorga,https://www.sofascore.com/estonia-netherlands/fUbsjVb#id:8079053,estonia,miss,No information,assisted,28.4,46,0,right-foot,close-right,0,41,9.7,No information,No information,36,No information,2125,46,28.4,59,0,59,90.3,10,575,shot
georginio-wijnaldum,https://www.sofascore.com/estonia-netherlands/fUbsjVb#id:8079053,netherlands,miss,No information,assisted,16.5,43.3,0,right-foot,close-right,0,41.5,9.7,No information,No information,34,No information,2025,43.3,16.5,58.5,0,58.5,90.3,12,675,shot
ilja-antonov,https://www.sofascore.com/estonia-netherlands/fUbsjVb#id:8079053,estonia,miss,No information,assisted,26.5,57.6,0,right-foot,high,0,45.2,81.9,No information,No information,30,No information,1760,57.6,26.5,54.8,0,54.8,18.1,16,940,shot
henrik-ojamaa,https://www.sofascore.com/estonia-netherlands/fUbsjVb#id:8079053,estonia,block,No information,assisted,24.1,25.9,0,right-foot,No information,No information,No information,No information,No information,No information,30,No information,1755,25.9,24.1,No information,No information,No information,No information,16,945,shot
luuk-de-jong,https://www.sofascore.com/estonia-netherlands/fUbsjVb#id:8079053,netherlands,save,No information,assisted,8.3,44.2,0,head,low-left,0,52.6,17.7,No information,No information,29,No information,1712,44.2,8.3,47.4,0,47.4,82.3,17,988,shot
patrick-van-aanholt,https://www.sofascore.com/estonia-netherlands/fUbsjVb#id:8079053,netherlands,save,No information,fast-break,11.8,34.5,0,right-foot,low-left,0,54,1.9,No information,No information,21,No information,1221,34.5,11.8,46,0,46,98.1,25,1479,shot
erik-sorga,https://www.sofascore.com/estonia-netherlands/fUbsjVb#id:8079053,estonia,miss,No information,assisted,12.3,57,0,right-foot,right,0,39.8,11.1,No information,No information,20,No information,1162,57,12.3,60.2,0,60.2,88.9,26,1538,shot
nathan-ake,https://www.sofascore.com/estonia-netherlands/fUbsjVb#id:8079053,netherlands,goal,regular,corner,7.6,50,0,head,high-left,0,53.5,33.5,No information,No information,19,No information,1080,50,7.6,46.5,0,46.5,66.5,27,1620,shot
calvin-stengs,https://www.sofascore.com/estonia-netherlands/fUbsjVb#id:8079053,netherlands,save,No information,assisted,19.2,47.8,0,left-foot,low-left,0,52.1,18.4,No information,No information,18,No information,1051,47.8,19.2,47.9,0,47.9,81.6,28,1649,shot
georginio-wijnaldum,https://www.sofascore.com/estonia-netherlands/fUbsjVb#id:8079053,netherlands,save,No information,assisted,13.4,49.9,0,right-foot,low-centre,0,49,3.2,No information,No information,17,No information,968,49.9,13.4,51,0,51,96.8,29,1732,shot
sergei-zenjov,https://www.sofascore.com/estonia-netherlands/fUbsjVb#id:8079053,estonia,block,No information,assisted,21.1,76,0,right-foot,No information,No information,No information,No information,No information,No information,13,No information,767,76,21.1,No information,No information,No information,No information,33,1933,shot
georginio-wijnaldum,https://www.sofascore.com/estonia-netherlands/fUbsjVb#id:8079053,netherlands,goal,regular,assisted,6.9,44.8,0,head,low-right,0,45.8,9.5,No information,No information,6,No information,329,44.8,6.9,54.2,0,54.2,90.5,40,2371,shot

denzel-dumfries,https://www.sofascore.com/netherlands-ukraine/bUbsfUb#id:8513129,netherlands,goal,regular,assisted,10.7,57.3,0,head,low-right,0,46.7,18.4,No information,No information,85,No information,5071,57.3,10.7,53.3,0,53.3,81.6,6,329,shot
roman-yaremchuk,https://www.sofascore.com/netherlands-ukraine/bUbsfUb#id:8513129,ukraine,goal,regular,set-piece,9.5,52,0,head,low-right,0,46.5,13.9,No information,No information,79,No information,4714,52,9.5,53.5,0,53.5,86.1,12,686,shot
nathan-ake,https://www.sofascore.com/netherlands-ukraine/bUbsfUb#id:8513129,netherlands,block,No information,assisted,25.1,36.1,0,left-foot,low-centre,0,51.4,19,No information,No information,78,No information,4625,36.1,25.1,48.6,0,48.6,81,13,775,shot
andriy-yarmolenko,https://www.sofascore.com/netherlands-ukraine/bUbsfUb#id:8513129,ukraine,goal,regular,assisted,22.3,61.5,0,left-foot,high-left,0,53.4,30.4,No information,No information,75,No information,4469,61.5,22.3,46.6,0,46.6,69.6,16,931,shot
roman-yaremchuk,https://www.sofascore.com/netherlands-ukraine/bUbsfUb#id:8513129,ukraine,save,No information,assisted,21.6,42.7,0,right-foot,low-left,0,52.9,10.8,No information,No information,72,No information,4305,42.7,21.6,47.1,0,47.1,89.2,19,1095,shot
wout-weghorst,https://www.sofascore.com/netherlands-ukraine/bUbsfUb#id:8513129,netherlands,goal,regular,regular,7.8,61,0,right-foot,high-right,0,46.5,20.3,No information,No information,58,No information,3476,61,7.8,53.5,0,53.5,79.7,33,1924,shot
wout-weghorst,https://www.sofascore.com/netherlands-ukraine/bUbsfUb#id:8513129,netherlands,save,No information,assisted,18.2,48,0,left-foot,high-centre,0,50.8,22.8,No information,No information,55,No information,3290,48,18.2,49.2,0,49.2,77.2,36,2110,shot
georginio-wijnaldum,https://www.sofascore.com/netherlands-ukraine/bUbsfUb#id:8513129,netherlands,goal,regular,regular,14.7,48,0,left-foot,high-left,0,52.1,29.7,No information,No information,52,No information,3111,48,14.7,47.9,0,47.9,70.3,39,2289,shot
denzel-dumfries,https://www.sofascore.com/netherlands-ukraine/bUbsfUb#id:8513129,netherlands,miss,No information,assisted,4.8,57.3,0,head,close-right,0,42.5,9.7,No information,No information,40,No information,2357,57.3,4.8,57.5,0,57.5,90.3,6,343,shot
georginio-wijnaldum,https://www.sofascore.com/netherlands-ukraine/bUbsfUb#id:8513129,netherlands,save,No information,regular,15.8,47.6,0,right-foot,low-centre,0,50.3,17.1,No information,No information,39,No information,2290,47.6,15.8,49.7,0,49.7,82.9,7,410,shot
patrick-van-aanholt,https://www.sofascore.com/netherlands-ukraine/bUbsfUb#id:8513129,netherlands,miss,No information,corner,25.6,53.4,0,left-foot,high,0,47.9,79.2,No information,No information,37,No information,2166,53.4,25.6,52.1,0,52.1,20.8,9,534,shot
andriy-yarmolenko,https://www.sofascore.com/netherlands-ukraine/bUbsfUb#id:8513129,ukraine,save,No information,assisted,15.5,63.4,0,right-foot,low-centre,0,48.8,13.9,No information,No information,30,No information,1792,63.4,15.5,51.2,0,51.2,86.1,16,908,shot
roman-yaremchuk,https://www.sofascore.com/netherlands-ukraine/bUbsfUb#id:8513129,ukraine,save,No information,assisted,17.6,62.3,0,left-foot,low-right,0,45.4,14.6,No information,No information,15,No information,894,62.3,17.6,54.6,0,54.6,85.4,31,1806,shot
ruslan-malinovskyi,https://www.sofascore.com/netherlands-ukraine/bUbsfUb#id:8513129,ukraine,block,No information,assisted,27.5,50.9,0,left-foot,low-centre,0,49.3,19,No information,No information,10,No information,546,50.9,27.5,50.7,0,50.7,81,36,2154,shot
georginio-wijnaldum,https://www.sofascore.com/netherlands-ukraine/bUbsfUb#id:8513129,netherlands,block,No information,assisted,19.2,61.4,0,right-foot,low-right,0,47.3,19,No information,No information,9,No information,481,61.4,19.2,52.7,0,52.7,81,37,2219,shot
georginio-wijnaldum,https://www.sofascore.com/netherlands-ukraine/bUbsfUb#id:8513129,netherlands,miss,No information,assisted,14.5,58.8,0,right-foot,high,0,49.4,66.7,No information,No information,7,No information,401,58.8,14.5,50.6,0,50.6,33.3,39,2299,shot
patrick-van-aanholt,https://www.sofascore.com/netherlands-ukraine/bUbsfUb#id:8513129,netherlands,miss,No information,corner,18.7,43.9,0,left-foot,right,0,34.8,20.8,No information,No information,6,No information,338,43.9,18.7,65.2,0,65.2,79.2,40,2362,shot
denzel-dumfries,https://www.sofascore.com/netherlands-ukraine/bUbsfUb#id:8513129,netherlands,save,No information,assisted,7,58.8,0,right-foot,low-centre,0,51.7,3.2,No information,No information,5,No information,298,58.8,7,48.3,0,48.3,96.8,41,2402,shot
memphis-depay,https://www.sofascore.com/netherlands-ukraine/bUbsfUb#id:8513129,netherlands,block,No information,assisted,10.8,38.8,0,right-foot,low-left,0,51.9,19,No information,No information,5,No information,295,38.8,10.8,48.1,0,48.1,81,41,2405,shot
georginio-wijnaldum,https://www.sofascore.com/netherlands-ukraine/bUbsfUb#id:8513129,netherlands,block,No information,assisted,18.7,52.1,0,right-foot,low-centre,0,49.2,19,No information,No information,5,No information,290,52.1,18.7,50.8,0,50.8,81,41,2410,shot
andriy-yarmolenko,https://www.sofascore.com/netherlands-ukraine/bUbsfUb#id:8513129,ukraine,miss,No information,corner,4.6,41.9,0,head,left,0,68.4,29.2,No information,No information,4,No information,233,41.9,4.6,31.6,0,31.6,70.8,42,2467,shot
memphis-depay,https://www.sofascore.com/netherlands-ukraine/bUbsfUb#id:8513129,netherlands,save,No information,fast-break,18.7,40.6,0,left-foot,low-left,0,53.9,1.3,No information,No information,2,No information,97,40.6,18.7,46.1,0,46.1,98.7,44,2603,shot

jan-bednarek,https://www.sofascore.com/netherlands-poland/dUbsfUb#id:10023356,poland,block,No information,set-piece,12.2,36.4,0,head,low-left,0,52.2,19,No information,No information,83,No information,4952,36.4,12.2,47.8,0,47.8,81,8,448,shot
vincent-janssen,https://www.sofascore.com/netherlands-poland/dUbsfUb#id:10023356,netherlands,miss,No information,assisted,23.8,28.1,0,right-foot,close-left,0,56.5,11.1,No information,No information,81,No information,4851,28.1,23.8,43.5,0,43.5,88.9,10,549,shot
cody-gakpo,https://www.sofascore.com/netherlands-poland/dUbsfUb#id:10023356,netherlands,miss,No information,assisted,22.6,36.7,0,right-foot,close-right,0,42.7,29.2,No information,No information,80,No information,4776,36.7,22.6,57.3,0,57.3,70.8,11,624,shot
wout-weghorst,https://www.sofascore.com/netherlands-poland/dUbsfUb#id:10023356,netherlands,miss,No information,assisted,12.8,35.9,0,right-foot,high-right,0,43,69.4,No information,No information,77,No information,4598,35.9,12.8,57,0,57,30.6,14,802,shot
steven-bergwijn,https://www.sofascore.com/netherlands-poland/dUbsfUb#id:10023356,netherlands,goal,regular,assisted,10.3,38.2,0,right-foot,low-right,0,48.1,0.6,No information,No information,60,No information,3543,38.2,10.3,51.9,0,51.9,99.4,31,1857,shot
arkadiusz-milik,https://www.sofascore.com/netherlands-poland/dUbsfUb#id:10023356,poland,miss,No information,assisted,29.5,52.7,0,left-foot,high,0,52.1,69.4,No information,No information,59,No information,3493,52.7,29.5,47.9,0,47.9,30.6,32,1907,shot
steven-berghuis,https://www.sofascore.com/netherlands-poland/dUbsfUb#id:10023356,netherlands,miss,No information,assisted,8.8,68,0,right-foot,close-right,0,41,34.7,No information,No information,56,No information,3317,68,8.8,59,0,59,65.3,35,2083,shot
sebastian-szymanski,https://www.sofascore.com/netherlands-poland/dUbsfUb#id:10023356,poland,miss,No information,assisted,11.5,29.1,0,left-foot,high-left,0,59.2,75,No information,No information,54,No information,3207,29.1,11.5,40.8,0,40.8,25,37,2193,shot
arkadiusz-milik,https://www.sofascore.com/netherlands-poland/dUbsfUb#id:10023356,poland,miss,No information,assisted,5.7,44.1,0,left-foot,high,0,50.9,68.1,No information,No information,53,No information,3121,44.1,5.7,49.1,0,49.1,31.9,38,2279,shot
steven-bergwijn,https://www.sofascore.com/netherlands-poland/dUbsfUb#id:10023356,netherlands,block,No information,assisted,10.9,72,0,right-foot,low-right,0,48,19,No information,No information,48,No information,2833,72,10.9,52,0,52,81,43,2567,shot
steven-berghuis,https://www.sofascore.com/netherlands-poland/dUbsfUb#id:10023356,netherlands,miss,No information,assisted,14.3,70.4,0,left-foot,close-left,0,58.7,15.3,No information,No information,43,No information,2532,70.4,14.3,41.3,0,41.3,84.7,3,168,shot
nicola-zalewski,https://www.sofascore.com/netherlands-poland/dUbsfUb#id:10023356,poland,save,No information,assisted,12.7,30.3,0,right-foot,low-centre,0,48.7,15.2,No information,No information,37,No information,2219,30.3,12.7,51.3,0,51.3,84.8,9,481,shot
steven-berghuis,https://www.sofascore.com/netherlands-poland/dUbsfUb#id:10023356,netherlands,miss,No information,assisted,14.1,69.7,0,left-foot,left,0,59.7,18.1,No information,No information,31,No information,1842,69.7,14.1,40.3,0,40.3,81.9,15,858,shot
steven-bergwijn,https://www.sofascore.com/netherlands-poland/dUbsfUb#id:10023356,netherlands,block,No information,assisted,13.5,62,0,right-foot,low-centre,0,49.3,19,No information,No information,25,No information,1476,62,13.5,50.7,0,50.7,81,21,1224,shot
cody-gakpo,https://www.sofascore.com/netherlands-poland/dUbsfUb#id:10023356,netherlands,goal,regular,assisted,3,50,0,left-foot,low-centre,0,49.7,3.2,No information,No information,14,No information,780,50,3,50.3,0,50.3,96.8,32,1920,shot
piotr-zielinski,https://www.sofascore.com/netherlands-poland/dUbsfUb#id:10023356,poland,save,No information,assisted,29.6,43.9,0,right-foot,low-centre,0,51.6,16.5,No information,No information,9,No information,533,43.9,29.6,48.4,0,48.4,83.5,37,2167,shot

memphis-depay,https://www.sofascore.com/netherlands-norway/AObsfUb#id:9223960,netherlands,goal,regular,fast-break,3.6,40.2,0,left-foot,low-left,0,52.8,8.9,No information,No information,90,1,5415,40.2,3.6,47.2,0,47.2,91.1,1,885,shot
stian-gregersen,https://www.sofascore.com/netherlands-norway/AObsfUb#id:9223960,norway,miss,No information,assisted,28.3,45.2,0,right-foot,high-right,0,36,98.6,No information,No information,88,No information,5260,45.2,28.3,64,0,64,1.4,3,140,shot
steven-bergwijn,https://www.sofascore.com/netherlands-norway/AObsfUb#id:9223960,netherlands,goal,regular,assisted,12.4,59.5,0,right-foot,high-right,0,47.3,31,No information,No information,84,No information,4995,59.5,12.4,52.7,0,52.7,69,7,405,shot
memphis-depay,https://www.sofascore.com/netherlands-norway/AObsfUb#id:9223960,netherlands,miss,No information,regular,12.2,42.7,0,left-foot,close-left,0,56.6,5.6,No information,No information,77,No information,4562,42.7,12.2,43.4,0,43.4,94.4,14,838,shot
memphis-depay,https://www.sofascore.com/netherlands-norway/AObsfUb#id:9223960,netherlands,block,No information,assisted,15.1,47.8,0,right-foot,low-left,0,52.5,19,No information,No information,76,No information,4559,47.8,15.1,47.5,0,47.5,81,15,841,shot
arnaut-danjuma,https://www.sofascore.com/netherlands-norway/AObsfUb#id:9223960,netherlands,miss,No information,assisted,3.8,38.3,0,left-foot,high,0,47.6,80.6,No information,No information,65,No information,3898,38.3,3.8,52.4,0,52.4,19.4,26,1502,shot
kristian-thorstvedt,https://www.sofascore.com/netherlands-norway/AObsfUb#id:9223960,norway,miss,No information,throw-in-set-piece,4.7,33.2,0,right-foot,high-right,0,37.5,58.3,No information,No information,55,No information,3253,33.2,4.7,62.5,0,62.5,41.7,36,2147,shot
memphis-depay,https://www.sofascore.com/netherlands-norway/AObsfUb#id:9223960,netherlands,save,No information,regular,26.4,50.3,0,right-foot,low-left,0,52.6,7,No information,No information,40,No information,2388,50.3,26.4,47.4,0,47.4,93,6,312,shot
memphis-depay,https://www.sofascore.com/netherlands-norway/AObsfUb#id:9223960,netherlands,save,No information,assisted,4.1,44.2,0,head,low-left,0,52.3,13.9,No information,No information,27,No information,1590,44.2,4.1,47.7,0,47.7,86.1,19,1110,shot
arnaut-danjuma,https://www.sofascore.com/netherlands-norway/AObsfUb#id:9223960,netherlands,miss,No information,assisted,13,35.5,0,right-foot,right,0,40.2,8.3,No information,No information,26,No information,1513,35.5,13,59.8,0,59.8,91.7,20,1187,shot
georginio-wijnaldum,https://www.sofascore.com/netherlands-norway/AObsfUb#id:9223960,netherlands,miss,No information,regular,8.5,56.1,0,other,close-right,0,42,6.9,No information,No information,24,No information,1423,56.1,8.5,58,0,58,93.1,22,1277,shot
memphis-depay,https://www.sofascore.com/netherlands-norway/AObsfUb#id:9223960,netherlands,save,No information,assisted,4.4,46.2,0,head,low-centre,0,50,9.5,No information,No information,13,No information,729,46.2,4.4,50,0,50,90.5,33,1971,shot

georginio-wijnaldum,https://www.sofascore.com/italy-netherlands/fUbshUb#id:8600821,netherlands,miss,No information,regular,22.1,54,0,right-foot,close-left,0,59.2,2.8,No information,No information,88,No information,5235,54,22.1,40.8,0,40.8,97.2,3,165,shot
memphis-depay,https://www.sofascore.com/italy-netherlands/fUbshUb#id:8600821,netherlands,miss,No information,assisted,28.4,58.9,0,right-foot,high-right,0,36.6,61.1,No information,No information,87,No information,5170,58.9,28.4,63.4,0,63.4,38.9,4,230,shot
leonardo-bonucci,https://www.sofascore.com/italy-netherlands/fUbshUb#id:8600821,italy,miss,No information,set-piece,8.6,53.6,0,head,left,0,63.2,6.9,No information,No information,59,No information,3521,53.6,8.6,36.8,0,36.8,93.1,32,1879,shot
ciro-immobile,https://www.sofascore.com/italy-netherlands/fUbshUb#id:8600821,italy,save,No information,fast-break,14.7,47.6,0,right-foot,low-left,0,52.1,8.9,No information,No information,56,No information,3357,47.6,14.7,47.9,0,47.9,91.1,35,2043,shot
daley-blind,https://www.sofascore.com/italy-netherlands/fUbshUb#id:8600821,netherlands,block,No information,corner,26.1,38.5,0,left-foot,low-centre,0,50,19,No information,No information,56,No information,3345,38.5,26.1,50,0,50,81,35,2055,shot
nathan-ake,https://www.sofascore.com/italy-netherlands/fUbshUb#id:8600821,netherlands,block,No information,corner,10.6,42.4,0,head,low-centre,0,49.8,19,No information,No information,56,No information,3342,42.4,10.6,50.2,0,50.2,81,35,2058,shot
memphis-depay,https://www.sofascore.com/italy-netherlands/fUbshUb#id:8600821,netherlands,save,No information,assisted,10.8,29.6,0,right-foot,low-right,0,46.4,3.8,No information,No information,55,No information,3264,29.6,10.8,53.6,0,53.6,96.2,36,2136,shot
hans-hateboer,https://www.sofascore.com/italy-netherlands/fUbshUb#id:8600821,netherlands,block,No information,corner,25.9,57.4,0,right-foot,low-left,0,53.7,19,No information,No information,50,No information,2946,57.4,25.9,46.3,0,46.3,81,41,2454,shot
luuk-de-jong,https://www.sofascore.com/italy-netherlands/fUbshUb#id:8600821,netherlands,save,No information,corner,2.6,62.5,0,right-foot,high-centre,0,49.5,35.4,No information,No information,49,No information,2909,62.5,2.6,50.5,0,50.5,64.6,42,2491,shot
georginio-wijnaldum,https://www.sofascore.com/italy-netherlands/fUbshUb#id:8600821,netherlands,block,No information,corner,12.4,41.9,0,right-foot,low-centre,0,50.3,19,No information,No information,49,No information,2881,41.9,12.4,49.7,0,49.7,81,42,2519,shot
luuk-de-jong,https://www.sofascore.com/italy-netherlands/fUbshUb#id:8600821,netherlands,miss,No information,assisted,11.6,57.5,0,head,right,0,33.3,4.2,No information,No information,45,2,2760,57.5,11.6,66.7,0,66.7,95.8,1,2640,shot
leonardo-bonucci,https://www.sofascore.com/italy-netherlands/fUbshUb#id:8600821,italy,miss,No information,corner,13.5,54,0,head,high-left,0,56.5,63.9,No information,No information,40,No information,2388,54,13.5,43.5,0,43.5,36.1,6,312,shot
danilo-dambrosio,https://www.sofascore.com/italy-netherlands/fUbshUb#id:8600821,italy,save,No information,assisted,23.8,68.4,0,right-foot,low-right,0,46.2,6.3,No information,No information,39,No information,2337,68.4,23.8,53.8,0,53.8,93.7,7,363,shot
leonardo-spinazzola,https://www.sofascore.com/italy-netherlands/fUbshUb#id:8600821,italy,save,No information,assisted,9,33.4,0,right-foot,low-centre,0,51.4,1.9,No information,No information,39,No information,2325,33.4,9,48.6,0,48.6,98.1,7,375,shot
luuk-de-jong,https://www.sofascore.com/italy-netherlands/fUbshUb#id:8600821,netherlands,miss,No information,assisted,6.9,52.7,0,head,close-left,0,58.8,4.2,No information,No information,36,No information,2116,52.7,6.9,41.2,0,41.2,95.8,10,584,shot
luuk-de-jong,https://www.sofascore.com/italy-netherlands/fUbshUb#id:8600821,netherlands,miss,No information,assisted,10.2,53.1,0,head,left,0,60,4.2,No information,No information,35,No information,2049,53.1,10.2,40,0,40,95.8,11,651,shot
donny-van-de-beek,https://www.sofascore.com/italy-netherlands/fUbshUb#id:8600821,netherlands,goal,regular,assisted,8.3,49.3,0,right-foot,high-right,0,46.2,32.3,No information,No information,25,No information,1495,49.3,8.3,53.8,0,53.8,67.7,21,1205,shot
memphis-depay,https://www.sofascore.com/italy-netherlands/fUbshUb#id:8600821,netherlands,block,No information,assisted,10.3,45.5,0,right-foot,low-centre,0,50.5,19,No information,No information,25,No information,1494,45.5,10.3,49.5,0,49.5,81,21,1206,shot
ciro-immobile,https://www.sofascore.com/italy-netherlands/fUbshUb#id:8600821,italy,save,No information,assisted,11.5,31,0,right-foot,low-centre,0,48.8,13.9,No information,No information,23,No information,1358,31,11.5,51.2,0,51.2,86.1,23,1342,shot
lorenzo-pellegrini,https://www.sofascore.com/italy-netherlands/fUbshUb#id:8600821,italy,goal,regular,assisted,12.5,45.4,0,left-foot,low-left,0,53.6,13.3,No information,No information,16,No information,953,45.4,12.5,46.4,0,46.4,86.7,30,1747,shot
luuk-de-jong,https://www.sofascore.com/italy-netherlands/fUbshUb#id:8600821,netherlands,block,No information,corner,10,55.2,0,head,low-centre,0,49.6,19,No information,No information,13,No information,720,55.2,10,50.4,0,50.4,81,33,1980,shot
lorenzo-pellegrini,https://www.sofascore.com/italy-netherlands/fUbshUb#id:8600821,italy,save,No information,assisted,9.8,31,0,left-foot,low-centre,0,49,3.8,No information,No information,1,No information,56,31,9.8,51,0,51,96.2,45,2644,shot

adam-idah,https://www.sofascore.com/netherlands-ireland/TTbsfUb#id:10752488,ireland,block,No information,assisted,11.2,50.1,0,right-foot,low-left,0,53.3,19,No information,No information,65,No information,3857,50.1,11.2,46.7,0,46.7,81,26,1543,shot
wout-weghorst,https://www.sofascore.com/netherlands-ireland/TTbsfUb#id:10752488,netherlands,goal,regular,assisted,7.6,51.6,0,right-foot,low-centre,0,50.4,15.8,No information,No information,56,No information,3317,51.6,7.6,49.6,0,49.6,84.2,35,2083,shot
matthijs-de-ligt,https://www.sofascore.com/netherlands-ireland/TTbsfUb#id:10752488,netherlands,save,No information,corner,7.9,43.7,0,head,high-centre,0,48.7,33.5,No information,No information,52,No information,3099,43.7,7.9,51.3,0,51.3,66.5,39,2301,shot
wout-weghorst,https://www.sofascore.com/netherlands-ireland/TTbsfUb#id:10752488,netherlands,block,No information,assisted,17.7,43.1,0,left-foot,low-right,0,47.2,19,No information,No information,49,No information,2930,43.1,17.7,52.8,0,52.8,81,42,2470,shot
xavi-simons,https://www.sofascore.com/netherlands-ireland/TTbsfUb#id:10752488,netherlands,miss,No information,regular,19.1,68.4,0,right-foot,close-high,0,50.1,54.2,No information,No information,45,No information,2640,68.4,19.1,49.9,0,49.9,45.8,1,60,shot
mats-wieffer,https://www.sofascore.com/netherlands-ireland/TTbsfUb#id:10752488,netherlands,block,No information,regular,19,60.7,0,right-foot,low-left,0,53.3,19,No information,No information,44,No information,2638,60.7,19,46.7,0,46.7,81,2,62,shot
donyell-malen,https://www.sofascore.com/netherlands-ireland/TTbsfUb#id:10752488,netherlands,save,No information,assisted,8.1,67.1,0,right-foot,low-centre,0,51.6,1.3,No information,No information,41,No information,2438,67.1,8.1,48.4,0,48.4,98.7,5,262,shot
denzel-dumfries,https://www.sofascore.com/netherlands-ireland/TTbsfUb#id:10752488,netherlands,miss,No information,corner,9.3,37.9,0,head,close-left,0,58.8,4.2,No information,No information,36,No information,2111,37.9,9.3,41.2,0,41.2,95.8,10,589,shot
ogbene-chiedozie,https://www.sofascore.com/netherlands-ireland/TTbsfUb#id:10752488,ireland,block,No information,assisted,10,67,0,right-foot,low-right,0,47.8,19,No information,No information,33,No information,1953,67,10,52.2,0,52.2,81,13,747,shot
alan-browne,https://www.sofascore.com/netherlands-ireland/TTbsfUb#id:10752488,ireland,miss,No information,free-kick,28.6,68.2,0,right-foot,close-right,0,42.9,26.4,No information,No information,32,No information,1919,68.2,28.6,57.1,0,57.1,73.6,14,781,shot
jason-knight,https://www.sofascore.com/netherlands-ireland/TTbsfUb#id:10752488,ireland,miss,No information,corner,18.3,64,0,right-foot,left,0,62.5,13.9,No information,No information,27,No information,1607,64,18.3,37.5,0,37.5,86.1,19,1093,shot
donyell-malen,https://www.sofascore.com/netherlands-ireland/TTbsfUb#id:10752488,netherlands,save,No information,assisted,13.7,61.7,0,right-foot,low-centre,0,50.6,0.6,No information,No information,25,No information,1467,61.7,13.7,49.4,0,49.4,99.4,21,1233,shot
cody-gakpo,https://www.sofascore.com/netherlands-ireland/TTbsfUb#id:10752488,netherlands,goal,penalty,penalty,11.5,50,0,right-foot,low-right,0,46.1,3.2,No information,No information,19,No information,1125,50,11.5,53.9,0,53.9,96.8,27,1575,shot
alan-browne,https://www.sofascore.com/netherlands-ireland/TTbsfUb#id:10752488,ireland,block,No information,corner,6.7,58.3,0,head,low-left,0,54.5,19.4,No information,No information,13,No information,775,58.3,6.7,45.5,0,45.5,80.6,33,1925,shot
cullen-josh,https://www.sofascore.com/netherlands-ireland/TTbsfUb#id:10752488,ireland,block,No information,corner,22.8,43.3,0,right-foot,low-left,0,52.9,19,No information,No information,13,No information,764,43.3,22.8,47.1,0,47.1,81,33,1936,shot
adam-idah,https://www.sofascore.com/netherlands-ireland/TTbsfUb#id:10752488,ireland,goal,penalty,penalty,11.5,50,0,right-foot,low-left,0,54.1,3.8,No information,No information,4,No information,188,50,11.5,45.9,0,45.9,96.2,42,2512,shot
shane-duffy,https://www.sofascore.com/netherlands-ireland/TTbsfUb#id:10752488,ireland,block,No information,corner,5.4,55.5,0,head,low-right,0,47.4,19,No information,No information,2,No information,110,55.5,5.4,52.6,0,52.6,81,44,2590,shot
ogbene-chiedozie,https://www.sofascore.com/netherlands-ireland/TTbsfUb#id:10752488,ireland,block,No information,assisted,13.6,60,0,right-foot,low-right,0,47.8,19,No information,No information,2,No information,60,60,13.6,52.2,0,52.2,81,44,2640,shot
