Player,Game Link,Country,shotType,goalType,situation,X,Y,Z,bodyPart,goalMouthLocation,Goal Mouth X,Goal mouth Y,Goal Mouth Z,XG,XGOT,time,addedTime,timeSeconds,Start X,Start Y,End X,End Y,Goal X,Goal Y,reversedPeriodTime,reversedPeriodTimeSeconds,incidentType
lois-openda,https://www.sofascore.com/belgium-poland/dUbsrUb#id:10023334,belgium,goal,regular,assisted,3.9,57.9,0,right-foot,low-centre,0,50,1.9,No information,No information,90,3,5570,57.9,3.9,50,0,50,98.1,1,730,shot
matty-cash,https://www.sofascore.com/belgium-poland/dUbsrUb#id:10023334,poland,miss,No information,assisted,13.1,68.4,0,left-foot,high,0,54.3,63.9,No information,No information,90,2,5480,68.4,13.1,45.7,0,45.7,36.1,1,820,shot
adam-buksa,https://www.sofascore.com/belgium-poland/dUbsrUb#id:10023334,poland,block,No information,assisted,7.8,43.7,0,left-foot,low-centre,0,49,19,No information,No information,88,No information,5240,43.7,7.8,51,0,51,81,3,160,shot
nicola-zalewski,https://www.sofascore.com/belgium-poland/dUbsrUb#id:10023334,poland,miss,No information,regular,10.8,42.7,0,right-foot,close-right,0,42.4,8.3,No information,No information,87,No information,5209,42.7,10.8,57.6,0,57.6,91.7,4,191,shot
leander-dendoncker,https://www.sofascore.com/belgium-poland/dUbsrUb#id:10023334,belgium,goal,regular,assisted,27.3,67,0,right-foot,low-left,0,54,4.4,No information,No information,83,No information,4977,67,27.3,46,0,46,95.6,8,423,shot
leandro-trossard,https://www.sofascore.com/belgium-poland/dUbsrUb#id:10023334,belgium,goal,regular,corner,13.4,21.5,0,right-foot,high-right,0,46.1,30.4,No information,No information,80,No information,4779,21.5,13.4,53.9,0,53.9,69.6,11,621,shot
michy-batshuayi,https://www.sofascore.com/belgium-poland/dUbsrUb#id:10023334,belgium,miss,No information,assisted,4.3,52,0,other,close-high,0,50.3,56.9,No information,No information,77,No information,4595,52,4.3,49.7,0,49.7,43.1,14,805,shot
leandro-trossard,https://www.sofascore.com/belgium-poland/dUbsrUb#id:10023334,belgium,goal,regular,assisted,6.5,62.9,0,left-foot,low-right,0,46.3,3.2,No information,No information,73,No information,4326,62.9,6.5,53.7,0,53.7,96.8,18,1074,shot
eden-hazard,https://www.sofascore.com/belgium-poland/dUbsrUb#id:10023334,belgium,save,No information,assisted,10.9,53.1,0,left-foot,low-centre,0,49.6,7.6,No information,No information,63,No information,3774,53.1,10.9,50.4,0,50.4,92.4,28,1626,shot
yannick-carrasco,https://www.sofascore.com/belgium-poland/dUbsrUb#id:10023334,belgium,block,No information,assisted,21.5,34.3,0,right-foot,low-centre,0,50.8,19,No information,No information,62,No information,3680,34.3,21.5,49.2,0,49.2,81,29,1720,shot
kevin-de-bruyne,https://www.sofascore.com/belgium-poland/dUbsrUb#id:10023334,belgium,goal,regular,assisted,11.2,39.5,0,right-foot,low-right,0,47.7,5.7,No information,No information,59,No information,3524,39.5,11.2,52.3,0,52.3,94.3,32,1876,shot
timothy-castagne,https://www.sofascore.com/belgium-poland/dUbsrUb#id:10023334,belgium,miss,No information,assisted,20.1,73.8,0,right-foot,close-left,0,58.7,1.4,No information,No information,59,No information,3484,73.8,20.1,41.3,0,41.3,98.6,32,1916,shot
eden-hazard,https://www.sofascore.com/belgium-poland/dUbsrUb#id:10023334,belgium,save,No information,corner,17.7,32.6,0,right-foot,low-right,0,46.7,6.3,No information,No information,57,No information,3390,32.6,17.7,53.3,0,53.3,93.7,34,2010,shot
leander-dendoncker,https://www.sofascore.com/belgium-poland/dUbsrUb#id:10023334,belgium,save,No information,corner,7.3,50.2,0,head,low-left,0,53,14.6,No information,No information,57,No information,3384,50.2,7.3,47,0,47,85.4,34,2016,shot
yannick-carrasco,https://www.sofascore.com/belgium-poland/dUbsrUb#id:10023334,belgium,block,No information,regular,19.6,32.8,0,right-foot,low-right,0,46.4,19,No information,No information,56,No information,3347,32.8,19.6,53.6,0,53.6,81,35,2053,shot
piotr-zielinski,https://www.sofascore.com/belgium-poland/dUbsrUb#id:10023334,poland,block,No information,assisted,20.1,51.3,0,left-foot,low-centre,0,49.2,19,No information,No information,56,No information,3308,51.3,20.1,50.8,0,50.8,81,35,2092,shot
timothy-castagne,https://www.sofascore.com/belgium-poland/dUbsrUb#id:10023334,belgium,save,No information,assisted,9.9,61.7,0,head,low-left,0,54.5,13.3,No information,No information,44,No information,2586,61.7,9.9,45.5,0,45.5,86.7,2,114,shot
axel-witsel,https://www.sofascore.com/belgium-poland/dUbsrUb#id:10023334,belgium,goal,regular,assisted,19.2,59,0,right-foot,low-right,0,46,19,No information,No information,42,No information,2469,59,19.2,54,0,54,81,4,231,shot
kevin-de-bruyne,https://www.sofascore.com/belgium-poland/dUbsrUb#id:10023334,belgium,save,No information,assisted,5.1,31.5,0,right-foot,low-centre,0,51.6,8.9,No information,No information,42,No information,2464,31.5,5.1,48.4,0,48.4,91.1,4,236,shot
robert-lewandowski,https://www.sofascore.com/belgium-poland/dUbsrUb#id:10023334,poland,goal,regular,assisted,7.8,46.4,0,left-foot,low-left,0,53,13.9,No information,No information,28,No information,1658,46.4,7.8,47,0,47,86.1,18,1042,shot
kevin-de-bruyne,https://www.sofascore.com/belgium-poland/dUbsrUb#id:10023334,belgium,miss,No information,assisted,28.8,28.3,0,right-foot,high-right,0,40.2,84.7,No information,No information,11,No information,626,28.3,28.8,59.8,0,59.8,15.3,35,2074,shot
grzegorz-krychowiak,https://www.sofascore.com/belgium-poland/dUbsrUb#id:10023334,poland,block,No information,assisted,21.9,48.2,0,left-foot,low-right,0,46.4,19,No information,No information,5,No information,275,48.2,21.9,53.6,0,53.6,81,41,2425,shot
eden-hazard,https://www.sofascore.com/belgium-poland/dUbsrUb#id:10023334,belgium,miss,No information,regular,9.7,51.3,0,right-foot,right,0,39.7,6.9,No information,No information,4,No information,212,51.3,9.7,60.3,0,60.3,93.1,42,2488,shot
michy-batshuayi,https://www.sofascore.com/belgium-poland/dUbsrUb#id:10023334,belgium,post,No information,assisted,12.2,62.7,0,right-foot,left,0,55.1,3.2,No information,No information,4,No information,210,62.7,12.2,44.9,0,44.9,96.8,42,2490,shot

arkadiusz-milik,https://www.sofascore.com/poland-bosnia-and-herzegovina/EObsdUb#id:8600876,poland,miss,No information,free-kick,27.8,61,0,left-foot,close-right,0,42.4,13.9,No information,No information,90,4,5588,61,27.8,57.6,0,57.6,86.1,1,712,shot
karol-linetty,https://www.sofascore.com/poland-bosnia-and-herzegovina/EObsdUb#id:8600876,poland,block,No information,assisted,12.4,60.8,0,right-foot,low-centre,0,48.4,19,No information,No information,89,No information,5323,60.8,12.4,51.6,0,51.6,81,2,77,shot
mateusz-klich,https://www.sofascore.com/poland-bosnia-and-herzegovina/EObsdUb#id:8600876,poland,save,No information,assisted,10.8,45.8,0,head,low-centre,0,48.4,2.5,No information,No information,87,No information,5213,45.8,10.8,51.6,0,51.6,97.5,4,187,shot
maciej-rybus,https://www.sofascore.com/poland-bosnia-and-herzegovina/EObsdUb#id:8600876,poland,miss,No information,regular,25.4,29.3,0,left-foot,high-left,0,62.4,51.4,No information,No information,84,No information,5034,29.3,25.4,37.6,0,37.6,48.6,7,366,shot
edin-dzeko,https://www.sofascore.com/poland-bosnia-and-herzegovina/EObsdUb#id:8600876,bosnia & herzegovina,save,No information,assisted,11.5,38.6,0,left-foot,low-centre,0,48.5,2.5,No information,No information,78,No information,4622,38.6,11.5,51.5,0,51.5,97.5,13,778,shot
elvir-koljic,https://www.sofascore.com/poland-bosnia-and-herzegovina/EObsdUb#id:8600876,bosnia & herzegovina,miss,No information,assisted,13,57.9,0,right-foot,close-high,0,51.3,59.7,No information,No information,72,No information,4300,57.9,13,48.7,0,48.7,40.3,19,1100,shot
kamil-grosicki,https://www.sofascore.com/poland-bosnia-and-herzegovina/EObsdUb#id:8600876,poland,goal,regular,assisted,12,44.1,0,head,low-left,0,53.9,12.7,No information,No information,67,No information,3981,44.1,12,46.1,0,46.1,87.3,24,1419,shot
haris-hajradinovic,https://www.sofascore.com/poland-bosnia-and-herzegovina/EObsdUb#id:8600876,bosnia & herzegovina,miss,No information,assisted,14.8,34,0,right-foot,right,0,33.1,9.7,No information,No information,66,No information,3950,34,14.8,66.9,0,66.9,90.3,25,1450,shot
grzegorz-krychowiak,https://www.sofascore.com/poland-bosnia-and-herzegovina/EObsdUb#id:8600876,poland,miss,No information,regular,22.6,70.7,0,left-foot,high-left,0,64.2,51.4,No information,No information,63,No information,3778,70.7,22.6,35.8,0,35.8,48.6,28,1622,shot
grzegorz-krychowiak,https://www.sofascore.com/poland-bosnia-and-herzegovina/EObsdUb#id:8600876,poland,miss,No information,regular,25.6,44.1,0,right-foot,close-left,0,59.2,23.6,No information,No information,60,No information,3549,44.1,25.6,40.8,0,40.8,76.4,31,1851,shot
edin-visca,https://www.sofascore.com/poland-bosnia-and-herzegovina/EObsdUb#id:8600876,bosnia & herzegovina,miss,No information,assisted,8.5,57.7,0,left-foot,close-right,0,41.8,11.1,No information,No information,59,No information,3505,57.7,8.5,58.2,0,58.2,88.9,32,1895,shot
amir-hadziahmetovic,https://www.sofascore.com/poland-bosnia-and-herzegovina/EObsdUb#id:8600876,bosnia & herzegovina,block,No information,regular,28.8,57.9,0,right-foot,low-centre,0,50.9,19,No information,No information,59,No information,3493,57.9,28.8,49.1,0,49.1,81,32,1907,shot
kamil-grosicki,https://www.sofascore.com/poland-bosnia-and-herzegovina/EObsdUb#id:8600876,poland,miss,No information,regular,26.5,36.7,0,right-foot,left,0,59.3,4.2,No information,No information,57,No information,3367,36.7,26.5,40.7,0,40.7,95.8,34,2033,shot
kamil-glik,https://www.sofascore.com/poland-bosnia-and-herzegovina/EObsdUb#id:8600876,poland,goal,regular,corner,9.4,50.3,0,head,high-left,0,54.1,26.6,No information,No information,45,No information,2662,50.3,9.4,45.9,0,45.9,73.4,1,38,shot
arkadiusz-milik,https://www.sofascore.com/poland-bosnia-and-herzegovina/EObsdUb#id:8600876,poland,block,No information,assisted,11.8,34.2,0,left-foot,low-left,0,52.6,19,No information,No information,44,No information,2634,34.2,11.8,47.4,0,47.4,81,2,66,shot
kamil-grosicki,https://www.sofascore.com/poland-bosnia-and-herzegovina/EObsdUb#id:8600876,poland,save,No information,assisted,7,56.1,0,head,low-centre,0,50.1,10.8,No information,No information,42,No information,2464,56.1,7,49.9,0,49.9,89.2,4,236,shot
kamil-glik,https://www.sofascore.com/poland-bosnia-and-herzegovina/EObsdUb#id:8600876,poland,miss,No information,corner,9.4,47.8,0,head,close-right,0,43.2,23.6,No information,No information,36,No information,2119,47.8,9.4,56.8,0,56.8,76.4,10,581,shot
piotr-zielinski,https://www.sofascore.com/poland-bosnia-and-herzegovina/EObsdUb#id:8600876,poland,save,No information,assisted,24.6,60,0,left-foot,low-right,0,45.9,0.6,No information,No information,30,No information,1798,60,24.6,54.1,0,54.1,99.4,16,902,shot
haris-hajradinovic,https://www.sofascore.com/poland-bosnia-and-herzegovina/EObsdUb#id:8600876,bosnia & herzegovina,goal,penalty,penalty,11.5,50,0,left-foot,low-right,0,45.8,3.2,No information,No information,24,No information,1385,50,11.5,54.2,0,54.2,96.8,22,1315,shot
kamil-jozwiak,https://www.sofascore.com/poland-bosnia-and-herzegovina/EObsdUb#id:8600876,poland,miss,No information,assisted,22.6,67,0,left-foot,right,0,39.2,5.6,No information,No information,21,No information,1223,67,22.6,60.8,0,60.8,94.4,25,1477,shot

smith-matthew,https://www.sofascore.com/poland-wales/cUbsdUb#id:10023336,wales,miss,No information,corner,11.1,64.3,0,right-foot,high,0,49.6,72.2,No information,No information,90,1,5448,64.3,11.1,50.4,0,50.4,27.8,1,852,shot
smith-matthew,https://www.sofascore.com/poland-wales/cUbsdUb#id:10023336,wales,block,No information,assisted,8.3,53.1,0,head,low-centre,0,51.4,19,No information,No information,90,1,5416,53.1,8.3,48.6,0,48.6,81,1,884,shot
chris-gunter,https://www.sofascore.com/poland-wales/cUbsdUb#id:10023336,wales,miss,No information,assisted,17.9,64.5,0,right-foot,left,0,83.4,5.6,No information,No information,89,No information,5306,64.5,17.9,16.6,0,16.6,94.4,2,94,shot
karol-swiderski,https://www.sofascore.com/poland-wales/cUbsdUb#id:10023336,poland,goal,regular,regular,3.1,48.5,0,right-foot,low-centre,0,49.5,8.2,No information,No information,85,No information,5064,48.5,3.1,50.5,0,50.5,91.8,6,336,shot
robert-lewandowski,https://www.sofascore.com/poland-wales/cUbsdUb#id:10023336,poland,block,No information,assisted,9.7,33.8,0,right-foot,low-centre,0,51.4,19,No information,No information,85,No information,5061,33.8,9.7,48.6,0,48.6,81,6,339,shot
piotr-zielinski,https://www.sofascore.com/poland-wales/cUbsdUb#id:10023336,poland,miss,No information,assisted,22.2,35.6,0,left-foot,left,0,69.9,30.6,No information,No information,83,No information,4922,35.6,22.2,30.1,0,30.1,69.4,8,478,shot
williams-neco,https://www.sofascore.com/poland-wales/cUbsdUb#id:10023336,wales,miss,No information,assisted,25.7,30.1,0,right-foot,high-right,0,36.8,66.7,No information,No information,81,No information,4811,30.1,25.7,63.2,0,63.2,33.3,10,589,shot
sorba-thomas,https://www.sofascore.com/poland-wales/cUbsdUb#id:10023336,wales,block,No information,assisted,25.9,31.6,0,right-foot,low-centre,0,50.5,19,No information,No information,78,No information,4645,31.6,25.9,49.5,0,49.5,81,13,755,shot
jakub-kaminski,https://www.sofascore.com/poland-wales/cUbsdUb#id:10023336,poland,goal,regular,assisted,10.1,41,0,right-foot,low-right,0,45.9,7,No information,No information,72,No information,4304,41,10.1,54.1,0,54.1,93,19,1096,shot
piotr-zielinski,https://www.sofascore.com/poland-wales/cUbsdUb#id:10023336,poland,miss,No information,regular,21.2,27.7,0,left-foot,right,0,34.5,5.6,No information,No information,71,No information,4245,27.7,21.2,65.5,0,65.5,94.4,20,1155,shot
mark-harris,https://www.sofascore.com/poland-wales/cUbsdUb#id:10023336,wales,miss,No information,assisted,25.4,57.5,0,right-foot,left,0,60.7,19.4,No information,No information,65,No information,3885,57.5,25.4,39.3,0,39.3,80.6,26,1515,shot
jacek-goralski,https://www.sofascore.com/poland-wales/cUbsdUb#id:10023336,poland,block,No information,assisted,14.1,51.8,0,right-foot,low-centre,0,51.6,19,No information,No information,57,No information,3379,51.8,14.1,48.4,0,48.4,81,34,2021,shot
adam-buksa,https://www.sofascore.com/poland-wales/cUbsdUb#id:10023336,poland,block,No information,corner,8,56.9,0,head,low-centre,0,49.8,19,No information,No information,57,No information,3375,56.9,8,50.2,0,50.2,81,34,2025,shot
jonathan-williams,https://www.sofascore.com/poland-wales/cUbsdUb#id:10023336,wales,goal,regular,assisted,22.7,69.4,0,right-foot,low-left,0,53.9,13.9,No information,No information,52,No information,3093,69.4,22.7,46.1,0,46.1,86.1,39,2307,shot
mark-harris,https://www.sofascore.com/poland-wales/cUbsdUb#id:10023336,wales,block,No information,assisted,18.4,63.7,0,left-foot,low-centre,0,48.3,19,No information,No information,51,No information,3056,63.7,18.4,51.7,0,51.7,81,40,2344,shot
grzegorz-krychowiak,https://www.sofascore.com/poland-wales/cUbsdUb#id:10023336,poland,block,No information,regular,20.1,50.9,0,left-foot,low-left,0,52.1,19,No information,No information,45,No information,2670,50.9,20.1,47.9,0,47.9,81,1,30,shot
mateusz-klich,https://www.sofascore.com/poland-wales/cUbsdUb#id:10023336,poland,block,No information,assisted,11.4,53.6,0,left-foot,low-centre,0,50.8,19,No information,No information,45,No information,2668,53.6,11.4,49.2,0,49.2,81,1,32,shot
grzegorz-krychowiak,https://www.sofascore.com/poland-wales/cUbsdUb#id:10023336,poland,block,No information,regular,19.7,56.7,0,left-foot,low-centre,0,48.5,19,No information,No information,40,No information,2371,56.7,19.7,51.5,0,51.5,81,6,329,shot
jacek-goralski,https://www.sofascore.com/poland-wales/cUbsdUb#id:10023336,poland,miss,No information,regular,21.9,52,0,left-foot,close-right,0,41.5,5.6,No information,No information,35,No information,2098,52,21.9,58.5,0,58.5,94.4,11,602,shot
daniel-james,https://www.sofascore.com/poland-wales/cUbsdUb#id:10023336,wales,miss,No information,fast-break,13.7,35.1,0,right-foot,close-left,0,58.2,9.7,No information,No information,31,No information,1809,35.1,13.7,41.8,0,41.8,90.3,15,891,shot
wes-burns,https://www.sofascore.com/poland-wales/cUbsdUb#id:10023336,wales,block,No information,corner,16,42.5,0,right-foot,low-centre,0,49.5,19,No information,No information,26,No information,1516,42.5,16,50.5,0,50.5,81,20,1184,shot
robert-lewandowski,https://www.sofascore.com/poland-wales/cUbsdUb#id:10023336,poland,save,No information,regular,12.6,42.8,0,right-foot,low-right,0,47.3,3.2,No information,No information,21,No information,1216,42.8,12.6,52.7,0,52.7,96.8,25,1484,shot
kieffer-moore,https://www.sofascore.com/poland-wales/cUbsdUb#id:10023336,wales,miss,No information,fast-break,14.4,34.9,0,right-foot,high-right,0,35.8,81.9,No information,No information,18,No information,1025,34.9,14.4,64.2,0,64.2,18.1,28,1675,shot
wes-burns,https://www.sofascore.com/poland-wales/cUbsdUb#id:10023336,wales,block,No information,assisted,24.9,28.3,0,right-foot,low-centre,0,49.3,19,No information,No information,13,No information,735,28.3,24.9,50.7,0,50.7,81,33,1965,shot
mateusz-klich,https://www.sofascore.com/poland-wales/cUbsdUb#id:10023336,poland,miss,No information,corner,21.9,64.1,0,right-foot,high,0,50.8,75,No information,No information,10,No information,570,64.1,21.9,49.2,0,49.2,25,36,2130,shot
robert-lewandowski,https://www.sofascore.com/poland-wales/cUbsdUb#id:10023336,poland,block,No information,assisted,28.5,28.3,0,right-foot,low-right,0,46.5,19,No information,No information,9,No information,536,28.3,28.5,53.5,0,53.5,81,37,2164,shot
levitt-dylan,https://www.sofascore.com/poland-wales/cUbsdUb#id:10023336,wales,save,No information,assisted,24.9,60,0,right-foot,low-centre,0,48.2,14.6,No information,No information,8,No information,461,60,24.9,51.8,0,51.8,85.4,38,2239,shot
piotr-zielinski,https://www.sofascore.com/poland-wales/cUbsdUb#id:10023336,poland,miss,No information,assisted,8,53.3,0,head,close-right,0,41,9.7,No information,No information,4,No information,198,53.3,8,59,0,59,90.3,42,2502,shot
kieffer-moore,https://www.sofascore.com/poland-wales/cUbsdUb#id:10023336,wales,miss,No information,assisted,5.8,33.8,0,head,high-left,0,61.2,52.8,No information,No information,2,No information,93,33.8,5.8,38.8,0,38.8,47.2,44,2607,shot

przemyslaw-frankowski,https://www.sofascore.com/hungary-poland/dUbsjUb#id:9223965,poland,block,No information,assisted,26.4,46.6,0,right-foot,low-centre,0,50.8,19,No information,No information,87,No information,5211,46.6,26.4,49.2,0,49.2,81,4,189,shot
arkadiusz-milik,https://www.sofascore.com/hungary-poland/dUbsjUb#id:9223965,poland,save,No information,corner,10.3,43.9,0,head,low-centre,0,49.5,10.1,No information,No information,85,No information,5088,43.9,10.3,50.5,0,50.5,89.9,6,312,shot
piotr-zielinski,https://www.sofascore.com/hungary-poland/dUbsjUb#id:9223965,poland,block,No information,assisted,25.5,49.9,0,left-foot,low-centre,0,49.5,19,No information,No information,84,No information,5013,49.9,25.5,50.5,0,50.5,81,7,387,shot
daniel-gazdag,https://www.sofascore.com/hungary-poland/dUbsjUb#id:9223965,hungary,goal,regular,assisted,14,57.5,0,right-foot,high-right,0,46.2,24.7,No information,No information,80,No information,4745,57.5,14,53.8,0,53.8,75.3,11,655,shot
arkadiusz-milik,https://www.sofascore.com/hungary-poland/dUbsjUb#id:9223965,poland,block,No information,assisted,21.5,62.7,0,left-foot,low-centre,0,49.4,19,No information,No information,75,No information,4471,62.7,21.5,50.6,0,50.6,81,16,929,shot
pawel-dawidowicz,https://www.sofascore.com/hungary-poland/dUbsjUb#id:9223965,poland,miss,No information,assisted,26,68,0,right-foot,high-right,0,31.4,81.9,No information,No information,72,No information,4274,68,26,68.6,0,68.6,18.1,19,1126,shot
piotr-zielinski,https://www.sofascore.com/hungary-poland/dUbsjUb#id:9223965,poland,miss,No information,assisted,22.5,41.3,0,left-foot,high-left,0,57.6,68.1,No information,No information,70,No information,4163,41.3,22.5,42.4,0,42.4,31.9,21,1237,shot
karol-swiderski,https://www.sofascore.com/hungary-poland/dUbsjUb#id:9223965,poland,goal,regular,corner,7.6,49.4,0,head,high-left,0,54.1,23.4,No information,No information,61,No information,3651,49.4,7.6,45.9,0,45.9,76.6,30,1749,shot
jan-bednarek,https://www.sofascore.com/hungary-poland/dUbsjUb#id:9223965,poland,block,No information,corner,7.5,38.9,0,head,low-centre,0,51.5,19,No information,No information,61,No information,3649,38.9,7.5,48.5,0,48.5,81,30,1751,shot
piotr-zielinski,https://www.sofascore.com/hungary-poland/dUbsjUb#id:9223965,poland,block,No information,assisted,21.2,41.9,0,left-foot,low-left,0,52,19,No information,No information,60,No information,3597,41.9,21.2,48,0,48,81,31,1803,shot
szabolcs-schon,https://www.sofascore.com/hungary-poland/dUbsjUb#id:9223965,hungary,block,No information,assisted,23.1,56.9,0,left-foot,low-right,0,47.9,19,No information,No information,59,No information,3536,56.9,23.1,52.1,0,52.1,81,32,1864,shot
kevin-varga,https://www.sofascore.com/hungary-poland/dUbsjUb#id:9223965,hungary,miss,No information,regular,2.5,41.6,0,right-foot,close-high-left,0,58.2,55.6,No information,No information,53,No information,3130,41.6,2.5,41.8,0,41.8,44.4,38,2270,shot
szabolcs-schon,https://www.sofascore.com/hungary-poland/dUbsjUb#id:9223965,hungary,save,No information,assisted,9.8,70.1,0,left-foot,high-centre,0,51.4,25.3,No information,No information,53,No information,3128,70.1,9.8,48.6,0,48.6,74.7,38,2272,shot
kevin-varga,https://www.sofascore.com/hungary-poland/dUbsjUb#id:9223965,hungary,save,No information,fast-break,15.5,67.5,0,left-foot,low-centre,0,50,5.7,No information,No information,50,No information,2941,67.5,15.5,50,0,50,94.3,41,2459,shot
krzysztof-piatek,https://www.sofascore.com/hungary-poland/dUbsjUb#id:9223965,poland,save,No information,corner,1.1,59.4,0,right-foot,low-centre,0,49.2,10.1,No information,No information,49,No information,2899,59.4,1.1,50.8,0,50.8,89.9,42,2501,shot
jakub-moder,https://www.sofascore.com/hungary-poland/dUbsjUb#id:9223965,poland,save,No information,assisted,10,60.6,0,right-foot,low-centre,0,48.3,3.8,No information,No information,45,No information,2650,60.6,10,51.7,0,51.7,96.2,1,50,shot
andras-schafer,https://www.sofascore.com/hungary-poland/dUbsjUb#id:9223965,hungary,goal,regular,set-piece,4.6,48.1,0,head,low-left,0,52.6,2.5,No information,No information,37,No information,2197,48.1,4.6,47.4,0,47.4,97.5,9,503,shot
jakub-moder,https://www.sofascore.com/hungary-poland/dUbsjUb#id:9223965,poland,save,No information,assisted,24.8,48.1,0,right-foot,low-right,0,47.1,1.9,No information,No information,35,No information,2059,48.1,24.8,52.9,0,52.9,98.1,11,641,shot
zsolt-nagy,https://www.sofascore.com/hungary-poland/dUbsjUb#id:9223965,hungary,miss,No information,corner,21.9,36.1,0,left-foot,left,0,65.5,5.6,No information,No information,27,No information,1605,36.1,21.9,34.5,0,34.5,94.4,19,1095,shot
loic-nego,https://www.sofascore.com/hungary-poland/dUbsjUb#id:9223965,hungary,block,No information,assisted,7.1,61.4,0,right-foot,low-centre,0,48.7,2.8,No information,No information,27,No information,1569,61.4,7.1,51.3,0,51.3,97.2,19,1131,shot
krzysztof-piatek,https://www.sofascore.com/hungary-poland/dUbsjUb#id:9223965,poland,block,No information,regular,8.9,31.6,0,left-foot,low-centre,0,49.9,19,No information,No information,20,No information,1144,31.6,8.9,50.1,0,50.1,81,26,1556,shot
jan-bednarek,https://www.sofascore.com/hungary-poland/dUbsjUb#id:9223965,poland,save,No information,regular,4.2,48.8,0,left-foot,low-centre,0,51,2.5,No information,No information,19,No information,1089,48.8,4.2,49,0,49,97.5,27,1611,shot
krzysztof-piatek,https://www.sofascore.com/hungary-poland/dUbsjUb#id:9223965,poland,block,No information,assisted,11.2,44.3,0,right-foot,low-right,0,47.4,19,No information,No information,11,No information,600,44.3,11.2,52.6,0,52.6,81,35,2100,shot

marco-verratti,https://www.sofascore.com/italy-poland/dUbshUb#id:8600779,italy,block,No information,assisted,22,20.4,0,right-foot,low-centre,0,51.5,19,No information,No information,90,1,5406,20.4,22,48.5,0,48.5,81,1,894,shot
karol-linetty,https://www.sofascore.com/italy-poland/dUbshUb#id:8600779,poland,block,No information,assisted,7.4,40.8,0,left-foot,low-centre,0,51.2,19,No information,No information,89,No information,5296,40.8,7.4,48.8,0,48.8,81,2,104,shot
domenico-berardi,https://www.sofascore.com/italy-poland/dUbshUb#id:8600779,italy,block,No information,assisted,14.8,61.2,0,left-foot,low-right,0,47.7,19,No information,No information,87,No information,5214,61.2,14.8,52.3,0,52.3,81,4,186,shot
emerson-palmieri,https://www.sofascore.com/italy-poland/dUbshUb#id:8600779,italy,save,No information,assisted,3.6,42.3,0,left-foot,low-centre,0,48.7,1.3,No information,No information,80,No information,4770,42.3,3.6,51.3,0,51.3,98.7,11,630,shot
moise-kean,https://www.sofascore.com/italy-poland/dUbshUb#id:8600779,italy,block,No information,assisted,11.5,68.2,0,right-foot,low-centre,0,49,19,No information,No information,74,No information,4426,68.2,11.5,51,0,51,81,17,974,shot
emerson-palmieri,https://www.sofascore.com/italy-poland/dUbshUb#id:8600779,italy,miss,No information,assisted,5.5,51.5,0,head,close-right,0,43,16.7,No information,No information,64,No information,3819,51.5,5.5,57,0,57,83.3,27,1581,shot
emerson-palmieri,https://www.sofascore.com/italy-poland/dUbshUb#id:8600779,italy,block,No information,assisted,25,33.7,0,left-foot,low-centre,0,49.8,19,No information,No information,60,No information,3572,33.7,25,50.2,0,50.2,81,31,1828,shot
alessandro-florenzi,https://www.sofascore.com/italy-poland/dUbshUb#id:8600779,italy,miss,No information,assisted,20.7,69.7,0,right-foot,left,0,68.9,5.6,No information,No information,54,No information,3205,69.7,20.7,31.1,0,31.1,94.4,37,2195,shot
jakub-moder,https://www.sofascore.com/italy-poland/dUbshUb#id:8600779,poland,save,No information,regular,14.2,83.9,0,right-foot,low-right,0,46,15.8,No information,No information,52,No information,3105,83.9,14.2,54,0,54,84.2,39,2295,shot
lorenzo-pellegrini,https://www.sofascore.com/italy-poland/dUbshUb#id:8600779,italy,block,No information,free-kick,23.6,35.8,0,right-foot,low-centre,0,50.3,19,No information,No information,50,No information,2974,35.8,23.6,49.7,0,49.7,81,41,2426,shot
marco-verratti,https://www.sofascore.com/italy-poland/dUbshUb#id:8600779,italy,block,No information,regular,26.1,38.3,0,right-foot,low-left,0,53.6,19,No information,No information,47,No information,2798,38.3,26.1,46.4,0,46.4,81,44,2602,shot
lorenzo-pellegrini,https://www.sofascore.com/italy-poland/dUbshUb#id:8600779,italy,block,No information,assisted,8.2,49,0,right-foot,low-centre,0,51.4,19,No information,No information,34,No information,1995,49,8.2,48.6,0,48.6,81,12,705,shot
francesco-acerbi,https://www.sofascore.com/italy-poland/dUbshUb#id:8600779,italy,block,No information,corner,17.7,48.2,0,left-foot,low-centre,0,49.9,19,No information,No information,32,No information,1863,48.2,17.7,50.1,0,50.1,81,14,837,shot
kamil-jozwiak,https://www.sofascore.com/italy-poland/dUbshUb#id:8600779,poland,save,No information,assisted,9.7,51.1,0,head,low-left,0,52,10.8,No information,No information,30,No information,1763,51.1,9.7,48,0,48,89.2,16,937,shot
federico-chiesa,https://www.sofascore.com/italy-poland/dUbshUb#id:8600779,italy,miss,No information,set-piece,8.4,66.6,0,left-foot,high,0,53.1,68.1,No information,No information,29,No information,1682,66.6,8.4,46.9,0,46.9,31.9,17,1018,shot
andrea-belotti,https://www.sofascore.com/italy-poland/dUbshUb#id:8600779,italy,save,No information,assisted,15.5,28.5,0,left-foot,low-centre,0,50.4,1.9,No information,No information,23,No information,1361,28.5,15.5,49.6,0,49.6,98.1,23,1339,shot
alessandro-florenzi,https://www.sofascore.com/italy-poland/dUbshUb#id:8600779,italy,block,No information,assisted,19.2,63.7,0,right-foot,low-left,0,54.1,19,No information,No information,20,No information,1172,63.7,19.2,45.9,0,45.9,81,26,1528,shot
federico-chiesa,https://www.sofascore.com/italy-poland/dUbshUb#id:8600779,italy,miss,No information,assisted,5.4,53.8,0,right-foot,close-high,0,46.1,51.4,No information,No information,11,No information,606,53.8,5.4,53.9,0,53.9,48.6,35,2094,shot
lorenzo-pellegrini,https://www.sofascore.com/italy-poland/dUbshUb#id:8600779,italy,miss,No information,assisted,12.1,55.3,0,head,left,0,62.7,13.9,No information,No information,10,No information,552,55.3,12.1,37.3,0,37.3,86.1,36,2148,shot

filip-marchwinski,https://www.sofascore.com/faroe-islands-poland/dUbskVb#id:10752512,poland,miss,No information,assisted,5.1,33.7,0,left-foot,close-left,0,57.8,12.5,No information,No information,88,No information,5246,33.7,5.1,42.2,0,42.2,87.5,3,154,shot
jakub-piotrowski,https://www.sofascore.com/faroe-islands-poland/dUbskVb#id:10752512,poland,block,No information,assisted,23.5,69.3,0,right-foot,low-centre,0,50.9,19,No information,No information,84,No information,4987,69.3,23.5,49.1,0,49.1,81,7,413,shot
joan-edmundsson,https://www.sofascore.com/faroe-islands-poland/dUbskVb#id:10752512,faroe islands,miss,No information,assisted,14,51.3,0,head,left,0,63.7,25,No information,No information,68,No information,4040,51.3,14,36.3,0,36.3,75,23,1360,shot
adam-buksa,https://www.sofascore.com/faroe-islands-poland/dUbskVb#id:10752512,poland,goal,regular,assisted,5.1,46.8,0,head,low-left,0,52.8,3.8,No information,No information,65,No information,3879,46.8,5.1,47.2,0,47.2,96.2,26,1521,shot
przemyslaw-frankowski,https://www.sofascore.com/faroe-islands-poland/dUbskVb#id:10752512,poland,block,No information,assisted,26.5,30.3,0,right-foot,low-right,0,47.4,19,No information,No information,61,No information,3608,30.3,26.5,52.6,0,52.6,81,30,1792,shot
patryk-peda,https://www.sofascore.com/faroe-islands-poland/dUbskVb#id:10752512,poland,save,No information,regular,10.1,47.4,0,left-foot,low-centre,0,49,5.7,No information,No information,54,No information,3224,47.4,10.1,51,0,51,94.3,37,2176,shot
piotr-zielinski,https://www.sofascore.com/faroe-islands-poland/dUbskVb#id:10752512,poland,miss,No information,free-kick,19.1,50,0,right-foot,close-high-right,0,42,41.7,No information,No information,50,No information,2978,50,19.1,58,0,58,58.3,41,2422,shot
matty-cash,https://www.sofascore.com/faroe-islands-poland/dUbskVb#id:10752512,poland,save,No information,regular,7.6,59.4,0,head,low-centre,0,49.1,12,No information,No information,40,No information,2340,59.4,7.6,50.9,0,50.9,88,6,360,shot
przemyslaw-frankowski,https://www.sofascore.com/faroe-islands-poland/dUbskVb#id:10752512,poland,block,No information,assisted,11.8,39.5,0,right-foot,low-centre,0,50.9,19,No information,No information,39,No information,2338,39.5,11.8,49.1,0,49.1,81,7,362,shot
arkadiusz-milik,https://www.sofascore.com/faroe-islands-poland/dUbskVb#id:10752512,poland,miss,No information,assisted,9.4,50.5,0,head,left,0,71.3,22.2,No information,No information,39,No information,2335,50.5,9.4,28.7,0,28.7,77.8,7,365,shot
przemyslaw-frankowski,https://www.sofascore.com/faroe-islands-poland/dUbskVb#id:10752512,poland,block,No information,regular,10.3,32.8,0,left-foot,low-centre,0,51,19,No information,No information,30,No information,1759,32.8,10.3,49,0,49,81,16,941,shot
arkadiusz-milik,https://www.sofascore.com/faroe-islands-poland/dUbskVb#id:10752512,poland,miss,No information,assisted,6.8,51.7,0,right-foot,right,0,1.2,5.6,No information,No information,29,No information,1717,51.7,6.8,98.8,0,98.8,94.4,17,983,shot
joan-edmundsson,https://www.sofascore.com/faroe-islands-poland/dUbskVb#id:10752512,faroe islands,miss,No information,corner,12.7,54.2,0,head,close-right,0,41.2,11.1,No information,No information,28,No information,1628,54.2,12.7,58.8,0,58.8,88.9,18,1072,shot
przemyslaw-frankowski,https://www.sofascore.com/faroe-islands-poland/dUbskVb#id:10752512,poland,block,No information,assisted,12,35.9,0,right-foot,low-centre,0,49.8,19,No information,No information,15,No information,864,35.9,12,50.2,0,50.2,81,31,1836,shot
sebastian-szymanski,https://www.sofascore.com/faroe-islands-poland/dUbskVb#id:10752512,poland,goal,regular,assisted,19,51.2,0,left-foot,low-left,0,53.9,7.6,No information,No information,4,No information,193,51.2,19,46.1,0,46.1,92.4,42,2507,shot

piotr-zielinski,https://www.sofascore.com/faroe-islands-poland/dUbskVb#id:10752465,poland,save,No information,assisted,10.4,35.9,0,left-foot,low-centre,0,48.9,4.4,No information,No information,90,4,5626,35.9,10.4,51.1,0,51.1,95.6,1,674,shot
robert-lewandowski,https://www.sofascore.com/faroe-islands-poland/dUbskVb#id:10752465,poland,goal,regular,assisted,9.6,36.4,0,right-foot,low-right,0,46.8,19.6,No information,No information,83,No information,4939,36.4,9.6,53.2,0,53.2,80.4,8,461,shot
robert-lewandowski,https://www.sofascore.com/faroe-islands-poland/dUbskVb#id:10752465,poland,save,No information,assisted,17.2,45.2,0,right-foot,low-left,0,53.6,3.8,No information,No information,76,No information,4538,45.2,17.2,46.4,0,46.4,96.2,15,862,shot
robert-lewandowski,https://www.sofascore.com/faroe-islands-poland/dUbskVb#id:10752465,poland,goal,penalty,penalty,11.5,50,0,right-foot,low-left,0,52.9,3.2,No information,No information,73,No information,4323,50,11.5,47.1,0,47.1,96.8,18,1077,shot
pawel-wszolek,https://www.sofascore.com/faroe-islands-poland/dUbskVb#id:10752465,poland,block,No information,assisted,9.7,65.1,0,left-foot,low-centre,0,51.2,19,No information,No information,64,No information,3815,65.1,9.7,48.8,0,48.8,81,27,1585,shot
piotr-zielinski,https://www.sofascore.com/faroe-islands-poland/dUbskVb#id:10752465,poland,block,No information,assisted,21.4,58.3,0,right-foot,low-centre,0,51.2,19,No information,No information,63,No information,3732,58.3,21.4,48.8,0,48.8,81,28,1668,shot
robert-lewandowski,https://www.sofascore.com/faroe-islands-poland/dUbskVb#id:10752465,poland,block,No information,assisted,8.7,47.8,0,head,low-left,0,51.9,19,No information,No information,63,No information,3728,47.8,8.7,48.1,0,48.1,81,28,1672,shot
jakub-kaminski,https://www.sofascore.com/faroe-islands-poland/dUbskVb#id:10752465,poland,miss,No information,assisted,11.5,26.3,0,right-foot,right,0,22.7,11.1,No information,No information,61,No information,3620,26.3,11.5,77.3,0,77.3,88.9,30,1780,shot
grzegorz-krychowiak,https://www.sofascore.com/faroe-islands-poland/dUbskVb#id:10752465,poland,block,No information,regular,16.7,53.6,0,right-foot,low-centre,0,49,19,No information,No information,58,No information,3425,53.6,16.7,51,0,51,81,33,1975,shot
jakub-kaminski,https://www.sofascore.com/faroe-islands-poland/dUbskVb#id:10752465,poland,block,No information,regular,26.9,41.2,0,right-foot,low-centre,0,49.4,19,No information,No information,57,No information,3401,41.2,26.9,50.6,0,50.6,81,34,1999,shot
robert-lewandowski,https://www.sofascore.com/faroe-islands-poland/dUbskVb#id:10752465,poland,post,No information,corner,5.7,56.5,0,head,high,0,48.5,40.5,No information,No information,51,No information,3051,56.5,5.7,51.5,0,51.5,59.5,40,2349,shot
arkadiusz-milik,https://www.sofascore.com/faroe-islands-poland/dUbskVb#id:10752465,poland,miss,No information,assisted,8.7,56.5,0,head,high-right,0,40,50,No information,No information,48,No information,2855,56.5,8.7,60,0,60,50,43,2545,shot
jakub-kaminski,https://www.sofascore.com/faroe-islands-poland/dUbskVb#id:10752465,poland,save,No information,assisted,19.5,31.6,0,right-foot,low-centre,0,50.7,2.5,No information,No information,45,2,2813,31.6,19.5,49.3,0,49.3,97.5,1,2587,shot
michal-skoras,https://www.sofascore.com/faroe-islands-poland/dUbskVb#id:10752465,poland,block,No information,assisted,19.4,67,0,left-foot,low-centre,0,49.3,19,No information,No information,45,No information,2685,67,19.4,50.7,0,50.7,81,1,15,shot
kiwior-jakub,https://www.sofascore.com/faroe-islands-poland/dUbskVb#id:10752465,poland,miss,No information,regular,18.2,31.6,0,left-foot,right,0,26.2,11.1,No information,No information,43,No information,2531,31.6,18.2,73.8,0,73.8,88.9,3,169,shot
piotr-zielinski,https://www.sofascore.com/faroe-islands-poland/dUbskVb#id:10752465,poland,save,No information,assisted,15.2,52.6,0,head,low-right,0,46.3,15.8,No information,No information,37,No information,2194,52.6,15.2,53.7,0,53.7,84.2,9,506,shot
arkadiusz-milik,https://www.sofascore.com/faroe-islands-poland/dUbskVb#id:10752465,poland,save,No information,assisted,11.1,48,0,head,low-centre,0,51.7,1.9,No information,No information,29,No information,1728,48,11.1,48.3,0,48.3,98.1,17,972,shot
robert-lewandowski,https://www.sofascore.com/faroe-islands-poland/dUbskVb#id:10752465,poland,miss,No information,assisted,14.1,41.8,0,right-foot,close-right,0,40.8,15.3,No information,No information,25,No information,1451,41.8,14.1,59.2,0,59.2,84.7,21,1249,shot
joan-edmundsson,https://www.sofascore.com/faroe-islands-poland/dUbskVb#id:10752465,faroe islands,block,No information,throw-in-set-piece,18.7,37.3,0,left-foot,low-left,0,52.3,19,No information,No information,21,No information,1213,37.3,18.7,47.7,0,47.7,81,25,1487,shot
joan-edmundsson,https://www.sofascore.com/faroe-islands-poland/dUbskVb#id:10752465,faroe islands,save,No information,assisted,10.3,45.6,0,head,low-right,0,46.4,12.7,No information,No information,18,No information,1052,45.6,10.3,53.6,0,53.6,87.3,28,1648,shot
arkadiusz-milik,https://www.sofascore.com/faroe-islands-poland/dUbskVb#id:10752465,poland,miss,No information,assisted,3,39.7,0,left-foot,right,0,20.2,2.8,No information,No information,13,No information,758,39.7,3,79.8,0,79.8,97.2,33,1942,shot

rafal-augustyniak,https://www.sofascore.com/england-poland/dUbsnUb#id:9223812,poland,miss,No information,throw-in-set-piece,10.3,50.4,0,right-foot,high,0,50.1,86.1,No information,No information,90,4,5632,50.4,10.3,49.9,0,49.9,13.9,1,668,shot
harry-maguire,https://www.sofascore.com/england-poland/dUbsnUb#id:9223812,england,goal,regular,corner,9.4,51.8,0,right-foot,high-centre,0,50.6,30.4,No information,No information,85,No information,5053,51.8,9.4,49.4,0,49.4,69.6,6,347,shot
mason-mount,https://www.sofascore.com/england-poland/dUbsnUb#id:9223812,england,block,No information,regular,14.1,29.7,0,right-foot,low-centre,0,51.4,19,No information,No information,84,No information,5018,29.7,14.1,48.6,0,48.6,81,7,382,shot
phil-foden,https://www.sofascore.com/england-poland/dUbsnUb#id:9223812,england,block,No information,free-kick,19.2,60.4,0,left-foot,low-right,0,47.9,19,No information,No information,74,No information,4437,60.4,19.2,52.1,0,52.1,81,17,963,shot
mason-mount,https://www.sofascore.com/england-poland/dUbsnUb#id:9223812,england,block,No information,assisted,19.2,26.8,0,right-foot,low-centre,0,51.7,19,No information,No information,70,No information,4145,26.8,19.2,48.3,0,48.3,81,21,1255,shot
phil-foden,https://www.sofascore.com/england-poland/dUbsnUb#id:9223812,england,save,No information,fast-break,12.4,68.8,0,right-foot,low-left,0,53.6,0.6,No information,No information,69,No information,4083,68.8,12.4,46.4,0,46.4,99.4,22,1317,shot
arkadiusz-milik,https://www.sofascore.com/england-poland/dUbsnUb#id:9223812,poland,miss,No information,assisted,10.1,45.5,0,head,close-right,0,41.3,13.9,No information,No information,67,No information,3962,45.5,10.1,58.7,0,58.7,86.1,24,1438,shot
jakub-moder,https://www.sofascore.com/england-poland/dUbsnUb#id:9223812,poland,goal,regular,assisted,8,39.4,0,left-foot,high-centre,0,48.3,22.8,No information,No information,58,No information,3440,39.4,8,51.7,0,51.7,77.2,33,1960,shot
arkadiusz-milik,https://www.sofascore.com/england-poland/dUbsnUb#id:9223812,poland,block,No information,assisted,28.1,45.6,0,left-foot,low-left,0,53.4,19,No information,No information,52,No information,3113,45.6,28.1,46.6,0,46.6,81,39,2287,shot
raheem-sterling,https://www.sofascore.com/england-poland/dUbsnUb#id:9223812,england,block,No information,assisted,14,30.5,0,right-foot,low-left,0,52.3,19,No information,No information,45,No information,2682,30.5,14,47.7,0,47.7,81,1,18,shot
harry-kane,https://www.sofascore.com/england-poland/dUbsnUb#id:9223812,england,save,No information,assisted,18.4,44.7,0,right-foot,low-left,0,53.3,7.6,No information,No information,31,No information,1830,44.7,18.4,46.7,0,46.7,92.4,15,870,shot
mason-mount,https://www.sofascore.com/england-poland/dUbsnUb#id:9223812,england,miss,No information,regular,12.7,40.2,0,left-foot,right,0,33.8,15.3,No information,No information,27,No information,1608,40.2,12.7,66.2,0,66.2,84.7,19,1092,shot
harry-kane,https://www.sofascore.com/england-poland/dUbsnUb#id:9223812,england,goal,penalty,penalty,11.5,50,0,right-foot,high-centre,0,49.7,21.5,No information,No information,19,No information,1122,50,11.5,50.3,0,50.3,78.5,27,1578,shot
phil-foden,https://www.sofascore.com/england-poland/dUbsnUb#id:9223812,england,miss,No information,assisted,7.6,52.5,0,head,high,0,47.1,79.2,No information,No information,8,No information,428,52.5,7.6,52.9,0,52.9,20.8,38,2272,shot

myrto-uzuni,https://www.sofascore.com/poland-albania/PTbsdUb#id:10752400,albania,miss,No information,assisted,7.6,46.6,0,right-foot,close-left,0,57.1,13.9,No information,No information,88,No information,5232,46.6,7.6,42.9,0,42.9,86.1,3,168,shot
jakub-kaminski,https://www.sofascore.com/poland-albania/PTbsdUb#id:10752400,poland,miss,No information,assisted,23.4,48.4,0,right-foot,high-right,0,41.5,63.9,No information,No information,85,No information,5080,48.4,23.4,58.5,0,58.5,36.1,6,320,shot
robert-lewandowski,https://www.sofascore.com/poland-albania/PTbsdUb#id:10752400,poland,miss,No information,assisted,20.1,51.8,0,right-foot,high,0,54.6,65.3,No information,No information,84,No information,5033,51.8,20.1,45.4,0,45.4,34.7,7,367,shot
taulant-seferi,https://www.sofascore.com/poland-albania/PTbsdUb#id:10752400,albania,miss,No information,assisted,6.9,59.9,0,right-foot,right,0,40.7,36.1,No information,No information,80,No information,4787,59.9,6.9,59.3,0,59.3,63.9,11,613,shot
myrto-uzuni,https://www.sofascore.com/poland-albania/PTbsdUb#id:10752400,albania,miss,No information,free-kick,29.4,52.8,0,right-foot,left,0,59.5,16.7,No information,No information,76,No information,4548,52.8,29.4,40.5,0,40.5,83.3,15,852,shot
kiwior-jakub,https://www.sofascore.com/poland-albania/PTbsdUb#id:10752400,poland,miss,No information,corner,7.3,55.5,0,head,close-left,0,58,5.6,No information,No information,73,No information,4340,55.5,7.3,42,0,42,94.4,18,1060,shot
robert-lewandowski,https://www.sofascore.com/poland-albania/PTbsdUb#id:10752400,poland,block,No information,assisted,19.7,53,0,right-foot,low-left,0,52.3,4.2,No information,No information,72,No information,4310,53,19.7,47.7,0,47.7,95.8,19,1090,shot
robert-lewandowski,https://www.sofascore.com/poland-albania/PTbsdUb#id:10752400,poland,miss,No information,corner,11,53.8,0,right-foot,high,0,51.9,81.9,No information,No information,64,No information,3783,53.8,11,48.1,0,48.1,18.1,27,1617,shot
robert-lewandowski,https://www.sofascore.com/poland-albania/PTbsdUb#id:10752400,poland,block,No information,assisted,10.3,32.9,0,right-foot,low-left,0,52.6,15.3,No information,No information,63,No information,3746,32.9,10.3,47.4,0,47.4,84.7,28,1654,shot
kristjan-asllani,https://www.sofascore.com/poland-albania/PTbsdUb#id:10752400,albania,miss,No information,regular,26.3,40.7,0,left-foot,right,0,40.2,25,No information,No information,62,No information,3670,40.7,26.3,59.8,0,59.8,75,29,1730,shot
kristjan-asllani,https://www.sofascore.com/poland-albania/PTbsdUb#id:10752400,albania,save,No information,corner,10,31.4,0,right-foot,high-left,0,54,23.4,No information,No information,58,No information,3474,31.4,10,46,0,46,76.6,33,1926,shot
myrto-uzuni,https://www.sofascore.com/poland-albania/PTbsdUb#id:10752400,albania,save,No information,assisted,14.8,30.7,0,right-foot,low-right,0,46.3,11.4,No information,No information,58,No information,3442,30.7,14.8,53.7,0,53.7,88.6,33,1958,shot
przemyslaw-frankowski,https://www.sofascore.com/poland-albania/PTbsdUb#id:10752400,poland,save,No information,assisted,15.4,60.2,0,right-foot,low-right,0,47.7,3.8,No information,No information,51,No information,3023,60.2,15.4,52.3,0,52.3,96.2,40,2377,shot
karol-swiderski,https://www.sofascore.com/poland-albania/PTbsdUb#id:10752400,poland,goal,regular,set-piece,7.9,56.9,0,left-foot,low-right,0,46.8,3.8,No information,No information,41,No information,2402,56.9,7.9,53.2,0,53.2,96.2,5,298,shot
jakub-kaminski,https://www.sofascore.com/poland-albania/PTbsdUb#id:10752400,poland,post,No information,set-piece,22.1,46.2,0,right-foot,right,0,44.6,17.1,No information,No information,40,No information,2398,46.2,22.1,55.4,0,55.4,82.9,6,302,shot
karol-swiderski,https://www.sofascore.com/poland-albania/PTbsdUb#id:10752400,poland,save,No information,assisted,21,52.5,0,left-foot,low-centre,0,50.6,1.3,No information,No information,32,No information,1908,52.5,21,49.4,0,49.4,98.7,14,792,shot
sokol-cikalleshi,https://www.sofascore.com/poland-albania/PTbsdUb#id:10752400,albania,save,No information,assisted,25.2,66,0,left-foot,low-right,0,46,19,No information,No information,22,No information,1263,66,25.2,54,0,54,81,24,1437,shot
nicola-zalewski,https://www.sofascore.com/poland-albania/PTbsdUb#id:10752400,poland,save,No information,assisted,28,66.1,0,left-foot,low-centre,0,48.4,13.9,No information,No information,14,No information,795,66.1,28,51.6,0,51.6,86.1,32,1905,shot

sebastian-szymanski,https://www.sofascore.com/moldova-poland/dUbsHVb#id:10752452,poland,save,No information,free-kick,8.1,85.3,0,left-foot,high-centre,0,49.9,32.3,No information,No information,90,3,5551,85.3,8.1,50.1,0,50.1,67.7,1,749,shot
karol-linetty,https://www.sofascore.com/moldova-poland/dUbsHVb#id:10752452,poland,miss,No information,set-piece,20.4,53,0,right-foot,high,0,44.9,65.3,No information,No information,89,No information,5285,53,20.4,55.1,0,55.1,34.7,2,115,shot
vladyslav-babohlo,https://www.sofascore.com/moldova-poland/dUbsHVb#id:10752452,moldova,goal,regular,set-piece,12.5,43.5,0,head,high-right,0,47.5,22.2,No information,No information,85,No information,5071,43.5,12.5,52.5,0,52.5,77.8,6,329,shot
jan-bednarek,https://www.sofascore.com/moldova-poland/dUbsHVb#id:10752452,poland,post,No information,corner,3.2,56.3,0,head,high,0,52.8,39.9,No information,No information,83,No information,4952,56.3,3.2,47.2,0,47.2,60.1,8,448,shot
sebastian-szymanski,https://www.sofascore.com/moldova-poland/dUbsHVb#id:10752452,poland,block,No information,assisted,10,40.2,0,left-foot,low-centre,0,50.2,19,No information,No information,82,No information,4887,40.2,10,49.8,0,49.8,81,9,513,shot
ion-nicolaescu,https://www.sofascore.com/moldova-poland/dUbsHVb#id:10752452,moldova,goal,regular,regular,14.1,68.2,0,right-foot,low-left,0,54.4,7.6,No information,No information,79,No information,4727,68.2,14.1,45.6,0,45.6,92.4,12,673,shot
nichita-motpan,https://www.sofascore.com/moldova-poland/dUbsHVb#id:10752452,moldova,miss,No information,regular,30.3,67,0,right-foot,high-right,0,34.1,69.4,No information,No information,73,No information,4362,67,30.3,65.9,0,65.9,30.6,18,1038,shot
jakub-kaminski,https://www.sofascore.com/moldova-poland/dUbsHVb#id:10752452,poland,miss,No information,corner,26.9,32.8,0,right-foot,close-left,0,56.3,22.2,No information,No information,70,No information,4186,32.8,26.9,43.7,0,43.7,77.8,21,1214,shot
maxim-cojocaru,https://www.sofascore.com/moldova-poland/dUbsHVb#id:10752452,moldova,save,No information,assisted,14.4,37.7,0,right-foot,low-centre,0,50.9,10.8,No information,No information,66,No information,3911,37.7,14.4,49.1,0,49.1,89.2,25,1489,shot
reabciuk-oleg,https://www.sofascore.com/moldova-poland/dUbsHVb#id:10752452,moldova,miss,No information,throw-in-set-piece,22.1,36.3,0,left-foot,close-right,0,41,15.3,No information,No information,65,No information,3870,36.3,22.1,59,0,59,84.7,26,1530,shot
veaceslav-posmac,https://www.sofascore.com/moldova-poland/dUbsHVb#id:10752452,moldova,miss,No information,corner,7.7,50.2,0,head,right,0,39.5,16.7,No information,No information,63,No information,3779,50.2,7.7,60.5,0,60.5,83.3,28,1621,shot
vladyslav-babohlo,https://www.sofascore.com/moldova-poland/dUbsHVb#id:10752452,moldova,block,No information,regular,30.2,68.8,0,right-foot,low-centre,0,49.3,19,No information,No information,63,No information,3743,68.8,30.2,50.7,0,50.7,81,28,1657,shot
nichita-motpan,https://www.sofascore.com/moldova-poland/dUbsHVb#id:10752452,moldova,block,No information,fast-break,7.7,30.9,0,left-foot,low-left,0,53.9,19,No information,No information,61,No information,3638,30.9,7.7,46.1,0,46.1,81,30,1762,shot
przemyslaw-frankowski,https://www.sofascore.com/moldova-poland/dUbsHVb#id:10752452,poland,save,No information,corner,25.8,76.9,0,right-foot,high-right,0,46.8,21.5,No information,No information,59,No information,3484,76.9,25.8,53.2,0,53.2,78.5,32,1916,shot
damian-szymanski,https://www.sofascore.com/moldova-poland/dUbsHVb#id:10752452,poland,block,No information,set-piece,19.5,46.4,0,right-foot,low-centre,0,50.9,19,No information,No information,55,No information,3277,46.4,19.5,49.1,0,49.1,81,36,2123,shot
ion-nicolaescu,https://www.sofascore.com/moldova-poland/dUbsHVb#id:10752452,moldova,goal,regular,regular,28.4,53,0,right-foot,low-left,0,54.1,4.4,No information,No information,48,No information,2877,53,28.4,45.9,0,45.9,95.6,43,2523,shot
robert-lewandowski,https://www.sofascore.com/moldova-poland/dUbsHVb#id:10752452,poland,miss,No information,assisted,8,41,0,left-foot,right,0,40.7,6.9,No information,No information,45,3,2853,41,8,59.3,0,59.3,93.1,1,2547,shot
piotr-zielinski,https://www.sofascore.com/moldova-poland/dUbsHVb#id:10752452,poland,miss,No information,corner,20.6,32.6,0,right-foot,high,0,44.2,62.5,No information,No information,45,1,2743,32.6,20.6,55.8,0,55.8,37.5,1,2657,shot
sebastian-szymanski,https://www.sofascore.com/moldova-poland/dUbsHVb#id:10752452,poland,block,No information,assisted,25.4,48.5,0,left-foot,low-centre,0,51.1,19,No information,No information,45,1,2714,48.5,25.4,48.9,0,48.9,81,1,2686,shot
arkadiusz-milik,https://www.sofascore.com/moldova-poland/dUbsHVb#id:10752452,poland,miss,No information,assisted,6.8,47,0,head,left,0,61.8,18.1,No information,No information,42,No information,2515,47,6.8,38.2,0,38.2,81.9,4,185,shot
robert-lewandowski,https://www.sofascore.com/moldova-poland/dUbsHVb#id:10752452,poland,block,No information,assisted,25.1,55.1,0,right-foot,low-centre,0,49.6,19,No information,No information,41,No information,2442,55.1,25.1,50.4,0,50.4,81,5,258,shot
arkadiusz-milik,https://www.sofascore.com/moldova-poland/dUbsHVb#id:10752452,poland,miss,No information,regular,2.9,45.4,0,left-foot,left,0,62.2,2.8,No information,No information,37,No information,2173,45.4,2.9,37.8,0,37.8,97.2,9,527,shot
robert-lewandowski,https://www.sofascore.com/moldova-poland/dUbsHVb#id:10752452,poland,goal,regular,assisted,19.1,63.7,0,right-foot,low-left,0,52.9,6.3,No information,No information,34,No information,2031,63.7,19.1,47.1,0,47.1,93.7,12,669,shot
robert-lewandowski,https://www.sofascore.com/moldova-poland/dUbsHVb#id:10752452,poland,miss,No information,assisted,13.2,61.1,0,right-foot,high,0,46.7,61.1,No information,No information,32,No information,1900,61.1,13.2,53.3,0,53.3,38.9,14,800,shot
arkadiusz-milik,https://www.sofascore.com/moldova-poland/dUbsHVb#id:10752452,poland,miss,No information,corner,7.2,42.6,0,head,right,0,26.7,2.8,No information,No information,26,No information,1515,42.6,7.2,73.3,0,73.3,97.2,20,1185,shot
arkadiusz-milik,https://www.sofascore.com/moldova-poland/dUbsHVb#id:10752452,poland,goal,regular,corner,4.6,47.8,0,left-foot,low-left,0,53.7,4.4,No information,No information,12,No information,716,47.8,4.6,46.3,0,46.3,95.6,34,1984,shot
kiwior-jakub,https://www.sofascore.com/moldova-poland/dUbsHVb#id:10752452,poland,block,No information,corner,7.4,50,0,right-foot,low-right,0,48.1,6.9,No information,No information,12,No information,708,50,7.4,51.9,0,51.9,93.1,34,1992,shot
kiwior-jakub,https://www.sofascore.com/moldova-poland/dUbsHVb#id:10752452,poland,block,No information,corner,8.1,51.9,0,head,low-right,0,46.6,19,No information,No information,12,No information,706,51.9,8.1,53.4,0,53.4,81,34,1994,shot
robert-lewandowski,https://www.sofascore.com/moldova-poland/dUbsHVb#id:10752452,poland,save,No information,assisted,9.8,49,0,head,high-centre,0,49.8,28.5,No information,No information,4,No information,220,49,9.8,50.2,0,50.2,71.5,42,2480,shot

robert-lewandowski,https://www.sofascore.com/czech-republic-poland/dUbsoUb#id:10752567,poland,miss,No information,corner,6.5,43.9,0,head,close-high,0,47.9,58.3,No information,No information,90,7,5766,43.9,6.5,52.1,0,52.1,41.7,1,534,shot
lingr-ondrej,https://www.sofascore.com/czech-republic-poland/dUbsoUb#id:10752567,czechia,save,No information,throw-in-set-piece,14.3,65.1,0,left-foot,high-right,0,48,23.4,No information,No information,90,5,5666,65.1,14.3,52,0,52,76.6,1,634,shot
tomas-cvancara,https://www.sofascore.com/czech-republic-poland/dUbsoUb#id:10752567,czechia,miss,No information,assisted,10.3,49.9,0,left-foot,close-left,0,57.1,8.3,No information,No information,90,3,5545,49.9,10.3,42.9,0,42.9,91.7,1,755,shot
alex-kral,https://www.sofascore.com/czech-republic-poland/dUbsoUb#id:10752567,czechia,block,No information,assisted,7.8,67.1,0,right-foot,low-centre,0,49.5,19,No information,No information,90,2,5493,67.1,7.8,50.5,0,50.5,81,1,807,shot
tomas-cvancara,https://www.sofascore.com/czech-republic-poland/dUbsoUb#id:10752567,czechia,miss,No information,assisted,10.6,54.9,0,head,left,0,62.2,30.6,No information,No information,90,1,5416,54.9,10.6,37.8,0,37.8,69.4,1,884,shot
kamil-grosicki,https://www.sofascore.com/czech-republic-poland/dUbsoUb#id:10752567,poland,block,No information,assisted,16.6,36.4,0,right-foot,low-centre,0,49.8,19,No information,No information,90,No information,5341,36.4,16.6,50.2,0,50.2,81,1,59,shot
sebastian-szymanski,https://www.sofascore.com/czech-republic-poland/dUbsoUb#id:10752567,poland,block,No information,fast-break,21.4,64.1,0,left-foot,low-centre,0,48.4,19,No information,No information,89,No information,5337,64.1,21.4,51.6,0,51.6,81,2,63,shot
jakub-piotrowski,https://www.sofascore.com/czech-republic-poland/dUbsoUb#id:10752567,poland,miss,No information,assisted,14.8,32.4,0,right-foot,high-right,0,30.3,73.6,No information,No information,88,No information,5251,32.4,14.8,69.7,0,69.7,26.4,3,149,shot
david-doudera,https://www.sofascore.com/czech-republic-poland/dUbsoUb#id:10752567,czechia,miss,No information,fast-break,28.1,35.1,0,right-foot,close-high-right,0,41.7,43.1,No information,No information,85,No information,5041,35.1,28.1,58.3,0,58.3,56.9,6,359,shot
adam-buksa,https://www.sofascore.com/czech-republic-poland/dUbsoUb#id:10752567,poland,save,No information,corner,6.4,52.7,0,head,low-right,0,46.4,15.2,No information,No information,84,No information,4998,52.7,6.4,53.6,0,53.6,84.8,7,402,shot
robert-lewandowski,https://www.sofascore.com/czech-republic-poland/dUbsoUb#id:10752567,poland,save,No information,free-kick,20.4,70.3,0,right-foot,low-left,0,52,7,No information,No information,78,No information,4670,70.3,20.4,48,0,48,93,13,730,shot
nicola-zalewski,https://www.sofascore.com/czech-republic-poland/dUbsoUb#id:10752567,poland,block,No information,assisted,19,46.3,0,right-foot,low-centre,0,48.7,19,No information,No information,73,No information,4349,46.3,19,51.3,0,51.3,81,18,1051,shot
bartosz-slisz,https://www.sofascore.com/czech-republic-poland/dUbsoUb#id:10752567,poland,block,No information,assisted,26.2,64.5,0,right-foot,low-centre,0,51.4,19,No information,No information,70,No information,4161,64.5,26.2,48.6,0,48.6,81,21,1239,shot
michal-sadilek,https://www.sofascore.com/czech-republic-poland/dUbsoUb#id:10752567,czechia,miss,No information,assisted,11.8,40.6,0,left-foot,high-left,0,59.2,93.1,No information,No information,69,No information,4116,40.6,11.8,40.8,0,40.8,6.9,22,1284,shot
zima-david,https://www.sofascore.com/czech-republic-poland/dUbsoUb#id:10752567,czechia,miss,No information,corner,4.6,43.9,0,right-foot,close-left,0,58.5,33.3,No information,No information,61,No information,3630,43.9,4.6,41.5,0,41.5,66.7,30,1770,shot
tomas-soucek,https://www.sofascore.com/czech-republic-poland/dUbsoUb#id:10752567,czechia,miss,No information,corner,6.5,56.1,0,head,left,0,61.7,11.1,No information,No information,61,No information,3627,56.1,6.5,38.3,0,38.3,88.9,30,1773,shot
robert-lewandowski,https://www.sofascore.com/czech-republic-poland/dUbsoUb#id:10752567,poland,miss,No information,regular,8.7,60.6,0,right-foot,close-high,0,51.3,52.8,No information,No information,55,No information,3294,60.6,8.7,48.7,0,48.7,47.2,36,2106,shot
adam-buksa,https://www.sofascore.com/czech-republic-poland/dUbsoUb#id:10752567,poland,miss,No information,set-piece,19,46.6,0,left-foot,high-left,0,58.5,94.4,No information,No information,55,No information,3250,46.6,19,41.5,0,41.5,5.6,36,2150,shot
tomas-soucek,https://www.sofascore.com/czech-republic-poland/dUbsoUb#id:10752567,czechia,goal,regular,set-piece,8.3,39.5,0,right-foot,low-right,0,47.7,4.4,No information,No information,49,No information,2910,39.5,8.3,52.3,0,52.3,95.6,42,2490,shot
jakub-brabec,https://www.sofascore.com/czech-republic-poland/dUbsoUb#id:10752567,czechia,miss,No information,set-piece,7.5,54.2,0,head,left,0,72.4,2.8,No information,No information,49,No information,2908,54.2,7.5,27.6,0,27.6,97.2,42,2492,shot
nicola-zalewski,https://www.sofascore.com/czech-republic-poland/dUbsoUb#id:10752567,poland,save,No information,assisted,8.8,24.8,0,right-foot,low-left,0,53.6,1.3,No information,No information,48,No information,2824,24.8,8.8,46.4,0,46.4,98.7,43,2576,shot
jakub-piotrowski,https://www.sofascore.com/czech-republic-poland/dUbsoUb#id:10752567,poland,goal,regular,regular,4.8,50.1,0,right-foot,low-right,0,46.8,8.9,No information,No information,38,No information,2242,50.1,4.8,53.2,0,53.2,91.1,8,458,shot
michal-sadilek,https://www.sofascore.com/czech-republic-poland/dUbsoUb#id:10752567,czechia,miss,No information,free-kick,24.8,57.3,0,left-foot,high,0,53.4,77.8,No information,No information,37,No information,2190,57.3,24.8,46.6,0,46.6,22.2,9,510,shot
lukas-provod,https://www.sofascore.com/czech-republic-poland/dUbsoUb#id:10752567,czechia,block,No information,assisted,21.1,68,0,left-foot,low-left,0,52.5,19,No information,No information,35,No information,2099,68,21.1,47.5,0,47.5,81,11,601,shot
david-doudera,https://www.sofascore.com/czech-republic-poland/dUbsoUb#id:10752567,czechia,save,No information,assisted,17.5,33.6,0,right-foot,low-left,0,54.2,0.6,No information,No information,27,No information,1560,33.6,17.5,45.8,0,45.8,99.4,19,1140,shot
kiwior-jakub,https://www.sofascore.com/czech-republic-poland/dUbsoUb#id:10752567,poland,block,No information,assisted,24.5,42.4,0,left-foot,low-centre,0,48.4,19,No information,No information,22,No information,1286,42.4,24.5,51.6,0,51.6,81,24,1414,shot
robert-lewandowski,https://www.sofascore.com/czech-republic-poland/dUbsoUb#id:10752567,poland,block,No information,assisted,19.5,34.3,0,right-foot,low-right,0,47.1,19,No information,No information,22,No information,1267,34.3,19.5,52.9,0,52.9,81,24,1433,shot
kiwior-jakub,https://www.sofascore.com/czech-republic-poland/dUbsoUb#id:10752567,poland,block,No information,corner,9.4,42.2,0,right-foot,low-centre,0,49.7,19,No information,No information,18,No information,1077,42.2,9.4,50.3,0,50.3,81,28,1623,shot
damian-szymanski,https://www.sofascore.com/czech-republic-poland/dUbsoUb#id:10752567,poland,block,No information,corner,13.3,47.8,0,right-foot,low-left,0,51.9,19,No information,No information,18,No information,1076,47.8,13.3,48.1,0,48.1,81,28,1624,shot
robert-lewandowski,https://www.sofascore.com/czech-republic-poland/dUbsoUb#id:10752567,poland,block,No information,corner,9.4,60,0,head,low-left,0,52.1,19,No information,No information,18,No information,1074,60,9.4,47.9,0,47.9,81,28,1626,shot
nicola-zalewski,https://www.sofascore.com/czech-republic-poland/dUbsoUb#id:10752567,poland,save,No information,assisted,23.6,20.1,0,right-foot,low-centre,0,51.7,14.6,No information,No information,6,No information,355,20.1,23.6,48.3,0,48.3,85.4,40,2345,shot
david-doudera,https://www.sofascore.com/czech-republic-poland/dUbsoUb#id:10752567,czechia,miss,No information,assisted,13.2,40,0,right-foot,left,0,60.8,4.2,No information,No information,2,No information,113,40,13.2,39.2,0,39.2,95.8,44,2587,shot
lukas-provod,https://www.sofascore.com/czech-republic-poland/dUbsoUb#id:10752567,czechia,block,No information,assisted,8,31.4,0,left-foot,low-centre,0,48.4,19,No information,No information,2,No information,70,31.4,8,51.6,0,51.6,81,44,2630,shot

nicola-zalewski,https://www.sofascore.com/netherlands-poland/dUbsfUb#id:12198302,poland,save,No information,assisted,26.3,34.4,0,right-foot,high-left,0,52.4,32.3,No information,No information,90,5,5686,34.4,26.3,47.6,0,47.6,67.7,1,614,shot
jakub-moder,https://www.sofascore.com/netherlands-poland/dUbsfUb#id:12198302,poland,save,No information,assisted,28.4,57.9,0,left-foot,low-right,0,47.1,3.2,No information,No information,90,2,5506,57.9,28.4,52.9,0,52.9,96.8,1,794,shot
jakub-piotrowski,https://www.sofascore.com/netherlands-poland/dUbsfUb#id:12198302,poland,miss,No information,regular,1.2,41.3,0,left-foot,close-left,0,58.7,4.2,No information,No information,89,No information,5327,41.3,1.2,41.3,0,41.3,95.8,2,73,shot
karol-swiderski,https://www.sofascore.com/netherlands-poland/dUbsfUb#id:12198302,poland,save,No information,assisted,7.1,46.2,0,left-foot,low-left,0,54.5,5.1,No information,No information,89,No information,5326,46.2,7.1,45.5,0,45.5,94.9,2,74,shot
wout-weghorst,https://www.sofascore.com/netherlands-poland/dUbsfUb#id:12198302,netherlands,goal,regular,regular,7.9,46.6,0,left-foot,low-left,0,53.4,3.2,No information,No information,83,No information,4961,46.6,7.9,46.6,0,46.6,96.8,8,439,shot
jakub-moder,https://www.sofascore.com/netherlands-poland/dUbsfUb#id:12198302,poland,miss,No information,corner,4,47.9,0,head,right,0,25.7,26.4,No information,No information,80,No information,4754,47.9,4,74.3,0,74.3,73.6,11,646,shot
stefan-de-vrij,https://www.sofascore.com/netherlands-poland/dUbsfUb#id:12198302,netherlands,miss,No information,corner,8.5,53.4,0,head,close-high,0,49.9,56.9,No information,No information,73,No information,4369,53.4,8.5,50.1,0,50.1,43.1,18,1031,shot
denzel-dumfries,https://www.sofascore.com/netherlands-poland/dUbsfUb#id:12198302,netherlands,miss,No information,assisted,8.3,70.1,0,right-foot,close-left,0,56.8,9.7,No information,No information,65,No information,3844,70.1,8.3,43.2,0,43.2,90.3,26,1556,shot
jakub-moder,https://www.sofascore.com/netherlands-poland/dUbsfUb#id:12198302,poland,miss,No information,assisted,9.9,42.4,0,right-foot,right,0,26.6,8.3,No information,No information,63,No information,3729,42.4,9.9,73.4,0,73.4,91.7,28,1671,shot
piotr-zielinski,https://www.sofascore.com/netherlands-poland/dUbsfUb#id:12198302,poland,save,No information,assisted,23.2,57.7,0,left-foot,low-centre,0,51,10.1,No information,No information,59,No information,3484,57.7,23.2,49,0,49,89.9,32,1916,shot
kiwior-jakub,https://www.sofascore.com/netherlands-poland/dUbsfUb#id:12198302,poland,save,No information,assisted,11.4,62,0,left-foot,low-right,0,45.8,3.8,No information,No information,58,No information,3475,62,11.4,54.2,0,54.2,96.2,33,1925,shot
xavi-simons,https://www.sofascore.com/netherlands-poland/dUbsfUb#id:12198302,netherlands,miss,No information,fast-break,12.5,64.4,0,right-foot,close-right,0,41.7,27.8,No information,No information,54,No information,3224,64.4,12.5,58.3,0,58.3,72.2,37,2176,shot
memphis-depay,https://www.sofascore.com/netherlands-poland/dUbsfUb#id:12198302,netherlands,miss,No information,assisted,31.8,42.3,0,right-foot,left,0,60.2,15.3,No information,No information,49,No information,2886,42.3,31.8,39.8,0,39.8,84.7,42,2514,shot
tijjani-reijnders,https://www.sofascore.com/netherlands-poland/dUbsfUb#id:12198302,netherlands,block,No information,assisted,20.4,67.1,0,right-foot,low-right,0,47.6,19,No information,No information,48,No information,2866,67.1,20.4,52.4,0,52.4,81,43,2534,shot
xavi-simons,https://www.sofascore.com/netherlands-poland/dUbsfUb#id:12198302,netherlands,block,No information,regular,22.9,63,0,right-foot,low-centre,0,49.6,19,No information,No information,48,No information,2855,63,22.9,50.4,0,50.4,81,43,2545,shot
memphis-depay,https://www.sofascore.com/netherlands-poland/dUbsfUb#id:12198302,netherlands,miss,No information,assisted,12.2,61.7,0,right-foot,close-left,0,58.3,4.2,No information,No information,45,1,2757,61.7,12.2,41.7,0,41.7,95.8,1,2643,shot
tijjani-reijnders,https://www.sofascore.com/netherlands-poland/dUbsfUb#id:12198302,netherlands,miss,No information,assisted,24.6,35.9,0,right-foot,high-right,0,38.3,81.9,No information,No information,45,No information,2695,35.9,24.6,61.7,0,61.7,18.1,1,5,shot
cody-gakpo,https://www.sofascore.com/netherlands-poland/dUbsfUb#id:12198302,netherlands,miss,No information,assisted,7,42.7,0,right-foot,high,0,50.6,63.9,No information,No information,42,No information,2504,42.7,7,49.4,0,49.4,36.1,4,196,shot
kiwior-jakub,https://www.sofascore.com/netherlands-poland/dUbsfUb#id:12198302,poland,save,No information,regular,9.7,28.9,0,left-foot,low-centre,0,49,3.8,No information,No information,32,No information,1885,28.9,9.7,51,0,51,96.2,14,815,shot
cody-gakpo,https://www.sofascore.com/netherlands-poland/dUbsfUb#id:12198302,netherlands,goal,regular,assisted,21.6,44,0,right-foot,low-centre,0,49.8,9.5,No information,No information,29,No information,1729,44,21.6,50.2,0,50.2,90.5,17,971,shot
cody-gakpo,https://www.sofascore.com/netherlands-poland/dUbsfUb#id:12198302,netherlands,miss,No information,assisted,18.7,26.6,0,right-foot,left,0,59.5,1.4,No information,No information,28,No information,1670,26.6,18.7,40.5,0,40.5,98.6,18,1030,shot
tijjani-reijnders,https://www.sofascore.com/netherlands-poland/dUbsfUb#id:12198302,netherlands,block,No information,assisted,1.8,39.7,0,head,low-centre,0,51.1,19,No information,No information,27,No information,1602,39.7,1.8,48.9,0,48.9,81,19,1098,shot
denzel-dumfries,https://www.sofascore.com/netherlands-poland/dUbsfUb#id:12198302,netherlands,miss,No information,assisted,8.5,53.8,0,head,left,0,61.7,12.5,No information,No information,27,No information,1600,53.8,8.5,38.3,0,38.3,87.5,19,1100,shot
memphis-depay,https://www.sofascore.com/netherlands-poland/dUbsfUb#id:12198302,netherlands,miss,No information,fast-break,7.9,68.5,0,right-foot,left,0,96.8,12.5,No information,No information,23,No information,1365,68.5,7.9,3.2,0,3.2,87.5,23,1335,shot
memphis-depay,https://www.sofascore.com/netherlands-poland/dUbsfUb#id:12198302,netherlands,miss,No information,assisted,14.7,51.1,0,right-foot,high,0,48.1,69.4,No information,No information,22,No information,1274,51.1,14.7,51.9,0,51.9,30.6,24,1426,shot
virgil-van-dijk,https://www.sofascore.com/netherlands-poland/dUbsfUb#id:12198302,netherlands,save,No information,corner,13.6,48.9,0,right-foot,low-centre,0,48.7,17.7,No information,No information,20,No information,1166,48.9,13.6,51.3,0,51.3,82.3,26,1534,shot
adam-buksa,https://www.sofascore.com/netherlands-poland/dUbsfUb#id:12198302,poland,goal,regular,corner,5.4,45.2,0,head,low-centre,0,49.2,11.4,No information,No information,16,No information,949,45.2,5.4,50.8,0,50.8,88.6,30,1751,shot
xavi-simons,https://www.sofascore.com/netherlands-poland/dUbsfUb#id:12198302,netherlands,miss,No information,assisted,20.3,75,0,right-foot,close-left,0,57.1,1.4,No information,No information,14,No information,813,75,20.3,42.9,0,42.9,98.6,32,1887,shot
adam-buksa,https://www.sofascore.com/netherlands-poland/dUbsfUb#id:12198302,poland,block,No information,assisted,10.8,69.3,0,right-foot,low-centre,0,50.4,19,No information,No information,10,No information,587,69.3,10.8,49.6,0,49.6,81,36,2113,shot
tijjani-reijnders,https://www.sofascore.com/netherlands-poland/dUbsfUb#id:12198302,netherlands,miss,No information,assisted,14.1,52.6,0,right-foot,close-right,0,43.2,6.9,No information,No information,9,No information,533,52.6,14.1,56.8,0,56.8,93.1,37,2167,shot
bartosz-salamon,https://www.sofascore.com/netherlands-poland/dUbsfUb#id:12198302,poland,miss,No information,fast-break,54.6,54.4,0,right-foot,left,0,72.1,2.8,No information,No information,8,No information,441,54.4,54.6,27.9,0,27.9,97.2,38,2259,shot
cody-gakpo,https://www.sofascore.com/netherlands-poland/dUbsfUb#id:12198302,netherlands,miss,No information,assisted,7.7,42.1,0,head,right,0,29.1,9.7,No information,No information,6,No information,301,42.1,7.7,70.9,0,70.9,90.3,40,2399,shot
cody-gakpo,https://www.sofascore.com/netherlands-poland/dUbsfUb#id:12198302,netherlands,save,No information,regular,8.6,28.9,0,right-foot,low-left,0,54.2,1.3,No information,No information,2,No information,104,28.9,8.6,45.8,0,45.8,98.7,44,2596,shot

gareth-bale,https://www.sofascore.com/poland-wales/cUbsdUb#id:10023357,wales,post,No information,assisted,10.4,53.6,0,head,high,0,48.3,38.6,No information,No information,90,1,5452,53.6,10.4,51.7,0,51.7,61.4,1,848,shot
kieffer-moore,https://www.sofascore.com/poland-wales/cUbsdUb#id:10023357,wales,block,No information,regular,14.1,47.6,0,right-foot,low-centre,0,48.9,19,No information,No information,90,1,5418,47.6,14.1,51.1,0,51.1,81,1,882,shot
williams-neco,https://www.sofascore.com/poland-wales/cUbsdUb#id:10023357,wales,block,No information,set-piece,19.5,28.5,0,right-foot,low-left,0,54.2,19,No information,No information,88,No information,5276,28.5,19.5,45.8,0,45.8,81,3,124,shot
nicola-zalewski,https://www.sofascore.com/poland-wales/cUbsdUb#id:10023357,poland,miss,No information,assisted,18.7,34.9,0,right-foot,close-right,0,42,16.7,No information,No information,82,No information,4911,34.9,18.7,58,0,58,83.3,9,489,shot
rodon-joe,https://www.sofascore.com/poland-wales/cUbsdUb#id:10023357,wales,miss,No information,corner,7.7,49.5,0,head,high,0,53.9,72.2,No information,No information,78,No information,4648,49.5,7.7,46.1,0,46.1,27.8,13,752,shot
krzysztof-piatek,https://www.sofascore.com/poland-wales/cUbsdUb#id:10023357,poland,block,No information,corner,7.7,56.5,0,right-foot,low-left,0,51.9,19,No information,No information,77,No information,4567,56.5,7.7,48.1,0,48.1,81,14,833,shot
levitt-dylan,https://www.sofascore.com/poland-wales/cUbsdUb#id:10023357,wales,miss,No information,regular,22.9,59.8,0,right-foot,high-right,0,36.1,61.1,No information,No information,69,No information,4099,59.8,22.9,63.9,0,63.9,38.9,22,1301,shot
gareth-bale,https://www.sofascore.com/poland-wales/cUbsdUb#id:10023357,wales,block,No information,assisted,8.2,44,0,left-foot,low-centre,0,50.3,19,No information,No information,67,No information,3971,44,8.2,49.7,0,49.7,81,24,1429,shot
daniel-james,https://www.sofascore.com/poland-wales/cUbsdUb#id:10023357,wales,block,No information,assisted,15.7,27.2,0,right-foot,low-centre,0,49.2,19,No information,No information,67,No information,3970,27.2,15.7,50.8,0,50.8,81,24,1430,shot
brennan-johnson,https://www.sofascore.com/poland-wales/cUbsdUb#id:10023357,wales,miss,No information,assisted,10.3,74.4,0,right-foot,high-right,0,42.4,66.7,No information,No information,65,No information,3886,74.4,10.3,57.6,0,57.6,33.3,26,1514,shot
brennan-johnson,https://www.sofascore.com/poland-wales/cUbsdUb#id:10023357,wales,save,No information,assisted,9.4,68.4,0,left-foot,low-left,0,53,1.3,No information,No information,60,No information,3570,68.4,9.4,47,0,47,98.7,31,1830,shot
karol-swiderski,https://www.sofascore.com/poland-wales/cUbsdUb#id:10023357,poland,goal,regular,assisted,8.3,40.4,0,left-foot,low-centre,0,49,0.6,No information,No information,57,No information,3418,40.4,8.3,51,0,51,99.4,34,1982,shot
jan-bednarek,https://www.sofascore.com/poland-wales/cUbsdUb#id:10023357,poland,miss,No information,set-piece,8.7,49.3,0,head,left,0,99.3,2.8,No information,No information,50,No information,2956,49.3,8.7,0.7,0,0.7,97.2,41,2444,shot
ben-cabango,https://www.sofascore.com/poland-wales/cUbsdUb#id:10023357,wales,miss,No information,set-piece,10.3,48.2,0,other,close-right,0,41.5,13.9,No information,No information,45,3,2868,48.2,10.3,58.5,0,58.5,86.1,1,2532,shot
brennan-johnson,https://www.sofascore.com/poland-wales/cUbsdUb#id:10023357,wales,block,No information,assisted,18.4,48.5,0,left-foot,low-left,0,52.5,19,No information,No information,41,No information,2451,48.5,18.4,47.5,0,47.5,81,5,249,shot
piotr-zielinski,https://www.sofascore.com/poland-wales/cUbsdUb#id:10023357,poland,save,No information,assisted,21.3,36.7,0,left-foot,high-centre,0,49.8,29.7,No information,No information,40,No information,2376,36.7,21.3,50.2,0,50.2,70.3,6,324,shot
gareth-bale,https://www.sofascore.com/poland-wales/cUbsdUb#id:10023357,wales,save,No information,throw-in-set-piece,2,62,0,left-foot,low-centre,0,48.8,0.6,No information,No information,39,No information,2292,62,2,51.2,0,51.2,99.4,7,408,shot
daniel-james,https://www.sofascore.com/poland-wales/cUbsdUb#id:10023357,wales,save,No information,fast-break,10.1,34.2,0,left-foot,low-left,0,52,1.3,No information,No information,32,No information,1915,34.2,10.1,48,0,48,98.7,14,785,shot
robert-lewandowski,https://www.sofascore.com/poland-wales/cUbsdUb#id:10023357,poland,save,No information,set-piece,10.8,48.2,0,head,low-centre,0,48.5,12,No information,No information,25,No information,1483,48.2,10.8,51.5,0,51.5,88,21,1217,shot

domenico-berardi,https://www.sofascore.com/italy-poland/dUbshUb#id:8600772,italy,miss,No information,assisted,13.4,74.1,0,left-foot,high-left,0,65.5,97.2,No information,No information,90,1,5453,74.1,13.4,34.5,0,34.5,2.8,1,847,shot
manuel-locatelli,https://www.sofascore.com/italy-poland/dUbshUb#id:8600772,italy,miss,No information,assisted,20,40.7,0,left-foot,left,0,61.7,18.1,No information,No information,90,No information,5375,40.7,20,38.3,0,38.3,81.9,1,25,shot
robert-lewandowski,https://www.sofascore.com/italy-poland/dUbshUb#id:8600772,poland,miss,No information,regular,39.1,50.3,0,right-foot,high,0,50.9,77.8,No information,No information,88,No information,5248,50.3,39.1,49.1,0,49.1,22.2,3,152,shot
domenico-berardi,https://www.sofascore.com/italy-poland/dUbshUb#id:8600772,italy,goal,regular,assisted,9.9,55.2,0,left-foot,low-right,0,46.1,3.2,No information,No information,83,No information,4971,55.2,9.9,53.9,0,53.9,96.8,8,429,shot
emerson-palmieri,https://www.sofascore.com/italy-poland/dUbshUb#id:8600772,italy,block,No information,assisted,10,30.4,0,left-foot,low-centre,0,50.4,19,No information,No information,81,No information,4833,30.4,10,49.6,0,49.6,81,10,567,shot
andrea-belotti,https://www.sofascore.com/italy-poland/dUbshUb#id:8600772,italy,block,No information,assisted,12.6,61.3,0,right-foot,low-right,0,47.4,19,No information,No information,73,No information,4327,61.3,12.6,52.6,0,52.6,81,18,1073,shot
domenico-berardi,https://www.sofascore.com/italy-poland/dUbshUb#id:8600772,italy,miss,No information,regular,16.7,62,0,left-foot,close-left,0,58,13.9,No information,No information,66,No information,3923,62,16.7,42,0,42,86.1,25,1477,shot
lorenzo-insigne,https://www.sofascore.com/italy-poland/dUbshUb#id:8600772,italy,save,No information,corner,17.7,30.1,0,right-foot,low-right,0,45.6,6.3,No information,No information,59,No information,3525,30.1,17.7,54.4,0,54.4,93.7,32,1875,shot
federico-bernardeschi,https://www.sofascore.com/italy-poland/dUbshUb#id:8600772,italy,block,No information,assisted,24.6,73.3,0,left-foot,low-centre,0,51.1,19,No information,No information,59,No information,3484,73.3,24.6,48.9,0,48.9,81,32,1916,shot
federico-bernardeschi,https://www.sofascore.com/italy-poland/dUbshUb#id:8600772,italy,block,No information,assisted,13.9,64.6,0,left-foot,low-centre,0,49.3,19,No information,No information,55,No information,3284,64.6,13.9,50.7,0,50.7,81,36,2116,shot
lorenzo-insigne,https://www.sofascore.com/italy-poland/dUbshUb#id:8600772,italy,block,No information,assisted,12.2,31.3,0,right-foot,low-centre,0,48.6,19,No information,No information,53,No information,3153,31.3,12.2,51.4,0,51.4,81,38,2247,shot
nicolo-barella,https://www.sofascore.com/italy-poland/dUbshUb#id:8600772,italy,miss,No information,assisted,12.9,63.4,0,right-foot,high,0,45.9,66.7,No information,No information,49,No information,2907,63.4,12.9,54.1,0,54.1,33.3,42,2493,shot
kamil-grosicki,https://www.sofascore.com/italy-poland/dUbshUb#id:8600772,poland,block,No information,throw-in-set-piece,12.8,49.1,0,right-foot,low-right,0,45.8,19,No information,No information,47,No information,2777,49.1,12.8,54.2,0,54.2,81,44,2623,shot
francesco-acerbi,https://www.sofascore.com/italy-poland/dUbshUb#id:8600772,italy,miss,No information,regular,8.7,51.3,0,other,right,0,30.6,5.6,No information,No information,45,2,2807,51.3,8.7,69.4,0,69.4,94.4,1,2593,shot
federico-bernardeschi,https://www.sofascore.com/italy-poland/dUbshUb#id:8600772,italy,block,No information,assisted,13.8,68.6,0,left-foot,low-centre,0,50.2,19,No information,No information,41,No information,2411,68.6,13.8,49.8,0,49.8,81,5,289,shot
andrea-belotti,https://www.sofascore.com/italy-poland/dUbshUb#id:8600772,italy,miss,No information,set-piece,9.7,39.2,0,left-foot,high,0,51.8,84.7,No information,No information,35,No information,2053,39.2,9.7,48.2,0,48.2,15.3,11,647,shot
andrea-belotti,https://www.sofascore.com/italy-poland/dUbshUb#id:8600772,italy,block,No information,assisted,20.6,29.1,0,right-foot,low-centre,0,49.3,19,No information,No information,32,No information,1876,29.1,20.6,50.7,0,50.7,81,14,824,shot
jorginho,https://www.sofascore.com/italy-poland/dUbshUb#id:8600772,italy,goal,penalty,penalty,11.5,50,0,right-foot,low-left,0,53.2,2.5,No information,No information,27,No information,1611,50,11.5,46.8,0,46.8,97.5,19,1089,shot
lorenzo-insigne,https://www.sofascore.com/italy-poland/dUbshUb#id:8600772,italy,block,No information,regular,27.2,33.6,0,right-foot,low-right,0,47,19,No information,No information,26,No information,1512,33.6,27.2,53,0,53,81,20,1188,shot
federico-bernardeschi,https://www.sofascore.com/italy-poland/dUbshUb#id:8600772,italy,save,No information,assisted,21.3,71.1,0,left-foot,low-left,0,52.7,7,No information,No information,7,No information,409,71.1,21.3,47.3,0,47.3,93,39,2291,shot
andrea-belotti,https://www.sofascore.com/italy-poland/dUbshUb#id:8600772,italy,miss,No information,assisted,8,67.3,0,right-foot,high-right,0,39.8,43.1,No information,No information,6,No information,346,67.3,8,60.2,0,60.2,56.9,40,2354,shot

uriel-antuna,https://www.sofascore.com/mexico-poland/dUbsGVb#id:10230565,mexico,save,No information,assisted,17.8,73,0,left-foot,low-centre,0,48.4,2.5,No information,No information,90,6,5753,73,17.8,51.6,0,51.6,97.5,1,547,shot
grzegorz-krychowiak,https://www.sofascore.com/mexico-poland/dUbsGVb#id:10230565,poland,miss,No information,assisted,26.1,61,0,right-foot,high-left,0,57.8,62.5,No information,No information,90,6,5725,61,26.1,42.2,0,42.2,37.5,1,575,shot
jakub-kaminski,https://www.sofascore.com/mexico-poland/dUbsGVb#id:10230565,poland,save,No information,assisted,8.1,31.8,0,left-foot,high-left,0,54.1,25.3,No information,No information,90,4,5632,31.8,8.1,45.9,0,45.9,74.7,1,668,shot
kiwior-jakub,https://www.sofascore.com/mexico-poland/dUbsGVb#id:10230565,poland,miss,No information,corner,9.2,57,0,head,left,0,85.4,13.9,No information,No information,82,No information,4881,57,9.2,14.6,0,14.6,86.1,9,519,shot
alexis-vega,https://www.sofascore.com/mexico-poland/dUbsGVb#id:10230565,mexico,miss,No information,assisted,26.2,30.5,0,right-foot,close-high-right,0,41.5,48.6,No information,No information,80,No information,4786,30.5,26.2,58.5,0,58.5,51.4,11,614,shot
alexis-vega,https://www.sofascore.com/mexico-poland/dUbsGVb#id:10230565,mexico,miss,No information,assisted,14.6,77.1,0,right-foot,high,0,52.3,79.2,No information,No information,66,No information,3954,77.1,14.6,47.7,0,47.7,20.8,25,1446,shot
henry-martin,https://www.sofascore.com/mexico-poland/dUbsGVb#id:10230565,mexico,save,No information,assisted,11.4,47.2,0,head,low-centre,0,49.5,17.7,No information,No information,64,No information,3803,47.2,11.4,50.5,0,50.5,82.3,27,1597,shot
alexis-vega,https://www.sofascore.com/mexico-poland/dUbsGVb#id:10230565,mexico,block,No information,regular,12,36.7,0,right-foot,low-left,0,52.9,6.9,No information,No information,60,No information,3553,36.7,12,47.1,0,47.1,93.1,31,1847,shot
jakub-kaminski,https://www.sofascore.com/mexico-poland/dUbsGVb#id:10230565,poland,block,No information,set-piece,4.9,61.3,0,right-foot,low-centre,0,48.4,19,No information,No information,58,No information,3446,61.3,4.9,51.6,0,51.6,81,33,1954,shot
robert-lewandowski,https://www.sofascore.com/mexico-poland/dUbsGVb#id:10230565,poland,save,No information,penalty,11.5,50,0,right-foot,low-right,0,46.3,3.8,No information,No information,58,No information,3443,50,11.5,53.7,0,53.7,96.2,33,1957,shot
hirving-lozano,https://www.sofascore.com/mexico-poland/dUbsGVb#id:10230565,mexico,save,No information,corner,24.8,30.6,0,right-foot,low-centre,0,49.3,13.3,No information,No information,52,No information,3105,30.6,24.8,50.7,0,50.7,86.7,39,2295,shot
luis-chavez,https://www.sofascore.com/mexico-poland/dUbsGVb#id:10230565,mexico,block,No information,assisted,29.6,72.8,0,left-foot,low-left,0,53.2,19,No information,No information,45,2,2760,72.8,29.6,46.8,0,46.8,81,1,2640,shot
jorge-sanchez,https://www.sofascore.com/mexico-poland/dUbsGVb#id:10230565,mexico,save,No information,assisted,8.7,76.7,0,right-foot,high-centre,0,48.5,32.9,No information,No information,45,No information,2657,76.7,8.7,51.5,0,51.5,67.1,1,43,shot
alexis-vega,https://www.sofascore.com/mexico-poland/dUbsGVb#id:10230565,mexico,block,No information,regular,10.3,26.9,0,left-foot,low-centre,0,51.8,19,No information,No information,44,No information,2635,26.9,10.3,48.2,0,48.2,81,2,65,shot
alexis-vega,https://www.sofascore.com/mexico-poland/dUbsGVb#id:10230565,mexico,miss,No information,assisted,6.9,44.7,0,head,close-right,0,42.4,5.6,No information,No information,26,No information,1540,44.7,6.9,57.6,0,57.6,94.4,20,1160,shot
hector-moreno,https://www.sofascore.com/mexico-poland/dUbsGVb#id:10230565,mexico,miss,No information,corner,5,51.9,0,head,high,0,45.2,69.4,No information,No information,12,No information,703,51.9,5,54.8,0,54.8,30.6,34,1997,shot
robert-lewandowski,https://www.sofascore.com/mexico-poland/dUbsGVb#id:10230565,poland,miss,No information,corner,9.8,45.8,0,head,left,0,63,8.3,No information,No information,7,No information,405,45.8,9.8,37,0,37,91.7,39,2295,shot

grzegorz-krychowiak,https://www.sofascore.com/poland-slovenia/JObsdUb#id:8079050,poland,miss,No information,assisted,22.4,75.6,0,right-foot,close-right,0,41.8,8.3,No information,No information,90,4,5594,75.6,22.4,58.2,0,58.2,91.7,1,706,shot
piotr-zielinski,https://www.sofascore.com/poland-slovenia/JObsdUb#id:8079050,poland,miss,No information,assisted,16.9,35.8,0,right-foot,close-left,0,58.8,5.6,No information,No information,90,3,5541,35.8,16.9,41.2,0,41.2,94.4,1,759,shot
jacek-goralski,https://www.sofascore.com/poland-slovenia/JObsdUb#id:8079050,poland,goal,regular,assisted,5,52.2,0,right-foot,low-centre,0,51,1.3,No information,No information,81,No information,4806,52.2,5,49,0,49,98.7,10,594,shot
grzegorz-krychowiak,https://www.sofascore.com/poland-slovenia/JObsdUb#id:8079050,poland,block,No information,assisted,23.5,60,0,right-foot,No information,No information,No information,No information,No information,No information,78,No information,4677,60,23.5,No information,No information,No information,No information,13,723,shot
grzegorz-krychowiak,https://www.sofascore.com/poland-slovenia/JObsdUb#id:8079050,poland,block,No information,regular,18.3,43,0,left-foot,No information,No information,No information,No information,No information,No information,76,No information,4509,43,18.3,No information,No information,No information,No information,15,891,shot
grzegorz-krychowiak,https://www.sofascore.com/poland-slovenia/JObsdUb#id:8079050,poland,block,No information,regular,19.5,49,0,right-foot,No information,No information,No information,No information,No information,No information,76,No information,4507,49,19.5,No information,No information,No information,No information,15,893,shot
jasmin-kurtic,https://www.sofascore.com/poland-slovenia/JObsdUb#id:8079050,slovenia,block,No information,assisted,23.9,30.7,0,right-foot,No information,No information,No information,No information,No information,No information,75,No information,4465,30.7,23.9,No information,No information,No information,No information,16,935,shot
benjamin-verbic,https://www.sofascore.com/poland-slovenia/JObsdUb#id:8079050,slovenia,miss,No information,assisted,23.2,36.4,0,right-foot,high,0,48.6,70.8,No information,No information,72,No information,4278,36.4,23.2,51.4,0,51.4,29.2,19,1122,shot
robert-lewandowski,https://www.sofascore.com/poland-slovenia/JObsdUb#id:8079050,poland,save,No information,regular,24.8,43.3,0,right-foot,low-right,0,46.1,19.6,No information,No information,67,No information,3977,43.3,24.8,53.9,0,53.9,80.4,24,1423,shot
josip-ilicic,https://www.sofascore.com/poland-slovenia/JObsdUb#id:8079050,slovenia,goal,regular,assisted,7.5,42.3,0,left-foot,high-centre,0,50.6,25.9,No information,No information,61,No information,3604,42.3,7.5,49.4,0,49.4,74.1,30,1796,shot
piotr-zielinski,https://www.sofascore.com/poland-slovenia/JObsdUb#id:8079050,poland,miss,No information,assisted,11.2,68.2,0,right-foot,left,0,60.7,8.3,No information,No information,59,No information,3534,68.2,11.2,39.3,0,39.3,91.7,32,1866,shot
piotr-zielinski,https://www.sofascore.com/poland-slovenia/JObsdUb#id:8079050,poland,save,No information,assisted,12.5,56.3,0,right-foot,high-right,0,48.1,21.5,No information,No information,57,No information,3361,56.3,12.5,51.9,0,51.9,78.5,34,2039,shot
robert-lewandowski,https://www.sofascore.com/poland-slovenia/JObsdUb#id:8079050,poland,goal,regular,assisted,11.7,71.7,0,right-foot,low-left,0,54.2,2.5,No information,No information,54,No information,3215,71.7,11.7,45.8,0,45.8,97.5,37,2185,shot
tim-matavz,https://www.sofascore.com/poland-slovenia/JObsdUb#id:8079050,slovenia,miss,No information,assisted,9.3,36.7,0,right-foot,high-left,0,58.7,65.3,No information,No information,52,No information,3119,36.7,9.3,41.3,0,41.3,34.7,39,2281,shot
benjamin-verbic,https://www.sofascore.com/poland-slovenia/JObsdUb#id:8079050,slovenia,block,No information,assisted,15,26.7,0,left-foot,No information,No information,No information,No information,No information,No information,52,No information,3098,26.7,15,No information,No information,No information,No information,39,2302,shot
benjamin-verbic,https://www.sofascore.com/poland-slovenia/JObsdUb#id:8079050,slovenia,save,No information,assisted,16.6,24.1,0,right-foot,low-centre,0,48.8,10.8,No information,No information,51,No information,3031,24.1,16.6,51.2,0,51.2,89.2,40,2369,shot
grzegorz-krychowiak,https://www.sofascore.com/poland-slovenia/JObsdUb#id:8079050,poland,save,No information,corner,8.1,34.6,0,left-foot,high-left,0,52.5,25.3,No information,No information,50,No information,2989,34.6,8.1,47.5,0,47.5,74.7,41,2411,shot
jan-bednarek,https://www.sofascore.com/poland-slovenia/JObsdUb#id:8079050,poland,miss,No information,corner,4.7,60.2,0,head,left,0,69.2,12.5,No information,No information,50,No information,2985,60.2,4.7,30.8,0,30.8,87.5,41,2415,shot
tim-matavz,https://www.sofascore.com/poland-slovenia/JObsdUb#id:8079050,slovenia,block,No information,assisted,20.8,64.6,0,left-foot,No information,No information,No information,No information,No information,No information,45,5,2961,64.6,20.8,No information,No information,No information,No information,1,2439,shot
sebastian-szymanski,https://www.sofascore.com/poland-slovenia/JObsdUb#id:8079050,poland,miss,No information,assisted,18,48.1,0,left-foot,right,0,38.7,6.9,No information,No information,45,1,2738,48.1,18,61.3,0,61.3,93.1,1,2662,shot
jaka-bijol,https://www.sofascore.com/poland-slovenia/JObsdUb#id:8079050,slovenia,miss,No information,regular,19,48.5,0,right-foot,high-left,0,62.4,80.6,No information,No information,38,No information,2275,48.5,19,37.6,0,37.6,19.4,8,425,shot
robert-lewandowski,https://www.sofascore.com/poland-slovenia/JObsdUb#id:8079050,poland,save,No information,corner,6.6,45.2,0,head,low-left,0,52.5,18.4,No information,No information,35,No information,2078,45.2,6.6,47.5,0,47.5,81.6,11,622,shot
kamil-grosicki,https://www.sofascore.com/poland-slovenia/JObsdUb#id:8079050,poland,miss,No information,assisted,18.7,28.9,0,right-foot,right,0,40.2,2.8,No information,No information,28,No information,1675,28.9,18.7,59.8,0,59.8,97.2,18,1025,shot
jasmin-kurtic,https://www.sofascore.com/poland-slovenia/JObsdUb#id:8079050,slovenia,miss,No information,assisted,21.8,27.7,0,left-foot,high,0,50.6,77.8,No information,No information,27,No information,1594,27.7,21.8,49.4,0,49.4,22.2,19,1106,shot
lukasz-piszczek,https://www.sofascore.com/poland-slovenia/JObsdUb#id:8079050,poland,miss,No information,corner,5.6,46.3,0,head,high-left,0,57.1,63.9,No information,No information,23,No information,1365,46.3,5.6,42.9,0,42.9,36.1,23,1335,shot
sebastian-szymanski,https://www.sofascore.com/poland-slovenia/JObsdUb#id:8079050,poland,block,No information,set-piece,24.8,57,0,left-foot,No information,No information,No information,No information,No information,No information,20,No information,1140,57,24.8,No information,No information,No information,No information,26,1560,shot
tim-matavz,https://www.sofascore.com/poland-slovenia/JObsdUb#id:8079050,slovenia,goal,regular,assisted,7.4,56.3,0,right-foot,low-right,0,47.7,9.5,No information,No information,14,No information,826,56.3,7.4,52.3,0,52.3,90.5,32,1874,shot
artur-jedrzejczyk,https://www.sofascore.com/poland-slovenia/JObsdUb#id:8079050,poland,miss,No information,throw-in-set-piece,3.2,57.3,0,head,high,0,46.4,65.3,No information,No information,12,No information,660,57.3,3.2,53.6,0,53.6,34.7,34,2040,shot
piotr-zielinski,https://www.sofascore.com/poland-slovenia/JObsdUb#id:8079050,poland,miss,No information,regular,2.1,45.8,0,left-foot,close-left,0,58.8,19.4,No information,No information,9,No information,539,45.8,2.1,41.2,0,41.2,80.6,37,2161,shot
sebastian-szymanski,https://www.sofascore.com/poland-slovenia/JObsdUb#id:8079050,poland,goal,regular,corner,18.1,44.1,0,left-foot,high-left,0,54.2,22.2,No information,No information,3,No information,169,44.1,18.1,45.8,0,45.8,77.8,43,2531,shot

steven-berghuis,https://www.sofascore.com/netherlands-poland/dUbsfUb#id:8600797,netherlands,miss,No information,regular,23.1,72.7,0,left-foot,high-left,0,64.9,70.8,No information,No information,90,5,5643,72.7,23.1,35.1,0,35.1,29.2,1,657,shot
georginio-wijnaldum,https://www.sofascore.com/netherlands-poland/dUbsfUb#id:8600797,netherlands,goal,regular,corner,5.7,57.7,0,head,low-left,0,53.1,12.7,No information,No information,84,No information,5013,57.7,5.7,46.9,0,46.9,87.3,7,387,shot
daley-blind,https://www.sofascore.com/netherlands-poland/dUbsfUb#id:8600797,netherlands,block,No information,assisted,24.5,55.5,0,left-foot,low-left,0,54.1,19,No information,No information,79,No information,4686,55.5,24.5,45.9,0,45.9,81,12,714,shot
memphis-depay,https://www.sofascore.com/netherlands-poland/dUbsfUb#id:8600797,netherlands,goal,penalty,penalty,11.5,50,0,right-foot,high-left,0,53.1,31.6,No information,No information,77,No information,4604,50,11.5,46.9,0,46.9,68.4,14,796,shot
steven-berghuis,https://www.sofascore.com/netherlands-poland/dUbsfUb#id:8600797,netherlands,miss,No information,assisted,28.8,63.3,0,left-foot,close-left,0,58.3,29.2,No information,No information,74,No information,4402,63.3,28.8,41.7,0,41.7,70.8,17,998,shot
memphis-depay,https://www.sofascore.com/netherlands-poland/dUbsfUb#id:8600797,netherlands,block,No information,regular,11.2,68.2,0,right-foot,low-centre,0,50,19,No information,No information,72,No information,4316,68.2,11.2,50,0,50,81,19,1084,shot
karol-linetty,https://www.sofascore.com/netherlands-poland/dUbsfUb#id:8600797,poland,block,No information,assisted,24.4,35.5,0,left-foot,low-centre,0,51.8,19,No information,No information,71,No information,4245,35.5,24.4,48.2,0,48.2,81,20,1155,shot
davy-klaassen,https://www.sofascore.com/netherlands-poland/dUbsfUb#id:8600797,netherlands,miss,No information,regular,0.7,41.7,0,left-foot,close-left,0,57.1,15.3,No information,No information,65,No information,3861,41.7,0.7,42.9,0,42.9,84.7,26,1539,shot
patrick-van-aanholt,https://www.sofascore.com/netherlands-poland/dUbsfUb#id:8600797,netherlands,miss,No information,corner,23.6,36.3,0,left-foot,close-right,0,42.7,8.3,No information,No information,64,No information,3784,36.3,23.6,57.3,0,57.3,91.7,27,1616,shot
memphis-depay,https://www.sofascore.com/netherlands-poland/dUbsfUb#id:8600797,netherlands,save,No information,set-piece,14.2,41.5,0,right-foot,low-right,0,45.7,3.2,No information,No information,63,No information,3762,41.5,14.2,54.3,0,54.3,96.8,28,1638,shot
memphis-depay,https://www.sofascore.com/netherlands-poland/dUbsfUb#id:8600797,netherlands,block,No information,set-piece,10,19.2,0,right-foot,low-centre,0,50.8,11.1,No information,No information,63,No information,3753,19.2,10,49.2,0,49.2,88.9,28,1647,shot
krzysztof-piatek,https://www.sofascore.com/netherlands-poland/dUbsfUb#id:8600797,poland,miss,No information,assisted,14.4,31.8,0,right-foot,high,0,47.2,75,No information,No information,62,No information,3691,31.8,14.4,52.8,0,52.8,25,29,1709,shot
memphis-depay,https://www.sofascore.com/netherlands-poland/dUbsfUb#id:8600797,netherlands,miss,No information,free-kick,13.6,18.4,0,right-foot,right,0,35.5,8.3,No information,No information,53,No information,3131,18.4,13.6,64.5,0,64.5,91.7,38,2269,shot
krzysztof-piatek,https://www.sofascore.com/netherlands-poland/dUbsfUb#id:8600797,poland,miss,No information,corner,11,54.2,0,head,left,0,59.7,29.2,No information,No information,49,No information,2933,54.2,11,40.3,0,40.3,70.8,42,2467,shot
przemyslaw-placheta,https://www.sofascore.com/netherlands-poland/dUbsfUb#id:8600797,poland,miss,No information,fast-break,10.1,63.4,0,right-foot,close-right,0,42.9,31.9,No information,No information,47,No information,2787,63.4,10.1,57.1,0,57.1,68.1,44,2613,shot
przemyslaw-placheta,https://www.sofascore.com/netherlands-poland/dUbsfUb#id:8600797,poland,save,No information,assisted,18.7,33.4,0,left-foot,low-right,0,47.7,7,No information,No information,45,1,2750,33.4,18.7,52.3,0,52.3,93,1,2650,shot
patrick-van-aanholt,https://www.sofascore.com/netherlands-poland/dUbsfUb#id:8600797,netherlands,block,No information,assisted,10.7,28.1,0,left-foot,low-right,0,46.9,19,No information,No information,43,No information,2572,28.1,10.7,53.1,0,53.1,81,3,128,shot
frenkie-de-jong,https://www.sofascore.com/netherlands-poland/dUbsfUb#id:8600797,netherlands,save,No information,assisted,4.9,38,0,left-foot,low-centre,0,49.4,0.6,No information,No information,40,No information,2367,38,4.9,50.6,0,50.6,99.4,6,333,shot
memphis-depay,https://www.sofascore.com/netherlands-poland/dUbsfUb#id:8600797,netherlands,save,No information,assisted,20.3,52.2,0,right-foot,low-right,0,47.3,1.9,No information,No information,39,No information,2329,52.2,20.3,52.7,0,52.7,98.1,7,371,shot
donyell-malen,https://www.sofascore.com/netherlands-poland/dUbsfUb#id:8600797,netherlands,miss,No information,assisted,15.8,39.2,0,right-foot,high-right,0,43.7,73.6,No information,No information,33,No information,1969,39.2,15.8,56.3,0,56.3,26.4,13,731,shot
przemyslaw-placheta,https://www.sofascore.com/netherlands-poland/dUbsfUb#id:8600797,poland,miss,No information,assisted,26.1,71.6,0,left-foot,high,0,52.3,76.4,No information,No information,29,No information,1721,71.6,26.1,47.7,0,47.7,23.6,17,979,shot
georginio-wijnaldum,https://www.sofascore.com/netherlands-poland/dUbsfUb#id:8600797,netherlands,block,No information,assisted,12.2,52.8,0,right-foot,low-centre,0,49.5,19,No information,No information,26,No information,1508,52.8,12.2,50.5,0,50.5,81,20,1192,shot
daley-blind,https://www.sofascore.com/netherlands-poland/dUbsfUb#id:8600797,netherlands,block,No information,assisted,29.9,40.2,0,left-foot,low-centre,0,50.9,19,No information,No information,21,No information,1258,40.2,29.9,49.1,0,49.1,81,25,1442,shot
robert-lewandowski,https://www.sofascore.com/netherlands-poland/dUbsfUb#id:8600797,poland,miss,No information,regular,20.4,67,0,right-foot,high-right,0,41.7,81.9,No information,No information,16,No information,930,67,20.4,58.3,0,58.3,18.1,30,1770,shot
przemyslaw-placheta,https://www.sofascore.com/netherlands-poland/dUbsfUb#id:8600797,poland,post,No information,assisted,4.3,66.8,0,left-foot,right,0,44.4,20.9,No information,No information,16,No information,926,66.8,4.3,55.6,0,55.6,79.1,30,1774,shot
donyell-malen,https://www.sofascore.com/netherlands-poland/dUbsfUb#id:8600797,netherlands,miss,No information,assisted,8.4,45.8,0,head,close-right,0,41.3,5.6,No information,No information,13,No information,771,45.8,8.4,58.7,0,58.7,94.4,33,1929,shot
georginio-wijnaldum,https://www.sofascore.com/netherlands-poland/dUbsfUb#id:8600797,netherlands,save,No information,assisted,11.4,39.2,0,left-foot,low-centre,0,50.3,5.1,No information,No information,11,No information,653,39.2,11.4,49.7,0,49.7,94.9,35,2047,shot
kamil-jozwiak,https://www.sofascore.com/netherlands-poland/dUbsfUb#id:8600797,poland,goal,regular,fast-break,8.2,43.1,0,right-foot,low-left,0,53.4,1.3,No information,No information,6,No information,300,43.1,8.2,46.6,0,46.6,98.7,40,2400,shot

krzysztof-piatek,https://www.sofascore.com/north-macedonia-poland/dUbsCVb#id:8078650,poland,miss,No information,fast-break,6.8,42.2,0,left-foot,close-left,0,57.1,8.3,No information,No information,90,3,5556,42.2,6.8,42.9,0,42.9,91.7,1,744,shot
grzegorz-krychowiak,https://www.sofascore.com/north-macedonia-poland/dUbsCVb#id:8078650,poland,miss,No information,assisted,45.1,50.1,0,right-foot,right,0,39.3,19.4,No information,No information,90,1,5453,50.1,45.1,60.7,0,60.7,80.6,1,847,shot
aleksandar-trajkovski,https://www.sofascore.com/north-macedonia-poland/dUbsCVb#id:8078650,north macedonia,block,No information,assisted,30,28.9,0,right-foot,No information,No information,No information,No information,No information,No information,90,No information,5396,28.9,30,No information,No information,No information,No information,1,4,shot
robert-lewandowski,https://www.sofascore.com/north-macedonia-poland/dUbsCVb#id:8078650,poland,miss,No information,assisted,23.5,55.8,0,right-foot,high,0,45.9,61.1,No information,No information,88,No information,5249,55.8,23.5,54.1,0,54.1,38.9,3,151,shot
grzegorz-krychowiak,https://www.sofascore.com/north-macedonia-poland/dUbsCVb#id:8078650,poland,block,No information,assisted,24.4,62.4,0,right-foot,No information,No information,No information,No information,No information,No information,87,No information,5175,62.4,24.4,No information,No information,No information,No information,4,225,shot
arkadiusz-milik,https://www.sofascore.com/north-macedonia-poland/dUbsCVb#id:8078650,poland,goal,regular,assisted,21.5,60,0,left-foot,low-left,0,54.4,19,No information,No information,80,No information,4771,60,21.5,45.6,0,45.6,81,11,629,shot
robert-lewandowski,https://www.sofascore.com/north-macedonia-poland/dUbsCVb#id:8078650,poland,miss,No information,assisted,7.9,40.4,0,right-foot,high,0,49.4,65.3,No information,No information,76,No information,4528,40.4,7.9,50.6,0,50.6,34.7,15,872,shot
przemyslaw-frankowski,https://www.sofascore.com/north-macedonia-poland/dUbsCVb#id:8078650,poland,goal,regular,assisted,5.2,53,0,right-foot,low-centre,0,49.9,3.2,No information,No information,74,No information,4418,53,5.2,50.1,0,50.1,96.8,17,982,shot
arkadiusz-milik,https://www.sofascore.com/north-macedonia-poland/dUbsCVb#id:8078650,poland,miss,No information,assisted,8,41.3,0,head,close-high,0,53.4,51.4,No information,No information,73,No information,4339,41.3,8,46.6,0,46.6,48.6,18,1061,shot
kamil-grosicki,https://www.sofascore.com/north-macedonia-poland/dUbsCVb#id:8078650,poland,block,No information,assisted,15.9,30.9,0,right-foot,No information,No information,No information,No information,No information,No information,59,No information,3506,30.9,15.9,No information,No information,No information,No information,32,1894,shot
ilija-nestorovski,https://www.sofascore.com/north-macedonia-poland/dUbsCVb#id:8078650,north macedonia,miss,No information,assisted,10.4,56.9,0,left-foot,right,0,35.8,9.7,No information,No information,58,No information,3457,56.9,10.4,64.2,0,64.2,90.3,33,1943,shot
grzegorz-krychowiak,https://www.sofascore.com/north-macedonia-poland/dUbsCVb#id:8078650,poland,miss,No information,assisted,22.4,32.8,0,right-foot,high-right,0,39.3,70.8,No information,No information,57,No information,3375,32.8,22.4,60.7,0,60.7,29.2,34,2025,shot
grzegorz-krychowiak,https://www.sofascore.com/north-macedonia-poland/dUbsCVb#id:8078650,poland,block,No information,assisted,12.7,55.7,0,right-foot,No information,No information,No information,No information,No information,No information,52,No information,3094,55.7,12.7,No information,No information,No information,No information,39,2306,shot
sebastian-szymanski,https://www.sofascore.com/north-macedonia-poland/dUbsCVb#id:8078650,poland,post,No information,set-piece,23.2,29.8,0,left-foot,right,0,44.6,10.8,No information,No information,50,No information,2978,29.8,23.2,55.4,0,55.4,89.2,41,2422,shot
robert-lewandowski,https://www.sofascore.com/north-macedonia-poland/dUbsCVb#id:8078650,poland,block,No information,free-kick,20.3,29.1,0,right-foot,No information,No information,No information,No information,No information,No information,50,No information,2974,29.1,20.3,No information,No information,No information,No information,41,2426,shot
stefan-spirovski,https://www.sofascore.com/north-macedonia-poland/dUbsCVb#id:8078650,north macedonia,save,No information,free-kick,31.2,27,0,right-foot,high-centre,0,49.1,21.5,No information,No information,47,No information,2771,27,31.2,50.9,0,50.9,78.5,44,2629,shot
kamil-grosicki,https://www.sofascore.com/north-macedonia-poland/dUbsCVb#id:8078650,poland,miss,No information,assisted,4.4,58.5,0,right-foot,close-right,0,41.7,19.4,No information,No information,45,2,2793,58.5,4.4,58.3,0,58.3,80.6,1,2607,shot
eljif-elmas,https://www.sofascore.com/north-macedonia-poland/dUbsCVb#id:8078650,north macedonia,miss,No information,corner,3.6,36.7,0,left-foot,left,0,59.8,11.1,No information,No information,41,No information,2416,36.7,3.6,40.2,0,40.2,88.9,5,284,shot
ezgjan-alioski,https://www.sofascore.com/north-macedonia-poland/dUbsCVb#id:8078650,north macedonia,save,No information,free-kick,29.1,29.7,0,left-foot,low-left,0,53.6,13.9,No information,No information,36,No information,2153,29.7,29.1,46.4,0,46.4,86.1,10,547,shot
kamil-grosicki,https://www.sofascore.com/north-macedonia-poland/dUbsCVb#id:8078650,poland,save,No information,free-kick,31.8,62.3,0,right-foot,low-right,0,45.8,8.2,No information,No information,35,No information,2055,62.3,31.8,54.2,0,54.2,91.8,11,645,shot
ilija-nestorovski,https://www.sofascore.com/north-macedonia-poland/dUbsCVb#id:8078650,north macedonia,block,No information,assisted,12.4,49.3,0,head,No information,No information,No information,No information,No information,No information,28,No information,1626,49.3,12.4,No information,No information,No information,No information,18,1074,shot
sebastian-szymanski,https://www.sofascore.com/north-macedonia-poland/dUbsCVb#id:8078650,poland,miss,No information,free-kick,20.9,72.6,0,left-foot,close-high,0,45,54.2,No information,No information,22,No information,1316,72.6,20.9,55,0,55,45.8,24,1384,shot
piotr-zielinski,https://www.sofascore.com/north-macedonia-poland/dUbsCVb#id:8078650,poland,post,No information,regular,11.1,50,0,left-foot,high,0,49.8,41.8,No information,No information,17,No information,1010,50,11.1,50.2,0,50.2,58.2,29,1690,shot
sebastian-szymanski,https://www.sofascore.com/north-macedonia-poland/dUbsCVb#id:8078650,poland,block,No information,assisted,10.8,67.6,0,left-foot,No information,No information,No information,No information,No information,No information,17,No information,1007,67.6,10.8,No information,No information,No information,No information,29,1693,shot
robert-lewandowski,https://www.sofascore.com/north-macedonia-poland/dUbsCVb#id:8078650,poland,miss,No information,assisted,12.6,39.7,0,left-foot,close-left,0,56.6,27.8,No information,No information,15,No information,878,39.7,12.6,43.4,0,43.4,72.2,31,1822,shot
grzegorz-krychowiak,https://www.sofascore.com/north-macedonia-poland/dUbsCVb#id:8078650,poland,save,No information,assisted,22.5,39.8,0,right-foot,low-left,0,54.4,2.5,No information,No information,10,No information,561,39.8,22.5,45.6,0,45.6,97.5,36,2139,shot
boban-nikolov,https://www.sofascore.com/north-macedonia-poland/dUbsCVb#id:8078650,north macedonia,miss,No information,assisted,32.1,52.2,0,right-foot,high-right,0,40.8,63.9,No information,No information,6,No information,303,52.2,32.1,59.2,0,59.2,36.1,40,2397,shot

daniel-james,https://www.sofascore.com/poland-wales/cUbsdUb#id:12182592,wales,save,No information,shootout,11.5,50,0,right-foot,low-left,0,53.6,8.2,No information,No information,127,No information,7607,50,11.5,46.4,0,46.4,91.8,9,493,shot
krzysztof-piatek,https://www.sofascore.com/poland-wales/cUbsdUb#id:12182592,poland,goal,penalty,shootout,11.5,50,0,right-foot,low-left,0,52.9,12,No information,No information,127,No information,7562,50,11.5,47.1,0,47.1,88,9,538,shot
williams-neco,https://www.sofascore.com/poland-wales/cUbsdUb#id:12182592,wales,goal,penalty,shootout,11.5,50,0,right-foot,low-right,0,46.3,7.6,No information,No information,126,No information,7521,50,11.5,53.7,0,53.7,92.4,10,579,shot
nicola-zalewski,https://www.sofascore.com/poland-wales/cUbsdUb#id:12182592,poland,goal,penalty,shootout,11.5,50,0,right-foot,low-left,0,53.9,16.5,No information,No information,125,No information,7474,50,11.5,46.1,0,46.1,83.5,11,626,shot
harry-wilson,https://www.sofascore.com/poland-wales/cUbsdUb#id:12182592,wales,goal,penalty,shootout,11.5,50,0,left-foot,low-centre,0,51,14.6,No information,No information,124,No information,7426,50,11.5,49,0,49,85.4,12,674,shot
przemyslaw-frankowski,https://www.sofascore.com/poland-wales/cUbsdUb#id:12182592,poland,goal,penalty,shootout,11.5,50,0,right-foot,high-left,0,53.2,25.3,No information,No information,124,No information,7381,50,11.5,46.8,0,46.8,74.7,12,719,shot
kieffer-moore,https://www.sofascore.com/poland-wales/cUbsdUb#id:12182592,wales,goal,penalty,shootout,11.5,50,0,right-foot,low-left,0,53.2,4.4,No information,No information,123,No information,7337,50,11.5,46.8,0,46.8,95.6,13,763,shot
sebastian-szymanski,https://www.sofascore.com/poland-wales/cUbsdUb#id:12182592,poland,goal,penalty,shootout,11.5,50,0,left-foot,low-centre,0,51.2,13.9,No information,No information,122,No information,7292,50,11.5,48.8,0,48.8,86.1,14,808,shot
ben-davies,https://www.sofascore.com/poland-wales/cUbsdUb#id:12182592,wales,goal,penalty,shootout,11.5,50,0,left-foot,low-centre,0,50,13.3,No information,No information,121,No information,7248,50,11.5,50,0,50,86.7,15,852,shot
robert-lewandowski,https://www.sofascore.com/poland-wales/cUbsdUb#id:12182592,poland,goal,penalty,shootout,11.5,50,0,right-foot,low-left,0,52.6,0.6,No information,No information,121,No information,7204,50,11.5,47.4,0,47.4,99.4,15,896,shot
sebastian-szymanski,https://www.sofascore.com/poland-wales/cUbsdUb#id:12182592,poland,miss,No information,assisted,10.1,56.4,0,head,right,0,36.6,26.4,No information,No information,108,No information,6466,56.4,10.1,63.4,0,63.4,73.6,13,734,shot
david-brooks,https://www.sofascore.com/poland-wales/cUbsdUb#id:12182592,wales,block,No information,assisted,15.7,43.4,0,right-foot,low-centre,0,50.3,19,No information,No information,107,No information,6408,43.4,15.7,49.7,0,49.7,81,14,792,shot
kieffer-moore,https://www.sofascore.com/poland-wales/cUbsdUb#id:12182592,wales,block,No information,regular,11.5,65.3,0,right-foot,low-left,0,52.7,19,No information,No information,103,No information,6153,65.3,11.5,47.3,0,47.3,81,3,147,shot
jakub-piotrowski,https://www.sofascore.com/poland-wales/cUbsdUb#id:12182592,poland,miss,No information,assisted,19.4,31.6,0,right-foot,close-right,0,42.2,33.3,No information,No information,100,No information,5960,31.6,19.4,57.8,0,57.8,66.7,6,340,shot
harry-wilson,https://www.sofascore.com/poland-wales/cUbsdUb#id:12182592,wales,block,No information,free-kick,26.1,58.8,0,left-foot,low-left,0,54.2,19,No information,No information,96,No information,5758,58.8,26.1,45.8,0,45.8,81,10,542,shot
daniel-james,https://www.sofascore.com/poland-wales/cUbsdUb#id:12182592,wales,block,No information,throw-in-set-piece,11,59.3,0,left-foot,low-centre,0,51.4,19,No information,No information,93,No information,5529,59.3,11,48.6,0,48.6,81,13,771,shot
robert-lewandowski,https://www.sofascore.com/poland-wales/cUbsdUb#id:12182592,poland,miss,No information,assisted,25.3,62.4,0,right-foot,left,0,61,2.8,No information,No information,90,No information,5393,62.4,25.3,39,0,39,97.2,1,7,shot
nicola-zalewski,https://www.sofascore.com/poland-wales/cUbsdUb#id:12182592,poland,miss,No information,assisted,13.7,28.8,0,right-foot,high-right,0,40.8,63.9,No information,No information,77,No information,4563,28.8,13.7,59.2,0,59.2,36.1,14,837,shot
chris-mepham,https://www.sofascore.com/poland-wales/cUbsdUb#id:12182592,wales,save,No information,set-piece,9.1,43.4,0,head,high-right,0,47,28.5,No information,No information,76,No information,4541,43.4,9.1,53,0,53,71.5,15,859,shot
kieffer-moore,https://www.sofascore.com/poland-wales/cUbsdUb#id:12182592,wales,save,No information,assisted,10,42,0,head,high-left,0,51.9,34.8,No information,No information,69,No information,4117,42,10,48.1,0,48.1,65.2,22,1283,shot
karol-swiderski,https://www.sofascore.com/poland-wales/cUbsdUb#id:12182592,poland,miss,No information,set-piece,11.9,58.3,0,head,left,0,68.4,33.3,No information,No information,68,No information,4020,58.3,11.9,31.6,0,31.6,66.7,23,1380,shot
williams-neco,https://www.sofascore.com/poland-wales/cUbsdUb#id:12182592,wales,block,No information,assisted,37.2,10.5,0,right-foot,low-right,0,48,19,No information,No information,58,No information,3464,10.5,37.2,52,0,52,81,33,1936,shot
robert-lewandowski,https://www.sofascore.com/poland-wales/cUbsdUb#id:12182592,poland,miss,No information,corner,7.5,48.3,0,head,high,0,51.4,81.9,No information,No information,58,No information,3424,48.3,7.5,48.6,0,48.6,18.1,33,1976,shot
piotr-zielinski,https://www.sofascore.com/poland-wales/cUbsdUb#id:12182592,poland,block,No information,regular,19.7,57.9,0,right-foot,low-centre,0,50.2,19,No information,No information,57,No information,3388,57.9,19.7,49.8,0,49.8,81,34,2012,shot
kieffer-moore,https://www.sofascore.com/poland-wales/cUbsdUb#id:12182592,wales,save,No information,set-piece,10.6,40.2,0,head,high-right,0,47.1,32.9,No information,No information,48,No information,2879,40.2,10.6,52.9,0,52.9,67.1,43,2521,shot
kieffer-moore,https://www.sofascore.com/poland-wales/cUbsdUb#id:12182592,wales,miss,No information,throw-in-set-piece,8.4,58.2,0,head,left,0,64.7,11.1,No information,No information,45,1,2711,58.2,8.4,35.3,0,35.3,88.9,1,2689,shot
jakub-piotrowski,https://www.sofascore.com/poland-wales/cUbsdUb#id:12182592,poland,block,No information,assisted,27.2,54.6,0,right-foot,low-left,0,53,19,No information,No information,33,No information,1923,54.6,27.2,47,0,47,81,13,777,shot
kieffer-moore,https://www.sofascore.com/poland-wales/cUbsdUb#id:12182592,wales,miss,No information,throw-in-set-piece,3,39.5,0,right-foot,close-high-left,0,58.5,54.2,No information,No information,28,No information,1643,39.5,3,41.5,0,41.5,45.8,18,1057,shot
jakub-piotrowski,https://www.sofascore.com/poland-wales/cUbsdUb#id:12182592,poland,block,No information,corner,6.7,37.4,0,left-foot,low-centre,0,51.5,19,No information,No information,26,No information,1529,37.4,6.7,48.5,0,48.5,81,20,1171,shot
nicola-zalewski,https://www.sofascore.com/poland-wales/cUbsdUb#id:12182592,poland,block,No information,assisted,22.6,50.7,0,right-foot,low-centre,0,50.7,19,No information,No information,23,No information,1347,50.7,22.6,49.3,0,49.3,81,23,1353,shot
kieffer-moore,https://www.sofascore.com/poland-wales/cUbsdUb#id:12182592,wales,miss,No information,corner,7.4,58.8,0,head,left,0,71.3,26.4,No information,No information,21,No information,1210,58.8,7.4,28.7,0,28.7,73.6,25,1490,shot
ben-davies,https://www.sofascore.com/poland-wales/cUbsdUb#id:12182592,wales,miss,No information,corner,6.4,50.6,0,head,close-high,0,50.8,55.6,No information,No information,17,No information,1005,50.6,6.4,49.2,0,49.2,44.4,29,1695,shot
jakub-piotrowski,https://www.sofascore.com/poland-wales/cUbsdUb#id:12182592,poland,miss,No information,assisted,25.4,65.2,0,right-foot,high-right,0,42.2,76.4,No information,No information,13,No information,770,65.2,25.4,57.8,0,57.8,23.6,33,1930,shot

memphis-depay,https://www.sofascore.com/netherlands-poland/dUbsfUb#id:8600742,netherlands,block,No information,assisted,20.9,63.9,0,left-foot,low-right,0,48.1,19,No information,No information,87,No information,5217,63.9,20.9,51.9,0,51.9,81,4,183,shot
memphis-depay,https://www.sofascore.com/netherlands-poland/dUbsfUb#id:8600742,netherlands,block,No information,set-piece,25.4,30.5,0,right-foot,low-centre,0,49.5,19,No information,No information,69,No information,4089,30.5,25.4,50.5,0,50.5,81,22,1311,shot
memphis-depay,https://www.sofascore.com/netherlands-poland/dUbsfUb#id:8600742,netherlands,block,No information,assisted,27.2,35.7,0,right-foot,low-centre,0,48.6,19,No information,No information,68,No information,4029,35.7,27.2,51.4,0,51.4,81,23,1371,shot
quincy-promes,https://www.sofascore.com/netherlands-poland/dUbsfUb#id:8600742,netherlands,save,No information,assisted,27.9,39.6,0,right-foot,low-left,0,53.2,10.1,No information,No information,64,No information,3836,39.6,27.9,46.8,0,46.8,89.9,27,1564,shot
steven-bergwijn,https://www.sofascore.com/netherlands-poland/dUbsfUb#id:8600742,netherlands,goal,regular,assisted,1.8,47.4,0,right-foot,low-left,0,52.5,15.8,No information,No information,61,No information,3642,47.4,1.8,47.5,0,47.5,84.2,30,1758,shot
memphis-depay,https://www.sofascore.com/netherlands-poland/dUbsfUb#id:8600742,netherlands,save,No information,assisted,12.5,36.3,0,left-foot,low-centre,0,51,13.9,No information,No information,58,No information,3443,36.3,12.5,49,0,49,86.1,33,1957,shot
memphis-depay,https://www.sofascore.com/netherlands-poland/dUbsfUb#id:8600742,netherlands,block,No information,free-kick,18.7,19,0,right-foot,low-centre,0,49.9,19,No information,No information,49,No information,2915,19,18.7,50.1,0,50.1,81,42,2485,shot
frenkie-de-jong,https://www.sofascore.com/netherlands-poland/dUbsfUb#id:8600742,netherlands,post,No information,assisted,13,40,0,left-foot,left,0,55.2,7.6,No information,No information,45,1,2703,40,13,44.8,0,44.8,92.4,1,2697,shot
quincy-promes,https://www.sofascore.com/netherlands-poland/dUbsfUb#id:8600742,netherlands,miss,No information,assisted,17.7,23.2,0,right-foot,high-right,0,40.5,79.2,No information,No information,37,No information,2184,23.2,17.7,59.5,0,59.5,20.8,9,516,shot
memphis-depay,https://www.sofascore.com/netherlands-poland/dUbsfUb#id:8600742,netherlands,miss,No information,regular,17.5,54.6,0,right-foot,left,0,61.8,5.6,No information,No information,35,No information,2061,54.6,17.5,38.2,0,38.2,94.4,11,639,shot
krzysztof-piatek,https://www.sofascore.com/netherlands-poland/dUbsfUb#id:8600742,poland,save,No information,assisted,15,58.3,0,right-foot,high-right,0,46.6,27.8,No information,No information,32,No information,1917,58.3,15,53.4,0,53.4,72.2,14,783,shot
marten-de-roon,https://www.sofascore.com/netherlands-poland/dUbsfUb#id:8600742,netherlands,miss,No information,assisted,23.8,56.3,0,right-foot,left,0,60.7,2.8,No information,No information,32,No information,1892,56.3,23.8,39.3,0,39.3,97.2,14,808,shot
virgil-van-dijk,https://www.sofascore.com/netherlands-poland/dUbsfUb#id:8600742,netherlands,save,No information,corner,11.2,44.5,0,head,low-centre,0,49.7,17.1,No information,No information,27,No information,1598,44.5,11.2,50.3,0,50.3,82.9,19,1102,shot
quincy-promes,https://www.sofascore.com/netherlands-poland/dUbsfUb#id:8600742,netherlands,miss,No information,assisted,10.3,34.5,0,left-foot,close-right,0,42.7,4.2,No information,No information,21,No information,1233,34.5,10.3,57.3,0,57.3,95.8,25,1467,shot
kamil-jozwiak,https://www.sofascore.com/netherlands-poland/dUbsfUb#id:8600742,poland,miss,No information,assisted,17.1,32,0,right-foot,left,0,61,4.2,No information,No information,13,No information,744,32,17.1,39,0,39,95.8,33,1956,shot
nathan-ake,https://www.sofascore.com/netherlands-poland/dUbsfUb#id:8600742,netherlands,miss,No information,corner,8.4,44.7,0,left-foot,right,0,39.3,19,No information,No information,11,No information,615,44.7,8.4,60.7,0,60.7,81,35,2085,shot

taulant-seferi,https://www.sofascore.com/poland-albania/PTbsdUb#id:10752490,albania,miss,No information,fast-break,12.8,27.3,0,right-foot,right,0,38.7,23.6,No information,No information,90,4,5622,27.3,12.8,61.3,0,61.3,76.4,1,678,shot
karol-linetty,https://www.sofascore.com/poland-albania/PTbsdUb#id:10752490,poland,miss,No information,corner,25.2,44.5,0,right-foot,left,0,59.5,4.2,No information,No information,87,No information,5203,44.5,25.2,40.5,0,40.5,95.8,4,197,shot
karol-swiderski,https://www.sofascore.com/poland-albania/PTbsdUb#id:10752490,poland,block,No information,set-piece,23.8,53.6,0,left-foot,low-centre,0,49,19,No information,No information,87,No information,5171,53.6,23.8,51,0,51,81,4,229,shot
tomasz-kedziora,https://www.sofascore.com/poland-albania/PTbsdUb#id:10752490,poland,miss,No information,corner,6.5,46.8,0,head,right,0,40,11.1,No information,No information,85,No information,5066,46.8,6.5,60,0,60,88.9,6,334,shot
kiwior-jakub,https://www.sofascore.com/poland-albania/PTbsdUb#id:10752490,poland,block,No information,regular,7,32.8,0,left-foot,low-left,0,52.2,19,No information,No information,85,No information,5042,32.8,7,47.8,0,47.8,81,6,358,shot
kamil-grosicki,https://www.sofascore.com/poland-albania/PTbsdUb#id:10752490,poland,miss,No information,assisted,25.1,37.4,0,right-foot,high-right,0,37.8,62.5,No information,No information,75,No information,4498,37.4,25.1,62.2,0,62.2,37.5,16,902,shot
nedim-bajrami,https://www.sofascore.com/poland-albania/PTbsdUb#id:10752490,albania,save,No information,free-kick,27.5,59.6,0,right-foot,low-right,0,46.4,3.8,No information,No information,68,No information,4048,59.6,27.5,53.6,0,53.6,96.2,23,1352,shot
kristjan-asllani,https://www.sofascore.com/poland-albania/PTbsdUb#id:10752490,albania,miss,No information,regular,31.6,44.2,0,right-foot,high-right,0,41.3,84.7,No information,No information,66,No information,3920,44.2,31.6,58.7,0,58.7,15.3,25,1480,shot
mirlind-daku,https://www.sofascore.com/poland-albania/PTbsdUb#id:10752490,albania,goal,regular,assisted,3,64.3,0,right-foot,high-centre,0,48.4,25.9,No information,No information,62,No information,3702,64.3,3,51.6,0,51.6,74.1,29,1698,shot
grzegorz-krychowiak,https://www.sofascore.com/poland-albania/PTbsdUb#id:10752490,poland,miss,No information,assisted,23,33,0,left-foot,right,0,34.1,9.7,No information,No information,59,No information,3499,33,23,65.9,0,65.9,90.3,32,1901,shot
jakub-kaminski,https://www.sofascore.com/poland-albania/PTbsdUb#id:10752490,poland,save,No information,assisted,4.5,33.6,0,head,high-left,0,54.5,30.4,No information,No information,57,No information,3408,33.6,4.5,45.5,0,45.5,69.6,34,1992,shot
grzegorz-krychowiak,https://www.sofascore.com/poland-albania/PTbsdUb#id:10752490,poland,miss,No information,assisted,21.2,34.8,0,right-foot,close-high,0,51.1,45.8,No information,No information,55,No information,3264,34.8,21.2,48.9,0,48.9,54.2,36,2136,shot
robert-lewandowski,https://www.sofascore.com/poland-albania/PTbsdUb#id:10752490,poland,block,No information,assisted,26.9,42.4,0,right-foot,low-right,0,47.3,19,No information,No information,54,No information,3234,42.4,26.9,52.7,0,52.7,81,37,2166,shot
kristjan-asllani,https://www.sofascore.com/poland-albania/PTbsdUb#id:10752490,albania,miss,No information,assisted,27.1,63.4,0,left-foot,high,0,49.4,100,No information,No information,45,6,3049,63.4,27.1,50.6,0,50.6,0,1,2351,shot
jakub-kaminski,https://www.sofascore.com/poland-albania/PTbsdUb#id:10752490,poland,block,No information,assisted,29,44.2,0,right-foot,low-centre,0,50.7,19,No information,No information,45,4,2888,44.2,29,49.3,0,49.3,81,1,2512,shot
jakub-kaminski,https://www.sofascore.com/poland-albania/PTbsdUb#id:10752490,poland,block,No information,assisted,11.4,28.9,0,right-foot,low-centre,0,48.2,19,No information,No information,45,3,2866,28.9,11.4,51.8,0,51.8,81,1,2534,shot
jasir-asani,https://www.sofascore.com/poland-albania/PTbsdUb#id:10752490,albania,goal,regular,assisted,21.8,85.1,0,left-foot,high-left,0,54,25.9,No information,No information,37,No information,2207,85.1,21.8,46,0,46,74.1,9,493,shot
kristjan-asllani,https://www.sofascore.com/poland-albania/PTbsdUb#id:10752490,albania,miss,No information,assisted,14.4,43.4,0,left-foot,close-high,0,46.7,50,No information,No information,36,No information,2110,43.4,14.4,53.3,0,53.3,50,10,590,shot
piotr-zielinski,https://www.sofascore.com/poland-albania/PTbsdUb#id:10752490,poland,save,No information,assisted,13.4,28.5,0,left-foot,low-right,0,48.1,2.5,No information,No information,7,No information,418,28.5,13.4,51.9,0,51.9,97.5,39,2282,shot

karol-swiderski,https://www.sofascore.com/czech-republic-poland/dUbsoUb#id:10752377,poland,miss,No information,assisted,7,42.9,0,head,left,0,59.3,34.7,No information,No information,90,3,5571,42.9,7,40.7,0,40.7,65.3,1,729,shot
karol-swiderski,https://www.sofascore.com/czech-republic-poland/dUbsoUb#id:10752377,poland,miss,No information,assisted,4.9,52.8,0,head,left,0,67.1,5.6,No information,No information,90,2,5469,52.8,4.9,32.9,0,32.9,94.4,1,831,shot
damian-szymanski,https://www.sofascore.com/czech-republic-poland/dUbsoUb#id:10752377,poland,goal,regular,corner,4.1,53,0,right-foot,high-right,0,47.5,26.6,No information,No information,87,No information,5177,53,4.1,52.5,0,52.5,73.4,4,223,shot
robert-gumny,https://www.sofascore.com/czech-republic-poland/dUbsoUb#id:10752377,poland,block,No information,regular,11.5,71.7,0,left-foot,high-left,0,52.4,20.8,No information,No information,86,No information,5142,71.7,11.5,47.6,0,47.6,79.2,5,258,shot
robert-lewandowski,https://www.sofascore.com/czech-republic-poland/dUbsoUb#id:10752377,poland,block,No information,assisted,30.2,51.3,0,right-foot,low-centre,0,49.7,19,No information,No information,81,No information,4804,51.3,30.2,50.3,0,50.3,81,10,596,shot
adam-hlozek,https://www.sofascore.com/czech-republic-poland/dUbsoUb#id:10752377,czechia,miss,No information,assisted,13.4,31,0,left-foot,close-right,0,42,5.6,No information,No information,75,No information,4480,31,13.4,58,0,58,94.4,16,920,shot
piotr-zielinski,https://www.sofascore.com/czech-republic-poland/dUbsoUb#id:10752377,poland,miss,No information,free-kick,20.3,71,0,right-foot,close-high-right,0,43.9,43.1,No information,No information,67,No information,3978,71,20.3,56.1,0,56.1,56.9,24,1422,shot
jan-kuchta,https://www.sofascore.com/czech-republic-poland/dUbsoUb#id:10752377,czechia,goal,regular,assisted,6.4,50.1,0,right-foot,low-centre,0,51.3,7.6,No information,No information,64,No information,3782,50.1,6.4,48.7,0,48.7,92.4,27,1618,shot
tomas-cvancara,https://www.sofascore.com/czech-republic-poland/dUbsoUb#id:10752377,czechia,save,No information,fast-break,11.7,62,0,right-foot,low-right,0,46.4,3.2,No information,No information,61,No information,3627,62,11.7,53.6,0,53.6,96.8,30,1773,shot
robert-lewandowski,https://www.sofascore.com/czech-republic-poland/dUbsoUb#id:10752377,poland,save,No information,corner,1.9,42.2,0,head,high-left,0,52.1,25.3,No information,No information,55,No information,3264,42.2,1.9,47.9,0,47.9,74.7,36,2136,shot
tomas-cvancara,https://www.sofascore.com/czech-republic-poland/dUbsoUb#id:10752377,czechia,save,No information,regular,3.1,52.2,0,left-foot,low-right,0,47.7,1.9,No information,No information,45,1,2726,52.2,3.1,52.3,0,52.3,98.1,1,2674,shot
tomas-cvancara,https://www.sofascore.com/czech-republic-poland/dUbsoUb#id:10752377,czechia,save,No information,assisted,5.7,70.9,0,right-foot,low-right,0,46.4,1.9,No information,No information,45,1,2724,70.9,5.7,53.6,0,53.6,98.1,1,2676,shot
karol-linetty,https://www.sofascore.com/czech-republic-poland/dUbsoUb#id:10752377,poland,save,No information,assisted,29.3,43.5,0,right-foot,low-left,0,52.6,19,No information,No information,41,No information,2405,43.5,29.3,47.4,0,47.4,81,5,295,shot
piotr-zielinski,https://www.sofascore.com/czech-republic-poland/dUbsoUb#id:10752377,poland,miss,No information,assisted,28.3,35.5,0,right-foot,left,0,61.5,1.4,No information,No information,36,No information,2110,35.5,28.3,38.5,0,38.5,98.6,10,590,shot
przemyslaw-frankowski,https://www.sofascore.com/czech-republic-poland/dUbsoUb#id:10752377,poland,save,No information,assisted,14.5,50.5,0,right-foot,low-centre,0,50,8.9,No information,No information,20,No information,1188,50.5,14.5,50,0,50,91.1,26,1512,shot
robert-lewandowski,https://www.sofascore.com/czech-republic-poland/dUbsoUb#id:10752377,poland,block,No information,set-piece,25.5,33,0,right-foot,low-centre,0,50.4,19,No information,No information,18,No information,1069,33,25.5,49.6,0,49.6,81,28,1631,shot
tomas-soucek,https://www.sofascore.com/czech-republic-poland/dUbsoUb#id:10752377,czechia,miss,No information,set-piece,9.4,42.2,0,head,high-left,0,65.4,61.1,No information,No information,17,No information,1004,42.2,9.4,34.6,0,34.6,38.9,29,1696,shot
tomas-cvancara,https://www.sofascore.com/czech-republic-poland/dUbsoUb#id:10752377,czechia,goal,regular,assisted,7.2,47,0,right-foot,low-left,0,53.9,3.8,No information,No information,3,No information,129,47,7.2,46.1,0,46.1,96.2,43,2571,shot
ladislav-krejci,https://www.sofascore.com/czech-republic-poland/dUbsoUb#id:10752377,czechia,goal,regular,throw-in-set-piece,7.7,53.4,0,head,low-right,0,47.1,17.7,No information,No information,1,No information,26,53.4,7.7,52.9,0,52.9,82.3,45,2674,shot

karol-swiderski,https://www.sofascore.com/belgium-poland/dUbsrUb#id:10023359,poland,miss,No information,corner,9.4,46.3,0,head,close-high-right,0,41,52.8,No information,No information,90,No information,5394,46.3,9.4,59,0,59,47.2,1,6,shot
karol-swiderski,https://www.sofascore.com/belgium-poland/dUbsrUb#id:10023359,poland,save,No information,assisted,5,57.5,0,head,high-right,0,45.9,24.1,No information,No information,90,No information,5364,57.5,5,54.1,0,54.1,75.9,1,36,shot
lois-openda,https://www.sofascore.com/belgium-poland/dUbsrUb#id:10023359,belgium,save,No information,assisted,8.1,33.8,0,right-foot,low-right,0,46.9,6.3,No information,No information,90,No information,5349,33.8,8.1,53.1,0,53.1,93.7,1,51,shot
kiwior-jakub,https://www.sofascore.com/belgium-poland/dUbsrUb#id:10023359,poland,miss,No information,assisted,15.7,50.3,0,left-foot,high,0,53.1,69.4,No information,No information,88,No information,5227,50.3,15.7,46.9,0,46.9,30.6,3,173,shot
kamil-glik,https://www.sofascore.com/belgium-poland/dUbsrUb#id:10023359,poland,block,No information,corner,12.4,38,0,head,low-centre,0,49.5,19,No information,No information,87,No information,5206,38,12.4,50.5,0,50.5,81,4,194,shot
karol-swiderski,https://www.sofascore.com/belgium-poland/dUbsrUb#id:10023359,poland,save,No information,regular,17.9,51,0,left-foot,high-centre,0,50,34.2,No information,No information,87,No information,5176,51,17.9,50,0,50,65.8,4,224,shot
szymon-zurkowski,https://www.sofascore.com/belgium-poland/dUbsrUb#id:10023359,poland,block,No information,assisted,15.4,53.6,0,left-foot,low-centre,0,49.9,19,No information,No information,84,No information,5034,53.6,15.4,50.1,0,50.1,81,7,366,shot
leandro-trossard,https://www.sofascore.com/belgium-poland/dUbsrUb#id:10023359,belgium,save,No information,assisted,8.7,36.1,0,left-foot,high-left,0,52.9,24.7,No information,No information,83,No information,4928,36.1,8.7,47.1,0,47.1,75.3,8,472,shot
hans-vanaken,https://www.sofascore.com/belgium-poland/dUbsrUb#id:10023359,belgium,save,No information,assisted,19.3,51,0,right-foot,low-centre,0,51.6,8.2,No information,No information,81,No information,4843,51,19.3,48.4,0,48.4,91.8,10,557,shot
leandro-trossard,https://www.sofascore.com/belgium-poland/dUbsrUb#id:10023359,belgium,miss,No information,assisted,20.2,56.7,0,left-foot,high-left,0,57.1,65.3,No information,No information,80,No information,4752,56.7,20.2,42.9,0,42.9,34.7,11,648,shot
kamil-glik,https://www.sofascore.com/belgium-poland/dUbsrUb#id:10023359,poland,miss,No information,corner,7.7,46.7,0,head,close-left,0,59.2,33.3,No information,No information,75,No information,4486,46.7,7.7,40.8,0,40.8,66.7,16,914,shot
robert-lewandowski,https://www.sofascore.com/belgium-poland/dUbsrUb#id:10023359,poland,block,No information,free-kick,22.5,36.6,0,right-foot,low-centre,0,49.3,19,No information,No information,75,No information,4448,36.6,22.5,50.7,0,50.7,81,16,952,shot
jan-vertonghen,https://www.sofascore.com/belgium-poland/dUbsrUb#id:10023359,belgium,miss,No information,assisted,12.4,32.8,0,left-foot,right,0,34.8,2.8,No information,No information,68,No information,4030,32.8,12.4,65.2,0,65.2,97.2,23,1370,shot
thorgan-hazard,https://www.sofascore.com/belgium-poland/dUbsrUb#id:10023359,belgium,miss,No information,corner,19.2,69.7,0,right-foot,close-left,0,58.8,4.2,No information,No information,52,No information,3086,69.7,19.2,41.2,0,41.2,95.8,39,2314,shot
timothy-castagne,https://www.sofascore.com/belgium-poland/dUbsrUb#id:10023359,belgium,block,No information,assisted,19.2,75.4,0,right-foot,low-centre,0,50.1,19,No information,No information,48,No information,2876,75.4,19.2,49.9,0,49.9,81,43,2524,shot
szymon-zurkowski,https://www.sofascore.com/belgium-poland/dUbsrUb#id:10023359,poland,block,No information,assisted,20.7,34.5,0,left-foot,low-left,0,53.9,19,No information,No information,46,No information,2755,34.5,20.7,46.1,0,46.1,81,45,2645,shot
nicola-zalewski,https://www.sofascore.com/belgium-poland/dUbsrUb#id:10023359,poland,miss,No information,assisted,8.9,39.4,0,right-foot,close-right,0,43.5,4.2,No information,No information,45,No information,2678,39.4,8.9,56.5,0,56.5,95.8,1,22,shot
michy-batshuayi,https://www.sofascore.com/belgium-poland/dUbsrUb#id:10023359,belgium,block,No information,assisted,9.9,37.9,0,right-foot,low-left,0,53.4,19,No information,No information,42,No information,2482,37.9,9.9,46.6,0,46.6,81,4,218,shot
axel-witsel,https://www.sofascore.com/belgium-poland/dUbsrUb#id:10023359,belgium,miss,No information,assisted,22.1,56.9,0,right-foot,high,0,53.9,65.3,No information,No information,40,No information,2349,56.9,22.1,46.1,0,46.1,34.7,6,351,shot
youri-tielemans,https://www.sofascore.com/belgium-poland/dUbsrUb#id:10023359,belgium,block,No information,assisted,19.2,31,0,right-foot,low-right,0,47.1,18.1,No information,No information,40,No information,2346,31,19.2,52.9,0,52.9,81.9,6,354,shot
sebastian-szymanski,https://www.sofascore.com/belgium-poland/dUbsrUb#id:10023359,poland,miss,No information,assisted,15.2,47,0,left-foot,high,0,48.9,63.9,No information,No information,30,No information,1798,47,15.2,51.1,0,51.1,36.1,16,902,shot
dries-mertens,https://www.sofascore.com/belgium-poland/dUbsrUb#id:10023359,belgium,block,No information,assisted,14.5,66.6,0,right-foot,low-centre,0,48.6,19,No information,No information,29,No information,1695,66.6,14.5,51.4,0,51.4,81,17,1005,shot
szymon-zurkowski,https://www.sofascore.com/belgium-poland/dUbsrUb#id:10023359,poland,miss,No information,assisted,30.9,45.8,0,right-foot,high-right,0,40.7,65.3,No information,No information,22,No information,1266,45.8,30.9,59.3,0,59.3,34.7,24,1434,shot
michy-batshuayi,https://www.sofascore.com/belgium-poland/dUbsrUb#id:10023359,belgium,goal,regular,assisted,7.6,51.2,0,head,low-right,0,46.1,5.7,No information,No information,16,No information,917,51.2,7.6,53.9,0,53.9,94.3,30,1783,shot

robert-lewandowski,https://www.sofascore.com/hungary-poland/dUbsjUb#id:9223716,poland,miss,No information,set-piece,19.1,44.9,0,right-foot,high-left,0,59.5,51.4,No information,No information,88,No information,5224,44.9,19.1,40.5,0,40.5,48.6,3,176,shot
robert-lewandowski,https://www.sofascore.com/hungary-poland/dUbsjUb#id:9223716,poland,goal,regular,assisted,14.1,48.9,0,left-foot,high-right,0,47.3,20.9,No information,No information,82,No information,4916,48.9,14.1,52.7,0,52.7,79.1,9,484,shot
willi-orban,https://www.sofascore.com/hungary-poland/dUbsjUb#id:9223716,hungary,goal,regular,corner,2.5,53.8,0,right-foot,low-right,0,46.4,12.7,No information,No information,78,No information,4636,53.8,2.5,53.6,0,53.6,87.3,13,764,shot
adam-lang,https://www.sofascore.com/hungary-poland/dUbsjUb#id:9223716,hungary,miss,No information,assisted,3.5,49,0,head,right,0,39,8.3,No information,No information,78,No information,4635,49,3.5,61,0,61,91.7,13,765,shot
adam-szalai,https://www.sofascore.com/hungary-poland/dUbsjUb#id:9223716,hungary,block,No information,corner,9.1,42.5,0,left-foot,low-left,0,52.7,5.1,No information,No information,78,No information,4625,42.5,9.1,47.3,0,47.3,94.9,13,775,shot
piotr-zielinski,https://www.sofascore.com/hungary-poland/dUbsjUb#id:9223716,poland,miss,No information,assisted,22.5,42.3,0,left-foot,right,0,37,2.8,No information,No information,67,No information,3991,42.3,22.5,63,0,63,97.2,24,1409,shot
roland-sallai,https://www.sofascore.com/hungary-poland/dUbsjUb#id:9223716,hungary,block,No information,assisted,12,19.4,0,right-foot,low-centre,0,51.6,19,No information,No information,62,No information,3704,19.4,12,48.4,0,48.4,81,29,1696,shot
kamil-jozwiak,https://www.sofascore.com/hungary-poland/dUbsjUb#id:9223716,poland,goal,regular,assisted,8.8,61.2,0,right-foot,low-left,0,53.5,1.9,No information,No information,61,No information,3636,61.2,8.8,46.5,0,46.5,98.1,30,1764,shot
krzysztof-piatek,https://www.sofascore.com/hungary-poland/dUbsjUb#id:9223716,poland,goal,regular,assisted,7.7,48.9,0,right-foot,low-right,0,47.1,3.2,No information,No information,60,No information,3582,48.9,7.7,52.9,0,52.9,96.8,31,1818,shot
grzegorz-krychowiak,https://www.sofascore.com/hungary-poland/dUbsjUb#id:9223716,poland,miss,No information,assisted,7.8,59,0,right-foot,left,0,77.3,9.7,No information,No information,60,No information,3581,59,7.8,22.7,0,22.7,90.3,31,1819,shot
arkadiusz-milik,https://www.sofascore.com/hungary-poland/dUbsjUb#id:9223716,poland,miss,No information,assisted,25.5,64.9,0,left-foot,high-left,0,59.5,65.3,No information,No information,58,No information,3428,64.9,25.5,40.5,0,40.5,34.7,33,1972,shot
adam-szalai,https://www.sofascore.com/hungary-poland/dUbsjUb#id:9223716,hungary,goal,regular,regular,8.6,59.5,0,right-foot,low-left,0,53.6,14.6,No information,No information,52,No information,3113,59.5,8.6,46.4,0,46.4,85.4,39,2287,shot
roland-sallai,https://www.sofascore.com/hungary-poland/dUbsjUb#id:9223716,hungary,block,No information,assisted,13,56.5,0,right-foot,low-right,0,46,19,No information,No information,52,No information,3111,56.5,13,54,0,54,81,39,2289,shot
arkadiusz-milik,https://www.sofascore.com/hungary-poland/dUbsjUb#id:9223716,poland,miss,No information,assisted,10.7,56.7,0,head,left,0,69.4,4.2,No information,No information,50,No information,2964,56.7,10.7,30.6,0,30.6,95.8,41,2436,shot
piotr-zielinski,https://www.sofascore.com/hungary-poland/dUbsjUb#id:9223716,poland,block,No information,assisted,19.2,39.2,0,right-foot,low-left,0,53.7,19,No information,No information,41,No information,2432,39.2,19.2,46.3,0,46.3,81,5,268,shot
adam-szalai,https://www.sofascore.com/hungary-poland/dUbsjUb#id:9223716,hungary,miss,No information,assisted,2.3,56.3,0,left-foot,close-right,0,41,2.8,No information,No information,34,No information,2035,56.3,2.3,59,0,59,97.2,12,665,shot
attila-fiola,https://www.sofascore.com/hungary-poland/dUbsjUb#id:9223716,hungary,miss,No information,regular,27.5,55.4,0,right-foot,close-right,0,41.2,26.4,No information,No information,29,No information,1683,55.4,27.5,58.8,0,58.8,73.6,17,1017,shot
arkadiusz-milik,https://www.sofascore.com/hungary-poland/dUbsjUb#id:9223716,poland,miss,No information,assisted,7.4,52.1,0,head,right,0,38,29.2,No information,No information,27,No information,1575,52.1,7.4,62,0,62,70.8,19,1125,shot
gergo-lovrencsics,https://www.sofascore.com/hungary-poland/dUbsjUb#id:9223716,hungary,save,No information,assisted,15.6,63.9,0,left-foot,low-centre,0,48.4,12,No information,No information,19,No information,1121,63.9,15.6,51.6,0,51.6,88,27,1579,shot
roland-sallai,https://www.sofascore.com/hungary-poland/dUbsjUb#id:9223716,hungary,goal,regular,fast-break,13.1,66,0,right-foot,low-right,0,47,1.9,No information,No information,6,No information,337,66,13.1,53,0,53,98.1,40,2363,shot

karol-swiderski,https://www.sofascore.com/moldova-poland/dUbsHVb#id:10752536,poland,save,No information,regular,8.7,48.2,0,head,low-left,0,53.2,13.9,No information,No information,90,5,5683,48.2,8.7,46.8,0,46.8,86.1,1,617,shot
karol-swiderski,https://www.sofascore.com/moldova-poland/dUbsHVb#id:10752536,poland,save,No information,assisted,10.5,53.6,0,head,low-left,0,54.6,19,No information,No information,90,3,5525,53.6,10.5,45.4,0,45.4,81,1,775,shot
adam-buksa,https://www.sofascore.com/moldova-poland/dUbsHVb#id:10752536,poland,miss,No information,assisted,5.2,45.7,0,head,left,0,61.2,11.1,No information,No information,90,1,5437,45.7,5.2,38.8,0,38.8,88.9,1,863,shot
kamil-grosicki,https://www.sofascore.com/moldova-poland/dUbsHVb#id:10752536,poland,miss,No information,corner,21.8,32.1,0,right-foot,left,0,60.3,2.8,No information,No information,87,No information,5170,32.1,21.8,39.7,0,39.7,97.2,4,230,shot
jakub-kaminski,https://www.sofascore.com/moldova-poland/dUbsHVb#id:10752536,poland,save,No information,assisted,7.8,67,0,right-foot,low-right,0,47.4,1.3,No information,No information,86,No information,5137,67,7.8,52.6,0,52.6,98.7,5,263,shot
vitalie-damascan,https://www.sofascore.com/moldova-poland/dUbsHVb#id:10752536,moldova,block,No information,assisted,27,38.9,0,right-foot,low-centre,0,51.6,19,No information,No information,81,No information,4822,38.9,27,48.4,0,48.4,81,10,578,shot
kiwior-jakub,https://www.sofascore.com/moldova-poland/dUbsHVb#id:10752536,poland,block,No information,regular,12.7,27.1,0,left-foot,low-centre,0,51.1,19,No information,No information,62,No information,3667,27.1,12.7,48.9,0,48.9,81,29,1733,shot
przemyslaw-frankowski,https://www.sofascore.com/moldova-poland/dUbsHVb#id:10752536,poland,block,No information,assisted,9.5,37.1,0,right-foot,low-right,0,46.4,19,No information,No information,62,No information,3663,37.1,9.5,53.6,0,53.6,81,29,1737,shot
patryk-peda,https://www.sofascore.com/moldova-poland/dUbsHVb#id:10752536,poland,miss,No information,corner,7.7,45.7,0,head,high,0,51.1,69.4,No information,No information,59,No information,3487,45.7,7.7,48.9,0,48.9,30.6,32,1913,shot
karol-swiderski,https://www.sofascore.com/moldova-poland/dUbsHVb#id:10752536,poland,goal,regular,regular,11.7,44.3,0,left-foot,low-right,0,46.5,0.6,No information,No information,53,No information,3134,44.3,11.7,53.5,0,53.5,99.4,38,2266,shot
przemyslaw-frankowski,https://www.sofascore.com/moldova-poland/dUbsHVb#id:10752536,poland,block,No information,assisted,21.5,30.7,0,right-foot,low-left,0,54,19,No information,No information,46,No information,2727,30.7,21.5,46,0,46,81,45,2673,shot
karol-swiderski,https://www.sofascore.com/moldova-poland/dUbsHVb#id:10752536,poland,miss,No information,regular,12.4,58.4,0,right-foot,high,0,45.7,65.3,No information,No information,45,3,2822,58.4,12.4,54.3,0,54.3,34.7,1,2578,shot
arkadiusz-milik,https://www.sofascore.com/moldova-poland/dUbsHVb#id:10752536,poland,save,No information,regular,4.8,50.3,0,head,low-centre,0,50.6,15.8,No information,No information,45,No information,2686,50.3,4.8,49.4,0,49.4,84.2,1,14,shot
arkadiusz-milik,https://www.sofascore.com/moldova-poland/dUbsHVb#id:10752536,poland,save,No information,assisted,4.8,50.3,0,head,low-left,0,52.6,14.6,No information,No information,45,No information,2684,50.3,4.8,47.4,0,47.4,85.4,1,16,shot
pawel-wszolek,https://www.sofascore.com/moldova-poland/dUbsHVb#id:10752536,poland,miss,No information,assisted,9.7,57.8,0,head,close-left,0,57,18.1,No information,No information,43,No information,2551,57.8,9.7,43,0,43,81.9,3,149,shot
karol-swiderski,https://www.sofascore.com/moldova-poland/dUbsHVb#id:10752536,poland,block,No information,throw-in-set-piece,5.6,32.8,0,left-foot,low-left,0,54.7,19,No information,No information,38,No information,2249,32.8,5.6,45.3,0,45.3,81,8,451,shot
kiwior-jakub,https://www.sofascore.com/moldova-poland/dUbsHVb#id:10752536,poland,block,No information,throw-in-set-piece,7.9,42.3,0,right-foot,low-centre,0,51.7,19,No information,No information,38,No information,2247,42.3,7.9,48.3,0,48.3,81,8,453,shot
pawel-wszolek,https://www.sofascore.com/moldova-poland/dUbsHVb#id:10752536,poland,save,No information,assisted,2.2,57.3,0,head,high-left,0,54.5,23.4,No information,No information,31,No information,1856,57.3,2.2,45.5,0,45.5,76.6,15,844,shot
ion-nicolaescu,https://www.sofascore.com/moldova-poland/dUbsHVb#id:10752536,moldova,goal,regular,corner,7.1,50.7,0,right-foot,low-right,0,45.8,16.5,No information,No information,26,No information,1500,50.7,7.1,54.2,0,54.2,83.5,20,1200,shot
pawel-wszolek,https://www.sofascore.com/moldova-poland/dUbsHVb#id:10752536,poland,miss,No information,assisted,7.2,64.5,0,right-foot,left,0,70.6,6.9,No information,No information,20,No information,1150,64.5,7.2,29.4,0,29.4,93.1,26,1550,shot
karol-swiderski,https://www.sofascore.com/moldova-poland/dUbsHVb#id:10752536,poland,block,No information,assisted,25.2,47.6,0,left-foot,low-centre,0,50.9,19,No information,No information,19,No information,1108,47.6,25.2,49.1,0,49.1,81,27,1592,shot
karol-swiderski,https://www.sofascore.com/moldova-poland/dUbsHVb#id:10752536,poland,miss,No information,set-piece,8,53.1,0,head,high,0,55,66.7,No information,No information,18,No information,1051,53.1,8,45,0,45,33.3,28,1649,shot
kiwior-jakub,https://www.sofascore.com/moldova-poland/dUbsHVb#id:10752536,poland,block,No information,corner,8.1,55.4,0,head,low-centre,0,50.2,19,No information,No information,17,No information,972,55.4,8.1,49.8,0,49.8,81,29,1728,shot
postolachi-virgiliu,https://www.sofascore.com/moldova-poland/dUbsHVb#id:10752536,moldova,miss,No information,assisted,14.4,69.6,0,left-foot,close-high,0,51.8,56.9,No information,No information,14,No information,820,69.6,14.4,48.2,0,48.2,43.1,32,1880,shot
maxim-cojocaru,https://www.sofascore.com/moldova-poland/dUbsHVb#id:10752536,moldova,block,No information,regular,22.5,65,0,right-foot,low-centre,0,49.5,19,No information,No information,8,No information,425,65,22.5,50.5,0,50.5,81,38,2275,shot

kamil-jozwiak,https://www.sofascore.com/andorra-poland/dUbstWb#id:9223719,poland,block,No information,assisted,14,60.4,0,right-foot,low-centre,0,48.4,19,No information,No information,90,5,5641,60.4,14,51.6,0,51.6,81,1,659,shot
kacper-kozlowski,https://www.sofascore.com/andorra-poland/dUbstWb#id:9223719,poland,block,No information,set-piece,19.2,67,0,right-foot,low-centre,0,49,19,No information,No information,90,4,5621,67,19.2,51,0,51,81,1,679,shot
karol-swiderski,https://www.sofascore.com/andorra-poland/dUbstWb#id:9223719,poland,miss,No information,regular,4,55.3,0,head,high,0,49.2,69.4,No information,No information,90,2,5480,55.3,4,50.8,0,50.8,30.6,1,820,shot
karol-swiderski,https://www.sofascore.com/andorra-poland/dUbstWb#id:9223719,poland,goal,regular,assisted,4.8,49,0,left-foot,low-centre,0,49.7,8.2,No information,No information,88,No information,5243,49,4.8,50.3,0,50.3,91.8,3,157,shot
grzegorz-krychowiak,https://www.sofascore.com/andorra-poland/dUbstWb#id:9223719,poland,miss,No information,corner,5.7,70.6,0,right-foot,right,0,35.8,16.7,No information,No information,86,No information,5128,70.6,5.7,64.2,0,64.2,83.3,5,272,shot
kamil-glik,https://www.sofascore.com/andorra-poland/dUbstWb#id:9223719,poland,block,No information,corner,10.1,47.4,0,head,low-centre,0,50,19,No information,No information,84,No information,4984,47.4,10.1,50,0,50,81,7,416,shot
grzegorz-krychowiak,https://www.sofascore.com/andorra-poland/dUbstWb#id:9223719,poland,block,No information,assisted,28.3,34,0,right-foot,low-centre,0,51,19,No information,No information,72,No information,4311,34,28.3,49,0,49,81,19,1089,shot
christian-garcia,https://www.sofascore.com/andorra-poland/dUbstWb#id:9223719,andorra,miss,No information,set-piece,7.7,56.3,0,head,right,0,39.3,11.1,No information,No information,67,No information,3996,56.3,7.7,60.7,0,60.7,88.9,24,1404,shot
krzysztof-piatek,https://www.sofascore.com/andorra-poland/dUbstWb#id:9223719,poland,block,No information,corner,7.5,48,0,right-foot,low-right,0,47.3,19,No information,No information,62,No information,3665,48,7.5,52.7,0,52.7,81,29,1735,shot
robert-lewandowski,https://www.sofascore.com/andorra-poland/dUbstWb#id:9223719,poland,block,No information,assisted,21.1,55.5,0,right-foot,low-left,0,51.8,19,No information,No information,61,No information,3622,55.5,21.1,48.2,0,48.2,81,30,1778,shot
robert-lewandowski,https://www.sofascore.com/andorra-poland/dUbstWb#id:9223719,poland,goal,regular,assisted,4.5,52.5,0,right-foot,low-centre,0,50.6,15.8,No information,No information,55,No information,3282,52.5,4.5,49.4,0,49.4,84.2,36,2118,shot
krzysztof-piatek,https://www.sofascore.com/andorra-poland/dUbstWb#id:9223719,poland,miss,No information,assisted,8.7,55.7,0,right-foot,left,0,62.4,6.9,No information,No information,53,No information,3179,55.7,8.7,37.6,0,37.6,93.1,38,2221,shot
kamil-glik,https://www.sofascore.com/andorra-poland/dUbstWb#id:9223719,poland,miss,No information,set-piece,9.3,43.5,0,head,left,0,61,9.7,No information,No information,49,No information,2937,43.5,9.3,39,0,39,90.3,42,2463,shot
arkadiusz-milik,https://www.sofascore.com/andorra-poland/dUbstWb#id:9223719,poland,block,No information,assisted,9.5,54.9,0,head,low-centre,0,50.6,19,No information,No information,45,1,2759,54.9,9.5,49.4,0,49.4,81,1,2641,shot
arkadiusz-milik,https://www.sofascore.com/andorra-poland/dUbstWb#id:9223719,poland,miss,No information,assisted,10.5,55.5,0,head,high,0,50.8,63.9,No information,No information,36,No information,2146,55.5,10.5,49.2,0,49.2,36.1,10,554,shot
robert-lewandowski,https://www.sofascore.com/andorra-poland/dUbstWb#id:9223719,poland,goal,regular,set-piece,10.2,50.8,0,right-foot,low-right,0,46.1,19,No information,No information,30,No information,1766,50.8,10.2,53.9,0,53.9,81,16,934,shot
krzysztof-piatek,https://www.sofascore.com/andorra-poland/dUbstWb#id:9223719,poland,save,No information,assisted,10.3,54.2,0,head,high-centre,0,50.1,21.5,No information,No information,26,No information,1531,54.2,10.3,49.9,0,49.9,78.5,20,1169,shot
krzysztof-piatek,https://www.sofascore.com/andorra-poland/dUbstWb#id:9223719,poland,miss,No information,assisted,3.8,39.5,0,left-foot,close-left,0,56.8,33.3,No information,No information,24,No information,1423,39.5,3.8,43.2,0,43.2,66.7,22,1277,shot
krzysztof-piatek,https://www.sofascore.com/andorra-poland/dUbstWb#id:9223719,poland,block,No information,regular,15.5,56.7,0,right-foot,low-centre,0,49.4,19,No information,No information,23,No information,1361,56.7,15.5,50.6,0,50.6,81,23,1339,shot
grzegorz-krychowiak,https://www.sofascore.com/andorra-poland/dUbstWb#id:9223719,poland,miss,No information,corner,2.6,40.7,0,left-foot,close-left,0,56,13.9,No information,No information,20,No information,1181,40.7,2.6,44,0,44,86.1,26,1519,shot
krzysztof-piatek,https://www.sofascore.com/andorra-poland/dUbstWb#id:9223719,poland,miss,No information,corner,6.6,61.5,0,head,left,0,61.3,9.7,No information,No information,20,No information,1181,61.5,6.6,38.7,0,38.7,90.3,26,1519,shot
krzysztof-piatek,https://www.sofascore.com/andorra-poland/dUbstWb#id:9223719,poland,block,No information,assisted,10.2,64.8,0,right-foot,low-centre,0,50,19,No information,No information,20,No information,1152,64.8,10.2,50,0,50,81,26,1548,shot
krzysztof-piatek,https://www.sofascore.com/andorra-poland/dUbstWb#id:9223719,poland,save,No information,set-piece,17.5,49.5,0,left-foot,low-centre,0,51,15.8,No information,No information,19,No information,1084,49.5,17.5,49,0,49,84.2,27,1616,shot
kamil-glik,https://www.sofascore.com/andorra-poland/dUbstWb#id:9223719,poland,block,No information,set-piece,12,58.4,0,right-foot,low-right,0,47.9,19,No information,No information,19,No information,1080,58.4,12,52.1,0,52.1,81,27,1620,shot
grzegorz-krychowiak,https://www.sofascore.com/andorra-poland/dUbstWb#id:9223719,poland,block,No information,set-piece,16.2,30.9,0,right-foot,low-centre,0,48.9,19,No information,No information,18,No information,1076,30.9,16.2,51.1,0,51.1,81,28,1624,shot
robert-lewandowski,https://www.sofascore.com/andorra-poland/dUbstWb#id:9223719,poland,block,No information,set-piece,15,37.3,0,right-foot,low-centre,0,50.4,19,No information,No information,16,No information,941,37.3,15,49.6,0,49.6,81,30,1759,shot
bartosz-bereszynski,https://www.sofascore.com/andorra-poland/dUbstWb#id:9223719,poland,miss,No information,assisted,28.1,64.1,0,right-foot,left,0,59.3,11.1,No information,No information,11,No information,607,64.1,28.1,40.7,0,40.7,88.9,35,2093,shot

nicolas-tagliafico,https://www.sofascore.com/argentina-poland/dUbsuWb#id:10230547,argentina,block,No information,assisted,10.5,38,0,left-foot,low-centre,0,51.5,19,No information,No information,90,2,5518,38,10.5,48.5,0,48.5,81,1,782,shot
lautaro-martinez,https://www.sofascore.com/argentina-poland/dUbsuWb#id:10230547,argentina,miss,No information,regular,9.3,66,0,right-foot,left,0,59.8,4.2,No information,No information,86,No information,5102,66,9.3,40.2,0,40.2,95.8,5,298,shot
julian-alvarez,https://www.sofascore.com/argentina-poland/dUbsuWb#id:10230547,argentina,miss,No information,assisted,12.4,65.5,0,right-foot,close-right,0,43.4,27.8,No information,No information,73,No information,4363,65.5,12.4,56.6,0,56.6,72.2,18,1037,shot
lionel-messi,https://www.sofascore.com/argentina-poland/dUbsuWb#id:10230547,argentina,save,No information,assisted,12.5,42.9,0,left-foot,low-centre,0,50.2,5.7,No information,No information,71,No information,4236,42.9,12.5,49.8,0,49.8,94.3,20,1164,shot
julian-alvarez,https://www.sofascore.com/argentina-poland/dUbsuWb#id:10230547,argentina,goal,regular,assisted,12.4,41.9,0,right-foot,high-right,0,46.7,27.8,No information,No information,67,No information,4018,41.9,12.4,53.3,0,53.3,72.2,24,1382,shot
lionel-messi,https://www.sofascore.com/argentina-poland/dUbsuWb#id:10230547,argentina,block,No information,regular,10.6,30.7,0,left-foot,low-centre,0,50.8,19,No information,No information,64,No information,3802,30.7,10.6,49.2,0,49.2,81,27,1598,shot
alexis-mac-allister,https://www.sofascore.com/argentina-poland/dUbsuWb#id:10230547,argentina,save,No information,assisted,12.1,57.9,0,left-foot,low-centre,0,48.7,2.5,No information,No information,61,No information,3638,57.9,12.1,51.3,0,51.3,97.5,30,1762,shot
julian-alvarez,https://www.sofascore.com/argentina-poland/dUbsuWb#id:10230547,argentina,block,No information,assisted,12.2,51.7,0,left-foot,low-centre,0,50.1,19,No information,No information,56,No information,3342,51.7,12.2,49.9,0,49.9,81,35,2058,shot
lionel-messi,https://www.sofascore.com/argentina-poland/dUbsuWb#id:10230547,argentina,miss,No information,assisted,12.3,62.9,0,left-foot,left,0,79.5,11.1,No information,No information,56,No information,3340,62.9,12.3,20.5,0,20.5,88.9,35,2060,shot
lionel-messi,https://www.sofascore.com/argentina-poland/dUbsuWb#id:10230547,argentina,miss,No information,assisted,13,34.2,0,left-foot,left,0,71.1,13.9,No information,No information,53,No information,3161,34.2,13,28.9,0,28.9,86.1,38,2239,shot
michal-skoras,https://www.sofascore.com/argentina-poland/dUbsuWb#id:10230547,poland,block,No information,assisted,17.9,71.1,0,left-foot,low-left,0,52.3,19,No information,No information,53,No information,3132,71.1,17.9,47.7,0,47.7,81,38,2268,shot
kamil-glik,https://www.sofascore.com/argentina-poland/dUbsuWb#id:10230547,poland,miss,No information,set-piece,10.1,53.4,0,head,close-left,0,58.3,13.9,No information,No information,49,No information,2939,53.4,10.1,41.7,0,41.7,86.1,42,2461,shot
alexis-mac-allister,https://www.sofascore.com/argentina-poland/dUbsuWb#id:10230547,argentina,goal,regular,assisted,13.3,55.5,0,right-foot,low-left,0,54,3.8,No information,No information,46,No information,2754,55.5,13.3,46,0,46,96.2,45,2646,shot
angel-di-maria,https://www.sofascore.com/argentina-poland/dUbsuWb#id:10230547,argentina,save,No information,assisted,14,72.8,0,left-foot,low-right,0,47.2,4.4,No information,No information,44,No information,2596,72.8,14,52.8,0,52.8,95.6,2,104,shot
rodrigo-de-paul,https://www.sofascore.com/argentina-poland/dUbsuWb#id:10230547,argentina,save,No information,regular,7.3,49.9,0,other,low-centre,0,50.1,11.4,No information,No information,43,No information,2530,49.9,7.3,49.9,0,49.9,88.6,3,170,shot
julian-alvarez,https://www.sofascore.com/argentina-poland/dUbsuWb#id:10230547,argentina,save,No information,assisted,16.4,33.5,0,right-foot,low-centre,0,50.1,19,No information,No information,43,No information,2528,33.5,16.4,49.9,0,49.9,81,3,172,shot
lionel-messi,https://www.sofascore.com/argentina-poland/dUbsuWb#id:10230547,argentina,save,No information,penalty,11.5,50,0,left-foot,low-right,0,45.7,15.2,No information,No information,39,No information,2304,50,11.5,54.3,0,54.3,84.8,7,396,shot
julian-alvarez,https://www.sofascore.com/argentina-poland/dUbsuWb#id:10230547,argentina,save,No information,assisted,7.7,32.7,0,left-foot,low-left,0,52.4,13.9,No information,No information,36,No information,2110,32.7,7.7,47.6,0,47.6,86.1,10,590,shot
enzo-fernandez,https://www.sofascore.com/argentina-poland/dUbsuWb#id:10230547,argentina,miss,No information,corner,25.9,50.5,0,right-foot,close-high-right,0,43,58.3,No information,No information,35,No information,2063,50.5,25.9,57,0,57,41.7,11,637,shot
marcos-acuna,https://www.sofascore.com/argentina-poland/dUbsuWb#id:10230547,argentina,miss,No information,regular,15.7,26.1,0,left-foot,close-right,0,42.9,8.3,No information,No information,28,No information,1678,26.1,15.7,57.1,0,57.1,91.7,18,1022,shot
julian-alvarez,https://www.sofascore.com/argentina-poland/dUbsuWb#id:10230547,argentina,block,No information,assisted,9.8,60.4,0,right-foot,low-left,0,54.6,19,No information,No information,28,No information,1674,60.4,9.8,45.4,0,45.4,81,18,1026,shot
kamil-glik,https://www.sofascore.com/argentina-poland/dUbsuWb#id:10230547,poland,miss,No information,corner,11.8,54.3,0,right-foot,right,0,38.2,26.4,No information,No information,22,No information,1296,54.3,11.8,61.8,0,61.8,73.6,24,1404,shot
marcos-acuna,https://www.sofascore.com/argentina-poland/dUbsuWb#id:10230547,argentina,miss,No information,assisted,11.7,33.2,0,right-foot,high,0,45,70.8,No information,No information,17,No information,969,33.2,11.7,55,0,55,29.2,29,1731,shot
lionel-messi,https://www.sofascore.com/argentina-poland/dUbsuWb#id:10230547,argentina,save,No information,assisted,6.5,29.7,0,left-foot,low-left,0,54.2,13.9,No information,No information,10,No information,593,29.7,6.5,45.8,0,45.8,86.1,36,2107,shot
angel-di-maria,https://www.sofascore.com/argentina-poland/dUbsuWb#id:10230547,argentina,block,No information,assisted,25.1,48.9,0,left-foot,low-right,0,46.7,19,No information,No information,9,No information,532,48.9,25.1,53.3,0,53.3,81,37,2168,shot
lionel-messi,https://www.sofascore.com/argentina-poland/dUbsuWb#id:10230547,argentina,save,No information,regular,19.8,46.9,0,right-foot,low-left,0,53.7,2.5,No information,No information,7,No information,390,46.9,19.8,46.3,0,46.3,97.5,39,2310,shot
krystian-bielik,https://www.sofascore.com/argentina-poland/dUbsuWb#id:10230547,poland,block,No information,assisted,18.1,49.8,0,left-foot,low-left,0,54.6,19,No information,No information,5,No information,242,49.8,18.1,45.4,0,45.4,81,41,2458,shot

marcis-oss,https://www.sofascore.com/latvia-poland/dUbsgUb#id:8078629,latvia,miss,No information,set-piece,10.4,47.6,0,head,close-high,0,50.9,59.7,No information,No information,90,6,5722,47.6,10.4,49.1,0,49.1,40.3,1,578,shot
janis-ikaunieks,https://www.sofascore.com/latvia-poland/dUbsgUb#id:8078629,latvia,block,No information,throw-in-set-piece,10.2,52.6,0,right-foot,No information,No information,No information,No information,No information,No information,79,No information,4705,52.6,10.2,No information,No information,No information,No information,12,695,shot
robert-lewandowski,https://www.sofascore.com/latvia-poland/dUbsgUb#id:8078629,poland,goal,regular,assisted,7.4,46.8,0,left-foot,low-centre,0,48.5,0.6,No information,No information,76,No information,4522,46.8,7.4,51.5,0,51.5,99.4,15,878,shot
kamil-grosicki,https://www.sofascore.com/latvia-poland/dUbsgUb#id:8078629,poland,miss,No information,assisted,12.7,62.6,0,right-foot,left,0,68.6,5.6,No information,No information,76,No information,4521,62.6,12.7,31.4,0,31.4,94.4,15,879,shot
piotr-zielinski,https://www.sofascore.com/latvia-poland/dUbsgUb#id:8078629,poland,miss,No information,assisted,24.7,42.2,0,left-foot,high-left,0,56.5,91.7,No information,No information,74,No information,4430,42.2,24.7,43.5,0,43.5,8.3,17,970,shot
krzysztof-piatek,https://www.sofascore.com/latvia-poland/dUbsgUb#id:8078629,poland,miss,No information,assisted,10,39.7,0,head,right,0,13.4,8.3,No information,No information,71,No information,4239,39.7,10,86.6,0,86.6,91.7,20,1161,shot
grzegorz-krychowiak,https://www.sofascore.com/latvia-poland/dUbsgUb#id:8078629,poland,miss,No information,assisted,22.7,42.8,0,right-foot,high-right,0,40.2,73.6,No information,No information,64,No information,3805,42.8,22.7,59.8,0,59.8,26.4,27,1595,shot
krzysztof-piatek,https://www.sofascore.com/latvia-poland/dUbsgUb#id:8078629,poland,save,No information,assisted,19.9,50.1,0,right-foot,low-centre,0,49.3,18.4,No information,No information,63,No information,3773,50.1,19.9,50.7,0,50.7,81.6,28,1627,shot
maciej-rybus,https://www.sofascore.com/latvia-poland/dUbsgUb#id:8078629,poland,block,No information,assisted,24.2,32.5,0,right-foot,No information,No information,No information,No information,No information,No information,56,No information,3356,32.5,24.2,No information,No information,No information,No information,35,2044,shot
kamil-grosicki,https://www.sofascore.com/latvia-poland/dUbsgUb#id:8078629,poland,save,No information,assisted,17.6,39.4,0,right-foot,low-right,0,47.5,3.2,No information,No information,52,No information,3068,39.4,17.6,52.5,0,52.5,96.8,39,2332,shot
ritvars-rugins,https://www.sofascore.com/latvia-poland/dUbsgUb#id:8078629,latvia,block,No information,regular,23.8,71.7,0,right-foot,No information,No information,No information,No information,No information,No information,51,No information,3047,71.7,23.8,No information,No information,No information,No information,40,2353,shot
kamil-grosicki,https://www.sofascore.com/latvia-poland/dUbsgUb#id:8078629,poland,save,No information,assisted,7.4,66.7,0,right-foot,low-left,0,53.7,3.2,No information,No information,46,No information,2745,66.7,7.4,46.3,0,46.3,96.8,45,2655,shot
olegs-laizans,https://www.sofascore.com/latvia-poland/dUbsgUb#id:8078629,latvia,miss,No information,assisted,29.3,70.2,0,right-foot,close-right,0,41,5.6,No information,No information,40,No information,2398,70.2,29.3,59,0,59,94.4,6,302,shot
marcis-oss,https://www.sofascore.com/latvia-poland/dUbsgUb#id:8078629,latvia,miss,No information,assisted,11.4,62.6,0,head,close-right,0,43,1.4,No information,No information,38,No information,2252,62.6,11.4,57,0,57,98.6,8,448,shot
kamil-grosicki,https://www.sofascore.com/latvia-poland/dUbsgUb#id:8078629,poland,miss,No information,assisted,6,31.8,0,left-foot,close-left,0,57.1,20.8,No information,No information,30,No information,1769,31.8,6,42.9,0,42.9,79.2,16,931,shot
martins-kigurs,https://www.sofascore.com/latvia-poland/dUbsgUb#id:8078629,latvia,block,No information,assisted,33.4,39.8,0,right-foot,No information,No information,No information,No information,No information,No information,29,No information,1723,39.8,33.4,No information,No information,No information,No information,17,977,shot
grzegorz-krychowiak,https://www.sofascore.com/latvia-poland/dUbsgUb#id:8078629,poland,save,No information,regular,26.8,36,0,right-foot,low-left,0,54.5,4.4,No information,No information,27,No information,1612,36,26.8,45.5,0,45.5,95.6,19,1088,shot
robert-lewandowski,https://www.sofascore.com/latvia-poland/dUbsgUb#id:8078629,poland,goal,regular,assisted,12.1,44.5,0,right-foot,low-right,0,46.7,5.1,No information,No information,13,No information,722,44.5,12.1,53.3,0,53.3,94.9,33,1978,shot
robert-lewandowski,https://www.sofascore.com/latvia-poland/dUbsgUb#id:8078629,poland,block,No information,corner,9.7,37.4,0,head,No information,No information,No information,No information,No information,No information,11,No information,649,37.4,9.7,No information,No information,No information,No information,35,2051,shot
robert-lewandowski,https://www.sofascore.com/latvia-poland/dUbsgUb#id:8078629,poland,goal,regular,assisted,10.7,44.8,0,left-foot,low-right,0,47.8,0.6,No information,No information,9,No information,493,44.8,10.7,52.2,0,52.2,99.4,37,2207,shot
janis-ikaunieks,https://www.sofascore.com/latvia-poland/dUbsgUb#id:8078629,latvia,miss,No information,assisted,13.5,30.1,0,left-foot,high-left,0,56.3,75,No information,No information,3,No information,154,30.1,13.5,43.7,0,43.7,25,43,2546,shot

grzegorz-krychowiak,https://www.sofascore.com/netherlands-poland/dUbsfUb#id:10023358,poland,miss,No information,fast-break,37.4,68.6,0,right-foot,high-right,0,40.7,65.3,No information,No information,90,7,5797,68.6,37.4,59.3,0,59.3,34.7,1,503,shot
denzel-dumfries,https://www.sofascore.com/netherlands-poland/dUbsfUb#id:10023358,netherlands,miss,No information,corner,8.1,41,0,head,close-right,0,41.2,8.3,No information,No information,90,3,5520,41,8.1,58.8,0,58.8,91.7,1,780,shot
memphis-depay,https://www.sofascore.com/netherlands-poland/dUbsfUb#id:10023358,netherlands,save,No information,assisted,8,55,0,head,high-right,0,48.1,31.6,No information,No information,90,2,5500,55,8,51.9,0,51.9,68.4,1,800,shot
memphis-depay,https://www.sofascore.com/netherlands-poland/dUbsfUb#id:10023358,netherlands,post,No information,penalty,11.5,50,0,right-foot,right,0,44.6,27.2,No information,No information,90,1,5442,50,11.5,55.4,0,55.4,72.8,1,858,shot
memphis-depay,https://www.sofascore.com/netherlands-poland/dUbsfUb#id:10023358,netherlands,save,No information,assisted,7.1,52,0,right-foot,low-centre,0,49.1,13.9,No information,No information,88,No information,5232,52,7.1,50.9,0,50.9,86.1,3,168,shot
jordan-teze,https://www.sofascore.com/netherlands-poland/dUbsfUb#id:10023358,netherlands,miss,No information,regular,23.3,55.5,0,right-foot,high,0,52.9,63.9,No information,No information,85,No information,5093,55.5,23.3,47.1,0,47.1,36.1,6,307,shot
jordan-teze,https://www.sofascore.com/netherlands-poland/dUbsfUb#id:10023358,netherlands,block,No information,assisted,28.9,53,0,right-foot,low-centre,0,49.1,19,No information,No information,85,No information,5090,53,28.9,50.9,0,50.9,81,6,310,shot
grzegorz-krychowiak,https://www.sofascore.com/netherlands-poland/dUbsfUb#id:10023358,poland,save,No information,fast-break,23.5,49.1,0,right-foot,low-centre,0,50,7,No information,No information,73,No information,4354,49.1,23.5,50,0,50,93,18,1046,shot
daley-blind,https://www.sofascore.com/netherlands-poland/dUbsfUb#id:10023358,netherlands,miss,No information,assisted,16.6,28.8,0,left-foot,right,0,38.7,18.1,No information,No information,69,No information,4081,28.8,16.6,61.3,0,61.3,81.9,22,1319,shot
krzysztof-piatek,https://www.sofascore.com/netherlands-poland/dUbsfUb#id:10023358,poland,miss,No information,assisted,12.5,72.9,0,right-foot,high,0,47.6,77.8,No information,No information,60,No information,3551,72.9,12.5,52.4,0,52.4,22.2,31,1849,shot
denzel-dumfries,https://www.sofascore.com/netherlands-poland/dUbsfUb#id:10023358,netherlands,goal,regular,assisted,10.7,59.2,0,right-foot,low-right,0,46.6,9.5,No information,No information,54,No information,3194,59.2,10.7,53.4,0,53.4,90.5,37,2206,shot
davy-klaassen,https://www.sofascore.com/netherlands-poland/dUbsfUb#id:10023358,netherlands,goal,regular,regular,7.5,49.6,0,right-foot,low-left,0,52.4,13.9,No information,No information,51,No information,3052,49.6,7.5,47.6,0,47.6,86.1,40,2348,shot
piotr-zielinski,https://www.sofascore.com/netherlands-poland/dUbsfUb#id:10023358,poland,goal,regular,assisted,8.1,45.8,0,right-foot,low-left,0,52.5,1.3,No information,No information,49,No information,2921,45.8,8.1,47.5,0,47.5,98.7,42,2479,shot
jurrien-timber,https://www.sofascore.com/netherlands-poland/dUbsfUb#id:10023358,netherlands,miss,No information,assisted,23.8,51.9,0,right-foot,high,0,47.7,91.7,No information,No information,37,No information,2203,51.9,23.8,52.3,0,52.3,8.3,9,497,shot
daley-blind,https://www.sofascore.com/netherlands-poland/dUbsfUb#id:10023358,netherlands,block,No information,assisted,24.8,43.5,0,left-foot,low-right,0,48,19,No information,No information,28,No information,1651,43.5,24.8,52,0,52,81,18,1049,shot
memphis-depay,https://www.sofascore.com/netherlands-poland/dUbsfUb#id:10023358,netherlands,save,No information,assisted,21.2,56.9,0,right-foot,low-centre,0,48.7,16.5,No information,No information,27,No information,1611,56.9,21.2,51.3,0,51.3,83.5,19,1089,shot
daley-blind,https://www.sofascore.com/netherlands-poland/dUbsfUb#id:10023358,netherlands,miss,No information,regular,9.1,39.4,0,left-foot,high,0,52.3,79.2,No information,No information,22,No information,1275,39.4,9.1,47.7,0,47.7,20.8,24,1425,shot
steven-berghuis,https://www.sofascore.com/netherlands-poland/dUbsfUb#id:10023358,netherlands,save,No information,assisted,24.8,69.7,0,left-foot,low-left,0,52.4,12.7,No information,No information,22,No information,1273,69.7,24.8,47.6,0,47.6,87.3,24,1427,shot
matty-cash,https://www.sofascore.com/netherlands-poland/dUbsfUb#id:10023358,poland,goal,regular,assisted,14.1,70.9,0,right-foot,low-left,0,53.5,3.2,No information,No information,18,No information,1078,70.9,14.1,46.5,0,46.5,96.8,28,1622,shot
steven-bergwijn,https://www.sofascore.com/netherlands-poland/dUbsfUb#id:10023358,netherlands,miss,No information,regular,13.1,47.4,0,right-foot,high,0,47.2,76.4,No information,No information,17,No information,1000,47.4,13.1,52.8,0,52.8,23.6,29,1700,shot
steven-berghuis,https://www.sofascore.com/netherlands-poland/dUbsfUb#id:10023358,netherlands,miss,No information,assisted,25.5,72.6,0,left-foot,left,0,62.9,30.6,No information,No information,15,No information,886,72.6,25.5,37.1,0,37.1,69.4,31,1814,shot
davy-klaassen,https://www.sofascore.com/netherlands-poland/dUbsfUb#id:10023358,netherlands,miss,No information,assisted,9.9,63.9,0,right-foot,left,0,61.7,4.2,No information,No information,8,No information,420,63.9,9.9,38.3,0,38.3,95.8,38,2280,shot

karol-swiderski,https://www.sofascore.com/poland-slovakia/XTbsdUb#id:8602452,poland,save,No information,assisted,18.4,51.5,0,left-foot,high-right,0,47.7,27.2,No information,No information,90,3,5579,51.5,18.4,52.3,0,52.3,72.8,1,721,shot
jan-bednarek,https://www.sofascore.com/poland-slovakia/XTbsdUb#id:8602452,poland,miss,No information,assisted,13.7,50.9,0,left-foot,close-right,0,42.4,4.2,No information,No information,90,1,5412,50.9,13.7,57.6,0,57.6,95.8,1,888,shot
robert-lewandowski,https://www.sofascore.com/poland-slovakia/XTbsdUb#id:8602452,poland,miss,No information,corner,4.5,49.7,0,head,right,0,30.9,9.7,No information,No information,88,No information,5253,49.7,4.5,69.1,0,69.1,90.3,3,147,shot
tymoteusz-puchacz,https://www.sofascore.com/poland-slovakia/XTbsdUb#id:8602452,poland,miss,No information,corner,20.8,35.7,0,left-foot,high-left,0,66.2,86.1,No information,No information,85,No information,5048,35.7,20.8,33.8,0,33.8,13.9,6,352,shot
piotr-zielinski,https://www.sofascore.com/poland-slovakia/XTbsdUb#id:8602452,poland,miss,No information,assisted,26.1,57.7,0,left-foot,high,0,53.3,95.8,No information,No information,72,No information,4264,57.7,26.1,46.7,0,46.7,4.2,19,1136,shot
milan-skriniar,https://www.sofascore.com/poland-slovakia/XTbsdUb#id:8602452,slovakia,goal,regular,corner,13.8,47.6,0,right-foot,low-left,0,53.4,6.3,No information,No information,69,No information,4085,47.6,13.8,46.6,0,46.6,93.7,22,1315,shot
lukas-haraslin,https://www.sofascore.com/poland-slovakia/XTbsdUb#id:8602452,slovakia,block,No information,assisted,8.7,73.6,0,right-foot,low-right,0,47.8,19,No information,No information,68,No information,4055,73.6,8.7,52.2,0,52.2,81,23,1345,shot
robert-lewandowski,https://www.sofascore.com/poland-slovakia/XTbsdUb#id:8602452,poland,block,No information,free-kick,20.7,24.4,0,right-foot,low-centre,0,51.5,19,No information,No information,58,No information,3478,24.4,20.7,48.5,0,48.5,81,33,1922,shot
lukas-haraslin,https://www.sofascore.com/poland-slovakia/XTbsdUb#id:8602452,slovakia,miss,No information,assisted,20.8,69.3,0,left-foot,close-high,0,53.9,56.9,No information,No information,53,No information,3169,69.3,20.8,46.1,0,46.1,43.1,38,2231,shot
kamil-glik,https://www.sofascore.com/poland-slovakia/XTbsdUb#id:8602452,poland,miss,No information,corner,8.3,51.5,0,head,high-left,0,61.5,77.8,No information,No information,53,No information,3133,51.5,8.3,38.5,0,38.5,22.2,38,2267,shot
karol-linetty,https://www.sofascore.com/poland-slovakia/XTbsdUb#id:8602452,poland,save,No information,assisted,10.4,61.6,0,left-foot,low-centre,0,50,2.5,No information,No information,51,No information,3034,61.6,10.4,50,0,50,97.5,40,2366,shot
piotr-zielinski,https://www.sofascore.com/poland-slovakia/XTbsdUb#id:8602452,poland,miss,No information,assisted,17.5,74.2,0,left-foot,right,0,40.5,5.6,No information,No information,49,No information,2894,74.2,17.5,59.5,0,59.5,94.4,42,2506,shot
karol-linetty,https://www.sofascore.com/poland-slovakia/XTbsdUb#id:8602452,poland,goal,regular,assisted,7.3,47.3,0,left-foot,low-right,0,48.1,1.9,No information,No information,46,No information,2732,47.3,7.3,51.9,0,51.9,98.1,45,2668,shot
marek-hamsik,https://www.sofascore.com/poland-slovakia/XTbsdUb#id:8602452,slovakia,block,No information,assisted,24.9,70.5,0,left-foot,low-centre,0,50.9,19,No information,No information,44,No information,2619,70.5,24.9,49.1,0,49.1,81,2,81,shot
robert-lewandowski,https://www.sofascore.com/poland-slovakia/XTbsdUb#id:8602452,poland,miss,No information,assisted,10.9,38.5,0,right-foot,right,0,37.5,2.8,No information,No information,42,No information,2509,38.5,10.9,62.5,0,62.5,97.2,4,191,shot
karol-linetty,https://www.sofascore.com/poland-slovakia/XTbsdUb#id:8602452,poland,miss,No information,assisted,20,55.2,0,left-foot,high-left,0,70.1,45.8,No information,No information,37,No information,2197,55.2,20,29.9,0,29.9,54.2,9,503,shot
marek-hamsik,https://www.sofascore.com/poland-slovakia/XTbsdUb#id:8602452,slovakia,miss,No information,assisted,25.3,39.2,0,left-foot,right,0,39.7,2.8,No information,No information,36,No information,2137,39.2,25.3,60.3,0,60.3,97.2,10,563,shot
piotr-zielinski,https://www.sofascore.com/poland-slovakia/XTbsdUb#id:8602452,poland,miss,No information,assisted,20.5,70.2,0,left-foot,right,0,39.2,1.4,No information,No information,35,No information,2089,70.2,20.5,60.8,0,60.8,98.6,11,611,shot
grzegorz-krychowiak,https://www.sofascore.com/poland-slovakia/XTbsdUb#id:8602452,poland,miss,No information,regular,25.9,47,0,right-foot,close-high,0,46.6,55.6,No information,No information,34,No information,1999,47,25.9,53.4,0,53.4,44.4,12,701,shot
juraj-kucka,https://www.sofascore.com/poland-slovakia/XTbsdUb#id:8602452,slovakia,save,No information,assisted,9.6,46.6,0,head,low-centre,0,50,11.4,No information,No information,33,No information,1938,46.6,9.6,50,0,50,88.6,13,762,shot
marek-hamsik,https://www.sofascore.com/poland-slovakia/XTbsdUb#id:8602452,slovakia,block,No information,assisted,14.9,25.4,0,right-foot,low-centre,0,50.6,19,No information,No information,30,No information,1764,25.4,14.9,49.4,0,49.4,81,16,936,shot
juraj-kucka,https://www.sofascore.com/poland-slovakia/XTbsdUb#id:8602452,slovakia,miss,No information,regular,25.9,45.2,0,right-foot,close-high,0,50.3,56.9,No information,No information,27,No information,1603,45.2,25.9,49.7,0,49.7,43.1,19,1097,shot
peter-pekarik,https://www.sofascore.com/poland-slovakia/XTbsdUb#id:8602452,slovakia,block,No information,regular,23.9,66.5,0,right-foot,low-centre,0,50.8,19,No information,No information,26,No information,1525,66.5,23.9,49.2,0,49.2,81,20,1175,shot
maciej-rybus,https://www.sofascore.com/poland-slovakia/XTbsdUb#id:8602452,poland,block,No information,assisted,15.5,49.3,0,right-foot,low-right,0,47,19,No information,No information,25,No information,1498,49.3,15.5,53,0,53,81,21,1202,shot
wojciech-szczesny,https://www.sofascore.com/poland-slovakia/XTbsdUb#id:8602452,slovakia,goal,own,regular,1.1,45,0,other,low-left,0,53.9,1.3,No information,No information,18,No information,1043,45,1.1,46.1,0,46.1,98.7,28,1657,shot
robert-mak,https://www.sofascore.com/poland-slovakia/XTbsdUb#id:8602452,slovakia,block,No information,assisted,8,29.7,0,right-foot,low-centre,0,51.3,19,No information,No information,18,No information,1042,29.7,8,48.7,0,48.7,81,28,1658,shot
ondrej-duda,https://www.sofascore.com/poland-slovakia/XTbsdUb#id:8602452,slovakia,miss,No information,assisted,19.7,30.5,0,right-foot,close-left,0,56.6,1.4,No information,No information,14,No information,808,30.5,19.7,43.4,0,43.4,98.6,32,1892,shot
robert-lewandowski,https://www.sofascore.com/poland-slovakia/XTbsdUb#id:8602452,poland,block,No information,assisted,16,49.4,0,right-foot,low-centre,0,50.4,19,No information,No information,5,No information,265,49.4,16,49.6,0,49.6,81,41,2435,shot
robert-lewandowski,https://www.sofascore.com/poland-slovakia/XTbsdUb#id:8602452,poland,block,No information,assisted,26.9,59.4,0,right-foot,low-centre,0,50.8,19,No information,No information,4,No information,209,59.4,26.9,49.2,0,49.2,81,42,2491,shot

robert-lewandowski,https://www.sofascore.com/poland-israel/FObsdUb#id:8079072,poland,miss,No information,assisted,19.1,57.9,0,right-foot,close-left,0,57.3,2.8,No information,No information,90,7,5765,57.9,19.1,42.7,0,42.7,97.2,1,535,shot
robert-lewandowski,https://www.sofascore.com/poland-israel/FObsdUb#id:8079072,poland,save,No information,assisted,15.8,53.6,0,right-foot,low-left,0,52.5,13.3,No information,No information,90,7,5761,53.6,15.8,47.5,0,47.5,86.7,1,539,shot
munas-dabbur,https://www.sofascore.com/poland-israel/FObsdUb#id:8079072,israel,goal,regular,regular,6.9,45.4,0,right-foot,low-right,0,48.1,16.5,No information,No information,88,No information,5256,45.4,6.9,51.9,0,51.9,83.5,3,144,shot
eran-zahavi,https://www.sofascore.com/poland-israel/FObsdUb#id:8079072,israel,block,No information,assisted,26.5,58.4,0,right-foot,No information,No information,No information,No information,No information,No information,88,No information,5254,58.4,26.5,No information,No information,No information,No information,3,146,shot
dolev-haziza,https://www.sofascore.com/poland-israel/FObsdUb#id:8079072,israel,miss,No information,assisted,13.9,71.5,0,left-foot,high,0,52.6,63.9,No information,No information,82,No information,4897,71.5,13.9,47.4,0,47.4,36.1,9,503,shot
eran-zahavi,https://www.sofascore.com/poland-israel/FObsdUb#id:8079072,israel,block,No information,assisted,20.8,42.2,0,left-foot,No information,No information,No information,No information,No information,No information,81,No information,4804,42.2,20.8,No information,No information,No information,No information,10,596,shot
eran-zahavi,https://www.sofascore.com/poland-israel/FObsdUb#id:8079072,israel,miss,No information,free-kick,26.3,63.1,0,right-foot,high,0,47.1,66.7,No information,No information,80,No information,4762,63.1,26.3,52.9,0,52.9,33.3,11,638,shot
beram-kayal,https://www.sofascore.com/poland-israel/FObsdUb#id:8079072,israel,miss,No information,assisted,19.7,60.9,0,right-foot,high,0,47.9,70.8,No information,No information,76,No information,4543,60.9,19.7,52.1,0,52.1,29.2,15,857,shot
piotr-zielinski,https://www.sofascore.com/poland-israel/FObsdUb#id:8079072,poland,save,No information,assisted,22.2,32.2,0,right-foot,low-right,0,47.9,4.4,No information,No information,71,No information,4225,32.2,22.2,52.1,0,52.1,95.6,20,1175,shot
munas-dabbur,https://www.sofascore.com/poland-israel/FObsdUb#id:8079072,israel,miss,No information,regular,36.9,61.8,0,right-foot,right,0,25.2,9.7,No information,No information,69,No information,4134,61.8,36.9,74.8,0,74.8,90.3,22,1266,shot
eran-zahavi,https://www.sofascore.com/poland-israel/FObsdUb#id:8079072,israel,miss,No information,assisted,14,33.4,0,left-foot,close-left,0,56.6,25,No information,No information,68,No information,4048,33.4,14,43.4,0,43.4,75,23,1352,shot
munas-dabbur,https://www.sofascore.com/poland-israel/FObsdUb#id:8079072,israel,save,No information,assisted,12.5,55.1,0,right-foot,low-centre,0,51.4,3.2,No information,No information,59,No information,3515,55.1,12.5,48.6,0,48.6,96.8,32,1885,shot
krzysztof-piatek,https://www.sofascore.com/poland-israel/FObsdUb#id:8079072,poland,goal,regular,corner,1.3,48.5,0,left-foot,low-left,0,53.4,6.3,No information,No information,54,No information,3196,48.5,1.3,46.6,0,46.6,93.7,37,2204,shot
krzysztof-piatek,https://www.sofascore.com/poland-israel/FObsdUb#id:8079072,poland,post,No information,corner,4.6,46.8,0,other,left,0,55.2,4.4,No information,No information,54,No information,3193,46.8,4.6,44.8,0,44.8,95.6,37,2207,shot
grzegorz-krychowiak,https://www.sofascore.com/poland-israel/FObsdUb#id:8079072,poland,miss,No information,assisted,25.3,60.3,0,right-foot,high-right,0,42.5,87.5,No information,No information,48,No information,2834,60.3,25.3,57.5,0,57.5,12.5,43,2566,shot
bibars-natcho,https://www.sofascore.com/poland-israel/FObsdUb#id:8079072,israel,block,No information,regular,26.8,51.5,0,right-foot,No information,No information,No information,No information,No information,No information,45,No information,2665,51.5,26.8,No information,No information,No information,No information,1,35,shot
piotr-zielinski,https://www.sofascore.com/poland-israel/FObsdUb#id:8079072,poland,save,No information,free-kick,31.1,42.2,0,right-foot,low-centre,0,50.5,14.6,No information,No information,43,No information,2540,42.2,31.1,49.5,0,49.5,85.4,3,160,shot
piotr-zielinski,https://www.sofascore.com/poland-israel/FObsdUb#id:8079072,poland,save,No information,assisted,14.4,39.1,0,left-foot,low-centre,0,50,10.8,No information,No information,41,No information,2412,39.1,14.4,50,0,50,89.2,5,288,shot
przemyslaw-frankowski,https://www.sofascore.com/poland-israel/FObsdUb#id:8079072,poland,save,No information,assisted,13,64.9,0,right-foot,low-centre,0,51.5,4.4,No information,No information,38,No information,2252,64.9,13,48.5,0,48.5,95.6,8,448,shot
piotr-zielinski,https://www.sofascore.com/poland-israel/FObsdUb#id:8079072,poland,block,No information,regular,14.4,42.5,0,left-foot,No information,No information,No information,No information,No information,No information,36,No information,2151,42.5,14.4,No information,No information,No information,No information,10,549,shot
sebastian-szymanski,https://www.sofascore.com/poland-israel/FObsdUb#id:8079072,poland,miss,No information,assisted,8.5,63.4,0,left-foot,close-left,0,59,4.2,No information,No information,34,No information,1980,63.4,8.5,41,0,41,95.8,12,720,shot
piotr-zielinski,https://www.sofascore.com/poland-israel/FObsdUb#id:8079072,poland,block,No information,free-kick,12.6,47,0,right-foot,low-centre,0,49.1,4.2,No information,No information,29,No information,1699,47,12.6,50.9,0,50.9,95.8,17,1001,shot
sebastian-szymanski,https://www.sofascore.com/poland-israel/FObsdUb#id:8079072,poland,save,No information,assisted,20,75.4,0,left-foot,low-centre,0,50.3,6.3,No information,No information,26,No information,1524,75.4,20,49.7,0,49.7,93.7,20,1176,shot
krzysztof-piatek,https://www.sofascore.com/poland-israel/FObsdUb#id:8079072,poland,block,No information,assisted,9.9,66.9,0,right-foot,No information,No information,No information,No information,No information,No information,23,No information,1379,66.9,9.9,No information,No information,No information,No information,23,1321,shot
przemyslaw-frankowski,https://www.sofascore.com/poland-israel/FObsdUb#id:8079072,poland,miss,No information,assisted,20,42.4,0,left-foot,close-left,0,57.8,9.7,No information,No information,6,No information,323,42.4,20,42.2,0,42.2,90.3,40,2377,shot
grzegorz-krychowiak,https://www.sofascore.com/poland-israel/FObsdUb#id:8079072,poland,goal,regular,corner,2.6,54.3,0,left-foot,high-right,0,47.4,27.8,No information,No information,4,No information,205,54.3,2.6,52.6,0,52.6,72.2,42,2495,shot
jan-bednarek,https://www.sofascore.com/poland-israel/FObsdUb#id:8079072,poland,block,No information,corner,8,47.2,0,head,No information,No information,No information,No information,No information,No information,4,No information,203,47.2,8,No information,No information,No information,No information,42,2497,shot
sebastian-szymanski,https://www.sofascore.com/poland-israel/FObsdUb#id:8079072,poland,save,No information,regular,4.7,28.9,0,left-foot,low-left,0,54.2,4.4,No information,No information,3,No information,170,28.9,4.7,45.8,0,45.8,95.6,43,2530,shot
piotr-zielinski,https://www.sofascore.com/poland-israel/FObsdUb#id:8079072,poland,save,No information,assisted,23.6,53.1,0,left-foot,low-left,0,53.9,7,No information,No information,3,No information,165,53.1,23.6,46.1,0,46.1,93,43,2535,shot
grzegorz-krychowiak,https://www.sofascore.com/poland-israel/FObsdUb#id:8079072,poland,block,No information,assisted,23.6,38.2,0,left-foot,No information,No information,No information,No information,No information,No information,3,No information,160,38.2,23.6,No information,No information,No information,No information,43,2540,shot

krzysztof-piatek,https://www.sofascore.com/poland-bosnia-and-herzegovina/EObsdUb#id:8600796,poland,block,No information,regular,8,69.9,0,right-foot,low-right,0,45.9,19,No information,No information,90,No information,5368,69.9,8,54.1,0,54.1,81,1,32,shot
damian-kadzior,https://www.sofascore.com/poland-bosnia-and-herzegovina/EObsdUb#id:8600796,poland,block,No information,regular,11,64.1,0,left-foot,low-centre,0,49.1,19,No information,No information,90,No information,5366,64.1,11,50.9,0,50.9,81,1,34,shot
deni-milosevic,https://www.sofascore.com/poland-bosnia-and-herzegovina/EObsdUb#id:8600796,bosnia & herzegovina,block,No information,assisted,23.2,21.7,0,right-foot,low-right,0,48,19,No information,No information,89,No information,5282,21.7,23.2,52,0,52,81,2,118,shot
jacek-goralski,https://www.sofascore.com/poland-bosnia-and-herzegovina/EObsdUb#id:8600796,poland,miss,No information,assisted,25.9,51.1,0,right-foot,right,0,36.6,13.9,No information,No information,71,No information,4252,51.1,25.9,63.4,0,63.4,86.1,20,1148,shot
arkadiusz-milik,https://www.sofascore.com/poland-bosnia-and-herzegovina/EObsdUb#id:8600796,poland,save,No information,corner,8.1,46.2,0,head,low-centre,0,50.2,12,No information,No information,61,No information,3623,46.2,8.1,49.8,0,49.8,88,30,1777,shot
jacek-goralski,https://www.sofascore.com/poland-bosnia-and-herzegovina/EObsdUb#id:8600796,poland,block,No information,regular,22.2,41.8,0,left-foot,low-centre,0,48.4,19,No information,No information,59,No information,3526,41.8,22.2,51.6,0,51.6,81,32,1874,shot
kamil-grosicki,https://www.sofascore.com/poland-bosnia-and-herzegovina/EObsdUb#id:8600796,poland,save,No information,assisted,15.7,54.2,0,right-foot,low-left,0,52,4.4,No information,No information,57,No information,3387,54.2,15.7,48,0,48,95.6,34,2013,shot
robert-lewandowski,https://www.sofascore.com/poland-bosnia-and-herzegovina/EObsdUb#id:8600796,poland,save,No information,assisted,6.2,59.9,0,head,low-centre,0,50.8,3.2,No information,No information,54,No information,3185,59.9,6.2,49.2,0,49.2,96.8,37,2215,shot
robert-lewandowski,https://www.sofascore.com/poland-bosnia-and-herzegovina/EObsdUb#id:8600796,poland,goal,regular,assisted,6.4,53.8,0,right-foot,high-left,0,52.7,25.3,No information,No information,51,No information,3059,53.8,6.4,47.3,0,47.3,74.7,40,2341,shot
karol-linetty,https://www.sofascore.com/poland-bosnia-and-herzegovina/EObsdUb#id:8600796,poland,goal,regular,assisted,7.4,41.2,0,head,low-right,0,45.9,8.9,No information,No information,45,No information,2699,41.2,7.4,54.1,0,54.1,91.1,1,1,shot
kamil-grosicki,https://www.sofascore.com/poland-bosnia-and-herzegovina/EObsdUb#id:8600796,poland,save,No information,assisted,11,49.6,0,head,low-left,0,52.8,7,No information,No information,43,No information,2564,49.6,11,47.2,0,47.2,93,3,136,shot
robert-lewandowski,https://www.sofascore.com/poland-bosnia-and-herzegovina/EObsdUb#id:8600796,poland,goal,regular,assisted,9,48.9,0,right-foot,low-left,0,52.9,13.3,No information,No information,40,No information,2380,48.9,9,47.1,0,47.1,86.7,6,320,shot
karol-linetty,https://www.sofascore.com/poland-bosnia-and-herzegovina/EObsdUb#id:8600796,poland,block,No information,assisted,11.2,31.8,0,left-foot,low-left,0,54.4,19,No information,No information,40,No information,2377,31.8,11.2,45.6,0,45.6,81,6,323,shot
edin-visca,https://www.sofascore.com/poland-bosnia-and-herzegovina/EObsdUb#id:8600796,bosnia & herzegovina,save,No information,free-kick,28.9,36.1,0,right-foot,low-right,0,45.6,3.2,No information,No information,37,No information,2162,36.1,28.9,54.4,0,54.4,96.8,9,538,shot
robert-lewandowski,https://www.sofascore.com/poland-bosnia-and-herzegovina/EObsdUb#id:8600796,poland,post,No information,regular,15,50.7,0,right-foot,right,0,44.6,17.7,No information,No information,30,No information,1756,50.7,15,55.4,0,55.4,82.3,16,944,shot
robert-lewandowski,https://www.sofascore.com/poland-bosnia-and-herzegovina/EObsdUb#id:8600796,poland,block,No information,assisted,14.7,53.4,0,right-foot,low-right,0,47.8,19,No information,No information,26,No information,1524,53.4,14.7,52.2,0,52.2,81,20,1176,shot
robert-lewandowski,https://www.sofascore.com/poland-bosnia-and-herzegovina/EObsdUb#id:8600796,poland,block,No information,assisted,15.8,39.2,0,right-foot,low-right,0,48,19,No information,No information,23,No information,1359,39.2,15.8,52,0,52,81,23,1341,shot
robert-lewandowski,https://www.sofascore.com/poland-bosnia-and-herzegovina/EObsdUb#id:8600796,poland,miss,No information,assisted,7.3,47,0,right-foot,high,0,50.4,62.5,No information,No information,22,No information,1291,47,7.3,49.6,0,49.6,37.5,24,1409,shot
kamil-grosicki,https://www.sofascore.com/poland-bosnia-and-herzegovina/EObsdUb#id:8600796,poland,block,No information,set-piece,14.7,33.6,0,right-foot,low-centre,0,49.9,19,No information,No information,17,No information,988,33.6,14.7,50.1,0,50.1,81,29,1712,shot
robert-lewandowski,https://www.sofascore.com/poland-bosnia-and-herzegovina/EObsdUb#id:8600796,poland,block,No information,free-kick,21.3,47.6,0,right-foot,low-centre,0,50,19,No information,No information,17,No information,986,47.6,21.3,50,0,50,81,29,1714,shot
rade-krunic,https://www.sofascore.com/poland-bosnia-and-herzegovina/EObsdUb#id:8600796,bosnia & herzegovina,miss,No information,assisted,11.8,43.9,0,head,high-right,0,40.2,77.8,No information,No information,12,No information,684,43.9,11.8,59.8,0,59.8,22.2,34,2016,shot
karol-linetty,https://www.sofascore.com/poland-bosnia-and-herzegovina/EObsdUb#id:8600796,poland,save,No information,assisted,23.5,54.4,0,left-foot,low-right,0,46.6,2.5,No information,No information,9,No information,521,54.4,23.5,53.4,0,53.4,97.5,37,2179,shot
kamil-grosicki,https://www.sofascore.com/poland-bosnia-and-herzegovina/EObsdUb#id:8600796,poland,miss,No information,fast-break,10,25.8,0,left-foot,close-left,0,57.3,30.6,No information,No information,7,No information,393,25.8,10,42.7,0,42.7,69.4,39,2307,shot
rade-krunic,https://www.sofascore.com/poland-bosnia-and-herzegovina/EObsdUb#id:8600796,bosnia & herzegovina,miss,No information,assisted,14.4,56.3,0,right-foot,high-right,0,43.5,79.2,No information,No information,5,No information,253,56.3,14.4,56.5,0,56.5,20.8,41,2447,shot
miralem-pjanic,https://www.sofascore.com/poland-bosnia-and-herzegovina/EObsdUb#id:8600796,bosnia & herzegovina,save,No information,assisted,27.9,55.3,0,right-foot,low-left,0,52,8.2,No information,No information,2,No information,114,55.3,27.9,48,0,48,91.8,44,2586,shot

jan-bednarek,https://www.sofascore.com/netherlands-poland/dUbsfUb#id:10023356,poland,block,No information,set-piece,12.2,36.4,0,head,low-left,0,52.2,19,No information,No information,83,No information,4952,36.4,12.2,47.8,0,47.8,81,8,448,shot
vincent-janssen,https://www.sofascore.com/netherlands-poland/dUbsfUb#id:10023356,netherlands,miss,No information,assisted,23.8,28.1,0,right-foot,close-left,0,56.5,11.1,No information,No information,81,No information,4851,28.1,23.8,43.5,0,43.5,88.9,10,549,shot
cody-gakpo,https://www.sofascore.com/netherlands-poland/dUbsfUb#id:10023356,netherlands,miss,No information,assisted,22.6,36.7,0,right-foot,close-right,0,42.7,29.2,No information,No information,80,No information,4776,36.7,22.6,57.3,0,57.3,70.8,11,624,shot
wout-weghorst,https://www.sofascore.com/netherlands-poland/dUbsfUb#id:10023356,netherlands,miss,No information,assisted,12.8,35.9,0,right-foot,high-right,0,43,69.4,No information,No information,77,No information,4598,35.9,12.8,57,0,57,30.6,14,802,shot
steven-bergwijn,https://www.sofascore.com/netherlands-poland/dUbsfUb#id:10023356,netherlands,goal,regular,assisted,10.3,38.2,0,right-foot,low-right,0,48.1,0.6,No information,No information,60,No information,3543,38.2,10.3,51.9,0,51.9,99.4,31,1857,shot
arkadiusz-milik,https://www.sofascore.com/netherlands-poland/dUbsfUb#id:10023356,poland,miss,No information,assisted,29.5,52.7,0,left-foot,high,0,52.1,69.4,No information,No information,59,No information,3493,52.7,29.5,47.9,0,47.9,30.6,32,1907,shot
steven-berghuis,https://www.sofascore.com/netherlands-poland/dUbsfUb#id:10023356,netherlands,miss,No information,assisted,8.8,68,0,right-foot,close-right,0,41,34.7,No information,No information,56,No information,3317,68,8.8,59,0,59,65.3,35,2083,shot
sebastian-szymanski,https://www.sofascore.com/netherlands-poland/dUbsfUb#id:10023356,poland,miss,No information,assisted,11.5,29.1,0,left-foot,high-left,0,59.2,75,No information,No information,54,No information,3207,29.1,11.5,40.8,0,40.8,25,37,2193,shot
arkadiusz-milik,https://www.sofascore.com/netherlands-poland/dUbsfUb#id:10023356,poland,miss,No information,assisted,5.7,44.1,0,left-foot,high,0,50.9,68.1,No information,No information,53,No information,3121,44.1,5.7,49.1,0,49.1,31.9,38,2279,shot
steven-bergwijn,https://www.sofascore.com/netherlands-poland/dUbsfUb#id:10023356,netherlands,block,No information,assisted,10.9,72,0,right-foot,low-right,0,48,19,No information,No information,48,No information,2833,72,10.9,52,0,52,81,43,2567,shot
steven-berghuis,https://www.sofascore.com/netherlands-poland/dUbsfUb#id:10023356,netherlands,miss,No information,assisted,14.3,70.4,0,left-foot,close-left,0,58.7,15.3,No information,No information,43,No information,2532,70.4,14.3,41.3,0,41.3,84.7,3,168,shot
nicola-zalewski,https://www.sofascore.com/netherlands-poland/dUbsfUb#id:10023356,poland,save,No information,assisted,12.7,30.3,0,right-foot,low-centre,0,48.7,15.2,No information,No information,37,No information,2219,30.3,12.7,51.3,0,51.3,84.8,9,481,shot
steven-berghuis,https://www.sofascore.com/netherlands-poland/dUbsfUb#id:10023356,netherlands,miss,No information,assisted,14.1,69.7,0,left-foot,left,0,59.7,18.1,No information,No information,31,No information,1842,69.7,14.1,40.3,0,40.3,81.9,15,858,shot
steven-bergwijn,https://www.sofascore.com/netherlands-poland/dUbsfUb#id:10023356,netherlands,block,No information,assisted,13.5,62,0,right-foot,low-centre,0,49.3,19,No information,No information,25,No information,1476,62,13.5,50.7,0,50.7,81,21,1224,shot
cody-gakpo,https://www.sofascore.com/netherlands-poland/dUbsfUb#id:10023356,netherlands,goal,regular,assisted,3,50,0,left-foot,low-centre,0,49.7,3.2,No information,No information,14,No information,780,50,3,50.3,0,50.3,96.8,32,1920,shot
piotr-zielinski,https://www.sofascore.com/netherlands-poland/dUbsfUb#id:10023356,poland,save,No information,assisted,29.6,43.9,0,right-foot,low-centre,0,51.6,16.5,No information,No information,9,No information,533,43.9,29.6,48.4,0,48.4,83.5,37,2167,shot

robert-lewandowski,https://www.sofascore.com/poland-france/GObsdUb#id:10230579,poland,goal,penalty,penalty,11.5,50,0,right-foot,low-left,0,52.8,1.9,No information,No information,90,9,5916,50,11.5,47.2,0,47.2,98.1,1,384,shot
robert-lewandowski,https://www.sofascore.com/poland-france/GObsdUb#id:10230579,poland,block,No information,assisted,9,54.8,0,head,low-centre,0,51.7,19,No information,No information,90,4,5621,54.8,9,48.3,0,48.3,81,1,679,shot
robert-lewandowski,https://www.sofascore.com/poland-france/GObsdUb#id:10230579,poland,miss,No information,assisted,12,61.6,0,right-foot,left,0,66.4,13.9,No information,No information,90,2,5510,61.6,12,33.6,0,33.6,86.1,1,790,shot
kylian-mbappe,https://www.sofascore.com/poland-france/GObsdUb#id:10230579,france,goal,regular,assisted,13.4,31,0,right-foot,high-right,0,46.6,27.2,No information,No information,90,1,5406,31,13.4,53.4,0,53.4,72.8,1,894,shot
theo-hernandez,https://www.sofascore.com/poland-france/GObsdUb#id:10230579,france,miss,No information,set-piece,13.4,44.2,0,right-foot,high-right,0,43.4,73.6,No information,No information,81,No information,4858,44.2,13.4,56.6,0,56.6,26.4,10,542,shot
kylian-mbappe,https://www.sofascore.com/poland-france/GObsdUb#id:10230579,france,goal,regular,fast-break,13.4,34.9,0,right-foot,high-left,0,52.3,25.9,No information,No information,74,No information,4437,34.9,13.4,47.7,0,47.7,74.1,17,963,shot
kamil-glik,https://www.sofascore.com/poland-france/GObsdUb#id:10230579,poland,miss,No information,set-piece,8.3,40.4,0,head,high-right,0,43.5,65.3,No information,No information,71,No information,4258,40.4,8.3,56.5,0,56.5,34.7,20,1142,shot
kylian-mbappe,https://www.sofascore.com/poland-france/GObsdUb#id:10230579,france,miss,No information,assisted,10.1,32.8,0,right-foot,right,0,0.7,4.2,No information,No information,63,No information,3761,32.8,10.1,99.3,0,99.3,95.8,28,1639,shot
kylian-mbappe,https://www.sofascore.com/poland-france/GObsdUb#id:10230579,france,block,No information,assisted,18.2,30.1,0,right-foot,low-left,0,52.3,19,No information,No information,56,No information,3353,30.1,18.2,47.7,0,47.7,81,35,2047,shot
theo-hernandez,https://www.sofascore.com/poland-france/GObsdUb#id:10230579,france,miss,No information,set-piece,22.3,46.1,0,right-foot,right,0,26.2,15.3,No information,No information,48,No information,2861,46.1,22.3,73.8,0,73.8,84.7,43,2539,shot
antoine-griezmann,https://www.sofascore.com/poland-france/GObsdUb#id:10230579,france,save,No information,free-kick,12.7,83.6,0,left-foot,high-centre,0,49.3,20.9,No information,No information,48,No information,2858,83.6,12.7,50.7,0,50.7,79.1,43,2542,shot
jakub-kaminski,https://www.sofascore.com/poland-france/GObsdUb#id:10230579,poland,block,No information,assisted,11.4,60.8,0,right-foot,low-centre,0,50.6,19,No information,No information,45,1,2724,60.8,11.4,49.4,0,49.4,81,1,2676,shot
olivier-giroud,https://www.sofascore.com/poland-france/GObsdUb#id:10230579,france,goal,regular,assisted,12.8,39.3,0,left-foot,low-right,0,46.1,6.3,No information,No information,44,No information,2609,39.3,12.8,53.9,0,53.9,93.7,2,91,shot
jakub-kaminski,https://www.sofascore.com/poland-france/GObsdUb#id:10230579,poland,block,No information,regular,5.6,61.8,0,right-foot,low-left,0,54.1,15.3,No information,No information,38,No information,2230,61.8,5.6,45.9,0,45.9,84.7,8,470,shot
piotr-zielinski,https://www.sofascore.com/poland-france/GObsdUb#id:10230579,poland,save,No information,regular,12.4,53,0,right-foot,low-centre,0,49.1,10.8,No information,No information,38,No information,2228,53,12.4,50.9,0,50.9,89.2,8,472,shot
piotr-zielinski,https://www.sofascore.com/poland-france/GObsdUb#id:10230579,poland,block,No information,regular,10,53,0,left-foot,low-right,0,47.7,19,No information,No information,38,No information,2228,53,10,52.3,0,52.3,81,8,472,shot
olivier-giroud,https://www.sofascore.com/poland-france/GObsdUb#id:10230579,france,miss,No information,corner,13,56.3,0,left-foot,right,0,35.1,12.5,No information,No information,36,No information,2131,56.3,13,64.9,0,64.9,87.5,10,569,shot
dayot-upamecano,https://www.sofascore.com/poland-france/GObsdUb#id:10230579,france,block,No information,corner,8.5,56.7,0,head,low-left,0,54.3,19,No information,No information,36,No information,2129,56.7,8.5,45.7,0,45.7,81,10,571,shot
kylian-mbappe,https://www.sofascore.com/poland-france/GObsdUb#id:10230579,france,save,No information,assisted,7.6,28.9,0,left-foot,low-left,0,54.2,11.4,No information,No information,35,No information,2092,28.9,7.6,45.8,0,45.8,88.6,11,608,shot
matty-cash,https://www.sofascore.com/poland-france/GObsdUb#id:10230579,poland,miss,No information,assisted,19.4,74,0,right-foot,left,0,92.4,11.1,No information,No information,34,No information,2037,74,19.4,7.6,0,7.6,88.9,12,663,shot
robert-lewandowski,https://www.sofascore.com/poland-france/GObsdUb#id:10230579,poland,block,No information,free-kick,22.7,31.8,0,right-foot,low-centre,0,50.6,19,No information,No information,33,No information,1941,31.8,22.7,49.4,0,49.4,81,13,759,shot
przemyslaw-frankowski,https://www.sofascore.com/poland-france/GObsdUb#id:10230579,poland,block,No information,assisted,10.3,29.3,0,right-foot,low-right,0,46.5,19,No information,No information,25,No information,1443,29.3,10.3,53.5,0,53.5,81,21,1257,shot
jules-kounde,https://www.sofascore.com/poland-france/GObsdUb#id:10230579,france,save,No information,assisted,24.5,68.8,0,right-foot,low-centre,0,49.4,16.5,No information,No information,22,No information,1282,68.8,24.5,50.6,0,50.6,83.5,24,1418,shot
robert-lewandowski,https://www.sofascore.com/poland-france/GObsdUb#id:10230579,poland,miss,No information,regular,27.5,55.7,0,left-foot,close-right,0,41.8,22.2,No information,No information,21,No information,1209,55.7,27.5,58.2,0,58.2,77.8,25,1491,shot
ousmane-dembele,https://www.sofascore.com/poland-france/GObsdUb#id:10230579,france,save,No information,regular,20.8,56.5,0,left-foot,low-left,0,52.5,3.8,No information,No information,17,No information,964,56.5,20.8,47.5,0,47.5,96.2,29,1736,shot
aurelien-tchouameni,https://www.sofascore.com/poland-france/GObsdUb#id:10230579,france,save,No information,assisted,28.9,37.5,0,right-foot,low-left,0,53,1.9,No information,No information,13,No information,725,37.5,28.9,47,0,47,98.1,33,1975,shot
ousmane-dembele,https://www.sofascore.com/poland-france/GObsdUb#id:10230579,france,block,No information,assisted,4.1,67.5,0,right-foot,low-right,0,45.5,19,No information,No information,11,No information,601,67.5,4.1,54.5,0,54.5,81,35,2099,shot
raphael-varane,https://www.sofascore.com/poland-france/GObsdUb#id:10230579,france,miss,No information,corner,4.8,51.9,0,head,high-right,0,34.1,47.2,No information,No information,4,No information,192,51.9,4.8,65.9,0,65.9,52.8,42,2508,shot

robert-lewandowski,https://www.sofascore.com/poland-sweden/NTbsdUb#id:10216017,poland,save,No information,corner,10.3,57.3,0,right-foot,high-right,0,47.7,20.3,No information,No information,90,No information,5396,57.3,10.3,52.3,0,52.3,79.7,1,4,shot
robert-lewandowski,https://www.sofascore.com/poland-sweden/NTbsdUb#id:10216017,poland,save,No information,throw-in-set-piece,5.3,32,0,head,low-left,0,52.5,9.5,No information,No information,77,No information,4567,32,5.3,47.5,0,47.5,90.5,14,833,shot
robert-lewandowski,https://www.sofascore.com/poland-sweden/NTbsdUb#id:10216017,poland,save,No information,corner,8.5,48,0,head,high-centre,0,50.6,30.4,No information,No information,76,No information,4503,48,8.5,49.4,0,49.4,69.6,15,897,shot
jan-bednarek,https://www.sofascore.com/poland-sweden/NTbsdUb#id:10216017,poland,save,No information,corner,7.6,57.9,0,head,high-centre,0,49.4,27.2,No information,No information,75,No information,4462,57.9,7.6,50.6,0,50.6,72.8,16,938,shot
piotr-zielinski,https://www.sofascore.com/poland-sweden/NTbsdUb#id:10216017,poland,goal,regular,regular,12.8,59.5,0,right-foot,low-right,0,46.4,16.5,No information,No information,72,No information,4300,59.5,12.8,53.6,0,53.6,83.5,19,1100,shot
svanberg-mattias,https://www.sofascore.com/poland-sweden/NTbsdUb#id:10216017,sweden,save,No information,assisted,23.4,56.7,0,right-foot,low-right,0,47,2.5,No information,No information,68,No information,4021,56.7,23.4,53,0,53,97.5,23,1379,shot
emil-forsberg,https://www.sofascore.com/poland-sweden/NTbsdUb#id:10216017,sweden,block,No information,regular,19.1,46.6,0,right-foot,low-centre,0,50.9,19,No information,No information,64,No information,3823,46.6,19.1,49.1,0,49.1,81,27,1577,shot
jakub-moder,https://www.sofascore.com/poland-sweden/NTbsdUb#id:10216017,poland,save,No information,assisted,25.6,64.1,0,left-foot,high-centre,0,48.5,24.7,No information,No information,63,No information,3744,64.1,25.6,51.5,0,51.5,75.3,28,1656,shot
victor-lindelof,https://www.sofascore.com/poland-sweden/NTbsdUb#id:10216017,sweden,miss,No information,corner,5,45.2,0,head,right,0,33.8,11.1,No information,No information,58,No information,3466,45.2,5,66.2,0,66.2,88.9,33,1934,shot
emil-forsberg,https://www.sofascore.com/poland-sweden/NTbsdUb#id:10216017,sweden,save,No information,assisted,5.1,39.6,0,left-foot,low-left,0,53.1,1.3,No information,No information,58,No information,3436,39.6,5.1,46.9,0,46.9,98.7,33,1964,shot
jesper-karlstrom,https://www.sofascore.com/poland-sweden/NTbsdUb#id:10216017,sweden,block,No information,corner,18.4,47.3,0,right-foot,low-centre,0,49.6,19,No information,No information,56,No information,3338,47.3,18.4,50.4,0,50.4,81,35,2062,shot
robert-lewandowski,https://www.sofascore.com/poland-sweden/NTbsdUb#id:10216017,poland,goal,penalty,penalty,11.5,50,0,right-foot,low-right,0,46.8,0.6,No information,No information,49,No information,2931,50,11.5,53.2,0,53.2,99.4,42,2469,shot
dejan-kulusevski,https://www.sofascore.com/poland-sweden/NTbsdUb#id:10216017,sweden,save,No information,assisted,17.1,48.1,0,left-foot,high-left,0,52.3,27.2,No information,No information,46,No information,2758,48.1,17.1,47.7,0,47.7,72.8,45,2642,shot
robin-quaison,https://www.sofascore.com/poland-sweden/NTbsdUb#id:10216017,sweden,miss,No information,assisted,11.7,43.9,0,head,right,0,34.3,9.7,No information,No information,36,No information,2117,43.9,11.7,65.7,0,65.7,90.3,10,583,shot
jan-bednarek,https://www.sofascore.com/poland-sweden/NTbsdUb#id:10216017,poland,save,No information,corner,17.4,56.5,0,right-foot,low-centre,0,50.4,10.8,No information,No information,28,No information,1679,56.5,17.4,49.6,0,49.6,89.2,18,1021,shot
matty-cash,https://www.sofascore.com/poland-sweden/NTbsdUb#id:10216017,poland,miss,No information,assisted,9.7,61,0,left-foot,right,0,31.1,2.8,No information,No information,26,No information,1524,61,9.7,68.9,0,68.9,97.2,20,1176,shot
dejan-kulusevski,https://www.sofascore.com/poland-sweden/NTbsdUb#id:10216017,sweden,block,No information,assisted,12,34,0,left-foot,low-centre,0,49.7,19,No information,No information,20,No information,1177,34,12,50.3,0,50.3,81,26,1523,shot
alexander-isak,https://www.sofascore.com/poland-sweden/NTbsdUb#id:10216017,sweden,miss,No information,corner,10.7,54,0,head,left,0,60.7,15.3,No information,No information,19,No information,1123,54,10.7,39.3,0,39.3,84.7,27,1577,shot
emil-forsberg,https://www.sofascore.com/poland-sweden/NTbsdUb#id:10216017,sweden,save,No information,assisted,10,35.5,0,left-foot,low-centre,0,49,1.9,No information,No information,19,No information,1083,35.5,10,51,0,51,98.1,27,1617,shot
robin-quaison,https://www.sofascore.com/poland-sweden/NTbsdUb#id:10216017,sweden,save,No information,fast-break,26.5,48.2,0,right-foot,low-left,0,54.5,0.6,No information,No information,13,No information,772,48.2,26.5,45.5,0,45.5,99.4,33,1928,shot
alexander-isak,https://www.sofascore.com/poland-sweden/NTbsdUb#id:10216017,sweden,save,No information,assisted,29.2,40.8,0,right-foot,low-left,0,53,5.7,No information,No information,13,No information,723,40.8,29.2,47,0,47,94.3,33,1977,shot
robert-lewandowski,https://www.sofascore.com/poland-sweden/NTbsdUb#id:10216017,poland,miss,No information,assisted,7.2,45.8,0,head,left,0,63.7,8.3,No information,No information,10,No information,597,45.8,7.2,36.3,0,36.3,91.7,36,2103,shot
