Player,Game Link,Country,shotType,goalType,situation,X,Y,Z,bodyPart,goalMouthLocation,Goal Mouth X,Goal mouth Y,Goal Mouth Z,XG,XGOT,time,addedTime,timeSeconds,Start X,Start Y,End X,End Y,Goal X,Goal Y,reversedPeriodTime,reversedPeriodTimeSeconds,incidentType
antoine-griezmann,https://www.sofascore.com/portugal-france/GObseUb#id:8513116,france,miss,No information,assisted,24,58.4,0,left-foot,high,0,49.1,86.1,No information,No information,86,No information,5128,58.4,24,50.9,0,50.9,13.9,5,272,shot
antoine-griezmann,https://www.sofascore.com/portugal-france/GObseUb#id:8513116,france,block,No information,assisted,26.2,36.9,0,left-foot,low-left,0,51.9,19,No information,No information,76,No information,4553,36.9,26.2,48.1,0,48.1,81,15,847,shot
joao-palhinha,https://www.sofascore.com/portugal-france/GObseUb#id:8513116,portugal,miss,No information,assisted,27.8,72.9,0,right-foot,high-left,0,61.7,94.4,No information,No information,72,No information,4272,72.9,27.8,38.3,0,38.3,5.6,19,1128,shot
karim-benzema,https://www.sofascore.com/portugal-france/GObseUb#id:8513116,france,miss,No information,assisted,18.9,29.5,0,right-foot,right,0,40,33.3,No information,No information,71,No information,4211,29.5,18.9,60,0,60,66.7,20,1189,shot
paul-pogba,https://www.sofascore.com/portugal-france/GObseUb#id:8513116,france,miss,No information,assisted,24.2,35.1,0,right-foot,right,0,38.5,5.6,No information,No information,68,No information,4027,35.1,24.2,61.5,0,61.5,94.4,23,1373,shot
antoine-griezmann,https://www.sofascore.com/portugal-france/GObseUb#id:8513116,france,save,No information,regular,5.3,68.2,0,right-foot,high-left,0,52.3,30.4,No information,No information,68,No information,4020,68.2,5.3,47.7,0,47.7,69.6,23,1380,shot
paul-pogba,https://www.sofascore.com/portugal-france/GObseUb#id:8513116,france,save,No information,assisted,24.6,58.5,0,right-foot,high-right,0,47.7,27.2,No information,No information,67,No information,4016,58.5,24.6,52.3,0,52.3,72.8,24,1384,shot
cristiano-ronaldo,https://www.sofascore.com/portugal-france/GObseUb#id:8513116,portugal,goal,penalty,penalty,11.5,50,0,right-foot,low-left,0,53.5,1.3,No information,No information,60,No information,3570,50,11.5,46.5,0,46.5,98.7,31,1830,shot
cristiano-ronaldo,https://www.sofascore.com/portugal-france/GObseUb#id:8513116,portugal,miss,No information,assisted,6.3,58.3,0,head,close-right,0,41.2,26.4,No information,No information,49,No information,2918,58.3,6.3,58.8,0,58.8,73.6,42,2482,shot
karim-benzema,https://www.sofascore.com/portugal-france/GObseUb#id:8513116,france,goal,regular,assisted,9,63.1,0,right-foot,low-left,0,53.9,1.3,No information,No information,47,No information,2804,63.1,9,46.1,0,46.1,98.7,44,2596,shot
karim-benzema,https://www.sofascore.com/portugal-france/GObseUb#id:8513116,france,miss,No information,assisted,1.2,31.5,0,left-foot,close-left,0,56.6,8.3,No information,No information,45,5,2955,31.5,1.2,43.4,0,43.4,91.7,1,2445,shot
karim-benzema,https://www.sofascore.com/portugal-france/GObseUb#id:8513116,france,goal,penalty,penalty,11.5,50,0,right-foot,high-left,0,52.9,22.2,No information,No information,45,2,2803,50,11.5,47.1,0,47.1,77.8,1,2597,shot
joao-moutinho,https://www.sofascore.com/portugal-france/GObseUb#id:8513116,portugal,miss,No information,assisted,25.6,50.5,0,right-foot,high-right,0,31.4,77.8,No information,No information,41,No information,2404,50.5,25.6,68.6,0,68.6,22.2,5,296,shot
antoine-griezmann,https://www.sofascore.com/portugal-france/GObseUb#id:8513116,france,miss,No information,assisted,5.1,28.7,0,left-foot,high,0,44.9,97.2,No information,No information,37,No information,2215,28.7,5.1,55.1,0,55.1,2.8,9,485,shot
joao-moutinho,https://www.sofascore.com/portugal-france/GObseUb#id:8513116,portugal,miss,No information,assisted,23.2,66.8,0,left-foot,high-left,0,70.9,54.2,No information,No information,34,No information,2009,66.8,23.2,29.1,0,29.1,45.8,12,691,shot
cristiano-ronaldo,https://www.sofascore.com/portugal-france/GObseUb#id:8513116,portugal,goal,penalty,penalty,11.5,50,0,right-foot,low-left,0,52,5.1,No information,No information,31,No information,1800,50,11.5,48,0,48,94.9,15,900,shot
danilo-pereira,https://www.sofascore.com/portugal-france/GObseUb#id:8513116,portugal,save,No information,set-piece,7.6,49.8,0,head,high-centre,0,50.4,31,No information,No information,27,No information,1613,49.8,7.6,49.6,0,49.6,69,19,1087,shot
cristiano-ronaldo,https://www.sofascore.com/portugal-france/GObseUb#id:8513116,portugal,miss,No information,regular,14.5,32,0,left-foot,right,0,29.1,8.3,No information,No information,20,No information,1170,32,14.5,70.9,0,70.9,91.7,26,1530,shot
kylian-mbappe,https://www.sofascore.com/portugal-france/GObseUb#id:8513116,france,save,No information,assisted,18.4,40.4,0,right-foot,high-right,0,47.1,27.8,No information,No information,16,No information,949,40.4,18.4,52.9,0,52.9,72.2,30,1751,shot
cristiano-ronaldo,https://www.sofascore.com/portugal-france/GObseUb#id:8513116,portugal,save,No information,assisted,11.8,46.7,0,head,high-centre,0,49.6,32.3,No information,No information,6,No information,326,46.7,11.8,50.4,0,50.4,67.7,40,2374,shot
renato-sanches,https://www.sofascore.com/portugal-france/GObseUb#id:8513116,portugal,save,No information,assisted,26.8,55.1,0,right-foot,high-centre,0,50,22.8,No information,No information,4,No information,195,55.1,26.8,50,0,50,77.2,42,2505,shot

cristiano-ronaldo,https://www.sofascore.com/portugal-spain/YTbseUb#id:10023338,portugal,save,No information,assisted,5.9,67.8,0,right-foot,low-right,0,46.4,1.9,No information,No information,90,No information,5393,67.8,5.9,53.6,0,53.6,98.1,1,7,shot
alvaro-morata,https://www.sofascore.com/portugal-spain/YTbseUb#id:10023338,spain,goal,regular,assisted,2.1,50.5,0,left-foot,high-centre,0,50.1,24.7,No information,No information,88,No information,5252,50.5,2.1,49.9,0,49.9,75.3,3,148,shot
nico-williams,https://www.sofascore.com/portugal-spain/YTbseUb#id:10023338,spain,save,No information,assisted,21.8,72.8,0,left-foot,low-right,0,47.1,3.2,No information,No information,84,No information,5012,72.8,21.8,52.9,0,52.9,96.8,7,388,shot
alvaro-morata,https://www.sofascore.com/portugal-spain/YTbseUb#id:10023338,spain,save,No information,assisted,24.2,58.5,0,left-foot,low-left,0,52.7,1.3,No information,No information,77,No information,4572,58.5,24.2,47.3,0,47.3,98.7,14,828,shot
nico-williams,https://www.sofascore.com/portugal-spain/YTbseUb#id:10023338,spain,save,No information,assisted,14.7,25.8,0,right-foot,low-right,0,47.1,1.3,No information,No information,74,No information,4385,25.8,14.7,52.9,0,52.9,98.7,17,1015,shot
alvaro-morata,https://www.sofascore.com/portugal-spain/YTbseUb#id:10023338,spain,save,No information,assisted,10,31,0,left-foot,low-centre,0,51.1,2.5,No information,No information,71,No information,4229,31,10,48.9,0,48.9,97.5,20,1171,shot
ferran-torres,https://www.sofascore.com/portugal-spain/YTbseUb#id:10023338,spain,block,No information,assisted,20.8,30.5,0,right-foot,low-right,0,46.5,19,No information,No information,71,No information,4206,30.5,20.8,53.5,0,53.5,81,20,1194,shot
ruben-dias,https://www.sofascore.com/portugal-spain/YTbseUb#id:10023338,portugal,miss,No information,corner,8.3,44.9,0,head,high-left,0,57.5,62.5,No information,No information,70,No information,4169,44.9,8.3,42.5,0,42.5,37.5,21,1231,shot
ruben-dias,https://www.sofascore.com/portugal-spain/YTbseUb#id:10023338,portugal,block,No information,set-piece,8.5,61.2,0,right-foot,low-centre,0,48.5,19,No information,No information,69,No information,4128,61.2,8.5,51.5,0,51.5,81,22,1272,shot
rodri,https://www.sofascore.com/portugal-spain/YTbseUb#id:10023338,spain,miss,No information,corner,8.8,61.8,0,head,high-right,0,42.2,77.8,No information,No information,66,No information,3955,61.8,8.8,57.8,0,57.8,22.2,25,1445,shot
carlos-soler,https://www.sofascore.com/portugal-spain/YTbseUb#id:10023338,spain,miss,No information,assisted,28.7,52.7,0,right-foot,high-right,0,43.5,79.2,No information,No information,56,No information,3357,52.7,28.7,56.5,0,56.5,20.8,35,2043,shot
william-carvalho,https://www.sofascore.com/portugal-spain/YTbseUb#id:10023338,portugal,block,No information,regular,15.5,43.5,0,right-foot,low-centre,0,51.3,16.7,No information,No information,48,No information,2868,43.5,15.5,48.7,0,48.7,83.3,43,2532,shot
cristiano-ronaldo,https://www.sofascore.com/portugal-spain/YTbseUb#id:10023338,portugal,save,No information,assisted,8.3,37.1,0,left-foot,low-centre,0,51.5,3.8,No information,No information,47,No information,2795,37.1,8.3,48.5,0,48.5,96.2,44,2605,shot
bruno-fernandes,https://www.sofascore.com/portugal-spain/YTbseUb#id:10023338,portugal,miss,No information,assisted,24.1,36.3,0,left-foot,close-left,0,56.3,23.6,No information,No information,37,No information,2217,36.3,24.1,43.7,0,43.7,76.4,9,483,shot
diogo-jota,https://www.sofascore.com/portugal-spain/YTbseUb#id:10023338,portugal,save,No information,fast-break,14,39.8,0,right-foot,high-left,0,53.2,31,No information,No information,33,No information,1937,39.8,14,46.8,0,46.8,69,13,763,shot
alvaro-morata,https://www.sofascore.com/portugal-spain/YTbseUb#id:10023338,spain,block,No information,assisted,20.9,34.2,0,right-foot,low-centre,0,50.7,19,No information,No information,30,No information,1796,34.2,20.9,49.3,0,49.3,81,16,904,shot
ruben-dias,https://www.sofascore.com/portugal-spain/YTbseUb#id:10023338,portugal,miss,No information,corner,6.7,49.5,0,head,right,0,38.7,15.3,No information,No information,28,No information,1676,49.5,6.7,61.3,0,61.3,84.7,18,1024,shot
ruben-neves,https://www.sofascore.com/portugal-spain/YTbseUb#id:10023338,portugal,save,No information,corner,22.8,29.1,0,right-foot,low-left,0,53.3,15.2,No information,No information,23,No information,1369,29.1,22.8,46.7,0,46.7,84.8,23,1331,shot
pablo-sarabia,https://www.sofascore.com/portugal-spain/YTbseUb#id:10023338,spain,block,No information,assisted,14.7,47.8,0,left-foot,low-centre,0,49.8,19,No information,No information,8,No information,451,47.8,14.7,50.2,0,50.2,81,38,2249,shot

cristiano-ronaldo,https://www.sofascore.com/portugal-luxembourg/DObseUb#id:9223936,portugal,block,No information,free-kick,21.2,64.3,0,right-foot,low-centre,0,50.4,19,No information,No information,90,5,5640,64.3,21.2,49.6,0,49.6,81,1,660,shot
ruben-neves,https://www.sofascore.com/portugal-luxembourg/DObseUb#id:9223936,portugal,block,No information,regular,19.2,49,0,right-foot,low-left,0,53.7,19,No information,No information,89,No information,5320,49,19.2,46.3,0,46.3,81,2,80,shot
cristiano-ronaldo,https://www.sofascore.com/portugal-luxembourg/DObseUb#id:9223936,portugal,goal,regular,assisted,4.1,57.3,0,head,low-right,0,47.2,5.1,No information,No information,87,No information,5165,57.3,4.1,52.8,0,52.8,94.9,4,235,shot
ruben-neves,https://www.sofascore.com/portugal-luxembourg/DObseUb#id:9223936,portugal,miss,No information,regular,23.5,53.8,0,right-foot,high,0,54.6,63.9,No information,No information,79,No information,4737,53.8,23.5,45.4,0,45.4,36.1,12,663,shot
gerson-rodrigues,https://www.sofascore.com/portugal-luxembourg/DObseUb#id:9223936,luxembourg,save,No information,assisted,10.7,32.8,0,left-foot,low-right,0,47.1,2.5,No information,No information,71,No information,4230,32.8,10.7,52.9,0,52.9,97.5,20,1170,shot
joao-palhinha,https://www.sofascore.com/portugal-luxembourg/DObseUb#id:9223936,portugal,goal,regular,corner,4.7,49.9,0,head,low-left,0,53.7,12.7,No information,No information,69,No information,4082,49.9,4.7,46.3,0,46.3,87.3,22,1318,shot
cristiano-ronaldo,https://www.sofascore.com/portugal-luxembourg/DObseUb#id:9223936,portugal,save,No information,assisted,9.9,50.3,0,right-foot,high-centre,0,50.7,32.9,No information,No information,68,No information,4042,50.3,9.9,49.3,0,49.3,67.1,23,1358,shot
yvandro-borges-sanches,https://www.sofascore.com/portugal-luxembourg/DObseUb#id:9223936,luxembourg,miss,No information,assisted,20.2,30.7,0,right-foot,right,0,0.2,2.8,No information,No information,64,No information,3786,30.7,20.2,99.8,0,99.8,97.2,27,1614,shot
bruno-fernandes,https://www.sofascore.com/portugal-luxembourg/DObseUb#id:9223936,portugal,miss,No information,fast-break,8,50.7,0,right-foot,close-right,0,42,4.2,No information,No information,62,No information,3681,50.7,8,58,0,58,95.8,29,1719,shot
andre-silva,https://www.sofascore.com/portugal-luxembourg/DObseUb#id:9223936,portugal,miss,No information,assisted,24.6,51.8,0,right-foot,right,0,37.1,18.1,No information,No information,58,No information,3434,51.8,24.6,62.9,0,62.9,81.9,33,1966,shot
joao-palhinha,https://www.sofascore.com/portugal-luxembourg/DObseUb#id:9223936,portugal,miss,No information,set-piece,10.8,57.3,0,right-foot,close-right,0,42.7,15.3,No information,No information,56,No information,3355,57.3,10.8,57.3,0,57.3,84.7,35,2045,shot
danel-sinani,https://www.sofascore.com/portugal-luxembourg/DObseUb#id:9223936,luxembourg,save,No information,assisted,12.1,32.5,0,left-foot,low-centre,0,49.9,4.4,No information,No information,54,No information,3196,32.5,12.1,50.1,0,50.1,95.6,37,2204,shot
cristiano-ronaldo,https://www.sofascore.com/portugal-luxembourg/DObseUb#id:9223936,portugal,miss,No information,assisted,8.8,47.2,0,right-foot,close-right,0,41.5,2.8,No information,No information,49,No information,2933,47.2,8.8,58.5,0,58.5,97.2,42,2467,shot
joao-palhinha,https://www.sofascore.com/portugal-luxembourg/DObseUb#id:9223936,portugal,block,No information,corner,8.1,56.9,0,left-foot,low-centre,0,48.6,19,No information,No information,48,No information,2879,56.9,8.1,51.4,0,51.4,81,43,2521,shot
andre-silva,https://www.sofascore.com/portugal-luxembourg/DObseUb#id:9223936,portugal,block,No information,corner,5.3,56.7,0,left-foot,low-centre,0,49.5,19,No information,No information,48,No information,2877,56.7,5.3,50.5,0,50.5,81,43,2523,shot
ruben-dias,https://www.sofascore.com/portugal-luxembourg/DObseUb#id:9223936,portugal,save,No information,corner,4.8,50.3,0,right-foot,low-centre,0,50,4.4,No information,No information,48,No information,2876,50.3,4.8,50,0,50,95.6,43,2524,shot
andre-silva,https://www.sofascore.com/portugal-luxembourg/DObseUb#id:9223936,portugal,save,No information,set-piece,13,49.1,0,head,low-centre,0,50.9,17.1,No information,No information,45,1,2733,49.1,13,49.1,0,49.1,82.9,1,2667,shot
bernardo-silva,https://www.sofascore.com/portugal-luxembourg/DObseUb#id:9223936,portugal,save,No information,corner,6.1,52.4,0,left-foot,low-centre,0,49.9,17.7,No information,No information,45,No information,2644,52.4,6.1,50.1,0,50.1,82.3,1,56,shot
joao-palhinha,https://www.sofascore.com/portugal-luxembourg/DObseUb#id:9223936,portugal,miss,No information,corner,12.4,32.6,0,right-foot,left,0,64.7,4.2,No information,No information,45,No information,2641,32.6,12.4,35.3,0,35.3,95.8,1,59,shot
cristiano-ronaldo,https://www.sofascore.com/portugal-luxembourg/DObseUb#id:9223936,portugal,save,No information,assisted,11.1,34.7,0,left-foot,low-right,0,47.5,2.5,No information,No information,43,No information,2521,34.7,11.1,52.5,0,52.5,97.5,3,179,shot
ruben-dias,https://www.sofascore.com/portugal-luxembourg/DObseUb#id:9223936,portugal,save,No information,corner,8.3,49.9,0,head,low-centre,0,51,7.6,No information,No information,21,No information,1221,49.9,8.3,49,0,49,92.4,25,1479,shot
bruno-fernandes,https://www.sofascore.com/portugal-luxembourg/DObseUb#id:9223936,portugal,goal,regular,assisted,5.8,68,0,right-foot,low-centre,0,50.6,8.2,No information,No information,17,No information,1017,68,5.8,49.4,0,49.4,91.8,29,1683,shot
cristiano-ronaldo,https://www.sofascore.com/portugal-luxembourg/DObseUb#id:9223936,portugal,goal,penalty,penalty,11.5,50,0,right-foot,low-right,0,46.5,12,No information,No information,13,No information,729,50,11.5,53.5,0,53.5,88,33,1971,shot
cristiano-ronaldo,https://www.sofascore.com/portugal-luxembourg/DObseUb#id:9223936,portugal,goal,penalty,penalty,11.5,50,0,right-foot,high-centre,0,50.2,27.8,No information,No information,8,No information,447,50,11.5,49.8,0,49.8,72.2,38,2253,shot

cristiano-ronaldo,https://www.sofascore.com/hungary-portugal/eUbsjUb#id:8602461,portugal,goal,regular,assisted,4.8,52.8,0,left-foot,low-centre,0,48.6,1.3,No information,No information,90,2,5502,52.8,4.8,51.4,0,51.4,98.7,1,798,shot
cristiano-ronaldo,https://www.sofascore.com/hungary-portugal/eUbsjUb#id:8602461,portugal,goal,penalty,penalty,11.5,50,0,right-foot,low-right,0,46.6,9.5,No information,No information,87,No information,5201,50,11.5,53.4,0,53.4,90.5,4,199,shot
raphael-guerreiro,https://www.sofascore.com/hungary-portugal/eUbsjUb#id:8602461,portugal,goal,regular,regular,12.6,54.5,0,left-foot,low-left,0,54.5,1.3,No information,No information,84,No information,5023,54.5,12.6,45.5,0,45.5,98.7,7,377,shot
adam-szalai,https://www.sofascore.com/hungary-portugal/eUbsjUb#id:8602461,hungary,miss,No information,regular,27.8,32.1,0,right-foot,high-right,0,33.1,43.1,No information,No information,75,No information,4469,32.1,27.8,66.9,0,66.9,56.9,16,931,shot
bruno-fernandes,https://www.sofascore.com/hungary-portugal/eUbsjUb#id:8602461,portugal,miss,No information,assisted,7.4,74.2,0,left-foot,left,0,62.5,18.1,No information,No information,70,No information,4160,74.2,7.4,37.5,0,37.5,81.9,21,1240,shot
roland-sallai,https://www.sofascore.com/hungary-portugal/eUbsjUb#id:8602461,hungary,miss,No information,assisted,15.5,49.7,0,right-foot,close-left,0,57.3,5.6,No information,No information,69,No information,4131,49.7,15.5,42.7,0,42.7,94.4,22,1269,shot
bruno-fernandes,https://www.sofascore.com/hungary-portugal/eUbsjUb#id:8602461,portugal,save,No information,assisted,27.1,54,0,right-foot,low-right,0,47.5,8.2,No information,No information,68,No information,4031,54,27.1,52.5,0,52.5,91.8,23,1369,shot
roland-sallai,https://www.sofascore.com/hungary-portugal/eUbsjUb#id:8602461,hungary,save,No information,regular,19.5,33.4,0,left-foot,high-left,0,51.9,21.5,No information,No information,57,No information,3387,33.4,19.5,48.1,0,48.1,78.5,34,2013,shot
adam-szalai,https://www.sofascore.com/hungary-portugal/eUbsjUb#id:8602461,hungary,save,No information,assisted,28.5,34.4,0,right-foot,low-centre,0,50,8.2,No information,No information,50,No information,2968,34.4,28.5,50,0,50,91.8,41,2432,shot
pepe,https://www.sofascore.com/hungary-portugal/eUbsjUb#id:8602461,portugal,save,No information,corner,9.9,43.7,0,head,low-left,0,53.9,13.3,No information,No information,47,No information,2812,43.7,9.9,46.1,0,46.1,86.7,44,2588,shot
cristiano-ronaldo,https://www.sofascore.com/hungary-portugal/eUbsjUb#id:8602461,portugal,miss,No information,assisted,6.3,49.3,0,right-foot,close-high,0,51.4,58.3,No information,No information,43,No information,2561,49.3,6.3,48.6,0,48.6,41.7,3,139,shot
diogo-jota,https://www.sofascore.com/hungary-portugal/eUbsjUb#id:8602461,portugal,save,No information,assisted,8,54.2,0,left-foot,low-centre,0,50.1,5.1,No information,No information,40,No information,2377,54.2,8,49.9,0,49.9,94.9,6,323,shot
adam-szalai,https://www.sofascore.com/hungary-portugal/eUbsjUb#id:8602461,hungary,save,No information,set-piece,12.1,44.5,0,head,high-centre,0,48.8,21.5,No information,No information,37,No information,2163,44.5,12.1,51.2,0,51.2,78.5,9,537,shot
cristiano-ronaldo,https://www.sofascore.com/hungary-portugal/eUbsjUb#id:8602461,portugal,miss,No information,assisted,7,46.4,0,head,left,0,69.9,25,No information,No information,30,No information,1787,46.4,7,30.1,0,30.1,75,16,913,shot
diogo-jota,https://www.sofascore.com/hungary-portugal/eUbsjUb#id:8602461,portugal,miss,No information,set-piece,12.2,54.2,0,right-foot,high-right,0,41.3,93.1,No information,No information,9,No information,494,54.2,12.2,58.7,0,58.7,6.9,37,2206,shot
diogo-jota,https://www.sofascore.com/hungary-portugal/eUbsjUb#id:8602461,portugal,save,No information,regular,17.9,57.7,0,left-foot,low-right,0,47.4,17.7,No information,No information,5,No information,266,57.7,17.9,52.6,0,52.6,82.3,41,2434,shot

joao-mario,https://www.sofascore.com/liechtenstein-portugal/eUbsFWb#id:10752371,portugal,post,No information,corner,4.4,64.2,0,right-foot,right,0,44.6,13.3,No information,No information,90,4,5602,64.2,4.4,55.4,0,55.4,86.7,1,698,shot
joao-mario,https://www.sofascore.com/liechtenstein-portugal/eUbsFWb#id:10752371,portugal,miss,No information,corner,19.8,68.7,0,left-foot,high,0,50.1,70.8,No information,No information,90,1,5424,68.7,19.8,49.9,0,49.9,29.2,1,876,shot
rafael-leao,https://www.sofascore.com/liechtenstein-portugal/eUbsFWb#id:10752371,portugal,miss,No information,assisted,5.2,42.8,0,right-foot,close-high-left,0,58.7,51.4,No information,No information,89,No information,5308,42.8,5.2,41.3,0,41.3,48.6,2,92,shot
vitinha,https://www.sofascore.com/liechtenstein-portugal/eUbsFWb#id:10752371,portugal,block,No information,assisted,3.2,65.1,0,right-foot,low-right,0,46.6,19,No information,No information,88,No information,5230,65.1,3.2,53.4,0,53.4,81,3,170,shot
joao-cancelo,https://www.sofascore.com/liechtenstein-portugal/eUbsFWb#id:10752371,portugal,save,No information,assisted,9.6,55.4,0,right-foot,low-centre,0,50.6,5.1,No information,No information,86,No information,5139,55.4,9.6,49.4,0,49.4,94.9,5,261,shot
ruben-neves,https://www.sofascore.com/liechtenstein-portugal/eUbsFWb#id:10752371,portugal,block,No information,corner,17.9,57.3,0,right-foot,low-left,0,54.7,19,No information,No information,84,No information,4982,57.3,17.9,45.3,0,45.3,81,7,418,shot
vitinha,https://www.sofascore.com/liechtenstein-portugal/eUbsFWb#id:10752371,portugal,block,No information,assisted,24.7,55.2,0,right-foot,low-left,0,53.3,19,No information,No information,83,No information,4950,55.2,24.7,46.7,0,46.7,81,8,450,shot
goncalo-ramos,https://www.sofascore.com/liechtenstein-portugal/eUbsFWb#id:10752371,portugal,block,No information,assisted,18.7,39.5,0,left-foot,low-centre,0,51.1,19,No information,No information,82,No information,4861,39.5,18.7,48.9,0,48.9,81,9,539,shot
ruben-neves,https://www.sofascore.com/liechtenstein-portugal/eUbsFWb#id:10752371,portugal,miss,No information,assisted,4.6,47.9,0,other,close-left,0,58.3,23.6,No information,No information,79,No information,4717,47.9,4.6,41.7,0,41.7,76.4,12,683,shot
joao-palhinha,https://www.sofascore.com/liechtenstein-portugal/eUbsFWb#id:10752371,portugal,block,No information,assisted,26.3,64.1,0,right-foot,low-centre,0,50.5,19,No information,No information,75,No information,4487,64.1,26.3,49.5,0,49.5,81,16,913,shot
ruben-neves,https://www.sofascore.com/liechtenstein-portugal/eUbsFWb#id:10752371,portugal,miss,No information,corner,8.2,54.5,0,head,left,0,65.2,12.5,No information,No information,73,No information,4345,54.5,8.2,34.8,0,34.8,87.5,18,1055,shot
joao-cancelo,https://www.sofascore.com/liechtenstein-portugal/eUbsFWb#id:10752371,portugal,block,No information,corner,25.7,36.8,0,right-foot,low-centre,0,51.3,19,No information,No information,72,No information,4298,36.8,25.7,48.7,0,48.7,81,19,1102,shot
joao-palhinha,https://www.sofascore.com/liechtenstein-portugal/eUbsFWb#id:10752371,portugal,save,No information,assisted,26.8,58.4,0,right-foot,low-left,0,53.9,4.4,No information,No information,72,No information,4276,58.4,26.8,46.1,0,46.1,95.6,19,1124,shot
bruno-fernandes,https://www.sofascore.com/liechtenstein-portugal/eUbsFWb#id:10752371,portugal,save,No information,assisted,25.9,68.9,0,right-foot,low-left,0,53.2,1.3,No information,No information,71,No information,4224,68.9,25.9,46.8,0,46.8,98.7,20,1176,shot
ruben-neves,https://www.sofascore.com/liechtenstein-portugal/eUbsFWb#id:10752371,portugal,block,No information,regular,18.9,54.8,0,right-foot,low-left,0,54.6,19,No information,No information,69,No information,4114,54.8,18.9,45.4,0,45.4,81,22,1286,shot
bruno-fernandes,https://www.sofascore.com/liechtenstein-portugal/eUbsFWb#id:10752371,portugal,miss,No information,regular,24.7,61.1,0,right-foot,high,0,47.9,63.9,No information,No information,65,No information,3895,61.1,24.7,52.1,0,52.1,36.1,26,1505,shot
bernardo-silva,https://www.sofascore.com/liechtenstein-portugal/eUbsFWb#id:10752371,portugal,block,No information,regular,11.3,57,0,left-foot,low-centre,0,50.2,19,No information,No information,65,No information,3893,57,11.3,49.8,0,49.8,81,26,1507,shot
joao-felix,https://www.sofascore.com/liechtenstein-portugal/eUbsFWb#id:10752371,portugal,block,No information,assisted,20.4,55.8,0,right-foot,low-left,0,52.5,19,No information,No information,65,No information,3888,55.8,20.4,47.5,0,47.5,81,26,1512,shot
cristiano-ronaldo,https://www.sofascore.com/liechtenstein-portugal/eUbsFWb#id:10752371,portugal,goal,regular,free-kick,18.8,48.5,0,right-foot,high-right,0,48,25.3,No information,No information,63,No information,3732,48.5,18.8,52,0,52,74.7,28,1668,shot
aron-sele,https://www.sofascore.com/liechtenstein-portugal/eUbsFWb#id:10752371,liechtenstein,save,No information,set-piece,22.3,42.7,0,right-foot,high-left,0,53.9,30.4,No information,No information,59,No information,3512,42.7,22.3,46.1,0,46.1,69.6,32,1888,shot
bernardo-silva,https://www.sofascore.com/liechtenstein-portugal/eUbsFWb#id:10752371,portugal,miss,No information,assisted,6.8,65.6,0,left-foot,left,0,59.3,2.8,No information,No information,55,No information,3266,65.6,6.8,40.7,0,40.7,97.2,36,2134,shot
joao-cancelo,https://www.sofascore.com/liechtenstein-portugal/eUbsFWb#id:10752371,portugal,save,No information,assisted,3.5,65.3,0,right-foot,low-centre,0,49.3,19,No information,No information,54,No information,3201,65.3,3.5,50.7,0,50.7,81,37,2199,shot
cristiano-ronaldo,https://www.sofascore.com/liechtenstein-portugal/eUbsFWb#id:10752371,portugal,goal,penalty,penalty,11.5,50,0,right-foot,low-left,0,53.2,2.5,No information,No information,51,No information,3035,50,11.5,46.8,0,46.8,97.5,40,2365,shot
aron-sele,https://www.sofascore.com/liechtenstein-portugal/eUbsFWb#id:10752371,liechtenstein,miss,No information,assisted,32.7,34.4,0,right-foot,high,0,52.6,83.3,No information,No information,48,No information,2829,34.4,32.7,47.4,0,47.4,16.7,43,2571,shot
bernardo-silva,https://www.sofascore.com/liechtenstein-portugal/eUbsFWb#id:10752371,portugal,goal,regular,regular,8.6,59.5,0,left-foot,low-centre,0,51.8,2.5,No information,No information,47,No information,2768,59.5,8.6,48.2,0,48.2,97.5,44,2632,shot
goncalo-inacio,https://www.sofascore.com/liechtenstein-portugal/eUbsFWb#id:10752371,portugal,miss,No information,assisted,28.7,42.1,0,left-foot,high-left,0,59.3,58.3,No information,No information,41,No information,2449,42.1,28.7,40.7,0,40.7,41.7,5,251,shot
joao-palhinha,https://www.sofascore.com/liechtenstein-portugal/eUbsFWb#id:10752371,portugal,block,No information,corner,4.6,37.1,0,head,low-left,0,52.9,19,No information,No information,38,No information,2270,37.1,4.6,47.1,0,47.1,81,8,430,shot
joao-palhinha,https://www.sofascore.com/liechtenstein-portugal/eUbsFWb#id:10752371,portugal,save,No information,assisted,25.2,53.4,0,right-foot,low-left,0,54.5,5.7,No information,No information,38,No information,2236,53.4,25.2,45.5,0,45.5,94.3,8,464,shot
cristiano-ronaldo,https://www.sofascore.com/liechtenstein-portugal/eUbsFWb#id:10752371,portugal,miss,No information,corner,6.4,47,0,head,close-right,0,41.8,13.9,No information,No information,34,No information,1995,47,6.4,58.2,0,58.2,86.1,12,705,shot
bruno-fernandes,https://www.sofascore.com/liechtenstein-portugal/eUbsFWb#id:10752371,portugal,miss,No information,assisted,25.1,58.8,0,right-foot,close-left,0,58,5.6,No information,No information,30,No information,1744,58.8,25.1,42,0,42,94.4,16,956,shot
raphael-guerreiro,https://www.sofascore.com/liechtenstein-portugal/eUbsFWb#id:10752371,portugal,block,No information,assisted,13.3,35.2,0,left-foot,low-centre,0,50.6,19,No information,No information,29,No information,1686,35.2,13.3,49.4,0,49.4,81,17,1014,shot
cristiano-ronaldo,https://www.sofascore.com/liechtenstein-portugal/eUbsFWb#id:10752371,portugal,save,No information,assisted,26.1,35.8,0,right-foot,low-left,0,52.4,6.3,No information,No information,27,No information,1590,35.8,26.1,47.6,0,47.6,93.7,19,1110,shot
cristiano-ronaldo,https://www.sofascore.com/liechtenstein-portugal/eUbsFWb#id:10752371,portugal,miss,No information,regular,7.9,47.6,0,right-foot,high,0,55.8,73.6,No information,No information,23,No information,1370,47.6,7.9,44.2,0,44.2,26.4,23,1330,shot
cristiano-ronaldo,https://www.sofascore.com/liechtenstein-portugal/eUbsFWb#id:10752371,portugal,miss,No information,assisted,7.9,49.3,0,head,high-right,0,40.3,68.1,No information,No information,22,No information,1301,49.3,7.9,59.7,0,59.7,31.9,24,1399,shot
joao-felix,https://www.sofascore.com/liechtenstein-portugal/eUbsFWb#id:10752371,portugal,miss,No information,assisted,11.8,39.2,0,right-foot,close-left,0,58,6.9,No information,No information,19,No information,1114,39.2,11.8,42,0,42,93.1,27,1586,shot
joao-felix,https://www.sofascore.com/liechtenstein-portugal/eUbsFWb#id:10752371,portugal,save,No information,regular,10.9,44,0,right-foot,low-centre,0,51.7,3.2,No information,No information,16,No information,933,44,10.9,48.3,0,48.3,96.8,30,1767,shot
joao-cancelo,https://www.sofascore.com/liechtenstein-portugal/eUbsFWb#id:10752371,portugal,goal,regular,corner,22.8,54.5,0,right-foot,low-centre,0,50.1,1.9,No information,No information,8,No information,439,54.5,22.8,49.9,0,49.9,98.1,38,2261,shot

ruben-dias,https://www.sofascore.com/portugal-switzerland/ZTbseUb#id:10230631,portugal,block,No information,corner,10.6,50.2,0,head,low-centre,0,50.3,19,No information,No information,90,4,5625,50.2,10.6,49.7,0,49.7,81,1,675,shot
rafael-leao,https://www.sofascore.com/portugal-switzerland/ZTbseUb#id:10230631,portugal,goal,regular,assisted,13,27.9,0,right-foot,high-right,0,47.4,20.9,No information,No information,90,2,5473,27.9,13,52.6,0,52.6,79.1,1,827,shot
noah-okafor,https://www.sofascore.com/portugal-switzerland/ZTbseUb#id:10230631,switzerland,block,No information,assisted,11.1,28.9,0,right-foot,low-centre,0,48.9,19,No information,No information,85,No information,5096,28.9,11.1,51.1,0,51.1,81,6,304,shot
granit-xhaka,https://www.sofascore.com/portugal-switzerland/ZTbseUb#id:10230631,switzerland,miss,No information,corner,5.9,42.8,0,head,high,0,51.8,66.7,No information,No information,81,No information,4812,42.8,5.9,48.2,0,48.2,33.3,10,588,shot
breel-embolo,https://www.sofascore.com/portugal-switzerland/ZTbseUb#id:10230631,switzerland,block,No information,assisted,18.4,47.9,0,right-foot,low-centre,0,50,19,No information,No information,80,No information,4775,47.9,18.4,50,0,50,81,11,625,shot
cristiano-ronaldo,https://www.sofascore.com/portugal-switzerland/ZTbseUb#id:10230631,portugal,block,No information,free-kick,27.2,57.6,0,right-foot,low-centre,0,50,19,No information,No information,76,No information,4551,57.6,27.2,50,0,50,81,15,849,shot
denis-zakaria,https://www.sofascore.com/portugal-switzerland/ZTbseUb#id:10230631,switzerland,block,No information,assisted,21.5,46.1,0,right-foot,low-centre,0,51.4,19,No information,No information,71,No information,4209,46.1,21.5,48.6,0,48.6,81,20,1191,shot
goncalo-ramos,https://www.sofascore.com/portugal-switzerland/ZTbseUb#id:10230631,portugal,goal,regular,assisted,7.8,57.7,0,right-foot,low-left,0,52.9,5.7,No information,No information,67,No information,3973,57.7,7.8,47.1,0,47.1,94.3,24,1427,shot
xherdan-shaqiri,https://www.sofascore.com/portugal-switzerland/ZTbseUb#id:10230631,switzerland,miss,No information,assisted,15.8,85.7,0,left-foot,high-left,0,92.3,93.1,No information,No information,66,No information,3921,85.7,15.8,7.7,0,7.7,6.9,25,1479,shot
manuel-akanji,https://www.sofascore.com/portugal-switzerland/ZTbseUb#id:10230631,switzerland,goal,regular,corner,2.4,42,0,right-foot,low-left,0,52.9,4.4,No information,No information,58,No information,3425,42,2.4,47.1,0,47.1,95.6,33,1975,shot
raphael-guerreiro,https://www.sofascore.com/portugal-switzerland/ZTbseUb#id:10230631,portugal,goal,regular,assisted,8.4,41.3,0,left-foot,high-centre,0,48.5,33.5,No information,No information,55,No information,3295,41.3,8.4,51.5,0,51.5,66.5,36,2105,shot
pepe,https://www.sofascore.com/portugal-switzerland/ZTbseUb#id:10230631,portugal,miss,No information,corner,8.9,43.6,0,head,left,0,61.5,16.7,No information,No information,54,No information,3200,43.6,8.9,38.5,0,38.5,83.3,37,2200,shot
joao-felix,https://www.sofascore.com/portugal-switzerland/ZTbseUb#id:10230631,portugal,block,No information,assisted,14.5,30.6,0,left-foot,low-centre,0,50.8,19,No information,No information,53,No information,3152,30.6,14.5,49.2,0,49.2,81,38,2248,shot
goncalo-ramos,https://www.sofascore.com/portugal-switzerland/ZTbseUb#id:10230631,portugal,goal,regular,regular,4.6,57.7,0,left-foot,low-right,0,45.8,7,No information,No information,51,No information,3005,57.7,4.6,54.2,0,54.2,93,40,2395,shot
goncalo-ramos,https://www.sofascore.com/portugal-switzerland/ZTbseUb#id:10230631,portugal,miss,No information,corner,4.8,42.7,0,head,right,0,1.3,6.9,No information,No information,49,No information,2890,42.7,4.8,98.7,0,98.7,93.1,42,2510,shot
raphael-guerreiro,https://www.sofascore.com/portugal-switzerland/ZTbseUb#id:10230631,portugal,miss,No information,corner,21.1,29.8,0,left-foot,high,0,49.1,68.1,No information,No information,45,3,2838,29.8,21.1,50.9,0,50.9,31.9,1,2562,shot
goncalo-ramos,https://www.sofascore.com/portugal-switzerland/ZTbseUb#id:10230631,portugal,save,No information,fast-break,11.1,40.1,0,left-foot,low-right,0,46.4,0.6,No information,No information,43,No information,2531,40.1,11.1,53.6,0,53.6,99.4,3,169,shot
fabian-schar,https://www.sofascore.com/portugal-switzerland/ZTbseUb#id:10230631,switzerland,miss,No information,regular,17.9,69.2,0,right-foot,high,0,45.4,100,No information,No information,38,No information,2256,69.2,17.9,54.6,0,54.6,0,8,444,shot
remo-freuler,https://www.sofascore.com/portugal-switzerland/ZTbseUb#id:10230631,switzerland,block,No information,regular,4.4,56.2,0,head,low-centre,0,50,19,No information,No information,38,No information,2252,56.2,4.4,50,0,50,81,8,448,shot
pepe,https://www.sofascore.com/portugal-switzerland/ZTbseUb#id:10230631,portugal,goal,regular,corner,5.3,50.5,0,head,high-left,0,52.6,20.9,No information,No information,33,No information,1955,50.5,5.3,47.4,0,47.4,79.1,13,745,shot
xherdan-shaqiri,https://www.sofascore.com/portugal-switzerland/ZTbseUb#id:10230631,switzerland,save,No information,free-kick,28.8,59.5,0,left-foot,low-right,0,46,5.7,No information,No information,30,No information,1778,59.5,28.8,54,0,54,94.3,16,922,shot
goncalo-ramos,https://www.sofascore.com/portugal-switzerland/ZTbseUb#id:10230631,portugal,save,No information,fast-break,17.6,39.6,0,right-foot,low-centre,0,51,1.3,No information,No information,22,No information,1314,39.6,17.6,49,0,49,98.7,24,1386,shot
otavio,https://www.sofascore.com/portugal-switzerland/ZTbseUb#id:10230631,portugal,save,No information,assisted,17.1,43.4,0,right-foot,low-left,0,52.5,5.7,No information,No information,22,No information,1262,43.4,17.1,47.5,0,47.5,94.3,24,1438,shot
goncalo-ramos,https://www.sofascore.com/portugal-switzerland/ZTbseUb#id:10230631,portugal,goal,regular,assisted,8.2,32.2,0,left-foot,high-left,0,54,33.5,No information,No information,17,No information,1004,32.2,8.2,46,0,46,66.5,29,1696,shot
breel-embolo,https://www.sofascore.com/portugal-switzerland/ZTbseUb#id:10230631,switzerland,block,No information,assisted,15.4,34.2,0,left-foot,low-left,0,52.8,19,No information,No information,5,No information,295,34.2,15.4,47.2,0,47.2,81,41,2405,shot

francisco-trincao,https://www.sofascore.com/portugal-france/GObseUb#id:8600739,portugal,miss,No information,corner,14.3,68.8,0,left-foot,high-left,0,57.8,77.8,No information,No information,84,No information,5012,68.8,14.3,42.2,0,42.2,22.2,7,388,shot
jose-fonte,https://www.sofascore.com/portugal-france/GObseUb#id:8600739,portugal,miss,No information,corner,6.6,60.8,0,left-foot,left,0,59.7,22.2,No information,No information,84,No information,5011,60.8,6.6,40.3,0,40.3,77.8,7,389,shot
ruben-dias,https://www.sofascore.com/portugal-france/GObseUb#id:8600739,portugal,miss,No information,set-piece,3.1,43.5,0,right-foot,close-left,0,58.7,29.2,No information,No information,82,No information,4914,43.5,3.1,41.3,0,41.3,70.8,9,486,shot
cristiano-ronaldo,https://www.sofascore.com/portugal-france/GObseUb#id:8600739,portugal,miss,No information,corner,6.2,50.9,0,head,right,0,1.3,5.6,No information,No information,77,No information,4568,50.9,6.2,98.7,0,98.7,94.4,14,832,shot
joao-moutinho,https://www.sofascore.com/portugal-france/GObseUb#id:8600739,portugal,save,No information,assisted,23.5,63.9,0,right-foot,high-left,0,52.5,22.8,No information,No information,75,No information,4467,63.9,23.5,47.5,0,47.5,77.2,16,933,shot
anthony-martial,https://www.sofascore.com/portugal-france/GObseUb#id:8600739,france,save,No information,assisted,4.3,45.9,0,right-foot,low-left,0,52.3,0.6,No information,No information,65,No information,3869,45.9,4.3,47.7,0,47.7,99.4,26,1531,shot
joao-felix,https://www.sofascore.com/portugal-france/GObseUb#id:8600739,portugal,miss,No information,set-piece,13.4,50.3,0,right-foot,left,0,60,12.5,No information,No information,60,No information,3554,50.3,13.4,40,0,40,87.5,31,1846,shot
joao-felix,https://www.sofascore.com/portugal-france/GObseUb#id:8600739,portugal,block,No information,set-piece,13.5,51.3,0,left-foot,low-centre,0,48.9,19,No information,No information,60,No information,3553,51.3,13.5,51.1,0,51.1,81,31,1847,shot
jose-fonte,https://www.sofascore.com/portugal-france/GObseUb#id:8600739,portugal,post,No information,set-piece,5.6,45.2,0,head,left,0,55.4,21.5,No information,No information,60,No information,3551,45.2,5.6,44.6,0,44.6,78.5,31,1849,shot
raphael-guerreiro,https://www.sofascore.com/portugal-france/GObseUb#id:8600739,portugal,save,No information,set-piece,32.3,53,0,left-foot,low-right,0,47,4.4,No information,No information,60,No information,3546,53,32.3,53,0,53,95.6,31,1854,shot
paul-pogba,https://www.sofascore.com/portugal-france/GObseUb#id:8600739,france,save,No information,assisted,9,49.7,0,other,low-centre,0,50.3,13.3,No information,No information,57,No information,3416,49.7,9,49.7,0,49.7,86.7,34,1984,shot
antoine-griezmann,https://www.sofascore.com/portugal-france/GObseUb#id:8600739,france,miss,No information,assisted,14.7,63.5,0,left-foot,high-left,0,61.8,55.6,No information,No information,55,No information,3296,63.5,14.7,38.2,0,38.2,44.4,36,2104,shot
ngolo-kante,https://www.sofascore.com/portugal-france/GObseUb#id:8600739,france,goal,regular,regular,3.4,49.5,0,left-foot,high-centre,0,51.8,21.5,No information,No information,53,No information,3172,49.5,3.4,48.2,0,48.2,78.5,38,2228,shot
adrien-rabiot,https://www.sofascore.com/portugal-france/GObseUb#id:8600739,france,save,No information,assisted,8.7,29.5,0,left-foot,low-right,0,47.5,2.5,No information,No information,53,No information,3170,29.5,8.7,52.5,0,52.5,97.5,38,2230,shot
bernardo-silva,https://www.sofascore.com/portugal-france/GObseUb#id:8600739,portugal,save,No information,assisted,10.3,32.4,0,left-foot,low-centre,0,49.9,19,No information,No information,49,No information,2925,32.4,10.3,50.1,0,50.1,81,42,2475,shot
cristiano-ronaldo,https://www.sofascore.com/portugal-france/GObseUb#id:8600739,portugal,miss,No information,free-kick,13.8,16.9,0,right-foot,right,0,40,9.7,No information,No information,47,No information,2779,16.9,13.8,60,0,60,90.3,44,2621,shot
cristiano-ronaldo,https://www.sofascore.com/portugal-france/GObseUb#id:8600739,portugal,miss,No information,corner,7.1,49.7,0,head,close-high,0,54.3,50,No information,No information,45,No information,2690,49.7,7.1,45.7,0,45.7,50,1,10,shot
anthony-martial,https://www.sofascore.com/portugal-france/GObseUb#id:8600739,france,save,No information,assisted,7.5,50,0,right-foot,low-centre,0,48.9,13.9,No information,No information,41,No information,2425,50,7.5,51.1,0,51.1,86.1,5,275,shot
joao-felix,https://www.sofascore.com/portugal-france/GObseUb#id:8600739,portugal,save,No information,assisted,12.1,39,0,head,low-right,0,47.1,18.4,No information,No information,39,No information,2286,39,12.1,52.9,0,52.9,81.6,7,414,shot
danilo-pereira,https://www.sofascore.com/portugal-france/GObseUb#id:8600739,portugal,miss,No information,corner,6.5,57.1,0,head,left,0,95.3,2.8,No information,No information,37,No information,2177,57.1,6.5,4.7,0,4.7,97.2,9,523,shot
anthony-martial,https://www.sofascore.com/portugal-france/GObseUb#id:8600739,france,post,No information,set-piece,4.3,53.3,0,head,high,0,47.4,39.9,No information,No information,30,No information,1784,53.3,4.3,52.6,0,52.6,60.1,16,916,shot
adrien-rabiot,https://www.sofascore.com/portugal-france/GObseUb#id:8600739,france,miss,No information,set-piece,11,42.1,0,left-foot,right,0,37.1,11.1,No information,No information,30,No information,1784,42.1,11,62.9,0,62.9,88.9,16,916,shot
anthony-martial,https://www.sofascore.com/portugal-france/GObseUb#id:8600739,france,miss,No information,regular,12.5,27.7,0,right-foot,close-left,0,57.1,25,No information,No information,27,No information,1580,27.7,12.5,42.9,0,42.9,75,19,1120,shot
cristiano-ronaldo,https://www.sofascore.com/portugal-france/GObseUb#id:8600739,portugal,miss,No information,set-piece,27.2,33,0,left-foot,high-left,0,64.5,61.1,No information,No information,25,No information,1441,33,27.2,35.5,0,35.5,38.9,21,1259,shot
cristiano-ronaldo,https://www.sofascore.com/portugal-france/GObseUb#id:8600739,portugal,block,No information,free-kick,26.9,44.8,0,right-foot,low-centre,0,49.8,19,No information,No information,24,No information,1439,44.8,26.9,50.2,0,50.2,81,22,1261,shot
bruno-fernandes,https://www.sofascore.com/portugal-france/GObseUb#id:8600739,portugal,save,No information,corner,23.2,50.9,0,right-foot,low-left,0,52.3,10.8,No information,No information,20,No information,1170,50.9,23.2,47.7,0,47.7,89.2,26,1530,shot
adrien-rabiot,https://www.sofascore.com/portugal-france/GObseUb#id:8600739,france,miss,No information,corner,6.7,49.1,0,head,high,0,55.5,63.9,No information,No information,18,No information,1051,49.1,6.7,44.5,0,44.5,36.1,28,1649,shot
lucas-hernandez,https://www.sofascore.com/portugal-france/GObseUb#id:8600739,france,block,No information,regular,11.8,23.5,0,left-foot,low-centre,0,51.2,19,No information,No information,12,No information,692,23.5,11.8,48.8,0,48.8,81,34,2008,shot
anthony-martial,https://www.sofascore.com/portugal-france/GObseUb#id:8600739,france,save,No information,assisted,10,45.5,0,right-foot,low-centre,0,49.4,4.4,No information,No information,12,No information,687,45.5,10,50.6,0,50.6,95.6,34,2013,shot
kingsley-coman,https://www.sofascore.com/portugal-france/GObseUb#id:8600739,france,save,No information,assisted,10.2,69.5,0,right-foot,high-right,0,47.6,25.3,No information,No information,10,No information,596,69.5,10.2,52.4,0,52.4,74.7,36,2104,shot
cristiano-ronaldo,https://www.sofascore.com/portugal-france/GObseUb#id:8600739,portugal,save,No information,assisted,24.6,26.8,0,right-foot,low-right,0,47.4,13.3,No information,No information,6,No information,316,26.8,24.6,52.6,0,52.6,86.7,40,2384,shot

arnor-traustason,https://www.sofascore.com/iceland-portugal/eUbsiUb#id:10752583,iceland,block,No information,regular,16.1,55.9,0,right-foot,low-right,0,47.4,19,No information,No information,90,3,5534,55.9,16.1,52.6,0,52.6,81,1,766,shot
orri-steinn-oskarsson,https://www.sofascore.com/iceland-portugal/eUbsiUb#id:10752583,iceland,save,No information,assisted,8.7,34.5,0,right-foot,low-left,0,52.6,3.2,No information,No information,90,3,5531,34.5,8.7,47.4,0,47.4,96.8,1,769,shot
andri-gudjohnsen,https://www.sofascore.com/iceland-portugal/eUbsiUb#id:10752583,iceland,save,No information,assisted,10.1,48.5,0,head,high-right,0,46.8,22.8,No information,No information,85,No information,5069,48.5,10.1,53.2,0,53.2,77.2,6,331,shot
ricardo-horta,https://www.sofascore.com/iceland-portugal/eUbsiUb#id:10752583,portugal,goal,regular,assisted,3.1,48,0,left-foot,low-centre,0,49.9,5.7,No information,No information,66,No information,3915,48,3.1,50.1,0,50.1,94.3,25,1485,shot
cristiano-ronaldo,https://www.sofascore.com/iceland-portugal/eUbsiUb#id:10752583,portugal,save,No information,regular,4.4,47.3,0,left-foot,low-centre,0,50.9,6.3,No information,No information,66,No information,3914,47.3,4.4,49.1,0,49.1,93.7,25,1486,shot
joao-felix,https://www.sofascore.com/iceland-portugal/eUbsiUb#id:10752583,portugal,save,No information,assisted,13.2,26.8,0,right-foot,low-centre,0,50.1,7,No information,No information,66,No information,3913,26.8,13.2,49.9,0,49.9,93,25,1487,shot
joao-cancelo,https://www.sofascore.com/iceland-portugal/eUbsiUb#id:10752583,portugal,save,No information,corner,28.5,43.9,0,right-foot,low-centre,0,50.7,7,No information,No information,60,No information,3546,43.9,28.5,49.3,0,49.3,93,31,1854,shot
cristiano-ronaldo,https://www.sofascore.com/iceland-portugal/eUbsiUb#id:10752583,portugal,block,No information,corner,6.1,18.8,0,right-foot,low-right,0,46.6,16.7,No information,No information,59,No information,3511,18.8,6.1,53.4,0,53.4,83.3,32,1889,shot
bernardo-silva,https://www.sofascore.com/iceland-portugal/eUbsiUb#id:10752583,portugal,block,No information,assisted,10,65.1,0,left-foot,low-left,0,53.5,19,No information,No information,59,No information,3494,65.1,10,46.5,0,46.5,81,32,1906,shot
isak-bergmann-johannesson,https://www.sofascore.com/iceland-portugal/eUbsiUb#id:10752583,iceland,save,No information,assisted,27.3,42.1,0,left-foot,low-right,0,45.9,15.2,No information,No information,57,No information,3371,42.1,27.3,54.1,0,54.1,84.8,34,2029,shot
cristiano-ronaldo,https://www.sofascore.com/iceland-portugal/eUbsiUb#id:10752583,portugal,save,No information,assisted,9,49.7,0,head,low-left,0,51.9,16.5,No information,No information,51,No information,3050,49.7,9,48.1,0,48.1,83.5,40,2350,shot
jon-dagur-thorsteinsson,https://www.sofascore.com/iceland-portugal/eUbsiUb#id:10752583,iceland,miss,No information,set-piece,18.1,47.2,0,left-foot,close-left,0,58.8,22.2,No information,No information,50,No information,2955,47.2,18.1,41.2,0,41.2,77.8,41,2445,shot
bruno-fernandes,https://www.sofascore.com/iceland-portugal/eUbsiUb#id:10752583,portugal,miss,No information,fast-break,13.2,63.7,0,right-foot,left,0,61.3,12.5,No information,No information,49,No information,2888,63.7,13.2,38.7,0,38.7,87.5,42,2512,shot
cristiano-ronaldo,https://www.sofascore.com/iceland-portugal/eUbsiUb#id:10752583,portugal,miss,No information,assisted,30.2,43.9,0,right-foot,right,0,40.5,15.3,No information,No information,45,1,2731,43.9,30.2,59.5,0,59.5,84.7,1,2669,shot
ruben-dias,https://www.sofascore.com/iceland-portugal/eUbsiUb#id:10752583,portugal,save,No information,assisted,3.7,67.7,0,right-foot,low-left,0,52,19,No information,No information,45,No information,2668,67.7,3.7,48,0,48,81,1,32,shot
joao-cancelo,https://www.sofascore.com/iceland-portugal/eUbsiUb#id:10752583,portugal,miss,No information,assisted,25.6,50.8,0,left-foot,left,0,62.5,27.8,No information,No information,43,No information,2553,50.8,25.6,37.5,0,37.5,72.2,3,147,shot
ruben-dias,https://www.sofascore.com/iceland-portugal/eUbsiUb#id:10752583,portugal,miss,No information,corner,5,54.6,0,head,left,0,75.3,15.3,No information,No information,43,No information,2536,54.6,5,24.7,0,24.7,84.7,3,164,shot
cristiano-ronaldo,https://www.sofascore.com/iceland-portugal/eUbsiUb#id:10752583,portugal,miss,No information,assisted,23.6,74.6,0,left-foot,high-left,0,65,62.5,No information,No information,41,No information,2441,74.6,23.6,35,0,35,37.5,5,259,shot
bruno-fernandes,https://www.sofascore.com/iceland-portugal/eUbsiUb#id:10752583,portugal,goal,regular,assisted,15.5,73.3,0,right-foot,low-left,0,53.9,8.2,No information,No information,37,No information,2163,73.3,15.5,46.1,0,46.1,91.8,9,537,shot
joao-cancelo,https://www.sofascore.com/iceland-portugal/eUbsiUb#id:10752583,portugal,save,No information,assisted,27.3,46.2,0,left-foot,low-centre,0,49.1,5.1,No information,No information,34,No information,1995,46.2,27.3,50.9,0,50.9,94.9,12,705,shot
joao-mario,https://www.sofascore.com/iceland-portugal/eUbsiUb#id:10752583,portugal,miss,No information,regular,15.1,68,0,left-foot,left,0,90.3,15.3,No information,No information,33,No information,1957,68,15.1,9.7,0,9.7,84.7,13,743,shot
bruno-fernandes,https://www.sofascore.com/iceland-portugal/eUbsiUb#id:10752583,portugal,block,No information,assisted,17.9,30.1,0,right-foot,low-centre,0,48.4,19.4,No information,No information,30,No information,1743,30.1,17.9,51.6,0,51.6,80.6,16,957,shot
goncalo-inacio,https://www.sofascore.com/iceland-portugal/eUbsiUb#id:10752583,portugal,miss,No information,set-piece,8,49,0,head,close-left,0,59,27.8,No information,No information,25,No information,1482,49,8,41,0,41,72.2,21,1218,shot
bernardo-silva,https://www.sofascore.com/iceland-portugal/eUbsiUb#id:10752583,portugal,block,No information,assisted,11,68.2,0,left-foot,low-centre,0,50.3,19,No information,No information,22,No information,1284,68.2,11,49.7,0,49.7,81,24,1416,shot
cristiano-ronaldo,https://www.sofascore.com/iceland-portugal/eUbsiUb#id:10752583,portugal,save,No information,corner,8.6,49.8,0,head,high-centre,0,50.7,31.6,No information,No information,21,No information,1243,49.8,8.6,49.3,0,49.3,68.4,25,1457,shot
joao-felix,https://www.sofascore.com/iceland-portugal/eUbsiUb#id:10752583,portugal,save,No information,assisted,2.2,39.4,0,left-foot,low-left,0,53.9,0.6,No information,No information,21,No information,1202,39.4,2.2,46.1,0,46.1,99.4,25,1498,shot
arnor-sigurdsson,https://www.sofascore.com/iceland-portugal/eUbsiUb#id:10752583,iceland,miss,No information,assisted,15.2,32,0,right-foot,right,0,40.5,27.8,No information,No information,17,No information,1014,32,15.2,59.5,0,59.5,72.2,29,1686,shot
johann-gudmundsson,https://www.sofascore.com/iceland-portugal/eUbsiUb#id:10752583,iceland,block,No information,assisted,10.5,28.5,0,right-foot,low-left,0,52,19,No information,No information,14,No information,820,28.5,10.5,48,0,48,81,32,1880,shot
isak-bergmann-johannesson,https://www.sofascore.com/iceland-portugal/eUbsiUb#id:10752583,iceland,miss,No information,regular,39.9,71.3,0,right-foot,right,0,1.2,34.7,No information,No information,6,No information,339,71.3,39.9,98.8,0,98.8,65.3,40,2361,shot
arnor-sigurdsson,https://www.sofascore.com/iceland-portugal/eUbsiUb#id:10752583,iceland,save,No information,assisted,13.2,31.2,0,right-foot,low-left,0,52.7,3.8,No information,No information,5,No information,283,31.2,13.2,47.3,0,47.3,96.2,41,2417,shot
joao-felix,https://www.sofascore.com/iceland-portugal/eUbsiUb#id:10752583,portugal,save,No information,assisted,14.3,29.6,0,right-foot,low-centre,0,50.3,8.2,No information,No information,3,No information,172,29.6,14.3,49.7,0,49.7,91.8,43,2528,shot
cristiano-ronaldo,https://www.sofascore.com/iceland-portugal/eUbsiUb#id:10752583,portugal,miss,No information,assisted,10.1,52.2,0,head,high,0,45.5,72.2,No information,No information,2,No information,62,52.2,10.1,54.5,0,54.5,27.8,44,2638,shot

danilo-pereira,https://www.sofascore.com/portugal-luxembourg/DObseUb#id:10752396,portugal,miss,No information,set-piece,11.4,56,0,head,close-right,0,42.2,33.3,No information,No information,90,3,5529,56,11.4,57.8,0,57.8,66.7,1,771,shot
rafael-leao,https://www.sofascore.com/portugal-luxembourg/DObseUb#id:10752396,portugal,goal,regular,fast-break,15.1,50.6,0,right-foot,low-left,0,53.2,0.6,No information,No information,88,No information,5275,50.6,15.1,46.8,0,46.8,99.4,3,125,shot
ruben-dias,https://www.sofascore.com/portugal-luxembourg/DObseUb#id:10752396,portugal,block,No information,corner,4.7,50.7,0,right-foot,low-right,0,48,19,No information,No information,86,No information,5120,50.7,4.7,52,0,52,81,5,280,shot
rafael-leao,https://www.sofascore.com/portugal-luxembourg/DObseUb#id:10752396,portugal,save,No information,penalty,11.5,50,0,right-foot,low-left,0,52.9,14.6,No information,No information,85,No information,5076,50,11.5,47.1,0,47.1,85.4,6,324,shot
ruben-neves,https://www.sofascore.com/portugal-luxembourg/DObseUb#id:10752396,portugal,post,No information,free-kick,26.2,37.7,0,right-foot,high,0,44.8,39.9,No information,No information,83,No information,4946,37.7,26.2,55.2,0,55.2,60.1,8,454,shot
otavio,https://www.sofascore.com/portugal-luxembourg/DObseUb#id:10752396,portugal,goal,regular,assisted,8.3,51.8,0,head,high-left,0,54.6,24.1,No information,No information,77,No information,4594,51.8,8.3,45.4,0,45.4,75.9,14,806,shot
maxime-chanot,https://www.sofascore.com/portugal-luxembourg/DObseUb#id:10752396,luxembourg,miss,No information,corner,7,48.2,0,head,right,0,40.3,6.9,No information,No information,51,No information,3001,48.2,7,59.7,0,59.7,93.1,40,2399,shot
vincent-thill,https://www.sofascore.com/portugal-luxembourg/DObseUb#id:10752396,luxembourg,save,No information,assisted,12.2,31.2,0,left-foot,low-right,0,47.2,3.2,No information,No information,47,No information,2803,31.2,12.2,52.8,0,52.8,96.8,44,2597,shot
joao-felix,https://www.sofascore.com/portugal-luxembourg/DObseUb#id:10752396,portugal,miss,No information,assisted,20.7,39.2,0,right-foot,close-high,0,52.8,58.3,No information,No information,45,2,2795,39.2,20.7,47.2,0,47.2,41.7,1,2605,shot
cristiano-ronaldo,https://www.sofascore.com/portugal-luxembourg/DObseUb#id:10752396,portugal,block,No information,regular,12.5,66.8,0,right-foot,low-centre,0,49.4,19,No information,No information,45,No information,2681,66.8,12.5,50.6,0,50.6,81,1,19,shot
bruno-fernandes,https://www.sofascore.com/portugal-luxembourg/DObseUb#id:10752396,portugal,block,No information,set-piece,14.8,42.9,0,right-foot,low-centre,0,50.7,19,No information,No information,34,No information,2032,42.9,14.8,49.3,0,49.3,81,12,668,shot
diogo-dalot,https://www.sofascore.com/portugal-luxembourg/DObseUb#id:10752396,portugal,block,No information,set-piece,23.5,62.9,0,right-foot,low-centre,0,51,19,No information,No information,34,No information,2030,62.9,23.5,49,0,49,81,12,670,shot
cristiano-ronaldo,https://www.sofascore.com/portugal-luxembourg/DObseUb#id:10752396,portugal,goal,regular,assisted,10.2,42.1,0,left-foot,low-left,0,54.3,7.6,No information,No information,31,No information,1808,42.1,10.2,45.7,0,45.7,92.4,15,892,shot
bernardo-silva,https://www.sofascore.com/portugal-luxembourg/DObseUb#id:10752396,portugal,goal,regular,assisted,8.8,58.3,0,head,low-left,0,54.2,10.8,No information,No information,18,No information,1055,58.3,8.8,45.8,0,45.8,89.2,28,1645,shot
joao-felix,https://www.sofascore.com/portugal-luxembourg/DObseUb#id:10752396,portugal,goal,regular,assisted,4.3,47,0,head,low-centre,0,48.3,17.1,No information,No information,15,No information,879,47,4.3,51.7,0,51.7,82.9,31,1821,shot
cristiano-ronaldo,https://www.sofascore.com/portugal-luxembourg/DObseUb#id:10752396,portugal,goal,regular,assisted,3.5,49.1,0,left-foot,low-right,0,46.8,1.3,No information,No information,9,No information,502,49.1,3.5,53.2,0,53.2,98.7,37,2198,shot
gerson-rodrigues,https://www.sofascore.com/portugal-luxembourg/DObseUb#id:10752396,luxembourg,miss,No information,regular,25.9,41,0,right-foot,left,0,59.5,13.9,No information,No information,6,No information,357,41,25.9,40.5,0,40.5,86.1,40,2343,shot
vincent-thill,https://www.sofascore.com/portugal-luxembourg/DObseUb#id:10752396,luxembourg,block,No information,assisted,18.7,53.3,0,left-foot,low-centre,0,48.9,19,No information,No information,6,No information,354,53.3,18.7,51.1,0,51.1,81,40,2346,shot

diogo-jota,https://www.sofascore.com/portugal-switzerland/ZTbseUb#id:10024661,portugal,miss,No information,assisted,9.2,31.1,0,left-foot,right,0,35,22.2,No information,No information,90,4,5636,31.1,9.2,65,0,65,77.8,1,664,shot
pepe,https://www.sofascore.com/portugal-switzerland/ZTbseUb#id:10024661,portugal,miss,No information,assisted,2.7,60,0,right-foot,close-right,0,43,15.3,No information,No information,90,No information,5362,60,2.7,57,0,57,84.7,1,38,shot
bernardo-silva,https://www.sofascore.com/portugal-switzerland/ZTbseUb#id:10024661,portugal,save,No information,corner,23.2,55.4,0,left-foot,low-centre,0,49.8,3.2,No information,No information,89,No information,5297,55.4,23.2,50.2,0,50.2,96.8,2,103,shot
pepe,https://www.sofascore.com/portugal-switzerland/ZTbseUb#id:10024661,portugal,save,No information,regular,12.1,45.2,0,left-foot,low-centre,0,49.5,5.1,No information,No information,88,No information,5250,45.2,12.1,50.5,0,50.5,94.9,3,150,shot
steven-zuber,https://www.sofascore.com/portugal-switzerland/ZTbseUb#id:10024661,switzerland,save,No information,assisted,22.5,68.3,0,right-foot,high-left,0,52.6,27.8,No information,No information,88,No information,5223,68.3,22.5,47.4,0,47.4,72.2,3,177,shot
ricardo-horta,https://www.sofascore.com/portugal-switzerland/ZTbseUb#id:10024661,portugal,miss,No information,assisted,15.4,32,0,right-foot,close-right,0,41,4.2,No information,No information,86,No information,5108,32,15.4,59,0,59,95.8,5,292,shot
joao-cancelo,https://www.sofascore.com/portugal-switzerland/ZTbseUb#id:10024661,portugal,miss,No information,assisted,21.1,68,0,right-foot,close-high-left,0,57.1,51.4,No information,No information,79,No information,4689,68,21.1,42.9,0,42.9,48.6,12,711,shot
diogo-jota,https://www.sofascore.com/portugal-switzerland/ZTbseUb#id:10024661,portugal,save,No information,assisted,8.8,37.6,0,head,low-centre,0,49.1,8.9,No information,No information,78,No information,4630,37.6,8.8,50.9,0,50.9,91.1,13,770,shot
goncalo-guedes,https://www.sofascore.com/portugal-switzerland/ZTbseUb#id:10024661,portugal,miss,No information,assisted,21.8,65.3,0,right-foot,high-right,0,39,90.3,No information,No information,76,No information,4536,65.3,21.8,61,0,61,9.7,15,864,shot
diogo-jota,https://www.sofascore.com/portugal-switzerland/ZTbseUb#id:10024661,portugal,block,No information,corner,11,43.1,0,right-foot,low-centre,0,48.7,19,No information,No information,75,No information,4486,43.1,11,51.3,0,51.3,81,16,914,shot
diogo-jota,https://www.sofascore.com/portugal-switzerland/ZTbseUb#id:10024661,portugal,block,No information,corner,10.9,38.8,0,right-foot,low-centre,0,50.1,19,No information,No information,75,No information,4481,38.8,10.9,49.9,0,49.9,81,16,919,shot
renato-steffen,https://www.sofascore.com/portugal-switzerland/ZTbseUb#id:10024661,switzerland,miss,No information,assisted,15.2,72,0,left-foot,high-left,0,59.3,63.9,No information,No information,73,No information,4362,72,15.2,40.7,0,40.7,36.1,18,1038,shot
goncalo-guedes,https://www.sofascore.com/portugal-switzerland/ZTbseUb#id:10024661,portugal,save,No information,assisted,9.3,64.1,0,right-foot,low-right,0,48.1,13.3,No information,No information,72,No information,4261,64.1,9.3,51.9,0,51.9,86.7,19,1139,shot
ruben-neves,https://www.sofascore.com/portugal-switzerland/ZTbseUb#id:10024661,portugal,block,No information,regular,22.8,67.4,0,right-foot,low-left,0,52.3,19,No information,No information,68,No information,4077,67.4,22.8,47.7,0,47.7,81,23,1323,shot
bruno-fernandes,https://www.sofascore.com/portugal-switzerland/ZTbseUb#id:10024661,portugal,save,No information,free-kick,28.6,40.9,0,right-foot,low-centre,0,50.3,14.6,No information,No information,67,No information,3971,40.9,28.6,49.7,0,49.7,85.4,24,1429,shot
bernardo-silva,https://www.sofascore.com/portugal-switzerland/ZTbseUb#id:10024661,portugal,save,No information,assisted,23.7,62.9,0,left-foot,high-centre,0,50,27.8,No information,No information,63,No information,3738,62.9,23.7,50,0,50,72.2,28,1662,shot
haris-seferovic,https://www.sofascore.com/portugal-switzerland/ZTbseUb#id:10024661,switzerland,miss,No information,fast-break,9.2,35.9,0,left-foot,right,0,38.8,6.9,No information,No information,62,No information,3665,35.9,9.2,61.2,0,61.2,93.1,29,1735,shot
joao-cancelo,https://www.sofascore.com/portugal-switzerland/ZTbseUb#id:10024661,portugal,block,No information,assisted,22.4,65.3,0,left-foot,low-centre,0,48.7,19,No information,No information,61,No information,3654,65.3,22.4,51.3,0,51.3,81,30,1746,shot
goncalo-guedes,https://www.sofascore.com/portugal-switzerland/ZTbseUb#id:10024661,portugal,miss,No information,corner,26.8,53.9,0,right-foot,high-right,0,36.8,91.7,No information,No information,59,No information,3486,53.9,26.8,63.2,0,63.2,8.3,32,1914,shot
remo-freuler,https://www.sofascore.com/portugal-switzerland/ZTbseUb#id:10024661,switzerland,miss,No information,assisted,21.9,56.5,0,right-foot,left,0,60.5,4.2,No information,No information,50,No information,2943,56.5,21.9,39.5,0,39.5,95.8,41,2457,shot
andre-silva,https://www.sofascore.com/portugal-switzerland/ZTbseUb#id:10024661,portugal,save,No information,assisted,13.7,37.7,0,right-foot,low-centre,0,51.7,1.3,No information,No information,49,No information,2919,37.7,13.7,48.3,0,48.3,98.7,42,2481,shot
andre-silva,https://www.sofascore.com/portugal-switzerland/ZTbseUb#id:10024661,portugal,block,No information,assisted,12.2,38.6,0,right-foot,low-left,0,53,19,No information,No information,26,No information,1520,38.6,12.2,47,0,47,81,20,1180,shot
danilo-pereira,https://www.sofascore.com/portugal-switzerland/ZTbseUb#id:10024661,portugal,save,No information,corner,5.2,51.2,0,head,low-left,0,52,15.8,No information,No information,17,No information,1006,51.2,5.2,48,0,48,84.2,29,1694,shot
pepe,https://www.sofascore.com/portugal-switzerland/ZTbseUb#id:10024661,portugal,miss,No information,corner,5.9,43.7,0,head,left,0,61.7,8.3,No information,No information,5,No information,252,43.7,5.9,38.3,0,38.3,91.7,41,2448,shot
haris-seferovic,https://www.sofascore.com/portugal-switzerland/ZTbseUb#id:10024661,switzerland,goal,regular,assisted,7.1,48.5,0,head,low-left,0,54.5,5.7,No information,No information,1,No information,56,48.5,7.1,45.5,0,45.5,94.3,45,2644,shot

ricardo-horta,https://www.sofascore.com/liechtenstein-portugal/eUbsFWb#id:10752562,portugal,block,No information,assisted,7,59.2,0,right-foot,low-left,0,52.7,19,No information,No information,90,7,5795,59.2,7,47.3,0,47.3,81,1,505,shot
jens-hofer,https://www.sofascore.com/liechtenstein-portugal/eUbsFWb#id:10752562,liechtenstein,miss,No information,set-piece,9.7,31.4,0,head,high,0,50.4,70.8,No information,No information,90,6,5715,31.4,9.7,49.6,0,49.6,29.2,1,585,shot
vitinha,https://www.sofascore.com/liechtenstein-portugal/eUbsFWb#id:10752562,portugal,miss,No information,assisted,7.8,37.1,0,right-foot,high,0,47.9,70.8,No information,No information,90,4,5595,37.1,7.8,52.1,0,52.1,29.2,1,705,shot
maximilian-goppel,https://www.sofascore.com/liechtenstein-portugal/eUbsFWb#id:10752562,liechtenstein,miss,No information,assisted,25.6,25.4,0,left-foot,high-left,0,62.7,72.2,No information,No information,90,2,5461,25.4,25.6,37.3,0,37.3,27.8,1,839,shot
joao-neves,https://www.sofascore.com/liechtenstein-portugal/eUbsFWb#id:10752562,portugal,block,No information,regular,16.2,51,0,left-foot,low-right,0,47.8,19,No information,No information,89,No information,5339,51,16.2,52.2,0,52.2,81,2,61,shot
joao-cancelo,https://www.sofascore.com/liechtenstein-portugal/eUbsFWb#id:10752562,portugal,save,No information,assisted,20.4,71.9,0,left-foot,low-right,0,47.5,11.4,No information,No information,80,No information,4774,71.9,20.4,52.5,0,52.5,88.6,11,626,shot
joao-felix,https://www.sofascore.com/liechtenstein-portugal/eUbsFWb#id:10752562,portugal,miss,No information,regular,7.8,32.2,0,left-foot,right,0,38.2,2.8,No information,No information,79,No information,4717,32.2,7.8,61.8,0,61.8,97.2,12,683,shot
goncalo-ramos,https://www.sofascore.com/liechtenstein-portugal/eUbsFWb#id:10752562,portugal,miss,No information,corner,8,53.4,0,head,close-right,0,42,16.7,No information,No information,77,No information,4605,53.4,8,58,0,58,83.3,14,795,shot
joao-felix,https://www.sofascore.com/liechtenstein-portugal/eUbsFWb#id:10752562,portugal,miss,No information,assisted,21.7,46.7,0,right-foot,high,0,44.9,83.3,No information,No information,74,No information,4424,46.7,21.7,55.1,0,55.1,16.7,17,976,shot
dennis-salanovic,https://www.sofascore.com/liechtenstein-portugal/eUbsFWb#id:10752562,liechtenstein,miss,No information,assisted,20.5,67.6,0,right-foot,left,0,78.5,1.4,No information,No information,73,No information,4350,67.6,20.5,21.5,0,21.5,98.6,18,1050,shot
cristiano-ronaldo,https://www.sofascore.com/liechtenstein-portugal/eUbsFWb#id:10752562,portugal,miss,No information,regular,18,53.5,0,right-foot,right,0,37.3,16.7,No information,No information,63,No information,3747,53.5,18,62.7,0,62.7,83.3,28,1653,shot
dennis-salanovic,https://www.sofascore.com/liechtenstein-portugal/eUbsFWb#id:10752562,liechtenstein,save,No information,fast-break,9.4,41,0,right-foot,low-centre,0,50.8,7,No information,No information,61,No information,3608,41,9.4,49.2,0,49.2,93,30,1792,shot
cristiano-ronaldo,https://www.sofascore.com/liechtenstein-portugal/eUbsFWb#id:10752562,portugal,miss,No information,assisted,10.4,54,0,right-foot,high,0,48.7,81.9,No information,No information,59,No information,3521,54,10.4,51.3,0,51.3,18.1,32,1879,shot
joao-cancelo,https://www.sofascore.com/liechtenstein-portugal/eUbsFWb#id:10752562,portugal,goal,regular,assisted,5.7,70.9,0,left-foot,low-centre,0,51.6,19,No information,No information,57,No information,3395,70.9,5.7,48.4,0,48.4,81,34,2005,shot
joao-cancelo,https://www.sofascore.com/liechtenstein-portugal/eUbsFWb#id:10752562,portugal,block,No information,corner,14.5,66.7,0,left-foot,low-centre,0,49,19,No information,No information,56,No information,3348,66.7,14.5,51,0,51,81,35,2052,shot
joao-felix,https://www.sofascore.com/liechtenstein-portugal/eUbsFWb#id:10752562,portugal,block,No information,assisted,7.8,28.5,0,left-foot,low-centre,0,51.1,19,No information,No information,56,No information,3313,28.5,7.8,48.9,0,48.9,81,35,2087,shot
cristiano-ronaldo,https://www.sofascore.com/liechtenstein-portugal/eUbsFWb#id:10752562,portugal,block,No information,fast-break,22.2,37.5,0,right-foot,low-centre,0,51.4,19,No information,No information,51,No information,3034,37.5,22.2,48.6,0,48.6,81,40,2366,shot
cristiano-ronaldo,https://www.sofascore.com/liechtenstein-portugal/eUbsFWb#id:10752562,portugal,goal,regular,assisted,11.9,31.4,0,left-foot,high-centre,0,48.2,29.7,No information,No information,47,No information,2760,31.4,11.9,51.8,0,51.8,70.3,44,2640,shot
cristiano-ronaldo,https://www.sofascore.com/liechtenstein-portugal/eUbsFWb#id:10752562,portugal,block,No information,assisted,6.2,51.7,0,right-foot,low-centre,0,50.4,19,No information,No information,46,No information,2716,51.7,6.2,49.6,0,49.6,81,45,2684,shot
cristiano-ronaldo,https://www.sofascore.com/liechtenstein-portugal/eUbsFWb#id:10752562,portugal,save,No information,assisted,12.8,36.3,0,left-foot,low-centre,0,49.4,1.9,No information,No information,45,4,2938,36.3,12.8,50.6,0,50.6,98.1,1,2462,shot
cristiano-ronaldo,https://www.sofascore.com/liechtenstein-portugal/eUbsFWb#id:10752562,portugal,save,No information,assisted,12.4,34.9,0,right-foot,low-left,0,52.6,1.9,No information,No information,45,3,2837,34.9,12.4,47.4,0,47.4,98.1,1,2563,shot
cristiano-ronaldo,https://www.sofascore.com/liechtenstein-portugal/eUbsFWb#id:10752562,portugal,miss,No information,assisted,10.2,40.7,0,right-foot,close-left,0,58.5,16.7,No information,No information,45,2,2788,40.7,10.2,41.5,0,41.5,83.3,1,2612,shot
bruno-fernandes,https://www.sofascore.com/liechtenstein-portugal/eUbsFWb#id:10752562,portugal,save,No information,set-piece,26.4,27.6,0,right-foot,low-right,0,47.7,12.7,No information,No information,43,No information,2548,27.6,26.4,52.3,0,52.3,87.3,3,152,shot
joao-felix,https://www.sofascore.com/liechtenstein-portugal/eUbsFWb#id:10752562,portugal,miss,No information,assisted,8.6,31.5,0,left-foot,left,0,62.5,15.3,No information,No information,38,No information,2274,31.5,8.6,37.5,0,37.5,84.7,8,426,shot
goncalo-ramos,https://www.sofascore.com/liechtenstein-portugal/eUbsFWb#id:10752562,portugal,miss,No information,assisted,6.5,53.6,0,head,close-right,0,42.2,29.2,No information,No information,30,No information,1746,53.6,6.5,57.8,0,57.8,70.8,16,954,shot
cristiano-ronaldo,https://www.sofascore.com/liechtenstein-portugal/eUbsFWb#id:10752562,portugal,block,No information,set-piece,24.7,54.2,0,right-foot,low-right,0,47.4,19,No information,No information,25,No information,1461,54.2,24.7,52.6,0,52.6,81,21,1239,shot
cristiano-ronaldo,https://www.sofascore.com/liechtenstein-portugal/eUbsFWb#id:10752562,portugal,block,No information,free-kick,27.1,53.9,0,right-foot,low-centre,0,50,19,No information,No information,25,No information,1459,53.9,27.1,50,0,50,81,21,1241,shot
cristiano-ronaldo,https://www.sofascore.com/liechtenstein-portugal/eUbsFWb#id:10752562,portugal,block,No information,regular,11.7,44.5,0,right-foot,low-right,0,45.9,19,No information,No information,22,No information,1299,44.5,11.7,54.1,0,54.1,81,24,1401,shot
goncalo-ramos,https://www.sofascore.com/liechtenstein-portugal/eUbsFWb#id:10752562,portugal,miss,No information,corner,5,60,0,head,right,0,40,22.2,No information,No information,14,No information,830,60,5,60,0,60,77.8,32,1870,shot
ruben-neves,https://www.sofascore.com/liechtenstein-portugal/eUbsFWb#id:10752562,portugal,save,No information,set-piece,25.5,30.3,0,right-foot,low-centre,0,48.7,3.8,No information,No information,13,No information,750,30.3,25.5,51.3,0,51.3,96.2,33,1950,shot
cristiano-ronaldo,https://www.sofascore.com/liechtenstein-portugal/eUbsFWb#id:10752562,portugal,miss,No information,free-kick,13.7,81.2,0,right-foot,left,0,60.3,26.4,No information,No information,13,No information,741,81.2,13.7,39.7,0,39.7,73.6,33,1959,shot
joao-cancelo,https://www.sofascore.com/liechtenstein-portugal/eUbsFWb#id:10752562,portugal,block,No information,corner,15.6,66.3,0,right-foot,low-centre,0,49.9,19,No information,No information,11,No information,654,66.3,15.6,50.1,0,50.1,81,35,2046,shot
joao-cancelo,https://www.sofascore.com/liechtenstein-portugal/eUbsFWb#id:10752562,portugal,block,No information,assisted,21,48.5,0,right-foot,low-centre,0,51.1,19,No information,No information,11,No information,611,48.5,21,48.9,0,48.9,81,35,2089,shot
hasler-julien,https://www.sofascore.com/liechtenstein-portugal/eUbsFWb#id:10752562,liechtenstein,miss,No information,assisted,52.8,34.5,0,right-foot,right,0,6.7,16.7,No information,No information,4,No information,219,34.5,52.8,93.3,0,93.3,83.3,42,2481,shot

osman-bukari,https://www.sofascore.com/ghana-portugal/eUbsoVb#id:10230534,ghana,miss,No information,assisted,17.9,13.2,0,right-foot,close-high,0,52.4,44.4,No information,No information,90,8,5853,13.2,17.9,47.6,0,47.6,55.6,1,447,shot
rafael-leao,https://www.sofascore.com/ghana-portugal/eUbsoVb#id:10230534,portugal,block,No information,assisted,19.9,38,0,right-foot,low-right,0,45.9,18.1,No information,No information,90,6,5704,38,19.9,54.1,0,54.1,81.9,1,596,shot
mohammed-salisu,https://www.sofascore.com/ghana-portugal/eUbsoVb#id:10230534,ghana,miss,No information,assisted,12.4,45.2,0,head,left,0,69.7,12.5,No information,No information,90,2,5473,45.2,12.4,30.3,0,30.3,87.5,1,827,shot
osman-bukari,https://www.sofascore.com/ghana-portugal/eUbsoVb#id:10230534,ghana,goal,regular,regular,6.5,51.1,0,head,high-right,0,47.2,20.9,No information,No information,89,No information,5309,51.1,6.5,52.8,0,52.8,79.1,2,91,shot
rafael-leao,https://www.sofascore.com/ghana-portugal/eUbsoVb#id:10230534,portugal,goal,regular,fast-break,8.8,35,0,right-foot,low-right,0,46,3.2,No information,No information,80,No information,4762,35,8.8,54,0,54,96.8,11,638,shot
joao-felix,https://www.sofascore.com/ghana-portugal/eUbsoVb#id:10230534,portugal,goal,regular,assisted,12.7,68.2,0,right-foot,low-centre,0,51.8,8.9,No information,No information,78,No information,4627,68.2,12.7,48.2,0,48.2,91.1,13,773,shot
andre-ayew,https://www.sofascore.com/ghana-portugal/eUbsoVb#id:10230534,ghana,goal,regular,regular,3.6,49.7,0,right-foot,low-centre,0,50.2,17.1,No information,No information,73,No information,4331,49.7,3.6,49.8,0,49.8,82.9,18,1069,shot
mohammed-kudus,https://www.sofascore.com/ghana-portugal/eUbsoVb#id:10230534,ghana,save,No information,assisted,28.5,41.8,0,left-foot,high-centre,0,49,20.3,No information,No information,72,No information,4298,41.8,28.5,51,0,51,79.7,19,1102,shot
thomas-partey,https://www.sofascore.com/ghana-portugal/eUbsoVb#id:10230534,ghana,miss,No information,assisted,27,64.6,0,right-foot,high-right,0,42,94.4,No information,No information,69,No information,4081,64.6,27,58,0,58,5.6,22,1319,shot
inaki-williams,https://www.sofascore.com/ghana-portugal/eUbsoVb#id:10230534,ghana,block,No information,assisted,26.1,59.2,0,right-foot,low-centre,0,50.3,19,No information,No information,67,No information,3987,59.2,26.1,49.7,0,49.7,81,24,1413,shot
cristiano-ronaldo,https://www.sofascore.com/ghana-portugal/eUbsoVb#id:10230534,portugal,goal,penalty,penalty,11.5,50,0,right-foot,high-left,0,52.6,21.5,No information,No information,65,No information,3860,50,11.5,47.4,0,47.4,78.5,26,1540,shot
mohammed-kudus,https://www.sofascore.com/ghana-portugal/eUbsoVb#id:10230534,ghana,miss,No information,assisted,24.2,34.9,0,left-foot,close-right,0,41.7,4.2,No information,No information,55,No information,3273,34.9,24.2,58.3,0,58.3,95.8,36,2127,shot
alidu-seidu,https://www.sofascore.com/ghana-portugal/eUbsoVb#id:10230534,ghana,miss,No information,corner,27.9,57.2,0,left-foot,close-right,0,41.7,5.6,No information,No information,54,No information,3182,57.2,27.9,58.3,0,58.3,94.4,37,2218,shot
cristiano-ronaldo,https://www.sofascore.com/ghana-portugal/eUbsoVb#id:10230534,portugal,block,No information,assisted,8.8,29,0,left-foot,low-centre,0,51.1,19,No information,No information,42,No information,2476,29,8.8,48.9,0,48.9,81,4,224,shot
otavio,https://www.sofascore.com/ghana-portugal/eUbsoVb#id:10230534,portugal,save,No information,assisted,19.7,41.9,0,right-foot,low-centre,0,51.1,3.2,No information,No information,36,No information,2137,41.9,19.7,48.9,0,48.9,96.8,10,563,shot
joao-felix,https://www.sofascore.com/ghana-portugal/eUbsoVb#id:10230534,portugal,miss,No information,assisted,15.2,48.9,0,left-foot,high,0,54.6,84.7,No information,No information,28,No information,1651,48.9,15.2,45.4,0,45.4,15.3,18,1049,shot
cristiano-ronaldo,https://www.sofascore.com/ghana-portugal/eUbsoVb#id:10230534,portugal,miss,No information,corner,3,55.8,0,head,right,0,37.1,23.6,No information,No information,13,No information,746,55.8,3,62.9,0,62.9,76.4,33,1954,shot
cristiano-ronaldo,https://www.sofascore.com/ghana-portugal/eUbsoVb#id:10230534,portugal,save,No information,assisted,11,50.9,0,right-foot,low-centre,0,50.5,5.7,No information,No information,10,No information,567,50.9,11,49.5,0,49.5,94.3,36,2133,shot
ruben-neves,https://www.sofascore.com/ghana-portugal/eUbsoVb#id:10230534,portugal,block,No information,regular,20.4,46.7,0,right-foot,low-centre,0,50.2,19,No information,No information,6,No information,346,46.7,20.4,49.8,0,49.8,81,40,2354,shot
otavio,https://www.sofascore.com/ghana-portugal/eUbsoVb#id:10230534,portugal,miss,No information,corner,23.1,42.5,0,right-foot,left,0,65.4,11.1,No information,No information,5,No information,250,42.5,23.1,34.6,0,34.6,88.9,41,2450,shot

cristiano-ronaldo,https://www.sofascore.com/iceland-portugal/eUbsiUb#id:10752458,portugal,goal,regular,corner,2.8,56.9,0,right-foot,low-right,0,46.5,2.5,No information,No information,89,No information,5285,56.9,2.8,53.5,0,53.5,97.5,2,115,shot
raphael-guerreiro,https://www.sofascore.com/iceland-portugal/eUbsiUb#id:10752458,portugal,miss,No information,assisted,9.3,44.3,0,head,high,0,47.1,90.3,No information,No information,73,No information,4349,44.3,9.3,52.9,0,52.9,9.7,18,1051,shot
willum-thor-willumsson,https://www.sofascore.com/iceland-portugal/eUbsiUb#id:10752458,iceland,miss,No information,assisted,25.6,58.1,0,left-foot,close-right,0,41,20.8,No information,No information,72,No information,4266,58.1,25.6,59,0,59,79.2,19,1134,shot
hordur-magnusson,https://www.sofascore.com/iceland-portugal/eUbsiUb#id:10752458,iceland,block,No information,regular,12.4,26.2,0,right-foot,low-centre,0,50.6,18.1,No information,No information,65,No information,3841,26.2,12.4,49.4,0,49.4,81.9,26,1559,shot
bernardo-silva,https://www.sofascore.com/iceland-portugal/eUbsiUb#id:10752458,portugal,miss,No information,regular,11.9,61.2,0,left-foot,left,0,63.4,2.8,No information,No information,54,No information,3239,61.2,11.9,36.6,0,36.6,97.2,37,2161,shot
cristiano-ronaldo,https://www.sofascore.com/iceland-portugal/eUbsiUb#id:10752458,portugal,block,No information,corner,15.1,60.6,0,left-foot,low-centre,0,50.4,19,No information,No information,52,No information,3094,60.6,15.1,49.6,0,49.6,81,39,2306,shot
bernardo-silva,https://www.sofascore.com/iceland-portugal/eUbsiUb#id:10752458,portugal,block,No information,assisted,7.1,31.3,0,left-foot,low-right,0,45.5,19.4,No information,No information,52,No information,3068,31.3,7.1,54.5,0,54.5,80.6,39,2332,shot
cristiano-ronaldo,https://www.sofascore.com/iceland-portugal/eUbsiUb#id:10752458,portugal,miss,No information,corner,9.3,50.5,0,head,close-high,0,47.2,43.1,No information,No information,49,No information,2932,50.5,9.3,52.8,0,52.8,56.9,42,2468,shot
rafael-leao,https://www.sofascore.com/iceland-portugal/eUbsiUb#id:10752458,portugal,miss,No information,regular,23.4,58.8,0,right-foot,high-right,0,36,77.8,No information,No information,47,No information,2761,58.8,23.4,64,0,64,22.2,44,2639,shot
johann-gudmundsson,https://www.sofascore.com/iceland-portugal/eUbsiUb#id:10752458,iceland,miss,No information,throw-in-set-piece,19.5,40.8,0,left-foot,left,0,64.2,25,No information,No information,42,No information,2487,40.8,19.5,35.8,0,35.8,75,4,213,shot
diogo-dalot,https://www.sofascore.com/iceland-portugal/eUbsiUb#id:10752458,portugal,block,No information,assisted,12.4,67.8,0,left-foot,low-left,0,52.1,19,No information,No information,29,No information,1698,67.8,12.4,47.9,0,47.9,81,17,1002,shot
hordur-magnusson,https://www.sofascore.com/iceland-portugal/eUbsiUb#id:10752458,iceland,save,No information,set-piece,14,55.3,0,head,high-centre,0,48.2,30.4,No information,No information,28,No information,1646,55.3,14,51.8,0,51.8,69.6,18,1054,shot
jon-dagur-thorsteinsson,https://www.sofascore.com/iceland-portugal/eUbsiUb#id:10752458,iceland,miss,No information,corner,16.1,33.8,0,left-foot,high,0,50.3,86.1,No information,No information,26,No information,1510,33.8,16.1,49.7,0,49.7,13.9,20,1190,shot
victor-palsson,https://www.sofascore.com/iceland-portugal/eUbsiUb#id:10752458,iceland,miss,No information,assisted,8.5,53,0,right-foot,close-high-right,0,42.4,51.4,No information,No information,24,No information,1389,53,8.5,57.6,0,57.6,48.6,22,1311,shot
pepe,https://www.sofascore.com/iceland-portugal/eUbsiUb#id:10752458,portugal,save,No information,corner,9.5,52.6,0,head,low-left,0,53.8,19,No information,No information,16,No information,946,52.6,9.5,46.2,0,46.2,81,30,1754,shot
bruno-fernandes,https://www.sofascore.com/iceland-portugal/eUbsiUb#id:10752458,portugal,block,No information,assisted,2.7,39.4,0,left-foot,low-left,0,54.2,19,No information,No information,15,No information,841,39.4,2.7,45.8,0,45.8,81,31,1859,shot
alfred-finnbogason,https://www.sofascore.com/iceland-portugal/eUbsiUb#id:10752458,iceland,miss,No information,assisted,29.1,57.5,0,right-foot,close-left,0,57.6,1.4,No information,No information,13,No information,727,57.5,29.1,42.4,0,42.4,98.6,33,1973,shot
ruben-dias,https://www.sofascore.com/iceland-portugal/eUbsiUb#id:10752458,portugal,save,No information,corner,7.9,32.8,0,head,low-left,0,54.1,15.2,No information,No information,8,No information,424,32.8,7.9,45.9,0,45.9,84.8,38,2276,shot

joao-felix,https://www.sofascore.com/portugal-luxembourg/DObseUb#id:10752498,portugal,goal,regular,assisted,18.7,46.2,0,right-foot,high-right,0,45.8,22.2,No information,No information,88,No information,5243,46.2,18.7,54.2,0,54.2,77.8,3,157,shot
bruno-fernandes,https://www.sofascore.com/portugal-luxembourg/DObseUb#id:10752498,portugal,goal,regular,assisted,11.1,54,0,right-foot,low-right,0,48.1,1.9,No information,No information,83,No information,4971,54,11.1,51.9,0,51.9,98.1,8,429,shot
diogo-jota,https://www.sofascore.com/portugal-luxembourg/DObseUb#id:10752498,portugal,goal,regular,regular,13.2,46.2,0,right-foot,low-centre,0,51,15.8,No information,No information,77,No information,4611,46.2,13.2,49,0,49,84.2,14,789,shot
danel-sinani,https://www.sofascore.com/portugal-luxembourg/DObseUb#id:10752498,luxembourg,block,No information,corner,14.4,43.3,0,left-foot,low-centre,0,50.7,19,No information,No information,74,No information,4388,43.3,14.4,49.3,0,49.3,81,17,1012,shot
sebastien-thill,https://www.sofascore.com/portugal-luxembourg/DObseUb#id:10752498,luxembourg,block,No information,corner,19,53,0,left-foot,low-centre,0,50.3,19,No information,No information,73,No information,4356,53,19,49.7,0,49.7,81,18,1044,shot
ricardo-horta,https://www.sofascore.com/portugal-luxembourg/DObseUb#id:10752498,portugal,save,No information,assisted,11.3,63,0,right-foot,low-centre,0,49.6,14.6,No information,No information,71,No information,4226,63,11.3,50.4,0,50.4,85.4,20,1174,shot
vincent-thill,https://www.sofascore.com/portugal-luxembourg/DObseUb#id:10752498,luxembourg,miss,No information,assisted,14.2,42.1,0,left-foot,high,0,54.3,83.3,No information,No information,70,No information,4158,42.1,14.2,45.7,0,45.7,16.7,21,1242,shot
ricardo-horta,https://www.sofascore.com/portugal-luxembourg/DObseUb#id:10752498,portugal,goal,regular,assisted,16.9,65.8,0,right-foot,high-right,0,47.1,32.9,No information,No information,67,No information,3974,65.8,16.9,52.9,0,52.9,67.1,24,1426,shot
leandro-barreiro,https://www.sofascore.com/portugal-luxembourg/DObseUb#id:10752498,luxembourg,save,No information,assisted,11.1,64.5,0,right-foot,low-centre,0,51.1,2.5,No information,No information,62,No information,3674,64.5,11.1,48.9,0,48.9,97.5,29,1726,shot
diogo-jota,https://www.sofascore.com/portugal-luxembourg/DObseUb#id:10752498,portugal,goal,regular,assisted,15.3,54.5,0,right-foot,high-centre,0,50.3,30.4,No information,No information,57,No information,3413,54.5,15.3,49.7,0,49.7,69.6,34,1987,shot
danilo-pereira,https://www.sofascore.com/portugal-luxembourg/DObseUb#id:10752498,portugal,miss,No information,corner,27.1,52.7,0,left-foot,high-left,0,57.3,65.3,No information,No information,56,No information,3339,52.7,27.1,42.7,0,42.7,34.7,35,2061,shot
goncalo-inacio,https://www.sofascore.com/portugal-luxembourg/DObseUb#id:10752498,portugal,miss,No information,set-piece,8,57.8,0,head,high-right,0,37.3,54.2,No information,No information,53,No information,3171,57.8,8,62.7,0,62.7,45.8,38,2229,shot
goncalo-ramos,https://www.sofascore.com/portugal-luxembourg/DObseUb#id:10752498,portugal,miss,No information,assisted,10.9,55.4,0,left-foot,left,0,62.4,4.2,No information,No information,48,No information,2861,55.4,10.9,37.6,0,37.6,95.8,43,2539,shot
goncalo-inacio,https://www.sofascore.com/portugal-luxembourg/DObseUb#id:10752498,portugal,goal,regular,corner,7.1,50.6,0,head,low-centre,0,48.5,13.3,No information,No information,45,4,2885,50.6,7.1,51.5,0,51.5,86.7,1,2515,shot
bruno-fernandes,https://www.sofascore.com/portugal-luxembourg/DObseUb#id:10752498,portugal,block,No information,assisted,12.6,62.7,0,right-foot,low-right,0,48.1,19,No information,No information,45,3,2848,62.7,12.6,51.9,0,51.9,81,1,2552,shot
diogo-dalot,https://www.sofascore.com/portugal-luxembourg/DObseUb#id:10752498,portugal,block,No information,assisted,15.6,35.9,0,right-foot,low-centre,0,49.2,19,No information,No information,43,No information,2578,35.9,15.6,50.8,0,50.8,81,3,122,shot
diogo-jota,https://www.sofascore.com/portugal-luxembourg/DObseUb#id:10752498,portugal,miss,No information,assisted,9.1,52.8,0,head,right,0,40,15.3,No information,No information,36,No information,2148,52.8,9.1,60,0,60,84.7,10,552,shot
diogo-jota,https://www.sofascore.com/portugal-luxembourg/DObseUb#id:10752498,portugal,post,No information,regular,14.8,47.2,0,right-foot,high,0,48.6,39.9,No information,No information,35,No information,2053,47.2,14.8,51.4,0,51.4,60.1,11,647,shot
goncalo-ramos,https://www.sofascore.com/portugal-luxembourg/DObseUb#id:10752498,portugal,goal,regular,assisted,7,39.3,0,left-foot,low-left,0,52.2,2.5,No information,No information,34,No information,1980,39.3,7,47.8,0,47.8,97.5,12,720,shot
goncalo-inacio,https://www.sofascore.com/portugal-luxembourg/DObseUb#id:10752498,portugal,miss,No information,corner,8.3,55.9,0,head,left,0,62.4,13.9,No information,No information,32,No information,1912,55.9,8.3,37.6,0,37.6,86.1,14,788,shot
nelson-semedo,https://www.sofascore.com/portugal-luxembourg/DObseUb#id:10752498,portugal,block,No information,regular,13.3,60.9,0,right-foot,low-centre,0,49.9,19,No information,No information,32,No information,1882,60.9,13.3,50.1,0,50.1,81,14,818,shot
diogo-jota,https://www.sofascore.com/portugal-luxembourg/DObseUb#id:10752498,portugal,miss,No information,assisted,9.9,45.2,0,right-foot,left,0,59.3,20.8,No information,No information,30,No information,1763,45.2,9.9,40.7,0,40.7,79.2,16,937,shot
diogo-jota,https://www.sofascore.com/portugal-luxembourg/DObseUb#id:10752498,portugal,miss,No information,assisted,18.7,47.8,0,left-foot,high,0,51.6,94.4,No information,No information,29,No information,1715,47.8,18.7,48.4,0,48.4,5.6,17,985,shot
goncalo-ramos,https://www.sofascore.com/portugal-luxembourg/DObseUb#id:10752498,portugal,goal,regular,assisted,13.8,64.6,0,left-foot,low-right,0,46.8,1.3,No information,No information,18,No information,1021,64.6,13.8,53.2,0,53.2,98.7,28,1679,shot
goncalo-inacio,https://www.sofascore.com/portugal-luxembourg/DObseUb#id:10752498,portugal,goal,regular,corner,10,54.9,0,head,high-right,0,45.8,21.5,No information,No information,12,No information,711,54.9,10,54.2,0,54.2,78.5,34,1989,shot
goncalo-ramos,https://www.sofascore.com/portugal-luxembourg/DObseUb#id:10752498,portugal,miss,No information,corner,8,58.3,0,head,left,0,65.5,5.6,No information,No information,9,No information,523,58.3,8,34.5,0,34.5,94.4,37,2177,shot

cristiano-ronaldo,https://www.sofascore.com/portugal-ireland/TTbseUb#id:9223845,portugal,goal,regular,assisted,8.5,43.5,0,head,high-right,0,46.6,20.3,No information,No information,90,6,5721,43.5,8.5,53.4,0,53.4,79.7,1,579,shot
joao-mario,https://www.sofascore.com/portugal-ireland/TTbseUb#id:9223845,portugal,save,No information,assisted,22.8,49.9,0,left-foot,low-centre,0,49.9,6.3,No information,No information,90,5,5651,49.9,22.8,50.1,0,50.1,93.7,1,649,shot
diogo-jota,https://www.sofascore.com/portugal-ireland/TTbseUb#id:9223845,portugal,miss,No information,assisted,19.1,46.6,0,right-foot,high,0,46.1,80.6,No information,No information,90,2,5490,46.6,19.1,53.9,0,53.9,19.4,1,810,shot
james-mcclean,https://www.sofascore.com/portugal-ireland/TTbseUb#id:9223845,ireland,save,No information,regular,9.3,26.5,0,left-foot,low-left,0,54.5,14.6,No information,No information,90,No information,5385,26.5,9.3,45.5,0,45.5,85.4,1,15,shot
cristiano-ronaldo,https://www.sofascore.com/portugal-ireland/TTbseUb#id:9223845,portugal,goal,regular,assisted,9.1,50.5,0,head,low-right,0,46.7,7,No information,No information,89,No information,5318,50.5,9.1,53.3,0,53.3,93,2,82,shot
cristiano-ronaldo,https://www.sofascore.com/portugal-ireland/TTbseUb#id:9223845,portugal,save,No information,free-kick,22.1,54.6,0,right-foot,high-left,0,52.6,20.3,No information,No information,89,No information,5282,54.6,22.1,47.4,0,47.4,79.7,2,118,shot
joao-moutinho,https://www.sofascore.com/portugal-ireland/TTbseUb#id:9223845,portugal,block,No information,regular,25.1,54.6,0,right-foot,low-left,0,51.9,19,No information,No information,87,No information,5210,54.6,25.1,48.1,0,48.1,81,4,190,shot
joao-mario,https://www.sofascore.com/portugal-ireland/TTbseUb#id:9223845,portugal,block,No information,assisted,13.1,48.8,0,right-foot,low-left,0,53.3,19,No information,No information,87,No information,5206,48.8,13.1,46.7,0,46.7,81,4,194,shot
cristiano-ronaldo,https://www.sofascore.com/portugal-ireland/TTbseUb#id:9223845,portugal,miss,No information,assisted,20.9,74.4,0,left-foot,high,0,52.3,75,No information,No information,83,No information,4943,74.4,20.9,47.7,0,47.7,25,8,457,shot
andre-silva,https://www.sofascore.com/portugal-ireland/TTbseUb#id:9223845,portugal,miss,No information,regular,9.7,40.8,0,right-foot,high,0,51.1,90.3,No information,No information,82,No information,4879,40.8,9.7,48.9,0,48.9,9.7,9,521,shot
bernardo-silva,https://www.sofascore.com/portugal-ireland/TTbseUb#id:9223845,portugal,miss,No information,regular,8.7,55.7,0,left-foot,close-high,0,49.9,58.3,No information,No information,74,No information,4419,55.7,8.7,50.1,0,50.1,41.7,17,981,shot
bernardo-silva,https://www.sofascore.com/portugal-ireland/TTbseUb#id:9223845,portugal,block,No information,corner,9.1,64.3,0,right-foot,low-right,0,47.7,19,No information,No information,71,No information,4249,64.3,9.1,52.3,0,52.3,81,20,1151,shot
bernardo-silva,https://www.sofascore.com/portugal-ireland/TTbseUb#id:9223845,portugal,save,No information,assisted,19.9,70.1,0,left-foot,low-centre,0,50,7.6,No information,No information,67,No information,3960,70.1,19.9,50,0,50,92.4,24,1440,shot
cristiano-ronaldo,https://www.sofascore.com/portugal-ireland/TTbseUb#id:9223845,portugal,block,No information,corner,20.2,24.6,0,right-foot,low-centre,0,51.4,19,No information,No information,65,No information,3866,24.6,20.2,48.6,0,48.6,81,26,1534,shot
joao-cancelo,https://www.sofascore.com/portugal-ireland/TTbseUb#id:9223845,portugal,block,No information,assisted,11.1,66.4,0,right-foot,low-right,0,47.2,19,No information,No information,63,No information,3757,66.4,11.1,52.8,0,52.8,81,28,1643,shot
cristiano-ronaldo,https://www.sofascore.com/portugal-ireland/TTbseUb#id:9223845,portugal,miss,No information,corner,8,43,0,head,close-right,0,43.4,18.1,No information,No information,61,No information,3627,43,8,56.6,0,56.6,81.9,30,1773,shot
aaron-connolly,https://www.sofascore.com/portugal-ireland/TTbseUb#id:9223845,ireland,miss,No information,assisted,9.8,47.6,0,right-foot,close-right,0,41.3,15.3,No information,No information,59,No information,3528,47.6,9.8,58.7,0,58.7,84.7,32,1872,shot
cristiano-ronaldo,https://www.sofascore.com/portugal-ireland/TTbseUb#id:9223845,portugal,block,No information,assisted,25.1,28.3,0,right-foot,low-centre,0,50.8,19,No information,No information,59,No information,3510,28.3,25.1,49.2,0,49.2,81,32,1890,shot
bruno-fernandes,https://www.sofascore.com/portugal-ireland/TTbseUb#id:9223845,portugal,miss,No information,assisted,23.2,25.3,0,right-foot,close-right,0,43.5,20.8,No information,No information,55,No information,3271,25.3,23.2,56.5,0,56.5,79.2,36,2129,shot
bruno-fernandes,https://www.sofascore.com/portugal-ireland/TTbseUb#id:9223845,portugal,miss,No information,regular,14.8,51.8,0,right-foot,left,0,76.6,2.8,No information,No information,51,No information,3013,51.8,14.8,23.4,0,23.4,97.2,40,2387,shot
andre-silva,https://www.sofascore.com/portugal-ireland/TTbseUb#id:9223845,portugal,block,No information,assisted,9.1,58.5,0,right-foot,low-centre,0,50,19,No information,No information,50,No information,2994,58.5,9.1,50,0,50,81,41,2406,shot
joao-cancelo,https://www.sofascore.com/portugal-ireland/TTbseUb#id:9223845,portugal,block,No information,corner,28.9,53.8,0,right-foot,low-centre,0,50.5,19,No information,No information,48,No information,2872,53.8,28.9,49.5,0,49.5,81,43,2528,shot
raphael-guerreiro,https://www.sofascore.com/portugal-ireland/TTbseUb#id:9223845,portugal,block,No information,corner,15.4,38.2,0,left-foot,low-right,0,47.5,19,No information,No information,48,No information,2849,38.2,15.4,52.5,0,52.5,81,43,2551,shot
andre-silva,https://www.sofascore.com/portugal-ireland/TTbseUb#id:9223845,portugal,block,No information,corner,8.7,61.6,0,head,low-centre,0,49.3,19,No information,No information,48,No information,2824,61.6,8.7,50.7,0,50.7,81,43,2576,shot
diogo-jota,https://www.sofascore.com/portugal-ireland/TTbseUb#id:9223845,portugal,miss,No information,assisted,13.7,27.7,0,left-foot,close-right,0,42.4,1.4,No information,No information,45,4,2907,27.7,13.7,57.6,0,57.6,98.6,1,2493,shot
diogo-jota,https://www.sofascore.com/portugal-ireland/TTbseUb#id:9223845,portugal,save,No information,assisted,13.5,28.9,0,right-foot,low-centre,0,51.3,2.5,No information,No information,45,3,2860,28.9,13.5,48.7,0,48.7,97.5,1,2540,shot
john-egan,https://www.sofascore.com/portugal-ireland/TTbseUb#id:9223845,ireland,goal,regular,corner,4.3,42.3,0,head,low-right,0,47.4,7,No information,No information,45,No information,2690,42.3,4.3,52.6,0,52.6,93,1,10,shot
diogo-jota,https://www.sofascore.com/portugal-ireland/TTbseUb#id:9223845,portugal,block,No information,assisted,15.2,31.8,0,right-foot,low-centre,0,51.4,19,No information,No information,41,No information,2440,31.8,15.2,48.6,0,48.6,81,5,260,shot
aaron-connolly,https://www.sofascore.com/portugal-ireland/TTbseUb#id:9223845,ireland,miss,No information,assisted,24.1,39.8,0,right-foot,high-right,0,41,75,No information,No information,40,No information,2391,39.8,24.1,59,0,59,25,6,309,shot
bruno-fernandes,https://www.sofascore.com/portugal-ireland/TTbseUb#id:9223845,portugal,miss,No information,regular,17.8,42.3,0,right-foot,high-right,0,40.3,79.2,No information,No information,35,No information,2069,42.3,17.8,59.7,0,59.7,20.8,11,631,shot
diogo-jota,https://www.sofascore.com/portugal-ireland/TTbseUb#id:9223845,portugal,post,No information,assisted,4.8,46.6,0,head,left,0,55.4,24.7,No information,No information,28,No information,1626,46.6,4.8,44.6,0,44.6,75.3,18,1074,shot
aaron-connolly,https://www.sofascore.com/portugal-ireland/TTbseUb#id:9223845,ireland,miss,No information,assisted,13.4,34.5,0,left-foot,right,0,27.7,1.4,No information,No information,27,No information,1589,34.5,13.4,72.3,0,72.3,98.6,19,1111,shot
bernardo-silva,https://www.sofascore.com/portugal-ireland/TTbseUb#id:9223845,portugal,block,No information,regular,15.8,57.7,0,left-foot,low-left,0,52.5,19,No information,No information,26,No information,1524,57.7,15.8,47.5,0,47.5,81,20,1176,shot
aaron-connolly,https://www.sofascore.com/portugal-ireland/TTbseUb#id:9223845,ireland,miss,No information,corner,12.8,28.9,0,right-foot,high-right,0,41.5,81.9,No information,No information,25,No information,1482,28.9,12.8,58.5,0,58.5,18.1,21,1218,shot
cristiano-ronaldo,https://www.sofascore.com/portugal-ireland/TTbseUb#id:9223845,portugal,save,No information,penalty,11.5,50,0,right-foot,low-left,0,52.6,17.7,No information,No information,15,No information,875,50,11.5,47.4,0,47.4,82.3,31,1825,shot

laszlo-benes,https://www.sofascore.com/portugal-slovakia/XTbseUb#id:10752474,slovakia,block,No information,free-kick,28.9,52.2,0,left-foot,low-centre,0,51,19,No information,No information,90,No information,5390,52.2,28.9,49,0,49,81,1,10,shot
robert-bozenik,https://www.sofascore.com/portugal-slovakia/XTbseUb#id:10752474,slovakia,block,No information,assisted,19.2,46,0,right-foot,low-centre,0,50.2,19,No information,No information,88,No information,5257,46,19.2,49.8,0,49.8,81,3,143,shot
laszlo-benes,https://www.sofascore.com/portugal-slovakia/XTbseUb#id:10752474,slovakia,block,No information,assisted,16.1,30.1,0,left-foot,low-left,0,53,19,No information,No information,87,No information,5187,30.1,16.1,47,0,47,81,4,213,shot
cristiano-ronaldo,https://www.sofascore.com/portugal-slovakia/XTbseUb#id:10752474,portugal,save,No information,assisted,7.9,67.3,0,right-foot,low-right,0,47.3,6.3,No information,No information,76,No information,4536,67.3,7.9,52.7,0,52.7,93.7,15,864,shot
milan-skriniar,https://www.sofascore.com/portugal-slovakia/XTbseUb#id:10752474,slovakia,miss,No information,set-piece,6.4,44,0,head,high-left,0,57.3,63.9,No information,No information,72,No information,4316,44,6.4,42.7,0,42.7,36.1,19,1084,shot
cristiano-ronaldo,https://www.sofascore.com/portugal-slovakia/XTbseUb#id:10752474,portugal,miss,No information,assisted,19,54.3,0,right-foot,right,0,33.9,12.5,No information,No information,70,No information,4158,54.3,19,66.1,0,66.1,87.5,21,1242,shot
cristiano-ronaldo,https://www.sofascore.com/portugal-slovakia/XTbseUb#id:10752474,portugal,save,No information,assisted,17,26.8,0,right-foot,low-left,0,52.9,19,No information,No information,67,No information,4011,26.8,17,47.1,0,47.1,81,24,1389,shot
cristiano-ronaldo,https://www.sofascore.com/portugal-slovakia/XTbseUb#id:10752474,portugal,save,No information,corner,11.5,53.7,0,head,low-left,0,54,14.6,No information,No information,65,No information,3861,53.7,11.5,46,0,46,85.4,26,1539,shot
ivan-schranz,https://www.sofascore.com/portugal-slovakia/XTbseUb#id:10752474,slovakia,miss,No information,assisted,8.8,36.9,0,left-foot,right,0,38.2,8.3,No information,No information,56,No information,3311,36.9,8.8,61.8,0,61.8,91.7,35,2089,shot
rafael-leao,https://www.sofascore.com/portugal-slovakia/XTbseUb#id:10752474,portugal,block,No information,fast-break,11.4,69.4,0,right-foot,low-centre,0,48.9,19,No information,No information,54,No information,3191,69.4,11.4,51.1,0,51.1,81,37,2209,shot
peter-pekarik,https://www.sofascore.com/portugal-slovakia/XTbseUb#id:10752474,slovakia,save,No information,assisted,17.7,70.9,0,right-foot,high-centre,0,48.5,27.8,No information,No information,52,No information,3106,70.9,17.7,51.5,0,51.5,72.2,39,2294,shot
joao-cancelo,https://www.sofascore.com/portugal-slovakia/XTbseUb#id:10752474,portugal,save,No information,assisted,20.4,50.7,0,right-foot,low-right,0,47.8,3.8,No information,No information,50,No information,2996,50.7,20.4,52.2,0,52.2,96.2,41,2404,shot
bernardo-silva,https://www.sofascore.com/portugal-slovakia/XTbseUb#id:10752474,portugal,save,No information,regular,30.9,73.6,0,left-foot,low-centre,0,51,1.9,No information,No information,45,3,2839,73.6,30.9,49,0,49,98.1,1,2561,shot
cristiano-ronaldo,https://www.sofascore.com/portugal-slovakia/XTbseUb#id:10752474,portugal,miss,No information,set-piece,9.5,47.6,0,head,high,0,55.8,69.4,No information,No information,45,1,2745,47.6,9.5,44.2,0,44.2,30.6,1,2655,shot
bruno-fernandes,https://www.sofascore.com/portugal-slovakia/XTbseUb#id:10752474,portugal,goal,regular,assisted,11.5,72.5,0,right-foot,low-left,0,52.9,1.9,No information,No information,43,No information,2537,72.5,11.5,47.1,0,47.1,98.1,3,163,shot
lukas-haraslin,https://www.sofascore.com/portugal-slovakia/XTbseUb#id:10752474,slovakia,post,No information,assisted,14.2,64.5,0,right-foot,right,0,44.5,13.9,No information,No information,42,No information,2462,64.5,14.2,55.5,0,55.5,86.1,4,238,shot
bruno-fernandes,https://www.sofascore.com/portugal-slovakia/XTbseUb#id:10752474,portugal,save,No information,assisted,11.5,46,0,right-foot,low-left,0,52.1,1.9,No information,No information,17,No information,966,46,11.5,47.9,0,47.9,98.1,29,1734,shot
cristiano-ronaldo,https://www.sofascore.com/portugal-slovakia/XTbseUb#id:10752474,portugal,miss,No information,regular,11.5,71.4,0,right-foot,right,0,40.7,11.1,No information,No information,16,No information,913,71.4,11.5,59.3,0,59.3,88.9,30,1787,shot
lukas-haraslin,https://www.sofascore.com/portugal-slovakia/XTbseUb#id:10752474,slovakia,block,No information,regular,11.4,36.7,0,right-foot,low-left,0,53.1,19,No information,No information,13,No information,754,36.7,11.4,46.9,0,46.9,81,33,1946,shot
robert-polievka,https://www.sofascore.com/portugal-slovakia/XTbseUb#id:10752474,slovakia,save,No information,assisted,14.8,56,0,right-foot,low-centre,0,49.5,15.8,No information,No information,11,No information,624,56,14.8,50.5,0,50.5,84.2,35,2076,shot
juraj-kucka,https://www.sofascore.com/portugal-slovakia/XTbseUb#id:10752474,slovakia,miss,No information,assisted,27.4,51,0,left-foot,high-left,0,59.5,87.5,No information,No information,10,No information,569,51,27.4,40.5,0,40.5,12.5,36,2131,shot
vitinha,https://www.sofascore.com/portugal-slovakia/XTbseUb#id:10752474,portugal,miss,No information,assisted,14.8,46.6,0,right-foot,left,0,64.7,9.7,No information,No information,1,No information,45,46.6,14.8,35.3,0,35.3,90.3,45,2655,shot

cristiano-ronaldo,https://www.sofascore.com/portugal-ireland/TTbseUb#id:9223924,portugal,save,No information,regular,2.6,67.6,0,right-foot,low-right,0,46.1,13.3,No information,No information,90,6,5712,67.6,2.6,53.9,0,53.9,86.7,1,588,shot
matt-doherty,https://www.sofascore.com/portugal-ireland/TTbseUb#id:9223924,ireland,block,No information,assisted,9,54,0,head,low-centre,0,50.9,19,No information,No information,90,4,5596,54,9,49.1,0,49.1,81,1,704,shot
matt-doherty,https://www.sofascore.com/portugal-ireland/TTbseUb#id:9223924,ireland,block,No information,assisted,18.8,60.2,0,right-foot,low-centre,0,51.6,19,No information,No information,86,No information,5119,60.2,18.8,48.4,0,48.4,81,5,281,shot
adam-idah,https://www.sofascore.com/portugal-ireland/TTbseUb#id:9223924,ireland,miss,No information,assisted,13.1,47.5,0,head,close-left,0,58.3,18.1,No information,No information,86,No information,5115,47.5,13.1,41.7,0,41.7,81.9,5,285,shot
callum-robinson,https://www.sofascore.com/portugal-ireland/TTbseUb#id:9223924,ireland,block,No information,regular,25.3,67.3,0,right-foot,low-right,0,46.6,19,No information,No information,85,No information,5086,67.3,25.3,53.4,0,53.4,81,6,314,shot
cristiano-ronaldo,https://www.sofascore.com/portugal-ireland/TTbseUb#id:9223924,portugal,miss,No information,assisted,15.5,25.5,0,right-foot,close-right,0,41.7,27.8,No information,No information,79,No information,4707,25.5,15.5,58.3,0,58.3,72.2,12,693,shot
enda-stevens,https://www.sofascore.com/portugal-ireland/TTbseUb#id:9223924,ireland,miss,No information,assisted,12.5,55.9,0,right-foot,high,0,51.3,69.4,No information,No information,76,No information,4521,55.9,12.5,48.7,0,48.7,30.6,15,879,shot
andre-silva,https://www.sofascore.com/portugal-ireland/TTbseUb#id:9223924,portugal,block,No information,assisted,9,45.5,0,head,low-right,0,47.7,12.5,No information,No information,74,No information,4426,45.5,9,52.3,0,52.3,87.5,17,974,shot
matt-doherty,https://www.sofascore.com/portugal-ireland/TTbseUb#id:9223924,ireland,miss,No information,set-piece,13.1,58.6,0,head,left,0,70.9,1.4,No information,No information,71,No information,4239,58.6,13.1,29.1,0,29.1,98.6,20,1161,shot
cristiano-ronaldo,https://www.sofascore.com/portugal-ireland/TTbseUb#id:9223924,portugal,miss,No information,assisted,8.6,50.9,0,head,close-left,0,56.6,19.4,No information,No information,67,No information,4000,50.9,8.6,43.4,0,43.4,80.6,24,1400,shot
joao-moutinho,https://www.sofascore.com/portugal-ireland/TTbseUb#id:9223924,portugal,save,No information,assisted,30.3,50.7,0,right-foot,low-right,0,47.4,12.7,No information,No information,59,No information,3505,50.7,30.3,52.6,0,52.6,87.3,32,1895,shot
cristiano-ronaldo,https://www.sofascore.com/portugal-ireland/TTbseUb#id:9223924,portugal,block,No information,free-kick,23.8,24.4,0,right-foot,low-centre,0,49.9,19,No information,No information,55,No information,3291,24.4,23.8,50.1,0,50.1,81,36,2109,shot
cullen-josh,https://www.sofascore.com/portugal-ireland/TTbseUb#id:9223924,ireland,save,No information,assisted,20.9,48.2,0,right-foot,low-right,0,46.4,3.8,No information,No information,54,No information,3200,48.2,20.9,53.6,0,53.6,96.2,37,2200,shot
ogbene-chiedozie,https://www.sofascore.com/portugal-ireland/TTbseUb#id:9223924,ireland,miss,No information,set-piece,4,44.3,0,head,high-left,0,56.1,62.5,No information,No information,44,No information,2608,44.3,4,43.9,0,43.9,37.5,2,92,shot
matheus-nunes,https://www.sofascore.com/portugal-ireland/TTbseUb#id:9223924,portugal,block,No information,throw-in-set-piece,16.3,30.9,0,right-foot,low-centre,0,50.7,19,No information,No information,36,No information,2103,30.9,16.3,49.3,0,49.3,81,10,597,shot
callum-robinson,https://www.sofascore.com/portugal-ireland/TTbseUb#id:9223924,ireland,miss,No information,assisted,26.2,50.9,0,right-foot,right,0,40.3,30.6,No information,No information,35,No information,2044,50.9,26.2,59.7,0,59.7,69.4,11,656,shot
john-egan,https://www.sofascore.com/portugal-ireland/TTbseUb#id:9223924,ireland,miss,No information,corner,7.7,50.9,0,head,high,0,46.7,66.7,No information,No information,33,No information,1934,50.9,7.7,53.3,0,53.3,33.3,13,766,shot
callum-robinson,https://www.sofascore.com/portugal-ireland/TTbseUb#id:9223924,ireland,save,No information,assisted,14.8,17.1,0,right-foot,low-right,0,46.1,12,No information,No information,26,No information,1554,17.1,14.8,53.9,0,53.9,88,20,1146,shot
andre-silva,https://www.sofascore.com/portugal-ireland/TTbseUb#id:9223924,portugal,miss,No information,assisted,25,47.5,0,right-foot,high-right,0,29.2,70.8,No information,No information,21,No information,1218,47.5,25,70.8,0,70.8,29.2,25,1482,shot
bruno-fernandes,https://www.sofascore.com/portugal-ireland/TTbseUb#id:9223924,portugal,block,No information,assisted,28.3,44.9,0,right-foot,low-centre,0,49.4,19,No information,No information,18,No information,1048,44.9,28.3,50.6,0,50.6,81,28,1652,shot
cristiano-ronaldo,https://www.sofascore.com/portugal-ireland/TTbseUb#id:9223924,portugal,block,No information,assisted,15,53.6,0,right-foot,low-centre,0,50.6,19,No information,No information,17,No information,996,53.6,15,49.4,0,49.4,81,29,1704,shot
andre-silva,https://www.sofascore.com/portugal-ireland/TTbseUb#id:9223924,portugal,save,No information,set-piece,3.8,31.6,0,left-foot,high-left,0,54.4,20.9,No information,No information,13,No information,766,31.6,3.8,45.6,0,45.6,79.1,33,1934,shot
goncalo-guedes,https://www.sofascore.com/portugal-ireland/TTbseUb#id:9223924,portugal,block,No information,corner,9.2,36.1,0,right-foot,low-left,0,52.3,19,No information,No information,8,No information,477,36.1,9.2,47.7,0,47.7,81,38,2223,shot
shane-duffy,https://www.sofascore.com/portugal-ireland/TTbseUb#id:9223924,ireland,block,No information,corner,12.8,40.6,0,head,low-left,0,52.3,19,No information,No information,6,No information,316,40.6,12.8,47.7,0,47.7,81,40,2384,shot

joao-palhinha,https://www.sofascore.com/portugal-luxembourg/DObseUb#id:9223772,portugal,goal,regular,corner,3.9,45.3,0,head,high-right,0,47.4,21.5,No information,No information,80,No information,4779,45.3,3.9,52.6,0,52.6,78.5,11,621,shot
cristiano-ronaldo,https://www.sofascore.com/portugal-luxembourg/DObseUb#id:9223772,portugal,save,No information,regular,11.2,48.2,0,right-foot,low-centre,0,48.7,2.5,No information,No information,78,No information,4628,48.2,11.2,51.3,0,51.3,97.5,13,772,shot
cristiano-ronaldo,https://www.sofascore.com/portugal-luxembourg/DObseUb#id:9223772,portugal,save,No information,regular,14.2,51.9,0,right-foot,low-left,0,52.9,13.3,No information,No information,78,No information,4627,51.9,14.2,47.1,0,47.1,86.7,13,773,shot
leandro-barreiro,https://www.sofascore.com/portugal-luxembourg/DObseUb#id:9223772,luxembourg,miss,No information,corner,23.1,31.6,0,left-foot,right,0,32.8,11.1,No information,No information,71,No information,4240,31.6,23.1,67.2,0,67.2,88.9,20,1160,shot
danel-sinani,https://www.sofascore.com/portugal-luxembourg/DObseUb#id:9223772,luxembourg,block,No information,corner,14.5,43.9,0,left-foot,low-centre,0,50.8,19,No information,No information,71,No information,4232,43.9,14.5,49.2,0,49.2,81,20,1168,shot
gerson-rodrigues,https://www.sofascore.com/portugal-luxembourg/DObseUb#id:9223772,luxembourg,block,No information,assisted,24.8,57.9,0,right-foot,low-centre,0,51.7,19,No information,No information,66,No information,3924,57.9,24.8,48.3,0,48.3,81,25,1476,shot
ruben-neves,https://www.sofascore.com/portugal-luxembourg/DObseUb#id:9223772,portugal,miss,No information,regular,25.5,67.8,0,right-foot,high-right,0,39.7,86.1,No information,No information,62,No information,3691,67.8,25.5,60.3,0,60.3,13.9,29,1709,shot
diogo-jota,https://www.sofascore.com/portugal-luxembourg/DObseUb#id:9223772,portugal,post,No information,corner,7.2,43,0,head,high,0,47.1,39.2,No information,No information,59,No information,3484,43,7.2,52.9,0,52.9,60.8,32,1916,shot
pedro-neto,https://www.sofascore.com/portugal-luxembourg/DObseUb#id:9223772,portugal,block,No information,assisted,20.9,63.2,0,left-foot,low-right,0,47.7,19,No information,No information,57,No information,3404,63.2,20.9,52.3,0,52.3,81,34,1996,shot
gerson-rodrigues,https://www.sofascore.com/portugal-luxembourg/DObseUb#id:9223772,luxembourg,miss,No information,fast-break,11.9,27.7,0,right-foot,close-left,0,57,19.4,No information,No information,54,No information,3211,27.7,11.9,43,0,43,80.6,37,2189,shot
nuno-mendes,https://www.sofascore.com/portugal-luxembourg/DObseUb#id:9223772,portugal,save,No information,assisted,7.7,31.1,0,left-foot,low-centre,0,48.5,10.1,No information,No information,52,No information,3093,31.1,7.7,51.5,0,51.5,89.9,39,2307,shot
cristiano-ronaldo,https://www.sofascore.com/portugal-luxembourg/DObseUb#id:9223772,portugal,goal,regular,assisted,7.4,48.4,0,right-foot,low-right,0,48,11.4,No information,No information,50,No information,2999,48.4,7.4,52,0,52,88.6,41,2401,shot
renato-sanches,https://www.sofascore.com/portugal-luxembourg/DObseUb#id:9223772,portugal,block,No information,assisted,13.4,35.5,0,left-foot,low-centre,0,50.4,19,No information,No information,47,No information,2766,35.5,13.4,49.6,0,49.6,81,44,2634,shot
diogo-jota,https://www.sofascore.com/portugal-luxembourg/DObseUb#id:9223772,portugal,goal,regular,corner,5.1,49.8,0,head,high-left,0,53.7,29.1,No information,No information,45,2,2764,49.8,5.1,46.3,0,46.3,70.9,1,2636,shot
diogo-jota,https://www.sofascore.com/portugal-luxembourg/DObseUb#id:9223772,portugal,block,No information,assisted,14.3,30.8,0,right-foot,low-centre,0,49.7,19,No information,No information,45,1,2727,30.8,14.3,50.3,0,50.3,81,1,2673,shot
cristiano-ronaldo,https://www.sofascore.com/portugal-luxembourg/DObseUb#id:9223772,portugal,miss,No information,assisted,8.6,53.7,0,head,high,0,53.4,83.3,No information,No information,45,No information,2665,53.7,8.6,46.6,0,46.6,16.7,1,35,shot
ruben-dias,https://www.sofascore.com/portugal-luxembourg/DObseUb#id:9223772,portugal,save,No information,corner,4.9,55.1,0,head,high-right,0,47.6,24.7,No information,No information,44,No information,2585,55.1,4.9,52.4,0,52.4,75.3,2,115,shot
renato-sanches,https://www.sofascore.com/portugal-luxembourg/DObseUb#id:9223772,portugal,save,No information,assisted,26,35.3,0,right-foot,high-left,0,52.3,31.6,No information,No information,43,No information,2553,35.3,26,47.7,0,47.7,68.4,3,147,shot
joao-felix,https://www.sofascore.com/portugal-luxembourg/DObseUb#id:9223772,portugal,block,No information,corner,8.9,30.2,0,right-foot,low-left,0,54,19,No information,No information,37,No information,2181,30.2,8.9,46,0,46,81,9,519,shot
bernardo-silva,https://www.sofascore.com/portugal-luxembourg/DObseUb#id:9223772,portugal,save,No information,assisted,23.8,64.2,0,left-foot,low-left,0,53.7,8.2,No information,No information,36,No information,2114,64.2,23.8,46.3,0,46.3,91.8,10,586,shot
joao-cancelo,https://www.sofascore.com/portugal-luxembourg/DObseUb#id:9223772,portugal,miss,No information,regular,13.2,73.8,0,right-foot,left,0,96.6,2.8,No information,No information,36,No information,2101,73.8,13.2,3.4,0,3.4,97.2,10,599,shot
cristiano-ronaldo,https://www.sofascore.com/portugal-luxembourg/DObseUb#id:9223772,portugal,block,No information,assisted,25.5,37.6,0,left-foot,low-left,0,52.6,19,No information,No information,35,No information,2056,37.6,25.5,47.4,0,47.4,81,11,644,shot
gerson-rodrigues,https://www.sofascore.com/portugal-luxembourg/DObseUb#id:9223772,luxembourg,goal,regular,corner,8,50.1,0,head,low-left,0,54.3,12,No information,No information,30,No information,1774,50.1,8,45.7,0,45.7,88,16,926,shot
renato-sanches,https://www.sofascore.com/portugal-luxembourg/DObseUb#id:9223772,portugal,save,No information,assisted,19.8,43.9,0,right-foot,low-left,0,52.9,3.8,No information,No information,29,No information,1702,43.9,19.8,47.1,0,47.1,96.2,17,998,shot
cristiano-ronaldo,https://www.sofascore.com/portugal-luxembourg/DObseUb#id:9223772,portugal,save,No information,free-kick,12.5,18.8,0,right-foot,low-centre,0,50.6,16.5,No information,No information,24,No information,1415,18.8,12.5,49.4,0,49.4,83.5,22,1285,shot
danel-sinani,https://www.sofascore.com/portugal-luxembourg/DObseUb#id:9223772,luxembourg,block,No information,assisted,13.5,44.2,0,left-foot,low-centre,0,48.6,19,No information,No information,14,No information,829,44.2,13.5,51.4,0,51.4,81,32,1871,shot

hee-chan-hwang,https://www.sofascore.com/south-korea-portugal/eUbsKUb#id:10230544,south korea,goal,regular,fast-break,10.7,55.3,0,right-foot,low-left,0,52.1,8.9,No information,No information,90,1,5428,55.3,10.7,47.9,0,47.9,91.1,1,872,shot
joao-cancelo,https://www.sofascore.com/south-korea-portugal/eUbsKUb#id:10230544,portugal,block,No information,assisted,8.6,27.1,0,left-foot,low-right,0,45.8,19,No information,No information,90,No information,5380,27.1,8.6,54.2,0,54.2,81,1,20,shot
gue-sung-cho,https://www.sofascore.com/south-korea-portugal/eUbsKUb#id:10230544,south korea,block,No information,corner,8.3,52.4,0,head,low-centre,0,51.3,18.1,No information,No information,86,No information,5108,52.4,8.3,48.7,0,48.7,81.9,5,292,shot
joao-palhinha,https://www.sofascore.com/south-korea-portugal/eUbsKUb#id:10230544,portugal,block,No information,regular,28.9,51.1,0,right-foot,low-centre,0,51.6,19,No information,No information,81,No information,4814,51.1,28.9,48.4,0,48.4,81,10,586,shot
kang-in-lee,https://www.sofascore.com/south-korea-portugal/eUbsKUb#id:10230544,south korea,miss,No information,free-kick,26.5,63.6,0,left-foot,high-right,0,43.7,72.2,No information,No information,74,No information,4405,63.6,26.5,56.3,0,56.3,27.8,17,995,shot
rafael-leao,https://www.sofascore.com/south-korea-portugal/eUbsKUb#id:10230544,portugal,miss,No information,fast-break,23,71.7,0,right-foot,left,0,63,4.2,No information,No information,72,No information,4282,71.7,23,37,0,37,95.8,19,1118,shot
heung-min-son,https://www.sofascore.com/south-korea-portugal/eUbsKUb#id:10230544,south korea,block,No information,assisted,8.3,67.8,0,right-foot,low-left,0,52.2,19,No information,No information,70,No information,4189,67.8,8.3,47.8,0,47.8,81,21,1211,shot
in-beom-hwang,https://www.sofascore.com/south-korea-portugal/eUbsKUb#id:10230544,south korea,save,No information,assisted,21.1,42.9,0,left-foot,high-centre,0,50.1,20.3,No information,No information,67,No information,3990,42.9,21.1,49.9,0,49.9,79.7,24,1410,shot
heung-min-son,https://www.sofascore.com/south-korea-portugal/eUbsKUb#id:10230544,south korea,save,No information,assisted,21.4,59,0,left-foot,high-centre,0,49.4,22.8,No information,No information,66,No information,3934,59,21.4,50.6,0,50.6,77.2,25,1466,shot
jae-sung-lee,https://www.sofascore.com/south-korea-portugal/eUbsKUb#id:10230544,south korea,miss,No information,corner,23.4,62.7,0,left-foot,right,0,37.3,18.1,No information,No information,57,No information,3372,62.7,23.4,62.7,0,62.7,81.9,34,2028,shot
heung-min-son,https://www.sofascore.com/south-korea-portugal/eUbsKUb#id:10230544,south korea,block,No information,assisted,12.9,72.3,0,right-foot,low-centre,0,49.2,19,No information,No information,56,No information,3333,72.3,12.9,50.8,0,50.8,81,35,2067,shot
ricardo-horta,https://www.sofascore.com/south-korea-portugal/eUbsKUb#id:10230544,portugal,block,No information,regular,16.5,55.3,0,right-foot,low-centre,0,51.3,19,No information,No information,45,2,2775,55.3,16.5,48.7,0,48.7,81,1,2625,shot
ricardo-horta,https://www.sofascore.com/south-korea-portugal/eUbsKUb#id:10230544,portugal,save,No information,assisted,13.8,54.8,0,left-foot,low-right,0,47.6,4.4,No information,No information,44,No information,2619,54.8,13.8,52.4,0,52.4,95.6,2,81,shot
cristiano-ronaldo,https://www.sofascore.com/south-korea-portugal/eUbsKUb#id:10230544,portugal,miss,No information,regular,7.8,43.7,0,head,left,0,61,16.7,No information,No information,42,No information,2499,43.7,7.8,39,0,39,83.3,4,201,shot
vitinha,https://www.sofascore.com/south-korea-portugal/eUbsKUb#id:10230544,portugal,save,No information,regular,21.6,61.6,0,right-foot,low-centre,0,51,16.5,No information,No information,42,No information,2497,61.6,21.6,49,0,49,83.5,4,203,shot
matheus-nunes,https://www.sofascore.com/south-korea-portugal/eUbsKUb#id:10230544,portugal,miss,No information,assisted,26.2,75.9,0,right-foot,high,0,49.7,80.6,No information,No information,41,No information,2432,75.9,26.2,50.3,0,50.3,19.4,5,268,shot
heung-min-son,https://www.sofascore.com/south-korea-portugal/eUbsKUb#id:10230544,south korea,save,No information,regular,25.1,50.9,0,left-foot,low-left,0,52.1,3.2,No information,No information,40,No information,2395,50.9,25.1,47.9,0,47.9,96.8,6,305,shot
cristiano-ronaldo,https://www.sofascore.com/south-korea-portugal/eUbsKUb#id:10230544,portugal,block,No information,assisted,9.8,67.7,0,right-foot,low-left,0,53.3,15.3,No information,No information,37,No information,2200,67.7,9.8,46.7,0,46.7,84.7,9,500,shot
vitinha,https://www.sofascore.com/south-korea-portugal/eUbsKUb#id:10230544,portugal,save,No information,corner,28.3,62.7,0,right-foot,low-centre,0,49,7.6,No information,No information,35,No information,2073,62.7,28.3,51,0,51,92.4,11,627,shot
diogo-dalot,https://www.sofascore.com/south-korea-portugal/eUbsKUb#id:10230544,portugal,save,No information,assisted,25.9,54.2,0,left-foot,low-left,0,54.2,5.1,No information,No information,34,No information,2037,54.2,25.9,45.8,0,45.8,94.9,12,663,shot
in-beom-hwang,https://www.sofascore.com/south-korea-portugal/eUbsKUb#id:10230544,south korea,block,No information,regular,20.9,36.7,0,left-foot,low-right,0,47.5,19,No information,No information,31,No information,1818,36.7,20.9,52.5,0,52.5,81,15,882,shot
young-gwon-kim,https://www.sofascore.com/south-korea-portugal/eUbsKUb#id:10230544,south korea,goal,regular,corner,3.7,47.6,0,left-foot,low-centre,0,48.2,9.5,No information,No information,27,No information,1603,47.6,3.7,51.8,0,51.8,90.5,19,1097,shot
gue-sung-cho,https://www.sofascore.com/south-korea-portugal/eUbsKUb#id:10230544,south korea,save,No information,corner,9.4,34.5,0,head,low-centre,0,48.5,10.1,No information,No information,17,No information,968,34.5,9.4,51.5,0,51.5,89.9,29,1732,shot
heung-min-son,https://www.sofascore.com/south-korea-portugal/eUbsKUb#id:10230544,south korea,block,No information,assisted,10.9,25.6,0,right-foot,low-left,0,52.9,19,No information,No information,16,No information,921,25.6,10.9,47.1,0,47.1,81,30,1779,shot
joao-cancelo,https://www.sofascore.com/south-korea-portugal/eUbsKUb#id:10230544,portugal,save,No information,assisted,3.1,25.6,0,right-foot,low-right,0,48,8.9,No information,No information,15,No information,844,25.6,3.1,52,0,52,91.1,31,1856,shot
ricardo-horta,https://www.sofascore.com/south-korea-portugal/eUbsKUb#id:10230544,portugal,goal,regular,assisted,5.1,57.5,0,right-foot,high-centre,0,51.7,21.5,No information,No information,5,No information,293,57.5,5.1,48.3,0,48.3,78.5,41,2407,shot

patrik-schick,https://www.sofascore.com/czech-republic-portugal/eUbsoUb#id:10023353,czechia,save,No information,assisted,13.6,55.8,0,head,low-centre,0,49,18.4,No information,No information,90,No information,5390,55.8,13.6,51,0,51,81.6,1,10,shot
ruben-neves,https://www.sofascore.com/czech-republic-portugal/eUbsoUb#id:10023353,portugal,miss,No information,assisted,19.4,52.6,0,right-foot,close-left,0,56.3,11.1,No information,No information,89,No information,5322,52.6,19.4,43.7,0,43.7,88.9,2,78,shot
matheus-nunes,https://www.sofascore.com/czech-republic-portugal/eUbsoUb#id:10023353,portugal,block,No information,regular,12.9,42.2,0,right-foot,low-right,0,46.7,19,No information,No information,85,No information,5052,42.2,12.9,53.3,0,53.3,81,6,348,shot
diogo-jota,https://www.sofascore.com/czech-republic-portugal/eUbsoUb#id:10023353,portugal,goal,regular,corner,1.6,45.5,0,head,low-left,0,52.3,13.3,No information,No information,82,No information,4905,45.5,1.6,47.7,0,47.7,86.7,9,495,shot
cristiano-ronaldo,https://www.sofascore.com/czech-republic-portugal/eUbsoUb#id:10023353,portugal,miss,No information,corner,7.7,54.2,0,head,left,0,61.7,11.1,No information,No information,82,No information,4903,54.2,7.7,38.3,0,38.3,88.9,9,497,shot
patrik-schick,https://www.sofascore.com/czech-republic-portugal/eUbsoUb#id:10023353,czechia,miss,No information,assisted,21.6,38.7,0,left-foot,high-left,0,57,83.3,No information,No information,81,No information,4825,38.7,21.6,43,0,43,16.7,10,575,shot
ricardo-horta,https://www.sofascore.com/czech-republic-portugal/eUbsoUb#id:10023353,portugal,miss,No information,corner,18.4,66.7,0,right-foot,left,0,67.2,16.7,No information,No information,75,No information,4449,66.7,18.4,32.8,0,32.8,83.3,16,951,shot
patrik-schick,https://www.sofascore.com/czech-republic-portugal/eUbsoUb#id:10023353,czechia,miss,No information,assisted,7.3,47.4,0,head,high-right,0,37,56.9,No information,No information,66,No information,3948,47.4,7.3,63,0,63,43.1,25,1452,shot
patrik-schick,https://www.sofascore.com/czech-republic-portugal/eUbsoUb#id:10023353,czechia,miss,No information,corner,3.9,37.8,0,left-foot,high,0,52.9,61.1,No information,No information,59,No information,3519,37.8,3.9,47.1,0,47.1,38.9,32,1881,shot
adam-hlozek,https://www.sofascore.com/czech-republic-portugal/eUbsoUb#id:10023353,czechia,block,No information,regular,18.2,50.3,0,right-foot,low-right,0,47.8,19,No information,No information,56,No information,3356,50.3,18.2,52.2,0,52.2,81,35,2044,shot
diogo-dalot,https://www.sofascore.com/czech-republic-portugal/eUbsoUb#id:10023353,portugal,goal,regular,assisted,24.7,51.6,0,left-foot,low-left,0,54,8.9,No information,No information,52,No information,3077,51.6,24.7,46,0,46,91.1,39,2323,shot
patrik-schick,https://www.sofascore.com/czech-republic-portugal/eUbsoUb#id:10023353,czechia,post,No information,penalty,11.5,50,0,left-foot,high,0,50.8,40.5,No information,No information,45,6,3043,50,11.5,49.2,0,49.2,59.5,1,2357,shot
bruno-fernandes,https://www.sofascore.com/czech-republic-portugal/eUbsoUb#id:10023353,portugal,goal,regular,assisted,4.2,49.5,0,right-foot,high-right,0,47.6,30.4,No information,No information,45,2,2771,49.5,4.2,52.4,0,52.4,69.6,1,2629,shot
william-carvalho,https://www.sofascore.com/czech-republic-portugal/eUbsoUb#id:10023353,portugal,save,No information,assisted,9.7,54.2,0,head,high-centre,0,50.3,25.9,No information,No information,43,No information,2568,54.2,9.7,49.7,0,49.7,74.1,3,132,shot
cristiano-ronaldo,https://www.sofascore.com/czech-republic-portugal/eUbsoUb#id:10023353,portugal,miss,No information,assisted,8.3,66.3,0,right-foot,high,0,44.2,73.6,No information,No information,39,No information,2312,66.3,8.3,55.8,0,55.8,26.4,7,388,shot
alex-kral,https://www.sofascore.com/czech-republic-portugal/eUbsoUb#id:10023353,czechia,save,No information,assisted,5.8,25.4,0,left-foot,low-left,0,54.3,2.5,No information,No information,35,No information,2093,25.4,5.8,45.7,0,45.7,97.5,11,607,shot
diogo-dalot,https://www.sofascore.com/czech-republic-portugal/eUbsoUb#id:10023353,portugal,goal,regular,assisted,6.9,51.6,0,left-foot,low-centre,0,50.8,7.6,No information,No information,33,No information,1935,51.6,6.9,49.2,0,49.2,92.4,13,765,shot
cristiano-ronaldo,https://www.sofascore.com/czech-republic-portugal/eUbsoUb#id:10023353,portugal,miss,No information,assisted,6.8,53.3,0,right-foot,left,0,74.1,1.4,No information,No information,33,No information,1932,53.3,6.8,25.9,0,25.9,98.6,13,768,shot
antonin-barak,https://www.sofascore.com/czech-republic-portugal/eUbsoUb#id:10023353,czechia,miss,No information,assisted,6,48.5,0,head,close-left,0,56.5,20.8,No information,No information,31,No information,1829,48.5,6,43.5,0,43.5,79.2,15,871,shot
patrik-schick,https://www.sofascore.com/czech-republic-portugal/eUbsoUb#id:10023353,czechia,block,No information,assisted,3.1,59.4,0,head,low-right,0,47.1,19,No information,No information,31,No information,1823,59.4,3.1,52.9,0,52.9,81,15,877,shot
mario-rui,https://www.sofascore.com/czech-republic-portugal/eUbsoUb#id:10023353,portugal,miss,No information,assisted,30.5,41.6,0,left-foot,high,0,50.6,90.3,No information,No information,27,No information,1607,41.6,30.5,49.4,0,49.4,9.7,19,1093,shot
ruben-dias,https://www.sofascore.com/czech-republic-portugal/eUbsoUb#id:10023353,portugal,block,No information,corner,7.1,58.8,0,right-foot,low-right,0,46.3,19,No information,No information,11,No information,639,58.8,7.1,53.7,0,53.7,81,35,2061,shot
ruben-neves,https://www.sofascore.com/czech-republic-portugal/eUbsoUb#id:10023353,portugal,miss,No information,assisted,24.5,62.2,0,right-foot,left,0,66.4,16.7,No information,No information,9,No information,528,62.2,24.5,33.6,0,33.6,83.3,37,2172,shot
cristiano-ronaldo,https://www.sofascore.com/czech-republic-portugal/eUbsoUb#id:10023353,portugal,block,No information,assisted,10.8,54.6,0,right-foot,low-centre,0,48.6,19,No information,No information,6,No information,326,54.6,10.8,51.4,0,51.4,81,40,2374,shot
rafael-leao,https://www.sofascore.com/czech-republic-portugal/eUbsoUb#id:10023353,portugal,block,No information,assisted,9.4,34.8,0,right-foot,low-left,0,52.8,19,No information,No information,6,No information,306,34.8,9.4,47.2,0,47.2,81,40,2394,shot
patrik-schick,https://www.sofascore.com/czech-republic-portugal/eUbsoUb#id:10023353,czechia,miss,No information,assisted,13.8,64.2,0,left-foot,high,0,53.6,66.7,No information,No information,5,No information,275,64.2,13.8,46.4,0,46.4,33.3,41,2425,shot
vaclav-jemelka,https://www.sofascore.com/czech-republic-portugal/eUbsoUb#id:10023353,czechia,miss,No information,assisted,14.4,30.5,0,right-foot,high-right,0,39.2,61.1,No information,No information,4,No information,235,30.5,14.4,60.8,0,60.8,38.9,42,2465,shot

danilo-pereira,https://www.sofascore.com/portugal-ukraine/bUbseUb#id:8078698,portugal,post,No information,assisted,24.2,51.9,0,right-foot,high,0,45.6,39.9,No information,No information,90,3,5549,51.9,24.2,54.4,0,54.4,60.1,1,751,shot
cristiano-ronaldo,https://www.sofascore.com/portugal-ukraine/bUbseUb#id:8078698,portugal,save,No information,assisted,8.4,52.8,0,head,low-right,0,47.9,3.2,No information,No information,90,2,5512,52.8,8.4,52.1,0,52.1,96.8,1,788,shot
bruno-fernandes,https://www.sofascore.com/portugal-ukraine/bUbseUb#id:8078698,portugal,save,No information,assisted,28,65.4,0,right-foot,low-centre,0,50.4,15.2,No information,No information,88,No information,5235,65.4,28,49.6,0,49.6,84.8,3,165,shot
bruma,https://www.sofascore.com/portugal-ukraine/bUbseUb#id:8078698,portugal,block,No information,assisted,22.6,32.6,0,right-foot,No information,No information,No information,No information,No information,No information,83,No information,4935,32.6,22.6,No information,No information,No information,No information,8,465,shot
cristiano-ronaldo,https://www.sofascore.com/portugal-ukraine/bUbseUb#id:8078698,portugal,save,No information,assisted,25.7,59.3,0,right-foot,low-centre,0,49.7,0.6,No information,No information,75,No information,4494,59.3,25.7,50.3,0,50.3,99.4,16,906,shot
pepe,https://www.sofascore.com/portugal-ukraine/bUbseUb#id:8078698,portugal,miss,No information,corner,10.3,46.6,0,head,high,0,46.9,75,No information,No information,75,No information,4456,46.6,10.3,53.1,0,53.1,25,16,944,shot
cristiano-ronaldo,https://www.sofascore.com/portugal-ukraine/bUbseUb#id:8078698,portugal,save,No information,assisted,4.4,65.1,0,right-foot,low-centre,0,50.2,0.6,No information,No information,74,No information,4438,65.1,4.4,49.8,0,49.8,99.4,17,962,shot
cristiano-ronaldo,https://www.sofascore.com/portugal-ukraine/bUbseUb#id:8078698,portugal,goal,penalty,penalty,11.5,50,0,right-foot,high-right,0,47.3,24.7,No information,No information,72,No information,4316,50,11.5,52.7,0,52.7,75.3,19,1084,shot
bruma,https://www.sofascore.com/portugal-ukraine/bUbseUb#id:8078698,portugal,block,No information,assisted,21.2,35.7,0,right-foot,No information,No information,No information,No information,No information,No information,71,No information,4223,35.7,21.2,No information,No information,No information,No information,20,1177,shot
bruno-fernandes,https://www.sofascore.com/portugal-ukraine/bUbseUb#id:8078698,portugal,miss,No information,assisted,6.7,58.3,0,head,close-high,0,45,52.8,No information,No information,66,No information,3945,58.3,6.7,55,0,55,47.2,25,1455,shot
cristiano-ronaldo,https://www.sofascore.com/portugal-ukraine/bUbseUb#id:8078698,portugal,save,No information,assisted,18.8,28,0,right-foot,low-right,0,45.9,15.8,No information,No information,52,No information,3104,28,18.8,54.1,0,54.1,84.2,39,2296,shot
bernardo-silva,https://www.sofascore.com/portugal-ukraine/bUbseUb#id:8078698,portugal,block,No information,assisted,18.4,55.7,0,left-foot,No information,No information,No information,No information,No information,No information,51,No information,3020,55.7,18.4,No information,No information,No information,No information,40,2380,shot
joao-moutinho,https://www.sofascore.com/portugal-ukraine/bUbseUb#id:8078698,portugal,miss,No information,set-piece,20.9,59.2,0,right-foot,left,0,61.3,8.3,No information,No information,50,No information,2957,59.2,20.9,38.7,0,38.7,91.7,41,2443,shot
cristiano-ronaldo,https://www.sofascore.com/portugal-ukraine/bUbseUb#id:8078698,portugal,save,No information,free-kick,23.5,31.6,0,right-foot,low-centre,0,49.2,15.8,No information,No information,50,No information,2949,31.6,23.5,50.8,0,50.8,84.2,41,2451,shot
andriy-yarmolenko,https://www.sofascore.com/portugal-ukraine/bUbseUb#id:8078698,ukraine,miss,No information,assisted,5.6,65.8,0,right-foot,high-right,0,42.2,61.1,No information,No information,44,No information,2633,65.8,5.6,57.8,0,57.8,38.9,2,67,shot
danilo-pereira,https://www.sofascore.com/portugal-ukraine/bUbseUb#id:8078698,portugal,save,No information,set-piece,9,54.6,0,head,high-right,0,46,22.8,No information,No information,43,No information,2530,54.6,9,54,0,54,77.2,3,170,shot
cristiano-ronaldo,https://www.sofascore.com/portugal-ukraine/bUbseUb#id:8078698,portugal,miss,No information,assisted,19.8,66.6,0,right-foot,close-high,0,45.4,51.4,No information,No information,41,No information,2420,66.6,19.8,54.6,0,54.6,48.6,5,280,shot
cristiano-ronaldo,https://www.sofascore.com/portugal-ukraine/bUbseUb#id:8078698,portugal,block,No information,assisted,22.2,37.5,0,left-foot,No information,No information,No information,No information,No information,No information,37,No information,2183,37.5,22.2,No information,No information,No information,No information,9,517,shot
bernardo-silva,https://www.sofascore.com/portugal-ukraine/bUbseUb#id:8078698,portugal,save,No information,assisted,16,67.4,0,left-foot,low-right,0,46.2,0.6,No information,No information,32,No information,1890,67.4,16,53.8,0,53.8,99.4,14,810,shot
danilo-pereira,https://www.sofascore.com/portugal-ukraine/bUbseUb#id:8078698,portugal,miss,No information,corner,14,44.3,0,right-foot,close-high,0,46.2,55.6,No information,No information,30,No information,1744,44.3,14,53.8,0,53.8,44.4,16,956,shot
joao-mario,https://www.sofascore.com/portugal-ukraine/bUbseUb#id:8078698,portugal,save,No information,assisted,14.8,61,0,left-foot,low-left,0,52.3,0.6,No information,No information,29,No information,1708,61,14.8,47.7,0,47.7,99.4,17,992,shot
andriy-yarmolenko,https://www.sofascore.com/portugal-ukraine/bUbseUb#id:8078698,ukraine,goal,regular,assisted,10.4,50.5,0,left-foot,low-right,0,48.1,0.6,No information,No information,27,No information,1578,50.5,10.4,51.9,0,51.9,99.4,19,1122,shot
raphael-guerreiro,https://www.sofascore.com/portugal-ukraine/bUbseUb#id:8078698,portugal,miss,No information,corner,21.2,51.5,0,left-foot,close-high,0,48.6,54.2,No information,No information,17,No information,987,51.5,21.2,51.4,0,51.4,45.8,29,1713,shot
cristiano-ronaldo,https://www.sofascore.com/portugal-ukraine/bUbseUb#id:8078698,portugal,block,No information,free-kick,13.1,15.9,0,right-foot,No information,No information,No information,No information,No information,No information,12,No information,698,15.9,13.1,No information,No information,No information,No information,34,2002,shot
roman-yaremchuk,https://www.sofascore.com/portugal-ukraine/bUbseUb#id:8078698,ukraine,goal,regular,corner,3.3,48.8,0,right-foot,low-centre,0,51.1,13.3,No information,No information,6,No information,321,48.8,3.3,48.9,0,48.9,86.7,40,2379,shot
serhiy-kryvtsov,https://www.sofascore.com/portugal-ukraine/bUbseUb#id:8078698,ukraine,save,No information,corner,6.1,53.4,0,head,low-centre,0,50.6,1.3,No information,No information,6,No information,320,53.4,6.1,49.4,0,49.4,98.7,40,2380,shot
danilo-pereira,https://www.sofascore.com/portugal-ukraine/bUbseUb#id:8078698,portugal,miss,No information,set-piece,5.1,43.3,0,head,high,0,55.5,77.8,No information,No information,5,No information,246,43.3,5.1,44.5,0,44.5,22.2,41,2454,shot
cristiano-ronaldo,https://www.sofascore.com/portugal-ukraine/bUbseUb#id:8078698,portugal,block,No information,free-kick,13.3,18.5,0,right-foot,No information,No information,No information,No information,No information,No information,5,No information,244,18.5,13.3,No information,No information,No information,No information,41,2456,shot
roman-yaremchuk,https://www.sofascore.com/portugal-ukraine/bUbseUb#id:8078698,ukraine,save,No information,fast-break,14.2,70.3,0,right-foot,low-right,0,46.6,3.2,No information,No information,2,No information,70,70.3,14.2,53.4,0,53.4,96.8,44,2630,shot

pepe,https://www.sofascore.com/morocco-portugal/eUbsDVb#id:10230581,portugal,miss,No information,assisted,4.7,56.6,0,head,close-right,0,41.8,16.7,No information,No information,90,7,5800,56.6,4.7,58.2,0,58.2,83.3,1,500,shot
zakaria-aboukhlal,https://www.sofascore.com/morocco-portugal/eUbsDVb#id:10230581,morocco,save,No information,fast-break,17.7,54.8,0,right-foot,low-centre,0,50.5,12.7,No information,No information,90,6,5720,54.8,17.7,49.5,0,49.5,87.3,1,580,shot
cristiano-ronaldo,https://www.sofascore.com/morocco-portugal/eUbsDVb#id:10230581,portugal,save,No information,assisted,17.9,71.1,0,right-foot,low-right,0,46.4,1.9,No information,No information,90,1,5424,71.1,17.9,53.6,0,53.6,98.1,1,876,shot
joao-felix,https://www.sofascore.com/morocco-portugal/eUbsDVb#id:10230581,portugal,save,No information,assisted,16.8,73.8,0,left-foot,high-left,0,52.9,25.9,No information,No information,82,No information,4919,73.8,16.8,47.1,0,47.1,74.1,9,481,shot
bernardo-silva,https://www.sofascore.com/morocco-portugal/eUbsDVb#id:10230581,portugal,miss,No information,set-piece,9.3,46.4,0,right-foot,right,0,9.7,4.2,No information,No information,71,No information,4244,46.4,9.3,90.3,0,90.3,95.8,20,1156,shot
bruno-fernandes,https://www.sofascore.com/morocco-portugal/eUbsDVb#id:10230581,portugal,miss,No information,assisted,17.8,45.2,0,right-foot,close-high,0,52.6,47.2,No information,No information,64,No information,3784,45.2,17.8,47.4,0,47.4,52.8,27,1616,shot
joao-felix,https://www.sofascore.com/morocco-portugal/eUbsDVb#id:10230581,portugal,block,No information,assisted,9,38.8,0,head,low-centre,0,49.8,19,No information,No information,61,No information,3614,38.8,9,50.2,0,50.2,81,30,1786,shot
goncalo-ramos,https://www.sofascore.com/morocco-portugal/eUbsDVb#id:10230581,portugal,miss,No information,assisted,10.8,50.1,0,head,close-right,0,41.3,13.9,No information,No information,58,No information,3448,50.1,10.8,58.7,0,58.7,86.1,33,1952,shot
azzedine-ounahi,https://www.sofascore.com/morocco-portugal/eUbsDVb#id:10230581,morocco,miss,No information,assisted,26.1,53.6,0,right-foot,high-right,0,35.5,94.4,No information,No information,55,No information,3299,53.6,26.1,64.5,0,64.5,5.6,36,2101,shot
yahia-attiyat-allah,https://www.sofascore.com/morocco-portugal/eUbsDVb#id:10230581,morocco,miss,No information,fast-break,9.7,28.9,0,left-foot,left,0,59.3,18.1,No information,No information,45,2,2817,28.9,9.7,40.7,0,40.7,81.9,1,2583,shot
bruno-fernandes,https://www.sofascore.com/morocco-portugal/eUbsDVb#id:10230581,portugal,post,No information,assisted,9.5,79.6,0,right-foot,high,0,52.2,38.6,No information,No information,45,No information,2662,79.6,9.5,47.8,0,47.8,61.4,1,38,shot
youssef-en-nesyri,https://www.sofascore.com/morocco-portugal/eUbsDVb#id:10230581,morocco,goal,regular,assisted,7.4,53,0,head,high-right,0,48,24.1,No information,No information,42,No information,2496,53,7.4,52,0,52,75.9,4,204,shot
joao-felix,https://www.sofascore.com/morocco-portugal/eUbsDVb#id:10230581,portugal,miss,No information,assisted,15.5,45,0,right-foot,high,0,55.3,63.9,No information,No information,39,No information,2325,45,15.5,44.7,0,44.7,36.1,7,375,shot
sofiane-boufal,https://www.sofascore.com/morocco-portugal/eUbsDVb#id:10230581,morocco,save,No information,assisted,23.1,29.2,0,right-foot,low-centre,0,51.8,6.3,No information,No information,35,No information,2095,29.2,23.1,48.2,0,48.2,93.7,11,605,shot
amallah-selim,https://www.sofascore.com/morocco-portugal/eUbsDVb#id:10230581,morocco,miss,No information,assisted,9.5,43.5,0,left-foot,high-left,0,57.3,77.8,No information,No information,35,No information,2041,43.5,9.5,42.7,0,42.7,22.2,11,659,shot
joao-felix,https://www.sofascore.com/morocco-portugal/eUbsDVb#id:10230581,portugal,block,No information,regular,18.7,30.2,0,right-foot,high-right,0,46.6,27.8,No information,No information,31,No information,1808,30.2,18.7,53.4,0,53.4,72.2,15,892,shot
youssef-en-nesyri,https://www.sofascore.com/morocco-portugal/eUbsDVb#id:10230581,morocco,miss,No information,set-piece,12.8,51,0,head,right,0,38.3,34.7,No information,No information,26,No information,1520,51,12.8,61.7,0,61.7,65.3,20,1180,shot
hakim-ziyech,https://www.sofascore.com/morocco-portugal/eUbsDVb#id:10230581,morocco,miss,No information,assisted,23.4,74.6,0,left-foot,right,0,40,1.4,No information,No information,18,No information,1068,74.6,23.4,60,0,60,98.6,28,1632,shot
raphael-guerreiro,https://www.sofascore.com/morocco-portugal/eUbsDVb#id:10230581,portugal,block,No information,set-piece,11.7,30.3,0,left-foot,low-right,0,46.1,12.5,No information,No information,13,No information,747,30.3,11.7,53.9,0,53.9,87.5,33,1953,shot
youssef-en-nesyri,https://www.sofascore.com/morocco-portugal/eUbsDVb#id:10230581,morocco,miss,No information,corner,8,54.2,0,head,close-high,0,52.6,56.9,No information,No information,6,No information,355,54.2,8,47.4,0,47.4,43.1,40,2345,shot
joao-felix,https://www.sofascore.com/morocco-portugal/eUbsDVb#id:10230581,portugal,save,No information,set-piece,12.1,56.1,0,head,low-right,0,47,12.7,No information,No information,4,No information,239,56.1,12.1,53,0,53,87.3,42,2461,shot

dani-olmo,https://www.sofascore.com/portugal-spain/YTbseUb#id:10023333,spain,miss,No information,assisted,20.1,32.2,0,right-foot,right,0,37.3,30.6,No information,No information,90,4,5582,32.2,20.1,62.7,0,62.7,69.4,1,718,shot
joao-cancelo,https://www.sofascore.com/portugal-spain/YTbseUb#id:10023333,portugal,block,No information,assisted,21.7,62.4,0,left-foot,low-centre,0,49.2,19,No information,No information,90,3,5530,62.4,21.7,50.8,0,50.8,81,1,770,shot
jordi-alba,https://www.sofascore.com/portugal-spain/YTbseUb#id:10023333,spain,miss,No information,regular,9.3,47.6,0,head,close-left,0,58.8,22.2,No information,No information,87,No information,5161,47.6,9.3,41.2,0,41.2,77.8,4,239,shot
ricardo-horta,https://www.sofascore.com/portugal-spain/YTbseUb#id:10023333,portugal,goal,regular,assisted,10.3,44.9,0,right-foot,low-centre,0,51,6.3,No information,No information,82,No information,4881,44.9,10.3,49,0,49,93.7,9,519,shot
pablo-sarabia,https://www.sofascore.com/portugal-spain/YTbseUb#id:10023333,spain,miss,No information,assisted,12.8,68,0,left-foot,close-right,0,43.5,2.8,No information,No information,74,No information,4416,68,12.8,56.5,0,56.5,97.2,17,984,shot
jordi-alba,https://www.sofascore.com/portugal-spain/YTbseUb#id:10023333,spain,miss,No information,set-piece,10.6,29.5,0,left-foot,left,0,61.5,20.8,No information,No information,67,No information,4012,29.5,10.6,38.5,0,38.5,79.2,24,1388,shot
alvaro-morata,https://www.sofascore.com/portugal-spain/YTbseUb#id:10023333,spain,miss,No information,assisted,15.7,65.1,0,right-foot,left,0,64.5,8.3,No information,No information,64,No information,3817,65.1,15.7,35.5,0,35.5,91.7,27,1583,shot
rafael-leao,https://www.sofascore.com/portugal-spain/YTbseUb#id:10023333,portugal,save,No information,assisted,9.1,41.9,0,right-foot,low-left,0,53.5,1.3,No information,No information,59,No information,3494,41.9,9.1,46.5,0,46.5,98.7,32,1906,shot
rafael-leao,https://www.sofascore.com/portugal-spain/YTbseUb#id:10023333,portugal,miss,No information,assisted,10.4,27.2,0,right-foot,right,0,0.2,2.8,No information,No information,48,No information,2827,27.2,10.4,99.8,0,99.8,97.2,43,2573,shot
pepe,https://www.sofascore.com/portugal-spain/YTbseUb#id:10023333,portugal,miss,No information,assisted,33.1,60.2,0,right-foot,high-right,0,38.8,84.7,No information,No information,44,No information,2614,60.2,33.1,61.2,0,61.2,15.3,2,86,shot
pablo-sarabia,https://www.sofascore.com/portugal-spain/YTbseUb#id:10023333,spain,miss,No information,free-kick,21.8,64.1,0,left-foot,close-high-right,0,43.4,47.2,No information,No information,41,No information,2437,64.1,21.8,56.6,0,56.6,52.8,5,263,shot
andre-silva,https://www.sofascore.com/portugal-spain/YTbseUb#id:10023333,portugal,miss,No information,assisted,13.8,65.1,0,left-foot,close-left,0,58.5,5.6,No information,No information,34,No information,2032,65.1,13.8,41.5,0,41.5,94.4,12,668,shot
carlos-soler,https://www.sofascore.com/portugal-spain/YTbseUb#id:10023333,spain,miss,No information,regular,8.5,48.2,0,left-foot,high,0,51.4,62.5,No information,No information,29,No information,1718,48.2,8.5,48.6,0,48.6,37.5,17,982,shot
carlos-soler,https://www.sofascore.com/portugal-spain/YTbseUb#id:10023333,spain,save,No information,assisted,15.5,49.7,0,right-foot,low-centre,0,51.4,7,No information,No information,29,No information,1717,49.7,15.5,48.6,0,48.6,93,17,983,shot
alvaro-morata,https://www.sofascore.com/portugal-spain/YTbseUb#id:10023333,spain,goal,regular,fast-break,9.3,46,0,right-foot,low-left,0,54.5,1.3,No information,No information,25,No information,1465,46,9.3,45.5,0,45.5,98.7,21,1235,shot
rafael-leao,https://www.sofascore.com/portugal-spain/YTbseUb#id:10023333,portugal,miss,No information,assisted,10.8,36.5,0,left-foot,close-high,0,50.9,59.7,No information,No information,18,No information,1025,36.5,10.8,49.1,0,49.1,40.3,28,1675,shot
gavi,https://www.sofascore.com/portugal-spain/YTbseUb#id:10023333,spain,block,No information,regular,20.1,41.9,0,right-foot,low-centre,0,48.9,19,No information,No information,3,No information,147,41.9,20.1,51.1,0,51.1,81,43,2553,shot
cesar-azpilicueta,https://www.sofascore.com/portugal-spain/YTbseUb#id:10023333,spain,miss,No information,regular,23.2,67.3,0,right-foot,left,0,63,18.1,No information,No information,3,No information,145,67.3,23.2,37,0,37,81.9,43,2555,shot

pepe,https://www.sofascore.com/azerbaijan-portugal/eUbsRUb#id:9223781,portugal,miss,No information,corner,6.4,54.4,0,head,left,0,99.8,4.2,No information,No information,90,3,5578,54.4,6.4,0.2,0,0.2,95.8,1,722,shot
emin-makhmudov,https://www.sofascore.com/azerbaijan-portugal/eUbsRUb#id:9223781,azerbaijan,miss,No information,assisted,18.7,64.1,0,right-foot,close-left,0,58.8,9.7,No information,No information,85,No information,5069,64.1,18.7,41.2,0,41.2,90.3,6,331,shot
otavio,https://www.sofascore.com/azerbaijan-portugal/eUbsRUb#id:9223781,portugal,block,No information,assisted,13.8,39.2,0,right-foot,low-centre,0,49.9,19,No information,No information,84,No information,4999,39.2,13.8,50.1,0,50.1,81,7,401,shot
bruno-fernandes,https://www.sofascore.com/azerbaijan-portugal/eUbsRUb#id:9223781,portugal,save,No information,assisted,22.1,54.6,0,right-foot,low-centre,0,51,15.2,No information,No information,82,No information,4867,54.6,22.1,49,0,49,84.8,9,533,shot
diogo-jota,https://www.sofascore.com/azerbaijan-portugal/eUbsRUb#id:9223781,portugal,goal,regular,assisted,6.3,48.5,0,head,low-left,0,53.2,8.2,No information,No information,75,No information,4475,48.5,6.3,46.8,0,46.8,91.8,16,925,shot
andre-silva,https://www.sofascore.com/azerbaijan-portugal/eUbsRUb#id:9223781,portugal,miss,No information,corner,9,49.1,0,head,right,0,0.7,2.8,No information,No information,73,No information,4323,49.1,9,99.3,0,99.3,97.2,18,1077,shot
joao-cancelo,https://www.sofascore.com/azerbaijan-portugal/eUbsRUb#id:9223781,portugal,miss,No information,assisted,21.2,65.5,0,right-foot,close-left,0,58.7,25,No information,No information,71,No information,4223,65.5,21.2,41.3,0,41.3,75,20,1177,shot
namiq-alasgarov,https://www.sofascore.com/azerbaijan-portugal/eUbsRUb#id:9223781,azerbaijan,block,No information,assisted,19.5,34,0,left-foot,low-left,0,52.1,19,No information,No information,66,No information,3912,34,19.5,47.9,0,47.9,81,25,1488,shot
diogo-jota,https://www.sofascore.com/azerbaijan-portugal/eUbsRUb#id:9223781,portugal,miss,No information,regular,6.4,40.8,0,right-foot,high,0,49.9,95.8,No information,No information,65,No information,3850,40.8,6.4,50.1,0,50.1,4.2,26,1550,shot
diogo-jota,https://www.sofascore.com/azerbaijan-portugal/eUbsRUb#id:9223781,portugal,save,No information,assisted,11.1,37.1,0,left-foot,low-centre,0,49.1,3.8,No information,No information,65,No information,3849,37.1,11.1,50.9,0,50.9,96.2,26,1551,shot
raphael-guerreiro,https://www.sofascore.com/azerbaijan-portugal/eUbsRUb#id:9223781,portugal,miss,No information,corner,19.9,48.9,0,left-foot,high,0,51.9,72.2,No information,No information,63,No information,3768,48.9,19.9,48.1,0,48.1,27.8,28,1632,shot
ruben-dias,https://www.sofascore.com/azerbaijan-portugal/eUbsRUb#id:9223781,portugal,block,No information,assisted,10.4,37.1,0,right-foot,low-centre,0,48.7,19,No information,No information,61,No information,3654,37.1,10.4,51.3,0,51.3,81,30,1746,shot
ruben-neves,https://www.sofascore.com/azerbaijan-portugal/eUbsRUb#id:9223781,portugal,block,No information,corner,12.2,25.2,0,right-foot,low-left,0,52.7,19,No information,No information,58,No information,3466,25.2,12.2,47.3,0,47.3,81,33,1934,shot
bernardo-silva,https://www.sofascore.com/azerbaijan-portugal/eUbsRUb#id:9223781,portugal,save,No information,assisted,14.4,62,0,left-foot,high-centre,0,48.2,27.8,No information,No information,58,No information,3436,62,14.4,51.8,0,51.8,72.2,33,1964,shot
bruno-fernandes,https://www.sofascore.com/azerbaijan-portugal/eUbsRUb#id:9223781,portugal,save,No information,assisted,30.2,52.8,0,right-foot,low-centre,0,51.8,4.4,No information,No information,54,No information,3220,52.8,30.2,48.2,0,48.2,95.6,37,2180,shot
diogo-jota,https://www.sofascore.com/azerbaijan-portugal/eUbsRUb#id:9223781,portugal,miss,No information,assisted,4.7,38.4,0,left-foot,close-left,0,58.5,11.1,No information,No information,47,No information,2806,38.4,4.7,41.5,0,41.5,88.9,44,2594,shot
filip-ozobic,https://www.sofascore.com/azerbaijan-portugal/eUbsRUb#id:9223781,azerbaijan,miss,No information,assisted,3.3,40.6,0,right-foot,right,0,0.7,1.4,No information,No information,45,No information,2647,40.6,3.3,99.3,0,99.3,98.6,1,53,shot
andre-silva,https://www.sofascore.com/azerbaijan-portugal/eUbsRUb#id:9223781,portugal,miss,No information,assisted,12.1,48,0,right-foot,close-left,0,56.3,1.4,No information,No information,35,No information,2075,48,12.1,43.7,0,43.7,98.6,11,625,shot
raphael-guerreiro,https://www.sofascore.com/azerbaijan-portugal/eUbsRUb#id:9223781,portugal,miss,No information,assisted,28.5,42.3,0,left-foot,high-left,0,64.9,50,No information,No information,33,No information,1978,42.3,28.5,35.1,0,35.1,50,13,722,shot
diogo-jota,https://www.sofascore.com/azerbaijan-portugal/eUbsRUb#id:9223781,portugal,block,No information,assisted,18.7,52.2,0,left-foot,low-centre,0,49.6,19,No information,No information,33,No information,1952,52.2,18.7,50.4,0,50.4,81,13,748,shot
andre-silva,https://www.sofascore.com/azerbaijan-portugal/eUbsRUb#id:9223781,portugal,goal,regular,assisted,4.3,48.5,0,left-foot,low-right,0,46.1,1.3,No information,No information,31,No information,1809,48.5,4.3,53.9,0,53.9,98.7,15,891,shot
azer-salahli,https://www.sofascore.com/azerbaijan-portugal/eUbsRUb#id:9223781,azerbaijan,miss,No information,corner,7.1,41.9,0,right-foot,left,0,59.5,13.9,No information,No information,29,No information,1695,41.9,7.1,40.5,0,40.5,86.1,17,1005,shot
bernardo-silva,https://www.sofascore.com/azerbaijan-portugal/eUbsRUb#id:9223781,portugal,goal,regular,assisted,3.8,59.4,0,left-foot,high-left,0,53.6,24.7,No information,No information,26,No information,1502,59.4,3.8,46.4,0,46.4,75.3,20,1198,shot
joao-moutinho,https://www.sofascore.com/azerbaijan-portugal/eUbsRUb#id:9223781,portugal,block,No information,assisted,19.8,62.9,0,right-foot,low-centre,0,50.8,19,No information,No information,10,No information,599,62.9,19.8,49.2,0,49.2,81,36,2101,shot
bruno-fernandes,https://www.sofascore.com/azerbaijan-portugal/eUbsRUb#id:9223781,portugal,miss,No information,assisted,6.7,69.5,0,right-foot,high-right,0,43.5,94.4,No information,No information,10,No information,570,69.5,6.7,56.5,0,56.5,5.6,36,2130,shot

joao-felix,https://www.sofascore.com/azerbaijan-portugal/eUbsRUb#id:9223737,portugal,save,No information,assisted,11,60.8,0,right-foot,low-right,0,48.1,3.2,No information,No information,90,1,5429,60.8,11,51.9,0,51.9,96.8,1,871,shot
ruben-dias,https://www.sofascore.com/azerbaijan-portugal/eUbsRUb#id:9223737,portugal,miss,No information,corner,9.5,51.1,0,other,right,0,38,22.2,No information,No information,86,No information,5130,51.1,9.5,62,0,62,77.8,5,270,shot
cristiano-ronaldo,https://www.sofascore.com/azerbaijan-portugal/eUbsRUb#id:9223737,portugal,save,No information,free-kick,26,36.8,0,right-foot,high-centre,0,51.1,31.6,No information,No information,85,No information,5092,36.8,26,48.9,0,48.9,68.4,6,308,shot
bruno-fernandes,https://www.sofascore.com/azerbaijan-portugal/eUbsRUb#id:9223737,portugal,save,No information,free-kick,24,7.3,0,right-foot,high-left,0,53.9,21.5,No information,No information,82,No information,4899,7.3,24,46.1,0,46.1,78.5,9,501,shot
bruno-fernandes,https://www.sofascore.com/azerbaijan-portugal/eUbsRUb#id:9223737,portugal,save,No information,assisted,27.1,50.1,0,right-foot,low-centre,0,50,8.9,No information,No information,79,No information,4707,50.1,27.1,50,0,50,91.1,12,693,shot
bruno-fernandes,https://www.sofascore.com/azerbaijan-portugal/eUbsRUb#id:9223737,portugal,save,No information,assisted,16,48.5,0,right-foot,high-centre,0,48.5,30.4,No information,No information,77,No information,4592,48.5,16,51.5,0,51.5,69.6,14,808,shot
bruno-fernandes,https://www.sofascore.com/azerbaijan-portugal/eUbsRUb#id:9223737,portugal,save,No information,assisted,24.1,60,0,right-foot,low-centre,0,50.6,5.7,No information,No information,73,No information,4339,60,24.1,49.4,0,49.4,94.3,18,1061,shot
anatoli-nuriev,https://www.sofascore.com/azerbaijan-portugal/eUbsRUb#id:9223737,azerbaijan,miss,No information,assisted,18.8,43.3,0,right-foot,high,0,47.1,77.8,No information,No information,71,No information,4202,43.3,18.8,52.9,0,52.9,22.2,20,1198,shot
anatoli-nuriev,https://www.sofascore.com/azerbaijan-portugal/eUbsRUb#id:9223737,azerbaijan,block,No information,assisted,19.6,27.5,0,right-foot,low-left,0,54.3,19,No information,No information,70,No information,4158,27.5,19.6,45.7,0,45.7,81,21,1242,shot
cristiano-ronaldo,https://www.sofascore.com/azerbaijan-portugal/eUbsRUb#id:9223737,portugal,save,No information,corner,12.2,55.5,0,left-foot,high-centre,0,50.4,26.6,No information,No information,69,No information,4112,55.5,12.2,49.6,0,49.6,73.4,22,1288,shot
bernardo-silva,https://www.sofascore.com/azerbaijan-portugal/eUbsRUb#id:9223737,portugal,save,No information,assisted,16.7,48,0,left-foot,low-centre,0,48.4,4.4,No information,No information,67,No information,3990,48,16.7,51.6,0,51.6,95.6,24,1410,shot
bruno-fernandes,https://www.sofascore.com/azerbaijan-portugal/eUbsRUb#id:9223737,portugal,save,No information,assisted,10.4,53.4,0,head,low-right,0,46.6,4.4,No information,No information,60,No information,3568,53.4,10.4,53.4,0,53.4,95.6,31,1832,shot
cristiano-ronaldo,https://www.sofascore.com/azerbaijan-portugal/eUbsRUb#id:9223737,portugal,block,No information,free-kick,18.4,47.3,0,right-foot,low-right,0,45.5,19,No information,No information,54,No information,3218,47.3,18.4,54.5,0,54.5,81,37,2182,shot
cristiano-ronaldo,https://www.sofascore.com/azerbaijan-portugal/eUbsRUb#id:9223737,portugal,block,No information,free-kick,25.8,45.6,0,right-foot,low-centre,0,48.4,19,No information,No information,53,No information,3155,45.6,25.8,51.6,0,51.6,81,38,2245,shot
ali-ghorbani,https://www.sofascore.com/azerbaijan-portugal/eUbsRUb#id:9223737,azerbaijan,miss,No information,set-piece,8.3,52.2,0,head,high,0,53.6,84.7,No information,No information,50,No information,2971,52.2,8.3,46.4,0,46.4,15.3,41,2429,shot
mahir-emreli,https://www.sofascore.com/azerbaijan-portugal/eUbsRUb#id:9223737,azerbaijan,block,No information,assisted,23.6,57.2,0,left-foot,low-centre,0,48.6,19,No information,No information,47,No information,2819,57.2,23.6,51.4,0,51.4,81,44,2581,shot
pedro-neto,https://www.sofascore.com/azerbaijan-portugal/eUbsRUb#id:9223737,portugal,miss,No information,regular,20.2,39.2,0,left-foot,high,0,46.1,88.9,No information,No information,45,3,2879,39.2,20.2,53.9,0,53.9,11.1,1,2521,shot
ruben-neves,https://www.sofascore.com/azerbaijan-portugal/eUbsRUb#id:9223737,portugal,miss,No information,corner,10.5,65.4,0,right-foot,left,0,66.2,8.3,No information,No information,45,1,2717,65.4,10.5,33.8,0,33.8,91.7,1,2683,shot
ruben-dias,https://www.sofascore.com/azerbaijan-portugal/eUbsRUb#id:9223737,portugal,block,No information,corner,5,49.1,0,head,low-centre,0,49.4,19,No information,No information,45,No information,2669,49.1,5,50.6,0,50.6,81,1,31,shot
cristiano-ronaldo,https://www.sofascore.com/azerbaijan-portugal/eUbsRUb#id:9223737,portugal,block,No information,assisted,20.1,51.3,0,left-foot,low-left,0,53,19,No information,No information,44,No information,2629,51.3,20.1,47,0,47,81,2,71,shot
bernardo-silva,https://www.sofascore.com/azerbaijan-portugal/eUbsRUb#id:9223737,portugal,block,No information,regular,20.9,61.6,0,left-foot,low-left,0,52.4,19,No information,No information,44,No information,2612,61.6,20.9,47.6,0,47.6,81,2,88,shot
maksim-medvedev,https://www.sofascore.com/azerbaijan-portugal/eUbsRUb#id:9223737,portugal,goal,own,regular,7.5,47.5,0,other,low-centre,0,49.7,2.5,No information,No information,37,No information,2162,47.5,7.5,50.3,0,50.3,97.5,9,538,shot
ruben-neves,https://www.sofascore.com/azerbaijan-portugal/eUbsRUb#id:9223737,portugal,save,No information,assisted,23.5,51.1,0,right-foot,low-right,0,46.4,15.2,No information,No information,36,No information,2148,51.1,23.5,53.6,0,53.6,84.8,10,552,shot
joao-cancelo,https://www.sofascore.com/azerbaijan-portugal/eUbsRUb#id:9223737,portugal,save,No information,assisted,21.9,68.9,0,left-foot,low-centre,0,49.8,4.4,No information,No information,34,No information,1988,68.9,21.9,50.2,0,50.2,95.6,12,712,shot
joao-cancelo,https://www.sofascore.com/azerbaijan-portugal/eUbsRUb#id:9223737,portugal,miss,No information,assisted,8.3,73.6,0,right-foot,close-high,0,52.3,54.2,No information,No information,29,No information,1712,73.6,8.3,47.7,0,47.7,45.8,17,988,shot
cristiano-ronaldo,https://www.sofascore.com/azerbaijan-portugal/eUbsRUb#id:9223737,portugal,miss,No information,corner,6.6,46.9,0,head,left,0,62.5,13.9,No information,No information,28,No information,1644,46.9,6.6,37.5,0,37.5,86.1,18,1056,shot
cristiano-ronaldo,https://www.sofascore.com/azerbaijan-portugal/eUbsRUb#id:9223737,portugal,save,No information,assisted,9.4,41,0,head,low-centre,0,49.3,3.2,No information,No information,23,No information,1376,41,9.4,50.7,0,50.7,96.8,23,1324,shot
cristiano-ronaldo,https://www.sofascore.com/azerbaijan-portugal/eUbsRUb#id:9223737,portugal,miss,No information,assisted,4.7,57.1,0,head,high,0,53.1,70.8,No information,No information,22,No information,1294,57.1,4.7,46.9,0,46.9,29.2,24,1406,shot
joao-cancelo,https://www.sofascore.com/azerbaijan-portugal/eUbsRUb#id:9223737,portugal,block,No information,regular,15.6,71.4,0,right-foot,low-centre,0,49.3,19,No information,No information,21,No information,1214,71.4,15.6,50.7,0,50.7,81,25,1486,shot
domingos-duarte,https://www.sofascore.com/azerbaijan-portugal/eUbsRUb#id:9223737,portugal,miss,No information,corner,4.7,54.6,0,right-foot,close-right,0,42.4,22.2,No information,No information,19,No information,1083,54.6,4.7,57.6,0,57.6,77.8,27,1617,shot
andre-silva,https://www.sofascore.com/azerbaijan-portugal/eUbsRUb#id:9223737,portugal,miss,No information,assisted,8.4,42.7,0,head,close-high-left,0,56.8,43.1,No information,No information,12,No information,690,42.7,8.4,43.2,0,43.2,56.9,34,2010,shot
joao-cancelo,https://www.sofascore.com/azerbaijan-portugal/eUbsRUb#id:9223737,portugal,save,No information,assisted,23.8,64.9,0,left-foot,high-left,0,53.4,22.8,No information,No information,10,No information,564,64.9,23.8,46.6,0,46.6,77.2,36,2136,shot
ruben-neves,https://www.sofascore.com/azerbaijan-portugal/eUbsRUb#id:9223737,portugal,save,No information,assisted,27.3,46,0,right-foot,high-centre,0,49.5,31,No information,No information,10,No information,553,46,27.3,50.5,0,50.5,69,36,2147,shot
bernardo-silva,https://www.sofascore.com/azerbaijan-portugal/eUbsRUb#id:9223737,portugal,block,No information,assisted,19.5,49.7,0,left-foot,low-centre,0,49.7,19,No information,No information,4,No information,225,49.7,19.5,50.3,0,50.3,81,42,2475,shot

cristiano-ronaldo,https://www.sofascore.com/north-macedonia-portugal/eUbsCVb#id:10215729,portugal,block,No information,fast-break,4.8,47.8,0,right-foot,low-centre,0,51,19,No information,No information,79,No information,4714,47.8,4.8,49,0,49,81,12,686,shot
enis-bardhi,https://www.sofascore.com/north-macedonia-portugal/eUbsCVb#id:10215729,north macedonia,miss,No information,assisted,23.7,69.4,0,right-foot,left,0,72.1,4.2,No information,No information,72,No information,4315,69.4,23.7,27.9,0,27.9,95.8,19,1085,shot
bruno-fernandes,https://www.sofascore.com/north-macedonia-portugal/eUbsCVb#id:10215729,portugal,goal,regular,fast-break,11,51.8,0,right-foot,high-right,0,45.6,25.3,No information,No information,65,No information,3879,51.8,11,54.4,0,54.4,74.7,26,1521,shot
cristiano-ronaldo,https://www.sofascore.com/north-macedonia-portugal/eUbsCVb#id:10215729,portugal,miss,No information,corner,7.6,40.3,0,head,high-right,0,36.1,84.7,No information,No information,59,No information,3497,40.3,7.6,63.9,0,63.9,15.3,32,1903,shot
bruno-fernandes,https://www.sofascore.com/north-macedonia-portugal/eUbsCVb#id:10215729,portugal,save,No information,assisted,17.5,70.1,0,right-foot,low-centre,0,50.4,7,No information,No information,52,No information,3089,70.1,17.5,49.6,0,49.6,93,39,2311,shot
joao-cancelo,https://www.sofascore.com/north-macedonia-portugal/eUbsCVb#id:10215729,portugal,miss,No information,assisted,20.3,75.1,0,left-foot,close-high-left,0,57.5,58.3,No information,No information,45,2,2773,75.1,20.3,42.5,0,42.5,41.7,1,2627,shot
diogo-jota,https://www.sofascore.com/north-macedonia-portugal/eUbsCVb#id:10215729,portugal,miss,No information,regular,2.5,36.4,0,left-foot,left,0,61.5,6.9,No information,No information,40,No information,2395,36.4,2.5,38.5,0,38.5,93.1,6,305,shot
bruno-fernandes,https://www.sofascore.com/north-macedonia-portugal/eUbsCVb#id:10215729,portugal,goal,regular,assisted,15.1,51.9,0,right-foot,low-left,0,52.9,4.4,No information,No information,32,No information,1882,51.9,15.1,47.1,0,47.1,95.6,14,818,shot
diogo-jota,https://www.sofascore.com/north-macedonia-portugal/eUbsCVb#id:10215729,portugal,miss,No information,corner,7.8,46.1,0,head,close-high,0,55.6,56.9,No information,No information,24,No information,1415,46.1,7.8,44.4,0,44.4,43.1,22,1285,shot
ezgjan-alioski,https://www.sofascore.com/north-macedonia-portugal/eUbsCVb#id:10215729,north macedonia,miss,No information,assisted,18.9,30.3,0,left-foot,right,0,36,19.4,No information,No information,20,No information,1162,30.3,18.9,64,0,64,80.6,26,1538,shot
ezgjan-alioski,https://www.sofascore.com/north-macedonia-portugal/eUbsCVb#id:10215729,north macedonia,block,No information,assisted,15.2,22.5,0,left-foot,low-left,0,52,19,No information,No information,15,No information,879,22.5,15.2,48,0,48,81,31,1821,shot
cristiano-ronaldo,https://www.sofascore.com/north-macedonia-portugal/eUbsCVb#id:10215729,portugal,miss,No information,assisted,11.8,34,0,left-foot,close-right,0,42,4.2,No information,No information,14,No information,814,34,11.8,58,0,58,95.8,32,1886,shot
bruno-fernandes,https://www.sofascore.com/north-macedonia-portugal/eUbsCVb#id:10215729,portugal,miss,No information,assisted,4.8,25,0,head,high,0,53.6,73.6,No information,No information,13,No information,763,25,4.8,46.4,0,46.4,26.4,33,1937,shot
bruno-fernandes,https://www.sofascore.com/north-macedonia-portugal/eUbsCVb#id:10215729,portugal,block,No information,assisted,20.2,69.7,0,right-foot,low-left,0,52.6,6.9,No information,No information,9,No information,485,69.7,20.2,47.4,0,47.4,93.1,37,2215,shot

diogo-jota,https://www.sofascore.com/lithuania-portugal/eUbsBVb#id:8079035,portugal,miss,No information,assisted,8.4,37.3,0,head,close-left,0,59,19.4,No information,No information,88,No information,5265,37.3,8.4,41,0,41,80.6,3,135,shot
justas-lasickas,https://www.sofascore.com/lithuania-portugal/eUbsBVb#id:8079035,lithuania,miss,No information,regular,29.8,66.7,0,right-foot,right,0,35.8,19.4,No information,No information,84,No information,5014,66.7,29.8,64.2,0,64.2,80.6,7,386,shot
bruma,https://www.sofascore.com/lithuania-portugal/eUbsBVb#id:8079035,portugal,save,No information,regular,11.8,46.9,0,right-foot,low-centre,0,48.4,4.4,No information,No information,83,No information,4927,46.9,11.8,51.6,0,51.6,95.6,8,473,shot
goncalo-paciencia,https://www.sofascore.com/lithuania-portugal/eUbsBVb#id:8079035,portugal,save,No information,regular,26.3,37.7,0,right-foot,high-right,0,46.9,24.1,No information,No information,81,No information,4817,37.7,26.3,53.1,0,53.1,75.9,10,583,shot
goncalo-paciencia,https://www.sofascore.com/lithuania-portugal/eUbsBVb#id:8079035,portugal,save,No information,assisted,4.9,45.7,0,head,high-left,0,53.4,28.5,No information,No information,73,No information,4348,45.7,4.9,46.6,0,46.6,71.5,18,1052,shot
cristiano-ronaldo,https://www.sofascore.com/lithuania-portugal/eUbsBVb#id:8079035,portugal,miss,No information,free-kick,31.9,41.9,0,right-foot,high,0,48.6,75,No information,No information,71,No information,4255,41.9,31.9,51.4,0,51.4,25,20,1145,shot
mario-rui,https://www.sofascore.com/lithuania-portugal/eUbsBVb#id:8079035,portugal,miss,No information,assisted,53.7,42.1,0,left-foot,left,0,67.2,29.2,No information,No information,70,No information,4142,42.1,53.7,32.8,0,32.8,70.8,21,1258,shot
cristiano-ronaldo,https://www.sofascore.com/lithuania-portugal/eUbsBVb#id:8079035,portugal,miss,No information,assisted,9.2,49.4,0,left-foot,high,0,49.6,65.3,No information,No information,68,No information,4045,49.4,9.2,50.4,0,50.4,34.7,23,1355,shot
cristiano-ronaldo,https://www.sofascore.com/lithuania-portugal/eUbsBVb#id:8079035,portugal,goal,regular,assisted,8.3,39,0,right-foot,low-right,0,46.5,4.4,No information,No information,65,No information,3886,39,8.3,53.5,0,53.5,95.6,26,1514,shot
bernardo-silva,https://www.sofascore.com/lithuania-portugal/eUbsBVb#id:8079035,portugal,goal,regular,assisted,9.1,57.9,0,left-foot,low-left,0,51.9,1.3,No information,No information,63,No information,3766,57.9,9.1,48.1,0,48.1,98.7,28,1634,shot
goncalo-paciencia,https://www.sofascore.com/lithuania-portugal/eUbsBVb#id:8079035,portugal,miss,No information,assisted,5.4,47.2,0,head,high,0,52.1,80.6,No information,No information,62,No information,3677,47.2,5.4,47.9,0,47.9,19.4,29,1723,shot
cristiano-ronaldo,https://www.sofascore.com/lithuania-portugal/eUbsBVb#id:8079035,portugal,save,No information,free-kick,29.6,50.6,0,right-foot,low-left,0,54,7.6,No information,No information,60,No information,3556,50.6,29.6,46,0,46,92.4,31,1844,shot
cristiano-ronaldo,https://www.sofascore.com/lithuania-portugal/eUbsBVb#id:8079035,portugal,block,No information,regular,15.7,62.7,0,right-foot,No information,No information,No information,No information,No information,No information,58,No information,3421,62.7,15.7,No information,No information,No information,No information,33,1979,shot
goncalo-paciencia,https://www.sofascore.com/lithuania-portugal/eUbsBVb#id:8079035,portugal,goal,regular,regular,7.1,47.6,0,left-foot,low-left,0,53.9,10.1,No information,No information,56,No information,3318,47.6,7.1,46.1,0,46.1,89.9,35,2082,shot
pizzi,https://www.sofascore.com/lithuania-portugal/eUbsBVb#id:8079035,portugal,goal,regular,assisted,4.6,70.3,0,right-foot,low-left,0,52.6,9.5,No information,No information,52,No information,3082,70.3,4.6,47.4,0,47.4,90.5,39,2318,shot
cristiano-ronaldo,https://www.sofascore.com/lithuania-portugal/eUbsBVb#id:8079035,portugal,block,No information,assisted,23.5,65.7,0,right-foot,No information,No information,No information,No information,No information,No information,48,No information,2874,65.7,23.5,No information,No information,No information,No information,43,2526,shot
goncalo-paciencia,https://www.sofascore.com/lithuania-portugal/eUbsBVb#id:8079035,portugal,miss,No information,corner,4.4,64.9,0,head,high-right,0,40.2,73.6,No information,No information,46,No information,2756,64.9,4.4,59.8,0,59.8,26.4,45,2644,shot
bruno-fernandes,https://www.sofascore.com/lithuania-portugal/eUbsBVb#id:8079035,portugal,block,No information,assisted,15.7,51.3,0,right-foot,No information,No information,No information,No information,No information,No information,44,No information,2625,51.3,15.7,No information,No information,No information,No information,2,75,shot
cristiano-ronaldo,https://www.sofascore.com/lithuania-portugal/eUbsBVb#id:8079035,portugal,miss,No information,assisted,9.6,32.1,0,left-foot,high,0,53.1,84.7,No information,No information,37,No information,2218,32.1,9.6,46.9,0,46.9,15.3,9,482,shot
mario-rui,https://www.sofascore.com/lithuania-portugal/eUbsBVb#id:8079035,portugal,save,No information,corner,27.8,48.5,0,left-foot,low-left,0,52.6,1.9,No information,No information,37,No information,2199,48.5,27.8,47.4,0,47.4,98.1,9,501,shot
ruben-neves,https://www.sofascore.com/lithuania-portugal/eUbsBVb#id:8079035,portugal,block,No information,regular,28.3,49.7,0,right-foot,No information,No information,No information,No information,No information,No information,36,No information,2128,49.7,28.3,No information,No information,No information,No information,10,572,shot
cristiano-ronaldo,https://www.sofascore.com/lithuania-portugal/eUbsBVb#id:8079035,portugal,miss,No information,assisted,21.4,69.5,0,left-foot,right,0,36,1.4,No information,No information,33,No information,1959,69.5,21.4,64,0,64,98.6,13,741,shot
saulius-mikoliunas,https://www.sofascore.com/lithuania-portugal/eUbsBVb#id:8079035,lithuania,block,No information,assisted,26.1,66,0,left-foot,No information,No information,No information,No information,No information,No information,32,No information,1881,66,26.1,No information,No information,No information,No information,14,819,shot
goncalo-paciencia,https://www.sofascore.com/lithuania-portugal/eUbsBVb#id:8079035,portugal,miss,No information,assisted,12,44.9,0,right-foot,high,0,47.9,75,No information,No information,29,No information,1721,44.9,12,52.1,0,52.1,25,17,979,shot
cristiano-ronaldo,https://www.sofascore.com/lithuania-portugal/eUbsBVb#id:8079035,portugal,save,No information,assisted,10.3,56.9,0,right-foot,high-right,0,48.1,20.9,No information,No information,25,No information,1499,56.9,10.3,51.9,0,51.9,79.1,21,1201,shot
cristiano-ronaldo,https://www.sofascore.com/lithuania-portugal/eUbsBVb#id:8079035,portugal,goal,regular,assisted,20.4,33,0,right-foot,high-right,0,46,20.9,No information,No information,22,No information,1270,33,20.4,54,0,54,79.1,24,1430,shot
goncalo-paciencia,https://www.sofascore.com/lithuania-portugal/eUbsBVb#id:8079035,portugal,save,No information,corner,16.2,36.7,0,left-foot,low-left,0,52.3,2.5,No information,No information,20,No information,1152,36.7,16.2,47.7,0,47.7,97.5,26,1548,shot
cristiano-ronaldo,https://www.sofascore.com/lithuania-portugal/eUbsBVb#id:8079035,portugal,block,No information,assisted,11.7,41.9,0,left-foot,No information,No information,No information,No information,No information,No information,19,No information,1113,41.9,11.7,No information,No information,No information,No information,27,1587,shot
bruno-fernandes,https://www.sofascore.com/lithuania-portugal/eUbsBVb#id:8079035,portugal,miss,No information,corner,23.1,43.9,0,right-foot,left,0,60,16.7,No information,No information,16,No information,914,43.9,23.1,40,0,40,83.3,30,1786,shot
goncalo-paciencia,https://www.sofascore.com/lithuania-portugal/eUbsBVb#id:8079035,portugal,block,No information,assisted,12.1,43.4,0,right-foot,No information,No information,No information,No information,No information,No information,15,No information,883,43.4,12.1,No information,No information,No information,No information,31,1817,shot
goncalo-paciencia,https://www.sofascore.com/lithuania-portugal/eUbsBVb#id:8079035,portugal,save,No information,assisted,11,48,0,head,low-right,0,45.9,6.3,No information,No information,14,No information,801,48,11,54.1,0,54.1,93.7,32,1899,shot
bruno-fernandes,https://www.sofascore.com/lithuania-portugal/eUbsBVb#id:8079035,portugal,block,No information,corner,24.9,45,0,right-foot,No information,No information,No information,No information,No information,No information,11,No information,637,45,24.9,No information,No information,No information,No information,35,2063,shot
cristiano-ronaldo,https://www.sofascore.com/lithuania-portugal/eUbsBVb#id:8079035,portugal,goal,penalty,penalty,11.5,50,0,right-foot,high-centre,0,50.3,26.6,No information,No information,7,No information,392,50,11.5,49.7,0,49.7,73.4,39,2308,shot
cristiano-ronaldo,https://www.sofascore.com/lithuania-portugal/eUbsBVb#id:8079035,portugal,miss,No information,assisted,4.5,51.5,0,head,high,0,54.3,61.1,No information,No information,5,No information,242,51.5,4.5,45.7,0,45.7,38.9,41,2458,shot

ruben-neves,https://www.sofascore.com/portugal-bosnia-and-herzegovina/EObseUb#id:10752545,portugal,block,No information,free-kick,29.5,46.6,0,right-foot,low-left,0,53,19,No information,No information,80,No information,4745,46.6,29.5,47,0,47,81,11,655,shot
edin-dzeko,https://www.sofascore.com/portugal-bosnia-and-herzegovina/EObseUb#id:10752545,bosnia & herzegovina,miss,No information,corner,3.6,40.9,0,head,high,0,52.4,93.1,No information,No information,74,No information,4408,40.9,3.6,47.6,0,47.6,6.9,17,992,shot
miroslav-stevanovic,https://www.sofascore.com/portugal-bosnia-and-herzegovina/EObseUb#id:10752545,bosnia & herzegovina,block,No information,assisted,8.7,68.4,0,right-foot,low-centre,0,48.7,19,No information,No information,63,No information,3734,68.4,8.7,51.3,0,51.3,81,28,1666,shot
miroslav-stevanovic,https://www.sofascore.com/portugal-bosnia-and-herzegovina/EObseUb#id:10752545,bosnia & herzegovina,miss,No information,corner,7.5,52.8,0,head,left,0,64,26.4,No information,No information,54,No information,3194,52.8,7.5,36,0,36,73.6,37,2206,shot
joao-felix,https://www.sofascore.com/portugal-bosnia-and-herzegovina/EObseUb#id:10752545,portugal,save,No information,assisted,13.1,43.7,0,right-foot,low-left,0,53.6,3.8,No information,No information,45,3,2869,43.7,13.1,46.4,0,46.4,96.2,1,2531,shot
joao-felix,https://www.sofascore.com/portugal-bosnia-and-herzegovina/EObseUb#id:10752545,portugal,goal,regular,assisted,10.3,54.3,0,right-foot,low-right,0,47,1.3,No information,No information,41,No information,2427,54.3,10.3,53,0,53,98.7,5,273,shot
joao-cancelo,https://www.sofascore.com/portugal-bosnia-and-herzegovina/EObseUb#id:10752545,portugal,goal,regular,fast-break,15.2,42.9,0,right-foot,high-right,0,45.8,28.5,No information,No information,32,No information,1880,42.9,15.2,54.2,0,54.2,71.5,14,820,shot
bruno-fernandes,https://www.sofascore.com/portugal-bosnia-and-herzegovina/EObseUb#id:10752545,portugal,goal,regular,assisted,10,59.5,0,right-foot,high-right,0,46.2,29.1,No information,No information,25,No information,1464,59.5,10,53.8,0,53.8,70.9,21,1236,shot
cristiano-ronaldo,https://www.sofascore.com/portugal-bosnia-and-herzegovina/EObseUb#id:10752545,portugal,goal,regular,assisted,12.4,45.3,0,right-foot,low-centre,0,51,2.5,No information,No information,20,No information,1170,45.3,12.4,49,0,49,97.5,26,1530,shot
bruno-fernandes,https://www.sofascore.com/portugal-bosnia-and-herzegovina/EObseUb#id:10752545,portugal,miss,No information,assisted,9,46.2,0,right-foot,close-left,0,58.7,8.3,No information,No information,18,No information,1027,46.2,9,41.3,0,41.3,91.7,28,1673,shot
cristiano-ronaldo,https://www.sofascore.com/portugal-bosnia-and-herzegovina/EObseUb#id:10752545,portugal,goal,penalty,penalty,11.5,50,0,right-foot,low-centre,0,49.8,13.9,No information,No information,5,No information,256,50,11.5,50.2,0,50.2,86.1,41,2444,shot
joao-felix,https://www.sofascore.com/portugal-bosnia-and-herzegovina/EObseUb#id:10752545,portugal,block,No information,regular,9.4,32.7,0,left-foot,low-left,0,51.8,19,No information,No information,3,No information,142,32.7,9.4,48.2,0,48.2,81,43,2558,shot

joao-felix,https://www.sofascore.com/belgium-portugal/eUbsrUb#id:8594144,portugal,miss,No information,assisted,18.1,38,0,right-foot,close-left,0,57.5,6.9,No information,No information,90,5,5650,38,18.1,42.5,0,42.5,93.1,1,650,shot
bruno-fernandes,https://www.sofascore.com/belgium-portugal/eUbsrUb#id:8594144,portugal,miss,No information,assisted,25.8,50.9,0,right-foot,high,0,55.1,86.1,No information,No information,90,2,5491,50.9,25.8,44.9,0,44.9,13.9,1,809,shot
andre-silva,https://www.sofascore.com/belgium-portugal/eUbsrUb#id:8594144,portugal,save,No information,assisted,2.7,56.9,0,right-foot,low-centre,0,51.3,2.5,No information,No information,88,No information,5262,56.9,2.7,48.7,0,48.7,97.5,3,138,shot
cristiano-ronaldo,https://www.sofascore.com/belgium-portugal/eUbsrUb#id:8594144,portugal,block,No information,assisted,9.7,72.8,0,left-foot,low-centre,0,51.7,19,No information,No information,85,No information,5054,72.8,9.7,48.3,0,48.3,81,6,346,shot
romelu-lukaku,https://www.sofascore.com/belgium-portugal/eUbsrUb#id:8594144,belgium,miss,No information,free-kick,24.2,70.3,0,left-foot,high,0,45.5,72.2,No information,No information,84,No information,5026,70.3,24.2,54.5,0,54.5,27.8,7,374,shot
raphael-guerreiro,https://www.sofascore.com/belgium-portugal/eUbsrUb#id:8594144,portugal,post,No information,regular,17.9,43.7,0,right-foot,right,0,44.7,1.9,No information,No information,83,No information,4962,43.7,17.9,55.3,0,55.3,98.1,8,438,shot
joao-felix,https://www.sofascore.com/belgium-portugal/eUbsrUb#id:8594144,portugal,miss,No information,regular,24.5,28.5,0,right-foot,high-right,0,32.8,87.5,No information,No information,82,No information,4910,28.5,24.5,67.2,0,67.2,12.5,9,490,shot
ruben-dias,https://www.sofascore.com/belgium-portugal/eUbsrUb#id:8594144,portugal,save,No information,corner,8.6,51.2,0,head,high-centre,0,50.2,22.8,No information,No information,82,No information,4887,51.2,8.6,49.8,0,49.8,77.2,9,513,shot
andre-silva,https://www.sofascore.com/belgium-portugal/eUbsrUb#id:8594144,portugal,miss,No information,assisted,8.4,45.6,0,head,high,0,51.3,81.9,No information,No information,80,No information,4789,45.6,8.4,48.7,0,48.7,18.1,11,611,shot
cristiano-ronaldo,https://www.sofascore.com/belgium-portugal/eUbsrUb#id:8594144,portugal,block,No information,free-kick,28.1,51.3,0,right-foot,low-left,0,53.5,19,No information,No information,74,No information,4381,51.3,28.1,46.5,0,46.5,81,17,1019,shot
renato-sanches,https://www.sofascore.com/belgium-portugal/eUbsrUb#id:8594144,portugal,miss,No information,assisted,26.5,43.9,0,right-foot,left,0,62.2,6.9,No information,No information,68,No information,4062,43.9,26.5,37.8,0,37.8,93.1,23,1338,shot
romelu-lukaku,https://www.sofascore.com/belgium-portugal/eUbsrUb#id:8594144,belgium,miss,No information,assisted,17.7,35.1,0,left-foot,close-high-right,0,42.5,58.3,No information,No information,63,No information,3738,35.1,17.7,57.5,0,57.5,41.7,28,1662,shot
bruno-fernandes,https://www.sofascore.com/belgium-portugal/eUbsrUb#id:8594144,portugal,miss,No information,assisted,25.2,55.3,0,right-foot,high,0,50.1,84.7,No information,No information,62,No information,3681,55.3,25.2,49.9,0,49.9,15.3,29,1719,shot
joao-felix,https://www.sofascore.com/belgium-portugal/eUbsrUb#id:8594144,portugal,save,No information,assisted,8.3,54.5,0,head,low-right,0,46.4,14.6,No information,No information,61,No information,3613,54.5,8.3,53.6,0,53.6,85.4,30,1787,shot
diogo-jota,https://www.sofascore.com/belgium-portugal/eUbsrUb#id:8594144,portugal,miss,No information,assisted,12.1,45.4,0,right-foot,high,0,47.7,66.7,No information,No information,58,No information,3450,45.4,12.1,52.3,0,52.3,33.3,33,1950,shot
cristiano-ronaldo,https://www.sofascore.com/belgium-portugal/eUbsrUb#id:8594144,portugal,block,No information,assisted,26.4,52.4,0,right-foot,low-centre,0,49.5,19,No information,No information,54,No information,3212,52.4,26.4,50.5,0,50.5,81,37,2188,shot
joao-moutinho,https://www.sofascore.com/belgium-portugal/eUbsrUb#id:8594144,portugal,block,No information,assisted,21.6,34.9,0,left-foot,low-centre,0,51.2,19,No information,No information,52,No information,3111,34.9,21.6,48.8,0,48.8,81,39,2289,shot
joao-palhinha,https://www.sofascore.com/belgium-portugal/eUbsrUb#id:8594144,portugal,miss,No information,regular,18.7,45,0,left-foot,high-left,0,59.5,95.8,No information,No information,45,3,2825,45,18.7,40.5,0,40.5,4.2,1,2575,shot
thorgan-hazard,https://www.sofascore.com/belgium-portugal/eUbsrUb#id:8594144,belgium,goal,regular,assisted,21.9,29.3,0,right-foot,low-right,0,48,17.7,No information,No information,42,No information,2490,29.3,21.9,52,0,52,82.3,4,210,shot
raphael-guerreiro,https://www.sofascore.com/belgium-portugal/eUbsrUb#id:8594144,portugal,miss,No information,corner,26.8,51.1,0,left-foot,right,0,40.5,5.6,No information,No information,41,No information,2410,51.1,26.8,59.5,0,59.5,94.4,5,290,shot
thomas-meunier,https://www.sofascore.com/belgium-portugal/eUbsrUb#id:8594144,belgium,miss,No information,assisted,20.7,65.5,0,right-foot,close-high-left,0,58.8,56.9,No information,No information,37,No information,2205,65.5,20.7,41.2,0,41.2,43.1,9,495,shot
joao-palhinha,https://www.sofascore.com/belgium-portugal/eUbsrUb#id:8594144,portugal,block,No information,set-piece,11.4,47.9,0,head,low-centre,0,48.9,19,No information,No information,37,No information,2160,47.9,11.4,51.1,0,51.1,81,9,540,shot
joao-palhinha,https://www.sofascore.com/belgium-portugal/eUbsrUb#id:8594144,portugal,miss,No information,assisted,22.2,29.9,0,right-foot,high,0,44.9,81.9,No information,No information,27,No information,1596,29.9,22.2,55.1,0,55.1,18.1,19,1104,shot
joao-palhinha,https://www.sofascore.com/belgium-portugal/eUbsrUb#id:8594144,portugal,miss,No information,set-piece,9.4,41.5,0,head,right,0,40.2,16.7,No information,No information,25,No information,1463,41.5,9.4,59.8,0,59.8,83.3,21,1237,shot
cristiano-ronaldo,https://www.sofascore.com/belgium-portugal/eUbsrUb#id:8594144,portugal,save,No information,free-kick,23,75,0,right-foot,low-left,0,53.3,8.2,No information,No information,25,No information,1461,75,23,46.7,0,46.7,91.8,21,1239,shot
renato-sanches,https://www.sofascore.com/belgium-portugal/eUbsrUb#id:8594144,portugal,miss,No information,assisted,29.2,41,0,right-foot,right,0,40.7,2.8,No information,No information,22,No information,1295,41,29.2,59.3,0,59.3,97.2,24,1405,shot
thorgan-hazard,https://www.sofascore.com/belgium-portugal/eUbsrUb#id:8594144,belgium,block,No information,assisted,16.1,32,0,right-foot,low-left,0,52.4,19,No information,No information,19,No information,1102,32,16.1,47.6,0,47.6,81,27,1598,shot
eden-hazard,https://www.sofascore.com/belgium-portugal/eUbsrUb#id:8594144,belgium,miss,No information,assisted,20.7,35.9,0,right-foot,high-right,0,31.1,87.5,No information,No information,10,No information,573,35.9,20.7,68.9,0,68.9,12.5,36,2127,shot
diogo-jota,https://www.sofascore.com/belgium-portugal/eUbsrUb#id:8594144,portugal,miss,No information,fast-break,12.2,40.4,0,left-foot,right,0,40,5.6,No information,No information,6,No information,304,40.4,12.2,60,0,60,94.4,40,2396,shot

bernardo-silva,https://www.sofascore.com/serbia-portugal/eUbsfCc#id:9223765,portugal,block,No information,regular,9.3,59,0,left-foot,low-centre,0,49.7,19,No information,No information,90,3,5573,59,9.3,50.3,0,50.3,81,1,727,shot
cristiano-ronaldo,https://www.sofascore.com/serbia-portugal/eUbsfCc#id:9223765,portugal,block,No information,assisted,6.1,69.7,0,right-foot,low-centre,0,48.9,19,No information,No information,90,3,5570,69.7,6.1,51.1,0,51.1,81,1,730,shot
bruno-fernandes,https://www.sofascore.com/serbia-portugal/eUbsfCc#id:9223765,portugal,block,No information,assisted,21.1,73.8,0,right-foot,low-centre,0,48.9,19,No information,No information,81,No information,4828,73.8,21.1,51.1,0,51.1,81,10,572,shot
cristiano-ronaldo,https://www.sofascore.com/serbia-portugal/eUbsfCc#id:9223765,portugal,miss,No information,fast-break,21.9,34.7,0,right-foot,right,0,38.8,13.9,No information,No information,76,No information,4539,34.7,21.9,61.2,0,61.2,86.1,15,861,shot
nikola-milenkovic,https://www.sofascore.com/serbia-portugal/eUbsfCc#id:9223765,serbia,miss,No information,corner,11.2,54.6,0,head,right,0,5.5,8.3,No information,No information,71,No information,4219,54.6,11.2,94.5,0,94.5,91.7,20,1181,shot
sergej-milinkovic-savic,https://www.sofascore.com/serbia-portugal/eUbsfCc#id:9223765,serbia,miss,No information,assisted,22.1,64.1,0,right-foot,left,0,60.5,9.7,No information,No information,65,No information,3856,64.1,22.1,39.5,0,39.5,90.3,26,1544,shot
nemanja-radonjic,https://www.sofascore.com/serbia-portugal/eUbsfCc#id:9223765,serbia,save,No information,assisted,8.5,68.4,0,right-foot,low-right,0,47.6,14.6,No information,No information,65,No information,3848,68.4,8.5,52.4,0,52.4,85.4,26,1552,shot
nemanja-maksimovic,https://www.sofascore.com/serbia-portugal/eUbsfCc#id:9223765,serbia,block,No information,regular,5.3,66.3,0,right-foot,low-right,0,45.9,19,No information,No information,63,No information,3746,66.3,5.3,54.1,0,54.1,81,28,1654,shot
filip-kostic,https://www.sofascore.com/serbia-portugal/eUbsfCc#id:9223765,serbia,goal,regular,fast-break,10.7,52,0,right-foot,low-centre,0,50.9,2.5,No information,No information,60,No information,3569,52,10.7,49.1,0,49.1,97.5,31,1831,shot
cristiano-ronaldo,https://www.sofascore.com/serbia-portugal/eUbsfCc#id:9223765,portugal,block,No information,free-kick,25.9,53.2,0,right-foot,low-right,0,47,19,No information,No information,57,No information,3418,53.2,25.9,53,0,53,81,34,1982,shot
sergej-milinkovic-savic,https://www.sofascore.com/serbia-portugal/eUbsfCc#id:9223765,serbia,miss,No information,corner,3.4,57.3,0,head,close-left,0,57.5,8.3,No information,No information,55,No information,3252,57.3,3.4,42.5,0,42.5,91.7,36,2148,shot
dusan-tadic,https://www.sofascore.com/serbia-portugal/eUbsfCc#id:9223765,serbia,save,No information,set-piece,22.5,51.5,0,left-foot,high-centre,0,48.2,29.1,No information,No information,54,No information,3233,51.5,22.5,51.8,0,51.8,70.9,37,2167,shot
joao-cancelo,https://www.sofascore.com/serbia-portugal/eUbsfCc#id:9223765,portugal,save,No information,assisted,14,34,0,left-foot,low-centre,0,51.3,10.1,No information,No information,48,No information,2847,34,14,48.7,0,48.7,89.9,43,2553,shot
aleksandar-mitrovic,https://www.sofascore.com/serbia-portugal/eUbsfCc#id:9223765,serbia,goal,regular,assisted,7.1,49.6,0,head,low-centre,0,50.6,8.9,No information,No information,46,No information,2726,49.6,7.1,49.4,0,49.4,91.1,45,2674,shot
sergio-oliveira,https://www.sofascore.com/serbia-portugal/eUbsfCc#id:9223765,portugal,miss,No information,assisted,26.6,53.2,0,right-foot,left,0,67.1,4.2,No information,No information,45,1,2714,53.2,26.6,32.9,0,32.9,95.8,1,2686,shot
cristiano-ronaldo,https://www.sofascore.com/serbia-portugal/eUbsfCc#id:9223765,portugal,block,No information,assisted,26.4,54.2,0,left-foot,low-centre,0,50.1,19,No information,No information,45,1,2711,54.2,26.4,49.9,0,49.9,81,1,2689,shot
cristiano-ronaldo,https://www.sofascore.com/serbia-portugal/eUbsfCc#id:9223765,portugal,miss,No information,free-kick,23.5,39.8,0,right-foot,close-high,0,54.8,59.7,No information,No information,44,No information,2595,39.8,23.5,45.2,0,45.2,40.3,2,105,shot
aleksandar-mitrovic,https://www.sofascore.com/serbia-portugal/eUbsfCc#id:9223765,serbia,save,No information,regular,30.3,42.3,0,right-foot,low-right,0,47.7,5.7,No information,No information,42,No information,2471,42.3,30.3,52.3,0,52.3,94.3,4,229,shot
dusan-vlahovic,https://www.sofascore.com/serbia-portugal/eUbsfCc#id:9223765,serbia,miss,No information,assisted,8.4,46,0,head,right,0,40.5,13.9,No information,No information,39,No information,2287,46,8.4,59.5,0,59.5,86.1,7,413,shot
diogo-jota,https://www.sofascore.com/serbia-portugal/eUbsfCc#id:9223765,portugal,goal,regular,regular,8.7,51.3,0,head,low-left,0,53.7,14.6,No information,No information,36,No information,2138,51.3,8.7,46.3,0,46.3,85.4,10,562,shot
darko-lazovic,https://www.sofascore.com/serbia-portugal/eUbsfCc#id:9223765,serbia,miss,No information,regular,19.7,57,0,left-foot,left,0,69.7,2.8,No information,No information,35,No information,2086,57,19.7,30.3,0,30.3,97.2,11,614,shot
dusan-vlahovic,https://www.sofascore.com/serbia-portugal/eUbsfCc#id:9223765,serbia,miss,No information,assisted,11.6,47.2,0,left-foot,high,0,50.3,83.3,No information,No information,31,No information,1801,47.2,11.6,49.7,0,49.7,16.7,15,899,shot
strahinja-pavlovic,https://www.sofascore.com/serbia-portugal/eUbsfCc#id:9223765,serbia,block,No information,corner,12,54.6,0,left-foot,low-left,0,53.5,19,No information,No information,30,No information,1755,54.6,12,46.5,0,46.5,81,16,945,shot
aleksandar-mitrovic,https://www.sofascore.com/serbia-portugal/eUbsfCc#id:9223765,serbia,miss,No information,assisted,9.7,50.1,0,head,left,0,98.2,4.2,No information,No information,26,No information,1518,50.1,9.7,1.8,0,1.8,95.8,20,1182,shot
filip-kostic,https://www.sofascore.com/serbia-portugal/eUbsfCc#id:9223765,serbia,block,No information,assisted,12.2,38.6,0,head,low-right,0,46.9,19,No information,No information,16,No information,910,38.6,12.2,53.1,0,53.1,81,30,1790,shot
diogo-jota,https://www.sofascore.com/serbia-portugal/eUbsfCc#id:9223765,portugal,goal,regular,assisted,4.5,44.6,0,head,low-left,0,52.4,10.8,No information,No information,11,No information,638,44.6,4.5,47.6,0,47.6,89.2,35,2062,shot
cristiano-ronaldo,https://www.sofascore.com/serbia-portugal/eUbsfCc#id:9223765,portugal,miss,No information,assisted,8.3,65.6,0,right-foot,close-high-right,0,41.3,55.6,No information,No information,8,No information,441,65.6,8.3,58.7,0,58.7,44.4,38,2259,shot
filip-kostic,https://www.sofascore.com/serbia-portugal/eUbsfCc#id:9223765,serbia,block,No information,assisted,13.4,35.1,0,left-foot,low-centre,0,49.5,19,No information,No information,7,No information,365,35.1,13.4,50.5,0,50.5,81,39,2335,shot

diogo-jota,https://www.sofascore.com/portugal-slovakia/XTbseUb#id:10752521,portugal,miss,No information,assisted,14.1,50.5,0,right-foot,close-left,0,56.6,22.2,No information,No information,90,5,5686,50.5,14.1,43.4,0,43.4,77.8,1,614,shot
diogo-jota,https://www.sofascore.com/portugal-slovakia/XTbseUb#id:10752521,portugal,save,No information,assisted,8.9,41,0,left-foot,low-centre,0,49.6,5.1,No information,No information,90,1,5459,41,8.9,50.4,0,50.4,94.9,1,841,shot
diogo-jota,https://www.sofascore.com/portugal-slovakia/XTbseUb#id:10752521,portugal,save,No information,regular,8,60.6,0,right-foot,low-centre,0,49.7,15.2,No information,No information,90,No information,5399,60.6,8,50.3,0,50.3,84.8,1,1,shot
joao-felix,https://www.sofascore.com/portugal-slovakia/XTbseUb#id:10752521,portugal,save,No information,assisted,10,47.9,0,right-foot,low-right,0,48.1,3.2,No information,No information,90,No information,5397,47.9,10,51.9,0,51.9,96.8,1,3,shot
stanislav-lobotka,https://www.sofascore.com/portugal-slovakia/XTbseUb#id:10752521,slovakia,goal,regular,assisted,27.5,44.1,0,right-foot,high-right,0,46.1,22.2,No information,No information,80,No information,4767,44.1,27.5,53.9,0,53.9,77.8,11,633,shot
joao-felix,https://www.sofascore.com/portugal-slovakia/XTbseUb#id:10752521,portugal,miss,No information,regular,23.2,52.1,0,right-foot,close-high-right,0,42,52.8,No information,No information,79,No information,4720,52.1,23.2,58,0,58,47.2,12,680,shot
bruno-fernandes,https://www.sofascore.com/portugal-slovakia/XTbseUb#id:10752521,portugal,save,No information,assisted,19.1,52.1,0,right-foot,low-centre,0,49.6,3.8,No information,No information,78,No information,4635,52.1,19.1,50.4,0,50.4,96.2,13,765,shot
tomas-suslov,https://www.sofascore.com/portugal-slovakia/XTbseUb#id:10752521,slovakia,miss,No information,assisted,24.4,28.3,0,left-foot,close-high-left,0,59.2,47.2,No information,No information,77,No information,4586,28.3,24.4,40.8,0,40.8,52.8,14,814,shot
cristiano-ronaldo,https://www.sofascore.com/portugal-slovakia/XTbseUb#id:10752521,portugal,goal,regular,assisted,3.1,47.4,0,right-foot,low-centre,0,51,1.9,No information,No information,72,No information,4296,47.4,3.1,49,0,49,98.1,19,1104,shot
robert-polievka,https://www.sofascore.com/portugal-slovakia/XTbseUb#id:10752521,slovakia,block,No information,assisted,21.2,57.6,0,right-foot,low-centre,0,50.7,19,No information,No information,71,No information,4216,57.6,21.2,49.3,0,49.3,81,20,1184,shot
ivan-schranz,https://www.sofascore.com/portugal-slovakia/XTbseUb#id:10752521,slovakia,miss,No information,assisted,23.1,69.7,0,left-foot,right,0,40.3,1.4,No information,No information,70,No information,4160,69.7,23.1,59.7,0,59.7,98.6,21,1240,shot
david-hancko,https://www.sofascore.com/portugal-slovakia/XTbseUb#id:10752521,slovakia,goal,regular,assisted,27.8,37.7,0,left-foot,low-left,0,53.8,5.1,No information,No information,69,No information,4100,37.7,27.8,46.2,0,46.2,94.9,22,1300,shot
joao-cancelo,https://www.sofascore.com/portugal-slovakia/XTbseUb#id:10752521,portugal,miss,No information,fast-break,19.7,60.8,0,right-foot,close-high,0,50.4,48.6,No information,No information,68,No information,4052,60.8,19.7,49.6,0,49.6,51.4,23,1348,shot
david-hancko,https://www.sofascore.com/portugal-slovakia/XTbseUb#id:10752521,slovakia,save,No information,assisted,15.7,32.8,0,left-foot,low-left,0,52.4,12,No information,No information,62,No information,3690,32.8,15.7,47.6,0,47.6,88,29,1710,shot
tomas-suslov,https://www.sofascore.com/portugal-slovakia/XTbseUb#id:10752521,slovakia,miss,No information,set-piece,18.1,46,0,left-foot,high-left,0,56.1,63.9,No information,No information,58,No information,3437,46,18.1,43.9,0,43.9,36.1,33,1963,shot
tomas-suslov,https://www.sofascore.com/portugal-slovakia/XTbseUb#id:10752521,slovakia,miss,No information,corner,20.5,61.5,0,left-foot,right,0,37.1,1.4,No information,No information,55,No information,3286,61.5,20.5,62.9,0,62.9,98.6,36,2114,shot
ruben-dias,https://www.sofascore.com/portugal-slovakia/XTbseUb#id:10752521,portugal,miss,No information,corner,6.7,49.7,0,head,right,0,33.6,4.2,No information,No information,52,No information,3079,49.7,6.7,66.4,0,66.4,95.8,39,2321,shot
david-hancko,https://www.sofascore.com/portugal-slovakia/XTbseUb#id:10752521,slovakia,miss,No information,regular,28.9,22.1,0,left-foot,right,0,29.2,4.2,No information,No information,49,No information,2917,22.1,28.9,70.8,0,70.8,95.8,42,2483,shot
cristiano-ronaldo,https://www.sofascore.com/portugal-slovakia/XTbseUb#id:10752521,portugal,miss,No information,assisted,7.1,50.3,0,right-foot,close-high,0,51.3,50,No information,No information,45,2,2765,50.3,7.1,48.7,0,48.7,50,1,2635,shot
goncalo-ramos,https://www.sofascore.com/portugal-slovakia/XTbseUb#id:10752521,portugal,post,No information,fast-break,3.8,45,0,left-foot,left,0,55.5,10.8,No information,No information,43,No information,2521,45,3.8,44.5,0,44.5,89.2,3,179,shot
cristiano-ronaldo,https://www.sofascore.com/portugal-slovakia/XTbseUb#id:10752521,portugal,block,No information,fast-break,11,64.9,0,right-foot,low-centre,0,48.3,19,No information,No information,43,No information,2520,64.9,11,51.7,0,51.7,81,3,180,shot
cristiano-ronaldo,https://www.sofascore.com/portugal-slovakia/XTbseUb#id:10752521,portugal,block,No information,regular,21.3,50.7,0,left-foot,low-centre,0,49.2,19,No information,No information,40,No information,2370,50.7,21.3,50.8,0,50.8,81,6,330,shot
cristiano-ronaldo,https://www.sofascore.com/portugal-slovakia/XTbseUb#id:10752521,portugal,miss,No information,regular,10.3,51.2,0,right-foot,close-left,0,58.3,12.5,No information,No information,39,No information,2294,51.2,10.3,41.7,0,41.7,87.5,7,406,shot
bernardo-silva,https://www.sofascore.com/portugal-slovakia/XTbseUb#id:10752521,portugal,save,No information,assisted,12,57.5,0,left-foot,low-centre,0,50.3,1.9,No information,No information,39,No information,2293,57.5,12,49.7,0,49.7,98.1,7,407,shot
goncalo-ramos,https://www.sofascore.com/portugal-slovakia/XTbseUb#id:10752521,portugal,save,No information,assisted,6.1,58.2,0,right-foot,low-right,0,48,2.5,No information,No information,37,No information,2174,58.2,6.1,52,0,52,97.5,9,526,shot
cristiano-ronaldo,https://www.sofascore.com/portugal-slovakia/XTbseUb#id:10752521,portugal,goal,penalty,penalty,11.5,50,0,right-foot,low-right,0,47.4,3.2,No information,No information,29,No information,1713,50,11.5,52.6,0,52.6,96.8,17,987,shot
bruno-fernandes,https://www.sofascore.com/portugal-slovakia/XTbseUb#id:10752521,portugal,save,No information,assisted,4.6,48.1,0,head,low-centre,0,49.7,13.9,No information,No information,26,No information,1510,48.1,4.6,50.3,0,50.3,86.1,20,1190,shot
goncalo-ramos,https://www.sofascore.com/portugal-slovakia/XTbseUb#id:10752521,portugal,miss,No information,assisted,5,50.7,0,head,left,0,59.8,13.9,No information,No information,26,No information,1509,50.7,5,40.2,0,40.2,86.1,20,1191,shot
bernardo-silva,https://www.sofascore.com/portugal-slovakia/XTbseUb#id:10752521,portugal,miss,No information,corner,21.6,59.8,0,left-foot,close-right,0,42,1.4,No information,No information,23,No information,1353,59.8,21.6,58,0,58,98.6,23,1347,shot
ruben-dias,https://www.sofascore.com/portugal-slovakia/XTbseUb#id:10752521,portugal,miss,No information,corner,12.7,44.5,0,right-foot,right,0,38.5,11.1,No information,No information,23,No information,1341,44.5,12.7,61.5,0,61.5,88.9,23,1359,shot
goncalo-ramos,https://www.sofascore.com/portugal-slovakia/XTbseUb#id:10752521,portugal,goal,regular,assisted,9.3,46.8,0,head,low-centre,0,48.7,3.2,No information,No information,18,No information,1061,46.8,9.3,51.3,0,51.3,96.8,28,1639,shot
rafael-leao,https://www.sofascore.com/portugal-slovakia/XTbseUb#id:10752521,portugal,save,No information,corner,3.7,57.3,0,head,low-right,0,46.1,3.8,No information,No information,14,No information,816,57.3,3.7,53.9,0,53.9,96.2,32,1884,shot
bruno-fernandes,https://www.sofascore.com/portugal-slovakia/XTbseUb#id:10752521,portugal,save,No information,assisted,20.5,65.1,0,left-foot,high-left,0,53.2,34.2,No information,No information,14,No information,788,65.1,20.5,46.8,0,46.8,65.8,32,1912,shot
cristiano-ronaldo,https://www.sofascore.com/portugal-slovakia/XTbseUb#id:10752521,portugal,block,No information,fast-break,18.8,28.3,0,left-foot,low-centre,0,49.3,19,No information,No information,6,No information,321,28.3,18.8,50.7,0,50.7,81,40,2379,shot

mario-gavranovic,https://www.sofascore.com/portugal-switzerland/ZTbseUb#id:10023394,switzerland,miss,No information,assisted,8.5,40.9,0,head,close-high,0,55.3,58.3,No information,No information,85,No information,5098,40.9,8.5,44.7,0,44.7,41.7,6,302,shot
cristiano-ronaldo,https://www.sofascore.com/portugal-switzerland/ZTbseUb#id:10023394,portugal,save,No information,corner,4.4,45.4,0,right-foot,low-left,0,52.8,12,No information,No information,84,No information,5038,45.4,4.4,47.2,0,47.2,88,7,362,shot
cristiano-ronaldo,https://www.sofascore.com/portugal-switzerland/ZTbseUb#id:10023394,portugal,save,No information,free-kick,18.9,31,0,right-foot,high-right,0,46.5,22.8,No information,No information,84,No information,5007,31,18.9,53.5,0,53.5,77.2,7,393,shot
joao-cancelo,https://www.sofascore.com/portugal-switzerland/ZTbseUb#id:10023394,portugal,goal,regular,assisted,13.1,70,0,right-foot,low-right,0,46.4,3.2,No information,No information,68,No information,4072,70,13.1,53.6,0,53.6,96.8,23,1328,shot
bruno-fernandes,https://www.sofascore.com/portugal-switzerland/ZTbseUb#id:10023394,portugal,miss,No information,free-kick,19.8,25.6,0,right-foot,close-high,0,54.6,55.6,No information,No information,66,No information,3943,25.6,19.8,45.4,0,45.4,44.4,25,1457,shot
pepe,https://www.sofascore.com/portugal-switzerland/ZTbseUb#id:10023394,portugal,save,No information,corner,9.3,52.4,0,head,high-centre,0,50.7,25.9,No information,No information,63,No information,3740,52.4,9.3,49.3,0,49.3,74.1,28,1660,shot
bruno-fernandes,https://www.sofascore.com/portugal-switzerland/ZTbseUb#id:10023394,portugal,block,No information,corner,12.4,30.7,0,right-foot,low-left,0,53.7,19,No information,No information,60,No information,3596,30.7,12.4,46.3,0,46.3,81,31,1804,shot
cristiano-ronaldo,https://www.sofascore.com/portugal-switzerland/ZTbseUb#id:10023394,portugal,miss,No information,assisted,14.5,53.4,0,right-foot,left,0,60.3,1.4,No information,No information,45,3,2830,53.4,14.5,39.7,0,39.7,98.6,1,2570,shot
cristiano-ronaldo,https://www.sofascore.com/portugal-switzerland/ZTbseUb#id:10023394,portugal,miss,No information,assisted,5.7,49.5,0,left-foot,close-right,0,43.2,1.4,No information,No information,42,No information,2499,49.5,5.7,56.8,0,56.8,98.6,4,201,shot
cristiano-ronaldo,https://www.sofascore.com/portugal-switzerland/ZTbseUb#id:10023394,portugal,goal,regular,regular,4.4,44.1,0,right-foot,low-left,0,53.6,2.5,No information,No information,39,No information,2336,44.1,4.4,46.4,0,46.4,97.5,7,364,shot
diogo-jota,https://www.sofascore.com/portugal-switzerland/ZTbseUb#id:10023394,portugal,save,No information,assisted,5,39.2,0,left-foot,low-centre,0,48.5,2.5,No information,No information,39,No information,2335,39.2,5,51.5,0,51.5,97.5,7,365,shot
pepe,https://www.sofascore.com/portugal-switzerland/ZTbseUb#id:10023394,portugal,save,No information,corner,9.9,52.1,0,right-foot,low-centre,0,50.7,15.2,No information,No information,38,No information,2274,52.1,9.9,49.3,0,49.3,84.8,8,426,shot
pepe,https://www.sofascore.com/portugal-switzerland/ZTbseUb#id:10023394,portugal,post,No information,corner,8.9,43,0,head,left,0,55.5,16.5,No information,No information,38,No information,2270,43,8.9,44.5,0,44.5,83.5,8,430,shot
diogo-jota,https://www.sofascore.com/portugal-switzerland/ZTbseUb#id:10023394,portugal,block,No information,assisted,14.4,58.5,0,left-foot,low-right,0,48.1,19,No information,No information,38,No information,2229,58.5,14.4,51.9,0,51.9,81,8,471,shot
cristiano-ronaldo,https://www.sofascore.com/portugal-switzerland/ZTbseUb#id:10023394,portugal,goal,regular,assisted,14.5,50.5,0,right-foot,low-left,0,53.2,19,No information,No information,35,No information,2089,50.5,14.5,46.8,0,46.8,81,11,611,shot
otavio,https://www.sofascore.com/portugal-switzerland/ZTbseUb#id:10023394,portugal,miss,No information,assisted,15.2,50.9,0,right-foot,left,0,60.7,11.1,No information,No information,33,No information,1976,50.9,15.2,39.3,0,39.3,88.9,13,724,shot
otavio,https://www.sofascore.com/portugal-switzerland/ZTbseUb#id:10023394,portugal,block,No information,assisted,10.8,62.7,0,right-foot,low-centre,0,49.4,19,No information,No information,32,No information,1881,62.7,10.8,50.6,0,50.6,81,14,819,shot
xherdan-shaqiri,https://www.sofascore.com/portugal-switzerland/ZTbseUb#id:10023394,switzerland,save,No information,assisted,23.8,46.6,0,left-foot,high-left,0,51.9,24.1,No information,No information,31,No information,1853,46.6,23.8,48.1,0,48.1,75.9,15,847,shot
xherdan-shaqiri,https://www.sofascore.com/portugal-switzerland/ZTbseUb#id:10023394,switzerland,miss,No information,assisted,23.9,36.5,0,left-foot,high-left,0,59.5,84.7,No information,No information,24,No information,1431,36.5,23.9,40.5,0,40.5,15.3,22,1269,shot
haris-seferovic,https://www.sofascore.com/portugal-switzerland/ZTbseUb#id:10023394,switzerland,miss,No information,assisted,19.9,44.1,0,left-foot,close-right,0,42.7,4.2,No information,No information,24,No information,1395,44.1,19.9,57.3,0,57.3,95.8,22,1305,shot
ricardo-rodriguez,https://www.sofascore.com/portugal-switzerland/ZTbseUb#id:10023394,switzerland,miss,No information,assisted,18.2,32,0,left-foot,close-left,0,58.8,23.6,No information,No information,20,No information,1170,32,18.2,41.2,0,41.2,76.4,26,1530,shot
william-carvalho,https://www.sofascore.com/portugal-switzerland/ZTbseUb#id:10023394,portugal,goal,regular,set-piece,4.4,50.7,0,right-foot,low-right,0,47.5,0.6,No information,No information,15,No information,889,50.7,4.4,52.5,0,52.5,99.4,31,1811,shot
cristiano-ronaldo,https://www.sofascore.com/portugal-switzerland/ZTbseUb#id:10023394,portugal,save,No information,free-kick,21.6,52.6,0,right-foot,low-left,0,52.1,9.5,No information,No information,15,No information,887,52.6,21.6,47.9,0,47.9,90.5,31,1813,shot

ruben-dias,https://www.sofascore.com/croatia-portugal/eUbspUb#id:8600775,portugal,goal,regular,corner,6,48.9,0,right-foot,low-centre,0,49.7,0.6,No information,No information,90,No information,5386,48.9,6,50.3,0,50.3,99.4,1,14,shot
sergio-oliveira,https://www.sofascore.com/croatia-portugal/eUbspUb#id:8600775,portugal,miss,No information,assisted,14.8,33.9,0,right-foot,high-right,0,39.7,66.7,No information,No information,86,No information,5105,33.9,14.8,60.3,0,60.3,33.3,5,295,shot
joao-cancelo,https://www.sofascore.com/croatia-portugal/eUbspUb#id:8600775,portugal,block,No information,regular,22.1,31.4,0,right-foot,low-centre,0,51.2,19,No information,No information,81,No information,4811,31.4,22.1,48.8,0,48.8,81,10,589,shot
bernardo-silva,https://www.sofascore.com/croatia-portugal/eUbspUb#id:8600775,portugal,miss,No information,regular,3.2,57.5,0,left-foot,close-high,0,46.1,45.8,No information,No information,79,No information,4725,57.5,3.2,53.9,0,53.9,54.2,12,675,shot
francisco-trincao,https://www.sofascore.com/croatia-portugal/eUbspUb#id:8600775,portugal,save,No information,regular,13.7,45.6,0,left-foot,low-centre,0,48.6,14.6,No information,No information,79,No information,4723,45.6,13.7,51.4,0,51.4,85.4,12,677,shot
francisco-trincao,https://www.sofascore.com/croatia-portugal/eUbspUb#id:8600775,portugal,miss,No information,assisted,12.5,63.2,0,left-foot,close-right,0,42.5,4.2,No information,No information,76,No information,4557,63.2,12.5,57.5,0,57.5,95.8,15,843,shot
josip-brekalo,https://www.sofascore.com/croatia-portugal/eUbspUb#id:8600775,croatia,miss,No information,assisted,9.6,72.7,0,right-foot,left,0,74.8,5.6,No information,No information,74,No information,4429,72.7,9.6,25.2,0,25.2,94.4,17,971,shot
ivan-perisic,https://www.sofascore.com/croatia-portugal/eUbspUb#id:8600775,croatia,miss,No information,assisted,4.4,26.5,0,left-foot,right,0,17.1,8.3,No information,No information,72,No information,4311,26.5,4.4,82.9,0,82.9,91.7,19,1089,shot
mateo-kovacic,https://www.sofascore.com/croatia-portugal/eUbspUb#id:8600775,croatia,goal,regular,assisted,18.4,64,0,right-foot,low-left,0,54.2,5.1,No information,No information,65,No information,3842,64,18.4,45.8,0,45.8,94.9,26,1558,shot
diogo-jota,https://www.sofascore.com/croatia-portugal/eUbspUb#id:8600775,portugal,save,No information,corner,12.4,44.9,0,head,high-left,0,53,24.1,No information,No information,64,No information,3787,44.9,12.4,47,0,47,75.9,27,1613,shot
joao-felix,https://www.sofascore.com/croatia-portugal/eUbspUb#id:8600775,portugal,goal,regular,assisted,8.8,46,0,left-foot,low-right,0,45.7,11.4,No information,No information,60,No information,3571,46,8.8,54.3,0,54.3,88.6,31,1829,shot
francisco-trincao,https://www.sofascore.com/croatia-portugal/eUbspUb#id:8600775,portugal,block,No information,corner,17.9,54.4,0,left-foot,low-left,0,53.2,19,No information,No information,56,No information,3318,54.4,17.9,46.8,0,46.8,81,35,2082,shot
ruben-dias,https://www.sofascore.com/croatia-portugal/eUbspUb#id:8600775,portugal,goal,regular,set-piece,8.3,51.2,0,right-foot,low-right,0,47.6,2.5,No information,No information,52,No information,3095,51.2,8.3,52.4,0,52.4,97.5,39,2305,shot
cristiano-ronaldo,https://www.sofascore.com/croatia-portugal/eUbspUb#id:8600775,portugal,save,No information,free-kick,28.6,43,0,right-foot,high-centre,0,49.2,24.1,No information,No information,52,No information,3092,43,28.6,50.8,0,50.8,75.9,39,2308,shot
ruben-dias,https://www.sofascore.com/croatia-portugal/eUbspUb#id:8600775,portugal,miss,No information,set-piece,6.9,43.4,0,head,close-high,0,53.6,56.9,No information,No information,48,No information,2822,43.4,6.9,46.4,0,46.4,43.1,43,2578,shot
joao-felix,https://www.sofascore.com/croatia-portugal/eUbspUb#id:8600775,portugal,save,No information,assisted,6.4,31.6,0,left-foot,low-left,0,52.3,1.3,No information,No information,45,No information,2699,31.6,6.4,47.7,0,47.7,98.7,1,1,shot
danilo-pereira,https://www.sofascore.com/croatia-portugal/eUbspUb#id:8600775,portugal,save,No information,set-piece,12.6,43.7,0,right-foot,low-centre,0,50.3,16.5,No information,No information,39,No information,2290,43.7,12.6,49.7,0,49.7,83.5,7,410,shot
josip-juranovic,https://www.sofascore.com/croatia-portugal/eUbspUb#id:8600775,croatia,miss,No information,assisted,3.7,55.9,0,head,close-left,0,57,11.1,No information,No information,37,No information,2184,55.9,3.7,43,0,43,88.9,9,516,shot
diogo-jota,https://www.sofascore.com/croatia-portugal/eUbspUb#id:8600775,portugal,block,No information,assisted,9.7,41.9,0,left-foot,low-centre,0,51.6,19,No information,No information,35,No information,2085,41.9,9.7,48.4,0,48.4,81,11,615,shot
marko-rog,https://www.sofascore.com/croatia-portugal/eUbspUb#id:8600775,croatia,miss,No information,corner,27.4,48.4,0,right-foot,high-right,0,39,83.3,No information,No information,33,No information,1955,48.4,27.4,61,0,61,16.7,13,745,shot
mateo-kovacic,https://www.sofascore.com/croatia-portugal/eUbspUb#id:8600775,croatia,goal,regular,regular,4.1,53,0,left-foot,low-right,0,47,17.1,No information,No information,29,No information,1689,53,4.1,53,0,53,82.9,17,1011,shot
mateo-kovacic,https://www.sofascore.com/croatia-portugal/eUbspUb#id:8600775,croatia,save,No information,assisted,7.7,55.9,0,right-foot,low-right,0,47,3.8,No information,No information,29,No information,1688,55.9,7.7,53,0,53,96.2,17,1012,shot
mario-pasalic,https://www.sofascore.com/croatia-portugal/eUbspUb#id:8600775,croatia,block,No information,assisted,4.6,49.3,0,right-foot,low-centre,0,50.1,19,No information,No information,22,No information,1299,49.3,4.6,49.9,0,49.9,81,24,1401,shot
cristiano-ronaldo,https://www.sofascore.com/croatia-portugal/eUbspUb#id:8600775,portugal,miss,No information,assisted,7.7,52.6,0,head,right,0,37.5,19.4,No information,No information,19,No information,1118,52.6,7.7,62.5,0,62.5,80.6,27,1582,shot
diogo-jota,https://www.sofascore.com/croatia-portugal/eUbspUb#id:8600775,portugal,block,No information,assisted,6.1,48.2,0,head,low-centre,0,50.3,19,No information,No information,14,No information,832,48.2,6.1,49.7,0,49.7,81,32,1868,shot

bruno-fernandes,https://www.sofascore.com/portugal-bosnia-and-herzegovina/EObseUb#id:10752436,portugal,goal,regular,regular,15.7,46.8,0,right-foot,high-right,0,46,25.3,No information,No information,90,3,5524,46.8,15.7,54,0,54,74.7,1,776,shot
said-hamulic,https://www.sofascore.com/portugal-bosnia-and-herzegovina/EObseUb#id:10752436,bosnia & herzegovina,save,No information,assisted,22.6,42.7,0,right-foot,low-left,0,52.9,15.2,No information,No information,89,No information,5329,42.7,22.6,47.1,0,47.1,84.8,2,71,shot
diogo-jota,https://www.sofascore.com/portugal-bosnia-and-herzegovina/EObseUb#id:10752436,portugal,save,No information,assisted,7.6,47.5,0,right-foot,low-centre,0,51.8,12.7,No information,No information,88,No information,5251,47.5,7.6,48.2,0,48.2,87.3,3,149,shot
amar-dedic,https://www.sofascore.com/portugal-bosnia-and-herzegovina/EObseUb#id:10752436,bosnia & herzegovina,save,No information,assisted,24.7,43.4,0,left-foot,low-left,0,51.9,9.5,No information,No information,81,No information,4841,43.4,24.7,48.1,0,48.1,90.5,10,559,shot
bruno-fernandes,https://www.sofascore.com/portugal-bosnia-and-herzegovina/EObseUb#id:10752436,portugal,goal,regular,assisted,7.5,45.8,0,head,high-right,0,46.6,25.9,No information,No information,77,No information,4570,45.8,7.5,53.4,0,53.4,74.1,14,830,shot
bruno-fernandes,https://www.sofascore.com/portugal-bosnia-and-herzegovina/EObseUb#id:10752436,portugal,block,No information,assisted,9,48.2,0,right-foot,low-centre,0,49,19,No information,No information,75,No information,4451,48.2,9,51,0,51,81,16,949,shot
sead-kolasinac,https://www.sofascore.com/portugal-bosnia-and-herzegovina/EObseUb#id:10752436,bosnia & herzegovina,save,No information,assisted,4.7,36.1,0,head,low-centre,0,51.1,18.4,No information,No information,60,No information,3547,36.1,4.7,48.9,0,48.9,81.6,31,1853,shot
bruno-fernandes,https://www.sofascore.com/portugal-bosnia-and-herzegovina/EObseUb#id:10752436,portugal,miss,No information,assisted,25.1,41.8,0,left-foot,high,0,55.6,75,No information,No information,49,No information,2916,41.8,25.1,44.4,0,44.4,25,42,2484,shot
bernardo-silva,https://www.sofascore.com/portugal-bosnia-and-herzegovina/EObseUb#id:10752436,portugal,goal,regular,assisted,14.7,50.2,0,left-foot,low-right,0,46.4,14.6,No information,No information,44,No information,2629,50.2,14.7,53.6,0,53.6,85.4,2,71,shot
danilo-pereira,https://www.sofascore.com/portugal-bosnia-and-herzegovina/EObseUb#id:10752436,portugal,miss,No information,corner,8.3,47.2,0,head,right,0,0.7,8.3,No information,No information,37,No information,2213,47.2,8.3,99.3,0,99.3,91.7,9,487,shot
joao-felix,https://www.sofascore.com/portugal-bosnia-and-herzegovina/EObseUb#id:10752436,portugal,save,No information,assisted,15.1,36.7,0,right-foot,high-left,0,54.2,24.7,No information,No information,37,No information,2179,36.7,15.1,45.8,0,45.8,75.3,9,521,shot
edin-dzeko,https://www.sofascore.com/portugal-bosnia-and-herzegovina/EObseUb#id:10752436,bosnia & herzegovina,miss,No information,regular,22,53.1,0,right-foot,right,0,28.6,2.8,No information,No information,33,No information,1943,53.1,22,71.4,0,71.4,97.2,13,757,shot
edin-dzeko,https://www.sofascore.com/portugal-bosnia-and-herzegovina/EObseUb#id:10752436,bosnia & herzegovina,miss,No information,assisted,10.2,51.2,0,left-foot,high-left,0,59.3,73.6,No information,No information,29,No information,1735,51.2,10.2,40.7,0,40.7,26.4,17,965,shot
joao-palhinha,https://www.sofascore.com/portugal-bosnia-and-herzegovina/EObseUb#id:10752436,portugal,block,No information,regular,21.3,61.1,0,right-foot,low-left,0,53.3,19,No information,No information,25,No information,1480,61.1,21.3,46.7,0,46.7,81,21,1220,shot
joao-palhinha,https://www.sofascore.com/portugal-bosnia-and-herzegovina/EObseUb#id:10752436,portugal,block,No information,corner,2.2,60.9,0,right-foot,low-centre,0,49.9,19,No information,No information,21,No information,1223,60.9,2.2,50.1,0,50.1,81,25,1477,shot
amir-hadziahmetovic,https://www.sofascore.com/portugal-bosnia-and-herzegovina/EObseUb#id:10752436,bosnia & herzegovina,miss,No information,assisted,33.6,35.2,0,right-foot,right,0,31.4,26.4,No information,No information,4,No information,216,35.2,33.6,68.6,0,68.6,73.6,42,2484,shot

cristiano-ronaldo,https://www.sofascore.com/portugal-turkey/aUbseUb#id:9980677,portugal,post,No information,assisted,12.8,54.8,0,left-foot,high,0,53.8,39.9,No information,No information,90,6,5740,54.8,12.8,46.2,0,46.2,60.1,1,560,shot
matheus-nunes,https://www.sofascore.com/portugal-turkey/aUbseUb#id:9980677,portugal,goal,regular,fast-break,10.5,40.5,0,left-foot,low-right,0,46.2,5.1,No information,No information,90,4,5614,40.5,10.5,53.8,0,53.8,94.9,1,686,shot
cristiano-ronaldo,https://www.sofascore.com/portugal-turkey/aUbseUb#id:9980677,portugal,save,No information,regular,3.9,47.1,0,right-foot,low-centre,0,50.3,1.3,No information,No information,90,2,5461,47.1,3.9,49.7,0,49.7,98.7,1,839,shot
joao-felix,https://www.sofascore.com/portugal-turkey/aUbseUb#id:9980677,portugal,save,No information,assisted,12.7,73.2,0,right-foot,low-centre,0,51.6,15.8,No information,No information,90,1,5459,73.2,12.7,48.4,0,48.4,84.2,1,841,shot
burak-yilmaz,https://www.sofascore.com/portugal-turkey/aUbseUb#id:9980677,türkiye,post,No information,penalty,11.5,50,0,right-foot,high,0,47.7,40.5,No information,No information,85,No information,5059,50,11.5,52.3,0,52.3,59.5,6,341,shot
cengiz-under,https://www.sofascore.com/portugal-turkey/aUbseUb#id:9980677,türkiye,miss,No information,regular,23.5,66.4,0,left-foot,left,0,64.4,12.5,No information,No information,78,No information,4659,66.4,23.5,35.6,0,35.6,87.5,13,741,shot
otavio,https://www.sofascore.com/portugal-turkey/aUbseUb#id:9980677,portugal,miss,No information,assisted,8,56.7,0,head,left,0,62.2,11.1,No information,No information,75,No information,4459,56.7,8,37.8,0,37.8,88.9,16,941,shot
hakan-calhanoglu,https://www.sofascore.com/portugal-turkey/aUbseUb#id:9980677,türkiye,miss,No information,regular,27.9,54,0,right-foot,left,0,65.5,1.4,No information,No information,72,No information,4277,54,27.9,34.5,0,34.5,98.6,19,1123,shot
burak-yilmaz,https://www.sofascore.com/portugal-turkey/aUbseUb#id:9980677,türkiye,miss,No information,regular,8,29.5,0,left-foot,high,0,54.8,70.8,No information,No information,67,No information,4001,29.5,8,45.2,0,45.2,29.2,24,1399,shot
burak-yilmaz,https://www.sofascore.com/portugal-turkey/aUbseUb#id:9980677,türkiye,goal,regular,assisted,8.9,46,0,left-foot,low-left,0,52.5,4.4,No information,No information,65,No information,3890,46,8.9,47.5,0,47.5,95.6,26,1510,shot
diogo-jota,https://www.sofascore.com/portugal-turkey/aUbseUb#id:9980677,portugal,miss,No information,assisted,13.5,49.3,0,right-foot,close-high,0,52.8,58.3,No information,No information,58,No information,3439,49.3,13.5,47.2,0,47.2,41.7,33,1961,shot
diogo-jota,https://www.sofascore.com/portugal-turkey/aUbseUb#id:9980677,portugal,miss,No information,assisted,27.2,74.2,0,right-foot,high,0,45.7,75,No information,No information,56,No information,3308,74.2,27.2,54.3,0,54.3,25,35,2092,shot
burak-yilmaz,https://www.sofascore.com/portugal-turkey/aUbseUb#id:9980677,türkiye,save,No information,regular,12.4,26.4,0,left-foot,low-centre,0,49,3.2,No information,No information,48,No information,2876,26.4,12.4,51,0,51,96.8,43,2524,shot
bernardo-silva,https://www.sofascore.com/portugal-turkey/aUbseUb#id:9980677,portugal,save,No information,assisted,18.1,56.3,0,left-foot,low-left,0,53.2,2.5,No information,No information,48,No information,2851,56.3,18.1,46.8,0,46.8,97.5,43,2549,shot
kerem-akturkoglu,https://www.sofascore.com/portugal-turkey/aUbseUb#id:9980677,türkiye,save,No information,assisted,11.2,45.2,0,head,low-centre,0,50.5,7,No information,No information,44,No information,2601,45.2,11.2,49.5,0,49.5,93,2,99,shot
diogo-jota,https://www.sofascore.com/portugal-turkey/aUbseUb#id:9980677,portugal,goal,regular,assisted,8.8,40.3,0,head,low-left,0,54,6.3,No information,No information,42,No information,2488,40.3,8.8,46,0,46,93.7,4,212,shot
merih-demiral,https://www.sofascore.com/portugal-turkey/aUbseUb#id:9980677,türkiye,miss,No information,corner,10.9,50.2,0,head,left,0,99.5,30.6,No information,No information,28,No information,1633,50.2,10.9,0.5,0,0.5,69.4,18,1067,shot
orkun-kokcu,https://www.sofascore.com/portugal-turkey/aUbseUb#id:9980677,türkiye,save,No information,regular,14.1,65.1,0,right-foot,low-right,0,45.6,1.9,No information,No information,27,No information,1592,65.1,14.1,54.4,0,54.4,98.1,19,1108,shot
burak-yilmaz,https://www.sofascore.com/portugal-turkey/aUbseUb#id:9980677,türkiye,miss,No information,assisted,21.8,41.2,0,left-foot,right,0,37.5,8.3,No information,No information,25,No information,1473,41.2,21.8,62.5,0,62.5,91.7,21,1227,shot
cristiano-ronaldo,https://www.sofascore.com/portugal-turkey/aUbseUb#id:9980677,portugal,block,No information,fast-break,6,69.3,0,right-foot,low-centre,0,50.3,19,No information,No information,23,No information,1371,69.3,6,49.7,0,49.7,81,23,1329,shot
berkan-kutlu,https://www.sofascore.com/portugal-turkey/aUbseUb#id:9980677,türkiye,miss,No information,assisted,4.1,41.5,0,head,close-left,0,56.6,2.8,No information,No information,22,No information,1316,41.5,4.1,43.4,0,43.4,97.2,24,1384,shot
cengiz-under,https://www.sofascore.com/portugal-turkey/aUbseUb#id:9980677,türkiye,save,No information,regular,25.6,48.7,0,left-foot,low-centre,0,51.6,17.7,No information,No information,21,No information,1224,48.7,25.6,48.4,0,48.4,82.3,25,1476,shot
raphael-guerreiro,https://www.sofascore.com/portugal-turkey/aUbseUb#id:9980677,portugal,miss,No information,regular,12.2,25,0,left-foot,right,0,6.6,2.8,No information,No information,20,No information,1174,25,12.2,93.4,0,93.4,97.2,26,1526,shot
otavio,https://www.sofascore.com/portugal-turkey/aUbseUb#id:9980677,portugal,goal,regular,regular,2.7,60.3,0,right-foot,low-right,0,47.5,18.4,No information,No information,15,No information,872,60.3,2.7,52.5,0,52.5,81.6,31,1828,shot
bernardo-silva,https://www.sofascore.com/portugal-turkey/aUbseUb#id:9980677,portugal,save,No information,assisted,21.2,41.3,0,left-foot,low-left,0,53.8,3.8,No information,No information,15,No information,868,41.3,21.2,46.2,0,46.2,96.2,31,1832,shot
cristiano-ronaldo,https://www.sofascore.com/portugal-turkey/aUbseUb#id:9980677,portugal,save,No information,assisted,22.8,45.8,0,left-foot,low-centre,0,49.4,10.1,No information,No information,12,No information,710,45.8,22.8,50.6,0,50.6,89.9,34,1990,shot
diogo-jota,https://www.sofascore.com/portugal-turkey/aUbseUb#id:9980677,portugal,miss,No information,set-piece,2.7,48.5,0,right-foot,close-high,0,48.2,59.7,No information,No information,11,No information,630,48.5,2.7,51.8,0,51.8,40.3,35,2070,shot
cristiano-ronaldo,https://www.sofascore.com/portugal-turkey/aUbseUb#id:9980677,portugal,miss,No information,assisted,13.5,64.1,0,right-foot,high,0,51.9,97.2,No information,No information,9,No information,508,64.1,13.5,48.1,0,48.1,2.8,37,2192,shot

francisco-conceicao,https://www.sofascore.com/czech-republic-portugal/eUbsoUb#id:11873989,portugal,goal,regular,regular,3.6,47.4,0,left-foot,low-left,0,53.2,3.8,No information,No information,90,2,5471,47.4,3.6,46.8,0,46.8,96.2,1,829,shot
tomas-soucek,https://www.sofascore.com/czech-republic-portugal/eUbsoUb#id:11873989,czechia,miss,No information,regular,18.7,54.6,0,left-foot,close-right,0,42.2,8.3,No information,No information,81,No information,4858,54.6,18.7,57.8,0,57.8,91.7,10,542,shot
petr-sevcik,https://www.sofascore.com/czech-republic-portugal/eUbsoUb#id:11873989,czechia,block,No information,throw-in-set-piece,14.6,55,0,left-foot,low-centre,0,49.5,19,No information,No information,81,No information,4856,55,14.6,50.5,0,50.5,81,10,544,shot
bruno-fernandes,https://www.sofascore.com/czech-republic-portugal/eUbsoUb#id:11873989,portugal,block,No information,corner,11.8,19.1,0,right-foot,low-right,0,47.6,12.5,No information,No information,81,No information,4805,19.1,11.8,52.4,0,52.4,87.5,10,595,shot
vitinha,https://www.sofascore.com/czech-republic-portugal/eUbsoUb#id:11873989,portugal,save,No information,assisted,26.8,39.4,0,right-foot,low-left,0,52.5,6.3,No information,No information,78,No information,4652,39.4,26.8,47.5,0,47.5,93.7,13,748,shot
bernardo-silva,https://www.sofascore.com/czech-republic-portugal/eUbsoUb#id:11873989,portugal,save,No information,assisted,13.3,29.1,0,left-foot,low-left,0,51.9,18.4,No information,No information,72,No information,4313,29.1,13.3,48.1,0,48.1,81.6,19,1087,shot
robin-hranac,https://www.sofascore.com/czech-republic-portugal/eUbsoUb#id:11873989,portugal,goal,own,regular,1.8,48.6,0,left-foot,low-left,0,51.9,9.5,No information,No information,69,No information,4131,48.6,1.8,48.1,0,48.1,90.5,22,1269,shot
nuno-mendes,https://www.sofascore.com/czech-republic-portugal/eUbsoUb#id:11873989,portugal,save,No information,assisted,4.6,37.6,0,head,low-centre,0,49.7,0.6,No information,No information,69,No information,4129,37.6,4.6,50.3,0,50.3,99.4,22,1271,shot
lukas-provod,https://www.sofascore.com/czech-republic-portugal/eUbsoUb#id:11873989,czechia,goal,regular,assisted,20.7,56.6,0,right-foot,low-left,0,54.2,13.9,No information,No information,62,No information,3691,56.6,20.7,45.8,0,45.8,86.1,29,1709,shot
mojmir-chytil,https://www.sofascore.com/czech-republic-portugal/eUbsoUb#id:11873989,czechia,miss,No information,assisted,13,44.8,0,head,left,0,99.8,1.4,No information,No information,62,No information,3678,44.8,13,0.2,0,0.2,98.6,29,1722,shot
rafael-leao,https://www.sofascore.com/czech-republic-portugal/eUbsoUb#id:11873989,portugal,block,No information,assisted,11.2,25.6,0,right-foot,low-right,0,47.9,13.9,No information,No information,60,No information,3548,25.6,11.2,52.1,0,52.1,86.1,31,1852,shot
cristiano-ronaldo,https://www.sofascore.com/czech-republic-portugal/eUbsoUb#id:11873989,portugal,save,No information,free-kick,27.3,48.5,0,right-foot,low-centre,0,51.3,19,No information,No information,58,No information,3461,48.5,27.3,48.7,0,48.7,81,33,1939,shot
cristiano-ronaldo,https://www.sofascore.com/czech-republic-portugal/eUbsoUb#id:11873989,portugal,block,No information,assisted,9,48.9,0,head,low-centre,0,49.7,19,No information,No information,55,No information,3262,48.9,9,50.3,0,50.3,81,36,2138,shot
bernardo-silva,https://www.sofascore.com/czech-republic-portugal/eUbsoUb#id:11873989,portugal,miss,No information,regular,17.8,70.7,0,left-foot,high-left,0,59.7,63.9,No information,No information,52,No information,3081,70.7,17.8,40.3,0,40.3,36.1,39,2319,shot
diogo-dalot,https://www.sofascore.com/czech-republic-portugal/eUbsoUb#id:11873989,portugal,miss,No information,assisted,20.6,64.9,0,left-foot,high,0,53.6,75,No information,No information,46,No information,2757,64.9,20.6,46.4,0,46.4,25,45,2643,shot
cristiano-ronaldo,https://www.sofascore.com/czech-republic-portugal/eUbsoUb#id:11873989,portugal,save,No information,corner,9.8,69.6,0,left-foot,low-centre,0,51.6,17.1,No information,No information,45,1,2701,69.6,9.8,48.4,0,48.4,82.9,1,2699,shot
vitinha,https://www.sofascore.com/czech-republic-portugal/eUbsoUb#id:11873989,portugal,block,No information,assisted,11.8,44.8,0,right-foot,low-left,0,52.6,19,No information,No information,33,No information,1955,44.8,11.8,47.4,0,47.4,81,13,745,shot
vitinha,https://www.sofascore.com/czech-republic-portugal/eUbsoUb#id:11873989,portugal,save,No information,regular,22.5,41.6,0,right-foot,low-right,0,46.8,8.2,No information,No information,32,No information,1877,41.6,22.5,53.2,0,53.2,91.8,14,823,shot
cristiano-ronaldo,https://www.sofascore.com/czech-republic-portugal/eUbsoUb#id:11873989,portugal,save,No information,assisted,9.8,43.6,0,left-foot,low-centre,0,48.7,4.4,No information,No information,32,No information,1873,43.6,9.8,51.3,0,51.3,95.6,14,827,shot
bruno-fernandes,https://www.sofascore.com/czech-republic-portugal/eUbsoUb#id:11873989,portugal,block,No information,assisted,25.3,28,0,right-foot,low-left,0,52.7,19,No information,No information,24,No information,1396,28,25.3,47.3,0,47.3,81,22,1304,shot
joao-cancelo,https://www.sofascore.com/czech-republic-portugal/eUbsoUb#id:11873989,portugal,block,No information,assisted,14.2,31.1,0,right-foot,low-centre,0,49.3,19,No information,No information,23,No information,1375,31.1,14.2,50.7,0,50.7,81,23,1325,shot
ruben-dias,https://www.sofascore.com/czech-republic-portugal/eUbsoUb#id:11873989,portugal,block,No information,assisted,20.3,69.3,0,right-foot,low-centre,0,50.2,19,No information,No information,22,No information,1278,69.3,20.3,49.8,0,49.8,81,24,1422,shot
nuno-mendes,https://www.sofascore.com/czech-republic-portugal/eUbsoUb#id:11873989,portugal,miss,No information,assisted,28.5,32.7,0,left-foot,high-right,0,38.5,58.3,No information,No information,17,No information,968,32.7,28.5,61.5,0,61.5,41.7,29,1732,shot
cristiano-ronaldo,https://www.sofascore.com/czech-republic-portugal/eUbsoUb#id:11873989,portugal,miss,No information,assisted,10.6,49,0,head,close-left,0,57.6,6.9,No information,No information,8,No information,450,49,10.6,42.4,0,42.4,93.1,38,2250,shot
pavel-sulc,https://www.sofascore.com/czech-republic-portugal/eUbsoUb#id:11873989,czechia,block,No information,assisted,15.5,40.7,0,right-foot,low-right,0,48,19,No information,No information,4,No information,218,40.7,15.5,52,0,52,81,42,2482,shot

adam-vlkanova,https://www.sofascore.com/czech-republic-portugal/eUbsoUb#id:10023306,czechia,miss,No information,regular,7.7,34,0,left-foot,close-left,0,57.1,19.4,No information,No information,86,No information,5144,34,7.7,42.9,0,42.9,80.6,5,256,shot
vaclav-jurecka,https://www.sofascore.com/czech-republic-portugal/eUbsoUb#id:10023306,czechia,miss,No information,assisted,11.6,68.2,0,right-foot,high-right,0,43.4,68.1,No information,No information,71,No information,4215,68.2,11.6,56.6,0,56.6,31.9,20,1185,shot
cristiano-ronaldo,https://www.sofascore.com/czech-republic-portugal/eUbsoUb#id:10023306,portugal,save,No information,assisted,10.3,35.3,0,left-foot,low-right,0,45.5,1.3,No information,No information,71,No information,4201,35.3,10.3,54.5,0,54.5,98.7,20,1199,shot
goncalo-guedes,https://www.sofascore.com/czech-republic-portugal/eUbsoUb#id:10023306,portugal,miss,No information,regular,8.7,48.7,0,right-foot,right,0,31.8,4.2,No information,No information,66,No information,3939,48.7,8.7,68.2,0,68.2,95.8,25,1461,shot
diogo-jota,https://www.sofascore.com/czech-republic-portugal/eUbsoUb#id:10023306,portugal,save,No information,regular,14.1,49.3,0,right-foot,high-right,0,48,21.5,No information,No information,61,No information,3641,49.3,14.1,52,0,52,78.5,30,1759,shot
vaclav-jurecka,https://www.sofascore.com/czech-republic-portugal/eUbsoUb#id:10023306,czechia,miss,No information,fast-break,13,65.8,0,right-foot,close-right,0,41.7,15.3,No information,No information,60,No information,3591,65.8,13,58.3,0,58.3,84.7,31,1809,shot
william-carvalho,https://www.sofascore.com/czech-republic-portugal/eUbsoUb#id:10023306,portugal,miss,No information,corner,8.1,54.2,0,head,left,0,62.4,4.2,No information,No information,45,1,2750,54.2,8.1,37.6,0,37.6,95.8,1,2650,shot
goncalo-guedes,https://www.sofascore.com/czech-republic-portugal/eUbsoUb#id:10023306,portugal,goal,regular,assisted,9.2,64.4,0,right-foot,low-left,0,53.6,0.6,No information,No information,38,No information,2253,64.4,9.2,46.4,0,46.4,99.4,8,447,shot
joao-cancelo,https://www.sofascore.com/czech-republic-portugal/eUbsoUb#id:10023306,portugal,goal,regular,assisted,4.4,66.8,0,right-foot,low-left,0,54,17.1,No information,No information,33,No information,1948,66.8,4.4,46,0,46,82.9,13,752,shot
vladimir-coufal,https://www.sofascore.com/czech-republic-portugal/eUbsoUb#id:10023306,czechia,miss,No information,corner,24.4,38.2,0,left-foot,high-left,0,61.2,44.4,No information,No information,31,No information,1849,38.2,24.4,38.8,0,38.8,55.6,15,851,shot
jan-kuchta,https://www.sofascore.com/czech-republic-portugal/eUbsoUb#id:10023306,czechia,save,No information,assisted,10.5,32.6,0,left-foot,high-left,0,52.9,20.9,No information,No information,31,No information,1802,32.6,10.5,47.1,0,47.1,79.1,15,898,shot
goncalo-guedes,https://www.sofascore.com/czech-republic-portugal/eUbsoUb#id:10023306,portugal,miss,No information,assisted,6.5,55.3,0,right-foot,right,0,6.7,1.4,No information,No information,29,No information,1732,55.3,6.5,93.3,0,93.3,98.6,17,968,shot
cristiano-ronaldo,https://www.sofascore.com/czech-republic-portugal/eUbsoUb#id:10023306,portugal,miss,No information,fast-break,10.8,32,0,left-foot,high-left,0,59.5,47.2,No information,No information,24,No information,1391,32,10.8,40.5,0,40.5,52.8,22,1309,shot
michal-sadilek,https://www.sofascore.com/czech-republic-portugal/eUbsoUb#id:10023306,czechia,miss,No information,assisted,12.7,38.4,0,left-foot,high,0,52.3,77.8,No information,No information,17,No information,985,38.4,12.7,47.7,0,47.7,22.2,29,1715,shot
lingr-ondrej,https://www.sofascore.com/czech-republic-portugal/eUbsoUb#id:10023306,czechia,block,No information,assisted,5,72.1,0,right-foot,low-right,0,46.9,16.7,No information,No information,17,No information,976,72.1,5,53.1,0,53.1,83.3,29,1724,shot
cristiano-ronaldo,https://www.sofascore.com/czech-republic-portugal/eUbsoUb#id:10023306,portugal,save,No information,corner,15,32.8,0,right-foot,low-centre,0,49.7,5.1,No information,No information,15,No information,899,32.8,15,50.3,0,50.3,94.9,31,1801,shot
william-carvalho,https://www.sofascore.com/czech-republic-portugal/eUbsoUb#id:10023306,portugal,block,No information,set-piece,3.8,63.9,0,right-foot,low-centre,0,48.8,19,No information,No information,15,No information,850,63.9,3.8,51.2,0,51.2,81,31,1850,shot
ruben-neves,https://www.sofascore.com/czech-republic-portugal/eUbsoUb#id:10023306,portugal,miss,No information,assisted,26.4,48.5,0,right-foot,left,0,62.2,4.2,No information,No information,10,No information,542,48.5,26.4,37.8,0,37.8,95.8,36,2158,shot
lingr-ondrej,https://www.sofascore.com/czech-republic-portugal/eUbsoUb#id:10023306,czechia,miss,No information,regular,20.2,70.7,0,right-foot,high-right,0,36,66.7,No information,No information,4,No information,233,70.7,20.2,64,0,64,33.3,42,2467,shot
michal-sadilek,https://www.sofascore.com/czech-republic-portugal/eUbsoUb#id:10023306,czechia,miss,No information,regular,23.2,62.5,0,right-foot,left,0,60.5,1.4,No information,No information,4,No information,224,62.5,23.2,39.5,0,39.5,98.6,42,2476,shot

cristiano-ronaldo,https://www.sofascore.com/serbia-portugal/eUbsfCc#id:9223870,portugal,miss,No information,assisted,20.7,30.7,0,left-foot,high,0,55,93.1,No information,No information,90,3,5557,30.7,20.7,45,0,45,6.9,1,743,shot
aleksandar-mitrovic,https://www.sofascore.com/serbia-portugal/eUbsfCc#id:9223870,serbia,goal,regular,corner,8,39.5,0,head,high-left,0,54.2,20.9,No information,No information,90,No information,5377,39.5,8,45.8,0,45.8,79.1,1,23,shot
joao-palhinha,https://www.sofascore.com/serbia-portugal/eUbsfCc#id:9223870,portugal,save,No information,corner,9.7,63.3,0,head,high-centre,0,48.8,21.5,No information,No information,89,No information,5330,63.3,9.7,51.2,0,51.2,78.5,2,70,shot
aleksandar-mitrovic,https://www.sofascore.com/serbia-portugal/eUbsfCc#id:9223870,serbia,miss,No information,assisted,11.1,45.6,0,head,right,0,40,23.6,No information,No information,83,No information,4939,45.6,11.1,60,0,60,76.4,8,461,shot
dusan-vlahovic,https://www.sofascore.com/serbia-portugal/eUbsfCc#id:9223870,serbia,block,No information,assisted,14,46.6,0,left-foot,low-centre,0,49.9,19,No information,No information,77,No information,4584,46.6,14,50.1,0,50.1,81,14,816,shot
renato-sanches,https://www.sofascore.com/serbia-portugal/eUbsfCc#id:9223870,portugal,save,No information,fast-break,21.2,51.8,0,left-foot,low-centre,0,50.5,18.4,No information,No information,62,No information,3691,51.8,21.2,49.5,0,49.5,81.6,29,1709,shot
renato-sanches,https://www.sofascore.com/serbia-portugal/eUbsfCc#id:9223870,portugal,miss,No information,assisted,10.1,58.8,0,left-foot,left,0,99.3,5.6,No information,No information,52,No information,3110,58.8,10.1,0.7,0,0.7,94.4,39,2290,shot
danilo-pereira,https://www.sofascore.com/serbia-portugal/eUbsfCc#id:9223870,portugal,miss,No information,corner,6.7,49.7,0,head,close-high,0,51.1,51.4,No information,No information,42,No information,2483,49.7,6.7,48.9,0,48.9,48.6,4,217,shot
joao-moutinho,https://www.sofascore.com/serbia-portugal/eUbsfCc#id:9223870,portugal,block,No information,assisted,14.4,50.6,0,right-foot,low-right,0,47.3,19,No information,No information,41,No information,2456,50.6,14.4,52.7,0,52.7,81,5,244,shot
filip-kostic,https://www.sofascore.com/serbia-portugal/eUbsfCc#id:9223870,serbia,miss,No information,assisted,10.8,27.2,0,left-foot,close-left,0,57.1,2.8,No information,No information,40,No information,2376,27.2,10.8,42.9,0,42.9,97.2,6,324,shot
dusan-tadic,https://www.sofascore.com/serbia-portugal/eUbsfCc#id:9223870,serbia,save,No information,free-kick,27,35.1,0,left-foot,low-centre,0,49.7,3.2,No information,No information,36,No information,2132,35.1,27,50.3,0,50.3,96.8,10,568,shot
dusan-tadic,https://www.sofascore.com/serbia-portugal/eUbsfCc#id:9223870,serbia,goal,regular,assisted,18.5,49.8,0,left-foot,low-centre,0,50.3,5.1,No information,No information,33,No information,1956,49.8,18.5,49.7,0,49.7,94.9,13,744,shot
nikola-milenkovic,https://www.sofascore.com/serbia-portugal/eUbsfCc#id:9223870,serbia,miss,No information,assisted,30.3,62,0,right-foot,left,0,61.8,13.9,No information,No information,29,No information,1720,62,30.3,38.2,0,38.2,86.1,17,980,shot
cristiano-ronaldo,https://www.sofascore.com/serbia-portugal/eUbsfCc#id:9223870,portugal,block,No information,assisted,26.9,43.4,0,right-foot,low-centre,0,51.2,19,No information,No information,15,No information,872,43.4,26.9,48.8,0,48.8,81,31,1828,shot
cristiano-ronaldo,https://www.sofascore.com/serbia-portugal/eUbsfCc#id:9223870,portugal,miss,No information,free-kick,21.6,41.9,0,right-foot,close-high,0,53.1,56.9,No information,No information,14,No information,835,41.9,21.6,46.9,0,46.9,43.1,32,1865,shot
dusan-vlahovic,https://www.sofascore.com/serbia-portugal/eUbsfCc#id:9223870,serbia,miss,No information,regular,11.7,36.5,0,left-foot,high,0,51.3,76.4,No information,No information,12,No information,686,36.5,11.7,48.7,0,48.7,23.6,34,2014,shot
dusan-vlahovic,https://www.sofascore.com/serbia-portugal/eUbsfCc#id:9223870,serbia,post,No information,assisted,13.4,36.4,0,left-foot,right,0,44.8,9.5,No information,No information,12,No information,684,36.4,13.4,55.2,0,55.2,90.5,34,2016,shot
sergej-milinkovic-savic,https://www.sofascore.com/serbia-portugal/eUbsfCc#id:9223870,serbia,miss,No information,assisted,7.6,50.3,0,head,high,0,50.1,80.6,No information,No information,11,No information,649,50.3,7.6,49.9,0,49.9,19.4,35,2051,shot
dusan-vlahovic,https://www.sofascore.com/serbia-portugal/eUbsfCc#id:9223870,serbia,miss,No information,assisted,22.5,53,0,left-foot,high-left,0,61.3,72.2,No information,No information,7,No information,404,53,22.5,38.7,0,38.7,27.8,39,2296,shot
renato-sanches,https://www.sofascore.com/serbia-portugal/eUbsfCc#id:9223870,portugal,goal,regular,assisted,14.5,53.6,0,right-foot,low-right,0,48.1,13.9,No information,No information,2,No information,95,53.6,14.5,51.9,0,51.9,86.1,44,2605,shot

andre-silva,https://www.sofascore.com/germany-portugal/eUbslUb#id:8513113,portugal,block,No information,assisted,9.4,67,0,right-foot,low-right,0,46.5,19,No information,No information,90,4,5593,67,9.4,53.5,0,53.5,81,1,707,shot
marcel-halstenberg,https://www.sofascore.com/germany-portugal/eUbslUb#id:8513113,germany,miss,No information,regular,2,27.2,0,left-foot,high,0,49.4,76.4,No information,No information,90,2,5473,27.2,2,50.6,0,50.6,23.6,1,827,shot
leon-goretzka,https://www.sofascore.com/germany-portugal/eUbslUb#id:8513113,germany,post,No information,fast-break,16.2,59.8,0,right-foot,high,0,50.6,41.1,No information,No information,83,No information,4941,59.8,16.2,49.4,0,49.4,58.9,8,459,shot
renato-sanches,https://www.sofascore.com/germany-portugal/eUbslUb#id:8513113,portugal,post,No information,corner,21.9,30.5,0,right-foot,left,0,55.5,25.3,No information,No information,79,No information,4680,30.5,21.9,44.5,0,44.5,74.7,12,720,shot
diogo-jota,https://www.sofascore.com/germany-portugal/eUbslUb#id:8513113,portugal,goal,regular,set-piece,0.40000000000001,47.8,0,right-foot,low-left,0,51.9,16.5,No information,No information,67,No information,3969,47.8,0.40000000000001,48.1,0,48.1,83.5,24,1431,shot
robin-gosens,https://www.sofascore.com/germany-portugal/eUbslUb#id:8513113,germany,goal,regular,assisted,3.3,46.7,0,head,high-left,0,52.6,24.1,No information,No information,60,No information,3584,46.7,3.3,47.4,0,47.4,75.9,31,1816,shot
cristiano-ronaldo,https://www.sofascore.com/germany-portugal/eUbslUb#id:8513113,portugal,miss,No information,free-kick,26.2,28.7,0,right-foot,high,0,46.1,61.1,No information,No information,54,No information,3203,28.7,26.2,53.9,0,53.9,38.9,37,2197,shot
kai-havertz,https://www.sofascore.com/germany-portugal/eUbslUb#id:8513113,germany,goal,regular,assisted,4.1,51,0,right-foot,low-right,0,47,4.4,No information,No information,51,No information,3015,51,4.1,53,0,53,95.6,40,2385,shot
serge-gnabry,https://www.sofascore.com/germany-portugal/eUbslUb#id:8513113,germany,save,No information,fast-break,12.7,36.7,0,left-foot,low-centre,0,49.6,12,No information,No information,45,3,2863,36.7,12.7,50.4,0,50.4,88,1,2537,shot
robin-gosens,https://www.sofascore.com/germany-portugal/eUbslUb#id:8513113,germany,save,No information,assisted,7.3,29.7,0,left-foot,low-centre,0,48.3,13.9,No information,No information,44,No information,2626,29.7,7.3,51.7,0,51.7,86.1,2,74,shot
kai-havertz,https://www.sofascore.com/germany-portugal/eUbslUb#id:8513113,germany,block,No information,regular,9.3,66.3,0,right-foot,low-centre,0,48.7,19,No information,No information,40,No information,2393,66.3,9.3,51.3,0,51.3,81,6,307,shot
raphael-guerreiro,https://www.sofascore.com/germany-portugal/eUbslUb#id:8513113,germany,goal,own,regular,2.6,50.7,0,left-foot,low-centre,0,51,17.7,No information,No information,39,No information,2300,50.7,2.6,49,0,49,82.3,7,400,shot
kai-havertz,https://www.sofascore.com/germany-portugal/eUbslUb#id:8513113,germany,miss,No information,assisted,4.3,49.3,0,left-foot,right,0,35.8,6.9,No information,No information,39,No information,2298,49.3,4.3,64.2,0,64.2,93.1,7,402,shot
ruben-dias,https://www.sofascore.com/germany-portugal/eUbslUb#id:8513113,germany,goal,own,regular,6.7,48,0,left-foot,low-right,0,47.3,6.3,No information,No information,35,No information,2062,48,6.7,52.7,0,52.7,93.7,11,638,shot
diogo-jota,https://www.sofascore.com/germany-portugal/eUbslUb#id:8513113,portugal,miss,No information,set-piece,8.7,50,0,head,high,0,51.9,88.9,No information,No information,28,No information,1641,50,8.7,48.1,0,48.1,11.1,18,1059,shot
diogo-jota,https://www.sofascore.com/germany-portugal/eUbslUb#id:8513113,portugal,block,No information,assisted,24.2,37.5,0,right-foot,low-left,0,52.2,19,No information,No information,22,No information,1279,37.5,24.2,47.8,0,47.8,81,24,1421,shot
robin-gosens,https://www.sofascore.com/germany-portugal/eUbslUb#id:8513113,germany,save,No information,assisted,11.8,26.2,0,left-foot,low-centre,0,50.5,0.6,No information,No information,18,No information,1041,26.2,11.8,49.5,0,49.5,99.4,28,1659,shot
cristiano-ronaldo,https://www.sofascore.com/germany-portugal/eUbslUb#id:8513113,portugal,goal,regular,fast-break,3.7,51.8,0,left-foot,low-centre,0,49.8,1.9,No information,No information,15,No information,859,51.8,3.7,50.2,0,50.2,98.1,31,1841,shot
thomas-muller,https://www.sofascore.com/germany-portugal/eUbslUb#id:8513113,germany,save,No information,assisted,23.6,65.2,0,right-foot,low-centre,0,50.9,10.1,No information,No information,13,No information,757,65.2,23.6,49.1,0,49.1,89.9,33,1943,shot
toni-kroos,https://www.sofascore.com/germany-portugal/eUbslUb#id:8513113,germany,block,No information,assisted,14.8,42.9,0,right-foot,low-centre,0,49.3,19,No information,No information,12,No information,672,42.9,14.8,50.7,0,50.7,81,34,2028,shot
kai-havertz,https://www.sofascore.com/germany-portugal/eUbslUb#id:8513113,germany,save,No information,assisted,22.7,46.7,0,left-foot,low-right,0,46.8,3.8,No information,No information,10,No information,542,46.7,22.7,53.2,0,53.2,96.2,36,2158,shot

bruno-fernandes,https://www.sofascore.com/uruguay-portugal/eUbsAUb#id:10230539,portugal,post,No information,assisted,17.7,42.5,0,right-foot,left,0,55.3,5.7,No information,No information,90,9,5894,42.5,17.7,44.7,0,44.7,94.3,1,406,shot
bruno-fernandes,https://www.sofascore.com/uruguay-portugal/eUbsAUb#id:10230539,portugal,save,No information,assisted,3.6,64.7,0,right-foot,low-right,0,46.1,3.2,No information,No information,90,8,5839,64.7,3.6,53.9,0,53.9,96.8,1,461,shot
bruno-fernandes,https://www.sofascore.com/uruguay-portugal/eUbsAUb#id:10230539,portugal,goal,penalty,penalty,11.5,50,0,right-foot,low-left,0,52.6,1.3,No information,No information,90,3,5539,50,11.5,47.4,0,47.4,98.7,1,761,shot
federico-valverde,https://www.sofascore.com/uruguay-portugal/eUbsAUb#id:10230539,uruguay,miss,No information,set-piece,30.2,58.5,0,right-foot,high,0,49.7,86.1,No information,No information,86,No information,5148,58.5,30.2,50.3,0,50.3,13.9,5,252,shot
rafael-leao,https://www.sofascore.com/uruguay-portugal/eUbsAUb#id:10230539,portugal,miss,No information,assisted,23.6,61.4,0,right-foot,left,0,59.3,5.6,No information,No information,83,No information,4961,61.4,23.6,40.7,0,40.7,94.4,8,439,shot
giorgian-de-arrascaeta,https://www.sofascore.com/uruguay-portugal/eUbsAUb#id:10230539,uruguay,save,No information,assisted,10.8,68.9,0,right-foot,low-centre,0,50.2,2.5,No information,No information,79,No information,4689,68.9,10.8,49.8,0,49.8,97.5,12,711,shot
luis-suarez,https://www.sofascore.com/uruguay-portugal/eUbsAUb#id:10230539,uruguay,miss,No information,set-piece,3.4,43.1,0,left-foot,close-left,0,56.6,16.7,No information,No information,78,No information,4634,43.1,3.4,43.4,0,43.4,83.3,13,766,shot
maximiliano-gomez,https://www.sofascore.com/uruguay-portugal/eUbsAUb#id:10230539,uruguay,post,No information,assisted,18.7,50.2,0,right-foot,right,0,44.5,13.3,No information,No information,75,No information,4455,50.2,18.7,55.5,0,55.5,86.7,16,945,shot
mathias-olivera,https://www.sofascore.com/uruguay-portugal/eUbsAUb#id:10230539,uruguay,block,No information,assisted,9.3,44,0,head,low-centre,0,49.1,19,No information,No information,65,No information,3880,44,9.3,50.9,0,50.9,81,26,1520,shot
darwin-nunez,https://www.sofascore.com/uruguay-portugal/eUbsAUb#id:10230539,uruguay,save,No information,regular,26.7,54.5,0,right-foot,low-centre,0,49.3,3.2,No information,No information,60,No information,3550,54.5,26.7,50.7,0,50.7,96.8,31,1850,shot
edinson-cavani,https://www.sofascore.com/uruguay-portugal/eUbsAUb#id:10230539,uruguay,miss,No information,assisted,15.5,51.3,0,right-foot,left,0,70.4,18.1,No information,No information,58,No information,3445,51.3,15.5,29.6,0,29.6,81.9,33,1955,shot
cristiano-ronaldo,https://www.sofascore.com/uruguay-portugal/eUbsAUb#id:10230539,portugal,miss,No information,regular,31.9,26.4,0,right-foot,left,0,64.4,13.9,No information,No information,57,No information,3369,26.4,31.9,35.6,0,35.6,86.1,34,2031,shot
bruno-fernandes,https://www.sofascore.com/uruguay-portugal/eUbsAUb#id:10230539,portugal,goal,regular,assisted,19.8,16.1,0,right-foot,low-right,0,46.3,18.4,No information,No information,54,No information,3222,16.1,19.8,53.7,0,53.7,81.6,37,2178,shot
joao-felix,https://www.sofascore.com/uruguay-portugal/eUbsAUb#id:10230539,portugal,miss,No information,assisted,10.3,31.2,0,left-foot,close-left,0,56.8,8.3,No information,No information,52,No information,3097,31.2,10.3,43.2,0,43.2,91.7,39,2303,shot
bruno-fernandes,https://www.sofascore.com/uruguay-portugal/eUbsAUb#id:10230539,portugal,block,No information,assisted,26.2,39,0,right-foot,low-right,0,47,19,No information,No information,37,No information,2206,39,26.2,53,0,53,81,9,494,shot
bentancur-rodrigo,https://www.sofascore.com/uruguay-portugal/eUbsAUb#id:10230539,uruguay,block,No information,assisted,10.3,36.8,0,right-foot,low-left,0,53.3,19,No information,No information,36,No information,2109,36.8,10.3,46.7,0,46.7,81,10,591,shot
joao-felix,https://www.sofascore.com/uruguay-portugal/eUbsAUb#id:10230539,portugal,block,No information,assisted,28.4,38.8,0,right-foot,low-left,0,53.9,19,No information,No information,35,No information,2056,38.8,28.4,46.1,0,46.1,81,11,644,shot
cristiano-ronaldo,https://www.sofascore.com/uruguay-portugal/eUbsAUb#id:10230539,portugal,block,No information,assisted,19.7,27.2,0,left-foot,low-left,0,52.1,19,No information,No information,35,No information,2050,27.2,19.7,47.9,0,47.9,81,11,650,shot
bentancur-rodrigo,https://www.sofascore.com/uruguay-portugal/eUbsAUb#id:10230539,uruguay,save,No information,assisted,12.1,53.8,0,right-foot,low-centre,0,49.7,5.1,No information,No information,32,No information,1918,53.8,12.1,50.3,0,50.3,94.9,14,782,shot
ruben-neves,https://www.sofascore.com/uruguay-portugal/eUbsAUb#id:10230539,portugal,block,No information,regular,26.6,64.5,0,right-foot,low-left,0,54.3,19,No information,No information,20,No information,1190,64.5,26.6,45.7,0,45.7,81,26,1510,shot
cristiano-ronaldo,https://www.sofascore.com/uruguay-portugal/eUbsAUb#id:10230539,portugal,block,No information,free-kick,24.9,25.8,0,right-foot,low-centre,0,49.7,19,No information,No information,18,No information,1066,25.8,24.9,50.3,0,50.3,81,28,1634,shot
joao-felix,https://www.sofascore.com/uruguay-portugal/eUbsAUb#id:10230539,portugal,block,No information,assisted,19.2,37.6,0,right-foot,low-centre,0,49,19,No information,No information,16,No information,931,37.6,19.2,51,0,51,81,30,1769,shot
jose-maria-gimenez,https://www.sofascore.com/uruguay-portugal/eUbsAUb#id:10230539,uruguay,miss,No information,corner,10.1,48.5,0,head,close-high,0,50.1,59.7,No information,No information,12,No information,665,48.5,10.1,49.9,0,49.9,40.3,34,2035,shot
bruno-fernandes,https://www.sofascore.com/uruguay-portugal/eUbsAUb#id:10230539,portugal,miss,No information,assisted,26.5,72.1,0,right-foot,left,0,67.1,4.2,No information,No information,8,No information,436,72.1,26.5,32.9,0,32.9,95.8,38,2264,shot
william-carvalho,https://www.sofascore.com/uruguay-portugal/eUbsAUb#id:10230539,portugal,miss,No information,throw-in-set-piece,14.2,36.8,0,right-foot,high-right,0,43.4,77.8,No information,No information,3,No information,179,36.8,14.2,56.6,0,56.6,22.2,43,2521,shot
mathias-olivera,https://www.sofascore.com/uruguay-portugal/eUbsAUb#id:10230539,uruguay,miss,No information,assisted,20.7,35.3,0,left-foot,high-left,0,58.3,75,No information,No information,3,No information,121,35.3,20.7,41.7,0,41.7,25,43,2579,shot
