Player,Game Link,Country,shotType,goalType,situation,X,Y,Z,bodyPart,goalMouthLocation,Goal Mouth X,Goal mouth Y,Goal Mouth Z,XG,XGOT,time,addedTime,timeSeconds,Start X,Start Y,End X,End Y,Goal X,Goal Y,reversedPeriodTime,reversedPeriodTimeSeconds,incidentType
dennis-man,https://www.sofascore.com/liechtenstein-romania/CObsFWb#id:9223815,romania,miss,No information,regular,27.6,81.6,0,left-foot,high,0,54.5,76.4,No information,No information,89,No information,5332,81.6,27.6,45.5,0,45.5,23.6,2,68,shot
dennis-man,https://www.sofascore.com/liechtenstein-romania/CObsFWb#id:9223815,romania,block,No information,corner,18.1,69.7,0,left-foot,low-centre,0,49.9,19,No information,No information,87,No information,5211,69.7,18.1,50.1,0,50.1,81,4,189,shot
alexandru-cicaldau,https://www.sofascore.com/liechtenstein-romania/CObsFWb#id:9223815,romania,save,No information,regular,21.8,43.3,0,right-foot,low-left,0,53.2,1.9,No information,No information,85,No information,5041,43.3,21.8,46.8,0,46.8,98.1,6,359,shot
deian-sorescu,https://www.sofascore.com/liechtenstein-romania/CObsFWb#id:9223815,romania,miss,No information,regular,17.5,41.2,0,right-foot,close-left,0,58.7,5.6,No information,No information,83,No information,4965,41.2,17.5,41.3,0,41.3,94.4,8,435,shot
dennis-man,https://www.sofascore.com/liechtenstein-romania/CObsFWb#id:9223815,romania,miss,No information,assisted,8.8,54.2,0,left-foot,left,0,66.1,9.7,No information,No information,81,No information,4851,54.2,8.8,33.9,0,33.9,90.3,10,549,shot
alexandru-cicaldau,https://www.sofascore.com/liechtenstein-romania/CObsFWb#id:9223815,romania,block,No information,set-piece,19,50.7,0,right-foot,low-centre,0,49.9,19,No information,No information,79,No information,4696,50.7,19,50.1,0,50.1,81,12,704,shot
razvan-marin,https://www.sofascore.com/liechtenstein-romania/CObsFWb#id:9223815,romania,block,No information,assisted,7.5,42.7,0,right-foot,low-centre,0,51.3,19,No information,No information,74,No information,4392,42.7,7.5,48.7,0,48.7,81,17,1008,shot
razvan-marin,https://www.sofascore.com/liechtenstein-romania/CObsFWb#id:9223815,romania,save,No information,assisted,16.1,55,0,left-foot,low-centre,0,49,1.3,No information,No information,73,No information,4336,55,16.1,51,0,51,98.7,18,1064,shot
razvan-marin,https://www.sofascore.com/liechtenstein-romania/CObsFWb#id:9223815,romania,post,No information,corner,27.5,55.5,0,right-foot,left,0,55.4,10.1,No information,No information,61,No information,3601,55.5,27.5,44.6,0,44.6,89.9,30,1799,shot
jovan-markovic,https://www.sofascore.com/liechtenstein-romania/CObsFWb#id:9223815,romania,block,No information,assisted,24.8,29.5,0,right-foot,low-left,0,54.2,19,No information,No information,59,No information,3512,29.5,24.8,45.8,0,45.8,81,32,1888,shot
nicolas-hasler,https://www.sofascore.com/liechtenstein-romania/CObsFWb#id:9223815,liechtenstein,miss,No information,regular,27.1,48.5,0,left-foot,left,0,99.7,2.8,No information,No information,58,No information,3460,48.5,27.1,0.3,0,0.3,97.2,33,1940,shot
andrei-cordea,https://www.sofascore.com/liechtenstein-romania/CObsFWb#id:9223815,romania,miss,No information,assisted,21.4,69.5,0,left-foot,close-left,0,58.2,19.4,No information,No information,56,No information,3302,69.5,21.4,41.8,0,41.8,80.6,35,2098,shot
razvan-marin,https://www.sofascore.com/liechtenstein-romania/CObsFWb#id:9223815,romania,miss,No information,assisted,31.1,47.4,0,right-foot,high-right,0,32.8,98.6,No information,No information,51,No information,3043,47.4,31.1,67.2,0,67.2,1.4,40,2357,shot
maximilian-goppel,https://www.sofascore.com/liechtenstein-romania/CObsFWb#id:9223815,liechtenstein,miss,No information,regular,29.6,42.1,0,left-foot,left,0,75.6,4.2,No information,No information,49,No information,2901,42.1,29.6,24.4,0,24.4,95.8,42,2499,shot
ianis-hagi,https://www.sofascore.com/liechtenstein-romania/CObsFWb#id:9223815,romania,miss,No information,regular,24.3,26.5,0,left-foot,high-left,0,61.7,75,No information,No information,44,No information,2624,26.5,24.3,38.3,0,38.3,25,2,76,shot
razvan-marin,https://www.sofascore.com/liechtenstein-romania/CObsFWb#id:9223815,romania,miss,No information,corner,24.9,51.3,0,right-foot,high,0,50.4,81.9,No information,No information,42,No information,2482,51.3,24.9,49.6,0,49.6,18.1,4,218,shot
darius-olaru,https://www.sofascore.com/liechtenstein-romania/CObsFWb#id:9223815,romania,miss,No information,assisted,11.7,49.3,0,right-foot,high,0,51.8,84.7,No information,No information,39,No information,2336,49.3,11.7,48.2,0,48.2,15.3,7,364,shot
nicolas-hasler,https://www.sofascore.com/liechtenstein-romania/CObsFWb#id:9223815,liechtenstein,save,No information,set-piece,13.1,56.3,0,right-foot,low-left,0,53.2,3.2,No information,No information,38,No information,2223,56.3,13.1,46.8,0,46.8,96.8,8,477,shot
darius-olaru,https://www.sofascore.com/liechtenstein-romania/CObsFWb#id:9223815,romania,miss,No information,assisted,7.7,37.7,0,head,close-left,0,58.3,1.4,No information,No information,30,No information,1766,37.7,7.7,41.7,0,41.7,98.6,16,934,shot
razvan-marin,https://www.sofascore.com/liechtenstein-romania/CObsFWb#id:9223815,romania,save,No information,regular,25.1,50.5,0,right-foot,low-left,0,53.2,3.2,No information,No information,29,No information,1717,50.5,25.1,46.8,0,46.8,96.8,17,983,shot
adrian-rus,https://www.sofascore.com/liechtenstein-romania/CObsFWb#id:9223815,romania,block,No information,assisted,30.1,53.4,0,right-foot,low-centre,0,49.6,19,No information,No information,28,No information,1649,53.4,30.1,50.4,0,50.4,81,18,1051,shot
nicolae-stanciu,https://www.sofascore.com/liechtenstein-romania/CObsFWb#id:9223815,romania,block,No information,assisted,22.5,52.4,0,left-foot,low-centre,0,50.4,19,No information,No information,23,No information,1361,52.4,22.5,49.6,0,49.6,81,23,1339,shot
cristian-manea,https://www.sofascore.com/liechtenstein-romania/CObsFWb#id:9223815,romania,goal,regular,assisted,4.3,62,0,head,low-centre,0,49.3,8.9,No information,No information,18,No information,1056,62,4.3,50.7,0,50.7,91.1,28,1644,shot
ianis-hagi,https://www.sofascore.com/liechtenstein-romania/CObsFWb#id:9223815,romania,miss,No information,assisted,24.1,29.3,0,right-foot,close-left,0,56.8,1.4,No information,No information,17,No information,1001,29.3,24.1,43.2,0,43.2,98.6,29,1699,shot
nicolae-stanciu,https://www.sofascore.com/liechtenstein-romania/CObsFWb#id:9223815,romania,save,No information,assisted,23.9,43.5,0,right-foot,low-right,0,46,8.2,No information,No information,16,No information,903,43.5,23.9,54,0,54,91.8,30,1797,shot
andrei-cordea,https://www.sofascore.com/liechtenstein-romania/CObsFWb#id:9223815,romania,block,No information,assisted,22.4,74.2,0,left-foot,low-centre,0,49.3,19,No information,No information,15,No information,898,74.2,22.4,50.7,0,50.7,81,31,1802,shot
alin-tosca,https://www.sofascore.com/liechtenstein-romania/CObsFWb#id:9223815,romania,goal,regular,assisted,19.4,28.9,0,left-foot,low-right,0,45.5,13.3,No information,No information,11,No information,638,28.9,19.4,54.5,0,54.5,86.7,35,2062,shot
andrei-cordea,https://www.sofascore.com/liechtenstein-romania/CObsFWb#id:9223815,romania,miss,No information,assisted,11.7,43.1,0,head,left,0,60.2,13.9,No information,No information,7,No information,381,43.1,11.7,39.8,0,39.8,86.1,39,2319,shot
adrian-rus,https://www.sofascore.com/liechtenstein-romania/CObsFWb#id:9223815,romania,save,No information,corner,3.3,62.5,0,head,low-right,0,45.4,15.8,No information,No information,5,No information,283,62.5,3.3,54.6,0,54.6,84.2,41,2417,shot
cristian-manea,https://www.sofascore.com/liechtenstein-romania/CObsFWb#id:9223815,romania,miss,No information,regular,21.5,76.4,0,right-foot,left,0,99.2,4.2,No information,No information,2,No information,67,76.4,21.5,0.8,0,0.8,95.8,44,2633,shot

jovan-markovic,https://www.sofascore.com/iceland-romania/CObsiUb#id:9223814,romania,miss,No information,assisted,27.3,32,0,right-foot,high-right,0,43,72.2,No information,No information,90,3,5524,32,27.3,57,0,57,27.8,1,776,shot
birkir-bjarnason,https://www.sofascore.com/iceland-romania/CObsiUb#id:9223814,iceland,miss,No information,assisted,5.4,49,0,head,right,0,35.8,8.3,No information,No information,90,1,5453,49,5.4,64.2,0,64.2,91.7,1,847,shot
nicolae-stanciu,https://www.sofascore.com/iceland-romania/CObsiUb#id:9223814,romania,goal,regular,fast-break,12,33.4,0,right-foot,high-centre,0,51,24.1,No information,No information,83,No information,4973,33.4,12,49,0,49,75.9,8,427,shot
razvan-marin,https://www.sofascore.com/iceland-romania/CObsiUb#id:9223814,romania,miss,No information,assisted,28.2,46.6,0,right-foot,left,0,65.4,8.3,No information,No information,81,No information,4859,46.6,28.2,34.6,0,34.6,91.7,10,541,shot
jon-dagur-thorsteinsson,https://www.sofascore.com/iceland-romania/CObsiUb#id:9223814,iceland,miss,No information,assisted,15,29.5,0,right-foot,close-high-right,0,41.3,50,No information,No information,78,No information,4623,29.5,15,58.7,0,58.7,50,13,777,shot
birkir-bjarnason,https://www.sofascore.com/iceland-romania/CObsiUb#id:9223814,iceland,miss,No information,assisted,9,48.9,0,left-foot,close-left,0,57.1,5.6,No information,No information,76,No information,4512,48.9,9,42.9,0,42.9,94.4,15,888,shot
dennis-man,https://www.sofascore.com/iceland-romania/CObsiUb#id:9223814,romania,miss,No information,assisted,11.5,54,0,right-foot,left,0,60.7,6.9,No information,No information,73,No information,4327,54,11.5,39.3,0,39.3,93.1,18,1073,shot
isak-bergmann-johannesson,https://www.sofascore.com/iceland-romania/CObsiUb#id:9223814,iceland,save,No information,assisted,12.2,30.7,0,left-foot,low-centre,0,50.5,8.2,No information,No information,71,No information,4244,30.7,12.2,49.5,0,49.5,91.8,20,1156,shot
ianis-hagi,https://www.sofascore.com/iceland-romania/CObsiUb#id:9223814,romania,block,No information,assisted,13.2,35.1,0,right-foot,low-centre,0,50.5,19,No information,No information,70,No information,4192,35.1,13.2,49.5,0,49.5,81,21,1208,shot
denis-alibec,https://www.sofascore.com/iceland-romania/CObsiUb#id:9223814,romania,block,No information,assisted,14.4,41.5,0,left-foot,low-centre,0,50.3,19,No information,No information,70,No information,4174,41.5,14.4,49.7,0,49.7,81,21,1226,shot
denis-alibec,https://www.sofascore.com/iceland-romania/CObsiUb#id:9223814,romania,miss,No information,corner,14.4,54.3,0,left-foot,high,0,50.1,73.6,No information,No information,66,No information,3946,54.3,14.4,49.9,0,49.9,26.4,25,1454,shot
vidar-orn-kjartansson,https://www.sofascore.com/iceland-romania/CObsiUb#id:9223814,iceland,miss,No information,assisted,7.8,48.9,0,head,left,0,59.8,11.1,No information,No information,54,No information,3194,48.9,7.8,40.2,0,40.2,88.9,37,2206,shot
victor-palsson,https://www.sofascore.com/iceland-romania/CObsiUb#id:9223814,iceland,miss,No information,corner,6.8,43.1,0,head,right,0,31.3,6.9,No information,No information,50,No information,2942,43.1,6.8,68.7,0,68.7,93.1,41,2458,shot
dennis-man,https://www.sofascore.com/iceland-romania/CObsiUb#id:9223814,romania,goal,regular,regular,6.9,55.1,0,right-foot,low-right,0,47.1,3.8,No information,No information,47,No information,2761,55.1,6.9,52.9,0,52.9,96.2,44,2639,shot
nicolae-stanciu,https://www.sofascore.com/iceland-romania/CObsiUb#id:9223814,romania,miss,No information,assisted,13.8,35.9,0,left-foot,right,0,38.5,8.3,No information,No information,47,No information,2760,35.9,13.8,61.5,0,61.5,91.7,44,2640,shot
denis-alibec,https://www.sofascore.com/iceland-romania/CObsiUb#id:9223814,romania,miss,No information,assisted,23.6,33.6,0,left-foot,high-left,0,59.7,48.6,No information,No information,44,No information,2609,33.6,23.6,40.3,0,40.3,51.4,2,91,shot
dennis-man,https://www.sofascore.com/iceland-romania/CObsiUb#id:9223814,romania,save,No information,assisted,13.5,61.2,0,left-foot,low-right,0,48,7.6,No information,No information,42,No information,2469,61.2,13.5,52,0,52,92.4,4,231,shot
dragos-nedelcu,https://www.sofascore.com/iceland-romania/CObsiUb#id:9223814,romania,save,No information,assisted,31.2,55.7,0,right-foot,high-left,0,52.9,22.2,No information,No information,39,No information,2335,55.7,31.2,47.1,0,47.1,77.8,7,365,shot
alexandru-cicaldau,https://www.sofascore.com/iceland-romania/CObsiUb#id:9223814,romania,save,No information,set-piece,12,39.7,0,head,low-right,0,46.2,10.8,No information,No information,32,No information,1894,39.7,12,53.8,0,53.8,89.2,14,806,shot
nicolae-stanciu,https://www.sofascore.com/iceland-romania/CObsiUb#id:9223814,romania,miss,No information,corner,25.1,59,0,left-foot,close-left,0,57.1,29.2,No information,No information,31,No information,1845,59,25.1,42.9,0,42.9,70.8,15,855,shot
deian-sorescu,https://www.sofascore.com/iceland-romania/CObsiUb#id:9223814,romania,save,No information,assisted,8,70.7,0,right-foot,high-right,0,46.8,26.6,No information,No information,31,No information,1813,70.7,8,53.2,0,53.2,73.4,15,887,shot
birkir-bjarnason,https://www.sofascore.com/iceland-romania/CObsiUb#id:9223814,iceland,miss,No information,corner,8.8,46.9,0,head,close-left,0,58,15.3,No information,No information,30,No information,1775,46.9,8.8,42,0,42,84.7,16,925,shot
birkir-bjarnason,https://www.sofascore.com/iceland-romania/CObsiUb#id:9223814,iceland,save,No information,assisted,4.4,39.1,0,left-foot,high-centre,0,50.5,24.7,No information,No information,29,No information,1719,39.1,4.4,49.5,0,49.5,75.3,17,981,shot
andri-baldursson,https://www.sofascore.com/iceland-romania/CObsiUb#id:9223814,iceland,block,No information,assisted,18.7,47,0,right-foot,low-centre,0,49.6,19,No information,No information,29,No information,1703,47,18.7,50.4,0,50.4,81,17,997,shot
johann-gudmundsson,https://www.sofascore.com/iceland-romania/CObsiUb#id:9223814,iceland,block,No information,assisted,14,67.8,0,left-foot,low-centre,0,48.8,19,No information,No information,29,No information,1690,67.8,14,51.2,0,51.2,81,17,1010,shot
denis-alibec,https://www.sofascore.com/iceland-romania/CObsiUb#id:9223814,romania,block,No information,assisted,14.6,65.1,0,left-foot,low-left,0,52.4,19,No information,No information,26,No information,1516,65.1,14.6,47.6,0,47.6,81,20,1184,shot
vidar-orn-kjartansson,https://www.sofascore.com/iceland-romania/CObsiUb#id:9223814,iceland,miss,No information,assisted,11.2,41.9,0,head,close-high-left,0,57.6,54.2,No information,No information,24,No information,1410,41.9,11.2,42.4,0,42.4,45.8,22,1290,shot
vidar-orn-kjartansson,https://www.sofascore.com/iceland-romania/CObsiUb#id:9223814,iceland,save,No information,assisted,8.4,44.8,0,head,low-right,0,47.9,13.9,No information,No information,15,No information,865,44.8,8.4,52.1,0,52.1,86.1,31,1835,shot
alexandru-cicaldau,https://www.sofascore.com/iceland-romania/CObsiUb#id:9223814,romania,miss,No information,assisted,2.2,34.9,0,left-foot,close-left,0,56.3,16.7,No information,No information,11,No information,659,34.9,2.2,43.7,0,43.7,83.3,35,2041,shot
andri-baldursson,https://www.sofascore.com/iceland-romania/CObsiUb#id:9223814,iceland,miss,No information,regular,10.4,50.3,0,head,left,0,59.8,11.1,No information,No information,11,No information,608,50.3,10.4,40.2,0,40.2,88.9,35,2092,shot
denis-alibec,https://www.sofascore.com/iceland-romania/CObsiUb#id:9223814,romania,miss,No information,throw-in-set-piece,24.7,94.8,0,left-foot,high,0,51.4,62.5,No information,No information,5,No information,245,94.8,24.7,48.6,0,48.6,37.5,41,2455,shot
deian-sorescu,https://www.sofascore.com/iceland-romania/CObsiUb#id:9223814,romania,miss,No information,assisted,20.2,37,0,right-foot,close-high-right,0,42.5,44.4,No information,No information,4,No information,193,37,20.2,57.5,0,57.5,55.6,42,2507,shot

mihai-alexandru-dobre,https://www.sofascore.com/andorra-romania/CObstWb#id:10752389,romania,save,No information,assisted,16.3,60.5,0,right-foot,low-left,0,54.3,13.9,No information,No information,90,No information,5396,60.5,16.3,45.7,0,45.7,86.1,1,4,shot
popescu-octavian,https://www.sofascore.com/andorra-romania/CObstWb#id:10752389,romania,block,No information,assisted,5.1,61.2,0,right-foot,low-centre,0,48.5,19,No information,No information,80,No information,4784,61.2,5.1,51.5,0,51.5,81,11,616,shot
popescu-octavian,https://www.sofascore.com/andorra-romania/CObstWb#id:10752389,romania,block,No information,assisted,21.3,33.8,0,right-foot,low-centre,0,48.4,19,No information,No information,77,No information,4582,33.8,21.3,51.6,0,51.6,81,14,818,shot
popescu-octavian,https://www.sofascore.com/andorra-romania/CObstWb#id:10752389,romania,save,No information,assisted,9.2,34.1,0,left-foot,low-left,0,53.3,6.3,No information,No information,75,No information,4441,34.1,9.2,46.7,0,46.7,93.7,16,959,shot
tudor-baluta,https://www.sofascore.com/andorra-romania/CObstWb#id:10752389,romania,block,No information,corner,8.3,60,0,right-foot,low-right,0,47.8,19,No information,No information,69,No information,4084,60,8.3,52.2,0,52.2,81,22,1316,shot
alavedra-albert,https://www.sofascore.com/andorra-romania/CObstWb#id:10752389,andorra,block,No information,corner,13.2,57.7,0,head,low-centre,0,49.7,19,No information,No information,64,No information,3808,57.7,13.2,50.3,0,50.3,81,27,1592,shot
dennis-man,https://www.sofascore.com/andorra-romania/CObstWb#id:10752389,romania,miss,No information,assisted,9.4,34,0,left-foot,close-right,0,42.9,4.2,No information,No information,52,No information,3081,34,9.4,57.1,0,57.1,95.8,39,2319,shot
denis-alibec,https://www.sofascore.com/andorra-romania/CObstWb#id:10752389,romania,goal,regular,assisted,16.2,49.4,0,left-foot,low-left,0,52.8,7,No information,No information,49,No information,2937,49.4,16.2,47.2,0,47.2,93,42,2463,shot
alexandre-martinez,https://www.sofascore.com/andorra-romania/CObstWb#id:10752389,andorra,save,No information,assisted,20.1,67.8,0,right-foot,low-centre,0,51.5,7.6,No information,No information,47,No information,2817,67.8,20.1,48.5,0,48.5,92.4,44,2583,shot
andrei-ratiu,https://www.sofascore.com/andorra-romania/CObstWb#id:10752389,romania,miss,No information,corner,16.7,48,0,right-foot,high,0,49.2,63.9,No information,No information,39,No information,2297,48,16.7,50.8,0,50.8,36.1,7,403,shot
dennis-man,https://www.sofascore.com/andorra-romania/CObstWb#id:10752389,romania,goal,regular,assisted,3.1,40.3,0,head,high-left,0,53.2,30.4,No information,No information,35,No information,2040,40.3,3.1,46.8,0,46.8,69.6,11,660,shot
denis-alibec,https://www.sofascore.com/andorra-romania/CObstWb#id:10752389,romania,post,No information,assisted,10,55.5,0,head,right,0,44.7,10.1,No information,No information,29,No information,1722,55.5,10,55.3,0,55.3,89.9,17,978,shot
alexandre-martinez,https://www.sofascore.com/andorra-romania/CObstWb#id:10752389,andorra,miss,No information,assisted,5.6,33.4,0,left-foot,close-left,0,59.2,23.6,No information,No information,22,No information,1314,33.4,5.6,40.8,0,40.8,76.4,24,1386,shot
deian-sorescu,https://www.sofascore.com/andorra-romania/CObstWb#id:10752389,romania,block,No information,assisted,23.1,26.6,0,right-foot,low-centre,0,51.5,19,No information,No information,13,No information,764,26.6,23.1,48.5,0,48.5,81,33,1936,shot
denis-alibec,https://www.sofascore.com/andorra-romania/CObstWb#id:10752389,romania,miss,No information,regular,12.8,33.8,0,left-foot,high-left,0,60.7,52.8,No information,No information,9,No information,518,33.8,12.8,39.3,0,39.3,47.2,37,2182,shot

andrei-ratiu,https://www.sofascore.com/finland-romania/CObsmUb#id:10023362,romania,miss,No information,corner,11.7,55.5,0,right-foot,high,0,51.4,86.1,No information,No information,90,6,5702,55.5,11.7,48.6,0,48.6,13.9,1,598,shot
alexandru-cicaldau,https://www.sofascore.com/finland-romania/CObsmUb#id:10023362,romania,save,No information,regular,18.7,64.1,0,right-foot,high-centre,0,49.4,23.4,No information,No information,90,5,5650,64.1,18.7,50.6,0,50.6,76.6,1,650,shot
leo-vaisanen,https://www.sofascore.com/finland-romania/CObsmUb#id:10023362,finland,block,No information,corner,9.2,56.4,0,head,low-left,0,53.4,5.6,No information,No information,90,1,5458,56.4,9.2,46.6,0,46.6,94.4,1,842,shot
kaan-kairinen,https://www.sofascore.com/finland-romania/CObsmUb#id:10023362,finland,miss,No information,assisted,10.3,51.1,0,left-foot,left,0,67.9,13.9,No information,No information,90,No information,5385,51.1,10.3,32.1,0,32.1,86.1,1,15,shot
andrei-cordea,https://www.sofascore.com/finland-romania/CObsmUb#id:10023362,romania,block,No information,assisted,12.2,65.1,0,left-foot,low-centre,0,48.4,19,No information,No information,89,No information,5309,65.1,12.2,51.6,0,51.6,81,2,91,shot
benjamin-kallman,https://www.sofascore.com/finland-romania/CObsmUb#id:10023362,finland,miss,No information,assisted,7,59.4,0,right-foot,left,0,61.2,4.2,No information,No information,84,No information,5020,59.4,7,38.8,0,38.8,95.8,7,380,shot
nicolae-stanciu,https://www.sofascore.com/finland-romania/CObsmUb#id:10023362,romania,miss,No information,assisted,24.5,61.5,0,right-foot,close-right,0,43.7,34.7,No information,No information,80,No information,4767,61.5,24.5,56.3,0,56.3,65.3,11,633,shot
deian-sorescu,https://www.sofascore.com/finland-romania/CObsmUb#id:10023362,romania,block,No information,assisted,18.9,30.9,0,right-foot,low-right,0,46.7,11.1,No information,No information,65,No information,3873,30.9,18.9,53.3,0,53.3,88.9,26,1527,shot
denis-alibec,https://www.sofascore.com/finland-romania/CObsmUb#id:10023362,romania,block,No information,assisted,13.5,74.4,0,left-foot,low-centre,0,49.5,19,No information,No information,65,No information,3845,74.4,13.5,50.5,0,50.5,81,26,1555,shot
rasmus-schuller,https://www.sofascore.com/finland-romania/CObsmUb#id:10023362,finland,block,No information,assisted,26.2,45.1,0,right-foot,low-right,0,46.3,19,No information,No information,61,No information,3633,45.1,26.2,53.7,0,53.7,81,30,1767,shot
dennis-man,https://www.sofascore.com/finland-romania/CObsmUb#id:10023362,romania,save,No information,regular,18.8,50.2,0,right-foot,low-centre,0,48.5,8.2,No information,No information,60,No information,3567,50.2,18.8,51.5,0,51.5,91.8,31,1833,shot
glen-kamara,https://www.sofascore.com/finland-romania/CObsmUb#id:10023362,finland,block,No information,regular,19.5,49.7,0,left-foot,low-centre,0,48.8,19,No information,No information,59,No information,3511,49.7,19.5,51.2,0,51.2,81,32,1889,shot
florin-tanase,https://www.sofascore.com/finland-romania/CObsmUb#id:10023362,romania,goal,regular,assisted,5.1,42.9,0,right-foot,low-centre,0,51.6,1.9,No information,No information,52,No information,3100,42.9,5.1,48.4,0,48.4,98.1,39,2300,shot
deian-sorescu,https://www.sofascore.com/finland-romania/CObsmUb#id:10023362,romania,miss,No information,assisted,10.4,40.8,0,head,close-right,0,42.2,6.9,No information,No information,51,No information,3050,40.8,10.4,57.8,0,57.8,93.1,40,2350,shot
deian-sorescu,https://www.sofascore.com/finland-romania/CObsmUb#id:10023362,romania,save,No information,assisted,15.2,29.7,0,left-foot,high-centre,0,51.6,25,No information,No information,50,No information,2957,29.7,15.2,48.4,0,48.4,75,41,2443,shot
nicusor-bancu,https://www.sofascore.com/finland-romania/CObsmUb#id:10023362,romania,miss,No information,assisted,19.1,33.6,0,left-foot,high-right,0,39.2,68.1,No information,No information,39,No information,2326,33.6,19.1,60.8,0,60.8,31.9,7,374,shot
deian-sorescu,https://www.sofascore.com/finland-romania/CObsmUb#id:10023362,romania,block,No information,assisted,15.2,30.7,0,right-foot,low-right,0,46.1,18.1,No information,No information,39,No information,2312,30.7,15.2,53.9,0,53.9,81.9,7,388,shot
florin-tanase,https://www.sofascore.com/finland-romania/CObsmUb#id:10023362,romania,block,No information,assisted,8.5,43.4,0,right-foot,low-centre,0,51.1,19,No information,No information,33,No information,1946,43.4,8.5,48.9,0,48.9,81,13,754,shot
deian-sorescu,https://www.sofascore.com/finland-romania/CObsmUb#id:10023362,romania,save,No information,regular,19.4,32.8,0,right-foot,low-left,0,53.6,15.3,No information,No information,33,No information,1921,32.8,19.4,46.4,0,46.4,84.7,13,779,shot
nicusor-bancu,https://www.sofascore.com/finland-romania/CObsmUb#id:10023362,romania,block,No information,assisted,15.5,37.6,0,right-foot,low-centre,0,49.5,19,No information,No information,30,No information,1790,37.6,15.5,50.5,0,50.5,81,16,910,shot
razvan-marin,https://www.sofascore.com/finland-romania/CObsmUb#id:10023362,romania,save,No information,assisted,20.7,29.7,0,right-foot,low-right,0,47.1,13.9,No information,No information,26,No information,1519,29.7,20.7,52.9,0,52.9,86.1,20,1181,shot
teemu-pukki,https://www.sofascore.com/finland-romania/CObsmUb#id:10023362,finland,miss,No information,regular,10,67.6,0,left-foot,close-right,0,43.2,25,No information,No information,25,No information,1465,67.6,10,56.8,0,56.8,75,21,1235,shot
teemu-pukki,https://www.sofascore.com/finland-romania/CObsmUb#id:10023362,finland,goal,regular,assisted,18.4,53.7,0,right-foot,low-left,0,52.6,12.7,No information,No information,12,No information,673,53.7,18.4,47.4,0,47.4,87.3,34,2027,shot

conor-mclaughlin,https://www.sofascore.com/northern-ireland-romania/CObsLVb#id:8600747,northern ireland,miss,No information,set-piece,13.1,52.4,0,head,left,0,61.2,11.1,No information,No information,90,1,5459,52.4,13.1,38.8,0,38.8,88.9,1,841,shot
eric-bicfalvi,https://www.sofascore.com/northern-ireland-romania/CObsLVb#id:8600747,romania,goal,regular,assisted,10.3,43.3,0,left-foot,low-left,0,53.9,6.3,No information,No information,81,No information,4829,43.3,10.3,46.1,0,46.1,93.7,10,571,shot
razvan-marin,https://www.sofascore.com/northern-ireland-romania/CObsLVb#id:8600747,romania,save,No information,assisted,24.6,54.2,0,right-foot,high-right,0,47.2,34.2,No information,No information,76,No information,4522,54.2,24.6,52.8,0,52.8,65.8,15,878,shot
razvan-marin,https://www.sofascore.com/northern-ireland-romania/CObsLVb#id:8600747,romania,block,No information,assisted,15.9,53.9,0,left-foot,low-centre,0,48.3,19,No information,No information,75,No information,4491,53.9,15.9,51.7,0,51.7,81,16,909,shot
josh-magennis,https://www.sofascore.com/northern-ireland-romania/CObsLVb#id:8600747,northern ireland,block,No information,assisted,22.7,71.1,0,right-foot,low-right,0,47.6,19.4,No information,No information,67,No information,3996,71.1,22.7,52.4,0,52.4,80.6,24,1404,shot
alistair-mccann,https://www.sofascore.com/northern-ireland-romania/CObsLVb#id:8600747,northern ireland,miss,No information,assisted,12.1,45.8,0,left-foot,close-left,0,57.6,33.3,No information,No information,64,No information,3790,45.8,12.1,42.4,0,42.4,66.7,27,1610,shot
iulian-cristea,https://www.sofascore.com/northern-ireland-romania/CObsLVb#id:8600747,romania,miss,No information,set-piece,4.5,56.7,0,head,close-right,0,42.5,38.9,No information,No information,62,No information,3662,56.7,4.5,57.5,0,57.5,61.1,29,1738,shot
paddy-mcnair,https://www.sofascore.com/northern-ireland-romania/CObsLVb#id:8600747,northern ireland,block,No information,free-kick,22.5,40.4,0,right-foot,low-left,0,51.9,19,No information,No information,60,No information,3567,40.4,22.5,48.1,0,48.1,81,31,1833,shot
liam-boyce,https://www.sofascore.com/northern-ireland-romania/CObsLVb#id:8600747,northern ireland,goal,regular,corner,1.8,54.4,0,left-foot,low-right,0,46.7,1.9,No information,No information,56,No information,3322,54.4,1.8,53.3,0,53.3,98.1,35,2078,shot
liam-boyce,https://www.sofascore.com/northern-ireland-romania/CObsLVb#id:8600747,northern ireland,miss,No information,assisted,8.5,59.4,0,head,left,0,93.1,5.6,No information,No information,55,No information,3283,59.4,8.5,6.9,0,6.9,94.4,36,2117,shot
craig-cathcart,https://www.sofascore.com/northern-ireland-romania/CObsLVb#id:8600747,northern ireland,miss,No information,corner,8.5,55.8,0,head,high,0,51.6,65.3,No information,No information,44,No information,2600,55.8,8.5,48.4,0,48.4,34.7,2,100,shot
liam-boyce,https://www.sofascore.com/northern-ireland-romania/CObsLVb#id:8600747,northern ireland,miss,No information,assisted,6.9,51.8,0,head,left,0,61.8,12.5,No information,No information,43,No information,2561,51.8,6.9,38.2,0,38.2,87.5,3,139,shot
florin-tanase,https://www.sofascore.com/northern-ireland-romania/CObsLVb#id:8600747,romania,block,No information,assisted,12.2,43.5,0,right-foot,low-left,0,52.1,19,No information,No information,36,No information,2140,43.5,12.2,47.9,0,47.9,81,10,560,shot
liam-boyce,https://www.sofascore.com/northern-ireland-romania/CObsLVb#id:8600747,northern ireland,miss,No information,corner,12.1,53.1,0,right-foot,close-high-right,0,41.3,56.9,No information,No information,34,No information,2002,53.1,12.1,58.7,0,58.7,43.1,12,698,shot
florin-tanase,https://www.sofascore.com/northern-ireland-romania/CObsLVb#id:8600747,romania,block,No information,assisted,21.4,19.1,0,right-foot,low-left,0,52.2,19,No information,No information,27,No information,1592,19.1,21.4,47.8,0,47.8,81,19,1108,shot
dennis-man,https://www.sofascore.com/northern-ireland-romania/CObsLVb#id:8600747,romania,save,No information,assisted,14.9,70.7,0,left-foot,low-right,0,46.2,0.6,No information,No information,8,No information,442,70.7,14.9,53.8,0,53.8,99.4,38,2258,shot
ballard-daniel,https://www.sofascore.com/northern-ireland-romania/CObsLVb#id:8600747,northern ireland,miss,No information,set-piece,3.4,57.2,0,right-foot,right,0,40.5,19.4,No information,No information,2,No information,68,57.2,3.4,59.5,0,59.5,80.6,44,2632,shot

mihai-balasa,https://www.sofascore.com/austria-romania/CObstUb#id:8600786,romania,block,No information,corner,9,48,0,head,low-centre,0,50.2,19,No information,No information,90,3,5554,48,9,49.8,0,49.8,81,1,746,shot
alessandro-schopf,https://www.sofascore.com/austria-romania/CObstUb#id:8600786,austria,goal,regular,assisted,13.5,60.6,0,right-foot,low-left,0,53.1,1.3,No information,No information,75,No information,4493,60.6,13.5,46.9,0,46.9,98.7,16,907,shot
christoph-baumgartner,https://www.sofascore.com/austria-romania/CObstUb#id:8600786,austria,save,No information,assisted,11.2,49.9,0,right-foot,high-centre,0,50.2,29.1,No information,No information,65,No information,3853,49.9,11.2,49.8,0,49.8,70.9,26,1547,shot
xaver-schlager,https://www.sofascore.com/austria-romania/CObstUb#id:8600786,austria,miss,No information,assisted,8.7,37.3,0,head,close-left,0,57.5,9.7,No information,No information,63,No information,3770,37.3,8.7,42.5,0,42.5,90.3,28,1630,shot
ciprian-deac,https://www.sofascore.com/austria-romania/CObstUb#id:8600786,romania,miss,No information,assisted,19.7,65.2,0,left-foot,high,0,55.1,91.7,No information,No information,55,No information,3291,65.2,19.7,44.9,0,44.9,8.3,36,2109,shot
christoph-baumgartner,https://www.sofascore.com/austria-romania/CObstUb#id:8600786,austria,miss,No information,assisted,5.5,53.9,0,head,close-right,0,42.7,2.8,No information,No information,50,No information,2958,53.9,5.5,57.3,0,57.3,97.2,41,2442,shot
christoph-baumgartner,https://www.sofascore.com/austria-romania/CObstUb#id:8600786,austria,miss,No information,assisted,15.5,52.5,0,right-foot,close-right,0,43.7,6.9,No information,No information,48,No information,2871,52.5,15.5,56.3,0,56.3,93.1,43,2529,shot
julian-baumgartlinger,https://www.sofascore.com/austria-romania/CObstUb#id:8600786,austria,save,No information,assisted,15.5,51.8,0,right-foot,low-centre,0,50.1,1.9,No information,No information,46,No information,2731,51.8,15.5,49.9,0,49.9,98.1,45,2669,shot
denis-alibec,https://www.sofascore.com/austria-romania/CObstUb#id:8600786,romania,save,No information,assisted,7.3,33.4,0,left-foot,low-left,0,53.2,14.6,No information,No information,44,No information,2629,33.4,7.3,46.8,0,46.8,85.4,2,71,shot
alexandru-maxim,https://www.sofascore.com/austria-romania/CObstUb#id:8600786,romania,block,No information,assisted,12,66.6,0,right-foot,low-centre,0,51.5,19,No information,No information,43,No information,2561,66.6,12,48.5,0,48.5,81,3,139,shot
nicusor-bancu,https://www.sofascore.com/austria-romania/CObstUb#id:8600786,romania,miss,No information,assisted,12.4,39.8,0,right-foot,close-right,0,40.8,38.9,No information,No information,40,No information,2394,39.8,12.4,59.2,0,59.2,61.1,6,306,shot
martin-hinteregger,https://www.sofascore.com/austria-romania/CObstUb#id:8600786,austria,block,No information,assisted,25.5,25.6,0,left-foot,low-centre,0,49.1,19,No information,No information,36,No information,2130,25.6,25.5,50.9,0,50.9,81,10,570,shot
nicolae-stanciu,https://www.sofascore.com/austria-romania/CObstUb#id:8600786,romania,miss,No information,assisted,21.5,68,0,left-foot,high-left,0,59.3,79.2,No information,No information,31,No information,1844,68,21.5,40.7,0,40.7,20.8,15,856,shot
michael-gregoritsch,https://www.sofascore.com/austria-romania/CObstUb#id:8600786,austria,post,No information,assisted,8.8,53.1,0,right-foot,high,0,46.4,39.2,No information,No information,21,No information,1245,53.1,8.8,53.6,0,53.6,60.8,25,1455,shot
nicusor-bancu,https://www.sofascore.com/austria-romania/CObstUb#id:8600786,romania,block,No information,regular,21.3,36.9,0,left-foot,low-centre,0,49.7,19,No information,No information,20,No information,1156,36.9,21.3,50.3,0,50.3,81,26,1544,shot
xaver-schlager,https://www.sofascore.com/austria-romania/CObstUb#id:8600786,austria,miss,No information,fast-break,10.6,35.5,0,left-foot,close-right,0,42,23.6,No information,No information,13,No information,722,35.5,10.6,58,0,58,76.4,33,1978,shot
razvan-marin,https://www.sofascore.com/austria-romania/CObstUb#id:8600786,romania,save,No information,assisted,23.5,52.6,0,right-foot,low-left,0,54.1,12.7,No information,No information,8,No information,473,52.6,23.5,45.9,0,45.9,87.3,38,2227,shot

mikel-oyarzabal,https://www.sofascore.com/spain-romania/CObsYTb#id:8079049,spain,goal,regular,assisted,19.7,50.5,0,left-foot,low-left,0,54.3,7.6,No information,No information,90,1,5457,50.5,19.7,45.7,0,45.7,92.4,1,843,shot
saul-niguez,https://www.sofascore.com/spain-romania/CObsYTb#id:8079049,spain,miss,No information,regular,22.6,51.3,0,right-foot,close-right,0,41,6.9,No information,No information,90,No information,5378,51.3,22.6,59,0,59,93.1,1,22,shot
mikel-oyarzabal,https://www.sofascore.com/spain-romania/CObsYTb#id:8079049,spain,block,No information,regular,14,51.8,0,left-foot,No information,No information,No information,No information,No information,No information,90,No information,5374,51.8,14,No information,No information,No information,No information,1,26,shot
paco-alcacer,https://www.sofascore.com/spain-romania/CObsYTb#id:8079049,spain,miss,No information,assisted,11.1,46.6,0,right-foot,high,0,47.1,83.3,No information,No information,88,No information,5277,46.6,11.1,52.9,0,52.9,16.7,3,123,shot
paco-alcacer,https://www.sofascore.com/spain-romania/CObsYTb#id:8079049,spain,block,No information,assisted,18.1,47,0,right-foot,No information,No information,No information,No information,No information,No information,88,No information,5272,47,18.1,No information,No information,No information,No information,3,128,shot
saul-niguez,https://www.sofascore.com/spain-romania/CObsYTb#id:8079049,spain,miss,No information,corner,14.5,50.3,0,right-foot,close-left,0,57,8.3,No information,No information,86,No information,5108,50.3,14.5,43,0,43,91.7,5,292,shot
paco-alcacer,https://www.sofascore.com/spain-romania/CObsYTb#id:8079049,spain,block,No information,free-kick,26.9,43.9,0,right-foot,No information,No information,No information,No information,No information,No information,81,No information,4820,43.9,26.9,No information,No information,No information,No information,10,580,shot
nicolae-stanciu,https://www.sofascore.com/spain-romania/CObsYTb#id:8079049,romania,block,No information,regular,19.3,70.3,0,left-foot,No information,No information,No information,No information,No information,No information,77,No information,4599,70.3,19.3,No information,No information,No information,No information,14,801,shot
tudor-baluta,https://www.sofascore.com/spain-romania/CObsYTb#id:8079049,romania,block,No information,set-piece,8.8,59.6,0,head,No information,No information,No information,No information,No information,No information,76,No information,4516,59.6,8.8,No information,No information,No information,No information,15,884,shot
ianis-hagi,https://www.sofascore.com/spain-romania/CObsYTb#id:8079049,romania,block,No information,free-kick,29.5,47.2,0,right-foot,No information,No information,No information,No information,No information,No information,72,No information,4285,47.2,29.5,No information,No information,No information,No information,19,1115,shot
mikel-oyarzabal,https://www.sofascore.com/spain-romania/CObsYTb#id:8079049,spain,miss,No information,assisted,12.1,64.1,0,left-foot,high-left,0,67.1,87.5,No information,No information,68,No information,4063,64.1,12.1,32.9,0,32.9,12.5,23,1337,shot
alvaro-morata,https://www.sofascore.com/spain-romania/CObsYTb#id:8079049,spain,miss,No information,assisted,20.5,28.3,0,right-foot,high-right,0,42,81.9,No information,No information,57,No information,3407,28.3,20.5,58,0,58,18.1,34,1993,shot
sergio-ramos,https://www.sofascore.com/spain-romania/CObsYTb#id:8079049,spain,miss,No information,regular,1.7,57.1,0,right-foot,close-high-left,0,58.5,41.7,No information,No information,51,No information,3028,57.1,1.7,41.5,0,41.5,58.3,40,2372,shot
adrian-rus,https://www.sofascore.com/spain-romania/CObsYTb#id:8079049,spain,goal,own,regular,9.3,61.6,0,right-foot,low-right,0,47.2,1.3,No information,No information,45,No information,2689,61.6,9.3,52.8,0,52.8,98.7,1,11,shot
gerard-moreno,https://www.sofascore.com/spain-romania/CObsYTb#id:8079049,spain,goal,regular,assisted,5.4,50.1,0,left-foot,low-right,0,46.9,1.9,No information,No information,43,No information,2525,50.1,5.4,53.1,0,53.1,98.1,3,175,shot
gerard-moreno,https://www.sofascore.com/spain-romania/CObsYTb#id:8079049,spain,goal,regular,corner,11.4,53,0,head,low-left,0,54.2,9.5,No information,No information,33,No information,1940,53,11.4,45.8,0,45.8,90.5,13,760,shot
santi-cazorla,https://www.sofascore.com/spain-romania/CObsYTb#id:8079049,spain,miss,No information,assisted,21.9,50.7,0,right-foot,high,0,44.2,80.6,No information,No information,19,No information,1132,50.7,21.9,55.8,0,55.8,19.4,27,1568,shot
gerard-moreno,https://www.sofascore.com/spain-romania/CObsYTb#id:8079049,spain,block,No information,assisted,13.5,53.6,0,left-foot,No information,No information,No information,No information,No information,No information,15,No information,851,53.6,13.5,No information,No information,No information,No information,31,1849,shot
gerard-moreno,https://www.sofascore.com/spain-romania/CObsYTb#id:8079049,spain,block,No information,assisted,25.2,53.8,0,left-foot,No information,No information,No information,No information,No information,No information,13,No information,747,53.8,25.2,No information,No information,No information,No information,33,1953,shot
ionut-nedelcearu,https://www.sofascore.com/spain-romania/CObsYTb#id:8079049,romania,save,No information,corner,6.5,50.1,0,head,low-centre,0,49.8,10.8,No information,No information,13,No information,720,50.1,6.5,50.2,0,50.2,89.2,33,1980,shot
adrian-rus,https://www.sofascore.com/spain-romania/CObsYTb#id:8079049,romania,block,No information,corner,11.5,55.3,0,head,No information,No information,No information,No information,No information,No information,12,No information,718,55.3,11.5,No information,No information,No information,No information,34,1982,shot
george-puscas,https://www.sofascore.com/spain-romania/CObsYTb#id:8079049,romania,save,No information,assisted,13.5,57.9,0,right-foot,high-centre,0,51.4,22.8,No information,No information,12,No information,679,57.9,13.5,48.6,0,48.6,77.2,34,2021,shot
fabian-ruiz,https://www.sofascore.com/spain-romania/CObsYTb#id:8079049,spain,goal,regular,regular,7.1,47.8,0,left-foot,low-left,0,52.9,7.6,No information,No information,8,No information,452,47.8,7.1,47.1,0,47.1,92.4,38,2248,shot
daniel-carvajal,https://www.sofascore.com/spain-romania/CObsYTb#id:8079049,spain,save,No information,regular,15,59,0,right-foot,high-centre,0,49.1,30.4,No information,No information,8,No information,450,59,15,50.9,0,50.9,69.6,38,2250,shot
santi-cazorla,https://www.sofascore.com/spain-romania/CObsYTb#id:8079049,spain,post,No information,corner,16.4,31,0,right-foot,high,0,46.1,40.5,No information,No information,7,No information,364,31,16.4,53.9,0,53.9,59.5,39,2336,shot
alvaro-morata,https://www.sofascore.com/spain-romania/CObsYTb#id:8079049,spain,save,No information,assisted,4.7,46.4,0,right-foot,low-centre,0,50.3,1.9,No information,No information,6,No information,324,46.4,4.7,49.7,0,49.7,98.1,40,2376,shot
saul-niguez,https://www.sofascore.com/spain-romania/CObsYTb#id:8079049,spain,miss,No information,assisted,22.5,45.8,0,left-foot,left,0,61.2,15.3,No information,No information,3,No information,172,45.8,22.5,38.8,0,38.8,84.7,43,2528,shot
gerard-moreno,https://www.sofascore.com/spain-romania/CObsYTb#id:8079049,spain,miss,No information,corner,7.7,41.5,0,head,high,0,53.9,65.3,No information,No information,2,No information,89,41.5,7.7,46.1,0,46.1,34.7,44,2611,shot

ianis-hagi,https://www.sofascore.com/north-macedonia-romania/CObsCVb#id:9223707,romania,goal,regular,regular,11.5,41.5,0,right-foot,low-right,0,48.1,2.5,No information,No information,85,No information,5097,41.5,11.5,51.9,0,51.9,97.5,6,303,shot
aleksandar-trajkovski,https://www.sofascore.com/north-macedonia-romania/CObsCVb#id:9223707,north macedonia,goal,regular,assisted,11.6,46,0,right-foot,low-right,0,45.8,0.6,No information,No information,83,No information,4972,46,11.6,54.2,0,54.2,99.4,8,428,shot
arijan-ademi,https://www.sofascore.com/north-macedonia-romania/CObsCVb#id:9223707,north macedonia,goal,regular,corner,8.1,51.2,0,head,high-centre,0,48.4,29.7,No information,No information,82,No information,4889,51.2,8.1,51.6,0,51.6,70.3,9,511,shot
ianis-hagi,https://www.sofascore.com/north-macedonia-romania/CObsCVb#id:9223707,romania,block,No information,fast-break,16.4,39.1,0,right-foot,high-right,0,47.2,29.2,No information,No information,80,No information,4753,39.1,16.4,52.8,0,52.8,70.8,11,647,shot
eric-bicfalvi,https://www.sofascore.com/north-macedonia-romania/CObsCVb#id:9223707,romania,miss,No information,assisted,17.9,44.2,0,right-foot,close-left,0,57.8,18.1,No information,No information,76,No information,4555,44.2,17.9,42.2,0,42.2,81.9,15,845,shot
arijan-ademi,https://www.sofascore.com/north-macedonia-romania/CObsCVb#id:9223707,north macedonia,save,No information,assisted,10.5,58.3,0,right-foot,low-right,0,46.9,3.2,No information,No information,73,No information,4335,58.3,10.5,53.1,0,53.1,96.8,18,1065,shot
vlatko-stojanovski,https://www.sofascore.com/north-macedonia-romania/CObsCVb#id:9223707,north macedonia,block,No information,regular,11.4,47.4,0,right-foot,low-centre,0,50.3,19,No information,No information,73,No information,4334,47.4,11.4,49.7,0,49.7,81,18,1066,shot
arijan-ademi,https://www.sofascore.com/north-macedonia-romania/CObsCVb#id:9223707,north macedonia,block,No information,assisted,18.6,47.6,0,right-foot,low-centre,0,51.4,19,No information,No information,73,No information,4333,47.6,18.6,48.6,0,48.6,81,18,1067,shot
valentin-mihaila,https://www.sofascore.com/north-macedonia-romania/CObsCVb#id:9223707,romania,save,No information,fast-break,11,39.4,0,right-foot,low-centre,0,49.9,3.8,No information,No information,68,No information,4026,39.4,11,50.1,0,50.1,96.2,23,1374,shot
enis-bardhi,https://www.sofascore.com/north-macedonia-romania/CObsCVb#id:9223707,north macedonia,block,No information,free-kick,14.5,53,0,right-foot,low-centre,0,48.9,19,No information,No information,67,No information,3995,53,14.5,51.1,0,51.1,81,24,1405,shot
dennis-man,https://www.sofascore.com/north-macedonia-romania/CObsCVb#id:9223707,romania,block,No information,assisted,13.4,63.9,0,left-foot,high-left,0,53.1,26.4,No information,No information,61,No information,3656,63.9,13.4,46.9,0,46.9,73.6,30,1744,shot
enis-bardhi,https://www.sofascore.com/north-macedonia-romania/CObsCVb#id:9223707,north macedonia,miss,No information,assisted,11.1,34.2,0,right-foot,close-left,0,56.6,27.8,No information,No information,60,No information,3578,34.2,11.1,43.4,0,43.4,72.2,31,1822,shot
florin-tanase,https://www.sofascore.com/north-macedonia-romania/CObsCVb#id:9223707,romania,save,No information,corner,13,56.7,0,right-foot,low-left,0,54.4,19,No information,No information,59,No information,3516,56.7,13,45.6,0,45.6,81,32,1884,shot
claudiu-keseru,https://www.sofascore.com/north-macedonia-romania/CObsCVb#id:9223707,romania,save,No information,assisted,3.7,54.2,0,right-foot,low-right,0,48.1,8.2,No information,No information,58,No information,3474,54.2,3.7,51.9,0,51.9,91.8,33,1926,shot
valentin-mihaila,https://www.sofascore.com/north-macedonia-romania/CObsCVb#id:9223707,romania,goal,regular,assisted,25.6,33.6,0,right-foot,low-right,0,45.7,13.3,No information,No information,50,No information,2971,33.6,25.6,54.3,0,54.3,86.7,41,2429,shot
valentin-mihaila,https://www.sofascore.com/north-macedonia-romania/CObsCVb#id:9223707,romania,block,No information,regular,22.7,35.8,0,right-foot,low-centre,0,51.4,19,No information,No information,48,No information,2845,35.8,22.7,48.6,0,48.6,81,43,2555,shot
nicolae-stanciu,https://www.sofascore.com/north-macedonia-romania/CObsCVb#id:9223707,romania,save,No information,regular,13.6,29.8,0,left-foot,low-left,0,51.9,16.5,No information,No information,47,No information,2799,29.8,13.6,48.1,0,48.1,83.5,44,2601,shot
nicolae-stanciu,https://www.sofascore.com/north-macedonia-romania/CObsCVb#id:9223707,romania,miss,No information,assisted,22.6,46.1,0,left-foot,close-high,0,55.3,52.8,No information,No information,45,2,2777,46.1,22.6,44.7,0,44.7,47.2,1,2623,shot
boban-nikolov,https://www.sofascore.com/north-macedonia-romania/CObsCVb#id:9223707,north macedonia,block,No information,regular,26.5,63.6,0,right-foot,low-centre,0,50.7,19,No information,No information,45,No information,2667,63.6,26.5,49.3,0,49.3,81,1,33,shot
razvan-marin,https://www.sofascore.com/north-macedonia-romania/CObsCVb#id:9223707,romania,save,No information,assisted,30.1,38.9,0,right-foot,low-centre,0,48.4,15.8,No information,No information,43,No information,2575,38.9,30.1,51.6,0,51.6,84.2,3,125,shot
valentin-mihaila,https://www.sofascore.com/north-macedonia-romania/CObsCVb#id:9223707,romania,miss,No information,assisted,14.9,32.5,0,right-foot,high-right,0,36.6,94.4,No information,No information,43,No information,2527,32.5,14.9,63.4,0,63.4,5.6,3,173,shot
ilija-nestorovski,https://www.sofascore.com/north-macedonia-romania/CObsCVb#id:9223707,north macedonia,save,No information,assisted,9.8,46.4,0,head,low-centre,0,50.5,6.3,No information,No information,38,No information,2241,46.4,9.8,49.5,0,49.5,93.7,8,459,shot
goran-pandev,https://www.sofascore.com/north-macedonia-romania/CObsCVb#id:9223707,north macedonia,block,No information,assisted,10.2,65.3,0,right-foot,low-centre,0,48.7,19,No information,No information,33,No information,1953,65.3,10.2,51.3,0,51.3,81,13,747,shot
eljif-elmas,https://www.sofascore.com/north-macedonia-romania/CObsCVb#id:9223707,north macedonia,miss,No information,assisted,7.4,66.2,0,right-foot,close-right,0,42,34.7,No information,No information,32,No information,1919,66.2,7.4,58,0,58,65.3,14,781,shot
florin-tanase,https://www.sofascore.com/north-macedonia-romania/CObsCVb#id:9223707,romania,goal,regular,assisted,9.5,42.1,0,right-foot,low-right,0,45.6,7,No information,No information,28,No information,1638,42.1,9.5,54.4,0,54.4,93,18,1062,shot
nicolae-stanciu,https://www.sofascore.com/north-macedonia-romania/CObsCVb#id:9223707,romania,block,No information,regular,16.1,41.7,0,right-foot,high-right,0,47.7,26.4,No information,No information,28,No information,1633,41.7,16.1,52.3,0,52.3,73.6,18,1067,shot
goran-pandev,https://www.sofascore.com/north-macedonia-romania/CObsCVb#id:9223707,north macedonia,miss,No information,assisted,10.3,55.4,0,left-foot,high,0,47.2,63.9,No information,No information,22,No information,1292,55.4,10.3,52.8,0,52.8,36.1,24,1408,shot
vlad-chiriches,https://www.sofascore.com/north-macedonia-romania/CObsCVb#id:9223707,romania,save,No information,set-piece,10.3,44.7,0,head,high-centre,0,49.3,29.1,No information,No information,21,No information,1219,44.7,10.3,50.7,0,50.7,70.9,25,1481,shot
nicusor-bancu,https://www.sofascore.com/north-macedonia-romania/CObsCVb#id:9223707,romania,save,No information,assisted,25.4,38,0,left-foot,low-right,0,46.5,17.7,No information,No information,18,No information,1063,38,25.4,53.5,0,53.5,82.3,28,1637,shot
dennis-man,https://www.sofascore.com/north-macedonia-romania/CObsCVb#id:9223707,romania,save,No information,assisted,14.7,70.5,0,left-foot,low-centre,0,48.7,13.3,No information,No information,17,No information,995,70.5,14.7,51.3,0,51.3,86.7,29,1705,shot
ilija-nestorovski,https://www.sofascore.com/north-macedonia-romania/CObsCVb#id:9223707,north macedonia,miss,No information,assisted,9.7,42.3,0,right-foot,right,0,22.2,22.2,No information,No information,8,No information,456,42.3,9.7,77.8,0,77.8,77.8,38,2244,shot
ilija-nestorovski,https://www.sofascore.com/north-macedonia-romania/CObsCVb#id:9223707,north macedonia,miss,No information,assisted,13.3,39.7,0,left-foot,right,0,38.2,20.8,No information,No information,8,No information,454,39.7,13.3,61.8,0,61.8,79.2,38,2246,shot

filip-ugrinic,https://www.sofascore.com/switzerland-romania/CObsZTb#id:10752597,switzerland,save,No information,assisted,17.7,53.2,0,left-foot,low-left,0,53.9,18.4,No information,No information,90,7,5764,53.2,17.7,46.1,0,46.1,81.6,1,536,shot
filip-ugrinic,https://www.sofascore.com/switzerland-romania/CObsZTb#id:10752597,switzerland,miss,No information,regular,18.4,43.9,0,left-foot,right,0,30.3,8.3,No information,No information,88,No information,5247,43.9,18.4,69.7,0,69.7,91.7,3,153,shot
dan-ndoye,https://www.sofascore.com/switzerland-romania/CObsZTb#id:10752597,switzerland,miss,No information,corner,3.5,59.6,0,head,right,0,39.3,19.4,No information,No information,71,No information,4233,59.6,3.5,60.7,0,60.7,80.6,20,1167,shot
renato-steffen,https://www.sofascore.com/switzerland-romania/CObsZTb#id:10752597,switzerland,miss,No information,assisted,7.4,51.3,0,right-foot,close-right,0,41.3,25,No information,No information,69,No information,4135,51.3,7.4,58.7,0,58.7,75,22,1265,shot
zeki-amdouni,https://www.sofascore.com/switzerland-romania/CObsZTb#id:10752597,switzerland,block,No information,assisted,12.2,45.6,0,head,low-centre,0,51.4,19,No information,No information,68,No information,4049,45.6,12.2,48.6,0,48.6,81,23,1351,shot
michel-aebischer,https://www.sofascore.com/switzerland-romania/CObsZTb#id:10752597,switzerland,block,No information,regular,14.8,49.5,0,right-foot,low-centre,0,49.4,6.9,No information,No information,65,No information,3892,49.5,14.8,50.6,0,50.6,93.1,26,1508,shot
ruben-vargas,https://www.sofascore.com/switzerland-romania/CObsZTb#id:10752597,switzerland,save,No information,assisted,13,35.1,0,right-foot,low-centre,0,48.4,8.9,No information,No information,61,No information,3647,35.1,13,51.6,0,51.6,91.1,30,1753,shot
noah-okafor,https://www.sofascore.com/switzerland-romania/CObsZTb#id:10752597,switzerland,save,No information,assisted,17.4,49.7,0,right-foot,low-right,0,46.3,10.1,No information,No information,60,No information,3555,49.7,17.4,53.7,0,53.7,89.9,31,1845,shot
denis-alibec,https://www.sofascore.com/switzerland-romania/CObsZTb#id:10752597,romania,goal,regular,assisted,4,49.3,0,left-foot,low-centre,0,50.9,4.4,No information,No information,50,No information,2968,49.3,4,49.1,0,49.1,95.6,41,2432,shot
andrei-ratiu,https://www.sofascore.com/switzerland-romania/CObsZTb#id:10752597,romania,block,No information,assisted,28.1,72.8,0,right-foot,low-left,0,52.8,19,No information,No information,42,No information,2512,72.8,28.1,47.2,0,47.2,81,4,188,shot
alexandru-cicaldau,https://www.sofascore.com/switzerland-romania/CObsZTb#id:10752597,romania,save,No information,assisted,24.7,28.2,0,right-foot,low-left,0,51.9,13.9,No information,No information,40,No information,2396,28.2,24.7,48.1,0,48.1,86.1,6,304,shot
florinel-coman,https://www.sofascore.com/switzerland-romania/CObsZTb#id:10752597,romania,save,No information,assisted,24.5,36.6,0,right-foot,low-centre,0,50.9,7,No information,No information,40,No information,2358,36.6,24.5,49.1,0,49.1,93,6,342,shot
nicusor-bancu,https://www.sofascore.com/switzerland-romania/CObsZTb#id:10752597,romania,miss,No information,assisted,3.6,32,0,left-foot,high-left,0,58.5,65.3,No information,No information,39,No information,2321,32,3.6,41.5,0,41.5,34.7,7,379,shot
nicolae-stanciu,https://www.sofascore.com/switzerland-romania/CObsZTb#id:10752597,romania,miss,No information,free-kick,26.9,25.8,0,right-foot,close-high,0,52.8,56.9,No information,No information,34,No information,2029,25.8,26.9,47.2,0,47.2,43.1,12,671,shot
nicolae-stanciu,https://www.sofascore.com/switzerland-romania/CObsZTb#id:10752597,romania,block,No information,assisted,26.6,51.8,0,right-foot,low-centre,0,50.8,19,No information,No information,20,No information,1176,51.8,26.6,49.2,0,49.2,81,26,1524,shot
alexandru-cicaldau,https://www.sofascore.com/switzerland-romania/CObsZTb#id:10752597,romania,save,No information,regular,20.2,31.2,0,right-foot,low-right,0,47.4,18.4,No information,No information,20,No information,1160,31.2,20.2,52.6,0,52.6,81.6,26,1540,shot
noah-okafor,https://www.sofascore.com/switzerland-romania/CObsZTb#id:10752597,switzerland,save,No information,assisted,25.3,48.8,0,left-foot,low-left,0,54.3,12.7,No information,No information,18,No information,1061,48.8,25.3,45.7,0,45.7,87.3,28,1639,shot
olimpiu-morutan,https://www.sofascore.com/switzerland-romania/CObsZTb#id:10752597,romania,miss,No information,assisted,4.6,60.8,0,left-foot,left,0,59.8,6.9,No information,No information,18,No information,1022,60.8,4.6,40.2,0,40.2,93.1,28,1678,shot
nico-elvedi,https://www.sofascore.com/switzerland-romania/CObsZTb#id:10752597,switzerland,miss,No information,set-piece,9.3,54.5,0,head,right,0,36,9.7,No information,No information,13,No information,739,54.5,9.3,64,0,64,90.3,33,1961,shot
ruben-vargas,https://www.sofascore.com/switzerland-romania/CObsZTb#id:10752597,switzerland,miss,No information,assisted,7.1,33,0,head,right,0,29.7,11.1,No information,No information,8,No information,434,33,7.1,70.3,0,70.3,88.9,38,2266,shot

sali-enes,https://www.sofascore.com/liechtenstein-romania/CObsFWb#id:9223961,romania,save,No information,regular,11.1,35.3,0,left-foot,low-centre,0,50.1,2.5,No information,No information,90,No information,5398,35.3,11.1,49.9,0,49.9,97.5,1,2,shot
alexandru-maxim,https://www.sofascore.com/liechtenstein-romania/CObsFWb#id:9223961,romania,block,No information,regular,18.5,45.2,0,left-foot,low-centre,0,51.7,19,No information,No information,89,No information,5333,45.2,18.5,48.3,0,48.3,81,2,67,shot
nicusor-bancu,https://www.sofascore.com/liechtenstein-romania/CObsFWb#id:9223961,romania,goal,regular,assisted,24.1,36.4,0,left-foot,high-right,0,46.4,32.3,No information,No information,87,No information,5168,36.4,24.1,53.6,0,53.6,67.7,4,232,shot
noah-frommelt,https://www.sofascore.com/liechtenstein-romania/CObsFWb#id:9223961,liechtenstein,miss,No information,regular,24.2,57.7,0,right-foot,right,0,38.7,12.5,No information,No information,86,No information,5103,57.7,24.2,61.3,0,61.3,87.5,5,297,shot
nicusor-bancu,https://www.sofascore.com/liechtenstein-romania/CObsFWb#id:9223961,romania,save,No information,assisted,12.3,29.9,0,left-foot,high-centre,0,51,29.7,No information,No information,84,No information,5016,29.9,12.3,49,0,49,70.3,7,384,shot
cristian-manea,https://www.sofascore.com/liechtenstein-romania/CObsFWb#id:9223961,romania,save,No information,regular,11.1,67.7,0,right-foot,low-right,0,45.5,12.7,No information,No information,78,No information,4647,67.7,11.1,54.5,0,54.5,87.3,13,753,shot
nicusor-bancu,https://www.sofascore.com/liechtenstein-romania/CObsFWb#id:9223961,romania,miss,No information,regular,12.9,32,0,left-foot,high,0,49.4,69.4,No information,No information,76,No information,4559,32,12.9,50.6,0,50.6,30.6,15,841,shot
ianis-hagi,https://www.sofascore.com/liechtenstein-romania/CObsFWb#id:9223961,romania,save,No information,assisted,5.7,69.4,0,left-foot,low-right,0,45.9,1.9,No information,No information,76,No information,4536,69.4,5.7,54.1,0,54.1,98.1,15,864,shot
fabio-wolfinger,https://www.sofascore.com/liechtenstein-romania/CObsFWb#id:9223961,liechtenstein,save,No information,regular,19.4,40.9,0,left-foot,low-left,0,54,3.8,No information,No information,75,No information,4452,40.9,19.4,46,0,46,96.2,16,948,shot
alexandru-maxim,https://www.sofascore.com/liechtenstein-romania/CObsFWb#id:9223961,romania,miss,No information,free-kick,26.4,23.5,0,right-foot,left,0,61.5,29.2,No information,No information,71,No information,4257,23.5,26.4,38.5,0,38.5,70.8,20,1143,shot
adrian-rus,https://www.sofascore.com/liechtenstein-romania/CObsFWb#id:9223961,romania,save,No information,corner,8.9,41.3,0,head,low-centre,0,48.5,15.2,No information,No information,66,No information,3906,41.3,8.9,51.5,0,51.5,84.8,25,1494,shot
andrei-ivan,https://www.sofascore.com/liechtenstein-romania/CObsFWb#id:9223961,romania,save,No information,assisted,9.6,49,0,head,low-centre,0,50.3,9.5,No information,No information,61,No information,3654,49,9.6,49.7,0,49.7,90.5,30,1746,shot
andrei-burca,https://www.sofascore.com/liechtenstein-romania/CObsFWb#id:9223961,romania,miss,No information,regular,31.6,27.9,0,right-foot,right,0,5,19.4,No information,No information,57,No information,3378,27.9,31.6,95,0,95,80.6,34,2022,shot
nicusor-bancu,https://www.sofascore.com/liechtenstein-romania/CObsFWb#id:9223961,romania,miss,No information,corner,16,51.6,0,left-foot,right,0,37.1,12.5,No information,No information,55,No information,3282,51.6,16,62.9,0,62.9,87.5,36,2118,shot
nicusor-bancu,https://www.sofascore.com/liechtenstein-romania/CObsFWb#id:9223961,romania,miss,No information,corner,20.3,49.2,0,left-foot,right,0,39.3,12.5,No information,No information,55,No information,3280,49.2,20.3,60.7,0,60.7,87.5,36,2120,shot
nicolae-stanciu,https://www.sofascore.com/liechtenstein-romania/CObsFWb#id:9223961,romania,block,No information,corner,10.4,37.3,0,right-foot,low-centre,0,51.6,19,No information,No information,55,No information,3257,37.3,10.4,48.4,0,48.4,81,36,2143,shot
andrei-ivan,https://www.sofascore.com/liechtenstein-romania/CObsFWb#id:9223961,romania,block,No information,assisted,21.5,25.8,0,right-foot,low-left,0,51.9,19,No information,No information,54,No information,3200,25.8,21.5,48.1,0,48.1,81,37,2200,shot
andrei-ivan,https://www.sofascore.com/liechtenstein-romania/CObsFWb#id:9223961,romania,save,No information,corner,4.9,56.3,0,left-foot,low-centre,0,48.8,13.9,No information,No information,53,No information,3156,56.3,4.9,51.2,0,51.2,86.1,38,2244,shot
nicolae-stanciu,https://www.sofascore.com/liechtenstein-romania/CObsFWb#id:9223961,romania,block,No information,assisted,20.4,47.4,0,right-foot,low-left,0,52.2,19,No information,No information,53,No information,3121,47.4,20.4,47.8,0,47.8,81,38,2279,shot
nicolae-stanciu,https://www.sofascore.com/liechtenstein-romania/CObsFWb#id:9223961,romania,save,No information,assisted,8.7,25.1,0,right-foot,high-left,0,52.3,24.7,No information,No information,52,No information,3073,25.1,8.7,47.7,0,47.7,75.3,39,2327,shot
nicolae-stanciu,https://www.sofascore.com/liechtenstein-romania/CObsFWb#id:9223961,romania,miss,No information,free-kick,10.7,12.8,0,right-foot,close-left,0,58.8,27.8,No information,No information,49,No information,2880,12.8,10.7,41.2,0,41.2,72.2,42,2520,shot
george-puscas,https://www.sofascore.com/liechtenstein-romania/CObsFWb#id:9223961,romania,miss,No information,corner,4.7,51.8,0,right-foot,high,0,44.7,72.2,No information,No information,46,No information,2749,51.8,4.7,55.3,0,55.3,27.8,45,2651,shot
andrei-ivan,https://www.sofascore.com/liechtenstein-romania/CObsFWb#id:9223961,romania,save,No information,assisted,13.5,49.2,0,head,high-centre,0,49.7,31,No information,No information,43,No information,2532,49.2,13.5,50.3,0,50.3,69,3,168,shot
nicolas-hasler,https://www.sofascore.com/liechtenstein-romania/CObsFWb#id:9223961,liechtenstein,miss,No information,assisted,24.8,26.2,0,right-foot,high-right,0,30.6,73.6,No information,No information,37,No information,2207,26.2,24.8,69.4,0,69.4,26.4,9,493,shot
dennis-man,https://www.sofascore.com/liechtenstein-romania/CObsFWb#id:9223961,romania,save,No information,fast-break,11.9,52.8,0,left-foot,low-centre,0,48.6,3.2,No information,No information,37,No information,2163,52.8,11.9,51.4,0,51.4,96.8,9,537,shot
nicolae-stanciu,https://www.sofascore.com/liechtenstein-romania/CObsFWb#id:9223961,romania,miss,No information,penalty,11.5,50,0,right-foot,close-left,0,56.6,2.8,No information,No information,34,No information,2038,50,11.5,43.4,0,43.4,97.2,12,662,shot
george-puscas,https://www.sofascore.com/liechtenstein-romania/CObsFWb#id:9223961,romania,miss,No information,assisted,9.4,49.5,0,head,left,0,63.4,20.8,No information,No information,31,No information,1859,49.5,9.4,36.6,0,36.6,79.2,15,841,shot
george-puscas,https://www.sofascore.com/liechtenstein-romania/CObsFWb#id:9223961,romania,miss,No information,corner,8.3,51.4,0,head,left,0,64.5,27.8,No information,No information,30,No information,1769,51.4,8.3,35.5,0,35.5,72.2,16,931,shot
nicolae-stanciu,https://www.sofascore.com/liechtenstein-romania/CObsFWb#id:9223961,romania,save,No information,corner,24.6,50.7,0,right-foot,low-right,0,47.4,8.2,No information,No information,29,No information,1739,50.7,24.6,52.6,0,52.6,91.8,17,961,shot
dennis-man,https://www.sofascore.com/liechtenstein-romania/CObsFWb#id:9223961,romania,save,No information,assisted,4.7,57.7,0,right-foot,low-right,0,47.3,10.1,No information,No information,29,No information,1714,57.7,4.7,52.7,0,52.7,89.9,17,986,shot
george-puscas,https://www.sofascore.com/liechtenstein-romania/CObsFWb#id:9223961,romania,save,No information,assisted,9.3,43.9,0,left-foot,low-centre,0,51.6,12,No information,No information,24,No information,1407,43.9,9.3,48.4,0,48.4,88,22,1293,shot
adrian-rus,https://www.sofascore.com/liechtenstein-romania/CObsFWb#id:9223961,romania,miss,No information,corner,8.3,45.7,0,head,high-left,0,63.7,51.4,No information,No information,22,No information,1317,45.7,8.3,36.3,0,36.3,48.6,24,1383,shot
andrei-ivan,https://www.sofascore.com/liechtenstein-romania/CObsFWb#id:9223961,romania,miss,No information,assisted,8,50.5,0,head,high,0,53.9,65.3,No information,No information,22,No information,1264,50.5,8,46.1,0,46.1,34.7,24,1436,shot
nicusor-bancu,https://www.sofascore.com/liechtenstein-romania/CObsFWb#id:9223961,romania,miss,No information,assisted,19.1,38.1,0,left-foot,right,0,31.1,30.6,No information,No information,21,No information,1241,38.1,19.1,68.9,0,68.9,69.4,25,1459,shot
dennis-man,https://www.sofascore.com/liechtenstein-romania/CObsFWb#id:9223961,romania,block,No information,regular,13.2,58.6,0,left-foot,low-centre,0,49.9,19,No information,No information,20,No information,1194,58.6,13.2,50.1,0,50.1,81,26,1506,shot
andrei-ivan,https://www.sofascore.com/liechtenstein-romania/CObsFWb#id:9223961,romania,miss,No information,corner,20.9,22.4,0,right-foot,close-high-right,0,41.3,56.9,No information,No information,16,No information,948,22.4,20.9,58.7,0,58.7,43.1,30,1752,shot
nicusor-bancu,https://www.sofascore.com/liechtenstein-romania/CObsFWb#id:9223961,romania,save,No information,set-piece,14,35,0,left-foot,high-left,0,52.3,22.2,No information,No information,14,No information,815,35,14,47.7,0,47.7,77.8,32,1885,shot
dennis-man,https://www.sofascore.com/liechtenstein-romania/CObsFWb#id:9223961,romania,goal,regular,corner,2.9,55.3,0,left-foot,low-right,0,46.9,8.2,No information,No information,8,No information,420,55.3,2.9,53.1,0,53.1,91.8,38,2280,shot
dragos-nedelcu,https://www.sofascore.com/liechtenstein-romania/CObsFWb#id:9223961,romania,save,No information,assisted,30.3,37,0,right-foot,low-centre,0,49.4,13.9,No information,No information,6,No information,327,37,30.3,50.6,0,50.6,86.1,40,2373,shot
nicolae-stanciu,https://www.sofascore.com/liechtenstein-romania/CObsFWb#id:9223961,romania,miss,No information,assisted,14.1,40,0,right-foot,high-right,0,42.9,77.8,No information,No information,4,No information,188,40,14.1,57.1,0,57.1,22.2,42,2512,shot
andrei-ivan,https://www.sofascore.com/liechtenstein-romania/CObsFWb#id:9223961,romania,miss,No information,assisted,4.6,48.1,0,head,left,0,63.4,20.8,No information,No information,2,No information,73,48.1,4.6,36.6,0,36.6,79.2,44,2627,shot

drasko-bozovic,https://www.sofascore.com/montenegro-romania/CObsORc#id:10024813,montenegro,save,No information,free-kick,21.9,9.9,0,right-foot,high-centre,0,49.5,25.3,No information,No information,90,4,5623,9.9,21.9,50.5,0,50.5,74.7,1,677,shot
nicolae-paun,https://www.sofascore.com/montenegro-romania/CObsORc#id:10024813,romania,miss,No information,regular,26.1,29.1,0,right-foot,high,0,45.7,80.6,No information,No information,90,No information,5345,29.1,26.1,54.3,0,54.3,19.4,1,55,shot
vukan-savicevic,https://www.sofascore.com/montenegro-romania/CObsORc#id:10024813,montenegro,miss,No information,assisted,30.3,22.9,0,right-foot,high-right,0,27.7,65.3,No information,No information,83,No information,4969,22.9,30.3,72.3,0,72.3,34.7,8,431,shot
deian-sorescu,https://www.sofascore.com/montenegro-romania/CObsORc#id:10024813,romania,miss,No information,assisted,16,46.8,0,head,right,0,4.9,6.9,No information,No information,79,No information,4702,46.8,16,95.1,0,95.1,93.1,12,698,shot
igor-vujacic,https://www.sofascore.com/montenegro-romania/CObsORc#id:10024813,montenegro,block,No information,corner,10.5,53.3,0,right-foot,low-centre,0,51.4,19,No information,No information,71,No information,4255,53.3,10.5,48.6,0,48.6,81,20,1145,shot
nikola-krstovic,https://www.sofascore.com/montenegro-romania/CObsORc#id:10024813,montenegro,block,No information,assisted,5,31.4,0,right-foot,low-left,0,53,19,No information,No information,71,No information,4202,31.4,5,47,0,47,81,20,1198,shot
stefan-mugosa,https://www.sofascore.com/montenegro-romania/CObsORc#id:10024813,montenegro,goal,regular,set-piece,18.3,46.8,0,right-foot,low-left,0,54.2,8.9,No information,No information,63,No information,3775,46.8,18.3,45.8,0,45.8,91.1,28,1625,shot
stefan-mugosa,https://www.sofascore.com/montenegro-romania/CObsORc#id:10024813,montenegro,goal,regular,assisted,7.4,48.2,0,head,low-right,0,48.1,15.2,No information,No information,56,No information,3343,48.2,7.4,51.9,0,51.9,84.8,35,2057,shot
marko-vesovic,https://www.sofascore.com/montenegro-romania/CObsORc#id:10024813,montenegro,block,No information,assisted,11.9,70.8,0,left-foot,low-centre,0,49.6,19,No information,No information,55,No information,3294,70.8,11.9,50.4,0,50.4,81,36,2106,shot
marius-stefanescu,https://www.sofascore.com/montenegro-romania/CObsORc#id:10024813,romania,block,No information,assisted,11.6,44.8,0,left-foot,low-centre,0,48.7,19,No information,No information,51,No information,3048,44.8,11.6,51.3,0,51.3,81,40,2352,shot
nikola-krstovic,https://www.sofascore.com/montenegro-romania/CObsORc#id:10024813,montenegro,miss,No information,assisted,5.8,21,0,left-foot,high-left,0,57,62.5,No information,No information,47,No information,2764,21,5.8,43,0,43,37.5,44,2636,shot
marius-stefanescu,https://www.sofascore.com/montenegro-romania/CObsORc#id:10024813,romania,save,No information,regular,6.1,54.4,0,head,high-centre,0,48.7,20.3,No information,No information,45,1,2726,54.4,6.1,51.3,0,51.3,79.7,1,2674,shot
razvan-marin,https://www.sofascore.com/montenegro-romania/CObsORc#id:10024813,romania,save,No information,regular,15.7,56.4,0,right-foot,high-right,0,47,30.4,No information,No information,45,1,2723,56.4,15.7,53,0,53,69.6,1,2677,shot
razvan-marin,https://www.sofascore.com/montenegro-romania/CObsORc#id:10024813,romania,block,No information,assisted,30.3,61.1,0,right-foot,low-centre,0,49.6,19,No information,No information,45,No information,2649,61.1,30.3,50.4,0,50.4,81,1,51,shot
stefan-mugosa,https://www.sofascore.com/montenegro-romania/CObsORc#id:10024813,montenegro,goal,regular,corner,3.5,53,0,head,high-right,0,47,21.5,No information,No information,42,No information,2513,53,3.5,53,0,53,78.5,4,187,shot
vladimir-jovovic,https://www.sofascore.com/montenegro-romania/CObsORc#id:10024813,montenegro,miss,No information,assisted,7.4,61.2,0,head,close-right,0,42.2,8.3,No information,No information,37,No information,2170,61.2,7.4,57.8,0,57.8,91.7,9,530,shot
andrei-burca,https://www.sofascore.com/montenegro-romania/CObsORc#id:10024813,romania,miss,No information,corner,15.1,35.9,0,right-foot,right,0,0.7,8.3,No information,No information,33,No information,1929,35.9,15.1,99.3,0,99.3,91.7,13,771,shot
aleksandar-scekic,https://www.sofascore.com/montenegro-romania/CObsORc#id:10024813,montenegro,miss,No information,corner,4.8,59.6,0,head,left,0,62.4,4.2,No information,No information,31,No information,1827,59.6,4.8,37.6,0,37.6,95.8,15,873,shot
marko-jankovic,https://www.sofascore.com/montenegro-romania/CObsORc#id:10024813,montenegro,block,No information,assisted,24.6,36.5,0,left-foot,low-left,0,53.5,19,No information,No information,28,No information,1630,36.5,24.6,46.5,0,46.5,81,18,1070,shot
vukan-savicevic,https://www.sofascore.com/montenegro-romania/CObsORc#id:10024813,montenegro,miss,No information,assisted,12.5,26.4,0,right-foot,high-right,0,39.8,50,No information,No information,25,No information,1442,26.4,12.5,60.2,0,60.2,50,21,1258,shot
stefan-mugosa,https://www.sofascore.com/montenegro-romania/CObsORc#id:10024813,montenegro,block,No information,assisted,23.1,41.2,0,right-foot,low-right,0,45.4,19,No information,No information,24,No information,1433,41.2,23.1,54.6,0,54.6,81,22,1267,shot

alexandru-maxim,https://www.sofascore.com/northern-ireland-romania/CObsLVb#id:8600767,romania,miss,No information,regular,9.5,63.9,0,right-foot,close-right,0,42.2,16.7,No information,No information,90,5,5699,63.9,9.5,57.8,0,57.8,83.3,1,601,shot
alexandru-cretu,https://www.sofascore.com/northern-ireland-romania/CObsLVb#id:8600767,romania,miss,No information,assisted,8.1,53.7,0,head,left,0,64.1,19,No information,No information,90,5,5697,53.7,8.1,35.9,0,35.9,81,1,603,shot
george-puscas,https://www.sofascore.com/northern-ireland-romania/CObsLVb#id:8600767,romania,save,No information,assisted,11.5,55.3,0,left-foot,low-centre,0,49,10.1,No information,No information,89,No information,5283,55.3,11.5,51,0,51,89.9,2,117,shot
denis-alibec,https://www.sofascore.com/northern-ireland-romania/CObsLVb#id:8600767,romania,save,No information,regular,8.4,43.3,0,left-foot,high-centre,0,51.4,25.3,No information,No information,87,No information,5191,43.3,8.4,48.6,0,48.6,74.7,4,209,shot
gavin-whyte,https://www.sofascore.com/northern-ireland-romania/CObsLVb#id:8600767,northern ireland,goal,regular,set-piece,4.5,46.9,0,head,low-centre,0,48.4,3.8,No information,No information,86,No information,5142,46.9,4.5,51.6,0,51.6,96.2,5,258,shot
ballard-daniel,https://www.sofascore.com/northern-ireland-romania/CObsLVb#id:8600767,northern ireland,block,No information,set-piece,10.9,45.1,0,head,low-left,0,53.1,19,No information,No information,83,No information,4949,45.1,10.9,46.9,0,46.9,81,8,451,shot
nicolae-stanciu,https://www.sofascore.com/northern-ireland-romania/CObsLVb#id:8600767,romania,miss,No information,assisted,10.4,44.5,0,left-foot,high,0,55.1,77.8,No information,No information,80,No information,4776,44.5,10.4,44.9,0,44.9,22.2,11,624,shot
george-puscas,https://www.sofascore.com/northern-ireland-romania/CObsLVb#id:8600767,romania,save,No information,assisted,9.4,61.7,0,right-foot,low-left,0,52.8,15.2,No information,No information,80,No information,4772,61.7,9.4,47.2,0,47.2,84.8,11,628,shot
nicolae-stanciu,https://www.sofascore.com/northern-ireland-romania/CObsLVb#id:8600767,romania,block,No information,free-kick,11.4,10.7,0,right-foot,low-left,0,53.9,19,No information,No information,77,No information,4586,10.7,11.4,46.1,0,46.1,81,14,814,shot
nicolae-stanciu,https://www.sofascore.com/northern-ireland-romania/CObsLVb#id:8600767,romania,save,No information,assisted,9,27.9,0,right-foot,high-right,0,46.3,22.8,No information,No information,68,No information,4060,27.9,9,53.7,0,53.7,77.2,23,1340,shot
george-saville,https://www.sofascore.com/northern-ireland-romania/CObsLVb#id:8600767,northern ireland,block,No information,assisted,9.7,51.8,0,head,low-left,0,52.2,19,No information,No information,66,No information,3925,51.8,9.7,47.8,0,47.8,81,25,1475,shot
denis-alibec,https://www.sofascore.com/northern-ireland-romania/CObsLVb#id:8600767,romania,save,No information,regular,19.4,58.3,0,left-foot,low-centre,0,50.3,3.2,No information,No information,64,No information,3818,58.3,19.4,49.7,0,49.7,96.8,27,1582,shot
sergiu-hanca,https://www.sofascore.com/northern-ireland-romania/CObsLVb#id:8600767,romania,miss,No information,regular,15.1,63.7,0,right-foot,high,0,49.7,66.7,No information,No information,63,No information,3766,63.7,15.1,50.3,0,50.3,33.3,28,1634,shot
george-puscas,https://www.sofascore.com/northern-ireland-romania/CObsLVb#id:8600767,romania,save,No information,assisted,15.7,63.7,0,right-foot,low-centre,0,48.5,19.6,No information,No information,60,No information,3579,63.7,15.7,51.5,0,51.5,80.4,31,1821,shot
nicusor-bancu,https://www.sofascore.com/northern-ireland-romania/CObsLVb#id:8600767,romania,miss,No information,regular,6.8,40.4,0,left-foot,right,0,33.3,6.9,No information,No information,58,No information,3427,40.4,6.8,66.7,0,66.7,93.1,33,1973,shot
nicusor-bancu,https://www.sofascore.com/northern-ireland-romania/CObsLVb#id:8600767,romania,block,No information,assisted,7.4,25.6,0,left-foot,low-left,0,52,19,No information,No information,58,No information,3425,25.6,7.4,48,0,48,81,33,1975,shot
nicolae-stanciu,https://www.sofascore.com/northern-ireland-romania/CObsLVb#id:8600767,romania,miss,No information,corner,18.4,44.7,0,left-foot,high-left,0,56.3,70.8,No information,No information,55,No information,3279,44.7,18.4,43.7,0,43.7,29.2,36,2121,shot
george-puscas,https://www.sofascore.com/northern-ireland-romania/CObsLVb#id:8600767,romania,save,No information,assisted,8.4,52.8,0,head,low-left,0,53.1,6.3,No information,No information,54,No information,3198,52.8,8.4,46.9,0,46.9,93.7,37,2202,shot
george-puscas,https://www.sofascore.com/northern-ireland-romania/CObsLVb#id:8600767,romania,miss,No information,set-piece,14.8,45.5,0,head,left,0,64,8.3,No information,No information,49,No information,2914,45.5,14.8,36,0,36,91.7,42,2486,shot
craig-cathcart,https://www.sofascore.com/northern-ireland-romania/CObsLVb#id:8600767,northern ireland,miss,No information,set-piece,12.6,34.3,0,head,left,0,60.7,16.7,No information,No information,42,No information,2517,34.3,12.6,39.3,0,39.3,83.3,4,183,shot
ballard-daniel,https://www.sofascore.com/northern-ireland-romania/CObsLVb#id:8600767,northern ireland,save,No information,set-piece,8.7,47.4,0,head,low-left,0,53.3,12.7,No information,No information,36,No information,2105,47.4,8.7,46.7,0,46.7,87.3,10,595,shot
george-puscas,https://www.sofascore.com/northern-ireland-romania/CObsLVb#id:8600767,romania,goal,regular,set-piece,2.4,47.4,0,left-foot,low-left,0,54.2,6.3,No information,No information,25,No information,1482,47.4,2.4,45.8,0,45.8,93.7,21,1218,shot
nicolae-stanciu,https://www.sofascore.com/northern-ireland-romania/CObsLVb#id:8600767,romania,save,No information,set-piece,22,63.2,0,right-foot,low-right,0,47,8.9,No information,No information,25,No information,1479,63.2,22,53,0,53,91.1,21,1221,shot
josh-magennis,https://www.sofascore.com/northern-ireland-romania/CObsLVb#id:8600767,northern ireland,save,No information,assisted,7.8,66,0,head,low-right,0,47.1,16.5,No information,No information,4,No information,185,66,7.8,52.9,0,52.9,83.5,42,2515,shot
ballard-daniel,https://www.sofascore.com/northern-ireland-romania/CObsLVb#id:8600767,northern ireland,miss,No information,regular,46.9,73.4,0,right-foot,high-right,0,36.1,44.4,No information,No information,2,No information,76,73.4,46.9,63.9,0,63.9,55.6,44,2624,shot

marcel-sabitzer,https://www.sofascore.com/austria-romania/CObstUb#id:8600877,austria,block,No information,set-piece,12,57,0,head,low-right,0,47.7,19,No information,No information,90,4,5587,57,12,52.3,0,52.3,81,1,713,shot
adrian-grbic,https://www.sofascore.com/austria-romania/CObstUb#id:8600877,austria,miss,No information,assisted,10,51.9,0,right-foot,high,0,47.4,76.4,No information,No information,90,2,5478,51.9,10,52.6,0,52.6,23.6,1,822,shot
george-puscas,https://www.sofascore.com/austria-romania/CObstUb#id:8600877,romania,block,No information,assisted,12.4,55.7,0,right-foot,low-centre,0,51.7,19,No information,No information,90,1,5457,55.7,12.4,48.3,0,48.3,81,1,843,shot
nicolae-stanciu,https://www.sofascore.com/austria-romania/CObstUb#id:8600877,romania,save,No information,assisted,19.2,31.2,0,right-foot,low-centre,0,49.1,5.7,No information,No information,90,No information,5340,31.2,19.2,50.9,0,50.9,94.3,1,60,shot
xaver-schlager,https://www.sofascore.com/austria-romania/CObstUb#id:8600877,austria,miss,No information,assisted,29.8,40,0,left-foot,left,0,61.7,4.2,No information,No information,87,No information,5215,40,29.8,38.3,0,38.3,95.8,4,185,shot
christoph-monschein,https://www.sofascore.com/austria-romania/CObstUb#id:8600877,austria,miss,No information,assisted,17.5,68.2,0,right-foot,high-right,0,34.3,72.2,No information,No information,82,No information,4908,68.2,17.5,65.7,0,65.7,27.8,9,492,shot
karim-onisiwo,https://www.sofascore.com/austria-romania/CObstUb#id:8600877,austria,goal,regular,assisted,7.3,49.3,0,head,high-left,0,53.2,26.6,No information,No information,80,No information,4792,49.3,7.3,46.8,0,46.8,73.4,11,608,shot
florian-grillitsch,https://www.sofascore.com/austria-romania/CObstUb#id:8600877,austria,block,No information,assisted,23.3,54.3,0,right-foot,low-centre,0,49,19,No information,No information,79,No information,4720,54.3,23.3,51,0,51,81,12,680,shot
gabriel-iancu,https://www.sofascore.com/austria-romania/CObstUb#id:8600877,romania,miss,No information,set-piece,14.4,74.7,0,left-foot,high,0,49.1,77.8,No information,No information,73,No information,4347,74.7,14.4,50.9,0,50.9,22.2,18,1053,shot
gabriel-iancu,https://www.sofascore.com/austria-romania/CObstUb#id:8600877,romania,post,No information,free-kick,12.1,87.2,0,left-foot,right,0,44.5,8.2,No information,No information,73,No information,4345,87.2,12.1,55.5,0,55.5,91.8,18,1055,shot
alexandru-maxim,https://www.sofascore.com/austria-romania/CObstUb#id:8600877,romania,goal,regular,regular,18.7,53.8,0,right-foot,high-left,0,53.8,22.8,No information,No information,70,No information,4140,53.8,18.7,46.2,0,46.2,77.2,21,1260,shot
christoph-baumgartner,https://www.sofascore.com/austria-romania/CObstUb#id:8600877,austria,miss,No information,assisted,9.4,38.9,0,head,close-right,0,42,4.2,No information,No information,64,No information,3806,38.9,9.4,58,0,58,95.8,27,1594,shot
michael-gregoritsch,https://www.sofascore.com/austria-romania/CObstUb#id:8600877,austria,save,No information,assisted,15.9,34.4,0,left-foot,low-centre,0,50.6,1.3,No information,No information,60,No information,3593,34.4,15.9,49.4,0,49.4,98.7,31,1807,shot
alexandru-cretu,https://www.sofascore.com/austria-romania/CObstUb#id:8600877,romania,miss,No information,regular,23.6,26.1,0,right-foot,high-left,0,58.5,73.6,No information,No information,59,No information,3509,26.1,23.6,41.5,0,41.5,26.4,32,1891,shot
andreas-ulmer,https://www.sofascore.com/austria-romania/CObstUb#id:8600877,austria,miss,No information,regular,14.1,34.2,0,right-foot,close-left,0,57.6,6.9,No information,No information,57,No information,3408,34.2,14.1,42.4,0,42.4,93.1,34,1992,shot
xaver-schlager,https://www.sofascore.com/austria-romania/CObstUb#id:8600877,austria,miss,No information,assisted,22.6,64,0,left-foot,close-right,0,41.2,2.8,No information,No information,56,No information,3343,64,22.6,58.8,0,58.8,97.2,35,2057,shot
christoph-baumgartner,https://www.sofascore.com/austria-romania/CObstUb#id:8600877,austria,miss,No information,assisted,7,55.5,0,head,right,0,10.1,1.4,No information,No information,55,No information,3286,55.5,7,89.9,0,89.9,98.6,36,2114,shot
dragos-grigore,https://www.sofascore.com/austria-romania/CObstUb#id:8600877,romania,miss,No information,corner,4,53,0,head,close-right,0,41.8,12.5,No information,No information,53,No information,3124,53,4,58.2,0,58.2,87.5,38,2276,shot
dragos-grigore,https://www.sofascore.com/austria-romania/CObstUb#id:8600877,romania,goal,regular,set-piece,6.7,51.3,0,left-foot,low-left,0,53.6,10.1,No information,No information,51,No information,3004,51.3,6.7,46.4,0,46.4,89.9,40,2396,shot
vlad-chiriches,https://www.sofascore.com/austria-romania/CObstUb#id:8600877,romania,miss,No information,set-piece,8.5,46.6,0,other,right,0,35,2.8,No information,No information,51,No information,3002,46.6,8.5,65,0,65,97.2,40,2398,shot
christoph-baumgartner,https://www.sofascore.com/austria-romania/CObstUb#id:8600877,austria,block,No information,assisted,10.2,22.8,0,right-foot,low-centre,0,49.4,19,No information,No information,49,No information,2884,22.8,10.2,50.6,0,50.6,81,42,2516,shot
marcel-sabitzer,https://www.sofascore.com/austria-romania/CObstUb#id:8600877,austria,save,No information,free-kick,18.1,12.6,0,right-foot,low-centre,0,49.7,12,No information,No information,45,3,2862,12.6,18.1,50.3,0,50.3,88,1,2538,shot
christoph-baumgartner,https://www.sofascore.com/austria-romania/CObstUb#id:8600877,austria,block,No information,assisted,18.7,56,0,right-foot,low-centre,0,48.5,19,No information,No information,36,No information,2124,56,18.7,51.5,0,51.5,81,10,576,shot
nicolae-stanciu,https://www.sofascore.com/austria-romania/CObstUb#id:8600877,romania,block,No information,corner,18.7,52.4,0,right-foot,low-left,0,52.3,19,No information,No information,34,No information,2031,52.4,18.7,47.7,0,47.7,81,12,669,shot
alexandru-maxim,https://www.sofascore.com/austria-romania/CObstUb#id:8600877,romania,block,No information,assisted,14.5,25.6,0,left-foot,low-right,0,47.7,9.7,No information,No information,33,No information,1976,25.6,14.5,52.3,0,52.3,90.3,13,724,shot
stefan-posch,https://www.sofascore.com/austria-romania/CObstUb#id:8600877,austria,miss,No information,corner,8,53.4,0,head,left,0,75.6,9.7,No information,No information,31,No information,1825,53.4,8,24.4,0,24.4,90.3,15,875,shot
xaver-schlager,https://www.sofascore.com/austria-romania/CObstUb#id:8600877,austria,save,No information,assisted,6.9,45.7,0,left-foot,low-centre,0,51.3,15.8,No information,No information,26,No information,1527,45.7,6.9,48.7,0,48.7,84.2,20,1173,shot
stefan-posch,https://www.sofascore.com/austria-romania/CObstUb#id:8600877,austria,miss,No information,corner,6.8,48.4,0,right-foot,left,0,66.2,18.1,No information,No information,22,No information,1271,48.4,6.8,33.8,0,33.8,81.9,24,1429,shot
marcel-sabitzer,https://www.sofascore.com/austria-romania/CObstUb#id:8600877,austria,block,No information,assisted,13.2,71.1,0,right-foot,low-left,0,54.4,19,No information,No information,21,No information,1237,71.1,13.2,45.6,0,45.6,81,25,1463,shot
christoph-baumgartner,https://www.sofascore.com/austria-romania/CObstUb#id:8600877,austria,goal,regular,assisted,14.6,56.5,0,right-foot,low-left,0,53.4,15.2,No information,No information,17,No information,988,56.5,14.6,46.6,0,46.6,84.8,29,1712,shot
nicolae-stanciu,https://www.sofascore.com/austria-romania/CObstUb#id:8600877,romania,miss,No information,assisted,15.3,26,0,left-foot,left,0,60.7,5.6,No information,No information,12,No information,716,26,15.3,39.3,0,39.3,94.4,34,1984,shot
martin-hinteregger,https://www.sofascore.com/austria-romania/CObstUb#id:8600877,austria,post,No information,set-piece,11,55.2,0,head,high,0,53.6,40.5,No information,No information,10,No information,540,55.2,11,46.4,0,46.4,59.5,36,2160,shot
denis-alibec,https://www.sofascore.com/austria-romania/CObstUb#id:8600877,romania,goal,regular,assisted,15.7,44.1,0,left-foot,low-left,0,53.7,0.6,No information,No information,3,No information,156,44.1,15.7,46.3,0,46.3,99.4,43,2544,shot

adrian-rus,https://www.sofascore.com/montenegro-romania/CObsORc#id:10023388,romania,save,No information,corner,8.8,47.6,0,head,high-centre,0,50.2,23.4,No information,No information,90,4,5633,47.6,8.8,49.8,0,49.8,76.6,1,667,shot
stefan-mugosa,https://www.sofascore.com/montenegro-romania/CObsORc#id:10023388,montenegro,save,No information,fast-break,9.4,44.7,0,head,low-centre,0,50,17.1,No information,No information,90,1,5451,44.7,9.4,50,0,50,82.9,1,849,shot
adrian-rus,https://www.sofascore.com/montenegro-romania/CObsORc#id:10023388,romania,block,No information,set-piece,8.4,46.4,0,head,low-centre,0,49.1,19,No information,No information,90,No information,5378,46.4,8.4,50.9,0,50.9,81,1,22,shot
marko-vukcevic,https://www.sofascore.com/montenegro-romania/CObsORc#id:10023388,montenegro,goal,regular,fast-break,7.4,48.7,0,left-foot,low-left,0,52.6,13.9,No information,No information,87,No information,5189,48.7,7.4,47.4,0,47.4,86.1,4,211,shot
stefan-mugosa,https://www.sofascore.com/montenegro-romania/CObsORc#id:10023388,montenegro,save,No information,fast-break,12.1,43.5,0,left-foot,low-centre,0,49.7,3.8,No information,No information,87,No information,5187,43.5,12.1,50.3,0,50.3,96.2,4,213,shot
alexandru-mitrita,https://www.sofascore.com/montenegro-romania/CObsORc#id:10023388,romania,miss,No information,regular,28.6,37.3,0,right-foot,high-right,0,35.6,97.2,No information,No information,79,No information,4691,37.3,28.6,64.4,0,64.4,2.8,12,709,shot
denis-alibec,https://www.sofascore.com/montenegro-romania/CObsORc#id:10023388,romania,block,No information,corner,5.3,67,0,head,low-left,0,52.6,19,No information,No information,77,No information,4573,67,5.3,47.4,0,47.4,81,14,827,shot
denis-alibec,https://www.sofascore.com/montenegro-romania/CObsORc#id:10023388,romania,miss,No information,assisted,24.6,78,0,left-foot,close-left,0,58.5,12.5,No information,No information,72,No information,4272,78,24.6,41.5,0,41.5,87.5,19,1128,shot
stefan-mugosa,https://www.sofascore.com/montenegro-romania/CObsORc#id:10023388,montenegro,goal,regular,assisted,9,43.1,0,left-foot,low-left,0,52.5,13.9,No information,No information,66,No information,3937,43.1,9,47.5,0,47.5,86.1,25,1463,shot
sead-haksabanovic,https://www.sofascore.com/montenegro-romania/CObsORc#id:10023388,montenegro,miss,No information,assisted,27.8,57.7,0,right-foot,left,0,66.4,2.8,No information,No information,61,No information,3651,57.7,27.8,33.6,0,33.6,97.2,30,1749,shot
igor-vujacic,https://www.sofascore.com/montenegro-romania/CObsORc#id:10023388,montenegro,block,No information,corner,8.4,52.6,0,head,low-centre,0,51,19,No information,No information,60,No information,3553,52.6,8.4,49,0,49,81,31,1847,shot
valentin-mihaila,https://www.sofascore.com/montenegro-romania/CObsORc#id:10023388,romania,miss,No information,assisted,13.8,51.3,0,right-foot,high-right,0,38,77.8,No information,No information,53,No information,3138,51.3,13.8,62,0,62,22.2,38,2262,shot
vladimir-jovovic,https://www.sofascore.com/montenegro-romania/CObsORc#id:10023388,montenegro,miss,No information,assisted,3.3,37.5,0,left-foot,high-left,0,59,61.1,No information,No information,52,No information,3074,37.5,3.3,41,0,41,38.9,39,2326,shot
milos-raickovic,https://www.sofascore.com/montenegro-romania/CObsORc#id:10023388,montenegro,block,No information,regular,22.4,52.8,0,right-foot,low-centre,0,50.9,19,No information,No information,52,No information,3062,52.8,22.4,49.1,0,49.1,81,39,2338,shot
florin-tanase,https://www.sofascore.com/montenegro-romania/CObsORc#id:10023388,romania,miss,No information,set-piece,8,51.7,0,head,close-high,0,51.3,56.9,No information,No information,44,No information,2615,51.7,8,48.7,0,48.7,43.1,2,85,shot
adam-marusic,https://www.sofascore.com/montenegro-romania/CObsORc#id:10023388,montenegro,save,No information,assisted,13.2,35.6,0,right-foot,low-left,0,54.6,7,No information,No information,36,No information,2143,35.6,13.2,45.4,0,45.4,93,10,557,shot
igor-vujacic,https://www.sofascore.com/montenegro-romania/CObsORc#id:10023388,montenegro,miss,No information,set-piece,8.7,51.8,0,head,close-high,0,51.4,59.7,No information,No information,34,No information,1992,51.8,8.7,48.6,0,48.6,40.3,12,708,shot
sead-haksabanovic,https://www.sofascore.com/montenegro-romania/CObsORc#id:10023388,montenegro,miss,No information,free-kick,28.2,58.5,0,right-foot,high,0,53.8,68.1,No information,No information,24,No information,1424,58.5,28.2,46.2,0,46.2,31.9,22,1276,shot
stefan-mugosa,https://www.sofascore.com/montenegro-romania/CObsORc#id:10023388,montenegro,miss,No information,assisted,4.7,39.8,0,head,close-high,0,50.3,55.6,No information,No information,22,No information,1290,39.8,4.7,49.7,0,49.7,44.4,24,1410,shot
stefan-mugosa,https://www.sofascore.com/montenegro-romania/CObsORc#id:10023388,montenegro,miss,No information,corner,4.4,49.1,0,head,right,0,32.3,6.9,No information,No information,20,No information,1170,49.1,4.4,67.7,0,67.7,93.1,26,1530,shot
stefan-mugosa,https://www.sofascore.com/montenegro-romania/CObsORc#id:10023388,montenegro,block,No information,assisted,9.1,73,0,right-foot,low-centre,0,49.1,19,No information,No information,19,No information,1135,73,9.1,50.9,0,50.9,81,27,1565,shot
adam-marusic,https://www.sofascore.com/montenegro-romania/CObsORc#id:10023388,montenegro,miss,No information,regular,23.5,74,0,right-foot,left,0,68.7,1.4,No information,No information,16,No information,937,74,23.5,31.3,0,31.3,98.6,30,1763,shot

razvan-marin,https://www.sofascore.com/israel-romania/CObsFOb#id:10752482,romania,miss,No information,assisted,25.1,50.4,0,right-foot,close-left,0,58,4.2,No information,No information,90,4,5633,50.4,25.1,42,0,42,95.8,1,667,shot
neta-lavi,https://www.sofascore.com/israel-romania/CObsFOb#id:10752482,israel,miss,No information,regular,29.1,51.5,0,right-foot,high-right,0,37.3,63.9,No information,No information,90,3,5534,51.5,29.1,62.7,0,62.7,36.1,1,766,shot
roy-revivo,https://www.sofascore.com/israel-romania/CObsFOb#id:10752482,israel,block,No information,assisted,20.1,30.5,0,left-foot,low-centre,0,49.7,19,No information,No information,90,3,5530,30.5,20.1,50.3,0,50.3,81,1,770,shot
manor-solomon,https://www.sofascore.com/israel-romania/CObsFOb#id:10752482,israel,block,No information,assisted,13.3,48.2,0,left-foot,low-left,0,53.1,2.8,No information,No information,90,3,5526,48.2,13.3,46.9,0,46.9,97.2,1,774,shot
gabi-kanikovski,https://www.sofascore.com/israel-romania/CObsFOb#id:10752482,israel,save,No information,assisted,7.9,61.2,0,left-foot,low-right,0,46.1,1.9,No information,No information,89,No information,5281,61.2,7.9,53.9,0,53.9,98.1,2,119,shot
oscar-gloukh,https://www.sofascore.com/israel-romania/CObsFOb#id:10752482,israel,block,No information,assisted,9.8,35.4,0,right-foot,high-right,0,47.7,20.8,No information,No information,84,No information,5029,35.4,9.8,52.3,0,52.3,79.2,7,371,shot
mohammad-abu-fani,https://www.sofascore.com/israel-romania/CObsFOb#id:10752482,israel,miss,No information,assisted,16,65.8,0,right-foot,close-high,0,53.1,52.8,No information,No information,83,No information,4957,65.8,16,46.9,0,46.9,47.2,8,443,shot
mohammad-abu-fani,https://www.sofascore.com/israel-romania/CObsFOb#id:10752482,israel,save,No information,assisted,24.2,57.5,0,right-foot,low-centre,0,51.1,7,No information,No information,80,No information,4774,57.5,24.2,48.9,0,48.9,93,11,626,shot
george-puscas,https://www.sofascore.com/israel-romania/CObsFOb#id:10752482,romania,miss,No information,fast-break,8.3,31.6,0,left-foot,high-left,0,57,68.1,No information,No information,78,No information,4647,31.6,8.3,43,0,43,31.9,13,753,shot
oscar-gloukh,https://www.sofascore.com/israel-romania/CObsFOb#id:10752482,israel,post,No information,fast-break,9.4,44,0,right-foot,left,0,55.2,1.3,No information,No information,76,No information,4516,44,9.4,44.8,0,44.8,98.7,15,884,shot
shon-weissman,https://www.sofascore.com/israel-romania/CObsFOb#id:10752482,israel,miss,No information,regular,1.1,89.8,0,right-foot,close-high,0,46.9,58.3,No information,No information,66,No information,3903,89.8,1.1,53.1,0,53.1,41.7,25,1497,shot
denis-alibec,https://www.sofascore.com/israel-romania/CObsFOb#id:10752482,romania,save,No information,free-kick,30.1,60.4,0,left-foot,high-centre,0,49.1,20.3,No information,No information,63,No information,3723,60.4,30.1,50.9,0,50.9,79.7,28,1677,shot
dor-peretz,https://www.sofascore.com/israel-romania/CObsFOb#id:10752482,israel,block,No information,assisted,18.5,44.5,0,left-foot,low-right,0,47.5,19,No information,No information,59,No information,3515,44.5,18.5,52.5,0,52.5,81,32,1885,shot
nicolae-stanciu,https://www.sofascore.com/israel-romania/CObsFOb#id:10752482,romania,block,No information,assisted,21.9,38.4,0,left-foot,low-left,0,53.4,18.1,No information,No information,55,No information,3288,38.4,21.9,46.6,0,46.6,81.9,36,2112,shot
oscar-gloukh,https://www.sofascore.com/israel-romania/CObsFOb#id:10752482,israel,goal,regular,assisted,15.2,33,0,left-foot,low-right,0,45.8,7,No information,No information,53,No information,3173,33,15.2,54.2,0,54.2,93,38,2227,shot
manor-solomon,https://www.sofascore.com/israel-romania/CObsFOb#id:10752482,israel,miss,No information,assisted,19.8,33.6,0,right-foot,high-right,0,37.8,79.2,No information,No information,52,No information,3064,33.6,19.8,62.2,0,62.2,20.8,39,2336,shot
dor-peretz,https://www.sofascore.com/israel-romania/CObsFOb#id:10752482,israel,save,No information,assisted,26.6,48.7,0,right-foot,low-left,0,53,5.7,No information,No information,42,No information,2492,48.7,26.6,47,0,47,94.3,4,208,shot
dor-peretz,https://www.sofascore.com/israel-romania/CObsFOb#id:10752482,israel,block,No information,assisted,11.7,64.1,0,right-foot,low-centre,0,51.1,8.3,No information,No information,32,No information,1875,64.1,11.7,48.9,0,48.9,91.7,14,825,shot
nicolae-stanciu,https://www.sofascore.com/israel-romania/CObsFOb#id:10752482,romania,miss,No information,regular,20.2,36.7,0,right-foot,close-left,0,57.1,2.8,No information,No information,30,No information,1773,36.7,20.2,42.9,0,42.9,97.2,16,927,shot
denis-alibec,https://www.sofascore.com/israel-romania/CObsFOb#id:10752482,romania,goal,regular,regular,8,44.5,0,left-foot,low-left,0,52.8,0.6,No information,No information,27,No information,1579,44.5,8,47.2,0,47.2,99.4,19,1121,shot
nicolae-stanciu,https://www.sofascore.com/israel-romania/CObsFOb#id:10752482,romania,save,No information,assisted,21.6,41.2,0,right-foot,low-centre,0,51,3.8,No information,No information,27,No information,1576,41.2,21.6,49,0,49,96.2,19,1124,shot
sagiv-yehezkel,https://www.sofascore.com/israel-romania/CObsFOb#id:10752482,israel,save,No information,assisted,30.5,61.8,0,right-foot,low-left,0,54.2,2.5,No information,No information,17,No information,987,61.8,30.5,45.8,0,45.8,97.5,29,1713,shot
miguel-vitor,https://www.sofascore.com/israel-romania/CObsFOb#id:10752482,israel,miss,No information,regular,24.4,82.1,0,right-foot,high-left,0,59.5,70.8,No information,No information,9,No information,497,82.1,24.4,40.5,0,40.5,29.2,37,2203,shot
razvan-marin,https://www.sofascore.com/israel-romania/CObsFOb#id:10752482,romania,miss,No information,assisted,8.7,47.4,0,head,right,0,20,2.8,No information,No information,5,No information,283,47.4,8.7,80,0,80,97.2,41,2417,shot

nicolae-stanciu,https://www.sofascore.com/germany-romania/CObslUb#id:9223755,romania,miss,No information,regular,2.1,34.2,0,left-foot,close-left,0,57,5.6,No information,No information,90,No information,5390,34.2,2.1,43,0,43,94.4,1,10,shot
alexandru-maxim,https://www.sofascore.com/germany-romania/CObslUb#id:9223755,romania,miss,No information,assisted,15.2,24.6,0,right-foot,right,0,5.9,2.8,No information,No information,89,No information,5339,24.6,15.2,94.1,0,94.1,97.2,2,61,shot
george-puscas,https://www.sofascore.com/germany-romania/CObslUb#id:9223755,romania,save,No information,assisted,10.1,37.5,0,left-foot,low-centre,0,51.6,13.3,No information,No information,87,No information,5194,37.5,10.1,48.4,0,48.4,86.7,4,206,shot
timo-werner,https://www.sofascore.com/germany-romania/CObslUb#id:9223755,germany,save,No information,assisted,12,39.5,0,right-foot,low-centre,0,48.2,13.3,No information,No information,80,No information,4783,39.5,12,51.8,0,51.8,86.7,11,617,shot
matthias-ginter,https://www.sofascore.com/germany-romania/CObslUb#id:9223755,germany,block,No information,set-piece,23.5,70,0,right-foot,low-centre,0,51.6,19,No information,No information,76,No information,4524,70,23.5,48.4,0,48.4,81,15,876,shot
leroy-sane,https://www.sofascore.com/germany-romania/CObslUb#id:9223755,germany,block,No information,free-kick,25.3,54,0,left-foot,low-centre,0,50.2,19,No information,No information,76,No information,4521,54,25.3,49.8,0,49.8,81,15,879,shot
leroy-sane,https://www.sofascore.com/germany-romania/CObslUb#id:9223755,germany,miss,No information,assisted,4.4,44.3,0,left-foot,close-right,0,41.7,2.8,No information,No information,63,No information,3728,44.3,4.4,58.3,0,58.3,97.2,28,1672,shot
claudiu-keseru,https://www.sofascore.com/germany-romania/CObslUb#id:9223755,romania,block,No information,assisted,13.4,64.5,0,left-foot,low-left,0,51.8,19,No information,No information,62,No information,3711,64.5,13.4,48.2,0,48.2,81,29,1689,shot
leon-goretzka,https://www.sofascore.com/germany-romania/CObslUb#id:9223755,germany,miss,No information,regular,18.5,48.1,0,right-foot,high,0,48.9,86.1,No information,No information,60,No information,3551,48.1,18.5,51.1,0,51.1,13.9,31,1849,shot
ilkay-gundogan,https://www.sofascore.com/germany-romania/CObslUb#id:9223755,germany,save,No information,assisted,14.5,41.6,0,right-foot,high-centre,0,51.1,29.1,No information,No information,60,No information,3549,41.6,14.5,48.9,0,48.9,70.9,31,1851,shot
serge-gnabry,https://www.sofascore.com/germany-romania/CObslUb#id:9223755,germany,save,No information,regular,15.5,51.1,0,left-foot,low-right,0,45.9,1.9,No information,No information,58,No information,3446,51.1,15.5,54.1,0,54.1,98.1,33,1954,shot
florin-tanase,https://www.sofascore.com/germany-romania/CObslUb#id:9223755,romania,miss,No information,regular,12.1,60,0,left-foot,high-left,0,56.6,68.1,No information,No information,55,No information,3272,60,12.1,43.4,0,43.4,31.9,36,2128,shot
matthias-ginter,https://www.sofascore.com/germany-romania/CObslUb#id:9223755,germany,miss,No information,assisted,32,48.4,0,right-foot,left,0,60.3,1.4,No information,No information,54,No information,3197,48.4,32,39.7,0,39.7,98.6,37,2203,shot
leon-goretzka,https://www.sofascore.com/germany-romania/CObslUb#id:9223755,germany,save,No information,assisted,14.2,55.3,0,right-foot,low-right,0,47.1,19.6,No information,No information,50,No information,2970,55.3,14.2,52.9,0,52.9,80.4,41,2430,shot
emre-can,https://www.sofascore.com/germany-romania/CObslUb#id:9223755,germany,save,No information,assisted,23.2,30.7,0,right-foot,high-centre,0,50.7,24.1,No information,No information,45,1,2712,30.7,23.2,49.3,0,49.3,75.9,1,2688,shot
serge-gnabry,https://www.sofascore.com/germany-romania/CObslUb#id:9223755,germany,miss,No information,set-piece,11.5,53.9,0,head,high,0,49.2,63.9,No information,No information,43,No information,2542,53.9,11.5,50.8,0,50.8,36.1,3,158,shot
serge-gnabry,https://www.sofascore.com/germany-romania/CObslUb#id:9223755,germany,miss,No information,assisted,7.5,59.4,0,left-foot,close-right,0,43,5.6,No information,No information,32,No information,1891,59.4,7.5,57,0,57,94.4,14,809,shot
joshua-kimmich,https://www.sofascore.com/germany-romania/CObslUb#id:9223755,germany,block,No information,assisted,13.4,45.8,0,right-foot,low-centre,0,51.1,19,No information,No information,28,No information,1631,45.8,13.4,48.9,0,48.9,81,18,1069,shot
razvan-marin,https://www.sofascore.com/germany-romania/CObslUb#id:9223755,romania,save,No information,assisted,21.8,51.3,0,right-foot,low-left,0,53,1.9,No information,No information,27,No information,1583,51.3,21.8,47,0,47,98.1,19,1117,shot
serge-gnabry,https://www.sofascore.com/germany-romania/CObslUb#id:9223755,germany,save,No information,regular,8.4,50,0,right-foot,low-centre,0,50.4,14.6,No information,No information,19,No information,1093,50,8.4,49.6,0,49.6,85.4,27,1607,shot
joshua-kimmich,https://www.sofascore.com/germany-romania/CObslUb#id:9223755,germany,save,No information,assisted,27.7,56.7,0,right-foot,high-centre,0,48.4,33.5,No information,No information,19,No information,1088,56.7,27.7,51.6,0,51.6,66.5,27,1612,shot
serge-gnabry,https://www.sofascore.com/germany-romania/CObslUb#id:9223755,germany,goal,regular,assisted,7.3,48.5,0,right-foot,low-left,0,52.5,1.9,No information,No information,16,No information,955,48.5,7.3,47.5,0,47.5,98.1,30,1745,shot
vlad-chiriches,https://www.sofascore.com/germany-romania/CObslUb#id:9223755,romania,block,No information,corner,8.5,46.8,0,left-foot,low-left,0,52.5,19,No information,No information,14,No information,792,46.8,8.5,47.5,0,47.5,81,32,1908,shot
valentin-mihaila,https://www.sofascore.com/germany-romania/CObslUb#id:9223755,romania,miss,No information,assisted,9.2,39.1,0,left-foot,close-high-left,0,57.5,45.8,No information,No information,12,No information,688,39.1,9.2,42.5,0,42.5,54.2,34,2012,shot
kai-havertz,https://www.sofascore.com/germany-romania/CObslUb#id:9223755,germany,save,No information,assisted,4.2,65.2,0,left-foot,low-centre,0,51.6,5.1,No information,No information,9,No information,508,65.2,4.2,48.4,0,48.4,94.9,37,2192,shot
claudiu-keseru,https://www.sofascore.com/germany-romania/CObslUb#id:9223755,romania,miss,No information,fast-break,18.9,52.4,0,left-foot,high,0,54.8,90.3,No information,No information,8,No information,463,52.4,18.9,45.2,0,45.2,9.7,38,2237,shot
emre-can,https://www.sofascore.com/germany-romania/CObslUb#id:9223755,germany,miss,No information,regular,13.9,28.9,0,right-foot,high-right,0,43.7,61.1,No information,No information,5,No information,242,28.9,13.9,56.3,0,56.3,38.9,41,2458,shot

richard-jensen,https://www.sofascore.com/finland-romania/CObsmUb#id:10023355,finland,block,No information,assisted,27.7,55.9,0,left-foot,low-centre,0,50.2,19,No information,No information,90,5,5677,55.9,27.7,49.8,0,49.8,81,1,623,shot
benjamin-kallman,https://www.sofascore.com/finland-romania/CObsmUb#id:10023355,finland,miss,No information,corner,6.8,44.7,0,right-foot,close-right,0,43.5,27.8,No information,No information,90,3,5535,44.7,6.8,56.5,0,56.5,72.2,1,765,shot
rasmus-schuller,https://www.sofascore.com/finland-romania/CObsmUb#id:10023355,finland,miss,No information,corner,13.9,38.3,0,left-foot,close-high,0,50.3,50,No information,No information,90,1,5405,38.3,13.9,49.7,0,49.7,50,1,895,shot
nicusor-bancu,https://www.sofascore.com/finland-romania/CObsmUb#id:10023355,romania,post,No information,assisted,3.6,31.1,0,left-foot,high,0,51.2,39.9,No information,No information,89,No information,5330,31.1,3.6,48.8,0,48.8,60.1,2,70,shot
joel-pohjanpalo,https://www.sofascore.com/finland-romania/CObsmUb#id:10023355,finland,miss,No information,fast-break,7.9,52.7,0,left-foot,close-right,0,43.2,11.1,No information,No information,87,No information,5190,52.7,7.9,56.8,0,56.8,88.9,4,210,shot
robin-lod,https://www.sofascore.com/finland-romania/CObsmUb#id:10023355,finland,miss,No information,free-kick,27.3,58.2,0,left-foot,close-high-right,0,41.3,56.9,No information,No information,86,No information,5138,58.2,27.3,58.7,0,58.7,43.1,5,262,shot
valentin-mihaila,https://www.sofascore.com/finland-romania/CObsmUb#id:10023355,romania,save,No information,assisted,7.9,31.4,0,left-foot,low-left,0,53.2,13.3,No information,No information,84,No information,4998,31.4,7.9,46.8,0,46.8,86.7,7,402,shot
robin-lod,https://www.sofascore.com/finland-romania/CObsmUb#id:10023355,finland,miss,No information,assisted,8.8,45.7,0,left-foot,high,0,48.1,68.1,No information,No information,82,No information,4884,45.7,8.8,51.9,0,51.9,31.9,9,516,shot
glen-kamara,https://www.sofascore.com/finland-romania/CObsmUb#id:10023355,finland,block,No information,assisted,26.3,69.1,0,left-foot,low-centre,0,50.2,19,No information,No information,80,No information,4769,69.1,26.3,49.8,0,49.8,81,11,631,shot
george-puscas,https://www.sofascore.com/finland-romania/CObsmUb#id:10023355,romania,miss,No information,assisted,9.4,51.1,0,head,high,0,50.1,72.2,No information,No information,76,No information,4528,51.1,9.4,49.9,0,49.9,27.8,15,872,shot
george-puscas,https://www.sofascore.com/finland-romania/CObsmUb#id:10023355,romania,save,No information,regular,12.4,60.1,0,right-foot,low-centre,0,50.4,16.5,No information,No information,62,No information,3698,60.1,12.4,49.6,0,49.6,83.5,29,1702,shot
robin-lod,https://www.sofascore.com/finland-romania/CObsmUb#id:10023355,finland,miss,No information,assisted,28.1,60,0,right-foot,high,0,48.6,73.6,No information,No information,61,No information,3637,60,28.1,51.4,0,51.4,26.4,30,1763,shot
sergiu-hanca,https://www.sofascore.com/finland-romania/CObsmUb#id:10023355,romania,block,No information,assisted,8.6,61.9,0,head,low-centre,0,50.4,19,No information,No information,57,No information,3394,61.9,8.6,49.6,0,49.6,81,34,2006,shot
darius-olaru,https://www.sofascore.com/finland-romania/CObsmUb#id:10023355,romania,block,No information,regular,23.6,42.1,0,right-foot,low-centre,0,49.7,19,No information,No information,57,No information,3379,42.1,23.6,50.3,0,50.3,81,34,2021,shot
robin-lod,https://www.sofascore.com/finland-romania/CObsmUb#id:10023355,finland,miss,No information,corner,8.3,36.9,0,head,left,0,63,31.9,No information,No information,52,No information,3103,36.9,8.3,37,0,37,68.1,39,2297,shot
joel-pohjanpalo,https://www.sofascore.com/finland-romania/CObsmUb#id:10023355,finland,save,No information,assisted,7.3,46.2,0,right-foot,low-left,0,52.2,10.8,No information,No information,51,No information,3054,46.2,7.3,47.8,0,47.8,89.2,40,2346,shot
joel-pohjanpalo,https://www.sofascore.com/finland-romania/CObsmUb#id:10023355,finland,miss,No information,regular,12.2,45.2,0,right-foot,high,0,49.6,69.4,No information,No information,47,No information,2773,45.2,12.2,50.4,0,50.4,30.6,44,2627,shot
andrei-burca,https://www.sofascore.com/finland-romania/CObsmUb#id:10023355,romania,miss,No information,regular,29.3,46.6,0,left-foot,high-right,0,31.9,58.3,No information,No information,45,3,2847,46.6,29.3,68.1,0,68.1,41.7,1,2553,shot
darius-olaru,https://www.sofascore.com/finland-romania/CObsmUb#id:10023355,romania,block,No information,corner,26.4,50.8,0,right-foot,low-centre,0,49.9,19,No information,No information,45,3,2833,50.8,26.4,50.1,0,50.1,81,1,2567,shot
marius-marin,https://www.sofascore.com/finland-romania/CObsmUb#id:10023355,romania,block,No information,regular,22.9,61.8,0,right-foot,low-centre,0,50.8,11.1,No information,No information,45,2,2770,61.8,22.9,49.2,0,49.2,88.9,1,2630,shot
deian-sorescu,https://www.sofascore.com/finland-romania/CObsmUb#id:10023355,romania,block,No information,regular,14.3,60.3,0,right-foot,low-centre,0,48.6,19,No information,No information,45,2,2768,60.3,14.3,51.4,0,51.4,81,1,2632,shot
george-puscas,https://www.sofascore.com/finland-romania/CObsmUb#id:10023355,romania,miss,No information,fast-break,24.3,32.7,0,right-foot,left,0,59.3,2.8,No information,No information,44,No information,2620,32.7,24.3,40.7,0,40.7,97.2,2,80,shot
glen-kamara,https://www.sofascore.com/finland-romania/CObsmUb#id:10023355,finland,miss,No information,assisted,24.5,60.2,0,right-foot,close-right,0,41.8,27.8,No information,No information,38,No information,2259,60.2,24.5,58.2,0,58.2,72.2,8,441,shot
robin-lod,https://www.sofascore.com/finland-romania/CObsmUb#id:10023355,finland,save,No information,assisted,14.3,43.6,0,left-foot,low-centre,0,51,16.5,No information,No information,34,No information,1988,43.6,14.3,49,0,49,83.5,12,712,shot
nicusor-bancu,https://www.sofascore.com/finland-romania/CObsmUb#id:10023355,romania,goal,regular,assisted,5.6,44.7,0,head,low-centre,0,48.4,17.7,No information,No information,30,No information,1768,44.7,5.6,51.6,0,51.6,82.3,16,932,shot
andrei-ratiu,https://www.sofascore.com/finland-romania/CObsmUb#id:10023355,romania,miss,No information,corner,25,58.4,0,right-foot,high-right,0,41,66.7,No information,No information,17,No information,977,58.4,25,59,0,59,33.3,29,1723,shot
marius-marin,https://www.sofascore.com/finland-romania/CObsmUb#id:10023355,romania,block,No information,set-piece,10,52.3,0,right-foot,low-right,0,47.7,5.6,No information,No information,16,No information,925,52.3,10,52.3,0,52.3,94.4,30,1775,shot
george-puscas,https://www.sofascore.com/finland-romania/CObsmUb#id:10023355,romania,save,No information,penalty,11.5,50,0,right-foot,low-centre,0,49.6,1.3,No information,No information,16,No information,923,50,11.5,50.4,0,50.4,98.7,30,1777,shot
alexandru-cicaldau,https://www.sofascore.com/finland-romania/CObsmUb#id:10023355,romania,post,No information,assisted,8.5,46.7,0,head,high,0,52.4,39.2,No information,No information,14,No information,805,46.7,8.5,47.6,0,47.6,60.8,32,1895,shot
robin-lod,https://www.sofascore.com/finland-romania/CObsmUb#id:10023355,finland,block,No information,assisted,22.9,61.1,0,left-foot,low-centre,0,50.5,19,No information,No information,10,No information,595,61.1,22.9,49.5,0,49.5,81,36,2105,shot
deian-sorescu,https://www.sofascore.com/finland-romania/CObsmUb#id:10023355,romania,save,No information,assisted,15.8,79.5,0,left-foot,low-right,0,46.7,1.9,No information,No information,10,No information,558,79.5,15.8,53.3,0,53.3,98.1,36,2142,shot
leo-vaisanen,https://www.sofascore.com/finland-romania/CObsmUb#id:10023355,finland,save,No information,corner,9.9,53.7,0,head,low-centre,0,49.9,10.8,No information,No information,4,No information,210,53.7,9.9,50.1,0,50.1,89.2,42,2490,shot
teemu-pukki,https://www.sofascore.com/finland-romania/CObsmUb#id:10023355,finland,block,No information,assisted,17.9,43.8,0,right-foot,low-right,0,47.3,19,No information,No information,3,No information,175,43.8,17.9,52.7,0,52.7,81,43,2525,shot
george-puscas,https://www.sofascore.com/finland-romania/CObsmUb#id:10023355,romania,miss,No information,regular,12.8,46.7,0,right-foot,right,0,40.3,9.7,No information,No information,1,No information,27,46.7,12.8,59.7,0,59.7,90.3,45,2673,shot

claudiu-keseru,https://www.sofascore.com/romania-norway/AObsCOb#id:8600766,romania,miss,No information,assisted,10,26,0,left-foot,right,0,39.8,4.2,No information,No information,90,3,5522,26,10,60.2,0,60.2,95.8,1,778,shot
cristian-manea,https://www.sofascore.com/romania-norway/AObsCOb#id:8600766,romania,save,No information,regular,15,48.9,0,right-foot,low-centre,0,51.8,1.3,No information,No information,90,2,5460,48.9,15,48.2,0,48.2,98.7,1,840,shot
claudiu-keseru,https://www.sofascore.com/romania-norway/AObsCOb#id:8600766,romania,miss,No information,free-kick,22.8,45.1,0,left-foot,close-right,0,43,13.9,No information,No information,90,No information,5396,45.1,22.8,57,0,57,86.1,1,4,shot
martin-linnes,https://www.sofascore.com/romania-norway/AObsCOb#id:8600766,norway,save,No information,regular,3.7,65.1,0,right-foot,low-right,0,47.1,13.3,No information,No information,85,No information,5072,65.1,3.7,52.9,0,52.9,86.7,6,328,shot
alexander-sorloth,https://www.sofascore.com/romania-norway/AObsCOb#id:8600766,norway,block,No information,assisted,18.9,46,0,left-foot,low-centre,0,50.3,19,No information,No information,82,No information,4890,46,18.9,49.7,0,49.7,81,9,510,shot
mohamed-elyounoussi,https://www.sofascore.com/romania-norway/AObsCOb#id:8600766,norway,save,No information,assisted,8.5,53.4,0,left-foot,low-right,0,45.5,3.8,No information,No information,80,No information,4747,53.4,8.5,54.5,0,54.5,96.2,11,653,shot
erling-haaland,https://www.sofascore.com/romania-norway/AObsCOb#id:8600766,norway,goal,regular,assisted,15.8,43.9,0,left-foot,low-left,0,52.7,14.6,No information,No information,74,No information,4393,43.9,15.8,47.3,0,47.3,85.4,17,1007,shot
erling-haaland,https://www.sofascore.com/romania-norway/AObsCOb#id:8600766,norway,save,No information,fast-break,11.7,42.4,0,left-foot,low-centre,0,51.3,11.4,No information,No information,72,No information,4265,42.4,11.7,48.7,0,48.7,88.6,19,1135,shot
alexander-sorloth,https://www.sofascore.com/romania-norway/AObsCOb#id:8600766,norway,miss,No information,assisted,16.7,47.5,0,left-foot,right,0,40.7,2.8,No information,No information,67,No information,4013,47.5,16.7,59.3,0,59.3,97.2,24,1387,shot
erling-haaland,https://www.sofascore.com/romania-norway/AObsCOb#id:8600766,norway,goal,regular,corner,4.8,51.2,0,left-foot,low-centre,0,51.4,3.2,No information,No information,64,No information,3815,51.2,4.8,48.6,0,48.6,96.8,27,1585,shot
sander-berge,https://www.sofascore.com/romania-norway/AObsCOb#id:8600766,norway,block,No information,corner,24.1,50.7,0,right-foot,low-left,0,53.2,19,No information,No information,64,No information,3811,50.7,24.1,46.8,0,46.8,81,27,1589,shot
gabriel-iancu,https://www.sofascore.com/romania-norway/AObsCOb#id:8600766,romania,save,No information,assisted,21.6,57.3,0,left-foot,high-left,0,52.3,26.6,No information,No information,63,No information,3726,57.3,21.6,47.7,0,47.7,73.4,28,1674,shot
gabriel-iancu,https://www.sofascore.com/romania-norway/AObsCOb#id:8600766,romania,block,No information,set-piece,14.5,49.3,0,left-foot,low-centre,0,50.8,19,No information,No information,61,No information,3650,49.3,14.5,49.2,0,49.2,81,30,1750,shot
gabriel-iancu,https://www.sofascore.com/romania-norway/AObsCOb#id:8600766,romania,block,No information,regular,13.2,52.4,0,right-foot,low-centre,0,49.3,19,No information,No information,57,No information,3387,52.4,13.2,50.7,0,50.7,81,34,2013,shot
erling-haaland,https://www.sofascore.com/romania-norway/AObsCOb#id:8600766,norway,miss,No information,corner,6.1,56.3,0,right-foot,close-left,0,58.3,2.8,No information,No information,56,No information,3344,56.3,6.1,41.7,0,41.7,97.2,35,2056,shot
sander-berge,https://www.sofascore.com/romania-norway/AObsCOb#id:8600766,norway,block,No information,assisted,20.4,68.4,0,right-foot,low-centre,0,51,19,No information,No information,54,No information,3216,68.4,20.4,49,0,49,81,37,2184,shot
erling-haaland,https://www.sofascore.com/romania-norway/AObsCOb#id:8600766,norway,miss,No information,assisted,2.1,36.3,0,left-foot,close-left,0,58,2.8,No information,No information,54,No information,3204,36.3,2.1,42,0,42,97.2,37,2196,shot
andrei-burca,https://www.sofascore.com/romania-norway/AObsCOb#id:8600766,romania,block,No information,assisted,26.1,59,0,right-foot,low-centre,0,49.5,19,No information,No information,45,No information,2662,59,26.1,50.5,0,50.5,81,1,38,shot
alin-tosca,https://www.sofascore.com/romania-norway/AObsCOb#id:8600766,romania,miss,No information,set-piece,14.4,50.3,0,head,left,0,60.2,18.1,No information,No information,44,No information,2611,50.3,14.4,39.8,0,39.8,81.9,2,89,shot
alexander-sorloth,https://www.sofascore.com/romania-norway/AObsCOb#id:8600766,norway,goal,regular,assisted,3.1,56.7,0,right-foot,low-centre,0,48.4,3.8,No information,No information,39,No information,2302,56.7,3.1,51.6,0,51.6,96.2,7,398,shot
martin-odegaard,https://www.sofascore.com/romania-norway/AObsCOb#id:8600766,norway,save,No information,assisted,21.5,67,0,left-foot,low-right,0,45.8,1.9,No information,No information,38,No information,2229,67,21.5,54.2,0,54.2,98.1,8,471,shot
birger-meling,https://www.sofascore.com/romania-norway/AObsCOb#id:8600766,norway,miss,No information,assisted,12.8,24.4,0,left-foot,high-left,0,58.2,68.1,No information,No information,35,No information,2067,24.4,12.8,41.8,0,41.8,31.9,11,633,shot
alexander-sorloth,https://www.sofascore.com/romania-norway/AObsCOb#id:8600766,norway,miss,No information,assisted,11.8,46.4,0,left-foot,close-left,0,57.3,16.7,No information,No information,29,No information,1734,46.4,11.8,42.7,0,42.7,83.3,17,966,shot
mohamed-elyounoussi,https://www.sofascore.com/romania-norway/AObsCOb#id:8600766,norway,block,No information,assisted,20.1,36.9,0,right-foot,low-right,0,47.2,19,No information,No information,29,No information,1716,36.9,20.1,52.8,0,52.8,81,17,984,shot
mathias-normann,https://www.sofascore.com/romania-norway/AObsCOb#id:8600766,norway,block,No information,assisted,18.7,27.5,0,right-foot,low-centre,0,50.1,19,No information,No information,26,No information,1551,27.5,18.7,49.9,0,49.9,81,20,1149,shot
erling-haaland,https://www.sofascore.com/romania-norway/AObsCOb#id:8600766,norway,save,No information,assisted,15.7,51.1,0,left-foot,low-left,0,52.9,4.4,No information,No information,25,No information,1448,51.1,15.7,47.1,0,47.1,95.6,21,1252,shot
mohamed-elyounoussi,https://www.sofascore.com/romania-norway/AObsCOb#id:8600766,norway,save,No information,assisted,3.4,66.8,0,right-foot,low-right,0,46.8,3.8,No information,No information,23,No information,1342,66.8,3.4,53.2,0,53.2,96.2,23,1358,shot
razvan-marin,https://www.sofascore.com/romania-norway/AObsCOb#id:8600766,romania,miss,No information,set-piece,27.6,35.3,0,right-foot,high,0,47.6,76.4,No information,No information,19,No information,1131,35.3,27.6,52.4,0,52.4,23.6,27,1569,shot
erling-haaland,https://www.sofascore.com/romania-norway/AObsCOb#id:8600766,norway,goal,regular,assisted,10.8,36.6,0,left-foot,low-centre,0,48.7,1.3,No information,No information,13,No information,734,36.6,10.8,51.3,0,51.3,98.7,33,1966,shot
alexander-sorloth,https://www.sofascore.com/romania-norway/AObsCOb#id:8600766,norway,miss,No information,assisted,6,40.2,0,left-foot,left,0,67.1,11.1,No information,No information,11,No information,657,40.2,6,32.9,0,32.9,88.9,35,2043,shot
nicusor-bancu,https://www.sofascore.com/romania-norway/AObsCOb#id:8600766,romania,miss,No information,regular,25.2,41.9,0,left-foot,close-right,0,42.9,11.1,No information,No information,7,No information,407,41.9,25.2,57.1,0,57.1,88.9,39,2293,shot
alexandru-cicaldau,https://www.sofascore.com/romania-norway/AObsCOb#id:8600766,romania,save,No information,assisted,27.1,33.4,0,right-foot,low-left,0,54,1.9,No information,No information,7,No information,365,33.4,27.1,46,0,46,98.1,39,2335,shot
gabriel-iancu,https://www.sofascore.com/romania-norway/AObsCOb#id:8600766,romania,block,No information,assisted,18.2,64.7,0,left-foot,low-left,0,54.7,19,No information,No information,4,No information,182,64.7,18.2,45.3,0,45.3,81,42,2518,shot

olimpiu-morutan,https://www.sofascore.com/iceland-romania/CObsiUb#id:9223949,romania,save,No information,regular,24.1,56.3,0,left-foot,low-centre,0,51.3,16.5,No information,No information,90,4,5585,56.3,24.1,48.7,0,48.7,83.5,1,715,shot
birkir-bjarnason,https://www.sofascore.com/iceland-romania/CObsiUb#id:9223949,iceland,miss,No information,assisted,18.7,46.6,0,right-foot,high-right,0,39.2,54.2,No information,No information,90,1,5450,46.6,18.7,60.8,0,60.8,45.8,1,850,shot
jon-dagur-thorsteinsson,https://www.sofascore.com/iceland-romania/CObsiUb#id:9223949,iceland,block,No information,assisted,25.7,39.2,0,right-foot,low-centre,0,50.2,19,No information,No information,89,No information,5329,39.2,25.7,49.8,0,49.8,81,2,71,shot
alexandru-maxim,https://www.sofascore.com/iceland-romania/CObsiUb#id:9223949,romania,save,No information,assisted,9.3,40.3,0,right-foot,high-right,0,46.9,27.8,No information,No information,89,No information,5304,40.3,9.3,53.1,0,53.1,72.2,2,96,shot
ianis-hagi,https://www.sofascore.com/iceland-romania/CObsiUb#id:9223949,romania,post,No information,assisted,21.3,64.7,0,right-foot,left,0,55.2,4.4,No information,No information,85,No information,5071,64.7,21.3,44.8,0,44.8,95.6,6,329,shot
ionut-nedelcearu,https://www.sofascore.com/iceland-romania/CObsiUb#id:9223949,romania,block,No information,assisted,29.3,38.4,0,right-foot,low-centre,0,51.5,19,No information,No information,81,No information,4825,38.4,29.3,48.5,0,48.5,81,10,575,shot
alexandru-maxim,https://www.sofascore.com/iceland-romania/CObsiUb#id:9223949,romania,block,No information,regular,19.1,37.9,0,right-foot,low-centre,0,49.7,19,No information,No information,79,No information,4691,37.9,19.1,50.3,0,50.3,81,12,709,shot
daniel-leo-gretarsson,https://www.sofascore.com/iceland-romania/CObsiUb#id:9223949,iceland,miss,No information,set-piece,11.2,36.1,0,head,right,0,34.3,25,No information,No information,78,No information,4624,36.1,11.2,65.7,0,65.7,75,13,776,shot
nicusor-bancu,https://www.sofascore.com/iceland-romania/CObsiUb#id:9223949,romania,miss,No information,regular,13.1,29.8,0,left-foot,left,0,60.2,31.9,No information,No information,76,No information,4539,29.8,13.1,39.8,0,39.8,68.1,15,861,shot
alexandru-cicaldau,https://www.sofascore.com/iceland-romania/CObsiUb#id:9223949,romania,block,No information,assisted,12.6,31.4,0,right-foot,low-centre,0,49.3,19,No information,No information,76,No information,4537,31.4,12.6,50.7,0,50.7,81,15,863,shot
ianis-hagi,https://www.sofascore.com/iceland-romania/CObsiUb#id:9223949,romania,block,No information,regular,19.6,50.3,0,left-foot,low-centre,0,49.4,19,No information,No information,68,No information,4058,50.3,19.6,50.6,0,50.6,81,23,1342,shot
alexandru-cicaldau,https://www.sofascore.com/iceland-romania/CObsiUb#id:9223949,romania,block,No information,assisted,9,41.6,0,left-foot,low-centre,0,49,19,No information,No information,59,No information,3524,41.6,9,51,0,51,81,32,1876,shot
sveinn-aron-gudjohnsen,https://www.sofascore.com/iceland-romania/CObsiUb#id:9223949,iceland,block,No information,corner,8.1,54.6,0,head,low-right,0,45.9,19,No information,No information,57,No information,3389,54.6,8.1,54.1,0,54.1,81,34,2011,shot
denis-alibec,https://www.sofascore.com/iceland-romania/CObsiUb#id:9223949,romania,save,No information,assisted,9.1,64.7,0,left-foot,low-centre,0,51.8,5.1,No information,No information,53,No information,3148,64.7,9.1,48.2,0,48.2,94.9,38,2252,shot
razvan-marin,https://www.sofascore.com/iceland-romania/CObsiUb#id:9223949,romania,block,No information,regular,22.2,44.6,0,right-foot,low-centre,0,48.4,19,No information,No information,52,No information,3095,44.6,22.2,51.6,0,51.6,81,39,2305,shot
ianis-hagi,https://www.sofascore.com/iceland-romania/CObsiUb#id:9223949,romania,save,No information,assisted,27,66.5,0,left-foot,low-right,0,46.3,7.6,No information,No information,44,No information,2608,66.5,27,53.7,0,53.7,92.4,2,92,shot
birkir-bjarnason,https://www.sofascore.com/iceland-romania/CObsiUb#id:9223949,iceland,block,No information,throw-in-set-piece,8.2,48.1,0,left-foot,low-left,0,52.9,19,No information,No information,43,No information,2562,48.1,8.2,47.1,0,47.1,81,3,138,shot
denis-alibec,https://www.sofascore.com/iceland-romania/CObsiUb#id:9223949,romania,save,No information,fast-break,7.9,66.8,0,right-foot,low-centre,0,50,3.8,No information,No information,42,No information,2465,66.8,7.9,50,0,50,96.2,4,235,shot
albert-gudmundsson,https://www.sofascore.com/iceland-romania/CObsiUb#id:9223949,iceland,block,No information,throw-in-set-piece,13.5,51.8,0,left-foot,low-centre,0,50.6,19,No information,No information,40,No information,2388,51.8,13.5,49.4,0,49.4,81,6,312,shot
ianis-hagi,https://www.sofascore.com/iceland-romania/CObsiUb#id:9223949,romania,miss,No information,assisted,10,56.6,0,head,right,0,37.3,6.9,No information,No information,39,No information,2301,56.6,10,62.7,0,62.7,93.1,7,399,shot
andrei-ratiu,https://www.sofascore.com/iceland-romania/CObsiUb#id:9223949,romania,miss,No information,regular,12.2,70.9,0,right-foot,left,0,61,4.2,No information,No information,39,No information,2289,70.9,12.2,39,0,39,95.8,7,411,shot
alexandru-cicaldau,https://www.sofascore.com/iceland-romania/CObsiUb#id:9223949,romania,block,No information,assisted,14.4,43,0,right-foot,low-centre,0,49.6,19,No information,No information,39,No information,2281,43,14.4,50.4,0,50.4,81,7,419,shot
razvan-marin,https://www.sofascore.com/iceland-romania/CObsiUb#id:9223949,romania,save,No information,assisted,13.8,40.4,0,right-foot,low-centre,0,49.5,7,No information,No information,37,No information,2218,40.4,13.8,50.5,0,50.5,93,9,482,shot
vlad-chiriches,https://www.sofascore.com/iceland-romania/CObsiUb#id:9223949,romania,block,No information,corner,10.8,43.5,0,left-foot,low-centre,0,50.2,19,No information,No information,32,No information,1861,43.5,10.8,49.8,0,49.8,81,14,839,shot
denis-alibec,https://www.sofascore.com/iceland-romania/CObsiUb#id:9223949,romania,block,No information,assisted,22.4,60.8,0,left-foot,low-right,0,46.6,19,No information,No information,31,No information,1821,60.8,22.4,53.4,0,53.4,81,15,879,shot
razvan-marin,https://www.sofascore.com/iceland-romania/CObsiUb#id:9223949,romania,block,No information,assisted,24.8,20.7,0,right-foot,low-centre,0,49.7,19,No information,No information,23,No information,1368,20.7,24.8,50.3,0,50.3,81,23,1332,shot
florin-tanase,https://www.sofascore.com/iceland-romania/CObsiUb#id:9223949,romania,block,No information,corner,3.3,39.4,0,head,low-centre,0,50.9,19,No information,No information,22,No information,1299,39.4,3.3,49.1,0,49.1,81,24,1401,shot
nicolae-stanciu,https://www.sofascore.com/iceland-romania/CObsiUb#id:9223949,romania,save,No information,assisted,22.4,51.3,0,left-foot,low-centre,0,49,6.3,No information,No information,18,No information,1069,51.3,22.4,51,0,51,93.7,28,1631,shot
brynjar-ingi-bjarnason,https://www.sofascore.com/iceland-romania/CObsiUb#id:9223949,iceland,miss,No information,corner,6.1,49.5,0,left-foot,high,0,48.4,69.4,No information,No information,11,No information,650,49.5,6.1,51.6,0,51.6,30.6,35,2050,shot
nicolae-stanciu,https://www.sofascore.com/iceland-romania/CObsiUb#id:9223949,romania,miss,No information,corner,28.9,30.3,0,right-foot,high-right,0,42.9,91.7,No information,No information,10,No information,573,30.3,28.9,57.1,0,57.1,8.3,36,2127,shot
brynjar-ingi-bjarnason,https://www.sofascore.com/iceland-romania/CObsiUb#id:9223949,iceland,miss,No information,throw-in-set-piece,8.4,56.3,0,head,high-right,0,34.1,61.1,No information,No information,8,No information,468,56.3,8.4,65.9,0,65.9,38.9,38,2232,shot

mihai-alexandru-dobre,https://www.sofascore.com/belarus-romania/CObsTUb#id:10752411,romania,miss,No information,assisted,11.1,53.8,0,head,high,0,54.3,68.1,No information,No information,89,No information,5331,53.8,11.1,45.7,0,45.7,31.9,2,69,shot
vladislav-morozov,https://www.sofascore.com/belarus-romania/CObsTUb#id:10752411,belarus,goal,regular,assisted,15.2,33,0,right-foot,high-right,0,46.4,20.3,No information,No information,86,No information,5134,33,15.2,53.6,0,53.6,79.7,5,266,shot
vladislav-morozov,https://www.sofascore.com/belarus-romania/CObsTUb#id:10752411,belarus,save,No information,regular,18.5,37.3,0,left-foot,low-left,0,53.6,1.9,No information,No information,83,No information,4967,37.3,18.5,46.4,0,46.4,98.1,8,433,shot
mihai-alexandru-dobre,https://www.sofascore.com/belarus-romania/CObsTUb#id:10752411,romania,miss,No information,regular,17.8,39.2,0,left-foot,close-left,0,57.1,22.2,No information,No information,81,No information,4832,39.2,17.8,42.9,0,42.9,77.8,10,568,shot
bakhar-ivan,https://www.sofascore.com/belarus-romania/CObsTUb#id:10752411,belarus,save,No information,assisted,9.7,48.9,0,right-foot,low-centre,0,49,17.1,No information,No information,76,No information,4532,48.9,9.7,51,0,51,82.9,15,868,shot
alexandru-cicaldau,https://www.sofascore.com/belarus-romania/CObsTUb#id:10752411,romania,block,No information,assisted,26.4,51.5,0,right-foot,low-centre,0,51.5,19,No information,No information,67,No information,3966,51.5,26.4,48.5,0,48.5,81,24,1434,shot
yuri-kovalev,https://www.sofascore.com/belarus-romania/CObsTUb#id:10752411,belarus,miss,No information,assisted,10,70.1,0,right-foot,high,0,45,80.6,No information,No information,64,No information,3799,70.1,10,55,0,55,19.4,27,1601,shot
nicolae-stanciu,https://www.sofascore.com/belarus-romania/CObsTUb#id:10752411,romania,block,No information,corner,20.9,29.7,0,right-foot,low-right,0,47.2,19,No information,No information,61,No information,3647,29.7,20.9,52.8,0,52.8,81,30,1753,shot
dennis-man,https://www.sofascore.com/belarus-romania/CObsTUb#id:10752411,romania,block,No information,corner,14.7,48,0,left-foot,low-left,0,51.9,19,No information,No information,61,No information,3646,48,14.7,48.1,0,48.1,81,30,1754,shot
denis-alibec,https://www.sofascore.com/belarus-romania/CObsTUb#id:10752411,romania,block,No information,fast-break,22.9,63.3,0,left-foot,low-left,0,53.5,19,No information,No information,60,No information,3595,63.3,22.9,46.5,0,46.5,81,31,1805,shot
raul-oprut,https://www.sofascore.com/belarus-romania/CObsTUb#id:10752411,romania,miss,No information,regular,28.5,47,0,left-foot,high-left,0,67.2,83.3,No information,No information,58,No information,3468,47,28.5,32.8,0,32.8,16.7,33,1932,shot
denis-alibec,https://www.sofascore.com/belarus-romania/CObsTUb#id:10752411,romania,post,No information,corner,6.4,42.7,0,left-foot,high,0,50,38.6,No information,No information,58,No information,3458,42.7,6.4,50,0,50,61.4,33,1942,shot
olimpiu-morutan,https://www.sofascore.com/belarus-romania/CObsTUb#id:10752411,romania,miss,No information,corner,11,55.5,0,head,left,0,67.7,15.3,No information,No information,58,No information,3457,55.5,11,32.3,0,32.3,84.7,33,1943,shot
alexandru-cicaldau,https://www.sofascore.com/belarus-romania/CObsTUb#id:10752411,romania,block,No information,assisted,25.8,50.9,0,right-foot,low-right,0,46.8,19,No information,No information,53,No information,3171,50.9,25.8,53.2,0,53.2,81,38,2229,shot
evgeni-yablonski,https://www.sofascore.com/belarus-romania/CObsTUb#id:10752411,belarus,miss,No information,regular,26.1,48.7,0,right-foot,close-left,0,58.7,13.9,No information,No information,47,No information,2799,48.7,26.1,41.3,0,41.3,86.1,44,2601,shot
max-ebong,https://www.sofascore.com/belarus-romania/CObsTUb#id:10752411,belarus,block,No information,regular,8,43.7,0,right-foot,low-left,0,52.1,19,No information,No information,47,No information,2794,43.7,8,47.9,0,47.9,81,44,2606,shot
bakhar-ivan,https://www.sofascore.com/belarus-romania/CObsTUb#id:10752411,belarus,save,No information,regular,1.8,39.9,0,right-foot,low-centre,0,50.7,3.8,No information,No information,47,No information,2793,39.9,1.8,49.3,0,49.3,96.2,44,2607,shot
alexandru-cicaldau,https://www.sofascore.com/belarus-romania/CObsTUb#id:10752411,romania,miss,No information,regular,9.9,42.4,0,right-foot,right,0,39,8.3,No information,No information,45,1,2745,42.4,9.9,61,0,61,91.7,1,2655,shot
nicolae-stanciu,https://www.sofascore.com/belarus-romania/CObsTUb#id:10752411,romania,block,No information,corner,20.4,30.5,0,right-foot,low-right,0,45.8,19,No information,No information,45,No information,2671,30.5,20.4,54.2,0,54.2,81,1,29,shot
andrei-burca,https://www.sofascore.com/belarus-romania/CObsTUb#id:10752411,romania,miss,No information,set-piece,11.5,54.5,0,head,right,0,39.7,22.2,No information,No information,41,No information,2437,54.5,11.5,60.3,0,60.3,77.8,5,263,shot
bakhar-ivan,https://www.sofascore.com/belarus-romania/CObsTUb#id:10752411,belarus,miss,No information,assisted,22.4,31.8,0,right-foot,high,0,47.6,76.4,No information,No information,38,No information,2226,31.8,22.4,52.4,0,52.4,23.6,8,474,shot
olimpiu-morutan,https://www.sofascore.com/belarus-romania/CObsTUb#id:10752411,romania,block,No information,assisted,22.8,56.9,0,right-foot,low-centre,0,50.2,19,No information,No information,33,No information,1967,56.9,22.8,49.8,0,49.8,81,13,733,shot
yuri-kovalev,https://www.sofascore.com/belarus-romania/CObsTUb#id:10752411,belarus,miss,No information,regular,22.6,43.9,0,left-foot,close-right,0,41.2,2.8,No information,No information,30,No information,1748,43.9,22.6,58.8,0,58.8,97.2,16,952,shot
dennis-man,https://www.sofascore.com/belarus-romania/CObsTUb#id:10752411,romania,miss,No information,assisted,10.1,49.1,0,head,close-left,0,57.3,15.3,No information,No information,27,No information,1619,49.1,10.1,42.7,0,42.7,84.7,19,1081,shot
denis-alibec,https://www.sofascore.com/belarus-romania/CObsTUb#id:10752411,romania,miss,No information,regular,10.6,65.4,0,left-foot,left,0,68.1,27.8,No information,No information,24,No information,1399,65.4,10.6,31.9,0,31.9,72.2,22,1301,shot
denis-alibec,https://www.sofascore.com/belarus-romania/CObsTUb#id:10752411,romania,block,No information,assisted,20.8,60.8,0,left-foot,low-centre,0,51.8,19,No information,No information,23,No information,1329,60.8,20.8,48.2,0,48.2,81,23,1371,shot
andrei-burca,https://www.sofascore.com/belarus-romania/CObsTUb#id:10752411,romania,goal,regular,corner,7.6,43.1,0,right-foot,low-right,0,46.4,2.5,No information,No information,19,No information,1108,43.1,7.6,53.6,0,53.6,97.5,27,1592,shot
denis-alibec,https://www.sofascore.com/belarus-romania/CObsTUb#id:10752411,romania,save,No information,regular,13.5,67.7,0,left-foot,low-left,0,52.6,12.7,No information,No information,18,No information,1053,67.7,13.5,47.4,0,47.4,87.3,28,1647,shot
nicolae-stanciu,https://www.sofascore.com/belarus-romania/CObsTUb#id:10752411,romania,goal,regular,free-kick,6,14.5,0,right-foot,low-right,0,46.1,19,No information,No information,17,No information,962,14.5,6,53.9,0,53.9,81,29,1738,shot
artem-bykov,https://www.sofascore.com/belarus-romania/CObsTUb#id:10752411,belarus,block,No information,free-kick,28.8,54.8,0,right-foot,low-left,0,52.4,19,No information,No information,9,No information,532,54.8,28.8,47.6,0,47.6,81,37,2168,shot

vladan-danilovic,https://www.sofascore.com/bosnia-and-herzegovina-romania/CObsEOb#id:10023376,bosnia & herzegovina,miss,No information,assisted,30.2,56.5,0,right-foot,left,0,67.4,5.6,No information,No information,90,No information,5354,56.5,30.2,32.6,0,32.6,94.4,1,46,shot
george-puscas,https://www.sofascore.com/bosnia-and-herzegovina-romania/CObsEOb#id:10023376,romania,goal,regular,assisted,16.4,48.2,0,right-foot,low-right,0,45.5,17.7,No information,No information,86,No information,5122,48.2,16.4,54.5,0,54.5,82.3,5,278,shot
tudor-baluta,https://www.sofascore.com/bosnia-and-herzegovina-romania/CObsEOb#id:10023376,romania,miss,No information,corner,2.6,42.7,0,right-foot,close-high-left,0,58.7,58.3,No information,No information,84,No information,4999,42.7,2.6,41.3,0,41.3,41.7,7,401,shot
george-puscas,https://www.sofascore.com/bosnia-and-herzegovina-romania/CObsEOb#id:10023376,romania,save,No information,assisted,13.8,63.5,0,right-foot,high-right,0,46.5,20.9,No information,No information,83,No information,4957,63.5,13.8,53.5,0,53.5,79.1,8,443,shot
andrei-ratiu,https://www.sofascore.com/bosnia-and-herzegovina-romania/CObsEOb#id:10023376,romania,goal,regular,regular,3.7,53.2,0,right-foot,low-centre,0,49.3,1.3,No information,No information,79,No information,4730,53.2,3.7,50.7,0,50.7,98.7,12,670,shot
nicusor-bancu,https://www.sofascore.com/bosnia-and-herzegovina-romania/CObsEOb#id:10023376,romania,save,No information,regular,9,30.5,0,left-foot,low-centre,0,49.7,2.5,No information,No information,79,No information,4728,30.5,9,50.3,0,50.3,97.5,12,672,shot
edin-dzeko,https://www.sofascore.com/bosnia-and-herzegovina-romania/CObsEOb#id:10023376,bosnia & herzegovina,goal,regular,assisted,5.5,46.4,0,head,high-left,0,53.2,24.1,No information,No information,77,No information,4609,46.4,5.5,46.8,0,46.8,75.9,14,791,shot
tudor-baluta,https://www.sofascore.com/bosnia-and-herzegovina-romania/CObsEOb#id:10023376,romania,miss,No information,assisted,46.6,31,0,right-foot,left,0,73.8,6.9,No information,No information,76,No information,4550,31,46.6,26.2,0,26.2,93.1,15,850,shot
george-puscas,https://www.sofascore.com/bosnia-and-herzegovina-romania/CObsEOb#id:10023376,romania,goal,regular,assisted,4.1,57.1,0,right-foot,high-right,0,47.2,22.2,No information,No information,73,No information,4373,57.1,4.1,52.8,0,52.8,77.8,18,1027,shot
sinisa-sanicanin,https://www.sofascore.com/bosnia-and-herzegovina-romania/CObsEOb#id:10023376,bosnia & herzegovina,miss,No information,corner,9.1,44,0,head,close-left,0,58.2,18.1,No information,No information,59,No information,3514,44,9.1,41.8,0,41.8,81.9,32,1886,shot
smail-prevljak,https://www.sofascore.com/bosnia-and-herzegovina-romania/CObsEOb#id:10023376,bosnia & herzegovina,save,No information,assisted,11.1,36.7,0,right-foot,low-centre,0,49.3,9.5,No information,No information,59,No information,3480,36.7,11.1,50.7,0,50.7,90.5,32,1920,shot
amer-gojak,https://www.sofascore.com/bosnia-and-herzegovina-romania/CObsEOb#id:10023376,bosnia & herzegovina,block,No information,assisted,27.8,46.2,0,right-foot,low-centre,0,49.9,19,No information,No information,57,No information,3393,46.2,27.8,50.1,0,50.1,81,34,2007,shot
amer-gojak,https://www.sofascore.com/bosnia-and-herzegovina-romania/CObsEOb#id:10023376,bosnia & herzegovina,block,No information,assisted,22.1,34,0,left-foot,low-left,0,51.9,19,No information,No information,54,No information,3213,34,22.1,48.1,0,48.1,81,37,2187,shot
haris-duljevic,https://www.sofascore.com/bosnia-and-herzegovina-romania/CObsEOb#id:10023376,bosnia & herzegovina,miss,No information,assisted,20.5,74.8,0,left-foot,high,0,53.6,65.3,No information,No information,52,No information,3066,74.8,20.5,46.4,0,46.4,34.7,39,2334,shot
deian-sorescu,https://www.sofascore.com/bosnia-and-herzegovina-romania/CObsEOb#id:10023376,romania,miss,No information,assisted,11.8,51.8,0,right-foot,close-right,0,43.4,8.3,No information,No information,45,No information,2695,51.8,11.8,56.6,0,56.6,91.7,1,5,shot
dennis-man,https://www.sofascore.com/bosnia-and-herzegovina-romania/CObsEOb#id:10023376,romania,miss,No information,assisted,8,66.8,0,left-foot,high-left,0,60,73.6,No information,No information,44,No information,2614,66.8,8,40,0,40,26.4,2,86,shot
deian-sorescu,https://www.sofascore.com/bosnia-and-herzegovina-romania/CObsEOb#id:10023376,romania,block,No information,assisted,12.7,34.9,0,right-foot,low-left,0,52.4,19,No information,No information,43,No information,2569,34.9,12.7,47.6,0,47.6,81,3,131,shot
denis-alibec,https://www.sofascore.com/bosnia-and-herzegovina-romania/CObsEOb#id:10023376,romania,block,No information,assisted,5.4,31.8,0,left-foot,low-left,0,52.3,19,No information,No information,41,No information,2411,31.8,5.4,47.7,0,47.7,81,5,289,shot
dennis-man,https://www.sofascore.com/bosnia-and-herzegovina-romania/CObsEOb#id:10023376,romania,goal,regular,assisted,14.1,54.2,0,left-foot,low-centre,0,49.4,4.4,No information,No information,38,No information,2230,54.2,14.1,50.6,0,50.6,95.6,8,470,shot
darius-olaru,https://www.sofascore.com/bosnia-and-herzegovina-romania/CObsEOb#id:10023376,romania,block,No information,assisted,9.4,32,0,left-foot,low-centre,0,51.1,19,No information,No information,34,No information,2037,32,9.4,48.9,0,48.9,81,12,663,shot
ermedin-demirovic,https://www.sofascore.com/bosnia-and-herzegovina-romania/CObsEOb#id:10023376,bosnia & herzegovina,save,No information,assisted,12.8,59,0,left-foot,low-centre,0,48.2,11.4,No information,No information,34,No information,1986,59,12.8,51.8,0,51.8,88.6,12,714,shot
dario-saric,https://www.sofascore.com/bosnia-and-herzegovina-romania/CObsEOb#id:10023376,bosnia & herzegovina,block,No information,assisted,18.2,72.1,0,left-foot,low-left,0,54.1,19,No information,No information,34,No information,1985,72.1,18.2,45.9,0,45.9,81,12,715,shot
besim-serbecic,https://www.sofascore.com/bosnia-and-herzegovina-romania/CObsEOb#id:10023376,bosnia & herzegovina,miss,No information,set-piece,11,52,0,head,left,0,61.8,6.9,No information,No information,29,No information,1720,52,11,38.2,0,38.2,93.1,17,980,shot
dennis-man,https://www.sofascore.com/bosnia-and-herzegovina-romania/CObsEOb#id:10023376,romania,miss,No information,assisted,15,66.6,0,left-foot,close-left,0,58,6.9,No information,No information,26,No information,1552,66.6,15,42,0,42,93.1,20,1148,shot
nicolae-stanciu,https://www.sofascore.com/bosnia-and-herzegovina-romania/CObsEOb#id:10023376,romania,block,No information,assisted,15.1,51.5,0,right-foot,low-centre,0,48.9,19,No information,No information,20,No information,1199,51.5,15.1,51.1,0,51.1,81,26,1501,shot
adnan-kovacevic,https://www.sofascore.com/bosnia-and-herzegovina-romania/CObsEOb#id:10023376,bosnia & herzegovina,miss,No information,corner,9.4,48.2,0,head,high,0,50.3,69.4,No information,No information,17,No information,996,48.2,9.4,49.7,0,49.7,30.6,29,1704,shot
darius-olaru,https://www.sofascore.com/bosnia-and-herzegovina-romania/CObsEOb#id:10023376,romania,miss,No information,assisted,24.1,74.4,0,right-foot,high,0,53.4,72.2,No information,No information,11,No information,600,74.4,24.1,46.6,0,46.6,27.8,35,2100,shot
nicolae-stanciu,https://www.sofascore.com/bosnia-and-herzegovina-romania/CObsEOb#id:10023376,romania,block,No information,set-piece,25.2,31.2,0,right-foot,low-left,0,53.2,19,No information,No information,4,No information,239,31.2,25.2,46.8,0,46.8,81,42,2461,shot

deian-sorescu,https://www.sofascore.com/kosovo-romania/CObsBNlb#id:10752424,romania,save,No information,regular,25,28,0,right-foot,low-right,0,47.1,8.9,No information,No information,90,5,5698,28,25,52.9,0,52.9,91.1,1,602,shot
denis-alibec,https://www.sofascore.com/kosovo-romania/CObsBNlb#id:10752424,romania,miss,No information,set-piece,10.3,57.2,0,head,high-left,0,60.2,54.2,No information,No information,90,4,5625,57.2,10.3,39.8,0,39.8,45.8,1,675,shot
vedat-muriqi,https://www.sofascore.com/kosovo-romania/CObsBNlb#id:10752424,kosovo,miss,No information,assisted,8.6,50.7,0,left-foot,high,0,51.3,61.1,No information,No information,90,2,5512,50.7,8.6,48.7,0,48.7,38.9,1,788,shot
tudor-baluta,https://www.sofascore.com/kosovo-romania/CObsBNlb#id:10752424,romania,miss,No information,regular,25.8,46.1,0,right-foot,high-right,0,40.7,52.8,No information,No information,89,No information,5320,46.1,25.8,59.3,0,59.3,47.2,2,80,shot
valentin-mihaila,https://www.sofascore.com/kosovo-romania/CObsBNlb#id:10752424,romania,block,No information,assisted,14.4,33.6,0,right-foot,low-left,0,52.1,19,No information,No information,89,No information,5317,33.6,14.4,47.9,0,47.9,81,2,83,shot
tudor-baluta,https://www.sofascore.com/kosovo-romania/CObsBNlb#id:10752424,romania,save,No information,assisted,21.2,61.8,0,right-foot,low-centre,0,48.2,17.7,No information,No information,83,No information,4946,61.8,21.2,51.8,0,51.8,82.3,8,454,shot
bersant-celina,https://www.sofascore.com/kosovo-romania/CObsBNlb#id:10752424,kosovo,miss,No information,assisted,26.4,53.4,0,right-foot,left,0,61.7,2.8,No information,No information,81,No information,4845,53.4,26.4,38.3,0,38.3,97.2,10,555,shot
edon-zhegrova,https://www.sofascore.com/kosovo-romania/CObsBNlb#id:10752424,kosovo,save,No information,assisted,21.4,68.7,0,left-foot,high-left,0,53.5,21.5,No information,No information,78,No information,4633,68.7,21.4,46.5,0,46.5,78.5,13,767,shot
nicolae-stanciu,https://www.sofascore.com/kosovo-romania/CObsBNlb#id:10752424,romania,miss,No information,corner,11.1,16.5,0,right-foot,right,0,1.3,5.6,No information,No information,77,No information,4566,16.5,11.1,98.7,0,98.7,94.4,14,834,shot
deian-sorescu,https://www.sofascore.com/kosovo-romania/CObsBNlb#id:10752424,romania,save,No information,regular,23.2,34.6,0,right-foot,low-left,0,52.9,13.9,No information,No information,76,No information,4534,34.6,23.2,47.1,0,47.1,86.1,15,866,shot
nicolae-stanciu,https://www.sofascore.com/kosovo-romania/CObsBNlb#id:10752424,romania,miss,No information,assisted,24,35.8,0,right-foot,left,0,59.7,9.7,No information,No information,61,No information,3611,35.8,24,40.3,0,40.3,90.3,30,1789,shot
mergim-vojvoda,https://www.sofascore.com/kosovo-romania/CObsBNlb#id:10752424,kosovo,save,No information,assisted,10,54.6,0,right-foot,high-centre,0,49.8,28.5,No information,No information,58,No information,3435,54.6,10,50.2,0,50.2,71.5,33,1965,shot
george-puscas,https://www.sofascore.com/kosovo-romania/CObsBNlb#id:10752424,romania,block,No information,assisted,13.5,63.5,0,right-foot,low-right,0,45.4,19,No information,No information,54,No information,3189,63.5,13.5,54.6,0,54.6,81,37,2211,shot
dennis-man,https://www.sofascore.com/kosovo-romania/CObsBNlb#id:10752424,romania,block,No information,set-piece,16.4,53.3,0,left-foot,low-centre,0,48.5,19,No information,No information,50,No information,2965,53.3,16.4,51.5,0,51.5,81,41,2435,shot
andrei-burca,https://www.sofascore.com/kosovo-romania/CObsBNlb#id:10752424,romania,block,No information,set-piece,12.5,52,0,right-foot,low-left,0,52.1,19,No information,No information,50,No information,2962,52,12.5,47.9,0,47.9,81,41,2438,shot
bersant-celina,https://www.sofascore.com/kosovo-romania/CObsBNlb#id:10752424,kosovo,save,No information,set-piece,22,64.8,0,right-foot,high-centre,0,50.1,32.3,No information,No information,45,3,2855,64.8,22,49.9,0,49.9,67.7,1,2545,shot
dennis-man,https://www.sofascore.com/kosovo-romania/CObsBNlb#id:10752424,romania,miss,No information,regular,17.4,53,0,left-foot,close-left,0,57,20.8,No information,No information,45,1,2754,53,17.4,43,0,43,79.2,1,2646,shot
cristian-manea,https://www.sofascore.com/kosovo-romania/CObsBNlb#id:10752424,romania,miss,No information,regular,27.3,64.9,0,right-foot,left,0,65,16.7,No information,No information,45,No information,2659,64.9,27.3,35,0,35,83.3,1,41,shot
florinel-coman,https://www.sofascore.com/kosovo-romania/CObsBNlb#id:10752424,romania,miss,No information,assisted,15.5,39.8,0,right-foot,close-high,0,44.7,52.8,No information,No information,39,No information,2297,39.8,15.5,55.3,0,55.3,47.2,7,403,shot
vedat-muriqi,https://www.sofascore.com/kosovo-romania/CObsBNlb#id:10752424,kosovo,miss,No information,assisted,7.9,56.3,0,head,close-right,0,41,2.8,No information,No information,36,No information,2152,56.3,7.9,59,0,59,97.2,10,548,shot
florent-muslija,https://www.sofascore.com/kosovo-romania/CObsBNlb#id:10752424,kosovo,save,No information,assisted,10,25.5,0,right-foot,low-right,0,46.2,19,No information,No information,35,No information,2048,25.5,10,53.8,0,53.8,81,11,652,shot
ibrahim-dresevic,https://www.sofascore.com/kosovo-romania/CObsBNlb#id:10752424,kosovo,block,No information,corner,25.5,53.1,0,right-foot,low-centre,0,48.4,19,No information,No information,31,No information,1802,53.1,25.5,51.6,0,51.6,81,15,898,shot
bersant-celina,https://www.sofascore.com/kosovo-romania/CObsBNlb#id:10752424,kosovo,miss,No information,assisted,23.6,38,0,right-foot,close-high-right,0,42.9,55.6,No information,No information,28,No information,1655,38,23.6,57.1,0,57.1,44.4,18,1045,shot
george-puscas,https://www.sofascore.com/kosovo-romania/CObsBNlb#id:10752424,romania,block,No information,assisted,4.3,55.3,0,right-foot,low-centre,0,49.3,19,No information,No information,8,No information,444,55.3,4.3,50.7,0,50.7,81,38,2256,shot
george-puscas,https://www.sofascore.com/kosovo-romania/CObsBNlb#id:10752424,romania,block,No information,assisted,26.6,37.7,0,right-foot,high-centre,0,51.3,20.8,No information,No information,2,No information,110,37.7,26.6,48.7,0,48.7,79.2,44,2590,shot

mykhaylo-mudryk,https://www.sofascore.com/ukraine-romania/CObsbUb#id:12198226,ukraine,save,No information,assisted,30.3,42.1,0,right-foot,low-centre,0,50.6,8.2,No information,No information,90,4,5602,42.1,30.3,49.4,0,49.4,91.8,1,698,shot
roman-yaremchuk,https://www.sofascore.com/ukraine-romania/CObsbUb#id:12198226,ukraine,post,No information,assisted,7.3,69.5,0,right-foot,high,0,51.9,38.6,No information,No information,90,2,5472,69.5,7.3,48.1,0,48.1,61.4,1,828,shot
mykhaylo-mudryk,https://www.sofascore.com/ukraine-romania/CObsbUb#id:12198226,ukraine,miss,No information,fast-break,8.5,35.2,0,left-foot,high-left,0,59.5,70.8,No information,No information,84,No information,5006,35.2,8.5,40.5,0,40.5,29.2,7,394,shot
roman-yaremchuk,https://www.sofascore.com/ukraine-romania/CObsbUb#id:12198226,ukraine,block,No information,assisted,21.6,50.7,0,right-foot,low-right,0,48.1,5.6,No information,No information,78,No information,4627,50.7,21.6,51.9,0,51.9,94.4,13,773,shot
georgiy-sudakov,https://www.sofascore.com/ukraine-romania/CObsbUb#id:12198226,ukraine,save,No information,assisted,24.7,51.1,0,right-foot,high-left,0,52.5,22.8,No information,No information,77,No information,4570,51.1,24.7,47.5,0,47.5,77.2,14,830,shot
georgiy-sudakov,https://www.sofascore.com/ukraine-romania/CObsbUb#id:12198226,ukraine,block,No information,free-kick,23.9,34.5,0,right-foot,low-centre,0,48.6,19,No information,No information,71,No information,4206,34.5,23.9,51.4,0,51.4,81,20,1194,shot
nicolae-stanciu,https://www.sofascore.com/ukraine-romania/CObsbUb#id:12198226,romania,miss,No information,free-kick,8.3,6.1,0,right-foot,close-left,0,56.8,20.8,No information,No information,68,No information,4063,6.1,8.3,43.2,0,43.2,79.2,23,1337,shot
andriy-yarmolenko,https://www.sofascore.com/ukraine-romania/CObsbUb#id:12198226,ukraine,miss,No information,set-piece,14.8,55.8,0,left-foot,high,0,52.4,83.3,No information,No information,65,No information,3848,55.8,14.8,47.6,0,47.6,16.7,26,1552,shot
denis-dragus,https://www.sofascore.com/ukraine-romania/CObsbUb#id:12198226,romania,goal,regular,corner,3.7,51.2,0,left-foot,low-centre,0,51,7,No information,No information,57,No information,3387,51.2,3.7,49,0,49,93,34,2013,shot
andrei-ratiu,https://www.sofascore.com/ukraine-romania/CObsbUb#id:12198226,romania,save,No information,assisted,7,71.1,0,right-foot,high-right,0,46.5,26.6,No information,No information,56,No information,3359,71.1,7,53.5,0,53.5,73.4,35,2041,shot
nicolae-stanciu,https://www.sofascore.com/ukraine-romania/CObsbUb#id:12198226,romania,block,No information,regular,19.3,56.7,0,right-foot,low-centre,0,48.7,4.2,No information,No information,56,No information,3351,56.7,19.3,51.3,0,51.3,95.8,35,2049,shot
razvan-marin,https://www.sofascore.com/ukraine-romania/CObsbUb#id:12198226,romania,goal,regular,fast-break,24,63.4,0,right-foot,low-left,0,52.1,3.8,No information,No information,53,No information,3145,63.4,24,47.9,0,47.9,96.2,38,2255,shot
mykhaylo-mudryk,https://www.sofascore.com/ukraine-romania/CObsbUb#id:12198226,ukraine,block,No information,corner,10.9,34.6,0,right-foot,low-right,0,48.1,19,No information,No information,52,No information,3102,34.6,10.9,51.9,0,51.9,81,39,2298,shot
georgiy-sudakov,https://www.sofascore.com/ukraine-romania/CObsbUb#id:12198226,ukraine,miss,No information,assisted,23.3,28,0,right-foot,high-right,0,41.3,94.4,No information,No information,50,No information,2944,28,23.3,58.7,0,58.7,5.6,41,2456,shot
florinel-coman,https://www.sofascore.com/ukraine-romania/CObsbUb#id:12198226,romania,miss,No information,assisted,15.3,33.1,0,right-foot,close-right,0,42.2,2.8,No information,No information,46,No information,2727,33.1,15.3,57.8,0,57.8,97.2,45,2673,shot
dennis-man,https://www.sofascore.com/ukraine-romania/CObsbUb#id:12198226,romania,block,No information,assisted,19.1,74.6,0,left-foot,low-centre,0,50.4,19,No information,No information,38,No information,2273,74.6,19.1,49.6,0,49.6,81,8,427,shot
viktor-tsygankov,https://www.sofascore.com/ukraine-romania/CObsbUb#id:12198226,ukraine,block,No information,assisted,15.6,48.7,0,left-foot,low-centre,0,50.6,8.3,No information,No information,38,No information,2252,48.7,15.6,49.4,0,49.4,91.7,8,448,shot
nicolae-stanciu,https://www.sofascore.com/ukraine-romania/CObsbUb#id:12198226,romania,goal,regular,assisted,21.5,57.3,0,right-foot,high-left,0,52.9,33.5,No information,No information,29,No information,1726,57.3,21.5,47.1,0,47.1,66.5,17,974,shot
artem-dovbyk,https://www.sofascore.com/ukraine-romania/CObsbUb#id:12198226,ukraine,miss,No information,assisted,23.9,44.6,0,left-foot,high,0,51.8,87.5,No information,No information,22,No information,1288,44.6,23.9,48.2,0,48.2,12.5,24,1412,shot
georgiy-sudakov,https://www.sofascore.com/ukraine-romania/CObsbUb#id:12198226,ukraine,block,No information,assisted,20.6,36.2,0,right-foot,low-left,0,51.9,15.3,No information,No information,12,No information,701,36.2,20.6,48.1,0,48.1,84.7,34,1999,shot
florinel-coman,https://www.sofascore.com/ukraine-romania/CObsbUb#id:12198226,romania,save,No information,assisted,26.5,42.8,0,right-foot,low-centre,0,50.1,13.9,No information,No information,8,No information,460,42.8,26.5,49.9,0,49.9,86.1,38,2240,shot
viktor-tsygankov,https://www.sofascore.com/ukraine-romania/CObsbUb#id:12198226,ukraine,block,No information,assisted,20.9,40.7,0,left-foot,low-left,0,53.9,6.9,No information,No information,7,No information,411,40.7,20.9,46.1,0,46.1,93.1,39,2289,shot

alexandru-cicaldau,https://www.sofascore.com/bosnia-and-herzegovina-romania/CObsEOb#id:10023442,romania,save,No information,free-kick,14.1,84.2,0,right-foot,low-right,0,46.2,7,No information,No information,90,2,5475,84.2,14.1,53.8,0,53.8,93,1,825,shot
amir-hadziahmetovic,https://www.sofascore.com/bosnia-and-herzegovina-romania/CObsEOb#id:10023442,bosnia & herzegovina,miss,No information,corner,19.7,65.3,0,right-foot,left,0,97.8,1.4,No information,No information,80,No information,4745,65.3,19.7,2.2,0,2.2,98.6,11,655,shot
george-puscas,https://www.sofascore.com/bosnia-and-herzegovina-romania/CObsEOb#id:10023442,romania,miss,No information,corner,6.7,60.3,0,head,high,0,53.9,61.1,No information,No information,71,No information,4247,60.3,6.7,46.1,0,46.1,38.9,20,1153,shot
smail-prevljak,https://www.sofascore.com/bosnia-and-herzegovina-romania/CObsEOb#id:10023442,bosnia & herzegovina,goal,regular,regular,8.3,47.4,0,right-foot,low-centre,0,50.2,7,No information,No information,68,No information,4073,47.4,8.3,49.8,0,49.8,93,23,1327,shot
amir-hadziahmetovic,https://www.sofascore.com/bosnia-and-herzegovina-romania/CObsEOb#id:10023442,bosnia & herzegovina,block,No information,assisted,30,55.4,0,right-foot,low-centre,0,51.8,19,No information,No information,64,No information,3822,55.4,30,48.2,0,48.2,81,27,1578,shot
mario-camora,https://www.sofascore.com/bosnia-and-herzegovina-romania/CObsEOb#id:10023442,romania,miss,No information,assisted,10.5,32.6,0,left-foot,left,0,63.5,12.5,No information,No information,54,No information,3218,32.6,10.5,36.5,0,36.5,87.5,37,2182,shot
razvan-marin,https://www.sofascore.com/bosnia-and-herzegovina-romania/CObsEOb#id:10023442,romania,miss,No information,regular,18.2,35.9,0,left-foot,high-left,0,63.7,95.8,No information,No information,54,No information,3188,35.9,18.2,36.3,0,36.3,4.2,37,2212,shot
alexandru-maxim,https://www.sofascore.com/bosnia-and-herzegovina-romania/CObsEOb#id:10023442,romania,block,No information,assisted,12.4,74.4,0,right-foot,low-centre,0,49.1,19,No information,No information,53,No information,3174,74.4,12.4,50.9,0,50.9,81,38,2226,shot
alexandru-maxim,https://www.sofascore.com/bosnia-and-herzegovina-romania/CObsEOb#id:10023442,romania,miss,No information,assisted,27.5,27.4,0,right-foot,high-left,0,56.3,95.8,No information,No information,45,2,2760,27.4,27.5,43.7,0,43.7,4.2,1,2640,shot
edin-dzeko,https://www.sofascore.com/bosnia-and-herzegovina-romania/CObsEOb#id:10023442,bosnia & herzegovina,save,No information,assisted,11.5,32,0,right-foot,high-left,0,52.6,28.5,No information,No information,43,No information,2561,32,11.5,47.4,0,47.4,71.5,3,139,shot
sinisa-sanicanin,https://www.sofascore.com/bosnia-and-herzegovina-romania/CObsEOb#id:10023442,bosnia & herzegovina,miss,No information,corner,10.7,52.6,0,head,left,0,62,15.3,No information,No information,41,No information,2411,52.6,10.7,38,0,38,84.7,5,289,shot
andrei-burca,https://www.sofascore.com/bosnia-and-herzegovina-romania/CObsEOb#id:10023442,romania,miss,No information,regular,8.5,45,0,right-foot,right,0,39.8,5.6,No information,No information,37,No information,2202,45,8.5,60.2,0,60.2,94.4,9,498,shot
george-puscas,https://www.sofascore.com/bosnia-and-herzegovina-romania/CObsEOb#id:10023442,romania,save,No information,assisted,6.7,45.8,0,head,high-centre,0,50.2,23.4,No information,No information,37,No information,2201,45.8,6.7,49.8,0,49.8,76.6,9,499,shot
andrei-burca,https://www.sofascore.com/bosnia-and-herzegovina-romania/CObsEOb#id:10023442,romania,miss,No information,assisted,8.3,31.8,0,left-foot,right,0,34.5,6.9,No information,No information,37,No information,2200,31.8,8.3,65.5,0,65.5,93.1,9,500,shot
mario-camora,https://www.sofascore.com/bosnia-and-herzegovina-romania/CObsEOb#id:10023442,romania,block,No information,assisted,22.6,25.2,0,left-foot,low-centre,0,50.3,19,No information,No information,34,No information,2028,25.2,22.6,49.7,0,49.7,81,12,672,shot
sinisa-sanicanin,https://www.sofascore.com/bosnia-and-herzegovina-romania/CObsEOb#id:10023442,bosnia & herzegovina,miss,No information,corner,2.2,60,0,head,right,0,40.5,34.7,No information,No information,22,No information,1270,60,2.2,59.5,0,59.5,65.3,24,1430,shot
george-puscas,https://www.sofascore.com/bosnia-and-herzegovina-romania/CObsEOb#id:10023442,romania,block,No information,regular,10.5,53.6,0,right-foot,low-centre,0,49.9,5.6,No information,No information,19,No information,1091,53.6,10.5,50.1,0,50.1,94.4,27,1609,shot
razvan-marin,https://www.sofascore.com/bosnia-and-herzegovina-romania/CObsEOb#id:10023442,romania,miss,No information,assisted,24.2,68,0,right-foot,right,0,32.1,30.6,No information,No information,16,No information,914,68,24.2,67.9,0,67.9,69.4,30,1786,shot
sanjin-prcic,https://www.sofascore.com/bosnia-and-herzegovina-romania/CObsEOb#id:10023442,bosnia & herzegovina,block,No information,regular,18.2,58.3,0,right-foot,low-centre,0,51.7,19,No information,No information,6,No information,316,58.3,18.2,48.3,0,48.3,81,40,2384,shot
sanjin-prcic,https://www.sofascore.com/bosnia-and-herzegovina-romania/CObsEOb#id:10023442,bosnia & herzegovina,block,No information,assisted,23.2,62.7,0,right-foot,low-centre,0,49.2,19,No information,No information,6,No information,315,62.7,23.2,50.8,0,50.8,81,40,2385,shot

dragos-nedelcu,https://www.sofascore.com/armenia-romania/CObsPUb#id:9223917,romania,miss,No information,set-piece,26.3,35.1,0,right-foot,high-right,0,37.5,69.4,No information,No information,90,No information,5363,35.1,26.3,62.5,0,62.5,30.6,1,37,shot
razvan-marin,https://www.sofascore.com/armenia-romania/CObsPUb#id:9223917,romania,block,No information,free-kick,27.7,50.6,0,right-foot,low-centre,0,50.2,19,No information,No information,90,No information,5361,50.6,27.7,49.8,0,49.8,81,1,39,shot
alexandru-cicaldau,https://www.sofascore.com/armenia-romania/CObsPUb#id:9223917,romania,block,No information,regular,15.1,54.3,0,right-foot,low-centre,0,51.3,19,No information,No information,83,No information,4967,54.3,15.1,48.7,0,48.7,81,8,433,shot
erik-vardanyan,https://www.sofascore.com/armenia-romania/CObsPUb#id:9223917,armenia,miss,No information,assisted,26.7,36.3,0,left-foot,high,0,55.1,88.9,No information,No information,80,No information,4796,36.3,26.7,44.9,0,44.9,11.1,11,604,shot
ianis-hagi,https://www.sofascore.com/armenia-romania/CObsPUb#id:9223917,romania,miss,No information,set-piece,7.3,42.5,0,head,left,0,71.3,6.9,No information,No information,75,No information,4492,42.5,7.3,28.7,0,28.7,93.1,16,908,shot
ianis-hagi,https://www.sofascore.com/armenia-romania/CObsPUb#id:9223917,romania,save,No information,free-kick,20.7,31.2,0,right-foot,high-left,0,53.6,32.3,No information,No information,70,No information,4143,31.2,20.7,46.4,0,46.4,67.7,21,1257,shot
ianis-hagi,https://www.sofascore.com/armenia-romania/CObsPUb#id:9223917,romania,save,No information,regular,18.1,70.7,0,left-foot,low-right,0,47.7,2.5,No information,No information,60,No information,3587,70.7,18.1,52.3,0,52.3,97.5,31,1813,shot
henrikh-mkhitaryan,https://www.sofascore.com/armenia-romania/CObsPUb#id:9223917,armenia,miss,No information,assisted,11.1,55.2,0,head,left,0,62.4,33.3,No information,No information,58,No information,3429,55.2,11.1,37.6,0,37.6,66.7,33,1971,shot
varazdat-haroyan,https://www.sofascore.com/armenia-romania/CObsPUb#id:9223917,armenia,save,No information,corner,9,38.9,0,head,low-centre,0,48.9,14.6,No information,No information,55,No information,3281,38.9,9,51.1,0,51.1,85.4,36,2119,shot
sargis-adamyan,https://www.sofascore.com/armenia-romania/CObsPUb#id:9223917,armenia,block,No information,regular,19.4,68.9,0,left-foot,low-centre,0,51.4,19,No information,No information,55,No information,3250,68.9,19.4,48.6,0,48.6,81,36,2150,shot
lucas-zelarayan,https://www.sofascore.com/armenia-romania/CObsPUb#id:9223917,armenia,block,No information,assisted,19.3,57.5,0,left-foot,low-centre,0,51.7,19,No information,No information,48,No information,2876,57.5,19.3,48.3,0,48.3,81,43,2524,shot
razvan-marin,https://www.sofascore.com/armenia-romania/CObsPUb#id:9223917,romania,save,No information,assisted,30.9,46.6,0,right-foot,low-left,0,54.1,19.6,No information,No information,39,No information,2290,46.6,30.9,45.9,0,45.9,80.4,7,410,shot
alexandru-cicaldau,https://www.sofascore.com/armenia-romania/CObsPUb#id:9223917,romania,save,No information,corner,27,69.6,0,right-foot,low-right,0,46,18.4,No information,No information,34,No information,1996,69.6,27,54,0,54,81.6,12,704,shot
ianis-hagi,https://www.sofascore.com/armenia-romania/CObsPUb#id:9223917,romania,miss,No information,corner,21.2,30.3,0,left-foot,right,0,12.9,4.2,No information,No information,34,No information,1993,30.3,21.2,87.1,0,87.1,95.8,12,707,shot
razvan-marin,https://www.sofascore.com/armenia-romania/CObsPUb#id:9223917,romania,block,No information,free-kick,31.8,36.1,0,right-foot,low-centre,0,51.8,6.9,No information,No information,32,No information,1878,36.1,31.8,48.2,0,48.2,93.1,14,822,shot
alexandru-cicaldau,https://www.sofascore.com/armenia-romania/CObsPUb#id:9223917,romania,miss,No information,corner,24.1,62,0,right-foot,high-right,0,30.6,72.2,No information,No information,29,No information,1696,62,24.1,69.4,0,69.4,27.8,17,1004,shot
alexandru-mitrita,https://www.sofascore.com/armenia-romania/CObsPUb#id:9223917,romania,goal,regular,corner,3.8,50.7,0,head,low-centre,0,51.5,14.6,No information,No information,26,No information,1532,50.7,3.8,48.5,0,48.5,85.4,20,1168,shot
claudiu-keseru,https://www.sofascore.com/armenia-romania/CObsPUb#id:9223917,romania,block,No information,assisted,13.7,67.2,0,left-foot,high-left,0,54.8,26.4,No information,No information,25,No information,1493,67.2,13.7,45.2,0,45.2,73.6,21,1207,shot
nicolae-stanciu,https://www.sofascore.com/armenia-romania/CObsPUb#id:9223917,romania,miss,No information,regular,6,72.1,0,right-foot,high-right,0,38.8,51.4,No information,No information,4,No information,221,72.1,6,61.2,0,61.2,48.6,42,2479,shot
claudiu-keseru,https://www.sofascore.com/armenia-romania/CObsPUb#id:9223917,romania,miss,No information,assisted,7.9,43.6,0,head,high,0,47.6,68.1,No information,No information,3,No information,133,43.6,7.9,52.4,0,52.4,31.9,43,2567,shot
tigran-barseghyan,https://www.sofascore.com/armenia-romania/CObsPUb#id:9223917,armenia,miss,No information,fast-break,8.3,70.7,0,right-foot,right,0,40,27.8,No information,No information,1,No information,47,70.7,8.3,60,0,60,72.2,45,2653,shot

enis-bardhi,https://www.sofascore.com/north-macedonia-romania/CObsCVb#id:9223856,north macedonia,save,No information,assisted,26.6,32,0,right-foot,low-centre,0,51.4,6.3,No information,No information,73,No information,4366,32,26.6,48.6,0,48.6,93.7,18,1034,shot
razvan-marin,https://www.sofascore.com/north-macedonia-romania/CObsCVb#id:9223856,romania,save,No information,set-piece,30.3,38.6,0,right-foot,low-centre,0,51.2,17.7,No information,No information,72,No information,4263,38.6,30.3,48.8,0,48.8,82.3,19,1137,shot
stefan-ristovski,https://www.sofascore.com/north-macedonia-romania/CObsCVb#id:9223856,north macedonia,block,No information,assisted,19.7,48,0,left-foot,low-left,0,53,19,No information,No information,70,No information,4162,48,19.7,47,0,47,81,21,1238,shot
tihomir-kostadinov,https://www.sofascore.com/north-macedonia-romania/CObsCVb#id:9223856,north macedonia,block,No information,regular,27.5,52,0,right-foot,low-centre,0,48.8,19,No information,No information,66,No information,3934,52,27.5,51.2,0,51.2,81,25,1466,shot
nicolae-stanciu,https://www.sofascore.com/north-macedonia-romania/CObsCVb#id:9223856,romania,miss,No information,assisted,29.8,53,0,right-foot,close-left,0,57.5,5.6,No information,No information,65,No information,3870,53,29.8,42.5,0,42.5,94.4,26,1530,shot
eljif-elmas,https://www.sofascore.com/north-macedonia-romania/CObsCVb#id:9223856,north macedonia,miss,No information,assisted,10.8,63.5,0,left-foot,left,0,99.7,2.8,No information,No information,62,No information,3716,63.5,10.8,0.3,0,0.3,97.2,29,1684,shot
enis-bardhi,https://www.sofascore.com/north-macedonia-romania/CObsCVb#id:9223856,north macedonia,save,No information,assisted,13.4,64.3,0,right-foot,low-right,0,47.9,4.4,No information,No information,58,No information,3462,64.3,13.4,52.1,0,52.1,95.6,33,1938,shot
jovan-markovic,https://www.sofascore.com/north-macedonia-romania/CObsCVb#id:9223856,romania,miss,No information,assisted,17.8,71.1,0,right-foot,high,0,46.7,69.4,No information,No information,53,No information,3150,71.1,17.8,53.3,0,53.3,30.6,38,2250,shot
eljif-elmas,https://www.sofascore.com/north-macedonia-romania/CObsCVb#id:9223856,north macedonia,miss,No information,regular,12.8,63.9,0,right-foot,right,0,39.8,27.8,No information,No information,51,No information,3039,63.9,12.8,60.2,0,60.2,72.2,40,2361,shot
eljif-elmas,https://www.sofascore.com/north-macedonia-romania/CObsCVb#id:9223856,north macedonia,save,No information,assisted,7,68,0,left-foot,low-right,0,48.1,8.9,No information,No information,51,No information,3037,68,7,51.9,0,51.9,91.1,40,2363,shot
enis-bardhi,https://www.sofascore.com/north-macedonia-romania/CObsCVb#id:9223856,north macedonia,block,No information,free-kick,26.3,63.4,0,right-foot,low-centre,0,49.8,19,No information,No information,49,No information,2898,63.4,26.3,50.2,0,50.2,81,42,2502,shot
ionut-nedelcearu,https://www.sofascore.com/north-macedonia-romania/CObsCVb#id:9223856,romania,miss,No information,corner,3.8,42.9,0,other,high-left,0,60.8,77.8,No information,No information,45,1,2740,42.9,3.8,39.2,0,39.2,22.2,1,2660,shot
enis-bardhi,https://www.sofascore.com/north-macedonia-romania/CObsCVb#id:9223856,north macedonia,miss,No information,assisted,22.4,28.9,0,left-foot,high,0,45.5,69.4,No information,No information,44,No information,2613,28.9,22.4,54.5,0,54.5,30.6,2,87,shot
eljif-elmas,https://www.sofascore.com/north-macedonia-romania/CObsCVb#id:9223856,north macedonia,save,No information,assisted,14,59,0,left-foot,low-centre,0,51,4.4,No information,No information,34,No information,1985,59,14,49,0,49,95.6,12,715,shot
darko-churlinov,https://www.sofascore.com/north-macedonia-romania/CObsCVb#id:9223856,north macedonia,save,No information,assisted,7.8,26.4,0,left-foot,high-centre,0,49.5,22.2,No information,No information,33,No information,1955,26.4,7.8,50.5,0,50.5,77.8,13,745,shot
nicolae-stanciu,https://www.sofascore.com/north-macedonia-romania/CObsCVb#id:9223856,romania,miss,No information,free-kick,26.1,56.3,0,right-foot,high,0,47.1,70.8,No information,No information,30,No information,1767,56.3,26.1,52.9,0,52.9,29.2,16,933,shot
deian-sorescu,https://www.sofascore.com/north-macedonia-romania/CObsCVb#id:9223856,romania,save,No information,assisted,12.7,26.6,0,left-foot,high-right,0,47.9,29.1,No information,No information,22,No information,1265,26.6,12.7,52.1,0,52.1,70.9,24,1435,shot
stefan-spirovski,https://www.sofascore.com/north-macedonia-romania/CObsCVb#id:9223856,north macedonia,miss,No information,regular,29.9,54.6,0,right-foot,high,0,46.6,83.3,No information,No information,19,No information,1089,54.6,29.9,53.4,0,53.4,16.7,27,1611,shot
jovan-markovic,https://www.sofascore.com/north-macedonia-romania/CObsCVb#id:9223856,romania,miss,No information,assisted,32.2,52.6,0,right-foot,high-right,0,39.3,75,No information,No information,16,No information,913,52.6,32.2,60.7,0,60.7,25,30,1787,shot
darko-churlinov,https://www.sofascore.com/north-macedonia-romania/CObsCVb#id:9223856,north macedonia,save,No information,regular,12.1,43.3,0,right-foot,low-left,0,54,13.3,No information,No information,14,No information,832,43.3,12.1,46,0,46,86.7,32,1868,shot
stefan-spirovski,https://www.sofascore.com/north-macedonia-romania/CObsCVb#id:9223856,north macedonia,block,No information,assisted,28.4,28.6,0,right-foot,low-centre,0,50.3,19,No information,No information,4,No information,199,28.6,28.4,49.7,0,49.7,81,42,2501,shot

valentin-mihaila,https://www.sofascore.com/belarus-romania/CObsTUb#id:10752515,romania,block,No information,free-kick,5.1,11.3,0,right-foot,low-left,0,51.8,19,No information,No information,89,No information,5339,11.3,5.1,48.2,0,48.2,81,2,61,shot
louis-munteanu,https://www.sofascore.com/belarus-romania/CObsTUb#id:10752515,romania,miss,No information,assisted,2.9,39.4,0,right-foot,high-left,0,61,87.5,No information,No information,88,No information,5258,39.4,2.9,39,0,39,12.5,3,142,shot
sergei-politevich,https://www.sofascore.com/belarus-romania/CObsTUb#id:10752515,belarus,block,No information,corner,8.2,44.9,0,head,low-centre,0,51.3,19,No information,No information,87,No information,5184,44.9,8.2,48.7,0,48.7,81,4,216,shot
volkov-zakhar,https://www.sofascore.com/belarus-romania/CObsTUb#id:10752515,belarus,block,No information,corner,4.9,42.8,0,head,low-centre,0,51.3,19,No information,No information,86,No information,5154,42.8,4.9,48.7,0,48.7,81,5,246,shot
artem-kontsevoj,https://www.sofascore.com/belarus-romania/CObsTUb#id:10752515,belarus,save,No information,fast-break,8.5,27.6,0,left-foot,high-left,0,52.8,23.4,No information,No information,86,No information,5107,27.6,8.5,47.2,0,47.2,76.6,5,293,shot
nicusor-bancu,https://www.sofascore.com/belarus-romania/CObsTUb#id:10752515,romania,miss,No information,regular,14,27.9,0,left-foot,high-right,0,42.5,62.5,No information,No information,80,No information,4766,27.9,14,57.5,0,57.5,37.5,11,634,shot
olimpiu-morutan,https://www.sofascore.com/belarus-romania/CObsTUb#id:10752515,romania,miss,No information,assisted,25.6,55.7,0,left-foot,close-high,0,51.4,52.8,No information,No information,72,No information,4312,55.7,25.6,48.6,0,48.6,47.2,19,1088,shot
nicolae-stanciu,https://www.sofascore.com/belarus-romania/CObsTUb#id:10752515,romania,miss,No information,assisted,18.7,49.3,0,right-foot,high,0,55.8,81.9,No information,No information,72,No information,4263,49.3,18.7,44.2,0,44.2,18.1,19,1137,shot
nicolae-stanciu,https://www.sofascore.com/belarus-romania/CObsTUb#id:10752515,romania,miss,No information,assisted,10.8,66.8,0,left-foot,close-left,0,58.5,30.6,No information,No information,69,No information,4122,66.8,10.8,41.5,0,41.5,69.4,22,1278,shot
artem-kontsevoj,https://www.sofascore.com/belarus-romania/CObsTUb#id:10752515,belarus,save,No information,assisted,18.7,33.6,0,right-foot,high-centre,0,48.2,28.5,No information,No information,67,No information,4006,33.6,18.7,51.8,0,51.8,71.5,24,1394,shot
andrei-burca,https://www.sofascore.com/belarus-romania/CObsTUb#id:10752515,romania,block,No information,corner,6.9,49.9,0,head,low-left,0,52,19,No information,No information,64,No information,3801,49.9,6.9,48,0,48,81,27,1599,shot
artem-kontsevoj,https://www.sofascore.com/belarus-romania/CObsTUb#id:10752515,belarus,miss,No information,fast-break,14.8,64.9,0,left-foot,close-right,0,43.2,4.2,No information,No information,56,No information,3313,64.9,14.8,56.8,0,56.8,95.8,35,2087,shot
razvan-marin,https://www.sofascore.com/belarus-romania/CObsTUb#id:10752515,romania,save,No information,assisted,27.6,56.7,0,right-foot,high-left,0,53.2,31,No information,No information,53,No information,3179,56.7,27.6,46.8,0,46.8,69,38,2221,shot
denis-alibec,https://www.sofascore.com/belarus-romania/CObsTUb#id:10752515,romania,block,No information,assisted,8.1,43.9,0,left-foot,low-centre,0,51.4,19,No information,No information,53,No information,3131,43.9,8.1,48.6,0,48.6,81,38,2269,shot
denis-alibec,https://www.sofascore.com/belarus-romania/CObsTUb#id:10752515,romania,miss,No information,assisted,28.1,49.7,0,left-foot,left,0,60.2,9.7,No information,No information,51,No information,3002,49.7,28.1,39.8,0,39.8,90.3,40,2398,shot
vladislav-morozov,https://www.sofascore.com/belarus-romania/CObsTUb#id:10752515,belarus,miss,No information,corner,6.2,49.6,0,head,right,0,33.3,26.4,No information,No information,45,2,2778,49.6,6.2,66.7,0,66.7,73.6,1,2622,shot
denis-dragus,https://www.sofascore.com/belarus-romania/CObsTUb#id:10752515,romania,miss,No information,assisted,23.2,42.1,0,right-foot,left,0,65.2,5.6,No information,No information,41,No information,2458,42.1,23.2,34.8,0,34.8,94.4,5,242,shot
nicolae-stanciu,https://www.sofascore.com/belarus-romania/CObsTUb#id:10752515,romania,save,No information,free-kick,25.1,28.3,0,right-foot,low-left,0,53.8,6.3,No information,No information,35,No information,2082,28.3,25.1,46.2,0,46.2,93.7,11,618,shot
nicolae-stanciu,https://www.sofascore.com/belarus-romania/CObsTUb#id:10752515,romania,miss,No information,regular,14.8,62.3,0,right-foot,close-high,0,48.7,52.8,No information,No information,23,No information,1335,62.3,14.8,51.3,0,51.3,47.2,23,1365,shot
denis-dragus,https://www.sofascore.com/belarus-romania/CObsTUb#id:10752515,romania,miss,No information,assisted,14.5,29.3,0,right-foot,right,0,25.7,13.9,No information,No information,23,No information,1333,29.3,14.5,74.3,0,74.3,86.1,23,1367,shot
denis-alibec,https://www.sofascore.com/belarus-romania/CObsTUb#id:10752515,romania,save,No information,regular,9.4,50.6,0,left-foot,low-left,0,52.8,2.5,No information,No information,21,No information,1259,50.6,9.4,47.2,0,47.2,97.5,25,1441,shot
max-ebong,https://www.sofascore.com/belarus-romania/CObsTUb#id:10752515,belarus,miss,No information,assisted,29.6,71.1,0,right-foot,left,0,61.5,4.2,No information,No information,20,No information,1159,71.1,29.6,38.5,0,38.5,95.8,26,1541,shot
denis-dragus,https://www.sofascore.com/belarus-romania/CObsTUb#id:10752515,romania,miss,No information,corner,7.1,42.5,0,right-foot,close-left,0,56.6,11.1,No information,No information,18,No information,1061,42.5,7.1,43.4,0,43.4,88.9,28,1639,shot
nicolae-stanciu,https://www.sofascore.com/belarus-romania/CObsTUb#id:10752515,romania,block,No information,regular,20.4,55.8,0,left-foot,low-left,0,52.2,19,No information,No information,18,No information,1028,55.8,20.4,47.8,0,47.8,81,28,1672,shot
denis-alibec,https://www.sofascore.com/belarus-romania/CObsTUb#id:10752515,romania,save,No information,assisted,17.7,44.1,0,left-foot,high-centre,0,51.4,29.7,No information,No information,15,No information,870,44.1,17.7,48.6,0,48.6,70.3,31,1830,shot
artem-kontsevoj,https://www.sofascore.com/belarus-romania/CObsTUb#id:10752515,belarus,miss,No information,assisted,26.8,32.6,0,right-foot,high,0,47.9,81.9,No information,No information,11,No information,616,32.6,26.8,52.1,0,52.1,18.1,35,2084,shot
nicolae-stanciu,https://www.sofascore.com/belarus-romania/CObsTUb#id:10752515,romania,save,No information,assisted,13,42.1,0,right-foot,low-right,0,47.8,2.5,No information,No information,10,No information,582,42.1,13,52.2,0,52.2,97.5,36,2118,shot
vladislav-klimovich,https://www.sofascore.com/belarus-romania/CObsTUb#id:10752515,belarus,miss,No information,fast-break,19.6,45.9,0,left-foot,close-left,0,57.1,15.3,No information,No information,6,No information,354,45.9,19.6,42.9,0,42.9,84.7,40,2346,shot

cristian-manea,https://www.sofascore.com/iceland-romania/CObsiUb#id:9040645,romania,miss,No information,regular,11.1,69.9,0,left-foot,high,0,54.6,81.9,No information,No information,84,No information,5028,69.9,11.1,45.4,0,45.4,18.1,7,372,shot
arnor-traustason,https://www.sofascore.com/iceland-romania/CObsiUb#id:9040645,iceland,miss,No information,assisted,25,28.2,0,right-foot,left,0,67.6,2.8,No information,No information,74,No information,4433,28.2,25,32.4,0,32.4,97.2,17,967,shot
alexandru-maxim,https://www.sofascore.com/iceland-romania/CObsiUb#id:9040645,romania,block,No information,assisted,6,63.3,0,right-foot,low-centre,0,50.5,19,No information,No information,66,No information,3908,63.3,6,49.5,0,49.5,81,25,1492,shot
alexandru-maxim,https://www.sofascore.com/iceland-romania/CObsiUb#id:9040645,romania,goal,penalty,penalty,11.5,50,0,right-foot,low-right,0,46,1.9,No information,No information,63,No information,3742,50,11.5,54,0,54,98.1,28,1658,shot
nicolae-stanciu,https://www.sofascore.com/iceland-romania/CObsiUb#id:9040645,romania,block,No information,regular,26.2,50.7,0,right-foot,low-centre,0,51.5,19,No information,No information,56,No information,3358,50.7,26.2,48.5,0,48.5,81,35,2042,shot
kari-arnason,https://www.sofascore.com/iceland-romania/CObsiUb#id:9040645,iceland,miss,No information,corner,6.3,50.3,0,head,left,0,64.2,12.5,No information,No information,50,No information,2982,50.3,6.3,35.8,0,35.8,87.5,41,2418,shot
hordur-magnusson,https://www.sofascore.com/iceland-romania/CObsiUb#id:9040645,iceland,miss,No information,regular,30.5,58.5,0,left-foot,high,0,55.6,62.5,No information,No information,48,No information,2851,58.5,30.5,44.4,0,44.4,37.5,43,2549,shot
gylfi-sigurdsson,https://www.sofascore.com/iceland-romania/CObsiUb#id:9040645,iceland,miss,No information,assisted,31.3,53.4,0,right-foot,left,0,61.7,12.5,No information,No information,46,No information,2714,53.4,31.3,38.3,0,38.3,87.5,45,2686,shot
gylfi-sigurdsson,https://www.sofascore.com/iceland-romania/CObsiUb#id:9040645,iceland,goal,regular,assisted,12.5,62.5,0,left-foot,low-left,0,54.1,3.8,No information,No information,34,No information,2035,62.5,12.5,45.9,0,45.9,96.2,12,665,shot
denis-alibec,https://www.sofascore.com/iceland-romania/CObsiUb#id:9040645,romania,block,No information,corner,20.1,52.2,0,left-foot,low-centre,0,49.4,19,No information,No information,26,No information,1544,52.2,20.1,50.6,0,50.6,81,20,1156,shot
alfred-finnbogason,https://www.sofascore.com/iceland-romania/CObsiUb#id:9040645,iceland,block,No information,corner,12.2,55.5,0,right-foot,low-centre,0,50.5,19,No information,No information,23,No information,1320,55.5,12.2,49.5,0,49.5,81,23,1380,shot
gylfi-sigurdsson,https://www.sofascore.com/iceland-romania/CObsiUb#id:9040645,iceland,save,No information,assisted,21.1,40,0,left-foot,low-right,0,47.1,3.8,No information,No information,22,No information,1273,40,21.1,52.9,0,52.9,96.2,24,1427,shot
gylfi-sigurdsson,https://www.sofascore.com/iceland-romania/CObsiUb#id:9040645,iceland,goal,regular,assisted,17.8,57.5,0,left-foot,low-right,0,46.2,1.3,No information,No information,16,No information,946,57.5,17.8,53.8,0,53.8,98.7,30,1754,shot
nicolae-stanciu,https://www.sofascore.com/iceland-romania/CObsiUb#id:9040645,romania,block,No information,assisted,14.7,76.7,0,right-foot,low-left,0,51.9,13.9,No information,No information,14,No information,823,76.7,14.7,48.1,0,48.1,86.1,32,1877,shot
nicolae-stanciu,https://www.sofascore.com/iceland-romania/CObsiUb#id:9040645,romania,miss,No information,corner,23.1,64.4,0,right-foot,left,0,61.3,6.9,No information,No information,7,No information,416,64.4,23.1,38.7,0,38.7,93.1,39,2284,shot

bislimi-uran,https://www.sofascore.com/switzerland-romania/CObsZTb#id:10752446,switzerland,post,No information,assisted,6.4,56,0,right-foot,high,0,46.8,39.2,No information,No information,90,8,5826,56,6.4,53.2,0,53.2,60.8,1,474,shot
valentin-mihaila,https://www.sofascore.com/switzerland-romania/CObsZTb#id:10752446,romania,goal,regular,assisted,7.8,35.5,0,left-foot,low-left,0,53.8,8.2,No information,No information,90,2,5501,35.5,7.8,46.2,0,46.2,91.8,1,799,shot
valentin-mihaila,https://www.sofascore.com/switzerland-romania/CObsZTb#id:10752446,romania,goal,regular,assisted,7.1,41.2,0,left-foot,low-centre,0,51,1.9,No information,No information,89,No information,5337,41.2,7.1,49,0,49,98.1,2,63,shot
nicolae-stanciu,https://www.sofascore.com/switzerland-romania/CObsZTb#id:10752446,romania,miss,No information,assisted,27.6,48.9,0,right-foot,high,0,44.2,86.1,No information,No information,88,No information,5263,48.9,27.6,55.8,0,55.8,13.9,3,137,shot
darius-olaru,https://www.sofascore.com/switzerland-romania/CObsZTb#id:10752446,romania,block,No information,regular,18.5,34.7,0,left-foot,low-centre,0,49.7,19,No information,No information,88,No information,5232,34.7,18.5,50.3,0,50.3,81,3,168,shot
nico-elvedi,https://www.sofascore.com/switzerland-romania/CObsZTb#id:10752446,switzerland,miss,No information,corner,5.8,59.6,0,head,high,0,49.7,69.4,No information,No information,79,No information,4685,59.6,5.8,50.3,0,50.3,30.6,12,715,shot
djibril-sow,https://www.sofascore.com/switzerland-romania/CObsZTb#id:10752446,switzerland,save,No information,regular,11,47.2,0,right-foot,low-centre,0,50,15.2,No information,No information,78,No information,4653,47.2,11,50,0,50,84.8,13,747,shot
valentin-mihaila,https://www.sofascore.com/switzerland-romania/CObsZTb#id:10752446,romania,block,No information,assisted,22,39.5,0,right-foot,low-centre,0,49.3,19,No information,No information,77,No information,4619,39.5,22,50.7,0,50.7,81,14,781,shot
denis-zakaria,https://www.sofascore.com/switzerland-romania/CObsZTb#id:10752446,switzerland,block,No information,assisted,11.8,65.3,0,right-foot,low-right,0,48.1,19,No information,No information,70,No information,4159,65.3,11.8,51.9,0,51.9,81,21,1241,shot
xherdan-shaqiri,https://www.sofascore.com/switzerland-romania/CObsZTb#id:10752446,switzerland,save,No information,assisted,24.5,42.5,0,left-foot,low-centre,0,50.7,19.6,No information,No information,69,No information,4080,42.5,24.5,49.3,0,49.3,80.4,22,1320,shot
ruben-vargas,https://www.sofascore.com/switzerland-romania/CObsZTb#id:10752446,switzerland,save,No information,assisted,10.9,28.7,0,right-foot,low-centre,0,50.7,4.4,No information,No information,67,No information,3987,28.7,10.9,49.3,0,49.3,95.6,24,1413,shot
xherdan-shaqiri,https://www.sofascore.com/switzerland-romania/CObsZTb#id:10752446,switzerland,miss,No information,assisted,3.9,54.2,0,left-foot,right,0,40.7,11.1,No information,No information,46,No information,2752,54.2,3.9,59.3,0,59.3,88.9,45,2648,shot
zeki-amdouni,https://www.sofascore.com/switzerland-romania/CObsZTb#id:10752446,switzerland,miss,No information,assisted,8.7,37.1,0,left-foot,close-left,0,59.2,8.3,No information,No information,44,No information,2597,37.1,8.7,40.8,0,40.8,91.7,2,103,shot
denis-zakaria,https://www.sofascore.com/switzerland-romania/CObsZTb#id:10752446,switzerland,block,No information,assisted,21.4,56.7,0,right-foot,low-centre,0,49.1,19,No information,No information,43,No information,2573,56.7,21.4,50.9,0,50.9,81,3,127,shot
zeki-amdouni,https://www.sofascore.com/switzerland-romania/CObsZTb#id:10752446,switzerland,goal,regular,fast-break,10.7,32.8,0,left-foot,low-centre,0,49,1.3,No information,No information,41,No information,2443,32.8,10.7,51,0,51,98.7,5,257,shot
zeki-amdouni,https://www.sofascore.com/switzerland-romania/CObsZTb#id:10752446,switzerland,miss,No information,assisted,14.5,37.3,0,left-foot,right,0,39.3,5.6,No information,No information,35,No information,2094,37.3,14.5,60.7,0,60.7,94.4,11,606,shot
edimilson-fernandes,https://www.sofascore.com/switzerland-romania/CObsZTb#id:10752446,switzerland,miss,No information,corner,24.2,49.5,0,left-foot,right,0,32.8,19.4,No information,No information,35,No information,2061,49.5,24.2,67.2,0,67.2,80.6,11,639,shot
remo-freuler,https://www.sofascore.com/switzerland-romania/CObsZTb#id:10752446,switzerland,block,No information,assisted,14.4,53.3,0,right-foot,low-centre,0,49.4,19,No information,No information,34,No information,2010,53.3,14.4,50.6,0,50.6,81,12,690,shot
andrei-burca,https://www.sofascore.com/switzerland-romania/CObsZTb#id:10752446,romania,save,No information,assisted,25.9,25.6,0,right-foot,low-centre,0,50.5,3.8,No information,No information,31,No information,1814,25.6,25.9,49.5,0,49.5,96.2,15,886,shot
zeki-amdouni,https://www.sofascore.com/switzerland-romania/CObsZTb#id:10752446,switzerland,goal,regular,regular,6.1,49.8,0,left-foot,low-centre,0,51.8,15.8,No information,No information,28,No information,1673,49.8,6.1,48.2,0,48.2,84.2,18,1027,shot
ruben-vargas,https://www.sofascore.com/switzerland-romania/CObsZTb#id:10752446,switzerland,miss,No information,assisted,7.8,47.6,0,head,left,0,60.7,8.3,No information,No information,19,No information,1100,47.6,7.8,39.3,0,39.3,91.7,27,1600,shot
zeki-amdouni,https://www.sofascore.com/switzerland-romania/CObsZTb#id:10752446,switzerland,save,No information,regular,4.1,39.4,0,left-foot,low-left,0,52.2,11.4,No information,No information,7,No information,369,39.4,4.1,47.8,0,47.8,88.6,39,2331,shot
denis-zakaria,https://www.sofascore.com/switzerland-romania/CObsZTb#id:10752446,switzerland,block,No information,assisted,14.8,45.4,0,right-foot,low-centre,0,48.7,19,No information,No information,5,No information,248,45.4,14.8,51.3,0,51.3,81,41,2452,shot

denis-alibec,https://www.sofascore.com/kosovo-romania/CObsBNlb#id:10752506,romania,block,No information,regular,19,66.9,0,left-foot,low-centre,0,50.8,19,No information,No information,90,4,5636,66.9,19,49.2,0,49.2,81,1,664,shot
nicolae-stanciu,https://www.sofascore.com/kosovo-romania/CObsBNlb#id:10752506,romania,block,No information,assisted,15.3,57.3,0,left-foot,low-left,0,53.5,19,No information,No information,90,4,5633,57.3,15.3,46.5,0,46.5,81,1,667,shot
valentin-mihaila,https://www.sofascore.com/kosovo-romania/CObsBNlb#id:10752506,romania,goal,regular,assisted,8.7,48.4,0,right-foot,high-centre,0,49,32.9,No information,No information,90,3,5521,48.4,8.7,51,0,51,67.1,1,779,shot
nicolae-stanciu,https://www.sofascore.com/kosovo-romania/CObsBNlb#id:10752506,romania,block,No information,assisted,18.7,36.3,0,left-foot,low-centre,0,48.3,19,No information,No information,90,1,5455,36.3,18.7,51.7,0,51.7,81,1,845,shot
florent-muslija,https://www.sofascore.com/kosovo-romania/CObsBNlb#id:10752506,kosovo,miss,No information,assisted,15.3,71.8,0,right-foot,left,0,61.3,8.3,No information,No information,89,No information,5338,71.8,15.3,38.7,0,38.7,91.7,2,62,shot
denis-alibec,https://www.sofascore.com/kosovo-romania/CObsBNlb#id:10752506,romania,save,No information,corner,7.8,36.7,0,right-foot,low-left,0,53.2,1.3,No information,No information,89,No information,5298,36.7,7.8,46.8,0,46.8,98.7,2,102,shot
olimpiu-morutan,https://www.sofascore.com/kosovo-romania/CObsBNlb#id:10752506,romania,save,No information,fast-break,12,62.3,0,left-foot,high-right,0,47.9,32.9,No information,No information,88,No information,5242,62.3,12,52.1,0,52.1,67.1,3,158,shot
ibrahim-dresevic,https://www.sofascore.com/kosovo-romania/CObsBNlb#id:10752506,kosovo,block,No information,regular,4.1,71.7,0,right-foot,low-right,0,45.6,19,No information,No information,85,No information,5073,71.7,4.1,54.4,0,54.4,81,6,327,shot
florian-loshaj,https://www.sofascore.com/kosovo-romania/CObsBNlb#id:10752506,kosovo,save,No information,assisted,5.2,67.5,0,left-foot,high-centre,0,48.6,20.9,No information,No information,85,No information,5061,67.5,5.2,51.4,0,51.4,79.1,6,339,shot
nicolae-stanciu,https://www.sofascore.com/kosovo-romania/CObsBNlb#id:10752506,romania,goal,regular,regular,15.4,43.7,0,left-foot,low-centre,0,51.2,4.4,No information,No information,83,No information,4944,43.7,15.4,48.8,0,48.8,95.6,8,456,shot
valentin-mihaila,https://www.sofascore.com/kosovo-romania/CObsBNlb#id:10752506,romania,block,No information,assisted,10.7,55.5,0,right-foot,low-centre,0,49,19,No information,No information,83,No information,4940,55.5,10.7,51,0,51,81,8,460,shot
alexandru-cicaldau,https://www.sofascore.com/kosovo-romania/CObsBNlb#id:10752506,romania,block,No information,assisted,26.6,47.6,0,right-foot,low-centre,0,51.2,19,No information,No information,75,No information,4473,47.6,26.6,48.8,0,48.8,81,16,927,shot
ibrahim-dresevic,https://www.sofascore.com/kosovo-romania/CObsBNlb#id:10752506,kosovo,save,No information,assisted,30.3,28.6,0,right-foot,low-centre,0,50.4,13.3,No information,No information,75,No information,4455,28.6,30.3,49.6,0,49.6,86.7,16,945,shot
razvan-marin,https://www.sofascore.com/kosovo-romania/CObsBNlb#id:10752506,romania,miss,No information,assisted,22.1,29.4,0,right-foot,high,0,45.2,62.5,No information,No information,70,No information,4140,29.4,22.1,54.8,0,54.8,37.5,21,1260,shot
nicolae-stanciu,https://www.sofascore.com/kosovo-romania/CObsBNlb#id:10752506,romania,miss,No information,corner,14,71.5,0,right-foot,left,0,87.2,8.3,No information,No information,65,No information,3896,71.5,14,12.8,0,12.8,91.7,26,1504,shot
denis-alibec,https://www.sofascore.com/kosovo-romania/CObsBNlb#id:10752506,romania,save,No information,assisted,30.3,49.6,0,left-foot,low-centre,0,49.2,3.8,No information,No information,64,No information,3826,49.6,30.3,50.8,0,50.8,96.2,27,1574,shot
vladimir-screciu,https://www.sofascore.com/kosovo-romania/CObsBNlb#id:10752506,romania,miss,No information,corner,8.8,51.5,0,head,left,0,93.9,5.6,No information,No information,61,No information,3647,51.5,8.8,6.1,0,6.1,94.4,30,1753,shot
nicolae-stanciu,https://www.sofascore.com/kosovo-romania/CObsBNlb#id:10752506,romania,save,No information,penalty,11.5,50,0,right-foot,low-right,0,46,1.9,No information,No information,61,No information,3612,50,11.5,54,0,54,98.1,30,1788,shot
vladimir-screciu,https://www.sofascore.com/kosovo-romania/CObsBNlb#id:10752506,romania,miss,No information,regular,31,29.8,0,right-foot,right,0,18.3,5.6,No information,No information,52,No information,3063,29.8,31,81.7,0,81.7,94.4,39,2337,shot
nicolae-stanciu,https://www.sofascore.com/kosovo-romania/CObsBNlb#id:10752506,romania,save,No information,free-kick,19.5,19.4,0,right-foot,high-centre,0,49.1,23.4,No information,No information,51,No information,3011,19.4,19.5,50.9,0,50.9,76.6,40,2389,shot
denis-alibec,https://www.sofascore.com/kosovo-romania/CObsBNlb#id:10752506,romania,save,No information,assisted,24.4,56,0,left-foot,low-right,0,47.4,3.8,No information,No information,48,No information,2825,56,24.4,52.6,0,52.6,96.2,43,2575,shot
edon-zhegrova,https://www.sofascore.com/kosovo-romania/CObsBNlb#id:10752506,kosovo,miss,No information,regular,13.7,60.4,0,left-foot,close-left,0,58.2,27.8,No information,No information,42,No information,2476,60.4,13.7,41.8,0,41.8,72.2,4,224,shot
florinel-coman,https://www.sofascore.com/kosovo-romania/CObsBNlb#id:10752506,romania,block,No information,throw-in-set-piece,10.3,50.3,0,right-foot,low-left,0,51.9,9.7,No information,No information,41,No information,2434,50.3,10.3,48.1,0,48.1,90.3,5,266,shot
florinel-coman,https://www.sofascore.com/kosovo-romania/CObsBNlb#id:10752506,romania,miss,No information,free-kick,21.4,19.2,0,right-foot,high-right,0,42,63.9,No information,No information,39,No information,2299,19.2,21.4,58,0,58,36.1,7,401,shot
vedat-muriqi,https://www.sofascore.com/kosovo-romania/CObsBNlb#id:10752506,kosovo,block,No information,regular,5.3,68.2,0,right-foot,low-left,0,52.8,2.8,No information,No information,30,No information,1761,68.2,5.3,47.2,0,47.2,97.2,16,939,shot
alexandru-cicaldau,https://www.sofascore.com/kosovo-romania/CObsBNlb#id:10752506,romania,miss,No information,assisted,29.8,50.5,0,right-foot,left,0,66.2,1.4,No information,No information,29,No information,1706,50.5,29.8,33.8,0,33.8,98.6,17,994,shot
nicusor-bancu,https://www.sofascore.com/kosovo-romania/CObsBNlb#id:10752506,romania,miss,No information,assisted,11.1,29.9,0,left-foot,right,0,31.8,6.9,No information,No information,27,No information,1591,29.9,11.1,68.2,0,68.2,93.1,19,1109,shot
edon-zhegrova,https://www.sofascore.com/kosovo-romania/CObsBNlb#id:10752506,kosovo,save,No information,set-piece,18.8,74.4,0,left-foot,low-centre,0,50.3,12,No information,No information,10,No information,562,74.4,18.8,49.7,0,49.7,88,36,2138,shot

razvan-marin,https://www.sofascore.com/armenia-romania/CObsPUb#id:9223833,romania,miss,No information,assisted,22.4,45,0,left-foot,high,0,52.3,88.9,No information,No information,90,1,5449,45,22.4,47.7,0,47.7,11.1,1,851,shot
tigran-barseghyan,https://www.sofascore.com/armenia-romania/CObsPUb#id:9223833,armenia,goal,penalty,penalty,11.5,50,0,left-foot,low-right,0,45.9,2.5,No information,No information,89,No information,5322,50,11.5,54.1,0,54.1,97.5,2,78,shot
varazdat-haroyan,https://www.sofascore.com/armenia-romania/CObsPUb#id:9223833,armenia,goal,regular,throw-in-set-piece,6.8,50.1,0,right-foot,high-centre,0,49,27.8,No information,No information,86,No information,5153,50.1,6.8,51,0,51,72.2,5,247,shot
sargis-adamyan,https://www.sofascore.com/armenia-romania/CObsPUb#id:9223833,armenia,block,No information,regular,8.6,49.6,0,left-foot,low-centre,0,49.2,19,No information,No information,86,No information,5120,49.6,8.6,50.8,0,50.8,81,5,280,shot
tigran-barseghyan,https://www.sofascore.com/armenia-romania/CObsPUb#id:9223833,armenia,miss,No information,assisted,7.1,42.5,0,right-foot,right,0,15.1,26.4,No information,No information,86,No information,5117,42.5,7.1,84.9,0,84.9,73.6,5,283,shot
shaghoyan-zhirayr,https://www.sofascore.com/armenia-romania/CObsPUb#id:9223833,armenia,miss,No information,assisted,12.8,27.5,0,right-foot,close-high,0,45.9,50,No information,No information,84,No information,5013,27.5,12.8,54.1,0,54.1,50,7,387,shot
sargis-adamyan,https://www.sofascore.com/armenia-romania/CObsPUb#id:9223833,armenia,save,No information,regular,9.3,61.2,0,left-foot,low-right,0,46.4,5.1,No information,No information,83,No information,4940,61.2,9.3,53.6,0,53.6,94.9,8,460,shot
shaghoyan-zhirayr,https://www.sofascore.com/armenia-romania/CObsPUb#id:9223833,armenia,save,No information,assisted,12.6,24.6,0,right-foot,high-left,0,52.2,32.3,No information,No information,82,No information,4914,24.6,12.6,47.8,0,47.8,67.7,9,486,shot
claudiu-keseru,https://www.sofascore.com/armenia-romania/CObsPUb#id:9223833,romania,miss,No information,fast-break,18.4,53.8,0,right-foot,left,0,60,5.6,No information,No information,81,No information,4844,53.8,18.4,40,0,40,94.4,10,556,shot
eduard-spertsyan,https://www.sofascore.com/armenia-romania/CObsPUb#id:9223833,armenia,block,No information,throw-in-set-piece,15,27.1,0,right-foot,low-centre,0,50,19,No information,No information,74,No information,4395,27.1,15,50,0,50,81,17,1005,shot
alexandru-cicaldau,https://www.sofascore.com/armenia-romania/CObsPUb#id:9223833,romania,goal,regular,assisted,9,60.9,0,head,low-left,0,51.9,11.4,No information,No information,72,No information,4288,60.9,9,48.1,0,48.1,88.6,19,1112,shot
sargis-adamyan,https://www.sofascore.com/armenia-romania/CObsPUb#id:9223833,armenia,block,No information,assisted,21.7,44,0,right-foot,low-centre,0,49.6,19,No information,No information,63,No information,3778,44,21.7,50.4,0,50.4,81,28,1622,shot
alexandru-cicaldau,https://www.sofascore.com/armenia-romania/CObsPUb#id:9223833,romania,goal,regular,regular,4.3,48.4,0,right-foot,low-centre,0,51.3,15.2,No information,No information,62,No information,3693,48.4,4.3,48.7,0,48.7,84.8,29,1707,shot
nicusor-bancu,https://www.sofascore.com/armenia-romania/CObsPUb#id:9223833,romania,block,No information,assisted,14.8,29.5,0,left-foot,low-right,0,46.1,19,No information,No information,62,No information,3692,29.5,14.8,53.9,0,53.9,81,29,1708,shot
sargis-adamyan,https://www.sofascore.com/armenia-romania/CObsPUb#id:9223833,armenia,miss,No information,corner,8.5,49.7,0,head,close-right,0,41.2,20.8,No information,No information,61,No information,3649,49.7,8.5,58.8,0,58.8,79.2,30,1751,shot
sargis-adamyan,https://www.sofascore.com/armenia-romania/CObsPUb#id:9223833,armenia,save,No information,set-piece,9.8,63.4,0,head,low-left,0,52.7,10.8,No information,No information,61,No information,3600,63.4,9.8,47.3,0,47.3,89.2,30,1800,shot
george-puscas,https://www.sofascore.com/armenia-romania/CObsPUb#id:9223833,romania,save,No information,corner,9.9,51.2,0,head,low-left,0,53.2,14.6,No information,No information,60,No information,3541,51.2,9.9,46.8,0,46.8,85.4,31,1859,shot
eduard-spertsyan,https://www.sofascore.com/armenia-romania/CObsPUb#id:9223833,armenia,goal,regular,assisted,19.2,36.4,0,right-foot,low-centre,0,48.7,9.5,No information,No information,56,No information,3332,36.4,19.2,51.3,0,51.3,90.5,35,2068,shot
shaghoyan-zhirayr,https://www.sofascore.com/armenia-romania/CObsPUb#id:9223833,armenia,miss,No information,fast-break,7.5,59.1,0,right-foot,close-right,0,42.4,20.8,No information,No information,51,No information,3025,59.1,7.5,57.6,0,57.6,79.2,40,2375,shot
razvan-marin,https://www.sofascore.com/armenia-romania/CObsPUb#id:9223833,romania,miss,No information,free-kick,28.5,48.2,0,right-foot,high,0,50.1,75,No information,No information,49,No information,2887,48.2,28.5,49.9,0,49.9,25,42,2513,shot
dennis-man,https://www.sofascore.com/armenia-romania/CObsPUb#id:9223833,romania,save,No information,assisted,15.1,48.2,0,head,low-centre,0,50,9.5,No information,No information,45,1,2724,48.2,15.1,50,0,50,90.5,1,2676,shot
andre-calisir,https://www.sofascore.com/armenia-romania/CObsPUb#id:9223833,armenia,miss,No information,corner,8.2,43.8,0,left-foot,close-high-left,0,59.2,59.7,No information,No information,43,No information,2579,43.8,8.2,40.8,0,40.8,40.3,3,121,shot
nicolae-stanciu,https://www.sofascore.com/armenia-romania/CObsPUb#id:9223833,romania,save,No information,corner,16.4,20,0,right-foot,low-left,0,52.6,4.4,No information,No information,41,No information,2413,20,16.4,47.4,0,47.4,95.6,5,287,shot
george-puscas,https://www.sofascore.com/armenia-romania/CObsPUb#id:9223833,romania,block,No information,corner,14.9,52.4,0,right-foot,low-centre,0,50,19,No information,No information,40,No information,2352,52.4,14.9,50,0,50,81,6,348,shot
alexandru-maxim,https://www.sofascore.com/armenia-romania/CObsPUb#id:9223833,romania,miss,No information,assisted,13.5,47,0,right-foot,high-right,0,40.3,87.5,No information,No information,23,No information,1354,47,13.5,59.7,0,59.7,12.5,23,1346,shot
tigran-barseghyan,https://www.sofascore.com/armenia-romania/CObsPUb#id:9223833,armenia,save,No information,assisted,14.4,71.9,0,left-foot,low-right,0,46.4,8.2,No information,No information,15,No information,892,71.9,14.4,53.6,0,53.6,91.8,31,1808,shot
alexander-karapetyan,https://www.sofascore.com/armenia-romania/CObsPUb#id:9223833,armenia,save,No information,regular,10.5,69.7,0,right-foot,high-centre,0,48.4,32.9,No information,No information,14,No information,790,69.7,10.5,51.6,0,51.6,67.1,32,1910,shot
dennis-man,https://www.sofascore.com/armenia-romania/CObsPUb#id:9223833,romania,miss,No information,assisted,27.6,61,0,left-foot,high-right,0,41.5,73.6,No information,No information,12,No information,677,61,27.6,58.5,0,58.5,26.4,34,2023,shot
nicolae-stanciu,https://www.sofascore.com/armenia-romania/CObsPUb#id:9223833,romania,save,No information,free-kick,28.4,41.8,0,right-foot,high-left,0,54.2,33.5,No information,No information,10,No information,554,41.8,28.4,45.8,0,45.8,66.5,36,2146,shot
nicolae-stanciu,https://www.sofascore.com/armenia-romania/CObsPUb#id:9223833,romania,save,No information,assisted,25.8,22.7,0,right-foot,low-centre,0,50.6,1.9,No information,No information,6,No information,356,22.7,25.8,49.4,0,49.4,98.1,40,2344,shot

nicolae-stanciu,https://www.sofascore.com/romania-norway/AObsCOb#id:8079024,romania,miss,No information,assisted,12,25,0,right-foot,close-left,0,58.3,5.6,No information,No information,90,5,5684,25,12,41.7,0,41.7,94.4,1,616,shot
florin-andone,https://www.sofascore.com/romania-norway/AObsCOb#id:8079024,romania,miss,No information,assisted,8.2,70,0,right-foot,right,0,40.3,23.6,No information,No information,90,3,5577,70,8.2,59.7,0,59.7,76.4,1,723,shot
joshua-king,https://www.sofascore.com/romania-norway/AObsCOb#id:8079024,norway,save,No information,assisted,11.4,50.6,0,head,low-centre,0,51.3,8.2,No information,No information,90,3,5558,50.6,11.4,48.7,0,48.7,91.8,1,742,shot
florin-andone,https://www.sofascore.com/romania-norway/AObsCOb#id:8079024,romania,save,No information,assisted,22.3,34.5,0,right-foot,low-centre,0,49.4,5.1,No information,No information,90,3,5538,34.5,22.3,50.6,0,50.6,94.9,1,762,shot
alexander-sorloth,https://www.sofascore.com/romania-norway/AObsCOb#id:8079024,norway,goal,regular,assisted,8.1,48.4,0,head,high-left,0,53.7,24.7,No information,No information,90,2,5484,48.4,8.1,46.3,0,46.3,75.3,1,816,shot
martin-odegaard,https://www.sofascore.com/romania-norway/AObsCOb#id:8079024,norway,miss,No information,free-kick,29.4,44,0,left-foot,high-left,0,57.1,68.1,No information,No information,87,No information,5167,44,29.4,42.9,0,42.9,31.9,4,233,shot
razvan-marin,https://www.sofascore.com/romania-norway/AObsCOb#id:8079024,romania,miss,No information,regular,20,71.5,0,left-foot,right,0,31.8,8.3,No information,No information,81,No information,4807,71.5,20,68.2,0,68.2,91.7,10,593,shot
alexandru-mitrita,https://www.sofascore.com/romania-norway/AObsCOb#id:8079024,romania,block,No information,fast-break,15.8,63.3,0,right-foot,No information,No information,No information,No information,No information,No information,69,No information,4116,63.3,15.8,No information,No information,No information,No information,22,1284,shot
bjorn-johnsen,https://www.sofascore.com/romania-norway/AObsCOb#id:8079024,norway,save,No information,corner,8.2,43.6,0,head,low-centre,0,50.6,15.2,No information,No information,69,No information,4096,43.6,8.2,49.4,0,49.4,84.8,22,1304,shot
kristoffer-ajer,https://www.sofascore.com/romania-norway/AObsCOb#id:8079024,norway,miss,No information,corner,8,59.7,0,left-foot,high-left,0,59.5,69.4,No information,No information,65,No information,3869,59.7,8,40.5,0,40.5,30.6,26,1531,shot
martin-odegaard,https://www.sofascore.com/romania-norway/AObsCOb#id:8079024,norway,block,No information,fast-break,14.1,41,0,left-foot,No information,No information,No information,No information,No information,No information,65,No information,3844,41,14.1,No information,No information,No information,No information,26,1556,shot
florin-andone,https://www.sofascore.com/romania-norway/AObsCOb#id:8079024,romania,post,No information,corner,4.1,47,0,head,high,0,54.1,39.9,No information,No information,64,No information,3827,47,4.1,45.9,0,45.9,60.1,27,1573,shot
nicolae-stanciu,https://www.sofascore.com/romania-norway/AObsCOb#id:8079024,romania,miss,No information,fast-break,27.8,63.3,0,right-foot,left,0,62.7,6.9,No information,No information,64,No information,3791,63.3,27.8,37.3,0,37.3,93.1,27,1609,shot
alexandru-mitrita,https://www.sofascore.com/romania-norway/AObsCOb#id:8079024,romania,goal,regular,regular,18.1,56.4,0,left-foot,low-left,0,54.3,6.3,No information,No information,62,No information,3670,56.4,18.1,45.7,0,45.7,93.7,29,1730,shot
martin-odegaard,https://www.sofascore.com/romania-norway/AObsCOb#id:8079024,norway,block,No information,assisted,14.7,70.6,0,left-foot,No information,No information,No information,No information,No information,No information,60,No information,3571,70.6,14.7,No information,No information,No information,No information,31,1829,shot
nicolae-stanciu,https://www.sofascore.com/romania-norway/AObsCOb#id:8079024,romania,save,No information,assisted,17,35.4,0,right-foot,low-left,0,54.1,3.2,No information,No information,58,No information,3458,35.4,17,45.9,0,45.9,96.8,33,1942,shot
george-puscas,https://www.sofascore.com/romania-norway/AObsCOb#id:8079024,romania,save,No information,penalty,11.5,50,0,right-foot,low-right,0,47.6,3.2,No information,No information,52,No information,3093,50,11.5,52.4,0,52.4,96.8,39,2307,shot
martin-odegaard,https://www.sofascore.com/romania-norway/AObsCOb#id:8079024,norway,miss,No information,corner,14.2,57.5,0,left-foot,high-left,0,60.7,79.2,No information,No information,50,No information,2948,57.5,14.2,39.3,0,39.3,20.8,41,2452,shot
sander-berge,https://www.sofascore.com/romania-norway/AObsCOb#id:8079024,norway,block,No information,assisted,11.5,70.3,0,right-foot,No information,No information,No information,No information,No information,No information,49,No information,2909,70.3,11.5,No information,No information,No information,No information,42,2491,shot
alexandru-mitrita,https://www.sofascore.com/romania-norway/AObsCOb#id:8079024,romania,save,No information,assisted,19.1,47.2,0,left-foot,low-left,0,53.3,4.4,No information,No information,45,1,2705,47.2,19.1,46.7,0,46.7,95.6,1,2695,shot
sander-berge,https://www.sofascore.com/romania-norway/AObsCOb#id:8079024,norway,miss,No information,set-piece,10,57.1,0,head,left,0,82.7,1.4,No information,No information,44,No information,2581,57.1,10,17.3,0,17.3,98.6,2,119,shot
joshua-king,https://www.sofascore.com/romania-norway/AObsCOb#id:8079024,norway,block,No information,regular,20.3,30.4,0,right-foot,No information,No information,No information,No information,No information,No information,24,No information,1436,30.4,20.3,No information,No information,No information,No information,22,1264,shot
joshua-king,https://www.sofascore.com/romania-norway/AObsCOb#id:8079024,norway,miss,No information,assisted,26.6,39.5,0,right-foot,close-right,0,42,8.3,No information,No information,21,No information,1212,39.5,26.6,58,0,58,91.7,25,1488,shot
nicolae-stanciu,https://www.sofascore.com/romania-norway/AObsCOb#id:8079024,romania,save,No information,regular,23.1,44.2,0,left-foot,low-right,0,46.1,3.2,No information,No information,16,No information,908,44.2,23.1,53.9,0,53.9,96.8,30,1792,shot
alexandru-mitrita,https://www.sofascore.com/romania-norway/AObsCOb#id:8079024,romania,miss,No information,fast-break,3.9,34,0,left-foot,right,0,5.7,4.2,No information,No information,15,No information,864,34,3.9,94.3,0,94.3,95.8,31,1836,shot
omar-elabdellaoui,https://www.sofascore.com/romania-norway/AObsCOb#id:8079024,norway,miss,No information,assisted,12.1,73.8,0,right-foot,left,0,90.6,8.3,No information,No information,14,No information,809,73.8,12.1,9.4,0,9.4,91.7,32,1891,shot
martin-odegaard,https://www.sofascore.com/romania-norway/AObsCOb#id:8079024,norway,save,No information,assisted,18.2,68.1,0,left-foot,low-left,0,52.7,17.1,No information,No information,13,No information,724,68.1,18.2,47.3,0,47.3,82.9,33,1976,shot
romario-benzar,https://www.sofascore.com/romania-norway/AObsCOb#id:8079024,romania,miss,No information,assisted,24.6,70.9,0,right-foot,close-right,0,43.4,19.4,No information,No information,6,No information,356,70.9,24.6,56.6,0,56.6,80.6,40,2344,shot
george-puscas,https://www.sofascore.com/romania-norway/AObsCOb#id:8079024,romania,miss,No information,assisted,17.9,56.7,0,left-foot,high-right,0,40.8,63.9,No information,No information,2,No information,75,56.7,17.9,59.2,0,59.2,36.1,44,2625,shot

serge-gnabry,https://www.sofascore.com/germany-romania/CObslUb#id:9223920,germany,save,No information,corner,7,58.6,0,head,low-right,0,47.7,19,No information,No information,90,1,5442,58.6,7,52.3,0,52.3,81,1,858,shot
vlad-chiriches,https://www.sofascore.com/germany-romania/CObslUb#id:9223920,romania,miss,No information,set-piece,7.7,49.7,0,left-foot,left,0,62,13.9,No information,No information,88,No information,5268,49.7,7.7,38,0,38,86.1,3,132,shot
thomas-muller,https://www.sofascore.com/germany-romania/CObslUb#id:9223920,germany,goal,regular,corner,3,46.6,0,right-foot,high-left,0,52.9,26.6,No information,No information,81,No information,4841,46.6,3,47.1,0,47.1,73.4,10,559,shot
leon-goretzka,https://www.sofascore.com/germany-romania/CObslUb#id:9223920,germany,miss,No information,corner,5.7,59.2,0,head,left,0,62.5,5.6,No information,No information,81,No information,4840,59.2,5.7,37.5,0,37.5,94.4,10,560,shot
nicolae-stanciu,https://www.sofascore.com/germany-romania/CObslUb#id:9223920,romania,miss,No information,assisted,8.7,33.4,0,right-foot,close-left,0,58.5,5.6,No information,No information,80,No information,4762,33.4,8.7,41.5,0,41.5,94.4,11,638,shot
nicolae-stanciu,https://www.sofascore.com/germany-romania/CObslUb#id:9223920,romania,miss,No information,set-piece,28.9,30.3,0,right-foot,left,0,63.7,2.8,No information,No information,80,No information,4754,30.3,28.9,36.3,0,36.3,97.2,11,646,shot
serge-gnabry,https://www.sofascore.com/germany-romania/CObslUb#id:9223920,germany,block,No information,assisted,15.6,54.1,0,left-foot,low-right,0,47.7,19,No information,No information,78,No information,4668,54.1,15.6,52.3,0,52.3,81,13,732,shot
kai-havertz,https://www.sofascore.com/germany-romania/CObslUb#id:9223920,germany,miss,No information,set-piece,5.5,50.9,0,head,high,0,49.1,66.7,No information,No information,78,No information,4624,50.9,5.5,50.9,0,50.9,33.3,13,776,shot
leroy-sane,https://www.sofascore.com/germany-romania/CObslUb#id:9223920,germany,block,No information,assisted,6.3,34,0,right-foot,low-centre,0,48.9,19,No information,No information,77,No information,4578,34,6.3,51.1,0,51.1,81,14,822,shot
george-puscas,https://www.sofascore.com/germany-romania/CObslUb#id:9223920,romania,miss,No information,fast-break,17.8,61,0,right-foot,left,0,61.7,11.1,No information,No information,74,No information,4420,61,17.8,38.3,0,38.3,88.9,17,980,shot
leroy-sane,https://www.sofascore.com/germany-romania/CObslUb#id:9223920,germany,miss,No information,assisted,9.9,58.1,0,left-foot,high,0,53.6,81.9,No information,No information,73,No information,4354,58.1,9.9,46.4,0,46.4,18.1,18,1046,shot
timo-werner,https://www.sofascore.com/germany-romania/CObslUb#id:9223920,germany,miss,No information,assisted,9.1,41.2,0,left-foot,left,0,62.7,6.9,No information,No information,67,No information,3966,41.2,9.1,37.3,0,37.3,93.1,24,1434,shot
timo-werner,https://www.sofascore.com/germany-romania/CObslUb#id:9223920,germany,miss,No information,assisted,9.4,67,0,right-foot,right,0,35.1,9.7,No information,No information,64,No information,3824,67,9.4,64.9,0,64.9,90.3,27,1576,shot
leroy-sane,https://www.sofascore.com/germany-romania/CObslUb#id:9223920,germany,miss,No information,assisted,20.5,63.3,0,left-foot,high-left,0,58,83.3,No information,No information,62,No information,3701,63.3,20.5,42,0,42,16.7,29,1699,shot
marco-reus,https://www.sofascore.com/germany-romania/CObslUb#id:9223920,germany,block,No information,set-piece,14.7,60,0,right-foot,low-left,0,53,19,No information,No information,60,No information,3591,60,14.7,47,0,47,81,31,1809,shot
marco-reus,https://www.sofascore.com/germany-romania/CObslUb#id:9223920,germany,miss,No information,assisted,8.4,53.9,0,left-foot,high,0,48.1,80.6,No information,No information,58,No information,3424,53.9,8.4,51.9,0,51.9,19.4,33,1976,shot
jonas-hofmann,https://www.sofascore.com/germany-romania/CObslUb#id:9223920,germany,block,No information,assisted,25.9,66,0,right-foot,low-centre,0,50.5,19,No information,No information,57,No information,3381,66,25.9,49.5,0,49.5,81,34,2019,shot
serge-gnabry,https://www.sofascore.com/germany-romania/CObslUb#id:9223920,germany,goal,regular,assisted,21.2,64.3,0,right-foot,low-left,0,53.9,3.2,No information,No information,52,No information,3107,64.3,21.2,46.1,0,46.1,96.8,39,2293,shot
joshua-kimmich,https://www.sofascore.com/germany-romania/CObslUb#id:9223920,germany,save,No information,assisted,25.1,27.3,0,right-foot,low-right,0,46.5,10.1,No information,No information,45,3,2878,27.3,25.1,53.5,0,53.5,89.9,1,2522,shot
adrian-rus,https://www.sofascore.com/germany-romania/CObslUb#id:9223920,romania,block,No information,corner,11.1,46.2,0,head,low-centre,0,50.5,19,No information,No information,45,3,2822,46.2,11.1,49.5,0,49.5,81,1,2578,shot
antonio-rudiger,https://www.sofascore.com/germany-romania/CObslUb#id:9223920,germany,miss,No information,assisted,29.1,49.3,0,right-foot,left,0,61.2,1.4,No information,No information,45,1,2739,49.3,29.1,38.8,0,38.8,98.6,1,2661,shot
serge-gnabry,https://www.sofascore.com/germany-romania/CObslUb#id:9223920,germany,miss,No information,regular,25.4,55.3,0,left-foot,close-right,0,43.2,5.6,No information,No information,44,No information,2612,55.3,25.4,56.8,0,56.8,94.4,2,88,shot
george-puscas,https://www.sofascore.com/germany-romania/CObslUb#id:9223920,romania,miss,No information,assisted,3.8,38.8,0,right-foot,close-right,0,42.5,4.2,No information,No information,41,No information,2420,38.8,3.8,57.5,0,57.5,95.8,5,280,shot
marco-reus,https://www.sofascore.com/germany-romania/CObslUb#id:9223920,germany,save,No information,assisted,6.2,30.6,0,left-foot,high-centre,0,50,24.1,No information,No information,33,No information,1976,30.6,6.2,50,0,50,75.9,13,724,shot
leon-goretzka,https://www.sofascore.com/germany-romania/CObslUb#id:9223920,germany,block,No information,assisted,19.3,49.4,0,right-foot,low-centre,0,50.2,19,No information,No information,33,No information,1926,49.4,19.3,49.8,0,49.8,81,13,774,shot
serge-gnabry,https://www.sofascore.com/germany-romania/CObslUb#id:9223920,germany,save,No information,corner,8.4,48.5,0,head,high-centre,0,50.2,22.8,No information,No information,24,No information,1405,48.5,8.4,49.8,0,49.8,77.2,22,1295,shot
serge-gnabry,https://www.sofascore.com/germany-romania/CObslUb#id:9223920,germany,block,No information,assisted,28.6,56.9,0,right-foot,low-centre,0,49.9,19,No information,No information,19,No information,1115,56.9,28.6,50.1,0,50.1,81,27,1585,shot
serge-gnabry,https://www.sofascore.com/germany-romania/CObslUb#id:9223920,germany,miss,No information,assisted,4.4,52,0,right-foot,close-right,0,41.8,4.2,No information,No information,17,No information,967,52,4.4,58.2,0,58.2,95.8,29,1733,shot
george-puscas,https://www.sofascore.com/germany-romania/CObslUb#id:9223920,romania,block,No information,regular,22.2,58.1,0,left-foot,low-centre,0,50.3,19,No information,No information,10,No information,577,58.1,22.2,49.7,0,49.7,81,36,2123,shot
ianis-hagi,https://www.sofascore.com/germany-romania/CObslUb#id:9223920,romania,goal,regular,assisted,13.4,68.7,0,left-foot,low-left,0,54.2,10.1,No information,No information,9,No information,502,68.7,13.4,45.8,0,45.8,89.9,37,2198,shot
alin-tosca,https://www.sofascore.com/germany-romania/CObslUb#id:9223920,romania,miss,No information,regular,20.7,30.1,0,left-foot,right,0,40.2,5.6,No information,No information,3,No information,164,30.1,20.7,59.8,0,59.8,94.4,43,2536,shot

vasile-mogos,https://www.sofascore.com/sweden-romania/CObsNTb#id:8079032,romania,save,No information,assisted,23.1,68.8,0,right-foot,high-centre,0,50,34.8,No information,No information,88,No information,5229,68.8,23.1,50,0,50,65.2,3,171,shot
ianis-hagi,https://www.sofascore.com/sweden-romania/CObsNTb#id:8079032,romania,miss,No information,assisted,24.1,37.9,0,right-foot,close-left,0,57.5,13.9,No information,No information,84,No information,4986,37.9,24.1,42.5,0,42.5,86.1,7,414,shot
denis-alibec,https://www.sofascore.com/sweden-romania/CObsNTb#id:8079032,romania,miss,No information,assisted,22.8,58.5,0,left-foot,left,0,59.7,31.9,No information,No information,81,No information,4828,58.5,22.8,40.3,0,40.3,68.1,10,572,shot
florinel-coman,https://www.sofascore.com/sweden-romania/CObsNTb#id:8079032,romania,miss,No information,assisted,22.7,63.7,0,right-foot,left,0,63.4,5.6,No information,No information,74,No information,4404,63.7,22.7,36.6,0,36.6,94.4,17,996,shot
albin-ekdal,https://www.sofascore.com/sweden-romania/CObsNTb#id:8079032,sweden,post,No information,corner,12.1,49.1,0,right-foot,high,0,47.4,39.9,No information,No information,71,No information,4220,49.1,12.1,52.6,0,52.6,60.1,20,1180,shot
albin-ekdal,https://www.sofascore.com/sweden-romania/CObsNTb#id:8079032,sweden,block,No information,assisted,15.3,54.3,0,right-foot,No information,No information,No information,No information,No information,No information,70,No information,4177,54.3,15.3,No information,No information,No information,No information,21,1223,shot
nicolae-stanciu,https://www.sofascore.com/sweden-romania/CObsNTb#id:8079032,romania,miss,No information,regular,19.3,41.2,0,left-foot,right,0,37.8,11.1,No information,No information,67,No information,3988,41.2,19.3,62.2,0,62.2,88.9,24,1412,shot
ianis-hagi,https://www.sofascore.com/sweden-romania/CObsNTb#id:8079032,romania,save,No information,regular,11.9,23.6,0,left-foot,low-left,0,51.9,13.3,No information,No information,64,No information,3795,23.6,11.9,48.1,0,48.1,86.7,27,1605,shot
marcus-berg,https://www.sofascore.com/sweden-romania/CObsNTb#id:8079032,sweden,save,No information,set-piece,8.1,49.9,0,head,high-centre,0,50.6,20.3,No information,No information,60,No information,3541,49.9,8.1,49.4,0,49.4,79.7,31,1859,shot
victor-lindelof,https://www.sofascore.com/sweden-romania/CObsNTb#id:8079032,sweden,miss,No information,corner,11.7,64.7,0,right-foot,high,0,47.2,72.2,No information,No information,54,No information,3217,64.7,11.7,52.8,0,52.8,27.8,37,2183,shot
alexandru-mitrita,https://www.sofascore.com/sweden-romania/CObsNTb#id:8079032,romania,miss,No information,regular,25,43.9,0,right-foot,high-right,0,38.2,65.3,No information,No information,51,No information,3002,43.9,25,61.8,0,61.8,34.7,40,2398,shot
claudiu-keseru,https://www.sofascore.com/sweden-romania/CObsNTb#id:8079032,romania,block,No information,assisted,10.7,37.6,0,left-foot,No information,No information,No information,No information,No information,No information,49,No information,2880,37.6,10.7,No information,No information,No information,No information,42,2520,shot
alexandru-mitrita,https://www.sofascore.com/sweden-romania/CObsNTb#id:8079032,romania,miss,No information,regular,23.8,51.8,0,right-foot,right,0,40.7,22.2,No information,No information,46,No information,2725,51.8,23.8,59.3,0,59.3,77.8,45,2675,shot
claudiu-keseru,https://www.sofascore.com/sweden-romania/CObsNTb#id:8079032,romania,miss,No information,assisted,44.4,31.2,0,left-foot,close-left,0,57.3,8.3,No information,No information,44,No information,2634,31.2,44.4,42.7,0,42.7,91.7,2,66,shot
claudiu-keseru,https://www.sofascore.com/sweden-romania/CObsNTb#id:8079032,romania,miss,No information,regular,7.1,42.2,0,left-foot,right,0,36.1,4.2,No information,No information,40,No information,2399,42.2,7.1,63.9,0,63.9,95.8,6,301,shot
alexandru-mitrita,https://www.sofascore.com/sweden-romania/CObsNTb#id:8079032,romania,save,No information,free-kick,28.7,35.2,0,right-foot,low-left,0,52,13.3,No information,No information,40,No information,2345,35.2,28.7,48,0,48,86.7,6,355,shot
vasile-mogos,https://www.sofascore.com/sweden-romania/CObsNTb#id:8079032,romania,block,No information,assisted,24.7,65.1,0,right-foot,No information,No information,No information,No information,No information,No information,36,No information,2108,65.1,24.7,No information,No information,No information,No information,10,592,shot
robin-quaison,https://www.sofascore.com/sweden-romania/CObsNTb#id:8079032,sweden,goal,regular,assisted,10.3,54.3,0,right-foot,low-left,0,52.5,5.1,No information,No information,34,No information,1999,54.3,10.3,47.5,0,47.5,94.9,12,701,shot
robin-quaison,https://www.sofascore.com/sweden-romania/CObsNTb#id:8079032,sweden,miss,No information,set-piece,6.8,39.7,0,head,high,0,47.7,66.7,No information,No information,28,No information,1668,39.7,6.8,52.3,0,52.3,33.3,18,1032,shot
emil-forsberg,https://www.sofascore.com/sweden-romania/CObsNTb#id:8079032,sweden,block,No information,assisted,11.7,43.4,0,left-foot,No information,No information,No information,No information,No information,No information,26,No information,1533,43.4,11.7,No information,No information,No information,No information,20,1167,shot
mikael-lustig,https://www.sofascore.com/sweden-romania/CObsNTb#id:8079032,sweden,miss,No information,set-piece,18.5,56.5,0,left-foot,high,0,53.3,79.2,No information,No information,24,No information,1407,56.5,18.5,46.7,0,46.7,20.8,22,1293,shot
marcus-berg,https://www.sofascore.com/sweden-romania/CObsNTb#id:8079032,sweden,goal,regular,assisted,7.1,47.2,0,head,low-right,0,45.8,10.8,No information,No information,18,No information,1027,47.2,7.1,54.2,0,54.2,89.2,28,1673,shot
nicolae-stanciu,https://www.sofascore.com/sweden-romania/CObsNTb#id:8079032,romania,block,No information,regular,26.4,53,0,right-foot,No information,No information,No information,No information,No information,No information,15,No information,881,53,26.4,No information,No information,No information,No information,31,1819,shot
emil-forsberg,https://www.sofascore.com/sweden-romania/CObsNTb#id:8079032,sweden,miss,No information,assisted,19.5,51.3,0,left-foot,high-left,0,58.8,73.6,No information,No information,15,No information,842,51.3,19.5,41.2,0,41.2,26.4,31,1858,shot

miguel-vitor,https://www.sofascore.com/israel-romania/CObsFOb#id:10752576,israel,miss,No information,assisted,10.4,55.5,0,head,left,0,60.8,4.2,No information,No information,90,6,5736,55.5,10.4,39.2,0,39.2,95.8,1,564,shot
alexandru-cicaldau,https://www.sofascore.com/israel-romania/CObsFOb#id:10752576,romania,block,No information,assisted,13.5,53.8,0,left-foot,low-centre,0,49.3,19,No information,No information,90,5,5680,53.8,13.5,50.7,0,50.7,81,1,620,shot
idan-toklomati-jorno,https://www.sofascore.com/israel-romania/CObsFOb#id:10752576,israel,save,No information,corner,12.7,49.9,0,right-foot,low-right,0,46.2,3.2,No information,No information,90,4,5581,49.9,12.7,53.8,0,53.8,96.8,1,719,shot
oscar-gloukh,https://www.sofascore.com/israel-romania/CObsFOb#id:10752576,israel,block,No information,assisted,19.7,31.4,0,left-foot,low-left,0,52.3,19,No information,No information,90,3,5556,31.4,19.7,47.7,0,47.7,81,1,744,shot
idan-toklomati-jorno,https://www.sofascore.com/israel-romania/CObsFOb#id:10752576,israel,miss,No information,corner,10.5,50.9,0,head,left,0,71.3,23.6,No information,No information,89,No information,5317,50.9,10.5,28.7,0,28.7,76.4,2,83,shot
eran-zahavi,https://www.sofascore.com/israel-romania/CObsFOb#id:10752576,israel,save,No information,assisted,30.4,61.4,0,right-foot,low-left,0,53.2,1.9,No information,No information,82,No information,4876,61.4,30.4,46.8,0,46.8,98.1,9,524,shot
george-puscas,https://www.sofascore.com/israel-romania/CObsFOb#id:10752576,romania,miss,No information,assisted,7.3,44.1,0,head,left,0,61.7,34.7,No information,No information,80,No information,4769,44.1,7.3,38.3,0,38.3,65.3,11,631,shot
florinel-coman,https://www.sofascore.com/israel-romania/CObsFOb#id:10752576,romania,block,No information,assisted,13,31.4,0,right-foot,low-centre,0,49.2,2.8,No information,No information,79,No information,4727,31.4,13,50.8,0,50.8,97.2,12,673,shot
eran-zahavi,https://www.sofascore.com/israel-romania/CObsFOb#id:10752576,israel,miss,No information,assisted,28.3,57.1,0,right-foot,high,0,47.2,86.1,No information,No information,75,No information,4442,57.1,28.3,52.8,0,52.8,13.9,16,958,shot
valentin-mihaila,https://www.sofascore.com/israel-romania/CObsFOb#id:10752576,romania,save,No information,fast-break,9.3,59.7,0,right-foot,high-left,0,52.9,20.3,No information,No information,74,No information,4384,59.7,9.3,47.1,0,47.1,79.7,17,1016,shot
mohammad-abu-fani,https://www.sofascore.com/israel-romania/CObsFOb#id:10752576,israel,miss,No information,assisted,32.2,34.5,0,right-foot,right,0,36.6,4.2,No information,No information,70,No information,4157,34.5,32.2,63.4,0,63.4,95.8,21,1243,shot
ianis-hagi,https://www.sofascore.com/israel-romania/CObsFOb#id:10752576,romania,goal,regular,regular,13.2,63.8,0,left-foot,low-right,0,46.9,0.6,No information,No information,63,No information,3763,63.8,13.2,53.1,0,53.1,99.4,28,1637,shot
eran-zahavi,https://www.sofascore.com/israel-romania/CObsFOb#id:10752576,israel,miss,No information,free-kick,23.1,30.7,0,right-foot,high,0,51.8,65.3,No information,No information,58,No information,3468,30.7,23.1,48.2,0,48.2,34.7,33,1932,shot
dor-turgeman,https://www.sofascore.com/israel-romania/CObsFOb#id:10752576,israel,miss,No information,regular,23.1,28.8,0,right-foot,high-right,0,38.3,66.7,No information,No information,55,No information,3275,28.8,23.1,61.7,0,61.7,33.3,36,2125,shot
oscar-gloukh,https://www.sofascore.com/israel-romania/CObsFOb#id:10752576,israel,miss,No information,assisted,25.6,69.4,0,left-foot,close-left,0,57.6,2.8,No information,No information,53,No information,3159,69.4,25.6,42.4,0,42.4,97.2,38,2241,shot
nicolae-stanciu,https://www.sofascore.com/israel-romania/CObsFOb#id:10752576,romania,miss,No information,corner,19.4,48.7,0,right-foot,right,0,40,15.3,No information,No information,51,No information,3052,48.7,19.4,60,0,60,84.7,40,2348,shot
razvan-marin,https://www.sofascore.com/israel-romania/CObsFOb#id:10752576,romania,miss,No information,assisted,13.1,55.5,0,right-foot,high,0,49.2,75,No information,No information,49,No information,2912,55.5,13.1,50.8,0,50.8,25,42,2488,shot
vladimir-screciu,https://www.sofascore.com/israel-romania/CObsFOb#id:10752576,romania,miss,No information,regular,12.8,30.8,0,right-foot,right,0,33.6,30.6,No information,No information,47,No information,2800,30.8,12.8,66.4,0,66.4,69.4,44,2600,shot
george-puscas,https://www.sofascore.com/israel-romania/CObsFOb#id:10752576,romania,save,No information,assisted,9,25.5,0,left-foot,high-centre,0,51.4,23.4,No information,No information,47,No information,2774,25.5,9,48.6,0,48.6,76.6,44,2626,shot
george-puscas,https://www.sofascore.com/israel-romania/CObsFOb#id:10752576,romania,save,No information,assisted,7,53.4,0,right-foot,low-centre,0,51.6,6.3,No information,No information,38,No information,2246,53.4,7,48.4,0,48.4,93.7,8,454,shot
oscar-gloukh,https://www.sofascore.com/israel-romania/CObsFOb#id:10752576,israel,block,No information,assisted,18.8,51.3,0,right-foot,low-centre,0,49,19,No information,No information,36,No information,2143,51.3,18.8,51,0,51,81,10,557,shot
oscar-gloukh,https://www.sofascore.com/israel-romania/CObsFOb#id:10752576,israel,save,No information,fast-break,5.8,31.6,0,left-foot,low-centre,0,49.2,7.6,No information,No information,32,No information,1918,31.6,5.8,50.8,0,50.8,92.4,14,782,shot
ianis-hagi,https://www.sofascore.com/israel-romania/CObsFOb#id:10752576,romania,save,No information,assisted,27.7,44.8,0,right-foot,low-left,0,54.2,19,No information,No information,30,No information,1754,44.8,27.7,45.8,0,45.8,81,16,946,shot
khalaili-anan,https://www.sofascore.com/israel-romania/CObsFOb#id:10752576,israel,miss,No information,regular,14.6,54.3,0,left-foot,high,0,55,72.2,No information,No information,28,No information,1646,54.3,14.6,45,0,45,27.8,18,1054,shot
dor-turgeman,https://www.sofascore.com/israel-romania/CObsFOb#id:10752576,israel,save,No information,assisted,10.4,34.5,0,right-foot,low-centre,0,48.5,12,No information,No information,28,No information,1644,34.5,10.4,51.5,0,51.5,88,18,1056,shot
ianis-hagi,https://www.sofascore.com/israel-romania/CObsFOb#id:10752576,romania,miss,No information,regular,8.9,53.1,0,left-foot,high,0,46.1,72.2,No information,No information,24,No information,1426,53.1,8.9,53.9,0,53.9,27.8,22,1274,shot
denis-dragus,https://www.sofascore.com/israel-romania/CObsFOb#id:10752576,romania,post,No information,assisted,7.8,37.4,0,right-foot,left,0,55.4,30.4,No information,No information,24,No information,1425,37.4,7.8,44.6,0,44.6,69.6,22,1275,shot
khalaili-anan,https://www.sofascore.com/israel-romania/CObsFOb#id:10752576,israel,miss,No information,assisted,12.8,57.9,0,right-foot,high,0,46.1,68.1,No information,No information,23,No information,1345,57.9,12.8,53.9,0,53.9,31.9,23,1355,shot
denis-dragus,https://www.sofascore.com/israel-romania/CObsFOb#id:10752576,romania,miss,No information,assisted,19.8,37.4,0,right-foot,high,0,51.1,81.9,No information,No information,19,No information,1096,37.4,19.8,48.9,0,48.9,18.1,27,1604,shot
nicolae-stanciu,https://www.sofascore.com/israel-romania/CObsFOb#id:10752576,romania,block,No information,assisted,12.3,71.8,0,right-foot,low-centre,0,51.1,19,No information,No information,12,No information,694,71.8,12.3,48.9,0,48.9,81,34,2006,shot
razvan-marin,https://www.sofascore.com/israel-romania/CObsFOb#id:10752576,romania,save,No information,assisted,22.6,48.5,0,left-foot,low-centre,0,48.3,16.5,No information,No information,12,No information,688,48.5,22.6,51.7,0,51.7,83.5,34,2012,shot
george-puscas,https://www.sofascore.com/israel-romania/CObsFOb#id:10752576,romania,goal,regular,regular,4.4,58.3,0,head,low-centre,0,50.4,9.5,No information,No information,10,No information,581,58.3,4.4,49.6,0,49.6,90.5,36,2119,shot
denis-dragus,https://www.sofascore.com/israel-romania/CObsFOb#id:10752576,romania,save,No information,assisted,25.3,45.1,0,right-foot,high-right,0,47.6,32.9,No information,No information,10,No information,579,45.1,25.3,52.4,0,52.4,67.1,36,2121,shot
eran-zahavi,https://www.sofascore.com/israel-romania/CObsFOb#id:10752576,israel,goal,regular,corner,2.6,54.8,0,head,low-right,0,46.8,17.7,No information,No information,2,No information,90,54.8,2.6,53.2,0,53.2,82.3,44,2610,shot
miguel-vitor,https://www.sofascore.com/israel-romania/CObsFOb#id:10752576,israel,miss,No information,corner,3.4,42.1,0,head,right,0,38.7,4.2,No information,No information,2,No information,89,42.1,3.4,61.3,0,61.3,95.8,44,2611,shot

olimpiu-morutan,https://www.sofascore.com/andorra-romania/CObstWb#id:10752537,romania,miss,No information,set-piece,23.5,62.9,0,left-foot,left,0,68.2,16.7,No information,No information,90,5,5642,62.9,23.5,31.8,0,31.8,83.3,1,658,shot
alexandru-cicaldau,https://www.sofascore.com/andorra-romania/CObstWb#id:10752537,romania,miss,No information,regular,47.9,65.4,0,right-foot,left,0,61.7,36.1,No information,No information,90,2,5478,65.4,47.9,38.3,0,38.3,63.9,1,822,shot
valentin-mihaila,https://www.sofascore.com/andorra-romania/CObstWb#id:10752537,romania,save,No information,assisted,22.8,36.3,0,right-foot,low-centre,0,50.5,1.9,No information,No information,88,No information,5252,36.3,22.8,49.5,0,49.5,98.1,3,148,shot
andrei-burca,https://www.sofascore.com/andorra-romania/CObstWb#id:10752537,romania,miss,No information,corner,11.1,48.5,0,left-foot,high,0,50.9,93.1,No information,No information,61,No information,3619,48.5,11.1,49.1,0,49.1,6.9,30,1781,shot
ianis-hagi,https://www.sofascore.com/andorra-romania/CObstWb#id:10752537,romania,block,No information,assisted,24.2,47.8,0,left-foot,low-centre,0,50.5,19,No information,No information,56,No information,3345,47.8,24.2,49.5,0,49.5,81,35,2055,shot
marc-rebes,https://www.sofascore.com/andorra-romania/CObstWb#id:10752537,andorra,miss,No information,throw-in-set-piece,12.2,43.5,0,right-foot,high,0,51.6,69.4,No information,No information,52,No information,3089,43.5,12.2,48.4,0,48.4,30.6,39,2311,shot
eric-vales,https://www.sofascore.com/andorra-romania/CObstWb#id:10752537,andorra,block,No information,throw-in-set-piece,7.4,47.6,0,head,low-centre,0,49.9,19,No information,No information,52,No information,3082,47.6,7.4,50.1,0,50.1,81,39,2318,shot
florinel-coman,https://www.sofascore.com/andorra-romania/CObstWb#id:10752537,romania,goal,regular,assisted,4.4,33.9,0,left-foot,high-left,0,51.9,32.9,No information,No information,50,No information,2969,33.9,4.4,48.1,0,48.1,67.1,41,2431,shot
nicolae-stanciu,https://www.sofascore.com/andorra-romania/CObstWb#id:10752537,romania,save,No information,set-piece,26.9,30.3,0,right-foot,low-centre,0,49.5,1.3,No information,No information,45,4,2904,30.3,26.9,50.5,0,50.5,98.7,1,2496,shot
ianis-hagi,https://www.sofascore.com/andorra-romania/CObstWb#id:10752537,romania,save,No information,assisted,17,50.3,0,left-foot,low-left,0,53.9,3.2,No information,No information,45,No information,2671,50.3,17,46.1,0,46.1,96.8,1,29,shot
razvan-marin,https://www.sofascore.com/andorra-romania/CObstWb#id:10752537,romania,goal,penalty,penalty,11.5,50,0,right-foot,low-centre,0,51,16.5,No information,No information,44,No information,2608,50,11.5,49,0,49,83.5,2,92,shot
nicolae-stanciu,https://www.sofascore.com/andorra-romania/CObstWb#id:10752537,romania,miss,No information,corner,18.7,47.2,0,right-foot,close-left,0,59.2,20.8,No information,No information,32,No information,1863,47.2,18.7,40.8,0,40.8,79.2,14,837,shot
ianis-hagi,https://www.sofascore.com/andorra-romania/CObstWb#id:10752537,romania,goal,regular,regular,15.7,54.4,0,left-foot,low-right,0,46.5,12,No information,No information,28,No information,1675,54.4,15.7,53.5,0,53.5,88,18,1025,shot
ianis-hagi,https://www.sofascore.com/andorra-romania/CObstWb#id:10752537,romania,save,No information,assisted,15.1,35.1,0,right-foot,low-left,0,53.2,13.9,No information,No information,25,No information,1456,35.1,15.1,46.8,0,46.8,86.1,21,1244,shot
nicolae-stanciu,https://www.sofascore.com/andorra-romania/CObstWb#id:10752537,romania,goal,regular,free-kick,13.1,16.3,0,right-foot,high-left,0,53.6,30.4,No information,No information,23,No information,1330,16.3,13.1,46.4,0,46.4,69.6,23,1370,shot
ianis-hagi,https://www.sofascore.com/andorra-romania/CObstWb#id:10752537,romania,miss,No information,corner,8.7,44.9,0,left-foot,right,0,2.4,4.2,No information,No information,20,No information,1176,44.9,8.7,97.6,0,97.6,95.8,26,1524,shot
nicolae-stanciu,https://www.sofascore.com/andorra-romania/CObstWb#id:10752537,romania,miss,No information,assisted,13.4,65.7,0,right-foot,high,0,45.9,88.9,No information,No information,15,No information,868,65.7,13.4,54.1,0,54.1,11.1,31,1832,shot
daniel-birligea,https://www.sofascore.com/andorra-romania/CObstWb#id:10752537,romania,save,No information,assisted,9.8,46.6,0,left-foot,low-left,0,53.5,16.5,No information,No information,14,No information,807,46.6,9.8,46.5,0,46.5,83.5,32,1893,shot
aaron-sanchez,https://www.sofascore.com/andorra-romania/CObstWb#id:10752537,andorra,miss,No information,set-piece,11.9,38.9,0,head,high-left,0,66.2,61.1,No information,No information,13,No information,738,38.9,11.9,33.8,0,33.8,38.9,33,1962,shot
radu-dragusin,https://www.sofascore.com/andorra-romania/CObstWb#id:10752537,romania,block,No information,set-piece,12,41.2,0,head,low-left,0,51.9,19,No information,No information,2,No information,60,41.2,12,48.1,0,48.1,81,44,2640,shot
