Player,Game Link,Country,shotType,goalType,situation,X,Y,Z,bodyPart,goalMouthLocation,Goal Mouth X,Goal mouth Y,Goal Mouth Z,XG,XGOT,time,addedTime,timeSeconds,Start X,Start Y,End X,End Y,Goal X,Goal Y,reversedPeriodTime,reversedPeriodTimeSeconds,incidentType
lawrence-shankland,https://www.sofascore.com/spain-scotland/VTbsYTb#id:10752407,scotland,save,No information,fast-break,11.8,35.3,0,left-foot,low-left,0,52.6,3.2,No information,No information,90,6,5734,35.3,11.8,47.4,0,47.4,96.8,1,566,shot
yeremy-pino,https://www.sofascore.com/spain-scotland/VTbsYTb#id:10752407,spain,miss,No information,corner,22.7,54.8,0,right-foot,right,0,40.5,23.6,No information,No information,90,3,5560,54.8,22.7,59.5,0,59.5,76.4,1,740,shot
ryan-christie,https://www.sofascore.com/spain-scotland/VTbsYTb#id:10752407,scotland,miss,No information,corner,26.1,49.8,0,right-foot,right,0,31.3,26.4,No information,No information,66,No information,3942,49.8,26.1,68.7,0,68.7,73.6,25,1458,shot
iago-aspas,https://www.sofascore.com/spain-scotland/VTbsYTb#id:10752407,spain,miss,No information,assisted,8.8,58.9,0,left-foot,high,0,49.2,76.4,No information,No information,62,No information,3678,58.9,8.8,50.8,0,50.8,23.6,29,1722,shot
john-mcginn,https://www.sofascore.com/spain-scotland/VTbsYTb#id:10752407,scotland,post,No information,free-kick,11.6,93.1,0,left-foot,high,0,46.1,38.6,No information,No information,57,No information,3402,93.1,11.6,53.9,0,53.9,61.4,34,1998,shot
scott-mctominay,https://www.sofascore.com/spain-scotland/VTbsYTb#id:10752407,scotland,goal,regular,fast-break,13.7,42,0,left-foot,low-left,0,53.2,8.2,No information,No information,51,No information,3054,42,13.7,46.8,0,46.8,91.8,40,2346,shot
ryan-christie,https://www.sofascore.com/spain-scotland/VTbsYTb#id:10752407,scotland,miss,No information,set-piece,18.6,46.2,0,left-foot,left,0,68.6,9.7,No information,No information,50,No information,2955,46.2,18.6,31.4,0,31.4,90.3,41,2445,shot
rodri,https://www.sofascore.com/spain-scotland/VTbsYTb#id:10752407,spain,save,No information,assisted,21.9,58.7,0,left-foot,low-centre,0,50.2,5.1,No information,No information,47,No information,2763,58.7,21.9,49.8,0,49.8,94.9,44,2637,shot
lyndon-dykes,https://www.sofascore.com/spain-scotland/VTbsYTb#id:10752407,scotland,miss,No information,fast-break,9.7,37.6,0,right-foot,high,0,45.2,62.5,No information,No information,45,2,2777,37.6,9.7,54.8,0,54.8,37.5,1,2623,shot
yeremy-pino,https://www.sofascore.com/spain-scotland/VTbsYTb#id:10752407,spain,miss,No information,corner,15.2,58.8,0,right-foot,high,0,48.6,65.3,No information,No information,30,No information,1769,58.8,15.2,51.4,0,51.4,34.7,16,931,shot
pedro-porro,https://www.sofascore.com/spain-scotland/VTbsYTb#id:10752407,spain,save,No information,assisted,24.2,67.9,0,right-foot,high-right,0,46.1,27.8,No information,No information,29,No information,1738,67.9,24.2,53.9,0,53.9,72.2,17,962,shot
rodri,https://www.sofascore.com/spain-scotland/VTbsYTb#id:10752407,spain,miss,No information,corner,5.9,61,0,head,close-high,0,50.6,52.8,No information,No information,29,No information,1688,61,5.9,49.4,0,49.4,47.2,17,1012,shot
joselu,https://www.sofascore.com/spain-scotland/VTbsYTb#id:10752407,spain,post,No information,assisted,5,46.8,0,head,high,0,53.9,39.9,No information,No information,23,No information,1371,46.8,5,46.1,0,46.1,60.1,23,1329,shot
joselu,https://www.sofascore.com/spain-scotland/VTbsYTb#id:10752407,spain,save,No information,assisted,6.9,56.1,0,head,high-centre,0,50.5,26.6,No information,No information,20,No information,1170,56.1,6.9,49.5,0,49.5,73.4,26,1530,shot
ryan-christie,https://www.sofascore.com/spain-scotland/VTbsYTb#id:10752407,scotland,miss,No information,fast-break,15.8,57.5,0,left-foot,close-right,0,43.7,6.9,No information,No information,15,No information,847,57.5,15.8,56.3,0,56.3,93.1,31,1853,shot
scott-mctominay,https://www.sofascore.com/spain-scotland/VTbsYTb#id:10752407,scotland,goal,regular,assisted,11.1,39.6,0,left-foot,low-centre,0,49,6.3,No information,No information,7,No information,384,39.6,11.1,51,0,51,93.7,39,2316,shot
lyndon-dykes,https://www.sofascore.com/spain-scotland/VTbsYTb#id:10752407,scotland,block,No information,regular,18.5,37.8,0,left-foot,low-centre,0,50.9,19,No information,No information,2,No information,82,37.8,18.5,49.1,0,49.1,81,44,2618,shot

callum-mcgregor,https://www.sofascore.com/faroe-islands-scotland/VTbskVb#id:9223873,scotland,save,No information,assisted,27.6,47.8,0,left-foot,low-centre,0,48.6,5.1,No information,No information,90,5,5694,47.8,27.6,51.4,0,51.4,94.9,1,606,shot
lyndon-dykes,https://www.sofascore.com/faroe-islands-scotland/VTbskVb#id:9223873,scotland,goal,regular,regular,4.6,53.9,0,other,low-right,0,45.8,19.6,No information,No information,86,No information,5140,53.9,4.6,54.2,0,54.2,80.4,5,260,shot
joan-edmundsson,https://www.sofascore.com/faroe-islands-scotland/VTbskVb#id:9223873,faroe islands,save,No information,set-piece,14.2,47.5,0,left-foot,low-centre,0,51.2,17.1,No information,No information,82,No information,4898,47.5,14.2,48.8,0,48.8,82.9,9,502,shot
gilmour-billy,https://www.sofascore.com/faroe-islands-scotland/VTbskVb#id:9223873,scotland,miss,No information,regular,19,48.4,0,left-foot,close-left,0,57.3,6.9,No information,No information,80,No information,4792,48.4,19,42.7,0,42.7,93.1,11,608,shot
andrew-robertson,https://www.sofascore.com/faroe-islands-scotland/VTbskVb#id:9223873,scotland,block,No information,assisted,24.9,32.5,0,left-foot,low-left,0,51.9,19,No information,No information,80,No information,4773,32.5,24.9,48.1,0,48.1,81,11,627,shot
john-mcginn,https://www.sofascore.com/faroe-islands-scotland/VTbskVb#id:9223873,scotland,save,No information,assisted,7.9,49.7,0,head,low-centre,0,49.5,12,No information,No information,79,No information,4705,49.7,7.9,50.5,0,50.5,88,12,695,shot
kieran-tierney,https://www.sofascore.com/faroe-islands-scotland/VTbskVb#id:9223873,scotland,miss,No information,assisted,24.5,31.4,0,left-foot,right,0,39,2.8,No information,No information,76,No information,4522,31.4,24.5,61,0,61,97.2,15,878,shot
gilmour-billy,https://www.sofascore.com/faroe-islands-scotland/VTbskVb#id:9223873,scotland,save,No information,assisted,9.4,68,0,right-foot,low-centre,0,48.6,3.2,No information,No information,76,No information,4512,68,9.4,51.4,0,51.4,96.8,15,888,shot
gilmour-billy,https://www.sofascore.com/faroe-islands-scotland/VTbskVb#id:9223873,scotland,block,No information,assisted,19.2,50.3,0,right-foot,low-centre,0,49.9,19,No information,No information,70,No information,4195,50.3,19.2,50.1,0,50.1,81,21,1205,shot
gilmour-billy,https://www.sofascore.com/faroe-islands-scotland/VTbskVb#id:9223873,scotland,block,No information,assisted,25.8,62.9,0,right-foot,low-left,0,51.9,19,No information,No information,69,No information,4112,62.9,25.8,48.1,0,48.1,81,22,1288,shot
hallur-hansson,https://www.sofascore.com/faroe-islands-scotland/VTbskVb#id:9223873,faroe islands,miss,No information,assisted,15.5,64.8,0,right-foot,close-right,0,43,20.8,No information,No information,66,No information,3919,64.8,15.5,57,0,57,79.2,25,1481,shot
gilmour-billy,https://www.sofascore.com/faroe-islands-scotland/VTbskVb#id:9223873,scotland,miss,No information,regular,18,44.5,0,right-foot,close-left,0,58.8,6.9,No information,No information,64,No information,3780,44.5,18,41.2,0,41.2,93.1,27,1620,shot
kieran-tierney,https://www.sofascore.com/faroe-islands-scotland/VTbskVb#id:9223873,scotland,miss,No information,regular,27.5,56.3,0,right-foot,high,0,49.7,88.9,No information,No information,62,No information,3683,56.3,27.5,50.3,0,50.3,11.1,29,1717,shot
scott-mctominay,https://www.sofascore.com/faroe-islands-scotland/VTbskVb#id:9223873,scotland,miss,No information,assisted,12.2,70.3,0,right-foot,close-right,0,41.5,29.2,No information,No information,55,No information,3240,70.3,12.2,58.5,0,58.5,70.8,36,2160,shot
lyndon-dykes,https://www.sofascore.com/faroe-islands-scotland/VTbskVb#id:9223873,scotland,miss,No information,assisted,11.8,51.5,0,right-foot,right,0,35.1,8.3,No information,No information,52,No information,3061,51.5,11.8,64.9,0,64.9,91.7,39,2339,shot
ryan-christie,https://www.sofascore.com/faroe-islands-scotland/VTbskVb#id:9223873,scotland,block,No information,assisted,11.4,57.8,0,right-foot,low-centre,0,49.5,19,No information,No information,45,2,2803,57.8,11.4,50.5,0,50.5,81,1,2597,shot
scott-mctominay,https://www.sofascore.com/faroe-islands-scotland/VTbskVb#id:9223873,scotland,miss,No information,assisted,20.9,49.5,0,right-foot,high,0,53.4,63.9,No information,No information,45,1,2705,49.5,20.9,46.6,0,46.6,36.1,1,2695,shot
brandur-hendriksson-olsen,https://www.sofascore.com/faroe-islands-scotland/VTbskVb#id:9223873,faroe islands,save,No information,free-kick,29.5,60.4,0,right-foot,low-left,0,52.3,10.8,No information,No information,44,No information,2638,60.4,29.5,47.7,0,47.7,89.2,2,62,shot
odmar-faero,https://www.sofascore.com/faroe-islands-scotland/VTbskVb#id:9223873,faroe islands,miss,No information,regular,23.4,66.8,0,right-foot,close-left,0,57.8,8.3,No information,No information,40,No information,2382,66.8,23.4,42.2,0,42.2,91.7,6,318,shot
scott-mctominay,https://www.sofascore.com/faroe-islands-scotland/VTbskVb#id:9223873,scotland,miss,No information,free-kick,28.7,41.2,0,right-foot,high,0,53.4,77.8,No information,No information,33,No information,1940,41.2,28.7,46.6,0,46.6,22.2,13,760,shot
hallur-hansson,https://www.sofascore.com/faroe-islands-scotland/VTbskVb#id:9223873,faroe islands,miss,No information,assisted,25.4,42.4,0,left-foot,high-left,0,60.2,40.3,No information,No information,31,No information,1801,42.4,25.4,39.8,0,39.8,59.7,15,899,shot
john-mcginn,https://www.sofascore.com/faroe-islands-scotland/VTbskVb#id:9223873,scotland,block,No information,set-piece,20.9,28.2,0,right-foot,low-left,0,54.1,19,No information,No information,28,No information,1632,28.2,20.9,45.9,0,45.9,81,18,1068,shot
ryan-christie,https://www.sofascore.com/faroe-islands-scotland/VTbskVb#id:9223873,scotland,block,No information,set-piece,18.7,38.8,0,left-foot,low-centre,0,49.7,19,No information,No information,28,No information,1628,38.8,18.7,50.3,0,50.3,81,18,1072,shot
sonni-nattestad,https://www.sofascore.com/faroe-islands-scotland/VTbskVb#id:9223873,faroe islands,miss,No information,assisted,8.3,45.7,0,head,high,0,50.8,75,No information,No information,24,No information,1416,45.7,8.3,49.2,0,49.2,25,22,1284,shot
viljormur-davidsen,https://www.sofascore.com/faroe-islands-scotland/VTbskVb#id:9223873,faroe islands,block,No information,regular,13.8,42.4,0,left-foot,low-centre,0,51,19,No information,No information,23,No information,1348,42.4,13.8,49,0,49,81,23,1352,shot
ari-mohr-jonsson,https://www.sofascore.com/faroe-islands-scotland/VTbskVb#id:9223873,faroe islands,save,No information,assisted,7,51.1,0,right-foot,low-centre,0,50.6,14.6,No information,No information,23,No information,1345,51.1,7,49.4,0,49.4,85.4,23,1355,shot
scott-mctominay,https://www.sofascore.com/faroe-islands-scotland/VTbskVb#id:9223873,scotland,save,No information,assisted,3.7,69.3,0,right-foot,low-right,0,46.8,1.3,No information,No information,21,No information,1249,69.3,3.7,53.2,0,53.2,98.7,25,1451,shot
joan-edmundsson,https://www.sofascore.com/faroe-islands-scotland/VTbskVb#id:9223873,faroe islands,miss,No information,assisted,12.2,47.4,0,left-foot,right,0,36.1,16.7,No information,No information,5,No information,258,47.4,12.2,63.9,0,63.9,83.3,41,2442,shot

allan-campbell,https://www.sofascore.com/armenia-scotland/VTbsPUb#id:10023701,scotland,block,No information,assisted,9.6,43.3,0,left-foot,low-left,0,53.5,19,No information,No information,90,3,5566,43.3,9.6,46.5,0,46.5,81,1,734,shot
artur-serobyan,https://www.sofascore.com/armenia-scotland/VTbsPUb#id:10023701,armenia,save,No information,regular,2.8,66.7,0,right-foot,low-right,0,46.9,2.5,No information,No information,88,No information,5269,66.7,2.8,53.1,0,53.1,97.5,3,131,shot
kamo-hovhannisyan,https://www.sofascore.com/armenia-scotland/VTbsPUb#id:10023701,armenia,block,No information,assisted,6.5,54.4,0,right-foot,low-centre,0,49.2,19,No information,No information,87,No information,5198,54.4,6.5,50.8,0,50.8,81,4,202,shot
kamo-hovhannisyan,https://www.sofascore.com/armenia-scotland/VTbsPUb#id:10023701,armenia,miss,No information,regular,8.7,33.3,0,left-foot,close-left,0,58.8,30.6,No information,No information,85,No information,5059,33.3,8.7,41.2,0,41.2,69.4,6,341,shot
tigran-barseghyan,https://www.sofascore.com/armenia-scotland/VTbsPUb#id:10023701,armenia,save,No information,assisted,29,69.2,0,left-foot,low-left,0,54.2,4.4,No information,No information,69,No information,4130,69.2,29,45.8,0,45.8,95.6,22,1270,shot
david-turnbull,https://www.sofascore.com/armenia-scotland/VTbsPUb#id:10023701,scotland,block,No information,corner,21.4,33,0,right-foot,low-right,0,47.9,19,No information,No information,66,No information,3904,33,21.4,52.1,0,52.1,81,25,1496,shot
che-adams,https://www.sofascore.com/armenia-scotland/VTbsPUb#id:10023701,scotland,save,No information,assisted,8.3,68.5,0,right-foot,high-centre,0,49,20.9,No information,No information,65,No information,3866,68.5,8.3,51,0,51,79.1,26,1534,shot
scott-mctominay,https://www.sofascore.com/armenia-scotland/VTbsPUb#id:10023701,scotland,block,No information,assisted,24.4,66.5,0,right-foot,low-centre,0,51.6,19,No information,No information,63,No information,3749,66.5,24.4,48.4,0,48.4,81,28,1651,shot
stuart-armstrong,https://www.sofascore.com/armenia-scotland/VTbsPUb#id:10023701,scotland,miss,No information,assisted,20.6,62.1,0,right-foot,left,0,61.5,19.4,No information,No information,61,No information,3638,62.1,20.6,38.5,0,38.5,80.6,30,1762,shot
stuart-armstrong,https://www.sofascore.com/armenia-scotland/VTbsPUb#id:10023701,scotland,miss,No information,assisted,7.6,32.1,0,left-foot,high-left,0,61,81.9,No information,No information,58,No information,3441,32.1,7.6,39,0,39,18.1,33,1959,shot
che-adams,https://www.sofascore.com/armenia-scotland/VTbsPUb#id:10023701,scotland,goal,regular,fast-break,12,39.4,0,right-foot,low-right,0,47.8,13.3,No information,No information,53,No information,3178,39.4,12,52.2,0,52.2,86.7,38,2222,shot
john-mcginn,https://www.sofascore.com/armenia-scotland/VTbsPUb#id:10023701,scotland,goal,regular,assisted,5.9,56.4,0,left-foot,low-left,0,54,12,No information,No information,50,No information,2987,56.4,5.9,46,0,46,88,41,2413,shot
stuart-armstrong,https://www.sofascore.com/armenia-scotland/VTbsPUb#id:10023701,scotland,goal,regular,assisted,13.8,36.3,0,right-foot,low-right,0,46.2,1.9,No information,No information,45,1,2739,36.3,13.8,53.8,0,53.8,98.1,1,2661,shot
tigran-barseghyan,https://www.sofascore.com/armenia-scotland/VTbsPUb#id:10023701,armenia,miss,No information,assisted,25,75.4,0,left-foot,high-left,0,66.7,55.6,No information,No information,33,No information,1954,75.4,25,33.3,0,33.3,44.4,13,746,shot
vahan-bichakhchyan,https://www.sofascore.com/armenia-scotland/VTbsPUb#id:10023701,armenia,block,No information,assisted,7.2,68.7,0,left-foot,low-centre,0,48.8,19,No information,No information,28,No information,1644,68.7,7.2,51.2,0,51.2,81,18,1056,shot
che-adams,https://www.sofascore.com/armenia-scotland/VTbsPUb#id:10023701,scotland,save,No information,assisted,17.9,66.6,0,right-foot,high-left,0,52.6,29.7,No information,No information,27,No information,1619,66.6,17.9,47.4,0,47.4,70.3,19,1081,shot
che-adams,https://www.sofascore.com/armenia-scotland/VTbsPUb#id:10023701,scotland,miss,No information,assisted,30.3,36.2,0,right-foot,close-left,0,57,1.4,No information,No information,25,No information,1449,36.2,30.3,43,0,43,98.6,21,1251,shot
arman-hovhannisyan,https://www.sofascore.com/armenia-scotland/VTbsPUb#id:10023701,armenia,block,No information,assisted,24,36.1,0,right-foot,low-centre,0,50,19,No information,No information,24,No information,1421,36.1,24,50,0,50,81,22,1279,shot
eduard-spertsyan,https://www.sofascore.com/armenia-scotland/VTbsPUb#id:10023701,armenia,save,No information,assisted,19.5,46.4,0,right-foot,low-right,0,46.6,1.3,No information,No information,19,No information,1130,46.4,19.5,53.4,0,53.4,98.7,27,1570,shot
stuart-armstrong,https://www.sofascore.com/armenia-scotland/VTbsPUb#id:10023701,scotland,goal,regular,assisted,8.6,40.4,0,right-foot,low-centre,0,48.7,3.2,No information,No information,14,No information,834,40.4,8.6,51.3,0,51.3,96.8,32,1866,shot
gilmour-billy,https://www.sofascore.com/armenia-scotland/VTbsPUb#id:10023701,scotland,save,No information,corner,15.2,24,0,right-foot,high-left,0,52.6,28.5,No information,No information,9,No information,494,24,15.2,47.4,0,47.4,71.5,37,2206,shot
vahan-bichakhchyan,https://www.sofascore.com/armenia-scotland/VTbsPUb#id:10023701,armenia,goal,regular,fast-break,4,54.5,0,left-foot,high-centre,0,49.3,21.5,No information,No information,6,No information,355,54.5,4,50.7,0,50.7,78.5,40,2345,shot
stuart-armstrong,https://www.sofascore.com/armenia-scotland/VTbsPUb#id:10023701,scotland,block,No information,assisted,22,46.2,0,right-foot,low-left,0,52.2,19,No information,No information,4,No information,206,46.2,22,47.8,0,47.8,81,42,2494,shot

kenny-mclean,https://www.sofascore.com/scotland-norway/AObsVTb#id:10752428,scotland,goal,regular,assisted,8.8,41.4,0,right-foot,low-right,0,46,3.2,No information,No information,89,No information,5284,41.4,8.8,54,0,54,96.8,2,116,shot
lyndon-dykes,https://www.sofascore.com/scotland-norway/AObsVTb#id:10752428,scotland,goal,regular,regular,12.2,49,0,right-foot,low-centre,0,48.3,1.3,No information,No information,87,No information,5181,49,12.2,51.7,0,51.7,98.7,4,219,shot
martin-odegaard,https://www.sofascore.com/scotland-norway/AObsVTb#id:10752428,norway,block,No information,assisted,15,34.6,0,right-foot,low-left,0,52.5,19,No information,No information,85,No information,5066,34.6,15,47.5,0,47.5,81,6,334,shot
gilmour-billy,https://www.sofascore.com/scotland-norway/AObsVTb#id:10752428,scotland,block,No information,regular,21.8,75.6,0,right-foot,low-centre,0,51.2,19,No information,No information,83,No information,4931,75.6,21.8,48.8,0,48.8,81,8,469,shot
sander-berge,https://www.sofascore.com/scotland-norway/AObsVTb#id:10752428,norway,miss,No information,corner,2.8,45.7,0,head,right,0,40.3,12.5,No information,No information,70,No information,4195,45.7,2.8,59.7,0,59.7,87.5,21,1205,shot
alexander-sorloth,https://www.sofascore.com/scotland-norway/AObsVTb#id:10752428,norway,block,No information,assisted,17.9,75.6,0,left-foot,low-left,0,53.1,19,No information,No information,70,No information,4151,75.6,17.9,46.9,0,46.9,81,21,1249,shot
erling-haaland,https://www.sofascore.com/scotland-norway/AObsVTb#id:10752428,norway,goal,penalty,penalty,11.5,50,0,left-foot,low-left,0,53.9,3.2,No information,No information,61,No information,3654,50,11.5,46.1,0,46.1,96.8,30,1746,shot
birger-meling,https://www.sofascore.com/scotland-norway/AObsVTb#id:10752428,norway,miss,No information,regular,12.8,26.3,0,left-foot,high,0,45.9,90.3,No information,No information,56,No information,3323,26.3,12.8,54.1,0,54.1,9.7,35,2077,shot
john-mcginn,https://www.sofascore.com/scotland-norway/AObsVTb#id:10752428,scotland,save,No information,assisted,24.2,46.8,0,left-foot,low-centre,0,49.2,7.6,No information,No information,48,No information,2857,46.8,24.2,50.8,0,50.8,92.4,43,2543,shot
ola-solbakken,https://www.sofascore.com/scotland-norway/AObsVTb#id:10752428,norway,save,No information,assisted,18.8,29.6,0,right-foot,low-centre,0,49,3.2,No information,No information,47,No information,2798,29.6,18.8,51,0,51,96.8,44,2602,shot
john-mcginn,https://www.sofascore.com/scotland-norway/AObsVTb#id:10752428,scotland,block,No information,assisted,9.2,36.4,0,left-foot,low-centre,0,51.2,19,No information,No information,35,No information,2050,36.4,9.2,48.8,0,48.8,81,11,650,shot
martin-odegaard,https://www.sofascore.com/scotland-norway/AObsVTb#id:10752428,norway,block,No information,assisted,21,61.3,0,left-foot,low-centre,0,50.3,19,No information,No information,32,No information,1860,61.3,21,49.7,0,49.7,81,14,840,shot
julian-ryerson,https://www.sofascore.com/scotland-norway/AObsVTb#id:10752428,norway,miss,No information,assisted,6.3,71.2,0,right-foot,left,0,64.4,8.3,No information,No information,18,No information,1052,71.2,6.3,35.6,0,35.6,91.7,28,1648,shot
alexander-sorloth,https://www.sofascore.com/scotland-norway/AObsVTb#id:10752428,norway,save,No information,assisted,6.5,53.7,0,head,high-centre,0,50,20.3,No information,No information,13,No information,755,53.7,6.5,50,0,50,79.7,33,1945,shot

taras-stepanenko,https://www.sofascore.com/ukraine-scotland/VTbsbUb#id:10023418,ukraine,miss,No information,corner,8.3,50.2,0,head,left,0,62.2,26.4,No information,No information,90,2,5467,50.2,8.3,37.8,0,37.8,73.6,1,833,shot
pikhalyonok-oleksandr,https://www.sofascore.com/ukraine-scotland/VTbsbUb#id:10023418,ukraine,block,No information,regular,16.7,58.8,0,left-foot,low-centre,0,48.6,19,No information,No information,90,No information,5355,58.8,16.7,51.4,0,51.4,81,1,45,shot
pikhalyonok-oleksandr,https://www.sofascore.com/ukraine-scotland/VTbsbUb#id:10023418,ukraine,block,No information,assisted,18.3,58,0,left-foot,low-right,0,45.6,19,No information,No information,90,No information,5352,58,18.3,54.4,0,54.4,81,1,48,shot
taras-stepanenko,https://www.sofascore.com/ukraine-scotland/VTbsbUb#id:10023418,ukraine,miss,No information,regular,16.9,35.9,0,left-foot,right,0,37.8,23.6,No information,No information,78,No information,4669,35.9,16.9,62.2,0,62.2,76.4,13,731,shot
kenny-mclean,https://www.sofascore.com/ukraine-scotland/VTbsbUb#id:10023418,scotland,block,No information,corner,8,31.5,0,right-foot,low-left,0,51.8,19,No information,No information,69,No information,4138,31.5,8,48.2,0,48.2,81,22,1262,shot
callum-mcgregor,https://www.sofascore.com/ukraine-scotland/VTbsbUb#id:10023418,scotland,block,No information,assisted,22.3,57,0,left-foot,low-right,0,46.7,19,No information,No information,69,No information,4095,57,22.3,53.3,0,53.3,81,22,1305,shot
illia-zabarnyi,https://www.sofascore.com/ukraine-scotland/VTbsbUb#id:10023418,ukraine,miss,No information,set-piece,7.7,60.4,0,right-foot,high-right,0,41.5,63.9,No information,No information,63,No information,3725,60.4,7.7,58.5,0,58.5,36.1,28,1675,shot
danylo-ignatenko,https://www.sofascore.com/ukraine-scotland/VTbsbUb#id:10023418,ukraine,save,No information,assisted,26.8,51.5,0,right-foot,low-left,0,53.2,7,No information,No information,51,No information,3002,51.5,26.8,46.8,0,46.8,93,40,2398,shot
mykhaylo-mudryk,https://www.sofascore.com/ukraine-scotland/VTbsbUb#id:10023418,ukraine,save,No information,assisted,19,23.2,0,right-foot,low-right,0,46.1,18.4,No information,No information,49,No information,2882,23.2,19,53.9,0,53.9,81.6,42,2518,shot
greg-taylor,https://www.sofascore.com/ukraine-scotland/VTbsbUb#id:10023418,scotland,miss,No information,assisted,25.4,41.1,0,left-foot,high,0,54.8,73.6,No information,No information,46,No information,2751,41.1,25.4,45.2,0,45.2,26.4,45,2649,shot
taras-stepanenko,https://www.sofascore.com/ukraine-scotland/VTbsbUb#id:10023418,ukraine,miss,No information,regular,20.7,34.4,0,left-foot,right,0,37.6,19.4,No information,No information,41,No information,2449,34.4,20.7,62.4,0,62.4,80.6,5,251,shot
ruslan-malinovskyi,https://www.sofascore.com/ukraine-scotland/VTbsbUb#id:10023418,ukraine,miss,No information,assisted,9.3,36.6,0,left-foot,left,0,64.9,13.9,No information,No information,39,No information,2335,36.6,9.3,35.1,0,35.1,86.1,7,365,shot
taras-stepanenko,https://www.sofascore.com/ukraine-scotland/VTbsbUb#id:10023418,ukraine,miss,No information,corner,5.4,47.5,0,head,left,0,63,29.2,No information,No information,35,No information,2084,47.5,5.4,37,0,37,70.8,11,616,shot
ryan-jack,https://www.sofascore.com/ukraine-scotland/VTbsbUb#id:10023418,scotland,miss,No information,corner,7.4,59.2,0,left-foot,high,0,53.9,69.4,No information,No information,31,No information,1846,59.2,7.4,46.1,0,46.1,30.6,15,854,shot
ryan-fraser,https://www.sofascore.com/ukraine-scotland/VTbsbUb#id:10023418,scotland,block,No information,free-kick,7.7,16.1,0,right-foot,low-centre,0,50.3,8.3,No information,No information,24,No information,1412,16.1,7.7,49.7,0,49.7,91.7,22,1288,shot
artem-dovbyk,https://www.sofascore.com/ukraine-scotland/VTbsbUb#id:10023418,ukraine,save,No information,assisted,14.3,64.4,0,left-foot,low-left,0,53.3,1.3,No information,No information,22,No information,1289,64.4,14.3,46.7,0,46.7,98.7,24,1411,shot
andriy-yarmolenko,https://www.sofascore.com/ukraine-scotland/VTbsbUb#id:10023418,ukraine,miss,No information,assisted,6.6,59.3,0,left-foot,high,0,50.3,73.6,No information,No information,8,No information,442,59.3,6.6,49.7,0,49.7,26.4,38,2258,shot
hickey-aaron,https://www.sofascore.com/ukraine-scotland/VTbsbUb#id:10023418,scotland,miss,No information,corner,25.1,47.8,0,left-foot,close-high-left,0,58.2,54.2,No information,No information,3,No information,142,47.8,25.1,41.8,0,41.8,45.8,43,2558,shot
che-adams,https://www.sofascore.com/ukraine-scotland/VTbsbUb#id:10023418,scotland,save,No information,assisted,12.6,35.1,0,right-foot,low-left,0,53.2,9.5,No information,No information,2,No information,106,35.1,12.6,46.8,0,46.8,90.5,44,2594,shot

john-mcginn,https://www.sofascore.com/armenia-scotland/VTbsPUb#id:10023415,scotland,save,No information,assisted,18.5,62.6,0,left-foot,low-centre,0,51,4.4,No information,No information,90,1,5414,62.6,18.5,49,0,49,95.6,1,886,shot
tigran-barseghyan,https://www.sofascore.com/armenia-scotland/VTbsPUb#id:10023415,armenia,save,No information,fast-break,16.9,61.2,0,left-foot,low-left,0,52.8,10.8,No information,No information,89,No information,5317,61.2,16.9,47.2,0,47.2,89.2,2,83,shot
john-mcginn,https://www.sofascore.com/armenia-scotland/VTbsPUb#id:10023415,scotland,miss,No information,assisted,18,68,0,left-foot,close-high,0,55.1,48.6,No information,No information,88,No information,5238,68,18,44.9,0,44.9,51.4,3,162,shot
scott-mckenna,https://www.sofascore.com/armenia-scotland/VTbsPUb#id:10023415,scotland,block,No information,corner,8.5,53.6,0,left-foot,low-centre,0,49.2,19,No information,No information,82,No information,4876,53.6,8.5,50.8,0,50.8,81,9,524,shot
callum-mcgregor,https://www.sofascore.com/armenia-scotland/VTbsPUb#id:10023415,scotland,block,No information,corner,24.5,44.1,0,left-foot,low-centre,0,50,19,No information,No information,81,No information,4841,44.1,24.5,50,0,50,81,10,559,shot
scott-mctominay,https://www.sofascore.com/armenia-scotland/VTbsPUb#id:10023415,scotland,block,No information,regular,21.2,48.7,0,right-foot,low-right,0,47.7,19,No information,No information,81,No information,4805,48.7,21.2,52.3,0,52.3,81,10,595,shot
john-mcginn,https://www.sofascore.com/armenia-scotland/VTbsPUb#id:10023415,scotland,save,No information,regular,15.3,43.4,0,left-foot,high-centre,0,50.2,31.6,No information,No information,80,No information,4797,43.4,15.3,49.8,0,49.8,68.4,11,603,shot
che-adams,https://www.sofascore.com/armenia-scotland/VTbsPUb#id:10023415,scotland,block,No information,assisted,8.4,45.9,0,right-foot,low-centre,0,51,19,No information,No information,77,No information,4575,45.9,8.4,49,0,49,81,14,825,shot
ryan-christie,https://www.sofascore.com/armenia-scotland/VTbsPUb#id:10023415,scotland,miss,No information,assisted,21.7,39.5,0,left-foot,right,0,40,13.9,No information,No information,73,No information,4379,39.5,21.7,60,0,60,86.1,18,1021,shot
john-mcginn,https://www.sofascore.com/armenia-scotland/VTbsPUb#id:10023415,scotland,block,No information,assisted,23.9,53.4,0,left-foot,low-centre,0,48.3,19,No information,No information,73,No information,4365,53.4,23.9,51.7,0,51.7,81,18,1035,shot
che-adams,https://www.sofascore.com/armenia-scotland/VTbsPUb#id:10023415,scotland,block,No information,regular,15.3,43.7,0,right-foot,low-centre,0,51.2,19,No information,No information,70,No information,4164,43.7,15.3,48.8,0,48.8,81,21,1236,shot
vahan-bichakhchyan,https://www.sofascore.com/armenia-scotland/VTbsPUb#id:10023415,armenia,save,No information,assisted,20.8,60.3,0,left-foot,low-centre,0,51.1,10.1,No information,No information,65,No information,3872,60.3,20.8,48.9,0,48.9,89.9,26,1528,shot
anthony-ralston,https://www.sofascore.com/armenia-scotland/VTbsPUb#id:10023415,scotland,block,No information,corner,11.6,59.1,0,right-foot,low-centre,0,48.4,19,No information,No information,61,No information,3601,59.1,11.6,51.6,0,51.6,81,30,1799,shot
che-adams,https://www.sofascore.com/armenia-scotland/VTbsPUb#id:10023415,scotland,block,No information,assisted,11,66.1,0,right-foot,low-centre,0,48.8,19,No information,No information,60,No information,3546,66.1,11,51.2,0,51.2,81,31,1854,shot
ryan-christie,https://www.sofascore.com/armenia-scotland/VTbsPUb#id:10023415,scotland,miss,No information,assisted,8.4,41.9,0,head,right,0,36.5,25,No information,No information,57,No information,3401,41.9,8.4,63.5,0,63.5,75,34,1999,shot
callum-mcgregor,https://www.sofascore.com/armenia-scotland/VTbsPUb#id:10023415,scotland,block,No information,assisted,24.9,52.6,0,left-foot,low-centre,0,48.8,19,No information,No information,56,No information,3328,52.6,24.9,51.2,0,51.2,81,35,2072,shot
john-souttar,https://www.sofascore.com/armenia-scotland/VTbsPUb#id:10023415,scotland,miss,No information,regular,25.3,54,0,right-foot,high,0,46.7,91.7,No information,No information,44,No information,2590,54,25.3,53.3,0,53.3,8.3,2,110,shot
scott-mckenna,https://www.sofascore.com/armenia-scotland/VTbsPUb#id:10023415,scotland,goal,regular,corner,3,43,0,head,low-centre,0,51.6,18.4,No information,No information,40,No information,2379,43,3,48.4,0,48.4,81.6,6,321,shot
callum-mcgregor,https://www.sofascore.com/armenia-scotland/VTbsPUb#id:10023415,scotland,block,No information,assisted,18.5,34.4,0,right-foot,low-right,0,45.9,19,No information,No information,39,No information,2333,34.4,18.5,54.1,0,54.1,81,7,367,shot
ryan-christie,https://www.sofascore.com/armenia-scotland/VTbsPUb#id:10023415,scotland,miss,No information,assisted,9.3,53.3,0,left-foot,high,0,48.1,76.4,No information,No information,37,No information,2180,53.3,9.3,51.9,0,51.9,23.6,9,520,shot
che-adams,https://www.sofascore.com/armenia-scotland/VTbsPUb#id:10023415,scotland,block,No information,assisted,4.8,67,0,right-foot,low-centre,0,49.2,19,No information,No information,35,No information,2064,67,4.8,50.8,0,50.8,81,11,636,shot
stuart-armstrong,https://www.sofascore.com/armenia-scotland/VTbsPUb#id:10023415,scotland,block,No information,assisted,19.3,56,0,left-foot,low-centre,0,50.8,19,No information,No information,31,No information,1836,56,19.3,49.2,0,49.2,81,15,864,shot
tigran-barseghyan,https://www.sofascore.com/armenia-scotland/VTbsPUb#id:10023415,armenia,block,No information,assisted,18.6,70.8,0,left-foot,low-centre,0,49.9,19,No information,No information,30,No information,1789,70.8,18.6,50.1,0,50.1,81,16,911,shot
anthony-ralston,https://www.sofascore.com/armenia-scotland/VTbsPUb#id:10023415,scotland,goal,regular,assisted,2.5,58.4,0,head,low-left,0,53.6,15.8,No information,No information,28,No information,1675,58.4,2.5,46.4,0,46.4,84.2,18,1025,shot
anthony-ralston,https://www.sofascore.com/armenia-scotland/VTbsPUb#id:10023415,scotland,block,No information,assisted,4.5,56.2,0,head,low-centre,0,49.6,19,No information,No information,24,No information,1411,56.2,4.5,50.4,0,50.4,81,22,1289,shot
john-mcginn,https://www.sofascore.com/armenia-scotland/VTbsPUb#id:10023415,scotland,miss,No information,set-piece,29.4,56.7,0,left-foot,high,0,44.5,81.9,No information,No information,20,No information,1151,56.7,29.4,55.5,0,55.5,18.1,26,1549,shot
john-mcginn,https://www.sofascore.com/armenia-scotland/VTbsPUb#id:10023415,scotland,miss,No information,assisted,21.7,40.2,0,left-foot,high,0,51.3,91.7,No information,No information,15,No information,866,40.2,21.7,48.7,0,48.7,8.3,31,1834,shot
eduard-spertsyan,https://www.sofascore.com/armenia-scotland/VTbsPUb#id:10023415,armenia,save,No information,assisted,9.6,72,0,right-foot,low-left,0,53.3,5.1,No information,No information,13,No information,769,72,9.6,46.7,0,46.7,94.9,33,1931,shot
jack-hendry,https://www.sofascore.com/armenia-scotland/VTbsPUb#id:10023415,scotland,save,No information,assisted,10.8,57.4,0,head,low-centre,0,50.2,14.6,No information,No information,8,No information,471,57.4,10.8,49.8,0,49.8,85.4,38,2229,shot
andrew-robertson,https://www.sofascore.com/armenia-scotland/VTbsPUb#id:10023415,scotland,save,No information,regular,10.4,27.7,0,left-foot,low-right,0,47.4,5.1,No information,No information,8,No information,428,27.7,10.4,52.6,0,52.6,94.9,38,2272,shot
stuart-armstrong,https://www.sofascore.com/armenia-scotland/VTbsPUb#id:10023415,scotland,post,No information,assisted,7.9,59.4,0,right-foot,left,0,55.4,6.3,No information,No information,5,No information,266,59.4,7.9,44.6,0,44.6,93.7,41,2434,shot

budu-zivzivadze,https://www.sofascore.com/georgia-scotland/VTbsnVb#id:10752554,georgia,save,No information,assisted,9.5,30.7,0,left-foot,low-left,0,53.1,13.9,No information,No information,90,8,5851,30.7,9.5,46.9,0,46.9,86.1,1,449,shot
lawrence-shankland,https://www.sofascore.com/georgia-scotland/VTbsnVb#id:10752554,scotland,goal,regular,assisted,4.5,58.8,0,head,high-left,0,54,21.5,No information,No information,90,3,5521,58.8,4.5,46,0,46,78.5,1,779,shot
lewis-ferguson,https://www.sofascore.com/georgia-scotland/VTbsnVb#id:10752554,scotland,save,No information,assisted,6.2,42.6,0,head,high-centre,0,50.6,24.1,No information,No information,89,No information,5289,42.6,6.2,49.4,0,49.4,75.9,2,111,shot
lawrence-shankland,https://www.sofascore.com/georgia-scotland/VTbsnVb#id:10752554,scotland,block,No information,assisted,11.1,43.7,0,head,low-centre,0,50,19,No information,No information,87,No information,5174,43.7,11.1,50,0,50,81,4,226,shot
scott-mctominay,https://www.sofascore.com/georgia-scotland/VTbsnVb#id:10752554,scotland,miss,No information,free-kick,26.2,66,0,right-foot,high,0,46.4,63.9,No information,No information,79,No information,4737,66,26.2,53.6,0,53.6,36.1,12,663,shot
scott-mctominay,https://www.sofascore.com/georgia-scotland/VTbsnVb#id:10752554,scotland,miss,No information,assisted,19.1,63.4,0,right-foot,left,0,65.9,12.5,No information,No information,68,No information,4062,63.4,19.1,34.1,0,34.1,87.5,23,1338,shot
kenny-mclean,https://www.sofascore.com/georgia-scotland/VTbsnVb#id:10752554,scotland,miss,No information,assisted,26.9,52,0,left-foot,high-right,0,42.5,63.9,No information,No information,63,No information,3763,52,26.9,57.5,0,57.5,36.1,28,1637,shot
lyndon-dykes,https://www.sofascore.com/georgia-scotland/VTbsnVb#id:10752554,scotland,save,No information,corner,6.5,40,0,head,high-left,0,53.2,22.2,No information,No information,61,No information,3657,40,6.5,46.8,0,46.8,77.8,30,1743,shot
john-mcginn,https://www.sofascore.com/georgia-scotland/VTbsnVb#id:10752554,scotland,save,No information,assisted,26.4,71.1,0,left-foot,high-centre,0,49.8,25.9,No information,No information,60,No information,3587,71.1,26.4,50.2,0,50.2,74.1,31,1813,shot
kenny-mclean,https://www.sofascore.com/georgia-scotland/VTbsnVb#id:10752554,scotland,miss,No information,set-piece,13.8,54.6,0,head,right,0,25.2,4.2,No information,No information,60,No information,3561,54.6,13.8,74.8,0,74.8,95.8,31,1839,shot
khvicha-kvaratskhelia,https://www.sofascore.com/georgia-scotland/VTbsnVb#id:10752554,georgia,goal,regular,assisted,13.2,31.6,0,right-foot,low-right,0,46.7,4.4,No information,No information,57,No information,3392,31.6,13.2,53.3,0,53.3,95.6,34,2008,shot
levan-shengelia,https://www.sofascore.com/georgia-scotland/VTbsnVb#id:10752554,georgia,save,No information,free-kick,23.9,77.7,0,left-foot,high-right,0,47.4,22.8,No information,No information,56,No information,3345,77.7,23.9,52.6,0,52.6,77.2,35,2055,shot
scott-mctominay,https://www.sofascore.com/georgia-scotland/VTbsnVb#id:10752554,scotland,goal,regular,assisted,16.2,63.3,0,right-foot,low-right,0,45.9,0.6,No information,No information,49,No information,2927,63.3,16.2,54.1,0,54.1,99.4,42,2473,shot
giorgi-chakvetadze,https://www.sofascore.com/georgia-scotland/VTbsnVb#id:10752554,georgia,miss,No information,corner,14.7,25.7,0,right-foot,high,0,46.1,86.1,No information,No information,48,No information,2826,25.7,14.7,53.9,0,53.9,13.9,43,2574,shot
ryan-christie,https://www.sofascore.com/georgia-scotland/VTbsnVb#id:10752554,scotland,miss,No information,assisted,7.8,39.6,0,head,right,0,37,12.5,No information,No information,44,No information,2584,39.6,7.8,63,0,63,87.5,2,116,shot
lyndon-dykes,https://www.sofascore.com/georgia-scotland/VTbsnVb#id:10752554,scotland,miss,No information,set-piece,9.7,53.4,0,head,left,0,60,5.6,No information,No information,28,No information,1665,53.4,9.7,40,0,40,94.4,18,1035,shot
lyndon-dykes,https://www.sofascore.com/georgia-scotland/VTbsnVb#id:10752554,scotland,block,No information,assisted,15.5,68.2,0,right-foot,low-centre,0,51.1,19,No information,No information,27,No information,1585,68.2,15.5,48.9,0,48.9,81,19,1115,shot
mikautadze-georges,https://www.sofascore.com/georgia-scotland/VTbsnVb#id:10752554,georgia,block,No information,assisted,6.1,60.3,0,right-foot,low-right,0,46.2,9.7,No information,No information,25,No information,1481,60.3,6.1,53.8,0,53.8,90.3,21,1219,shot
levan-shengelia,https://www.sofascore.com/georgia-scotland/VTbsnVb#id:10752554,georgia,save,No information,assisted,11.1,32.7,0,left-foot,low-centre,0,48.9,19,No information,No information,25,No information,1471,32.7,11.1,51.1,0,51.1,81,21,1229,shot
gilmour-billy,https://www.sofascore.com/georgia-scotland/VTbsnVb#id:10752554,scotland,miss,No information,corner,26.7,64.5,0,right-foot,high,0,45,86.1,No information,No information,20,No information,1140,64.5,26.7,55,0,55,13.9,26,1560,shot
john-mcginn,https://www.sofascore.com/georgia-scotland/VTbsnVb#id:10752554,scotland,block,No information,corner,13.4,58.9,0,left-foot,low-centre,0,51.1,19,No information,No information,19,No information,1136,58.9,13.4,48.9,0,48.9,81,27,1564,shot
khvicha-kvaratskhelia,https://www.sofascore.com/georgia-scotland/VTbsnVb#id:10752554,georgia,goal,regular,assisted,5.6,57.1,0,right-foot,low-right,0,47.3,8.2,No information,No information,15,No information,891,57.1,5.6,52.7,0,52.7,91.8,31,1809,shot
giorgi-chakvetadze,https://www.sofascore.com/georgia-scotland/VTbsnVb#id:10752554,georgia,save,No information,assisted,29.1,35.2,0,right-foot,low-centre,0,49.1,4.4,No information,No information,14,No information,782,35.2,29.1,50.9,0,50.9,95.6,32,1918,shot
scott-mctominay,https://www.sofascore.com/georgia-scotland/VTbsnVb#id:10752554,scotland,miss,No information,corner,14.3,57.8,0,right-foot,high,0,46.7,86.1,No information,No information,6,No information,322,57.8,14.3,53.3,0,53.3,13.9,40,2378,shot

scott-mctominay,https://www.sofascore.com/scotland-cyprus/HObsVTb#id:10752383,scotland,goal,regular,assisted,12,51.9,0,right-foot,low-right,0,47.7,6.3,No information,No information,90,3,5569,51.9,12,52.3,0,52.3,93.7,1,731,shot
minas-antoniou,https://www.sofascore.com/scotland-cyprus/HObsVTb#id:10752383,cyprus,miss,No information,assisted,21.7,70,0,right-foot,high-right,0,41.3,68.1,No information,No information,90,2,5464,70,21.7,58.7,0,58.7,31.9,1,836,shot
andrew-robertson,https://www.sofascore.com/scotland-cyprus/HObsVTb#id:10752383,scotland,miss,No information,assisted,6,30.5,0,left-foot,high,0,55.8,95.8,No information,No information,89,No information,5314,30.5,6,44.2,0,44.2,4.2,2,86,shot
scott-mctominay,https://www.sofascore.com/scotland-cyprus/HObsVTb#id:10752383,scotland,goal,regular,assisted,4.7,43.7,0,left-foot,high-left,0,53.9,25.9,No information,No information,87,No information,5202,43.7,4.7,46.1,0,46.1,74.1,4,198,shot
andronikos-kakoullis,https://www.sofascore.com/scotland-cyprus/HObsVTb#id:10752383,cyprus,save,No information,assisted,20.1,40.5,0,right-foot,low-centre,0,48.8,7,No information,No information,85,No information,5050,40.5,20.1,51.2,0,51.2,93,6,350,shot
andronikos-kakoullis,https://www.sofascore.com/scotland-cyprus/HObsVTb#id:10752383,cyprus,block,No information,regular,22.3,43.5,0,left-foot,low-centre,0,50.4,19,No information,No information,80,No information,4764,43.5,22.3,49.6,0,49.6,81,11,636,shot
scott-mctominay,https://www.sofascore.com/scotland-cyprus/HObsVTb#id:10752383,scotland,block,No information,regular,10.5,59.2,0,right-foot,low-right,0,47.2,19,No information,No information,69,No information,4091,59.2,10.5,52.8,0,52.8,81,22,1309,shot
ryan-christie,https://www.sofascore.com/scotland-cyprus/HObsVTb#id:10752383,scotland,block,No information,assisted,6.5,58.3,0,left-foot,low-left,0,51.8,19,No information,No information,69,No information,4089,58.3,6.5,48.2,0,48.2,81,22,1311,shot
stuart-armstrong,https://www.sofascore.com/scotland-cyprus/HObsVTb#id:10752383,scotland,save,No information,assisted,22.7,57.8,0,right-foot,high-centre,0,49.2,33.5,No information,No information,66,No information,3914,57.8,22.7,50.8,0,50.8,66.5,25,1486,shot
andrew-robertson,https://www.sofascore.com/scotland-cyprus/HObsVTb#id:10752383,scotland,block,No information,assisted,13.8,42.8,0,left-foot,low-left,0,53,19,No information,No information,44,No information,2614,42.8,13.8,47,0,47,81,2,86,shot
che-adams,https://www.sofascore.com/scotland-cyprus/HObsVTb#id:10752383,scotland,save,No information,assisted,14.8,64.1,0,right-foot,high-centre,0,48.9,29.7,No information,No information,43,No information,2524,64.1,14.8,51.1,0,51.1,70.3,3,176,shot
kostakis-artymatas,https://www.sofascore.com/scotland-cyprus/HObsVTb#id:10752383,cyprus,miss,No information,assisted,33.7,38.3,0,right-foot,right,0,32.4,38.9,No information,No information,27,No information,1600,38.3,33.7,67.6,0,67.6,61.1,19,1100,shot
chambos-kyriakou,https://www.sofascore.com/scotland-cyprus/HObsVTb#id:10752383,cyprus,miss,No information,assisted,28.9,71.1,0,right-foot,left,0,72.6,5.6,No information,No information,24,No information,1402,71.1,28.9,27.4,0,27.4,94.4,22,1298,shot
john-mcginn,https://www.sofascore.com/scotland-cyprus/HObsVTb#id:10752383,scotland,goal,regular,regular,2.8,56.1,0,right-foot,low-right,0,46.8,9.5,No information,No information,21,No information,1216,56.1,2.8,53.2,0,53.2,90.5,25,1484,shot
grigoris-kastanos,https://www.sofascore.com/scotland-cyprus/HObsVTb#id:10752383,cyprus,save,No information,regular,21.6,56.3,0,left-foot,low-centre,0,50.2,3.8,No information,No information,17,No information,973,56.3,21.6,49.8,0,49.8,96.2,29,1727,shot
hickey-aaron,https://www.sofascore.com/scotland-cyprus/HObsVTb#id:10752383,scotland,save,No information,assisted,8.2,71.9,0,right-foot,low-right,0,45.5,12.7,No information,No information,13,No information,747,71.9,8.2,54.5,0,54.5,87.3,33,1953,shot
john-mcginn,https://www.sofascore.com/scotland-cyprus/HObsVTb#id:10752383,scotland,miss,No information,assisted,6.6,34.8,0,left-foot,right,0,0.3,4.2,No information,No information,10,No information,554,34.8,6.6,99.7,0,99.7,95.8,36,2146,shot

ross-stewart,https://www.sofascore.com/scotland-ireland/TTbsVTb#id:10023405,scotland,miss,No information,assisted,10.2,57.4,0,head,right,0,40.3,22.2,No information,No information,90,2,5490,57.4,10.2,59.7,0,59.7,77.8,1,810,shot
ross-stewart,https://www.sofascore.com/scotland-ireland/TTbsVTb#id:10023405,scotland,block,No information,assisted,12.3,53.6,0,left-foot,low-centre,0,51,19,No information,No information,83,No information,4955,53.6,12.3,49,0,49,81,8,445,shot
jacob-brown,https://www.sofascore.com/scotland-ireland/TTbsVTb#id:10023405,scotland,save,No information,assisted,6.4,60.5,0,head,high-right,0,45.5,25.9,No information,No information,72,No information,4308,60.5,6.4,54.5,0,54.5,74.1,19,1092,shot
scott-hogan,https://www.sofascore.com/scotland-ireland/TTbsVTb#id:10023405,ireland,block,No information,assisted,2.9,58.7,0,head,low-centre,0,50.9,19,No information,No information,61,No information,3652,58.7,2.9,49.1,0,49.1,81,30,1748,shot
michael-obafemi,https://www.sofascore.com/scotland-ireland/TTbsVTb#id:10023405,ireland,goal,regular,assisted,26.7,51.6,0,right-foot,high-centre,0,48.6,31,No information,No information,51,No information,3013,51.6,26.7,51.4,0,51.4,69,40,2387,shot
john-mcginn,https://www.sofascore.com/scotland-ireland/TTbsVTb#id:10023405,scotland,block,No information,assisted,10.3,46.5,0,head,low-left,0,52.8,19,No information,No information,39,No information,2329,46.5,10.3,47.2,0,47.2,81,7,371,shot
shane-duffy,https://www.sofascore.com/scotland-ireland/TTbsVTb#id:10023405,ireland,save,No information,corner,5.7,58.4,0,head,high-right,0,47.1,31.6,No information,No information,36,No information,2152,58.4,5.7,52.9,0,52.9,68.4,10,548,shot
jason-knight,https://www.sofascore.com/scotland-ireland/TTbsVTb#id:10023405,ireland,block,No information,assisted,17.1,39.2,0,right-foot,low-left,0,52,19,No information,No information,36,No information,2114,39.2,17.1,48,0,48,81,10,586,shot
troy-parrott,https://www.sofascore.com/scotland-ireland/TTbsVTb#id:10023405,ireland,goal,regular,assisted,8.9,43.4,0,head,low-right,0,47,5.7,No information,No information,28,No information,1625,43.4,8.9,53,0,53,94.3,18,1075,shot
john-mcginn,https://www.sofascore.com/scotland-ireland/TTbsVTb#id:10023405,scotland,miss,No information,assisted,19.6,47.1,0,left-foot,close-left,0,57.5,6.9,No information,No information,27,No information,1580,47.1,19.6,42.5,0,42.5,93.1,19,1120,shot
alan-browne,https://www.sofascore.com/scotland-ireland/TTbsVTb#id:10023405,ireland,goal,regular,corner,2.5,53,0,left-foot,low-left,0,51.9,3.2,No information,No information,20,No information,1179,53,2.5,48.1,0,48.1,96.8,26,1521,shot
john-mcginn,https://www.sofascore.com/scotland-ireland/TTbsVTb#id:10023405,scotland,save,No information,assisted,19.2,53.6,0,left-foot,low-left,0,52.6,3.8,No information,No information,13,No information,735,53.6,19.2,47.4,0,47.4,96.2,33,1965,shot
callum-mcgregor,https://www.sofascore.com/scotland-ireland/TTbsVTb#id:10023405,scotland,miss,No information,regular,23.6,43,0,left-foot,right,0,34.6,12.5,No information,No information,12,No information,699,43,23.6,65.4,0,65.4,87.5,34,2001,shot
andrew-robertson,https://www.sofascore.com/scotland-ireland/TTbsVTb#id:10023405,scotland,block,No information,assisted,11.1,27.2,0,left-foot,low-left,0,52.7,19,No information,No information,12,No information,683,27.2,11.1,47.3,0,47.3,81,34,2017,shot
che-adams,https://www.sofascore.com/scotland-ireland/TTbsVTb#id:10023405,scotland,block,No information,assisted,14.2,28.5,0,right-foot,low-centre,0,50.6,19,No information,No information,11,No information,656,28.5,14.2,49.4,0,49.4,81,35,2044,shot

khvicha-kvaratskhelia,https://www.sofascore.com/georgia-scotland/VTbsnVb#id:10752450,georgia,miss,No information,penalty,11.5,50,0,right-foot,high,0,46.4,63.9,No information,No information,90,4,5638,50,11.5,53.6,0,53.6,36.1,1,662,shot
mikautadze-georges,https://www.sofascore.com/georgia-scotland/VTbsnVb#id:10752450,georgia,miss,No information,assisted,19.7,31.6,0,right-foot,close-high,0,45.9,54.2,No information,No information,85,No information,5075,31.6,19.7,54.1,0,54.1,45.8,6,325,shot
lyndon-dykes,https://www.sofascore.com/georgia-scotland/VTbsnVb#id:10752450,scotland,block,No information,assisted,15.9,50.4,0,right-foot,low-centre,0,50.9,19,No information,No information,77,No information,4616,50.4,15.9,49.1,0,49.1,81,14,784,shot
mikautadze-georges,https://www.sofascore.com/georgia-scotland/VTbsnVb#id:10752450,georgia,miss,No information,regular,11,37.7,0,right-foot,close-left,0,56.5,12.5,No information,No information,73,No information,4374,37.7,11,43.5,0,43.5,87.5,18,1026,shot
porteous-ryan,https://www.sofascore.com/georgia-scotland/VTbsnVb#id:10752450,scotland,miss,No information,corner,8.5,45.4,0,head,close-high,0,47.7,58.3,No information,No information,72,No information,4302,45.4,8.5,52.3,0,52.3,41.7,19,1098,shot
otar-kiteishvili,https://www.sofascore.com/georgia-scotland/VTbsnVb#id:10752450,georgia,miss,No information,assisted,26.4,37.5,0,right-foot,close-high,0,50.8,58.3,No information,No information,60,No information,3549,37.5,26.4,49.2,0,49.2,41.7,31,1851,shot
scott-mctominay,https://www.sofascore.com/georgia-scotland/VTbsnVb#id:10752450,scotland,miss,No information,assisted,21.3,58.6,0,right-foot,close-right,0,42,13.9,No information,No information,58,No information,3420,58.6,21.3,58,0,58,86.1,33,1980,shot
callum-mcgregor,https://www.sofascore.com/georgia-scotland/VTbsnVb#id:10752450,scotland,miss,No information,regular,18.4,51.8,0,left-foot,high-left,0,61.5,52.8,No information,No information,55,No information,3296,51.8,18.4,38.5,0,38.5,47.2,36,2104,shot
scott-mctominay,https://www.sofascore.com/georgia-scotland/VTbsnVb#id:10752450,scotland,goal,regular,regular,16.7,35.5,0,left-foot,low-left,0,53.3,6.3,No information,No information,47,No information,2780,35.5,16.7,46.7,0,46.7,93.7,44,2620,shot
nika-kvekveskiri,https://www.sofascore.com/georgia-scotland/VTbsnVb#id:10752450,georgia,block,No information,assisted,27.2,45.2,0,right-foot,low-centre,0,49.9,19,No information,No information,44,No information,2633,45.2,27.2,50.1,0,50.1,81,2,67,shot
john-mcginn,https://www.sofascore.com/georgia-scotland/VTbsnVb#id:10752450,scotland,block,No information,regular,25.1,63.7,0,left-foot,low-left,0,52.2,19,No information,No information,43,No information,2525,63.7,25.1,47.8,0,47.8,81,3,175,shot
porteous-ryan,https://www.sofascore.com/georgia-scotland/VTbsnVb#id:10752450,scotland,miss,No information,corner,3,65.5,0,head,high-right,0,37.1,43.1,No information,No information,42,No information,2481,65.5,3,62.9,0,62.9,56.9,4,219,shot
scott-mctominay,https://www.sofascore.com/georgia-scotland/VTbsnVb#id:10752450,scotland,save,No information,assisted,10.3,30.3,0,right-foot,low-right,0,47.1,2.5,No information,No information,40,No information,2388,30.3,10.3,52.9,0,52.9,97.5,6,312,shot
john-mcginn,https://www.sofascore.com/georgia-scotland/VTbsnVb#id:10752450,scotland,miss,No information,assisted,11.1,53.2,0,left-foot,left,0,63.4,8.3,No information,No information,38,No information,2267,53.2,11.1,36.6,0,36.6,91.7,8,433,shot
john-mcginn,https://www.sofascore.com/georgia-scotland/VTbsnVb#id:10752450,scotland,miss,No information,assisted,10.8,56.3,0,head,close-left,0,58.7,2.8,No information,No information,38,No information,2226,56.3,10.8,41.3,0,41.3,97.2,8,474,shot
khvicha-kvaratskhelia,https://www.sofascore.com/georgia-scotland/VTbsnVb#id:10752450,georgia,miss,No information,assisted,35.2,11.4,0,right-foot,right,0,32.9,13.9,No information,No information,32,No information,1894,11.4,35.2,67.1,0,67.1,86.1,14,806,shot
john-mcginn,https://www.sofascore.com/georgia-scotland/VTbsnVb#id:10752450,scotland,block,No information,corner,13.1,53.8,0,left-foot,low-centre,0,49.8,19,No information,No information,24,No information,1400,53.8,13.1,50.2,0,50.2,81,22,1300,shot
mikautadze-georges,https://www.sofascore.com/georgia-scotland/VTbsnVb#id:10752450,georgia,miss,No information,regular,24.5,67.4,0,right-foot,high-right,0,40.8,75,No information,No information,18,No information,1034,67.4,24.5,59.2,0,59.2,25,28,1666,shot
lyndon-dykes,https://www.sofascore.com/georgia-scotland/VTbsnVb#id:10752450,scotland,miss,No information,assisted,7.7,59.6,0,other,close-right,0,43.2,6.9,No information,No information,13,No information,765,59.6,7.7,56.8,0,56.8,93.1,33,1935,shot
otar-kiteishvili,https://www.sofascore.com/georgia-scotland/VTbsnVb#id:10752450,georgia,miss,No information,assisted,9,71.3,0,right-foot,left,0,65.4,4.2,No information,No information,8,No information,451,71.3,9,34.6,0,34.6,95.8,38,2249,shot
callum-mcgregor,https://www.sofascore.com/georgia-scotland/VTbsnVb#id:10752450,scotland,goal,regular,corner,13.7,61.5,0,right-foot,low-left,0,53.4,7,No information,No information,6,No information,303,61.5,13.7,46.6,0,46.6,93,40,2397,shot
lyndon-dykes,https://www.sofascore.com/georgia-scotland/VTbsnVb#id:10752450,scotland,block,No information,corner,6.1,59.3,0,head,low-centre,0,51.3,19,No information,No information,6,No information,301,59.3,6.1,48.7,0,48.7,81,40,2399,shot
saba-lobjanidze,https://www.sofascore.com/georgia-scotland/VTbsnVb#id:10752450,georgia,miss,No information,assisted,18.3,67.8,0,left-foot,close-left,0,57.3,2.8,No information,No information,4,No information,239,67.8,18.3,42.7,0,42.7,97.2,42,2461,shot

emre-can,https://www.sofascore.com/germany-scotland/VTbslUb#id:11873905,germany,goal,regular,assisted,20.3,47.8,0,right-foot,low-right,0,45.8,8.2,No information,No information,90,3,5553,47.8,20.3,54.2,0,54.2,91.8,1,747,shot
antonio-rudiger,https://www.sofascore.com/germany-scotland/VTbslUb#id:11873905,scotland,goal,own,set-piece,7.7,53.8,0,head,high-centre,0,49,28.5,No information,No information,87,No information,5192,53.8,7.7,51,0,51,71.5,4,208,shot
scott-mckenna,https://www.sofascore.com/germany-scotland/VTbslUb#id:11873905,scotland,miss,No information,set-piece,10.1,63.6,0,head,left,0,99.5,4.2,No information,No information,87,No information,5190,63.6,10.1,0.5,0,0.5,95.8,4,210,shot
leroy-sane,https://www.sofascore.com/germany-scotland/VTbslUb#id:11873905,germany,miss,No information,fast-break,25.3,52.6,0,left-foot,high-left,0,56.6,79.2,No information,No information,86,No information,5111,52.6,25.3,43.4,0,43.4,20.8,5,289,shot
leroy-sane,https://www.sofascore.com/germany-scotland/VTbslUb#id:11873905,germany,save,No information,assisted,19.5,68.5,0,left-foot,high-centre,0,50.2,20.3,No information,No information,83,No information,4973,68.5,19.5,49.8,0,49.8,79.7,8,427,shot
maximilian-mittelstadt,https://www.sofascore.com/germany-scotland/VTbslUb#id:11873905,germany,miss,No information,corner,15.6,31.3,0,left-foot,high,0,48.2,90.3,No information,No information,80,No information,4763,31.3,15.6,51.8,0,51.8,9.7,11,637,shot
niclas-fullkrug,https://www.sofascore.com/germany-scotland/VTbslUb#id:11873905,germany,goal,regular,regular,15,48,0,right-foot,high-right,0,46.4,23.4,No information,No information,68,No information,4063,48,15,53.6,0,53.6,76.6,23,1337,shot
maximilian-mittelstadt,https://www.sofascore.com/germany-scotland/VTbslUb#id:11873905,germany,miss,No information,corner,21,32.1,0,left-foot,high,0,46.9,62.5,No information,No information,66,No information,3923,32.1,21,53.1,0,53.1,37.5,25,1477,shot
leroy-sane,https://www.sofascore.com/germany-scotland/VTbslUb#id:11873905,germany,save,No information,fast-break,11.7,65.4,0,left-foot,low-right,0,47.8,1.3,No information,No information,63,No information,3779,65.4,11.7,52.2,0,52.2,98.7,28,1621,shot
florian-wirtz,https://www.sofascore.com/germany-scotland/VTbslUb#id:11873905,germany,miss,No information,assisted,27.8,44.8,0,right-foot,high-left,0,57,81.9,No information,No information,60,No information,3595,44.8,27.8,43,0,43,18.1,31,1805,shot
maximilian-mittelstadt,https://www.sofascore.com/germany-scotland/VTbslUb#id:11873905,germany,block,No information,regular,15.9,29.4,0,left-foot,low-centre,0,49.6,9.7,No information,No information,60,No information,3586,29.4,15.9,50.4,0,50.4,90.3,31,1814,shot
ilkay-gundogan,https://www.sofascore.com/germany-scotland/VTbslUb#id:11873905,germany,block,No information,regular,8.2,46.4,0,left-foot,low-centre,0,50,19,No information,No information,59,No information,3511,46.4,8.2,50,0,50,81,32,1889,shot
florian-wirtz,https://www.sofascore.com/germany-scotland/VTbslUb#id:11873905,germany,miss,No information,assisted,7.6,58.9,0,right-foot,high,0,47.1,65.3,No information,No information,58,No information,3424,58.9,7.6,52.9,0,52.9,34.7,33,1976,shot
joshua-kimmich,https://www.sofascore.com/germany-scotland/VTbslUb#id:11873905,germany,block,No information,corner,21.6,65.8,0,right-foot,low-left,0,52,19,No information,No information,57,No information,3389,65.8,21.6,48,0,48,81,34,2011,shot
pascal-gross,https://www.sofascore.com/germany-scotland/VTbslUb#id:11873905,germany,block,No information,corner,20.7,32.3,0,right-foot,low-right,0,48,19,No information,No information,57,No information,3366,32.3,20.7,52,0,52,81,34,2034,shot
antonio-rudiger,https://www.sofascore.com/germany-scotland/VTbslUb#id:11873905,germany,block,No information,corner,12.1,53.6,0,head,low-left,0,52.3,19,No information,No information,52,No information,3072,53.6,12.1,47.7,0,47.7,81,39,2328,shot
antonio-rudiger,https://www.sofascore.com/germany-scotland/VTbslUb#id:11873905,germany,save,No information,assisted,30.9,53.6,0,right-foot,low-left,0,53.9,10.8,No information,No information,51,No information,3023,53.6,30.9,46.1,0,46.1,89.2,40,2377,shot
kai-havertz,https://www.sofascore.com/germany-scotland/VTbslUb#id:11873905,germany,goal,penalty,penalty,11.5,50,0,left-foot,low-left,0,52.2,13.9,No information,No information,45,1,2734,50,11.5,47.8,0,47.8,86.1,1,2666,shot
ilkay-gundogan,https://www.sofascore.com/germany-scotland/VTbslUb#id:11873905,germany,save,No information,assisted,7.6,53.2,0,head,low-left,0,52.1,1.3,No information,No information,42,No information,2464,53.2,7.6,47.9,0,47.9,98.7,4,236,shot
kai-havertz,https://www.sofascore.com/germany-scotland/VTbslUb#id:11873905,germany,save,No information,free-kick,18.4,52.1,0,left-foot,low-left,0,53.7,7.6,No information,No information,28,No information,1636,52.1,18.4,46.3,0,46.3,92.4,18,1064,shot
jamal-musiala,https://www.sofascore.com/germany-scotland/VTbslUb#id:11873905,germany,goal,regular,assisted,12.5,47,0,right-foot,high-left,0,52.6,32.3,No information,No information,19,No information,1123,47,12.5,47.4,0,47.4,67.7,27,1577,shot
florian-wirtz,https://www.sofascore.com/germany-scotland/VTbslUb#id:11873905,germany,goal,regular,assisted,17.7,51.6,0,right-foot,low-left,0,53.9,4.4,No information,No information,10,No information,594,51.6,17.7,46.1,0,46.1,95.6,36,2106,shot

artem-dovbyk,https://www.sofascore.com/ukraine-scotland/VTbsbUb#id:10255456,ukraine,goal,regular,fast-break,7.9,40.8,0,left-foot,low-left,0,53.3,12.7,No information,No information,90,5,5677,40.8,7.9,46.7,0,46.7,87.3,1,623,shot
grant-hanley,https://www.sofascore.com/ukraine-scotland/VTbsbUb#id:10255456,scotland,miss,No information,assisted,10.1,37,0,head,left,0,60,9.7,No information,No information,90,3,5554,37,10.1,40,0,40,90.3,1,746,shot
oleksandr-zubkov,https://www.sofascore.com/ukraine-scotland/VTbsbUb#id:10255456,ukraine,miss,No information,assisted,13.6,56.1,0,left-foot,left,0,59.5,16.7,No information,No information,90,2,5518,56.1,13.6,40.5,0,40.5,83.3,1,782,shot
grant-hanley,https://www.sofascore.com/ukraine-scotland/VTbsbUb#id:10255456,scotland,miss,No information,corner,11.5,59.8,0,head,right,0,39,6.9,No information,No information,90,1,5451,59.8,11.5,61,0,61,93.1,1,849,shot
callum-mcgregor,https://www.sofascore.com/ukraine-scotland/VTbsbUb#id:10255456,scotland,goal,regular,regular,17.1,36.7,0,left-foot,low-right,0,45.6,13.9,No information,No information,79,No information,4721,36.7,17.1,54.4,0,54.4,86.1,12,679,shot
john-mcginn,https://www.sofascore.com/ukraine-scotland/VTbsbUb#id:10255456,scotland,block,No information,assisted,15.6,64.7,0,left-foot,low-centre,0,48.3,19,No information,No information,76,No information,4522,64.7,15.6,51.7,0,51.7,81,15,878,shot
che-adams,https://www.sofascore.com/ukraine-scotland/VTbsbUb#id:10255456,scotland,save,No information,assisted,7.2,67.5,0,right-foot,low-centre,0,50.6,5.7,No information,No information,76,No information,4518,67.5,7.2,49.4,0,49.4,94.3,15,882,shot
stuart-armstrong,https://www.sofascore.com/ukraine-scotland/VTbsbUb#id:10255456,scotland,save,No information,assisted,19.2,47.3,0,left-foot,low-centre,0,49.4,3.2,No information,No information,73,No information,4350,47.3,19.2,50.6,0,50.6,96.8,18,1050,shot
viktor-tsygankov,https://www.sofascore.com/ukraine-scotland/VTbsbUb#id:10255456,ukraine,save,No information,assisted,14.3,40.6,0,left-foot,low-centre,0,49.4,5.7,No information,No information,71,No information,4215,40.6,14.3,50.6,0,50.6,94.3,20,1185,shot
john-mcginn,https://www.sofascore.com/ukraine-scotland/VTbsbUb#id:10255456,scotland,miss,No information,regular,6.1,51.8,0,head,close-right,0,43.5,1.4,No information,No information,67,No information,3998,51.8,6.1,56.5,0,56.5,98.6,24,1402,shot
scott-mctominay,https://www.sofascore.com/ukraine-scotland/VTbsbUb#id:10255456,scotland,block,No information,regular,13.8,66.6,0,right-foot,low-right,0,47.7,19,No information,No information,67,No information,3974,66.6,13.8,52.3,0,52.3,81,24,1426,shot
ryan-christie,https://www.sofascore.com/ukraine-scotland/VTbsbUb#id:10255456,scotland,save,No information,assisted,13.6,38.1,0,left-foot,low-centre,0,51.6,4.4,No information,No information,62,No information,3714,38.1,13.6,48.4,0,48.4,95.6,29,1686,shot
oleksandr-karavayev,https://www.sofascore.com/ukraine-scotland/VTbsbUb#id:10255456,ukraine,miss,No information,corner,14.4,71.7,0,right-foot,high,0,46.4,68.1,No information,No information,55,No information,3292,71.7,14.4,53.6,0,53.6,31.9,36,2108,shot
andriy-yarmolenko,https://www.sofascore.com/ukraine-scotland/VTbsbUb#id:10255456,ukraine,save,No information,assisted,14.7,67,0,right-foot,low-right,0,46.5,2.5,No information,No information,52,No information,3079,67,14.7,53.5,0,53.5,97.5,39,2321,shot
roman-yaremchuk,https://www.sofascore.com/ukraine-scotland/VTbsbUb#id:10255456,ukraine,goal,regular,assisted,4.5,47.2,0,head,low-right,0,47.1,9.5,No information,No information,49,No information,2899,47.2,4.5,52.9,0,52.9,90.5,42,2501,shot
ruslan-malinovskyi,https://www.sofascore.com/ukraine-scotland/VTbsbUb#id:10255456,ukraine,block,No information,regular,23.6,40.3,0,left-foot,low-right,0,48.1,19,No information,No information,45,2,2787,40.3,23.6,51.9,0,51.9,81,1,2613,shot
ruslan-malinovskyi,https://www.sofascore.com/ukraine-scotland/VTbsbUb#id:10255456,ukraine,miss,No information,assisted,25,40.6,0,left-foot,right,0,29.1,1.4,No information,No information,44,No information,2595,40.6,25,70.9,0,70.9,98.6,2,105,shot
callum-mcgregor,https://www.sofascore.com/ukraine-scotland/VTbsbUb#id:10255456,scotland,block,No information,assisted,21.4,70.1,0,left-foot,low-right,0,46.9,9.7,No information,No information,43,No information,2520,70.1,21.4,53.1,0,53.1,90.3,3,180,shot
andriy-yarmolenko,https://www.sofascore.com/ukraine-scotland/VTbsbUb#id:10255456,ukraine,goal,regular,assisted,15.9,51.4,0,left-foot,high-centre,0,51.2,22.8,No information,No information,33,No information,1942,51.4,15.9,48.8,0,48.8,77.2,13,758,shot
andriy-yarmolenko,https://www.sofascore.com/ukraine-scotland/VTbsbUb#id:10255456,ukraine,miss,No information,assisted,24.1,65.2,0,right-foot,high-right,0,39.5,58.3,No information,No information,27,No information,1575,65.2,24.1,60.5,0,60.5,41.7,19,1125,shot
john-mcginn,https://www.sofascore.com/ukraine-scotland/VTbsbUb#id:10255456,scotland,miss,No information,assisted,13.9,43.9,0,left-foot,high,0,50.1,72.2,No information,No information,24,No information,1435,43.9,13.9,49.9,0,49.9,27.8,22,1265,shot
andrew-robertson,https://www.sofascore.com/ukraine-scotland/VTbsbUb#id:10255456,scotland,block,No information,regular,11.6,27.1,0,left-foot,low-centre,0,48.6,19.4,No information,No information,24,No information,1381,27.1,11.6,51.4,0,51.4,80.6,22,1319,shot
roman-yaremchuk,https://www.sofascore.com/ukraine-scotland/VTbsbUb#id:10255456,ukraine,miss,No information,assisted,11.5,52.9,0,right-foot,right,0,39.7,8.3,No information,No information,20,No information,1193,52.9,11.5,60.3,0,60.3,91.7,26,1507,shot
roman-yaremchuk,https://www.sofascore.com/ukraine-scotland/VTbsbUb#id:10255456,ukraine,save,No information,assisted,8.9,39.1,0,right-foot,low-centre,0,49.1,1.9,No information,No information,20,No information,1149,39.1,8.9,50.9,0,50.9,98.1,26,1551,shot
grant-hanley,https://www.sofascore.com/ukraine-scotland/VTbsbUb#id:10255456,scotland,miss,No information,corner,9.1,56.5,0,head,close-high,0,47.6,55.6,No information,No information,18,No information,1047,56.5,9.1,52.4,0,52.4,44.4,28,1653,shot
andriy-yarmolenko,https://www.sofascore.com/ukraine-scotland/VTbsbUb#id:10255456,ukraine,save,No information,regular,9.2,48.9,0,right-foot,low-centre,0,51.6,7,No information,No information,17,No information,969,48.9,9.2,48.4,0,48.4,93,29,1731,shot
hickey-aaron,https://www.sofascore.com/ukraine-scotland/VTbsbUb#id:10255456,scotland,miss,No information,assisted,6.9,54.2,0,head,right,0,35.1,20.8,No information,No information,12,No information,669,54.2,6.9,64.9,0,64.9,79.2,34,2031,shot
ruslan-malinovskyi,https://www.sofascore.com/ukraine-scotland/VTbsbUb#id:10255456,ukraine,miss,No information,corner,14.5,88.4,0,left-foot,close-right,0,43.5,5.6,No information,No information,9,No information,504,88.4,14.5,56.5,0,56.5,94.4,37,2196,shot
viktor-tsygankov,https://www.sofascore.com/ukraine-scotland/VTbsbUb#id:10255456,ukraine,save,No information,assisted,13.9,46.6,0,right-foot,high-centre,0,50.6,22.2,No information,No information,8,No information,449,46.6,13.9,49.4,0,49.4,77.8,38,2251,shot

joakim-maehle,https://www.sofascore.com/scotland-denmark/BObsVTb#id:9223956,denmark,block,No information,assisted,16,36.1,0,right-foot,low-centre,0,50.8,19,No information,No information,90,No information,5383,36.1,16,49.2,0,49.2,81,1,17,shot
stuart-armstrong,https://www.sofascore.com/scotland-denmark/BObsVTb#id:9223956,scotland,block,No information,assisted,4.4,54.1,0,right-foot,low-centre,0,49.4,19,No information,No information,89,No information,5296,54.1,4.4,50.6,0,50.6,81,2,104,shot
che-adams,https://www.sofascore.com/scotland-denmark/BObsVTb#id:9223956,scotland,goal,regular,fast-break,14.6,54.5,0,right-foot,low-right,0,46.3,7.6,No information,No information,86,No information,5154,54.5,14.6,53.7,0,53.7,92.4,5,246,shot
mikael-uhre,https://www.sofascore.com/scotland-denmark/BObsVTb#id:9223956,denmark,save,No information,regular,9.4,48,0,left-foot,low-centre,0,50.6,1.9,No information,No information,85,No information,5072,48,9.4,49.4,0,49.4,98.1,6,328,shot
andreas-skov-olsen,https://www.sofascore.com/scotland-denmark/BObsVTb#id:9223956,denmark,save,No information,corner,21.2,61.8,0,left-foot,low-right,0,45.8,2.5,No information,No information,83,No information,4942,61.8,21.2,54.2,0,54.2,97.5,8,458,shot
pione-sisto,https://www.sofascore.com/scotland-denmark/BObsVTb#id:9223956,denmark,block,No information,assisted,24.6,34,0,right-foot,low-left,0,52.5,19,No information,No information,76,No information,4544,34,24.6,47.5,0,47.5,81,15,856,shot
andreas-cornelius,https://www.sofascore.com/scotland-denmark/BObsVTb#id:9223956,denmark,block,No information,assisted,10.9,44.7,0,head,low-left,0,52.8,19,No information,No information,70,No information,4164,44.7,10.9,47.2,0,47.2,81,21,1236,shot
jens-stage,https://www.sofascore.com/scotland-denmark/BObsVTb#id:9223956,denmark,block,No information,assisted,11.1,34.2,0,left-foot,low-left,0,53.6,19,No information,No information,67,No information,3981,34.2,11.1,46.4,0,46.4,81,24,1419,shot
kieran-tierney,https://www.sofascore.com/scotland-denmark/BObsVTb#id:9223956,scotland,post,No information,regular,32.6,12.4,0,left-foot,high,0,54,39.9,No information,No information,64,No information,3820,12.4,32.6,46,0,46,60.1,27,1580,shot
gilmour-billy,https://www.sofascore.com/scotland-denmark/BObsVTb#id:9223956,scotland,save,No information,assisted,25.4,70.2,0,right-foot,high-centre,0,49.6,27.8,No information,No information,62,No information,3674,70.2,25.4,50.4,0,50.4,72.2,29,1726,shot
daniel-wass,https://www.sofascore.com/scotland-denmark/BObsVTb#id:9223956,denmark,block,No information,assisted,19.8,63.7,0,right-foot,low-centre,0,51.2,19,No information,No information,44,No information,2622,63.7,19.8,48.8,0,48.8,81,2,78,shot
andreas-cornelius,https://www.sofascore.com/scotland-denmark/BObsVTb#id:9223956,denmark,block,No information,regular,12.4,44,0,left-foot,low-centre,0,50.8,19,No information,No information,37,No information,2203,44,12.4,49.2,0,49.2,81,9,497,shot
john-souttar,https://www.sofascore.com/scotland-denmark/BObsVTb#id:9223956,scotland,goal,regular,corner,5,45.8,0,head,low-right,0,46.3,7.6,No information,No information,35,No information,2091,45.8,5,53.7,0,53.7,92.4,11,609,shot
che-adams,https://www.sofascore.com/scotland-denmark/BObsVTb#id:9223956,scotland,block,No information,fast-break,19.1,53.8,0,right-foot,low-right,0,46.3,19,No information,No information,33,No information,1966,53.8,19.1,53.7,0,53.7,81,13,734,shot
john-mcginn,https://www.sofascore.com/scotland-denmark/BObsVTb#id:9223956,scotland,block,No information,regular,10.2,63.7,0,left-foot,low-centre,0,50.3,19,No information,No information,28,No information,1645,63.7,10.2,49.7,0,49.7,81,18,1055,shot
che-adams,https://www.sofascore.com/scotland-denmark/BObsVTb#id:9223956,scotland,save,No information,assisted,8.8,57.3,0,right-foot,low-right,0,46.5,1.3,No information,No information,23,No information,1326,57.3,8.8,53.5,0,53.5,98.7,23,1374,shot
kieran-tierney,https://www.sofascore.com/scotland-denmark/BObsVTb#id:9223956,scotland,miss,No information,corner,3.2,54.3,0,head,high,0,46.1,75,No information,No information,22,No information,1265,54.3,3.2,53.9,0,53.9,25,24,1435,shot
andreas-christensen,https://www.sofascore.com/scotland-denmark/BObsVTb#id:9223956,denmark,miss,No information,assisted,25.5,65.8,0,right-foot,close-high,0,54.5,58.3,No information,No information,16,No information,915,65.8,25.5,45.5,0,45.5,41.7,30,1785,shot
daniel-wass,https://www.sofascore.com/scotland-denmark/BObsVTb#id:9223956,denmark,miss,No information,regular,10.8,49.8,0,other,left,0,61.2,13.9,No information,No information,9,No information,530,49.8,10.8,38.8,0,38.8,86.1,37,2170,shot

mohamed-elyounoussi,https://www.sofascore.com/scotland-norway/AObsVTb#id:10752582,norway,goal,regular,assisted,3,44.3,0,head,low-left,0,52.6,8.2,No information,No information,86,No information,5140,44.3,3,47.4,0,47.4,91.8,5,260,shot
scott-mctominay,https://www.sofascore.com/scotland-norway/AObsVTb#id:10752582,scotland,block,No information,assisted,10.8,67.2,0,right-foot,low-right,0,47.9,19,No information,No information,85,No information,5097,67.2,10.8,52.1,0,52.1,81,6,303,shot
kristian-thorstvedt,https://www.sofascore.com/scotland-norway/AObsVTb#id:10752582,norway,miss,No information,assisted,8.1,51.5,0,head,left,0,98.5,16.7,No information,No information,82,No information,4864,51.5,8.1,1.5,0,1.5,83.3,9,536,shot
mohamed-elyounoussi,https://www.sofascore.com/scotland-norway/AObsVTb#id:10752582,norway,block,No information,assisted,7.9,42.3,0,head,low-left,0,52.1,19,No information,No information,81,No information,4857,42.3,7.9,47.9,0,47.9,81,10,543,shot
kristian-thorstvedt,https://www.sofascore.com/scotland-norway/AObsVTb#id:10752582,norway,save,No information,assisted,9.7,46.8,0,head,low-right,0,47.8,3.8,No information,No information,81,No information,4850,46.8,9.7,52.2,0,52.2,96.2,10,550,shot
kristian-thorstvedt,https://www.sofascore.com/scotland-norway/AObsVTb#id:10752582,norway,miss,No information,corner,8.8,34.9,0,head,high,0,49.2,70.8,No information,No information,72,No information,4272,34.9,8.8,50.8,0,50.8,29.2,19,1128,shot
jorgen-strand-larsen,https://www.sofascore.com/scotland-norway/AObsVTb#id:10752582,norway,block,No information,corner,13.3,52.6,0,head,low-centre,0,49.4,19,No information,No information,66,No information,3922,52.6,13.3,50.6,0,50.6,81,25,1478,shot
fredrik-andre-bjorkan,https://www.sofascore.com/scotland-norway/AObsVTb#id:10752582,norway,block,No information,corner,22.6,36.1,0,left-foot,low-left,0,52.7,19,No information,No information,65,No information,3874,36.1,22.6,47.3,0,47.3,81,26,1526,shot
stuart-armstrong,https://www.sofascore.com/scotland-norway/AObsVTb#id:10752582,scotland,goal,regular,assisted,11.8,40.2,0,right-foot,low-left,0,53.2,3.8,No information,No information,59,No information,3523,40.2,11.8,46.8,0,46.8,96.2,32,1877,shot
aron-donnum,https://www.sofascore.com/scotland-norway/AObsVTb#id:10752582,norway,save,No information,assisted,12.7,29.3,0,left-foot,low-centre,0,48.4,7,No information,No information,58,No information,3435,29.3,12.7,51.6,0,51.6,93,33,1965,shot
stuart-armstrong,https://www.sofascore.com/scotland-norway/AObsVTb#id:10752582,scotland,miss,No information,assisted,6.6,39.8,0,other,close-left,0,58.7,19.4,No information,No information,55,No information,3284,39.8,6.6,41.3,0,41.3,80.6,36,2116,shot
stuart-armstrong,https://www.sofascore.com/scotland-norway/AObsVTb#id:10752582,scotland,miss,No information,assisted,17.7,30.3,0,left-foot,right,0,40.7,2.8,No information,No information,45,1,2757,30.3,17.7,59.3,0,59.3,97.2,1,2643,shot
aron-donnum,https://www.sofascore.com/scotland-norway/AObsVTb#id:10752582,norway,block,No information,assisted,7.4,48.9,0,left-foot,low-centre,0,51.1,19,No information,No information,44,No information,2625,48.9,7.4,48.9,0,48.9,81,2,75,shot
patrick-berg,https://www.sofascore.com/scotland-norway/AObsVTb#id:10752582,norway,save,No information,assisted,18.6,52.6,0,right-foot,low-centre,0,49.7,3.2,No information,No information,41,No information,2433,52.6,18.6,50.3,0,50.3,96.8,5,267,shot
patrick-berg,https://www.sofascore.com/scotland-norway/AObsVTb#id:10752582,norway,miss,No information,free-kick,27,45.8,0,right-foot,close-high-right,0,43.5,48.6,No information,No information,37,No information,2209,45.8,27,56.5,0,56.5,51.4,9,491,shot
leo-ostigard,https://www.sofascore.com/scotland-norway/AObsVTb#id:10752582,scotland,goal,own,corner,4.4,49.6,0,right-foot,low-right,0,47,1.9,No information,No information,33,No information,1940,49.6,4.4,53,0,53,98.1,13,760,shot
kenny-mclean,https://www.sofascore.com/scotland-norway/AObsVTb#id:10752582,scotland,miss,No information,corner,5.3,41.9,0,head,right,0,39.7,12.5,No information,No information,33,No information,1939,41.9,5.3,60.3,0,60.3,87.5,13,761,shot
scott-mctominay,https://www.sofascore.com/scotland-norway/AObsVTb#id:10752582,scotland,block,No information,assisted,25.6,56.1,0,left-foot,low-centre,0,50.1,19,No information,No information,31,No information,1809,56.1,25.6,49.9,0,49.9,81,15,891,shot
jorgen-strand-larsen,https://www.sofascore.com/scotland-norway/AObsVTb#id:10752582,norway,goal,regular,regular,2.3,55.4,0,left-foot,low-left,0,52.3,1.3,No information,No information,20,No information,1160,55.4,2.3,47.7,0,47.7,98.7,26,1540,shot
stuart-armstrong,https://www.sofascore.com/scotland-norway/AObsVTb#id:10752582,scotland,block,No information,assisted,18.4,57.3,0,right-foot,low-centre,0,49.6,19,No information,No information,17,No information,1007,57.3,18.4,50.4,0,50.4,81,29,1693,shot
john-mcginn,https://www.sofascore.com/scotland-norway/AObsVTb#id:10752582,scotland,goal,penalty,penalty,11.5,50,0,left-foot,low-left,0,52.2,3.8,No information,No information,13,No information,734,50,11.5,47.8,0,47.8,96.2,33,1966,shot
callum-mcgregor,https://www.sofascore.com/scotland-norway/AObsVTb#id:10752582,scotland,block,No information,set-piece,15.7,37,0,left-foot,low-centre,0,51.1,19,No information,No information,11,No information,624,37,15.7,48.9,0,48.9,81,35,2076,shot
aron-donnum,https://www.sofascore.com/scotland-norway/AObsVTb#id:10752582,norway,goal,regular,assisted,13.7,43.9,0,left-foot,high-left,0,53.6,24.1,No information,No information,3,No information,165,43.9,13.7,46.4,0,46.4,75.9,43,2535,shot

jason-knight,https://www.sofascore.com/scotland-ireland/TTbsVTb#id:10023413,ireland,save,No information,assisted,13,40.3,0,head,low-left,0,53.6,19,No information,No information,90,2,5473,40.3,13,46.4,0,46.4,81,1,827,shot
seamus-coleman,https://www.sofascore.com/scotland-ireland/TTbsVTb#id:10023413,ireland,save,No information,assisted,8.4,41,0,right-foot,high-left,0,51.9,22.2,No information,No information,90,1,5405,41,8.4,48.1,0,48.1,77.8,1,895,shot
ryan-fraser,https://www.sofascore.com/scotland-ireland/TTbsVTb#id:10023413,scotland,miss,No information,fast-break,17.6,32,0,right-foot,right,0,40.5,4.2,No information,No information,90,No information,5345,32,17.6,59.5,0,59.5,95.8,1,55,shot
ryan-christie,https://www.sofascore.com/scotland-ireland/TTbsVTb#id:10023413,scotland,goal,penalty,penalty,11.5,50,0,left-foot,low-centre,0,48.3,1.3,No information,No information,82,No information,4887,50,11.5,51.7,0,51.7,98.7,9,513,shot
scott-mctominay,https://www.sofascore.com/scotland-ireland/TTbsVTb#id:10023413,scotland,block,No information,corner,7.7,55,0,head,low-centre,0,48.2,19,No information,No information,80,No information,4765,55,7.7,51.8,0,51.8,81,11,635,shot
callum-mcgregor,https://www.sofascore.com/scotland-ireland/TTbsVTb#id:10023413,scotland,block,No information,regular,16.9,50.6,0,left-foot,low-right,0,48.1,19,No information,No information,79,No information,4734,50.6,16.9,51.9,0,51.9,81,12,666,shot
ryan-fraser,https://www.sofascore.com/scotland-ireland/TTbsVTb#id:10023413,scotland,save,No information,assisted,15.7,71,0,left-foot,high-left,0,52.8,25.9,No information,No information,69,No information,4107,71,15.7,47.2,0,47.2,74.1,22,1293,shot
jason-knight,https://www.sofascore.com/scotland-ireland/TTbsVTb#id:10023413,ireland,miss,No information,assisted,26.2,49.3,0,right-foot,right,0,18.8,11.1,No information,No information,66,No information,3944,49.3,26.2,81.2,0,81.2,88.9,25,1456,shot
jayson-molumby,https://www.sofascore.com/scotland-ireland/TTbsVTb#id:10023413,ireland,block,No information,assisted,18.4,40.2,0,left-foot,low-centre,0,49.8,19,No information,No information,65,No information,3864,40.2,18.4,50.2,0,50.2,81,26,1536,shot
cullen-josh,https://www.sofascore.com/scotland-ireland/TTbsVTb#id:10023413,ireland,miss,No information,corner,28.7,44.6,0,right-foot,high-right,0,43.9,76.4,No information,No information,58,No information,3425,44.6,28.7,56.1,0,56.1,23.6,33,1975,shot
troy-parrott,https://www.sofascore.com/scotland-ireland/TTbsVTb#id:10023413,ireland,save,No information,fast-break,15.5,40.8,0,right-foot,low-left,0,52.4,0.6,No information,No information,56,No information,3326,40.8,15.5,47.6,0,47.6,99.4,35,2074,shot
lyndon-dykes,https://www.sofascore.com/scotland-ireland/TTbsVTb#id:10023413,scotland,block,No information,assisted,12.7,50.8,0,right-foot,low-centre,0,50.3,19,No information,No information,55,No information,3282,50.8,12.7,49.7,0,49.7,81,36,2118,shot
ryan-christie,https://www.sofascore.com/scotland-ireland/TTbsVTb#id:10023413,scotland,block,No information,assisted,14.8,28.1,0,left-foot,low-right,0,46.2,19,No information,No information,54,No information,3199,28.1,14.8,53.8,0,53.8,81,37,2201,shot
john-mcginn,https://www.sofascore.com/scotland-ireland/TTbsVTb#id:10023413,scotland,miss,No information,assisted,25.7,49.4,0,left-foot,close-right,0,41.7,5.6,No information,No information,53,No information,3144,49.4,25.7,58.3,0,58.3,94.4,38,2256,shot
matt-doherty,https://www.sofascore.com/scotland-ireland/TTbsVTb#id:10023413,ireland,miss,No information,assisted,10.2,66.7,0,left-foot,high-left,0,60.8,79.2,No information,No information,52,No information,3076,66.7,10.2,39.2,0,39.2,20.8,39,2324,shot
jack-hendry,https://www.sofascore.com/scotland-ireland/TTbsVTb#id:10023413,scotland,goal,regular,assisted,7.9,46.5,0,head,low-right,0,45.8,11.4,No information,No information,49,No information,2938,46.5,7.9,54.2,0,54.2,88.6,42,2462,shot
scott-mctominay,https://www.sofascore.com/scotland-ireland/TTbsVTb#id:10023413,scotland,block,No information,assisted,19.4,39.1,0,right-foot,low-centre,0,50.9,19,No information,No information,45,No information,2664,39.1,19.4,49.1,0,49.1,81,1,36,shot
lyndon-dykes,https://www.sofascore.com/scotland-ireland/TTbsVTb#id:10023413,scotland,block,No information,assisted,9.5,73.8,0,right-foot,low-centre,0,50.4,19,No information,No information,42,No information,2491,73.8,9.5,49.6,0,49.6,81,4,209,shot
john-mcginn,https://www.sofascore.com/scotland-ireland/TTbsVTb#id:10023413,scotland,miss,No information,assisted,17.1,42.2,0,right-foot,close-left,0,58.2,1.4,No information,No information,31,No information,1849,42.2,17.1,41.8,0,41.8,98.6,15,851,shot
john-mcginn,https://www.sofascore.com/scotland-ireland/TTbsVTb#id:10023413,scotland,miss,No information,assisted,11.4,49.9,0,right-foot,left,0,59.7,6.9,No information,No information,28,No information,1640,49.9,11.4,40.3,0,40.3,93.1,18,1060,shot
john-egan,https://www.sofascore.com/scotland-ireland/TTbsVTb#id:10023413,ireland,goal,regular,corner,8.9,37.7,0,right-foot,low-left,0,52.4,3.2,No information,No information,18,No information,1052,37.7,8.9,47.6,0,47.6,96.8,28,1648,shot
troy-parrott,https://www.sofascore.com/scotland-ireland/TTbsVTb#id:10023413,ireland,block,No information,assisted,8.1,67.4,0,right-foot,low-centre,0,48.6,19,No information,No information,17,No information,986,67.4,8.1,51.4,0,51.4,81,29,1714,shot
ryan-christie,https://www.sofascore.com/scotland-ireland/TTbsVTb#id:10023413,scotland,miss,No information,assisted,23.4,27.2,0,left-foot,right,0,37.3,6.9,No information,No information,6,No information,309,27.2,23.4,62.7,0,62.7,93.1,40,2391,shot

ioannis-pittas,https://www.sofascore.com/scotland-cyprus/HObsVTb#id:10752471,cyprus,block,No information,assisted,9.1,34.9,0,right-foot,low-centre,0,51.1,19,No information,No information,90,3,5550,34.9,9.1,48.9,0,48.9,81,1,750,shot
john-mcginn,https://www.sofascore.com/scotland-cyprus/HObsVTb#id:10752471,scotland,miss,No information,set-piece,28.6,57.8,0,left-foot,high-right,0,42.9,90.3,No information,No information,77,No information,4564,57.8,28.6,57.1,0,57.1,9.7,14,836,shot
scott-mctominay,https://www.sofascore.com/scotland-cyprus/HObsVTb#id:10752471,scotland,post,No information,regular,15.4,29.6,0,right-foot,right,0,44.7,8.9,No information,No information,75,No information,4444,29.6,15.4,55.3,0,55.3,91.1,16,956,shot
grigoris-kastanos,https://www.sofascore.com/scotland-cyprus/HObsVTb#id:10752471,cyprus,save,No information,set-piece,21.6,40,0,right-foot,low-centre,0,50.2,2.5,No information,No information,63,No information,3749,40,21.6,49.8,0,49.8,97.5,28,1651,shot
callum-mcgregor,https://www.sofascore.com/scotland-cyprus/HObsVTb#id:10752471,scotland,save,No information,set-piece,20.1,45,0,left-foot,low-centre,0,50.4,1.9,No information,No information,61,No information,3631,45,20.1,49.6,0,49.6,98.1,30,1769,shot
scott-mctominay,https://www.sofascore.com/scotland-cyprus/HObsVTb#id:10752471,scotland,block,No information,set-piece,5.8,56.5,0,right-foot,low-centre,0,49.7,19,No information,No information,61,No information,3628,56.5,5.8,50.3,0,50.3,81,30,1772,shot
scott-mctominay,https://www.sofascore.com/scotland-cyprus/HObsVTb#id:10752471,scotland,miss,No information,assisted,1.7,60.3,0,right-foot,right,0,39.2,8.3,No information,No information,56,No information,3306,60.3,1.7,60.8,0,60.8,91.7,35,2094,shot
scott-mctominay,https://www.sofascore.com/scotland-cyprus/HObsVTb#id:10752471,scotland,block,No information,assisted,19.7,48.9,0,left-foot,low-centre,0,49.8,19,No information,No information,45,1,2756,48.9,19.7,50.2,0,50.2,81,1,2644,shot
grigoris-kastanos,https://www.sofascore.com/scotland-cyprus/HObsVTb#id:10752471,cyprus,save,No information,assisted,23.2,64.4,0,left-foot,low-centre,0,51.8,3.8,No information,No information,45,1,2708,64.4,23.2,48.2,0,48.2,96.2,1,2692,shot
che-adams,https://www.sofascore.com/scotland-cyprus/HObsVTb#id:10752471,scotland,block,No information,assisted,12.2,35.1,0,right-foot,low-centre,0,49.2,19,No information,No information,37,No information,2171,35.1,12.2,50.8,0,50.8,81,9,529,shot
gilmour-billy,https://www.sofascore.com/scotland-cyprus/HObsVTb#id:10752471,scotland,block,No information,assisted,17.2,59.4,0,right-foot,low-centre,0,51.3,19,No information,No information,34,No information,2021,59.4,17.2,48.7,0,48.7,81,12,679,shot
john-mcginn,https://www.sofascore.com/scotland-cyprus/HObsVTb#id:10752471,scotland,miss,No information,fast-break,54.3,29.2,0,left-foot,high,0,49.7,72.2,No information,No information,33,No information,1974,29.2,54.3,50.3,0,50.3,27.8,13,726,shot
scott-mctominay,https://www.sofascore.com/scotland-cyprus/HObsVTb#id:10752471,scotland,miss,No information,assisted,18.9,49.5,0,left-foot,close-left,0,57.3,6.9,No information,No information,33,No information,1923,49.5,18.9,42.7,0,42.7,93.1,13,777,shot
john-mcginn,https://www.sofascore.com/scotland-cyprus/HObsVTb#id:10752471,scotland,goal,regular,assisted,18.1,48.7,0,left-foot,low-left,0,53.7,17.1,No information,No information,30,No information,1749,48.7,18.1,46.3,0,46.3,82.9,16,951,shot
porteous-ryan,https://www.sofascore.com/scotland-cyprus/HObsVTb#id:10752471,scotland,goal,regular,set-piece,4.6,47.1,0,right-foot,low-centre,0,51.3,10.1,No information,No information,16,No information,913,47.1,4.6,48.7,0,48.7,89.9,30,1787,shot
grigoris-kastanos,https://www.sofascore.com/scotland-cyprus/HObsVTb#id:10752471,cyprus,miss,No information,assisted,26.5,60,0,left-foot,close-right,0,43.5,4.2,No information,No information,14,No information,787,60,26.5,56.5,0,56.5,95.8,32,1913,shot
grigoris-kastanos,https://www.sofascore.com/scotland-cyprus/HObsVTb#id:10752471,cyprus,save,No information,assisted,23.9,63.8,0,right-foot,low-centre,0,51.6,3.2,No information,No information,10,No information,581,63.8,23.9,48.4,0,48.4,96.8,36,2119,shot
scott-mctominay,https://www.sofascore.com/scotland-cyprus/HObsVTb#id:10752471,scotland,goal,regular,assisted,2.9,51.8,0,head,high-right,0,48.1,20.9,No information,No information,6,No information,334,51.8,2.9,51.9,0,51.9,79.1,40,2366,shot
john-mcginn,https://www.sofascore.com/scotland-cyprus/HObsVTb#id:10752471,scotland,miss,No information,assisted,5.2,41.9,0,head,right,0,38.2,19.4,No information,No information,6,No information,333,41.9,5.2,61.8,0,61.8,80.6,40,2367,shot

john-mcginn,https://www.sofascore.com/ukraine-scotland/VTbsbUb#id:10023321,scotland,miss,No information,regular,21.1,62.8,0,left-foot,left,0,85.5,15.3,No information,No information,90,3,5522,62.8,21.1,14.5,0,14.5,84.7,1,778,shot
ryan-fraser,https://www.sofascore.com/ukraine-scotland/VTbsbUb#id:10023321,scotland,miss,No information,corner,17.3,31.5,0,right-foot,close-left,0,58.8,2.8,No information,No information,89,No information,5287,31.5,17.3,41.2,0,41.2,97.2,2,113,shot
lyndon-dykes,https://www.sofascore.com/ukraine-scotland/VTbsbUb#id:10023321,scotland,goal,regular,corner,8.7,48.7,0,other,low-right,0,45.7,13.3,No information,No information,87,No information,5173,48.7,8.7,54.3,0,54.3,86.7,4,227,shot
lyndon-dykes,https://www.sofascore.com/ukraine-scotland/VTbsbUb#id:10023321,scotland,goal,regular,corner,7.3,42.9,0,head,low-right,0,45.9,14.6,No information,No information,80,No information,4760,42.9,7.3,54.1,0,54.1,85.4,11,640,shot
kieran-tierney,https://www.sofascore.com/ukraine-scotland/VTbsbUb#id:10023321,scotland,save,No information,set-piece,17.2,52.7,0,left-foot,low-centre,0,51.6,3.8,No information,No information,78,No information,4644,52.7,17.2,48.4,0,48.4,96.2,13,756,shot
scott-mckenna,https://www.sofascore.com/ukraine-scotland/VTbsbUb#id:10023321,scotland,miss,No information,corner,4.6,62.4,0,head,close-high,0,49.4,48.6,No information,No information,76,No information,4507,62.4,4.6,50.6,0,50.6,51.4,15,893,shot
john-mcginn,https://www.sofascore.com/ukraine-scotland/VTbsbUb#id:10023321,scotland,block,No information,regular,25.9,46.4,0,left-foot,low-centre,0,50.9,19,No information,No information,75,No information,4450,46.4,25.9,49.1,0,49.1,81,16,950,shot
john-mcginn,https://www.sofascore.com/ukraine-scotland/VTbsbUb#id:10023321,scotland,goal,regular,regular,13.5,37.9,0,left-foot,low-right,0,45.5,3.2,No information,No information,70,No information,4191,37.9,13.5,54.5,0,54.5,96.8,21,1209,shot
che-adams,https://www.sofascore.com/ukraine-scotland/VTbsbUb#id:10023321,scotland,block,No information,assisted,13.2,48.6,0,right-foot,low-right,0,47.8,19,No information,No information,70,No information,4186,48.6,13.2,52.2,0,52.2,81,21,1214,shot
stuart-armstrong,https://www.sofascore.com/ukraine-scotland/VTbsbUb#id:10023321,scotland,miss,No information,assisted,8.2,49.8,0,head,right,0,32.8,6.9,No information,No information,68,No information,4065,49.8,8.2,67.2,0,67.2,93.1,23,1335,shot
che-adams,https://www.sofascore.com/ukraine-scotland/VTbsbUb#id:10023321,scotland,save,No information,assisted,5.6,46.1,0,head,low-centre,0,50.4,0.6,No information,No information,63,No information,3761,46.1,5.6,49.6,0,49.6,99.4,28,1639,shot
che-adams,https://www.sofascore.com/ukraine-scotland/VTbsbUb#id:10023321,scotland,post,No information,regular,4.2,47.1,0,head,high,0,53.4,39.9,No information,No information,63,No information,3751,47.1,4.2,46.6,0,46.6,60.1,28,1649,shot
hickey-aaron,https://www.sofascore.com/ukraine-scotland/VTbsbUb#id:10023321,scotland,block,No information,regular,18.7,70,0,left-foot,low-right,0,46.9,19,No information,No information,62,No information,3693,70,18.7,53.1,0,53.1,81,29,1707,shot
stuart-armstrong,https://www.sofascore.com/ukraine-scotland/VTbsbUb#id:10023321,scotland,miss,No information,assisted,9.9,65.9,0,right-foot,high,0,50.1,88.9,No information,No information,60,No information,3574,65.9,9.9,49.9,0,49.9,11.1,31,1826,shot
john-mcginn,https://www.sofascore.com/ukraine-scotland/VTbsbUb#id:10023321,scotland,block,No information,assisted,20.6,31.3,0,right-foot,low-centre,0,50.4,19,No information,No information,60,No information,3556,31.3,20.6,49.6,0,49.6,81,31,1844,shot
stuart-armstrong,https://www.sofascore.com/ukraine-scotland/VTbsbUb#id:10023321,scotland,save,No information,regular,13.1,42.2,0,left-foot,low-centre,0,51.7,1.3,No information,No information,58,No information,3455,42.2,13.1,48.3,0,48.3,98.7,33,1945,shot
mykhaylo-mudryk,https://www.sofascore.com/ukraine-scotland/VTbsbUb#id:10023321,ukraine,miss,No information,regular,32.5,15.6,0,right-foot,right,0,24,12.5,No information,No information,52,No information,3065,15.6,32.5,76,0,76,87.5,39,2335,shot
john-mcginn,https://www.sofascore.com/ukraine-scotland/VTbsbUb#id:10023321,scotland,miss,No information,assisted,18.3,65.5,0,left-foot,high-left,0,63.2,79.2,No information,No information,38,No information,2246,65.5,18.3,36.8,0,36.8,20.8,8,454,shot
ruslan-malinovskyi,https://www.sofascore.com/ukraine-scotland/VTbsbUb#id:10023321,ukraine,block,No information,free-kick,28.7,43.5,0,left-foot,low-centre,0,49.4,19,No information,No information,31,No information,1845,43.5,28.7,50.6,0,50.6,81,15,855,shot
ryan-christie,https://www.sofascore.com/ukraine-scotland/VTbsbUb#id:10023321,scotland,miss,No information,regular,9.8,48.2,0,right-foot,right,0,22,4.2,No information,No information,22,No information,1277,48.2,9.8,78,0,78,95.8,24,1423,shot
stuart-armstrong,https://www.sofascore.com/ukraine-scotland/VTbsbUb#id:10023321,scotland,save,No information,regular,16.1,60,0,left-foot,low-centre,0,51.2,3.8,No information,No information,22,No information,1276,60,16.1,48.8,0,48.8,96.2,24,1424,shot
ryan-christie,https://www.sofascore.com/ukraine-scotland/VTbsbUb#id:10023321,scotland,miss,No information,assisted,8.5,49.1,0,head,high-right,0,43.9,77.8,No information,No information,20,No information,1149,49.1,8.5,56.1,0,56.1,22.2,26,1551,shot
john-mcginn,https://www.sofascore.com/ukraine-scotland/VTbsbUb#id:10023321,scotland,miss,No information,assisted,9.2,56,0,head,close-left,0,58.3,8.3,No information,No information,17,No information,1000,56,9.2,41.7,0,41.7,91.7,29,1700,shot
patterson-nathan,https://www.sofascore.com/ukraine-scotland/VTbsbUb#id:10023321,scotland,block,No information,assisted,14.4,58.1,0,right-foot,low-centre,0,50.7,19,No information,No information,15,No information,853,58.1,14.4,49.3,0,49.3,81,31,1847,shot
ryan-christie,https://www.sofascore.com/ukraine-scotland/VTbsbUb#id:10023321,scotland,block,No information,assisted,22.2,34.4,0,left-foot,low-centre,0,50.2,19,No information,No information,11,No information,640,34.4,22.2,49.8,0,49.8,81,35,2060,shot
che-adams,https://www.sofascore.com/ukraine-scotland/VTbsbUb#id:10023321,scotland,save,No information,assisted,12.5,30.9,0,right-foot,low-centre,0,51.2,7,No information,No information,11,No information,608,30.9,12.5,48.8,0,48.8,93,35,2092,shot
bogdan-mykhaylichenko,https://www.sofascore.com/ukraine-scotland/VTbsbUb#id:10023321,ukraine,block,No information,assisted,2.7,31.3,0,right-foot,low-centre,0,51.7,19,No information,No information,2,No information,64,31.3,2.7,48.3,0,48.3,81,44,2636,shot

veaceslav-posmac,https://www.sofascore.com/moldova-scotland/VTbsHVb#id:9223896,moldova,miss,No information,assisted,39,47.2,0,right-foot,close-left,0,58.8,13.9,No information,No information,90,3,5547,47.2,39,41.2,0,41.2,86.1,1,753,shot
marius-iosipoi,https://www.sofascore.com/moldova-scotland/VTbsHVb#id:9223896,moldova,save,No information,assisted,26.4,41,0,right-foot,low-left,0,53.3,7.6,No information,No information,90,2,5482,41,26.4,46.7,0,46.7,92.4,1,818,shot
john-mcginn,https://www.sofascore.com/moldova-scotland/VTbsHVb#id:9223896,scotland,save,No information,assisted,9.5,31.6,0,left-foot,low-left,0,52.3,10.1,No information,No information,84,No information,5013,31.6,9.5,47.7,0,47.7,89.9,7,387,shot
vadim-rata,https://www.sofascore.com/moldova-scotland/VTbsHVb#id:9223896,moldova,save,No information,penalty,11.5,50,0,right-foot,low-left,0,53.2,17.7,No information,No information,82,No information,4903,50,11.5,46.8,0,46.8,82.3,9,497,shot
gilmour-billy,https://www.sofascore.com/moldova-scotland/VTbsHVb#id:9223896,scotland,miss,No information,assisted,18.5,46.1,0,left-foot,right,0,33.3,2.8,No information,No information,75,No information,4461,46.1,18.5,66.7,0,66.7,97.2,16,939,shot
liam-cooper,https://www.sofascore.com/moldova-scotland/VTbsHVb#id:9223896,scotland,block,No information,corner,3.9,57.5,0,head,low-left,0,52.1,19,No information,No information,70,No information,4193,57.5,3.9,47.9,0,47.9,81,21,1207,shot
che-adams,https://www.sofascore.com/moldova-scotland/VTbsHVb#id:9223896,scotland,block,No information,assisted,18.7,45.4,0,right-foot,low-right,0,47.5,19,No information,No information,70,No information,4158,45.4,18.7,52.5,0,52.5,81,21,1242,shot
che-adams,https://www.sofascore.com/moldova-scotland/VTbsHVb#id:9223896,scotland,goal,regular,assisted,4,46.8,0,right-foot,low-left,0,54,15.8,No information,No information,65,No information,3862,46.8,4,46,0,46,84.2,26,1538,shot
gilmour-billy,https://www.sofascore.com/moldova-scotland/VTbsHVb#id:9223896,scotland,block,No information,assisted,11.2,37.1,0,left-foot,low-centre,0,49,19,No information,No information,63,No information,3727,37.1,11.2,51,0,51,81,28,1673,shot
stuart-armstrong,https://www.sofascore.com/moldova-scotland/VTbsHVb#id:9223896,scotland,block,No information,assisted,19.9,52.8,0,right-foot,low-centre,0,49.9,19,No information,No information,59,No information,3509,52.8,19.9,50.1,0,50.1,81,32,1891,shot
patterson-nathan,https://www.sofascore.com/moldova-scotland/VTbsHVb#id:9223896,scotland,goal,regular,assisted,11,65.5,0,left-foot,low-left,0,53.9,8.9,No information,No information,38,No information,2275,65.5,11,46.1,0,46.1,91.1,8,425,shot
callum-mcgregor,https://www.sofascore.com/moldova-scotland/VTbsHVb#id:9223896,scotland,miss,No information,assisted,25.5,55.3,0,left-foot,high,0,50.3,76.4,No information,No information,35,No information,2050,55.3,25.5,49.7,0,49.7,23.6,11,650,shot
che-adams,https://www.sofascore.com/moldova-scotland/VTbsHVb#id:9223896,scotland,miss,No information,regular,25.4,50.3,0,right-foot,close-left,0,59,2.8,No information,No information,27,No information,1570,50.3,25.4,41,0,41,97.2,19,1130,shot
artur-ionita,https://www.sofascore.com/moldova-scotland/VTbsHVb#id:9223896,moldova,save,No information,assisted,8,51.3,0,head,high-centre,0,49.7,29.7,No information,No information,22,No information,1294,51.3,8,50.3,0,50.3,70.3,24,1406,shot
ion-nicolaescu,https://www.sofascore.com/moldova-scotland/VTbsHVb#id:9223896,moldova,block,No information,assisted,20.8,60.6,0,left-foot,low-left,0,52.2,19,No information,No information,22,No information,1265,60.6,20.8,47.8,0,47.8,81,24,1435,shot
andrew-robertson,https://www.sofascore.com/moldova-scotland/VTbsHVb#id:9223896,scotland,save,No information,assisted,11.5,32,0,left-foot,low-left,0,52.9,13.9,No information,No information,17,No information,1003,32,11.5,47.1,0,47.1,86.1,29,1697,shot
che-adams,https://www.sofascore.com/moldova-scotland/VTbsHVb#id:9223896,scotland,miss,No information,regular,4.4,48.2,0,right-foot,right,0,29.4,11.1,No information,No information,16,No information,950,48.2,4.4,70.6,0,70.6,88.9,30,1750,shot
stuart-armstrong,https://www.sofascore.com/moldova-scotland/VTbsHVb#id:9223896,scotland,save,No information,assisted,6.3,30.1,0,left-foot,low-left,0,53.6,19,No information,No information,16,No information,948,30.1,6.3,46.4,0,46.4,81,30,1752,shot
stuart-armstrong,https://www.sofascore.com/moldova-scotland/VTbsHVb#id:9223896,scotland,block,No information,assisted,13.1,37.1,0,left-foot,low-right,0,47.8,19,No information,No information,10,No information,552,37.1,13.1,52.2,0,52.2,81,36,2148,shot
gilmour-billy,https://www.sofascore.com/moldova-scotland/VTbsHVb#id:9223896,scotland,save,No information,regular,18.5,48.7,0,right-foot,low-left,0,52.8,15.2,No information,No information,10,No information,548,48.7,18.5,47.2,0,47.2,84.8,36,2152,shot
stuart-armstrong,https://www.sofascore.com/moldova-scotland/VTbsHVb#id:9223896,scotland,save,No information,assisted,11.4,32.2,0,right-foot,low-left,0,52.6,3.8,No information,No information,6,No information,317,32.2,11.4,47.4,0,47.4,96.2,40,2383,shot
artur-ionita,https://www.sofascore.com/moldova-scotland/VTbsHVb#id:9223896,moldova,miss,No information,assisted,10.8,33.8,0,left-foot,right,0,39,11.1,No information,No information,5,No information,268,33.8,10.8,61,0,61,88.9,41,2432,shot

callum-mcgregor,https://www.sofascore.com/switzerland-scotland/VTbsZTb#id:11873903,scotland,miss,No information,regular,20.3,40.8,0,left-foot,high,0,51.3,80.6,No information,No information,90,1,5454,40.8,20.3,48.7,0,48.7,19.4,1,846,shot
zeki-amdouni,https://www.sofascore.com/switzerland-scotland/VTbsZTb#id:11873903,switzerland,miss,No information,set-piece,7.1,45.2,0,head,close-left,0,58,11.1,No information,No information,90,No information,5351,45.2,7.1,42,0,42,88.9,1,49,shot
kenny-mclean,https://www.sofascore.com/switzerland-scotland/VTbsZTb#id:11873903,scotland,save,No information,set-piece,20.3,74.6,0,left-foot,low-right,0,47.6,3.8,No information,No information,87,No information,5173,74.6,20.3,52.4,0,52.4,96.2,4,227,shot
scott-mctominay,https://www.sofascore.com/switzerland-scotland/VTbsZTb#id:11873903,scotland,block,No information,assisted,12.3,53.8,0,right-foot,low-centre,0,48.7,19,No information,No information,81,No information,4848,53.8,12.3,51.3,0,51.3,81,10,552,shot
scott-mctominay,https://www.sofascore.com/switzerland-scotland/VTbsZTb#id:11873903,scotland,block,No information,assisted,12.3,56.6,0,right-foot,low-centre,0,48.9,19,No information,No information,81,No information,4846,56.6,12.3,51.1,0,51.1,81,10,554,shot
scott-mctominay,https://www.sofascore.com/switzerland-scotland/VTbsZTb#id:11873903,scotland,miss,No information,assisted,10.8,55.6,0,head,right,0,6.7,5.6,No information,No information,81,No information,4843,55.6,10.8,93.3,0,93.3,94.4,10,557,shot
dan-ndoye,https://www.sofascore.com/switzerland-scotland/VTbsZTb#id:11873903,switzerland,miss,No information,assisted,9.7,30,0,right-foot,high,0,48.6,69.4,No information,No information,78,No information,4642,30,9.7,51.4,0,51.4,30.6,13,758,shot
gilmour-billy,https://www.sofascore.com/switzerland-scotland/VTbsZTb#id:11873903,scotland,block,No information,corner,8.8,39.2,0,head,low-left,0,53.2,19,No information,No information,76,No information,4525,39.2,8.8,46.8,0,46.8,81,15,875,shot
scott-mckenna,https://www.sofascore.com/switzerland-scotland/VTbsZTb#id:11873903,scotland,miss,No information,set-piece,14.1,48.5,0,head,high,0,45.4,75,No information,No information,74,No information,4396,48.5,14.1,54.6,0,54.6,25,17,1004,shot
grant-hanley,https://www.sofascore.com/switzerland-scotland/VTbsZTb#id:11873903,scotland,post,No information,set-piece,4.9,48.1,0,head,left,0,55.2,9.5,No information,No information,67,No information,3974,48.1,4.9,44.8,0,44.8,90.5,24,1426,shot
gilmour-billy,https://www.sofascore.com/switzerland-scotland/VTbsZTb#id:11873903,scotland,block,No information,assisted,26.3,59.2,0,right-foot,low-centre,0,48.2,19,No information,No information,65,No information,3871,59.2,26.3,51.8,0,51.8,81,26,1529,shot
ruben-vargas,https://www.sofascore.com/switzerland-scotland/VTbsZTb#id:11873903,switzerland,miss,No information,assisted,12.5,32.2,0,right-foot,high-right,0,39.2,62.5,No information,No information,64,No information,3807,32.2,12.5,60.8,0,60.8,37.5,27,1593,shot
dan-ndoye,https://www.sofascore.com/switzerland-scotland/VTbsZTb#id:11873903,switzerland,miss,No information,assisted,15.9,47.8,0,right-foot,close-left,0,57.5,6.9,No information,No information,58,No information,3478,47.8,15.9,42.5,0,42.5,93.1,33,1922,shot
ruben-vargas,https://www.sofascore.com/switzerland-scotland/VTbsZTb#id:11873903,switzerland,save,No information,assisted,15,30.3,0,right-foot,low-centre,0,51.5,3.2,No information,No information,56,No information,3345,30.3,15,48.5,0,48.5,96.8,35,2055,shot
granit-xhaka,https://www.sofascore.com/switzerland-scotland/VTbsZTb#id:11873903,switzerland,save,No information,assisted,14.6,32.2,0,left-foot,low-right,0,47.5,16.5,No information,No information,42,No information,2487,32.2,14.6,52.5,0,52.5,83.5,4,213,shot
che-adams,https://www.sofascore.com/switzerland-scotland/VTbsZTb#id:11873903,scotland,save,No information,corner,2.7,59.7,0,right-foot,low-right,0,45.8,7.6,No information,No information,41,No information,2442,59.7,2.7,54.2,0,54.2,92.4,5,258,shot
jack-hendry,https://www.sofascore.com/switzerland-scotland/VTbsZTb#id:11873903,scotland,miss,No information,set-piece,11.4,49,0,head,left,0,64.9,27.8,No information,No information,38,No information,2264,49,11.4,35.1,0,35.1,72.2,8,436,shot
dan-ndoye,https://www.sofascore.com/switzerland-scotland/VTbsZTb#id:11873903,switzerland,save,No information,assisted,8.9,37.8,0,right-foot,low-right,0,47.7,15.2,No information,No information,32,No information,1903,37.8,8.9,52.3,0,52.3,84.8,14,797,shot
dan-ndoye,https://www.sofascore.com/switzerland-scotland/VTbsZTb#id:11873903,switzerland,block,No information,assisted,8.3,45,0,right-foot,low-right,0,46.9,19,No information,No information,30,No information,1767,45,8.3,53.1,0,53.1,81,16,933,shot
silvan-widmer,https://www.sofascore.com/switzerland-scotland/VTbsZTb#id:11873903,switzerland,miss,No information,regular,14.4,65.4,0,right-foot,high,0,45.7,68.1,No information,No information,28,No information,1677,65.4,14.4,54.3,0,54.3,31.9,18,1023,shot
xherdan-shaqiri,https://www.sofascore.com/switzerland-scotland/VTbsZTb#id:11873903,switzerland,goal,regular,regular,20.8,37,0,left-foot,high-left,0,54.1,27.8,No information,No information,26,No information,1533,37,20.8,45.9,0,45.9,72.2,20,1167,shot
ricardo-rodriguez,https://www.sofascore.com/switzerland-scotland/VTbsZTb#id:11873903,switzerland,miss,No information,corner,17.9,48.9,0,left-foot,close-right,0,41,15.3,No information,No information,16,No information,934,48.9,17.9,59,0,59,84.7,30,1766,shot
scott-mctominay,https://www.sofascore.com/switzerland-scotland/VTbsZTb#id:11873903,scotland,goal,regular,fast-break,14.5,39.6,0,left-foot,high-left,0,53.8,29.1,No information,No information,13,No information,757,39.6,14.5,46.2,0,46.2,70.9,33,1943,shot

rodri,https://www.sofascore.com/spain-scotland/VTbsYTb#id:10752507,spain,save,No information,assisted,19.5,25.8,0,left-foot,low-centre,0,48.4,1.3,No information,No information,90,5,5699,25.8,19.5,51.6,0,51.6,98.7,1,601,shot
che-adams,https://www.sofascore.com/spain-scotland/VTbsYTb#id:10752507,scotland,miss,No information,set-piece,8,47.2,0,right-foot,close-right,0,40.8,8.3,No information,No information,90,1,5420,47.2,8,59.2,0,59.2,91.7,1,880,shot
oihan-sancet,https://www.sofascore.com/spain-scotland/VTbsYTb#id:10752507,spain,goal,regular,regular,7.1,53.4,0,right-foot,low-right,0,47.8,3.8,No information,No information,86,No information,5131,53.4,7.1,52.2,0,52.2,96.2,5,269,shot
oihan-sancet,https://www.sofascore.com/spain-scotland/VTbsYTb#id:10752507,spain,block,No information,assisted,8.6,54.2,0,left-foot,low-centre,0,50.9,19,No information,No information,86,No information,5129,54.2,8.6,49.1,0,49.1,81,5,271,shot
joselu,https://www.sofascore.com/spain-scotland/VTbsYTb#id:10752507,spain,block,No information,regular,9.4,67.4,0,right-foot,low-centre,0,48.6,19,No information,No information,85,No information,5054,67.4,9.4,51.4,0,51.4,81,6,346,shot
stuart-armstrong,https://www.sofascore.com/spain-scotland/VTbsYTb#id:10752507,scotland,block,No information,throw-in-set-piece,5.8,53.9,0,right-foot,low-centre,0,49.5,19,No information,No information,83,No information,4957,53.9,5.8,50.5,0,50.5,81,8,443,shot
hickey-aaron,https://www.sofascore.com/spain-scotland/VTbsYTb#id:10752507,scotland,miss,No information,assisted,10.7,40.2,0,right-foot,right,0,36.5,4.2,No information,No information,81,No information,4838,40.2,10.7,63.5,0,63.5,95.8,10,562,shot
che-adams,https://www.sofascore.com/spain-scotland/VTbsYTb#id:10752507,scotland,save,No information,assisted,7.3,50.1,0,right-foot,low-centre,0,49,5.1,No information,No information,81,No information,4839,50.1,7.3,51,0,51,94.9,10,561,shot
alvaro-morata,https://www.sofascore.com/spain-scotland/VTbsYTb#id:10752507,spain,goal,regular,assisted,5.6,52,0,head,low-left,0,53.1,15.8,No information,No information,73,No information,4372,52,5.6,46.9,0,46.9,84.2,18,1028,shot
alvaro-morata,https://www.sofascore.com/spain-scotland/VTbsYTb#id:10752507,spain,miss,No information,assisted,7,51.5,0,head,high,0,52.1,63.9,No information,No information,67,No information,3962,51.5,7,47.9,0,47.9,36.1,24,1438,shot
gavi,https://www.sofascore.com/spain-scotland/VTbsYTb#id:10752507,spain,miss,No information,corner,14.3,51.6,0,right-foot,left,0,61,12.5,No information,No information,63,No information,3753,51.6,14.3,39,0,39,87.5,28,1647,shot
alvaro-morata,https://www.sofascore.com/spain-scotland/VTbsYTb#id:10752507,spain,miss,No information,regular,6.1,32.1,0,right-foot,close-right,0,43,37.5,No information,No information,56,No information,3313,32.1,6.1,57,0,57,62.5,35,2087,shot
bryan-zaragoza,https://www.sofascore.com/spain-scotland/VTbsYTb#id:10752507,spain,miss,No information,assisted,24.4,29.9,0,right-foot,high-right,0,40.5,70.8,No information,No information,49,No information,2888,29.9,24.4,59.5,0,59.5,29.2,42,2512,shot
mikel-merino,https://www.sofascore.com/spain-scotland/VTbsYTb#id:10752507,spain,block,No information,regular,13.2,66.4,0,left-foot,low-centre,0,48.2,19,No information,No information,45,No information,2665,66.4,13.2,51.8,0,51.8,81,1,35,shot
daniel-carvajal,https://www.sofascore.com/spain-scotland/VTbsYTb#id:10752507,spain,block,No information,assisted,17.4,70.2,0,left-foot,low-centre,0,50.7,19,No information,No information,45,No information,2661,70.2,17.4,49.3,0,49.3,81,1,39,shot
mikel-merino,https://www.sofascore.com/spain-scotland/VTbsYTb#id:10752507,spain,post,No information,regular,13.9,63.5,0,left-foot,left,0,54.9,3.2,No information,No information,34,No information,2015,63.5,13.9,45.1,0,45.1,96.8,12,685,shot
mikel-oyarzabal,https://www.sofascore.com/spain-scotland/VTbsYTb#id:10752507,spain,block,No information,assisted,9.9,56.1,0,right-foot,low-right,0,47.9,19,No information,No information,34,No information,2014,56.1,9.9,52.1,0,52.1,81,12,686,shot
mikel-oyarzabal,https://www.sofascore.com/spain-scotland/VTbsYTb#id:10752507,spain,miss,No information,assisted,11.7,33.7,0,left-foot,high,0,54.3,80.6,No information,No information,20,No information,1170,33.7,11.7,45.7,0,45.7,19.4,26,1530,shot
mikel-oyarzabal,https://www.sofascore.com/spain-scotland/VTbsYTb#id:10752507,spain,save,No information,assisted,17.4,50.5,0,right-foot,low-right,0,46.4,12.7,No information,No information,17,No information,1006,50.5,17.4,53.6,0,53.6,87.3,29,1694,shot
alejandro-balde,https://www.sofascore.com/spain-scotland/VTbsYTb#id:10752507,spain,block,No information,assisted,11.8,27.9,0,right-foot,low-centre,0,50.6,19,No information,No information,12,No information,700,27.9,11.8,49.4,0,49.4,81,34,2000,shot
alvaro-morata,https://www.sofascore.com/spain-scotland/VTbsYTb#id:10752507,spain,miss,No information,corner,3.6,58.5,0,head,high-right,0,43.2,63.9,No information,No information,4,No information,238,58.5,3.6,56.8,0,56.8,36.1,42,2462,shot
ferran-torres,https://www.sofascore.com/spain-scotland/VTbsYTb#id:10752507,spain,miss,No information,assisted,11.8,50.3,0,left-foot,close-right,0,41.8,6.9,No information,No information,2,No information,68,50.3,11.8,58.2,0,58.2,93.1,44,2632,shot
