Player,Game Link,Country,shotType,goalType,situation,X,Y,Z,bodyPart,goalMouthLocation,Goal Mouth X,Goal mouth Y,Goal Mouth Z,XG,XGOT,time,addedTime,timeSeconds,Start X,Start Y,End X,End Y,Goal X,Goal Y,reversedPeriodTime,reversedPeriodTimeSeconds,incidentType
sandi-lovric,https://www.sofascore.com/sweden-slovenia/JObsNTb#id:10023424,slovenia,post,No information,fast-break,12.2,65.3,0,right-foot,left,0,55.7,3.8,No information,No information,90,4,5611,65.3,12.2,44.3,0,44.3,96.2,1,689,shot
anthony-elanga,https://www.sofascore.com/sweden-slovenia/JObsNTb#id:10023424,sweden,block,No information,assisted,19.7,66.1,0,right-foot,low-centre,0,50.8,19,No information,No information,85,No information,5069,66.1,19.7,49.2,0,49.2,81,6,331,shot
emil-forsberg,https://www.sofascore.com/sweden-slovenia/JObsNTb#id:10023424,sweden,miss,No information,set-piece,22.2,37,0,right-foot,high-left,0,59.3,95.8,No information,No information,82,No information,4886,37,22.2,40.7,0,40.7,4.2,9,514,shot
petar-stojanovic,https://www.sofascore.com/sweden-slovenia/JObsNTb#id:10023424,slovenia,miss,No information,corner,23.7,70.3,0,right-foot,high,0,46.4,72.2,No information,No information,75,No information,4477,70.3,23.7,53.6,0,53.6,27.8,16,923,shot
domen-crnigoj,https://www.sofascore.com/sweden-slovenia/JObsNTb#id:10023424,slovenia,save,No information,assisted,21.5,31.5,0,right-foot,high-centre,0,51.5,25.9,No information,No information,74,No information,4432,31.5,21.5,48.5,0,48.5,74.1,17,968,shot
jon-gorenc-stankovic,https://www.sofascore.com/sweden-slovenia/JObsNTb#id:10023424,slovenia,miss,No information,assisted,4.3,50.9,0,head,right,0,35.8,2.8,No information,No information,65,No information,3864,50.9,4.3,64.2,0,64.2,97.2,26,1536,shot
gregor-sikosek,https://www.sofascore.com/sweden-slovenia/JObsNTb#id:10023424,slovenia,block,No information,assisted,9,29.4,0,left-foot,low-left,0,52.5,19,No information,No information,64,No information,3788,29.4,9,47.5,0,47.5,81,27,1612,shot
viktor-claesson,https://www.sofascore.com/sweden-slovenia/JObsNTb#id:10023424,sweden,save,No information,assisted,9.6,62.3,0,right-foot,low-right,0,45.5,4.4,No information,No information,61,No information,3651,62.3,9.6,54.5,0,54.5,95.6,30,1749,shot
robin-quaison,https://www.sofascore.com/sweden-slovenia/JObsNTb#id:10023424,sweden,miss,No information,assisted,10.6,53.1,0,head,left,0,99.8,6.9,No information,No information,61,No information,3603,53.1,10.6,0.2,0,0.2,93.1,30,1797,shot
miha-blazic,https://www.sofascore.com/sweden-slovenia/JObsNTb#id:10023424,slovenia,miss,No information,corner,13.2,55,0,head,left,0,60.5,19.4,No information,No information,60,No information,3558,55,13.2,39.5,0,39.5,80.6,31,1842,shot
joel-andersson,https://www.sofascore.com/sweden-slovenia/JObsNTb#id:10023424,sweden,block,No information,corner,28.7,53.6,0,right-foot,low-left,0,53.9,19,No information,No information,58,No information,3426,53.6,28.7,46.1,0,46.1,81,33,1974,shot
viktor-claesson,https://www.sofascore.com/sweden-slovenia/JObsNTb#id:10023424,sweden,miss,No information,regular,9.5,57,0,right-foot,left,0,65.4,5.6,No information,No information,47,No information,2783,57,9.5,34.6,0,34.6,94.4,44,2617,shot
dejan-kulusevski,https://www.sofascore.com/sweden-slovenia/JObsNTb#id:10023424,sweden,save,No information,assisted,13.8,28.8,0,left-foot,low-right,0,46.3,13.9,No information,No information,47,No information,2780,28.8,13.8,53.7,0,53.7,86.1,44,2620,shot
emil-forsberg,https://www.sofascore.com/sweden-slovenia/JObsNTb#id:10023424,sweden,goal,regular,fast-break,17.6,48.4,0,right-foot,low-right,0,45.8,3.8,No information,No information,42,No information,2462,48.4,17.6,54.2,0,54.2,96.2,4,238,shot
viktor-claesson,https://www.sofascore.com/sweden-slovenia/JObsNTb#id:10023424,sweden,save,No information,assisted,12.1,57.3,0,head,high-centre,0,50,20.3,No information,No information,36,No information,2152,57.3,12.1,50,0,50,79.7,10,548,shot
viktor-claesson,https://www.sofascore.com/sweden-slovenia/JObsNTb#id:10023424,sweden,miss,No information,regular,9.2,58.5,0,right-foot,close-right,0,42.2,2.8,No information,No information,31,No information,1824,58.5,9.2,57.8,0,57.8,97.2,15,876,shot
viktor-claesson,https://www.sofascore.com/sweden-slovenia/JObsNTb#id:10023424,sweden,block,No information,regular,8.5,66,0,right-foot,low-left,0,52.7,19,No information,No information,31,No information,1822,66,8.5,47.3,0,47.3,81,15,878,shot
jan-mlakar,https://www.sofascore.com/sweden-slovenia/JObsNTb#id:10023424,slovenia,save,No information,regular,7.6,41.2,0,left-foot,low-centre,0,50.9,8.9,No information,No information,30,No information,1796,41.2,7.6,49.1,0,49.1,91.1,16,904,shot
benjamin-sesko,https://www.sofascore.com/sweden-slovenia/JObsNTb#id:10023424,slovenia,save,No information,assisted,26.9,57.2,0,right-foot,low-left,0,52.9,0.6,No information,No information,30,No information,1794,57.2,26.9,47.1,0,47.1,99.4,16,906,shot
benjamin-sesko,https://www.sofascore.com/sweden-slovenia/JObsNTb#id:10023424,slovenia,goal,regular,assisted,8,30.4,0,left-foot,high-right,0,46.1,25.3,No information,No information,28,No information,1635,30.4,8,53.9,0,53.9,74.7,18,1065,shot
emil-forsberg,https://www.sofascore.com/sweden-slovenia/JObsNTb#id:10023424,sweden,save,No information,free-kick,28.9,42.1,0,right-foot,high-centre,0,49.5,26.6,No information,No information,24,No information,1410,42.1,28.9,50.5,0,50.5,73.4,22,1290,shot
petar-stojanovic,https://www.sofascore.com/sweden-slovenia/JObsNTb#id:10023424,slovenia,save,No information,assisted,13.9,40.1,0,left-foot,high-left,0,53.7,29.7,No information,No information,12,No information,690,40.1,13.9,46.3,0,46.3,70.3,34,2010,shot
benjamin-sesko,https://www.sofascore.com/sweden-slovenia/JObsNTb#id:10023424,slovenia,save,No information,assisted,10.1,37.6,0,left-foot,low-centre,0,50.9,7.6,No information,No information,12,No information,679,37.6,10.1,49.1,0,49.1,92.4,34,2021,shot
emil-forsberg,https://www.sofascore.com/sweden-slovenia/JObsNTb#id:10023424,sweden,block,No information,regular,22.9,54.8,0,left-foot,low-centre,0,48.2,19,No information,No information,8,No information,457,54.8,22.9,51.8,0,51.8,81,38,2243,shot
dejan-kulusevski,https://www.sofascore.com/sweden-slovenia/JObsNTb#id:10023424,sweden,block,No information,assisted,12.7,66.7,0,left-foot,low-centre,0,49.5,19,No information,No information,6,No information,340,66.7,12.7,50.5,0,50.5,81,40,2360,shot
viktor-claesson,https://www.sofascore.com/sweden-slovenia/JObsNTb#id:10023424,sweden,miss,No information,assisted,14.8,75.7,0,right-foot,close-left,0,57.5,22.2,No information,No information,1,No information,49,75.7,14.8,42.5,0,42.5,77.8,45,2651,shot

adam-gnezda-cerin,https://www.sofascore.com/northern-ireland-slovenia/JObsLVb#id:10752551,slovenia,save,No information,assisted,16.5,25.4,0,right-foot,low-left,0,53.6,18.4,No information,No information,90,5,5673,25.4,16.5,46.4,0,46.4,81.6,1,627,shot
benjamin-sesko,https://www.sofascore.com/northern-ireland-slovenia/JObsLVb#id:10752551,slovenia,save,No information,assisted,19.4,65.5,0,left-foot,low-centre,0,48.5,6.3,No information,No information,86,No information,5101,65.5,19.4,51.5,0,51.5,93.7,5,299,shot
george-saville,https://www.sofascore.com/northern-ireland-slovenia/JObsLVb#id:10752551,northern ireland,save,No information,assisted,14.1,53.3,0,left-foot,low-centre,0,51.1,5.1,No information,No information,83,No information,4946,53.3,14.1,48.9,0,48.9,94.9,8,454,shot
dion-charles,https://www.sofascore.com/northern-ireland-slovenia/JObsLVb#id:10752551,northern ireland,miss,No information,assisted,14.8,34.8,0,left-foot,left,0,68.4,29.2,No information,No information,78,No information,4670,34.8,14.8,31.6,0,31.6,70.8,13,730,shot
jan-mlakar,https://www.sofascore.com/northern-ireland-slovenia/JObsLVb#id:10752551,slovenia,miss,No information,assisted,10.6,58.4,0,right-foot,left,0,69.2,6.9,No information,No information,72,No information,4311,58.4,10.6,30.8,0,30.8,93.1,19,1089,shot
george-saville,https://www.sofascore.com/northern-ireland-slovenia/JObsLVb#id:10752551,northern ireland,save,No information,assisted,13.6,59.1,0,right-foot,low-right,0,46.2,3.2,No information,No information,70,No information,4158,59.1,13.6,53.8,0,53.8,96.8,21,1242,shot
timi-max-elsnik,https://www.sofascore.com/northern-ireland-slovenia/JObsLVb#id:10752551,slovenia,block,No information,regular,27.2,45.9,0,left-foot,low-left,0,54.7,19,No information,No information,62,No information,3665,45.9,27.2,45.3,0,45.3,81,29,1735,shot
timi-max-elsnik,https://www.sofascore.com/northern-ireland-slovenia/JObsLVb#id:10752551,slovenia,miss,No information,regular,20.9,22.7,0,left-foot,high-left,0,56.1,63.9,No information,No information,57,No information,3403,22.7,20.9,43.9,0,43.9,36.1,34,1997,shot
petar-stojanovic,https://www.sofascore.com/northern-ireland-slovenia/JObsLVb#id:10752551,slovenia,save,No information,assisted,8.4,74.2,0,right-foot,low-left,0,51.9,4.4,No information,No information,30,No information,1785,74.2,8.4,48.1,0,48.1,95.6,16,915,shot
jamal-lewis,https://www.sofascore.com/northern-ireland-slovenia/JObsLVb#id:10752551,northern ireland,miss,No information,throw-in-set-piece,19.2,45.4,0,right-foot,close-left,0,58.5,8.3,No information,No information,18,No information,1072,45.4,19.2,41.5,0,41.5,91.7,28,1628,shot
shea-charles,https://www.sofascore.com/northern-ireland-slovenia/JObsLVb#id:10752551,northern ireland,block,No information,corner,16.1,73.4,0,right-foot,low-left,0,53.4,19,No information,No information,13,No information,764,73.4,16.1,46.6,0,46.6,81,33,1936,shot
paul-smyth,https://www.sofascore.com/northern-ireland-slovenia/JObsLVb#id:10752551,northern ireland,block,No information,regular,8.3,69.6,0,right-foot,low-right,0,47.1,19,No information,No information,13,No information,723,69.6,8.3,52.9,0,52.9,81,33,1977,shot
petar-stojanovic,https://www.sofascore.com/northern-ireland-slovenia/JObsLVb#id:10752551,slovenia,miss,No information,regular,30.9,69,0,right-foot,high,0,49.2,77.8,No information,No information,8,No information,456,69,30.9,50.8,0,50.8,22.2,38,2244,shot
adam-gnezda-cerin,https://www.sofascore.com/northern-ireland-slovenia/JObsLVb#id:10752551,slovenia,goal,regular,free-kick,19.7,42.5,0,right-foot,high-right,0,46.8,23.4,No information,No information,5,No information,269,42.5,19.7,53.2,0,53.2,76.6,41,2431,shot

benjamin-sesko,https://www.sofascore.com/russia-slovenia/JObsUTb#id:9223890,slovenia,block,No information,assisted,12.4,58.2,0,head,low-centre,0,51.5,19,No information,No information,90,7,5777,58.2,12.4,48.5,0,48.5,81,1,523,shot
luka-zahovic,https://www.sofascore.com/russia-slovenia/JObsUTb#id:9223890,slovenia,miss,No information,assisted,12.5,49.7,0,head,right,0,35,19.4,No information,No information,89,No information,5318,49.7,12.5,65,0,65,80.6,2,82,shot
benjamin-sesko,https://www.sofascore.com/russia-slovenia/JObsUTb#id:9223890,slovenia,miss,No information,assisted,10.1,47.4,0,right-foot,close-high-left,0,57.5,44.4,No information,No information,85,No information,5098,47.4,10.1,42.5,0,42.5,55.6,6,302,shot
benjamin-sesko,https://www.sofascore.com/russia-slovenia/JObsUTb#id:9223890,slovenia,save,No information,set-piece,14.6,48.8,0,right-foot,low-left,0,52.8,15.2,No information,No information,80,No information,4754,48.8,14.6,47.2,0,47.2,84.8,11,646,shot
benjamin-sesko,https://www.sofascore.com/russia-slovenia/JObsUTb#id:9223890,slovenia,miss,No information,assisted,11.1,41.9,0,head,right,0,29.2,6.9,No information,No information,75,No information,4467,41.9,11.1,70.8,0,70.8,93.1,16,933,shot
sandi-lovric,https://www.sofascore.com/russia-slovenia/JObsUTb#id:9223890,slovenia,block,No information,assisted,12.1,61.6,0,left-foot,low-centre,0,51.7,19,No information,No information,71,No information,4244,61.6,12.1,48.3,0,48.3,81,20,1156,shot
fedor-smolov,https://www.sofascore.com/russia-slovenia/JObsUTb#id:9223890,russia,block,No information,assisted,10.1,35.5,0,right-foot,low-centre,0,49.6,19,No information,No information,66,No information,3941,35.5,10.1,50.4,0,50.4,81,25,1459,shot
andraz-sporar,https://www.sofascore.com/russia-slovenia/JObsUTb#id:9223890,slovenia,miss,No information,assisted,9,63.7,0,right-foot,left,0,99.8,23.6,No information,No information,65,No information,3854,63.7,9,0.2,0,0.2,76.4,26,1546,shot
benjamin-sesko,https://www.sofascore.com/russia-slovenia/JObsUTb#id:9223890,slovenia,miss,No information,assisted,12.1,41.8,0,head,right,0,0.7,29.2,No information,No information,65,No information,3852,41.8,12.1,99.3,0,99.3,70.8,26,1548,shot
bakaev-zelimkhan,https://www.sofascore.com/russia-slovenia/JObsUTb#id:9223890,russia,save,No information,assisted,18.1,33,0,left-foot,low-left,0,52.2,10.8,No information,No information,64,No information,3816,33,18.1,47.8,0,47.8,89.2,27,1584,shot
dmitriy-barinov,https://www.sofascore.com/russia-slovenia/JObsUTb#id:9223890,russia,miss,No information,corner,8.4,43.7,0,head,left,0,60.2,12.5,No information,No information,59,No information,3517,43.7,8.4,39.8,0,39.8,87.5,32,1883,shot
andraz-sporar,https://www.sofascore.com/russia-slovenia/JObsUTb#id:9223890,slovenia,block,No information,regular,17.8,55.7,0,right-foot,low-centre,0,51.4,19,No information,No information,45,3,2869,55.7,17.8,48.6,0,48.6,81,1,2531,shot
jasmin-kurtic,https://www.sofascore.com/russia-slovenia/JObsUTb#id:9223890,slovenia,miss,No information,free-kick,12.4,18.8,0,right-foot,high,0,47.1,69.4,No information,No information,45,3,2831,18.8,12.4,52.9,0,52.9,30.6,1,2569,shot
fedor-smolov,https://www.sofascore.com/russia-slovenia/JObsUTb#id:9223890,russia,save,No information,assisted,22.2,25.8,0,right-foot,low-right,0,47.3,12,No information,No information,45,1,2750,25.8,22.2,52.7,0,52.7,88,1,2650,shot
benjamin-verbic,https://www.sofascore.com/russia-slovenia/JObsUTb#id:9223890,slovenia,block,No information,set-piece,4.3,47.8,0,head,low-centre,0,48.9,19,No information,No information,43,No information,2526,47.8,4.3,51.1,0,51.1,81,3,174,shot
josip-ilicic,https://www.sofascore.com/russia-slovenia/JObsUTb#id:9223890,slovenia,goal,regular,assisted,15.5,58.5,0,left-foot,low-left,0,52.9,5.7,No information,No information,40,No information,2353,58.5,15.5,47.1,0,47.1,94.3,6,347,shot
andraz-sporar,https://www.sofascore.com/russia-slovenia/JObsUTb#id:9223890,slovenia,save,No information,set-piece,8.7,54.6,0,head,low-centre,0,49.1,17.1,No information,No information,35,No information,2084,54.6,8.7,50.9,0,50.9,82.9,11,616,shot
andraz-sporar,https://www.sofascore.com/russia-slovenia/JObsUTb#id:9223890,slovenia,save,No information,regular,7.8,29.9,0,right-foot,low-left,0,52.3,5.1,No information,No information,33,No information,1963,29.9,7.8,47.7,0,47.7,94.9,13,737,shot
georgiy-dzhikiya,https://www.sofascore.com/russia-slovenia/JObsUTb#id:9223890,russia,goal,regular,corner,8,45.7,0,left-foot,high-left,0,52.6,24.7,No information,No information,32,No information,1890,45.7,8,47.4,0,47.4,75.3,14,810,shot
daler-kuzyaev,https://www.sofascore.com/russia-slovenia/JObsUTb#id:9223890,russia,save,No information,assisted,3.5,69.3,0,right-foot,high-right,0,46.1,27.2,No information,No information,31,No information,1856,69.3,3.5,53.9,0,53.9,72.8,15,844,shot
igor-diveev,https://www.sofascore.com/russia-slovenia/JObsUTb#id:9223890,russia,goal,regular,set-piece,4.5,50,0,head,high-right,0,46.4,24.7,No information,No information,28,No information,1628,50,4.5,53.6,0,53.6,75.3,18,1072,shot
dmitriy-barinov,https://www.sofascore.com/russia-slovenia/JObsUTb#id:9223890,russia,block,No information,regular,23.4,50.5,0,right-foot,low-centre,0,51.1,19,No information,No information,19,No information,1134,50.5,23.4,48.9,0,48.9,81,27,1566,shot
fedor-smolov,https://www.sofascore.com/russia-slovenia/JObsUTb#id:9223890,russia,block,No information,assisted,14.3,43.1,0,left-foot,low-left,0,53.3,2.8,No information,No information,19,No information,1131,43.1,14.3,46.7,0,46.7,97.2,27,1569,shot
aleksey-sutormin,https://www.sofascore.com/russia-slovenia/JObsUTb#id:9223890,russia,save,No information,regular,5.2,68.5,0,right-foot,high-centre,0,51.5,22.2,No information,No information,19,No information,1125,68.5,5.2,48.5,0,48.5,77.8,27,1575,shot
daniil-fomin,https://www.sofascore.com/russia-slovenia/JObsUTb#id:9223890,russia,miss,No information,assisted,11.5,45.6,0,right-foot,high,0,49.9,63.9,No information,No information,17,No information,990,45.6,11.5,50.1,0,50.1,36.1,29,1710,shot
andraz-sporar,https://www.sofascore.com/russia-slovenia/JObsUTb#id:9223890,slovenia,save,No information,assisted,6.4,53.9,0,other,high-centre,0,49,30.4,No information,No information,15,No information,873,53.9,6.4,51,0,51,69.6,31,1827,shot

erling-haaland,https://www.sofascore.com/slovenia-norway/AObsJOb#id:10023435,norway,miss,No information,assisted,8,58.5,0,head,high,0,48.6,65.3,No information,No information,90,5,5679,58.5,8,51.4,0,51.4,34.7,1,621,shot
erling-haaland,https://www.sofascore.com/slovenia-norway/AObsJOb#id:10023435,norway,save,No information,regular,10.3,57,0,head,low-centre,0,50,19.6,No information,No information,90,3,5556,57,10.3,50,0,50,80.4,1,744,shot
sander-berge,https://www.sofascore.com/slovenia-norway/AObsJOb#id:10023435,norway,block,No information,corner,20.9,57.3,0,right-foot,low-right,0,47.1,19,No information,No information,87,No information,5198,57.3,20.9,52.9,0,52.9,81,4,202,shot
martin-odegaard,https://www.sofascore.com/slovenia-norway/AObsJOb#id:10023435,norway,save,No information,assisted,26.1,56.3,0,left-foot,low-right,0,47,12.7,No information,No information,87,No information,5178,56.3,26.1,53,0,53,87.3,4,222,shot
domen-crnigoj,https://www.sofascore.com/slovenia-norway/AObsJOb#id:10023435,slovenia,miss,No information,assisted,7.5,43.4,0,head,close-high-left,0,58,56.9,No information,No information,85,No information,5043,43.4,7.5,42,0,42,43.1,6,357,shot
sander-berge,https://www.sofascore.com/slovenia-norway/AObsJOb#id:10023435,norway,miss,No information,regular,22.2,42.1,0,right-foot,left,0,61.3,1.4,No information,No information,80,No information,4743,42.1,22.2,38.7,0,38.7,98.6,11,657,shot
david-brekalo,https://www.sofascore.com/slovenia-norway/AObsJOb#id:10023435,slovenia,save,No information,set-piece,9.4,46.8,0,head,low-right,0,47.7,13.9,No information,No information,77,No information,4568,46.8,9.4,52.3,0,52.3,86.1,14,832,shot
alexander-sorloth,https://www.sofascore.com/slovenia-norway/AObsJOb#id:10023435,norway,miss,No information,assisted,12.5,34.5,0,left-foot,high,0,55.1,70.8,No information,No information,75,No information,4473,34.5,12.5,44.9,0,44.9,29.2,16,927,shot
alexander-sorloth,https://www.sofascore.com/slovenia-norway/AObsJOb#id:10023435,norway,block,No information,assisted,17.8,38.4,0,left-foot,low-left,0,52.5,19,No information,No information,69,No information,4103,38.4,17.8,47.5,0,47.5,81,22,1297,shot
marcus-pedersen,https://www.sofascore.com/slovenia-norway/AObsJOb#id:10023435,norway,block,No information,regular,12.4,61.8,0,left-foot,low-centre,0,51,19,No information,No information,68,No information,4062,61.8,12.4,49,0,49,81,23,1338,shot
martin-odegaard,https://www.sofascore.com/slovenia-norway/AObsJOb#id:10023435,norway,post,No information,free-kick,21.8,52.8,0,left-foot,high,0,47,39.9,No information,No information,64,No information,3835,52.8,21.8,53,0,53,60.1,27,1565,shot
alexander-sorloth,https://www.sofascore.com/slovenia-norway/AObsJOb#id:10023435,norway,save,No information,assisted,7,48,0,head,low-centre,0,49.4,19,No information,No information,61,No information,3655,48,7,50.6,0,50.6,81,30,1745,shot
mohamed-elyounoussi,https://www.sofascore.com/slovenia-norway/AObsJOb#id:10023435,norway,miss,No information,assisted,13,31.2,0,right-foot,high-right,0,43.2,68.1,No information,No information,58,No information,3476,31.2,13,56.8,0,56.8,31.9,33,1924,shot
leo-ostigard,https://www.sofascore.com/slovenia-norway/AObsJOb#id:10023435,norway,save,No information,corner,9.4,47.9,0,head,low-centre,0,50.9,15.2,No information,No information,56,No information,3358,47.9,9.4,49.1,0,49.1,84.8,35,2042,shot
leo-ostigard,https://www.sofascore.com/slovenia-norway/AObsJOb#id:10023435,norway,miss,No information,corner,7.7,51.5,0,head,high,0,50.6,81.9,No information,No information,52,No information,3060,51.5,7.7,49.4,0,49.4,18.1,39,2340,shot
erling-haaland,https://www.sofascore.com/slovenia-norway/AObsJOb#id:10023435,norway,miss,No information,assisted,9.5,50.9,0,left-foot,left,0,72.3,6.9,No information,No information,48,No information,2860,50.9,9.5,27.7,0,27.7,93.1,43,2540,shot
erling-haaland,https://www.sofascore.com/slovenia-norway/AObsJOb#id:10023435,norway,save,No information,assisted,7.4,48.5,0,head,high-left,0,52.9,20.9,No information,No information,47,No information,2796,48.5,7.4,47.1,0,47.1,79.1,44,2604,shot
erling-haaland,https://www.sofascore.com/slovenia-norway/AObsJOb#id:10023435,norway,block,No information,corner,9,57.3,0,head,low-centre,0,51,19,No information,No information,39,No information,2307,57.3,9,49,0,49,81,7,393,shot
zan-celar,https://www.sofascore.com/slovenia-norway/AObsJOb#id:10023435,slovenia,save,No information,assisted,3,52.8,0,left-foot,low-centre,0,48.3,5.1,No information,No information,36,No information,2157,52.8,3,51.7,0,51.7,94.9,10,543,shot
fredrik-aursnes,https://www.sofascore.com/slovenia-norway/AObsJOb#id:10023435,norway,miss,No information,regular,19.8,66.4,0,right-foot,left,0,67.2,1.4,No information,No information,35,No information,2088,66.4,19.8,32.8,0,32.8,98.6,11,612,shot
jasmin-kurtic,https://www.sofascore.com/slovenia-norway/AObsJOb#id:10023435,slovenia,miss,No information,assisted,18.9,27.4,0,right-foot,close-high,0,49.7,55.6,No information,No information,32,No information,1882,27.4,18.9,50.3,0,50.3,44.4,14,818,shot
jasmin-kurtic,https://www.sofascore.com/slovenia-norway/AObsJOb#id:10023435,slovenia,save,No information,assisted,27.9,59.4,0,right-foot,high-centre,0,49.7,20.9,No information,No information,20,No information,1181,59.4,27.9,50.3,0,50.3,79.1,26,1519,shot
benjamin-verbic,https://www.sofascore.com/slovenia-norway/AObsJOb#id:10023435,slovenia,block,No information,regular,14.3,30.7,0,right-foot,low-centre,0,50.6,19,No information,No information,15,No information,862,30.7,14.3,49.4,0,49.4,81,31,1838,shot
joshua-king,https://www.sofascore.com/slovenia-norway/AObsJOb#id:10023435,norway,miss,No information,assisted,7.8,50.7,0,head,left,0,75.8,4.2,No information,No information,12,No information,711,50.7,7.8,24.2,0,24.2,95.8,34,1989,shot
benjamin-sesko,https://www.sofascore.com/slovenia-norway/AObsJOb#id:10023435,slovenia,block,No information,regular,11.1,59.4,0,right-foot,low-centre,0,49.3,19,No information,No information,8,No information,461,59.4,11.1,50.7,0,50.7,81,38,2239,shot
david-brekalo,https://www.sofascore.com/slovenia-norway/AObsJOb#id:10023435,slovenia,miss,No information,corner,8.8,47.2,0,head,left,0,63.9,15.3,No information,No information,5,No information,280,47.2,8.8,36.1,0,36.1,84.7,41,2420,shot

aleksandr-marochkin,https://www.sofascore.com/kazakhstan-slovenia/JObsxVb#id:10752363,kazakhstan,save,No information,set-piece,10.7,45.2,0,head,high-right,0,47.7,33.5,No information,No information,90,1,5433,45.2,10.7,52.3,0,52.3,66.5,1,867,shot
miha-zajc,https://www.sofascore.com/kazakhstan-slovenia/JObsxVb#id:10752363,slovenia,block,No information,assisted,14.5,71.1,0,left-foot,low-centre,0,51,19,No information,No information,85,No information,5070,71.1,14.5,49,0,49,81,6,330,shot
zan-vipotnik,https://www.sofascore.com/kazakhstan-slovenia/JObsxVb#id:10752363,slovenia,goal,regular,assisted,13.8,45.4,0,left-foot,high-right,0,46.7,22.2,No information,No information,78,No information,4639,45.4,13.8,53.3,0,53.3,77.8,13,761,shot
miha-zajc,https://www.sofascore.com/kazakhstan-slovenia/JObsxVb#id:10752363,slovenia,block,No information,assisted,10,59,0,right-foot,low-centre,0,49.5,19,No information,No information,75,No information,4440,59,10,50.5,0,50.5,81,16,960,shot
sandi-lovric,https://www.sofascore.com/kazakhstan-slovenia/JObsxVb#id:10752363,slovenia,miss,No information,assisted,14.7,47.2,0,right-foot,right,0,0.8,6.9,No information,No information,73,No information,4372,47.2,14.7,99.2,0,99.2,93.1,18,1028,shot
miha-zajc,https://www.sofascore.com/kazakhstan-slovenia/JObsxVb#id:10752363,slovenia,miss,No information,assisted,20.5,43.4,0,right-foot,close-right,0,41.7,36.1,No information,No information,71,No information,4253,43.4,20.5,58.3,0,58.3,63.9,20,1147,shot
askhat-tagybergen,https://www.sofascore.com/kazakhstan-slovenia/JObsxVb#id:10752363,kazakhstan,miss,No information,assisted,24.4,28.7,0,right-foot,left,0,66.2,4.2,No information,No information,67,No information,4010,28.7,24.4,33.8,0,33.8,95.8,24,1390,shot
maksim-samorodov,https://www.sofascore.com/kazakhstan-slovenia/JObsxVb#id:10752363,kazakhstan,block,No information,assisted,20.1,53.4,0,left-foot,low-centre,0,49.7,19,No information,No information,61,No information,3642,53.4,20.1,50.3,0,50.3,81,30,1758,shot
jon-gorenc-stankovic,https://www.sofascore.com/kazakhstan-slovenia/JObsxVb#id:10752363,slovenia,save,No information,regular,26.5,44.7,0,right-foot,low-centre,0,51.1,4.4,No information,No information,60,No information,3595,44.7,26.5,48.9,0,48.9,95.6,31,1805,shot
benjamin-verbic,https://www.sofascore.com/kazakhstan-slovenia/JObsxVb#id:10752363,slovenia,block,No information,assisted,20.4,35.9,0,right-foot,low-right,0,46,19,No information,No information,60,No information,3583,35.9,20.4,54,0,54,81,31,1817,shot
miha-zajc,https://www.sofascore.com/kazakhstan-slovenia/JObsxVb#id:10752363,slovenia,miss,No information,corner,5.8,68,0,right-foot,left,0,77.1,2.8,No information,No information,49,No information,2921,68,5.8,22.9,0,22.9,97.2,42,2479,shot
abat-aimbetov,https://www.sofascore.com/kazakhstan-slovenia/JObsxVb#id:10752363,kazakhstan,miss,No information,assisted,3.8,60.8,0,head,close-right,0,43.4,27.8,No information,No information,48,No information,2836,60.8,3.8,56.6,0,56.6,72.2,43,2564,shot
david-brekalo,https://www.sofascore.com/kazakhstan-slovenia/JObsxVb#id:10752363,slovenia,goal,regular,corner,6.8,43.1,0,head,low-right,0,47.8,19.6,No information,No information,47,No information,2766,43.1,6.8,52.2,0,52.2,80.4,44,2634,shot
jon-gorenc-stankovic,https://www.sofascore.com/kazakhstan-slovenia/JObsxVb#id:10752363,slovenia,block,No information,set-piece,7.4,45.2,0,head,low-left,0,52.8,19,No information,No information,45,No information,2671,45.2,7.4,47.2,0,47.2,81,1,29,shot
jaka-bijol,https://www.sofascore.com/kazakhstan-slovenia/JObsxVb#id:10752363,slovenia,save,No information,corner,5.4,51.8,0,head,low-right,0,47.7,14.6,No information,No information,38,No information,2273,51.8,5.4,52.3,0,52.3,85.4,8,427,shot
zan-celar,https://www.sofascore.com/kazakhstan-slovenia/JObsxVb#id:10752363,slovenia,save,No information,assisted,9.4,44.3,0,head,low-centre,0,50.3,3.2,No information,No information,36,No information,2152,44.3,9.4,49.7,0,49.7,96.8,10,548,shot
maksim-samorodov,https://www.sofascore.com/kazakhstan-slovenia/JObsxVb#id:10752363,kazakhstan,goal,regular,assisted,4.4,43.7,0,head,high-left,0,52.8,31.6,No information,No information,24,No information,1380,43.7,4.4,47.2,0,47.2,68.4,22,1320,shot
zan-celar,https://www.sofascore.com/kazakhstan-slovenia/JObsxVb#id:10752363,slovenia,block,No information,set-piece,8.3,59.6,0,left-foot,low-right,0,47,19,No information,No information,15,No information,841,59.6,8.3,53,0,53,81,31,1859,shot
david-brekalo,https://www.sofascore.com/kazakhstan-slovenia/JObsxVb#id:10752363,slovenia,miss,No information,set-piece,14.2,55.7,0,head,right,0,34.3,4.2,No information,No information,12,No information,716,55.7,14.2,65.7,0,65.7,95.8,34,1984,shot
jure-balkovec,https://www.sofascore.com/kazakhstan-slovenia/JObsxVb#id:10752363,slovenia,save,No information,free-kick,27.6,41.4,0,left-foot,low-left,0,53,13.3,No information,No information,2,No information,74,41.4,27.6,47,0,47,86.7,44,2626,shot

grzegorz-krychowiak,https://www.sofascore.com/poland-slovenia/JObsdUb#id:8079050,poland,miss,No information,assisted,22.4,75.6,0,right-foot,close-right,0,41.8,8.3,No information,No information,90,4,5594,75.6,22.4,58.2,0,58.2,91.7,1,706,shot
piotr-zielinski,https://www.sofascore.com/poland-slovenia/JObsdUb#id:8079050,poland,miss,No information,assisted,16.9,35.8,0,right-foot,close-left,0,58.8,5.6,No information,No information,90,3,5541,35.8,16.9,41.2,0,41.2,94.4,1,759,shot
jacek-goralski,https://www.sofascore.com/poland-slovenia/JObsdUb#id:8079050,poland,goal,regular,assisted,5,52.2,0,right-foot,low-centre,0,51,1.3,No information,No information,81,No information,4806,52.2,5,49,0,49,98.7,10,594,shot
grzegorz-krychowiak,https://www.sofascore.com/poland-slovenia/JObsdUb#id:8079050,poland,block,No information,assisted,23.5,60,0,right-foot,No information,No information,No information,No information,No information,No information,78,No information,4677,60,23.5,No information,No information,No information,No information,13,723,shot
grzegorz-krychowiak,https://www.sofascore.com/poland-slovenia/JObsdUb#id:8079050,poland,block,No information,regular,18.3,43,0,left-foot,No information,No information,No information,No information,No information,No information,76,No information,4509,43,18.3,No information,No information,No information,No information,15,891,shot
grzegorz-krychowiak,https://www.sofascore.com/poland-slovenia/JObsdUb#id:8079050,poland,block,No information,regular,19.5,49,0,right-foot,No information,No information,No information,No information,No information,No information,76,No information,4507,49,19.5,No information,No information,No information,No information,15,893,shot
jasmin-kurtic,https://www.sofascore.com/poland-slovenia/JObsdUb#id:8079050,slovenia,block,No information,assisted,23.9,30.7,0,right-foot,No information,No information,No information,No information,No information,No information,75,No information,4465,30.7,23.9,No information,No information,No information,No information,16,935,shot
benjamin-verbic,https://www.sofascore.com/poland-slovenia/JObsdUb#id:8079050,slovenia,miss,No information,assisted,23.2,36.4,0,right-foot,high,0,48.6,70.8,No information,No information,72,No information,4278,36.4,23.2,51.4,0,51.4,29.2,19,1122,shot
robert-lewandowski,https://www.sofascore.com/poland-slovenia/JObsdUb#id:8079050,poland,save,No information,regular,24.8,43.3,0,right-foot,low-right,0,46.1,19.6,No information,No information,67,No information,3977,43.3,24.8,53.9,0,53.9,80.4,24,1423,shot
josip-ilicic,https://www.sofascore.com/poland-slovenia/JObsdUb#id:8079050,slovenia,goal,regular,assisted,7.5,42.3,0,left-foot,high-centre,0,50.6,25.9,No information,No information,61,No information,3604,42.3,7.5,49.4,0,49.4,74.1,30,1796,shot
piotr-zielinski,https://www.sofascore.com/poland-slovenia/JObsdUb#id:8079050,poland,miss,No information,assisted,11.2,68.2,0,right-foot,left,0,60.7,8.3,No information,No information,59,No information,3534,68.2,11.2,39.3,0,39.3,91.7,32,1866,shot
piotr-zielinski,https://www.sofascore.com/poland-slovenia/JObsdUb#id:8079050,poland,save,No information,assisted,12.5,56.3,0,right-foot,high-right,0,48.1,21.5,No information,No information,57,No information,3361,56.3,12.5,51.9,0,51.9,78.5,34,2039,shot
robert-lewandowski,https://www.sofascore.com/poland-slovenia/JObsdUb#id:8079050,poland,goal,regular,assisted,11.7,71.7,0,right-foot,low-left,0,54.2,2.5,No information,No information,54,No information,3215,71.7,11.7,45.8,0,45.8,97.5,37,2185,shot
tim-matavz,https://www.sofascore.com/poland-slovenia/JObsdUb#id:8079050,slovenia,miss,No information,assisted,9.3,36.7,0,right-foot,high-left,0,58.7,65.3,No information,No information,52,No information,3119,36.7,9.3,41.3,0,41.3,34.7,39,2281,shot
benjamin-verbic,https://www.sofascore.com/poland-slovenia/JObsdUb#id:8079050,slovenia,block,No information,assisted,15,26.7,0,left-foot,No information,No information,No information,No information,No information,No information,52,No information,3098,26.7,15,No information,No information,No information,No information,39,2302,shot
benjamin-verbic,https://www.sofascore.com/poland-slovenia/JObsdUb#id:8079050,slovenia,save,No information,assisted,16.6,24.1,0,right-foot,low-centre,0,48.8,10.8,No information,No information,51,No information,3031,24.1,16.6,51.2,0,51.2,89.2,40,2369,shot
grzegorz-krychowiak,https://www.sofascore.com/poland-slovenia/JObsdUb#id:8079050,poland,save,No information,corner,8.1,34.6,0,left-foot,high-left,0,52.5,25.3,No information,No information,50,No information,2989,34.6,8.1,47.5,0,47.5,74.7,41,2411,shot
jan-bednarek,https://www.sofascore.com/poland-slovenia/JObsdUb#id:8079050,poland,miss,No information,corner,4.7,60.2,0,head,left,0,69.2,12.5,No information,No information,50,No information,2985,60.2,4.7,30.8,0,30.8,87.5,41,2415,shot
tim-matavz,https://www.sofascore.com/poland-slovenia/JObsdUb#id:8079050,slovenia,block,No information,assisted,20.8,64.6,0,left-foot,No information,No information,No information,No information,No information,No information,45,5,2961,64.6,20.8,No information,No information,No information,No information,1,2439,shot
sebastian-szymanski,https://www.sofascore.com/poland-slovenia/JObsdUb#id:8079050,poland,miss,No information,assisted,18,48.1,0,left-foot,right,0,38.7,6.9,No information,No information,45,1,2738,48.1,18,61.3,0,61.3,93.1,1,2662,shot
jaka-bijol,https://www.sofascore.com/poland-slovenia/JObsdUb#id:8079050,slovenia,miss,No information,regular,19,48.5,0,right-foot,high-left,0,62.4,80.6,No information,No information,38,No information,2275,48.5,19,37.6,0,37.6,19.4,8,425,shot
robert-lewandowski,https://www.sofascore.com/poland-slovenia/JObsdUb#id:8079050,poland,save,No information,corner,6.6,45.2,0,head,low-left,0,52.5,18.4,No information,No information,35,No information,2078,45.2,6.6,47.5,0,47.5,81.6,11,622,shot
kamil-grosicki,https://www.sofascore.com/poland-slovenia/JObsdUb#id:8079050,poland,miss,No information,assisted,18.7,28.9,0,right-foot,right,0,40.2,2.8,No information,No information,28,No information,1675,28.9,18.7,59.8,0,59.8,97.2,18,1025,shot
jasmin-kurtic,https://www.sofascore.com/poland-slovenia/JObsdUb#id:8079050,slovenia,miss,No information,assisted,21.8,27.7,0,left-foot,high,0,50.6,77.8,No information,No information,27,No information,1594,27.7,21.8,49.4,0,49.4,22.2,19,1106,shot
lukasz-piszczek,https://www.sofascore.com/poland-slovenia/JObsdUb#id:8079050,poland,miss,No information,corner,5.6,46.3,0,head,high-left,0,57.1,63.9,No information,No information,23,No information,1365,46.3,5.6,42.9,0,42.9,36.1,23,1335,shot
sebastian-szymanski,https://www.sofascore.com/poland-slovenia/JObsdUb#id:8079050,poland,block,No information,set-piece,24.8,57,0,left-foot,No information,No information,No information,No information,No information,No information,20,No information,1140,57,24.8,No information,No information,No information,No information,26,1560,shot
tim-matavz,https://www.sofascore.com/poland-slovenia/JObsdUb#id:8079050,slovenia,goal,regular,assisted,7.4,56.3,0,right-foot,low-right,0,47.7,9.5,No information,No information,14,No information,826,56.3,7.4,52.3,0,52.3,90.5,32,1874,shot
artur-jedrzejczyk,https://www.sofascore.com/poland-slovenia/JObsdUb#id:8079050,poland,miss,No information,throw-in-set-piece,3.2,57.3,0,head,high,0,46.4,65.3,No information,No information,12,No information,660,57.3,3.2,53.6,0,53.6,34.7,34,2040,shot
piotr-zielinski,https://www.sofascore.com/poland-slovenia/JObsdUb#id:8079050,poland,miss,No information,regular,2.1,45.8,0,left-foot,close-left,0,58.8,19.4,No information,No information,9,No information,539,45.8,2.1,41.2,0,41.2,80.6,37,2161,shot
sebastian-szymanski,https://www.sofascore.com/poland-slovenia/JObsdUb#id:8079050,poland,goal,regular,corner,18.1,44.1,0,left-foot,high-left,0,54.2,22.2,No information,No information,3,No information,169,44.1,18.1,45.8,0,45.8,77.8,43,2531,shot

sandi-lovric,https://www.sofascore.com/slovenia-cyprus/HObsJOb#id:9223879,slovenia,miss,No information,assisted,26.4,40.4,0,right-foot,high-left,0,56.5,76.4,No information,No information,90,No information,5381,40.4,26.4,43.5,0,43.5,23.6,1,19,shot
andronikos-kakoullis,https://www.sofascore.com/slovenia-cyprus/HObsJOb#id:9223879,cyprus,goal,regular,assisted,21.6,66.9,0,left-foot,high-left,0,54.2,29.7,No information,No information,89,No information,5322,66.9,21.6,45.8,0,45.8,70.3,2,78,shot
adam-gnezda-cerin,https://www.sofascore.com/slovenia-cyprus/HObsJOb#id:9223879,slovenia,goal,regular,assisted,13.8,61.3,0,right-foot,low-left,0,53.9,5.1,No information,No information,84,No information,5028,61.3,13.8,46.1,0,46.1,94.9,7,372,shot
marios-antoniadis,https://www.sofascore.com/slovenia-cyprus/HObsJOb#id:9223879,cyprus,save,No information,corner,4.8,36.8,0,left-foot,high-centre,0,49.2,20.3,No information,No information,76,No information,4533,36.8,4.8,50.8,0,50.8,79.7,15,867,shot
marios-antoniadis,https://www.sofascore.com/slovenia-cyprus/HObsJOb#id:9223879,cyprus,block,No information,assisted,20.1,30.7,0,left-foot,low-left,0,53.7,19,No information,No information,75,No information,4494,30.7,20.1,46.3,0,46.3,81,16,906,shot
josip-ilicic,https://www.sofascore.com/slovenia-cyprus/HObsJOb#id:9223879,slovenia,block,No information,assisted,12.2,74.6,0,left-foot,low-left,0,53.6,19,No information,No information,67,No information,4018,74.6,12.2,46.4,0,46.4,81,24,1382,shot
jure-balkovec,https://www.sofascore.com/slovenia-cyprus/HObsJOb#id:9223879,slovenia,miss,No information,corner,4.4,58.3,0,right-foot,left,0,96.5,13.9,No information,No information,67,No information,3973,58.3,4.4,3.5,0,3.5,86.1,24,1427,shot
zan-celar,https://www.sofascore.com/slovenia-cyprus/HObsJOb#id:9223879,slovenia,block,No information,assisted,12.3,47.7,0,head,low-centre,0,50.3,18.1,No information,No information,66,No information,3941,47.7,12.3,49.7,0,49.7,81.9,25,1459,shot
sandi-lovric,https://www.sofascore.com/slovenia-cyprus/HObsJOb#id:9223879,slovenia,miss,No information,assisted,13.7,30,0,right-foot,high-right,0,41,69.4,No information,No information,63,No information,3725,30,13.7,59,0,59,30.6,28,1675,shot
jure-balkovec,https://www.sofascore.com/slovenia-cyprus/HObsJOb#id:9223879,slovenia,miss,No information,regular,16.4,30.1,0,left-foot,high,0,49.6,88.9,No information,No information,53,No information,3132,30.1,16.4,50.4,0,50.4,11.1,38,2268,shot
miha-zajc,https://www.sofascore.com/slovenia-cyprus/HObsJOb#id:9223879,slovenia,goal,regular,regular,8.7,59.6,0,right-foot,low-left,0,52.3,3.2,No information,No information,48,No information,2826,59.6,8.7,47.7,0,47.7,96.8,43,2574,shot
zan-celar,https://www.sofascore.com/slovenia-cyprus/HObsJOb#id:9223879,slovenia,save,No information,assisted,10.4,58.4,0,right-foot,low-centre,0,49.4,3.2,No information,No information,45,No information,2692,58.4,10.4,50.6,0,50.6,96.8,1,8,shot
grigoris-kastanos,https://www.sofascore.com/slovenia-cyprus/HObsJOb#id:9223879,cyprus,miss,No information,assisted,23.9,33.2,0,left-foot,right,0,39.7,6.9,No information,No information,28,No information,1648,33.2,23.9,60.3,0,60.3,93.1,18,1052,shot
miha-zajc,https://www.sofascore.com/slovenia-cyprus/HObsJOb#id:9223879,slovenia,miss,No information,assisted,4.8,47.4,0,head,close-left,0,58.8,8.3,No information,No information,23,No information,1334,47.4,4.8,41.2,0,41.2,91.7,23,1366,shot
benjamin-verbic,https://www.sofascore.com/slovenia-cyprus/HObsJOb#id:9223879,slovenia,block,No information,corner,4.7,34.8,0,head,low-centre,0,50.4,19,No information,No information,17,No information,965,34.8,4.7,49.6,0,49.6,81,29,1735,shot
benjamin-verbic,https://www.sofascore.com/slovenia-cyprus/HObsJOb#id:9223879,slovenia,save,No information,corner,9,48.8,0,head,high-centre,0,50.3,30.4,No information,No information,16,No information,942,48.8,9,49.7,0,49.7,69.6,30,1758,shot
jasmin-kurtic,https://www.sofascore.com/slovenia-cyprus/HObsJOb#id:9223879,slovenia,post,No information,corner,4.7,55.8,0,head,high,0,50,39.9,No information,No information,16,No information,931,55.8,4.7,50,0,50,60.1,30,1769,shot
benjamin-verbic,https://www.sofascore.com/slovenia-cyprus/HObsJOb#id:9223879,slovenia,block,No information,assisted,13.8,52.7,0,left-foot,low-left,0,53.1,19,No information,No information,8,No information,466,52.7,13.8,46.9,0,46.9,81,38,2234,shot
jasmin-kurtic,https://www.sofascore.com/slovenia-cyprus/HObsJOb#id:9223879,slovenia,block,No information,assisted,26.2,63.6,0,right-foot,low-centre,0,50.8,19,No information,No information,8,No information,461,63.6,26.2,49.2,0,49.2,81,38,2239,shot
miha-zajc,https://www.sofascore.com/slovenia-cyprus/HObsJOb#id:9223879,slovenia,miss,No information,assisted,11.1,41.9,0,left-foot,close-right,0,42.2,1.4,No information,No information,5,No information,242,41.9,11.1,57.8,0,57.8,98.6,41,2458,shot

damjan-bohar,https://www.sofascore.com/kosovo-slovenia/JObsBNlb#id:8600868,slovenia,save,No information,assisted,12.7,36.7,0,right-foot,low-right,0,46.4,0.6,No information,No information,90,2,5512,36.7,12.7,53.6,0,53.6,99.4,1,788,shot
miha-mevlja,https://www.sofascore.com/kosovo-slovenia/JObsBNlb#id:8600868,slovenia,miss,No information,corner,4.7,35.9,0,other,high-left,0,61.3,73.6,No information,No information,89,No information,5326,35.9,4.7,38.7,0,38.7,26.4,2,74,shot
amedej-vetrih,https://www.sofascore.com/kosovo-slovenia/JObsBNlb#id:8600868,slovenia,block,No information,assisted,12.6,41.9,0,left-foot,low-left,0,52.1,19,No information,No information,89,No information,5294,41.9,12.6,47.9,0,47.9,81,2,106,shot
petar-stojanovic,https://www.sofascore.com/kosovo-slovenia/JObsBNlb#id:8600868,slovenia,miss,No information,corner,25.9,66.6,0,left-foot,right,0,33.9,9.7,No information,No information,80,No information,4771,66.6,25.9,66.1,0,66.1,90.3,11,629,shot
miha-blazic,https://www.sofascore.com/kosovo-slovenia/JObsBNlb#id:8600868,slovenia,block,No information,corner,10.2,63,0,head,low-centre,0,48.8,19,No information,No information,79,No information,4699,63,10.2,51.2,0,51.2,81,12,701,shot
damjan-bohar,https://www.sofascore.com/kosovo-slovenia/JObsBNlb#id:8600868,slovenia,block,No information,assisted,13.8,32.8,0,right-foot,low-centre,0,50.9,19,No information,No information,78,No information,4669,32.8,13.8,49.1,0,49.1,81,13,731,shot
valon-berisha,https://www.sofascore.com/kosovo-slovenia/JObsBNlb#id:8600868,kosovo,miss,No information,corner,7.5,47,0,head,right,0,0.8,6.9,No information,No information,71,No information,4252,47,7.5,99.2,0,99.2,93.1,20,1148,shot
herolind-shala,https://www.sofascore.com/kosovo-slovenia/JObsBNlb#id:8600868,kosovo,miss,No information,corner,23.6,60.2,0,left-foot,close-high,0,46.2,59.7,No information,No information,52,No information,3094,60.2,23.6,53.8,0,53.8,40.3,39,2306,shot
florent-hadergjonaj,https://www.sofascore.com/kosovo-slovenia/JObsBNlb#id:8600868,kosovo,block,No information,set-piece,5.4,40.3,0,right-foot,low-centre,0,51.7,19,No information,No information,51,No information,3010,40.3,5.4,48.3,0,48.3,81,40,2390,shot
edon-zhegrova,https://www.sofascore.com/kosovo-slovenia/JObsBNlb#id:8600868,kosovo,block,No information,fast-break,16.4,73,0,left-foot,high-left,0,53.1,20.8,No information,No information,47,No information,2764,73,16.4,46.9,0,46.9,79.2,44,2636,shot
benjamin-verbic,https://www.sofascore.com/kosovo-slovenia/JObsBNlb#id:8600868,slovenia,block,No information,regular,18.5,47.6,0,right-foot,low-right,0,45.8,19,No information,No information,45,2,2796,47.6,18.5,54.2,0,54.2,81,1,2604,shot
bersant-celina,https://www.sofascore.com/kosovo-slovenia/JObsBNlb#id:8600868,kosovo,save,No information,assisted,20.8,26.8,0,right-foot,low-right,0,46.7,14.6,No information,No information,43,No information,2535,26.8,20.8,53.3,0,53.3,85.4,3,165,shot
bersant-celina,https://www.sofascore.com/kosovo-slovenia/JObsBNlb#id:8600868,kosovo,miss,No information,regular,4.4,68,0,right-foot,left,0,97.3,4.2,No information,No information,42,No information,2508,68,4.4,2.7,0,2.7,95.8,4,192,shot
leart-paqarada,https://www.sofascore.com/kosovo-slovenia/JObsBNlb#id:8600868,kosovo,save,No information,free-kick,18.9,71.4,0,left-foot,low-right,0,46.3,6.3,No information,No information,42,No information,2505,71.4,18.9,53.7,0,53.7,93.7,4,195,shot
arber-zeneli,https://www.sofascore.com/kosovo-slovenia/JObsBNlb#id:8600868,kosovo,miss,No information,assisted,14.6,65,0,right-foot,close-left,0,57.1,4.2,No information,No information,33,No information,1971,65,14.6,42.9,0,42.9,95.8,13,729,shot
jasmin-kurtic,https://www.sofascore.com/kosovo-slovenia/JObsBNlb#id:8600868,slovenia,miss,No information,corner,4.1,34.9,0,right-foot,high,0,52.8,65.3,No information,No information,32,No information,1901,34.9,4.1,47.2,0,47.2,34.7,14,799,shot
haris-vuckic,https://www.sofascore.com/kosovo-slovenia/JObsBNlb#id:8600868,slovenia,goal,regular,fast-break,12.5,40.1,0,left-foot,low-right,0,45.8,1.3,No information,No information,22,No information,1278,40.1,12.5,54.2,0,54.2,98.7,24,1422,shot
bersant-celina,https://www.sofascore.com/kosovo-slovenia/JObsBNlb#id:8600868,kosovo,block,No information,assisted,26.4,35.5,0,right-foot,low-centre,0,48.5,19,No information,No information,22,No information,1264,35.5,26.4,51.5,0,51.5,81,24,1436,shot
benjamin-verbic,https://www.sofascore.com/kosovo-slovenia/JObsBNlb#id:8600868,slovenia,miss,No information,assisted,14.5,33,0,right-foot,right,0,36.3,33.3,No information,No information,18,No information,1048,33,14.5,63.7,0,63.7,66.7,28,1652,shot
sandi-lovric,https://www.sofascore.com/kosovo-slovenia/JObsBNlb#id:8600868,slovenia,miss,No information,regular,18.4,53.9,0,right-foot,left,0,63.2,11.1,No information,No information,7,No information,390,53.9,18.4,36.8,0,36.8,88.9,39,2310,shot
jasmin-kurtic,https://www.sofascore.com/kosovo-slovenia/JObsBNlb#id:8600868,slovenia,miss,No information,assisted,27.6,42.5,0,right-foot,left,0,67.2,8.3,No information,No information,5,No information,276,42.5,27.6,32.8,0,32.8,91.7,41,2424,shot

andraz-sporar,https://www.sofascore.com/slovenia-malta/IObsJOb#id:9223839,slovenia,save,No information,penalty,11.5,50,0,right-foot,low-right,0,46.8,1.3,No information,No information,88,No information,5256,50,11.5,53.2,0,53.2,98.7,3,144,shot
miha-zajc,https://www.sofascore.com/slovenia-malta/IObsJOb#id:9223839,slovenia,block,No information,assisted,13.2,34.5,0,right-foot,low-centre,0,50.9,19,No information,No information,84,No information,4990,34.5,13.2,49.1,0,49.1,81,7,410,shot
miha-zajc,https://www.sofascore.com/slovenia-malta/IObsJOb#id:9223839,slovenia,miss,No information,assisted,9.3,66.8,0,right-foot,left,0,61.2,5.6,No information,No information,81,No information,4851,66.8,9.3,38.8,0,38.8,94.4,10,549,shot
jon-gorenc-stankovic,https://www.sofascore.com/slovenia-malta/IObsJOb#id:9223839,slovenia,block,No information,set-piece,10.8,45.8,0,right-foot,low-left,0,52,19,No information,No information,77,No information,4610,45.8,10.8,48,0,48,81,14,790,shot
cain-attard,https://www.sofascore.com/slovenia-malta/IObsJOb#id:9223839,malta,block,No information,assisted,9.4,66,0,right-foot,low-centre,0,49.2,19,No information,No information,70,No information,4197,66,9.4,50.8,0,50.8,81,21,1203,shot
damjan-bohar,https://www.sofascore.com/slovenia-malta/IObsJOb#id:9223839,slovenia,save,No information,assisted,7.2,25.3,0,left-foot,low-left,0,52.2,17.1,No information,No information,52,No information,3100,25.3,7.2,47.8,0,47.8,82.9,39,2300,shot
sandi-lovric,https://www.sofascore.com/slovenia-malta/IObsJOb#id:9223839,slovenia,goal,penalty,penalty,11.5,50,0,right-foot,high-left,0,53.8,22.8,No information,No information,45,No information,2640,50,11.5,46.2,0,46.2,77.2,1,60,shot
miha-mevlja,https://www.sofascore.com/slovenia-malta/IObsJOb#id:9223839,slovenia,block,No information,set-piece,4.6,50.9,0,right-foot,low-centre,0,50.6,19,No information,No information,36,No information,2109,50.9,4.6,49.4,0,49.4,81,10,591,shot
joseph-mbong,https://www.sofascore.com/slovenia-malta/IObsJOb#id:9223839,malta,save,No information,assisted,26,65.1,0,right-foot,low-centre,0,51.2,5.1,No information,No information,33,No information,1970,65.1,26,48.8,0,48.8,94.9,13,730,shot
kurt-shaw,https://www.sofascore.com/slovenia-malta/IObsJOb#id:9223839,malta,miss,No information,corner,6.5,58.5,0,head,high,0,49.2,62.5,No information,No information,31,No information,1833,58.5,6.5,50.8,0,50.8,37.5,15,867,shot
satariano-alexander,https://www.sofascore.com/slovenia-malta/IObsJOb#id:9223839,malta,block,No information,assisted,7.5,52.8,0,head,low-left,0,53.5,19,No information,No information,30,No information,1787,52.8,7.5,46.5,0,46.5,81,16,913,shot
sandi-lovric,https://www.sofascore.com/slovenia-malta/IObsJOb#id:9223839,slovenia,miss,No information,corner,19.4,61.4,0,right-foot,right,0,34.6,2.8,No information,No information,24,No information,1435,61.4,19.4,65.4,0,65.4,97.2,22,1265,shot
sandi-lovric,https://www.sofascore.com/slovenia-malta/IObsJOb#id:9223839,slovenia,miss,No information,regular,9.4,75.2,0,right-foot,left,0,84.9,1.4,No information,No information,24,No information,1395,75.2,9.4,15.1,0,15.1,98.6,22,1305,shot
petar-stojanovic,https://www.sofascore.com/slovenia-malta/IObsJOb#id:9223839,slovenia,miss,No information,assisted,11.8,77.3,0,right-foot,high,0,45.2,88.9,No information,No information,14,No information,832,77.3,11.8,54.8,0,54.8,11.1,32,1868,shot
benjamin-sesko,https://www.sofascore.com/slovenia-malta/IObsJOb#id:9223839,slovenia,miss,No information,assisted,7.4,51.3,0,head,high-right,0,41.5,63.9,No information,No information,13,No information,742,51.3,7.4,58.5,0,58.5,36.1,33,1958,shot
damjan-bohar,https://www.sofascore.com/slovenia-malta/IObsJOb#id:9223839,slovenia,miss,No information,regular,21.4,34.5,0,right-foot,close-high-right,0,43.4,59.7,No information,No information,4,No information,214,34.5,21.4,56.6,0,56.6,40.3,42,2486,shot

vanja-drkusic,https://www.sofascore.com/san-marino-slovenia/JObsIWb#id:10752492,slovenia,block,No information,corner,10.5,49.5,0,head,low-centre,0,51.4,19,No information,No information,89,No information,5339,49.5,10.5,48.6,0,48.6,81,2,61,shot
zan-karnicnik,https://www.sofascore.com/san-marino-slovenia/JObsIWb#id:10752492,slovenia,block,No information,assisted,8.4,60.2,0,head,low-centre,0,51,19,No information,No information,89,No information,5299,60.2,8.4,49,0,49,81,2,101,shot
mattia-stefanelli,https://www.sofascore.com/san-marino-slovenia/JObsIWb#id:10752492,san marino,miss,No information,regular,29.2,43.3,0,left-foot,right,0,37,6.9,No information,No information,83,No information,4934,43.3,29.2,63,0,63,93.1,8,466,shot
luka-zahovic,https://www.sofascore.com/san-marino-slovenia/JObsIWb#id:10752492,slovenia,miss,No information,assisted,19.4,47.3,0,left-foot,left,0,65.2,38.9,No information,No information,81,No information,4801,47.3,19.4,34.8,0,34.8,61.1,10,599,shot
lazzari-lorenzo,https://www.sofascore.com/san-marino-slovenia/JObsIWb#id:10752492,san marino,save,No information,regular,25,64.9,0,right-foot,high-left,0,53.6,21.5,No information,No information,72,No information,4301,64.9,25,46.4,0,46.4,78.5,19,1099,shot
zan-karnicnik,https://www.sofascore.com/san-marino-slovenia/JObsIWb#id:10752492,slovenia,goal,regular,set-piece,2.7,59.7,0,right-foot,high-centre,0,50,29.7,No information,No information,67,No information,3971,59.7,2.7,50,0,50,70.3,24,1429,shot
andraz-sporar,https://www.sofascore.com/san-marino-slovenia/JObsIWb#id:10752492,slovenia,save,No information,set-piece,12.1,46.4,0,head,low-right,0,46.1,3.8,No information,No information,67,No information,3968,46.4,12.1,53.9,0,53.9,96.2,24,1432,shot
sandi-lovric,https://www.sofascore.com/san-marino-slovenia/JObsIWb#id:10752492,slovenia,block,No information,free-kick,20.9,69.6,0,right-foot,low-centre,0,48.9,19,No information,No information,66,No information,3958,69.6,20.9,51.1,0,51.1,81,25,1442,shot
sandi-lovric,https://www.sofascore.com/san-marino-slovenia/JObsIWb#id:10752492,slovenia,goal,regular,assisted,17,57.3,0,left-foot,low-left,0,54.1,6.3,No information,No information,61,No information,3612,57.3,17,45.9,0,45.9,93.7,30,1788,shot
sandi-lovric,https://www.sofascore.com/san-marino-slovenia/JObsIWb#id:10752492,slovenia,post,No information,free-kick,23.5,64.8,0,right-foot,right,0,44.4,5.1,No information,No information,58,No information,3471,64.8,23.5,55.6,0,55.6,94.9,33,1929,shot
adam-gnezda-cerin,https://www.sofascore.com/san-marino-slovenia/JObsIWb#id:10752492,slovenia,save,No information,regular,13.2,57.4,0,right-foot,low-left,0,52.9,5.1,No information,No information,56,No information,3303,57.4,13.2,47.1,0,47.1,94.9,35,2097,shot
jan-mlakar,https://www.sofascore.com/san-marino-slovenia/JObsIWb#id:10752492,slovenia,save,No information,assisted,23.1,32.8,0,right-foot,high-right,0,47.9,23.4,No information,No information,55,No information,3299,32.8,23.1,52.1,0,52.1,76.6,36,2101,shot
timi-max-elsnik,https://www.sofascore.com/san-marino-slovenia/JObsIWb#id:10752492,slovenia,miss,No information,regular,27.5,53.4,0,right-foot,high,0,52.3,61.1,No information,No information,48,No information,2875,53.4,27.5,47.7,0,47.7,38.9,43,2525,shot
jan-mlakar,https://www.sofascore.com/san-marino-slovenia/JObsIWb#id:10752492,slovenia,miss,No information,corner,5.4,57.9,0,head,close-right,0,43.2,13.9,No information,No information,45,3,2858,57.9,5.4,56.8,0,56.8,86.1,1,2542,shot
andraz-sporar,https://www.sofascore.com/san-marino-slovenia/JObsIWb#id:10752492,slovenia,block,No information,assisted,28.5,27.4,0,right-foot,low-centre,0,50.6,19,No information,No information,39,No information,2280,27.4,28.5,49.4,0,49.4,81,7,420,shot
adam-gnezda-cerin,https://www.sofascore.com/san-marino-slovenia/JObsIWb#id:10752492,slovenia,miss,No information,assisted,24.4,44.7,0,right-foot,high,0,45.4,80.6,No information,No information,26,No information,1559,44.7,24.4,54.6,0,54.6,19.4,20,1141,shot
andraz-sporar,https://www.sofascore.com/san-marino-slovenia/JObsIWb#id:10752492,slovenia,miss,No information,assisted,13,50.7,0,right-foot,left,0,59.7,2.8,No information,No information,26,No information,1552,50.7,13,40.3,0,40.3,97.2,20,1148,shot
sandi-lovric,https://www.sofascore.com/san-marino-slovenia/JObsIWb#id:10752492,slovenia,block,No information,assisted,21.4,45.7,0,right-foot,low-centre,0,50.1,19,No information,No information,26,No information,1523,45.7,21.4,49.9,0,49.9,81,20,1177,shot
jan-mlakar,https://www.sofascore.com/san-marino-slovenia/JObsIWb#id:10752492,slovenia,goal,regular,assisted,3.2,33.8,0,right-foot,low-centre,0,50,1.3,No information,No information,16,No information,938,33.8,3.2,50,0,50,98.7,30,1762,shot
zan-vipotnik,https://www.sofascore.com/san-marino-slovenia/JObsIWb#id:10752492,slovenia,goal,regular,assisted,7.1,55.3,0,right-foot,low-right,0,48,2.5,No information,No information,4,No information,199,55.3,7.1,52,0,52,97.5,42,2501,shot
zan-vipotnik,https://www.sofascore.com/san-marino-slovenia/JObsIWb#id:10752492,slovenia,save,No information,assisted,10.7,44.5,0,head,high-left,0,53,23.4,No information,No information,2,No information,93,44.5,10.7,47,0,47,76.6,44,2607,shot

nemanja-radonjic,https://www.sofascore.com/serbia-slovenia/JObsfCc#id:10023412,serbia,goal,regular,fast-break,5.4,35.4,0,right-foot,low-right,0,46.9,2.5,No information,No information,90,2,5468,35.4,5.4,53.1,0,53.1,97.5,1,832,shot
jasmin-kurtic,https://www.sofascore.com/serbia-slovenia/JObsfCc#id:10023412,slovenia,miss,No information,assisted,25.7,57.2,0,right-foot,high-right,0,38.3,83.3,No information,No information,89,No information,5285,57.2,25.7,61.7,0,61.7,16.7,2,115,shot
luka-jovic,https://www.sofascore.com/serbia-slovenia/JObsfCc#id:10023412,serbia,goal,regular,assisted,3.3,47.4,0,head,low-left,0,53.6,7,No information,No information,85,No information,5061,47.4,3.3,46.4,0,46.4,93,6,339,shot
luka-jovic,https://www.sofascore.com/serbia-slovenia/JObsfCc#id:10023412,serbia,block,No information,regular,4.8,55.9,0,right-foot,low-centre,0,50.3,18.1,No information,No information,66,No information,3910,55.9,4.8,49.7,0,49.7,81.9,25,1490,shot
benjamin-sesko,https://www.sofascore.com/serbia-slovenia/JObsfCc#id:10023412,slovenia,miss,No information,assisted,8.5,53.8,0,right-foot,close-right,0,41.8,2.8,No information,No information,60,No information,3566,53.8,8.5,58.2,0,58.2,97.2,31,1834,shot
sergej-milinkovic-savic,https://www.sofascore.com/serbia-slovenia/JObsfCc#id:10023412,serbia,goal,regular,corner,4.5,48.4,0,head,low-centre,0,50.6,8.2,No information,No information,56,No information,3343,48.4,4.5,49.4,0,49.4,91.8,35,2057,shot
aleksandar-mitrovic,https://www.sofascore.com/serbia-slovenia/JObsfCc#id:10023412,serbia,save,No information,assisted,4.2,44.9,0,head,low-left,0,52.5,3.8,No information,No information,55,No information,3257,44.9,4.2,47.5,0,47.5,96.2,36,2143,shot
miha-zajc,https://www.sofascore.com/serbia-slovenia/JObsfCc#id:10023412,slovenia,miss,No information,assisted,2.8,70,0,right-foot,left,0,99.3,8.3,No information,No information,53,No information,3168,70,2.8,0.7,0,0.7,91.7,38,2232,shot
jon-gorenc-stankovic,https://www.sofascore.com/serbia-slovenia/JObsfCc#id:10023412,slovenia,block,No information,assisted,25.8,53.8,0,right-foot,low-centre,0,49.8,19,No information,No information,53,No information,3158,53.8,25.8,50.2,0,50.2,81,38,2242,shot
nemanja-radonjic,https://www.sofascore.com/serbia-slovenia/JObsfCc#id:10023412,serbia,block,No information,regular,22.2,31.9,0,right-foot,high-right,0,47.2,20.8,No information,No information,50,No information,2949,31.9,22.2,52.8,0,52.8,79.2,41,2451,shot
djordje-jovanovic,https://www.sofascore.com/serbia-slovenia/JObsfCc#id:10023412,serbia,block,No information,assisted,10.3,56.3,0,head,low-left,0,53.8,16.7,No information,No information,42,No information,2513,56.3,10.3,46.2,0,46.2,83.3,4,187,shot
nemanja-maksimovic,https://www.sofascore.com/serbia-slovenia/JObsfCc#id:10023412,serbia,miss,No information,assisted,20.9,68.4,0,right-foot,high-right,0,37.8,66.7,No information,No information,39,No information,2285,68.4,20.9,62.2,0,62.2,33.3,7,415,shot
miha-zajc,https://www.sofascore.com/serbia-slovenia/JObsfCc#id:10023412,slovenia,save,No information,assisted,20.2,58.2,0,right-foot,high-left,0,54.4,24.7,No information,No information,37,No information,2194,58.2,20.2,45.6,0,45.6,75.3,9,506,shot
djordje-jovanovic,https://www.sofascore.com/serbia-slovenia/JObsfCc#id:10023412,serbia,miss,No information,regular,3.5,35.9,0,left-foot,close-left,0,58.7,5.6,No information,No information,32,No information,1918,35.9,3.5,41.3,0,41.3,94.4,14,782,shot
petar-stojanovic,https://www.sofascore.com/serbia-slovenia/JObsfCc#id:10023412,slovenia,goal,regular,assisted,9,70.6,0,right-foot,low-left,0,52.2,17.1,No information,No information,30,No information,1783,70.6,9,47.8,0,47.8,82.9,16,917,shot
sergej-milinkovic-savic,https://www.sofascore.com/serbia-slovenia/JObsfCc#id:10023412,serbia,miss,No information,corner,5.5,38.3,0,head,right,0,3.5,4.2,No information,No information,28,No information,1620,38.3,5.5,96.5,0,96.5,95.8,18,1080,shot
aleksandar-mitrovic,https://www.sofascore.com/serbia-slovenia/JObsfCc#id:10023412,serbia,goal,regular,corner,2.4,54.2,0,head,high-right,0,46.8,25.3,No information,No information,24,No information,1431,54.2,2.4,53.2,0,53.2,74.7,22,1269,shot
sergej-milinkovic-savic,https://www.sofascore.com/serbia-slovenia/JObsfCc#id:10023412,serbia,save,No information,corner,5.1,38.8,0,head,low-right,0,47.7,4.4,No information,No information,24,No information,1429,38.8,5.1,52.3,0,52.3,95.6,22,1271,shot
djordje-jovanovic,https://www.sofascore.com/serbia-slovenia/JObsfCc#id:10023412,serbia,block,No information,assisted,14.9,34.6,0,right-foot,high-right,0,47.7,20.8,No information,No information,24,No information,1396,34.6,14.9,52.3,0,52.3,79.2,22,1304,shot
aleksandar-mitrovic,https://www.sofascore.com/serbia-slovenia/JObsfCc#id:10023412,serbia,save,No information,regular,21.9,39.7,0,right-foot,low-centre,0,51.7,18.4,No information,No information,20,No information,1153,39.7,21.9,48.3,0,48.3,81.6,26,1547,shot
djordje-jovanovic,https://www.sofascore.com/serbia-slovenia/JObsfCc#id:10023412,serbia,miss,No information,set-piece,13.5,55,0,head,right,0,39,15.3,No information,No information,15,No information,873,55,13.5,61,0,61,84.7,31,1827,shot
djordje-jovanovic,https://www.sofascore.com/serbia-slovenia/JObsfCc#id:10023412,serbia,block,No information,assisted,19.4,33.8,0,right-foot,low-right,0,46.7,11.1,No information,No information,6,No information,355,33.8,19.4,53.3,0,53.3,88.9,40,2345,shot
djordje-jovanovic,https://www.sofascore.com/serbia-slovenia/JObsfCc#id:10023412,serbia,miss,No information,assisted,11.5,69.3,0,right-foot,close-high,0,53.6,54.2,No information,No information,2,No information,105,69.3,11.5,46.4,0,46.4,45.8,44,2595,shot
miha-zajc,https://www.sofascore.com/serbia-slovenia/JObsfCc#id:10023412,slovenia,block,No information,regular,12.4,35.9,0,left-foot,low-left,0,53.6,19,No information,No information,1,No information,13,35.9,12.4,46.4,0,46.4,81,45,2687,shot

mislav-orsic,https://www.sofascore.com/croatia-slovenia/JObspUb#id:9223768,croatia,miss,No information,regular,18,39.7,0,right-foot,close-right,0,41.5,16.7,No information,No information,90,3,5562,39.7,18,58.5,0,58.5,83.3,1,738,shot
mario-pasalic,https://www.sofascore.com/croatia-slovenia/JObspUb#id:9223768,croatia,block,No information,assisted,13.4,50.3,0,left-foot,low-centre,0,51.3,19,No information,No information,90,3,5521,50.3,13.4,48.7,0,48.7,81,1,779,shot
ante-budimir,https://www.sofascore.com/croatia-slovenia/JObspUb#id:9223768,croatia,block,No information,assisted,10.1,51.3,0,head,low-left,0,52.9,19,No information,No information,90,1,5406,51.3,10.1,47.1,0,47.1,81,1,894,shot
blaz-kramer,https://www.sofascore.com/croatia-slovenia/JObspUb#id:9223768,slovenia,miss,No information,fast-break,14,64.3,0,right-foot,high-right,0,43.2,66.7,No information,No information,89,No information,5326,64.3,14,56.8,0,56.8,33.3,2,74,shot
ivan-perisic,https://www.sofascore.com/croatia-slovenia/JObspUb#id:9223768,croatia,save,No information,assisted,10.6,28.7,0,right-foot,low-left,0,51.9,4.4,No information,No information,84,No information,5000,28.7,10.6,48.1,0,48.1,95.6,7,400,shot
blaz-kramer,https://www.sofascore.com/croatia-slovenia/JObspUb#id:9223768,slovenia,save,No information,assisted,23.4,58.3,0,left-foot,high-centre,0,49.2,30.4,No information,No information,78,No information,4633,58.3,23.4,50.8,0,50.8,69.6,13,767,shot
andraz-sporar,https://www.sofascore.com/croatia-slovenia/JObspUb#id:9223768,slovenia,block,No information,set-piece,11.5,40,0,head,high-right,0,47.7,22.2,No information,No information,65,No information,3873,40,11.5,52.3,0,52.3,77.8,26,1527,shot
andraz-sporar,https://www.sofascore.com/croatia-slovenia/JObspUb#id:9223768,slovenia,save,No information,assisted,8.6,66.4,0,right-foot,high-left,0,53.1,24.7,No information,No information,59,No information,3502,66.4,8.6,46.9,0,46.9,75.3,32,1898,shot
mislav-orsic,https://www.sofascore.com/croatia-slovenia/JObspUb#id:9223768,croatia,save,No information,assisted,25.1,50.5,0,right-foot,low-centre,0,50.1,7.6,No information,No information,54,No information,3224,50.5,25.1,49.9,0,49.9,92.4,37,2176,shot
josip-ilicic,https://www.sofascore.com/croatia-slovenia/JObspUb#id:9223768,slovenia,miss,No information,assisted,19.8,67.9,0,right-foot,close-high-left,0,57.8,58.3,No information,No information,43,No information,2538,67.9,19.8,42.2,0,42.2,41.7,3,162,shot
andrej-kramaric,https://www.sofascore.com/croatia-slovenia/JObspUb#id:9223768,croatia,miss,No information,assisted,10.7,40,0,right-foot,right,0,38.7,13.9,No information,No information,37,No information,2216,40,10.7,61.3,0,61.3,86.1,9,484,shot
dejan-lovren,https://www.sofascore.com/croatia-slovenia/JObspUb#id:9223768,croatia,miss,No information,corner,9.1,51.2,0,head,high,0,47.6,62.5,No information,No information,32,No information,1919,51.2,9.1,52.4,0,52.4,37.5,14,781,shot
domagoj-vida,https://www.sofascore.com/croatia-slovenia/JObspUb#id:9223768,croatia,miss,No information,set-piece,9,55.5,0,head,left,0,63.5,15.3,No information,No information,28,No information,1649,55.5,9,36.5,0,36.5,84.7,18,1051,shot
jaka-bijol,https://www.sofascore.com/croatia-slovenia/JObspUb#id:9223768,slovenia,save,No information,corner,5.8,52.6,0,right-foot,high-centre,0,48.3,31.6,No information,No information,22,No information,1282,52.6,5.8,51.7,0,51.7,68.4,24,1418,shot
andraz-sporar,https://www.sofascore.com/croatia-slovenia/JObspUb#id:9223768,slovenia,miss,No information,corner,7.8,59,0,head,close-left,0,58.5,13.9,No information,No information,22,No information,1281,59,7.8,41.5,0,41.5,86.1,24,1419,shot
sandi-lovric,https://www.sofascore.com/croatia-slovenia/JObspUb#id:9223768,slovenia,goal,regular,assisted,15.4,62.7,0,right-foot,low-left,0,54.2,9.5,No information,No information,15,No information,893,62.7,15.4,45.8,0,45.8,90.5,31,1807,shot
nikola-vlasic,https://www.sofascore.com/croatia-slovenia/JObspUb#id:9223768,croatia,save,No information,assisted,2.6,35.5,0,right-foot,low-centre,0,48.4,10.1,No information,No information,10,No information,565,35.5,2.6,51.6,0,51.6,89.9,36,2135,shot
andrej-kramaric,https://www.sofascore.com/croatia-slovenia/JObspUb#id:9223768,croatia,miss,No information,assisted,17.8,47.8,0,right-foot,close-right,0,42.9,16.7,No information,No information,7,No information,409,47.8,17.8,57.1,0,57.1,83.3,39,2291,shot
domagoj-vida,https://www.sofascore.com/croatia-slovenia/JObspUb#id:9223768,croatia,miss,No information,corner,5.6,63.4,0,head,high,0,49.6,76.4,No information,No information,6,No information,331,63.4,5.6,50.4,0,50.4,23.6,40,2369,shot

benjamin-verbic,https://www.sofascore.com/kazakhstan-slovenia/JObsxVb#id:10752591,slovenia,goal,regular,fast-break,14.3,26.7,0,right-foot,low-right,0,46.4,19,No information,No information,86,No information,5103,26.7,14.3,53.6,0,53.6,81,5,297,shot
yan-vorogovskiy,https://www.sofascore.com/kazakhstan-slovenia/JObsxVb#id:10752591,kazakhstan,block,No information,set-piece,7.3,56.5,0,head,low-centre,0,48.3,19,No information,No information,85,No information,5065,56.5,7.3,51.7,0,51.7,81,6,335,shot
sviridov-ivan,https://www.sofascore.com/kazakhstan-slovenia/JObsxVb#id:10752591,kazakhstan,miss,No information,assisted,11.4,46.9,0,head,high,0,52.9,63.9,No information,No information,83,No information,4948,46.9,11.4,47.1,0,47.1,36.1,8,452,shot
petar-stojanovic,https://www.sofascore.com/kazakhstan-slovenia/JObsxVb#id:10752591,slovenia,block,No information,assisted,19.1,51.8,0,right-foot,low-left,0,52.2,19,No information,No information,77,No information,4592,51.8,19.1,47.8,0,47.8,81,14,808,shot
islam-chesnokov,https://www.sofascore.com/kazakhstan-slovenia/JObsxVb#id:10752591,kazakhstan,miss,No information,regular,29.7,51.6,0,left-foot,right,0,34.5,5.6,No information,No information,71,No information,4253,51.6,29.7,65.5,0,65.5,94.4,20,1147,shot
ramazan-orazov,https://www.sofascore.com/kazakhstan-slovenia/JObsxVb#id:10752591,kazakhstan,save,No information,assisted,11.2,57,0,right-foot,low-centre,0,48.3,3.8,No information,No information,70,No information,4190,57,11.2,51.7,0,51.7,96.2,21,1210,shot
jaka-bijol,https://www.sofascore.com/kazakhstan-slovenia/JObsxVb#id:10752591,slovenia,block,No information,corner,9.4,50,0,right-foot,low-centre,0,50.2,19,No information,No information,60,No information,3553,50,9.4,49.8,0,49.8,81,31,1847,shot
miha-blazic,https://www.sofascore.com/kazakhstan-slovenia/JObsxVb#id:10752591,slovenia,block,No information,corner,10.8,53.9,0,head,low-centre,0,50,19,No information,No information,60,No information,3551,53.9,10.8,50,0,50,81,31,1849,shot
andraz-sporar,https://www.sofascore.com/kazakhstan-slovenia/JObsxVb#id:10752591,slovenia,save,No information,assisted,25.2,79,0,right-foot,low-centre,0,51,17.1,No information,No information,56,No information,3326,79,25.2,49,0,49,82.9,35,2074,shot
adam-gnezda-cerin,https://www.sofascore.com/kazakhstan-slovenia/JObsxVb#id:10752591,slovenia,save,No information,free-kick,26.6,37.3,0,right-foot,high-left,0,54.2,25.9,No information,No information,53,No information,3129,37.3,26.6,45.8,0,45.8,74.1,38,2271,shot
islam-chesnokov,https://www.sofascore.com/kazakhstan-slovenia/JObsxVb#id:10752591,kazakhstan,block,No information,set-piece,20.1,66,0,left-foot,low-centre,0,49.1,19,No information,No information,50,No information,2982,66,20.1,50.9,0,50.9,81,41,2418,shot
ramazan-orazov,https://www.sofascore.com/kazakhstan-slovenia/JObsxVb#id:10752591,kazakhstan,goal,regular,assisted,4.9,54.3,0,right-foot,low-left,0,52.6,1.3,No information,No information,48,No information,2822,54.3,4.9,47.4,0,47.4,98.7,43,2578,shot
benjamin-sesko,https://www.sofascore.com/kazakhstan-slovenia/JObsxVb#id:10752591,slovenia,goal,penalty,penalty,11.5,50,0,right-foot,low-right,0,48.1,1.3,No information,No information,41,No information,2434,50,11.5,51.9,0,51.9,98.7,5,266,shot
miha-blazic,https://www.sofascore.com/kazakhstan-slovenia/JObsxVb#id:10752591,slovenia,block,No information,corner,14.4,63.1,0,left-foot,low-right,0,46.1,19,No information,No information,36,No information,2130,63.1,14.4,53.9,0,53.9,81,10,570,shot
andraz-sporar,https://www.sofascore.com/kazakhstan-slovenia/JObsxVb#id:10752591,slovenia,save,No information,assisted,2.4,37,0,left-foot,low-left,0,53.8,0.6,No information,No information,35,No information,2076,37,2.4,46.2,0,46.2,99.4,11,624,shot
islam-chesnokov,https://www.sofascore.com/kazakhstan-slovenia/JObsxVb#id:10752591,kazakhstan,save,No information,assisted,10.6,61.7,0,head,high-centre,0,49.4,26.6,No information,No information,28,No information,1658,61.7,10.6,50.6,0,50.6,73.4,18,1042,shot
jan-mlakar,https://www.sofascore.com/kazakhstan-slovenia/JObsxVb#id:10752591,slovenia,miss,No information,corner,11.6,53.9,0,head,high-right,0,41.2,63.9,No information,No information,24,No information,1392,53.9,11.6,58.8,0,58.8,36.1,22,1308,shot
andraz-sporar,https://www.sofascore.com/kazakhstan-slovenia/JObsxVb#id:10752591,slovenia,block,No information,assisted,23.3,50.4,0,right-foot,low-centre,0,48.8,19,No information,No information,23,No information,1355,50.4,23.3,51.2,0,51.2,81,23,1345,shot
jan-mlakar,https://www.sofascore.com/kazakhstan-slovenia/JObsxVb#id:10752591,slovenia,miss,No information,assisted,7.1,45.4,0,head,high,0,50.3,77.8,No information,No information,13,No information,743,45.4,7.1,49.7,0,49.7,22.2,33,1957,shot
abzal-beysebekov,https://www.sofascore.com/kazakhstan-slovenia/JObsxVb#id:10752591,kazakhstan,miss,No information,assisted,30.2,64.8,0,right-foot,high-right,0,38.7,48.6,No information,No information,8,No information,443,64.8,30.2,61.3,0,61.3,51.4,38,2257,shot
petar-stojanovic,https://www.sofascore.com/kazakhstan-slovenia/JObsxVb#id:10752591,slovenia,miss,No information,assisted,18.8,56.9,0,right-foot,left,0,60.5,1.4,No information,No information,7,No information,369,56.9,18.8,39.5,0,39.5,98.6,39,2331,shot

josip-ilicic,https://www.sofascore.com/greece-slovenia/JObskUb#id:8600905,slovenia,miss,No information,free-kick,21.3,71.6,0,left-foot,close-high,0,52.8,55.6,No information,No information,90,1,5414,71.6,21.3,47.2,0,47.2,44.4,1,886,shot
vangelis-pavlidis,https://www.sofascore.com/greece-slovenia/JObskUb#id:8600905,greece,save,No information,set-piece,12.8,56,0,head,low-centre,0,48.6,10.8,No information,No information,89,No information,5298,56,12.8,51.4,0,51.4,89.2,2,102,shot
dimitris-limnios,https://www.sofascore.com/greece-slovenia/JObskUb#id:8600905,greece,miss,No information,assisted,4.8,44.3,0,right-foot,close-left,0,57.5,2.8,No information,No information,87,No information,5198,44.3,4.8,42.5,0,42.5,97.2,4,202,shot
vangelis-pavlidis,https://www.sofascore.com/greece-slovenia/JObskUb#id:8600905,greece,save,No information,assisted,12.5,43.7,0,right-foot,high-left,0,53,27.8,No information,No information,84,No information,5001,43.7,12.5,47,0,47,72.2,7,399,shot
kostas-fortounis,https://www.sofascore.com/greece-slovenia/JObskUb#id:8600905,greece,miss,No information,free-kick,26.9,36.7,0,right-foot,close-left,0,56.6,16.7,No information,No information,82,No information,4904,36.7,26.9,43.4,0,43.4,83.3,9,496,shot
dimitrios-kourbelis,https://www.sofascore.com/greece-slovenia/JObskUb#id:8600905,greece,miss,No information,assisted,15.4,56.3,0,right-foot,close-left,0,57.5,4.2,No information,No information,78,No information,4643,56.3,15.4,42.5,0,42.5,95.8,13,757,shot
dimitris-limnios,https://www.sofascore.com/greece-slovenia/JObskUb#id:8600905,greece,save,No information,assisted,15.6,69.1,0,right-foot,low-centre,0,48.9,11.4,No information,No information,72,No information,4277,69.1,15.6,51.1,0,51.1,88.6,19,1123,shot
anastasios-bakasetas,https://www.sofascore.com/greece-slovenia/JObskUb#id:8600905,greece,save,No information,assisted,24.5,38.2,0,left-foot,high-left,0,53.1,27.2,No information,No information,66,No information,3900,38.2,24.5,46.9,0,46.9,72.8,25,1500,shot
zeca,https://www.sofascore.com/greece-slovenia/JObskUb#id:8600905,greece,save,No information,corner,21.4,43.9,0,right-foot,low-left,0,54,1.3,No information,No information,54,No information,3230,43.9,21.4,46,0,46,98.7,37,2170,shot
anastasios-bakasetas,https://www.sofascore.com/greece-slovenia/JObskUb#id:8600905,greece,block,No information,assisted,22.9,69,0,right-foot,low-right,0,48.1,19,No information,No information,54,No information,3191,69,22.9,51.9,0,51.9,81,37,2209,shot
josip-ilicic,https://www.sofascore.com/greece-slovenia/JObskUb#id:8600905,slovenia,save,No information,regular,25.8,69,0,left-foot,high-right,0,46.7,32.9,No information,No information,52,No information,3107,69,25.8,53.3,0,53.3,67.1,39,2293,shot
kostas-fortounis,https://www.sofascore.com/greece-slovenia/JObskUb#id:8600905,greece,block,No information,regular,18.8,48.1,0,right-foot,low-centre,0,50.4,19,No information,No information,42,No information,2482,48.1,18.8,49.6,0,49.6,81,4,218,shot
jasmin-kurtic,https://www.sofascore.com/greece-slovenia/JObskUb#id:8600905,slovenia,block,No information,corner,6,65.9,0,head,low-right,0,47.4,19,No information,No information,37,No information,2185,65.9,6,52.6,0,52.6,81,9,515,shot
kostas-fortounis,https://www.sofascore.com/greece-slovenia/JObskUb#id:8600905,greece,block,No information,assisted,7,56.6,0,head,low-left,0,53,19,No information,No information,30,No information,1743,56.6,7,47,0,47,81,16,957,shot
josip-ilicic,https://www.sofascore.com/greece-slovenia/JObskUb#id:8600905,slovenia,miss,No information,assisted,18.6,65.3,0,left-foot,high,0,55,69.4,No information,No information,27,No information,1567,65.3,18.6,45,0,45,30.6,19,1133,shot
josip-ilicic,https://www.sofascore.com/greece-slovenia/JObskUb#id:8600905,slovenia,block,No information,free-kick,21.8,73.5,0,left-foot,low-centre,0,51.1,19,No information,No information,18,No information,1049,73.5,21.8,48.9,0,48.9,81,28,1651,shot
giorgos-giakoumakis,https://www.sofascore.com/greece-slovenia/JObskUb#id:8600905,greece,block,No information,assisted,8.1,42.1,0,head,low-centre,0,51.1,19,No information,No information,14,No information,816,42.1,8.1,48.9,0,48.9,81,32,1884,shot
dimitris-limnios,https://www.sofascore.com/greece-slovenia/JObskUb#id:8600905,greece,save,No information,assisted,10.4,64.1,0,right-foot,low-centre,0,48.4,12,No information,No information,5,No information,299,64.1,10.4,51.6,0,51.6,88,41,2401,shot
georgios-tzavellas,https://www.sofascore.com/greece-slovenia/JObskUb#id:8600905,greece,miss,No information,corner,1.9,41.3,0,left-foot,close-left,0,57.8,12.5,No information,No information,4,No information,228,41.3,1.9,42.2,0,42.2,87.5,42,2472,shot
anastasios-bakasetas,https://www.sofascore.com/greece-slovenia/JObskUb#id:8600905,greece,block,No information,assisted,21.6,70.7,0,left-foot,low-centre,0,50.5,19,No information,No information,4,No information,194,70.7,21.6,49.5,0,49.5,81,42,2506,shot

adam-gnezda-cerin,https://www.sofascore.com/san-marino-slovenia/JObsIWb#id:10752392,slovenia,miss,No information,assisted,9.2,70.1,0,right-foot,right,0,39.8,20.8,No information,No information,87,No information,5171,70.1,9.2,60.2,0,60.2,79.2,4,229,shot
zan-vipotnik,https://www.sofascore.com/san-marino-slovenia/JObsIWb#id:10752392,slovenia,block,No information,assisted,15.5,66.3,0,left-foot,low-right,0,47.6,19,No information,No information,80,No information,4765,66.3,15.5,52.4,0,52.4,81,11,635,shot
sandi-lovric,https://www.sofascore.com/san-marino-slovenia/JObsIWb#id:10752392,slovenia,save,No information,assisted,28,52.2,0,right-foot,low-centre,0,49.2,11.4,No information,No information,76,No information,4522,52.2,28,50.8,0,50.8,88.6,15,878,shot
benjamin-sesko,https://www.sofascore.com/san-marino-slovenia/JObsIWb#id:10752392,slovenia,miss,No information,assisted,15.2,27.8,0,left-foot,high,0,50.6,79.2,No information,No information,64,No information,3836,27.8,15.2,49.4,0,49.4,20.8,27,1564,shot
michael-battistini,https://www.sofascore.com/san-marino-slovenia/JObsIWb#id:10752392,san marino,miss,No information,assisted,54.4,47.1,0,right-foot,left,0,63,9.7,No information,No information,61,No information,3618,47.1,54.4,37,0,37,90.3,30,1782,shot
roberto-di-maio,https://www.sofascore.com/san-marino-slovenia/JObsIWb#id:10752392,slovenia,goal,own,regular,13.3,56.2,0,head,low-right,0,46.6,7,No information,No information,60,No information,3559,56.2,13.3,53.4,0,53.4,93,31,1841,shot
benjamin-sesko,https://www.sofascore.com/san-marino-slovenia/JObsIWb#id:10752392,slovenia,goal,regular,regular,7.5,47.4,0,other,low-centre,0,51.7,17.7,No information,No information,56,No information,3354,47.4,7.5,48.3,0,48.3,82.3,35,2046,shot
miha-zajc,https://www.sofascore.com/san-marino-slovenia/JObsIWb#id:10752392,slovenia,block,No information,assisted,16.5,65.4,0,right-foot,low-centre,0,48.9,19,No information,No information,56,No information,3352,65.4,16.5,51.1,0,51.1,81,35,2048,shot
benjamin-sesko,https://www.sofascore.com/san-marino-slovenia/JObsIWb#id:10752392,slovenia,block,No information,corner,9.7,41,0,head,low-left,0,53.4,19,No information,No information,55,No information,3294,41,9.7,46.6,0,46.6,81,36,2106,shot
andres-vombergar,https://www.sofascore.com/san-marino-slovenia/JObsIWb#id:10752392,slovenia,save,No information,assisted,13.1,33.2,0,left-foot,high-left,0,53.1,22.8,No information,No information,55,No information,3255,33.2,13.1,46.9,0,46.9,77.2,36,2145,shot
sandi-lovric,https://www.sofascore.com/san-marino-slovenia/JObsIWb#id:10752392,slovenia,block,No information,assisted,25.5,47.3,0,right-foot,low-centre,0,51.8,19,No information,No information,53,No information,3137,47.3,25.5,48.2,0,48.2,81,38,2263,shot
sandi-lovric,https://www.sofascore.com/san-marino-slovenia/JObsIWb#id:10752392,slovenia,miss,No information,assisted,26.2,30.7,0,right-foot,left,0,60.3,1.4,No information,No information,52,No information,3080,30.7,26.2,39.7,0,39.7,98.6,39,2320,shot
miha-zajc,https://www.sofascore.com/san-marino-slovenia/JObsIWb#id:10752392,slovenia,miss,No information,assisted,26.2,57.3,0,right-foot,close-right,0,41,38.9,No information,No information,50,No information,2993,57.3,26.2,59,0,59,61.1,41,2407,shot
miha-zajc,https://www.sofascore.com/san-marino-slovenia/JObsIWb#id:10752392,slovenia,miss,No information,assisted,14.8,53.4,0,right-foot,close-left,0,58.3,13.9,No information,No information,45,3,2849,53.4,14.8,41.7,0,41.7,86.1,1,2551,shot
vanja-drkusic,https://www.sofascore.com/san-marino-slovenia/JObsIWb#id:10752392,slovenia,miss,No information,corner,9.9,47.2,0,head,close-right,0,42,22.2,No information,No information,42,No information,2478,47.2,9.9,58,0,58,77.8,4,222,shot
benjamin-sesko,https://www.sofascore.com/san-marino-slovenia/JObsIWb#id:10752392,slovenia,miss,No information,assisted,8.8,45.1,0,head,right,0,39.3,13.9,No information,No information,40,No information,2375,45.1,8.8,60.7,0,60.7,86.1,6,325,shot
zan-karnicnik,https://www.sofascore.com/san-marino-slovenia/JObsIWb#id:10752392,slovenia,miss,No information,assisted,6.9,42.4,0,head,left,0,63.7,25,No information,No information,38,No information,2275,42.4,6.9,36.3,0,36.3,75,8,425,shot
andres-vombergar,https://www.sofascore.com/san-marino-slovenia/JObsIWb#id:10752392,slovenia,miss,No information,corner,4.2,46.9,0,head,right,0,40.5,23.6,No information,No information,28,No information,1674,46.9,4.2,59.5,0,59.5,76.4,18,1026,shot
andres-vombergar,https://www.sofascore.com/san-marino-slovenia/JObsIWb#id:10752392,slovenia,miss,No information,corner,3.3,57.2,0,head,close-right,0,41.5,13.9,No information,No information,26,No information,1540,57.2,3.3,58.5,0,58.5,86.1,20,1160,shot
jaka-bijol,https://www.sofascore.com/san-marino-slovenia/JObsIWb#id:10752392,slovenia,miss,No information,corner,9.6,48.4,0,head,close-right,0,41.5,23.6,No information,No information,26,No information,1540,48.4,9.6,58.5,0,58.5,76.4,20,1160,shot
benjamin-sesko,https://www.sofascore.com/san-marino-slovenia/JObsIWb#id:10752392,slovenia,block,No information,regular,10,69.8,0,right-foot,low-centre,0,48.8,19,No information,No information,23,No information,1368,69.8,10,51.2,0,51.2,81,23,1332,shot
zan-karnicnik,https://www.sofascore.com/san-marino-slovenia/JObsIWb#id:10752392,slovenia,post,No information,corner,1.8,47.8,0,head,high,0,52.4,39.2,No information,No information,21,No information,1226,47.8,1.8,47.6,0,47.6,60.8,25,1474,shot
jaka-bijol,https://www.sofascore.com/san-marino-slovenia/JObsIWb#id:10752392,slovenia,save,No information,corner,9.7,46.7,0,head,high-centre,0,51.8,25.9,No information,No information,21,No information,1224,46.7,9.7,48.2,0,48.2,74.1,25,1476,shot
miha-zajc,https://www.sofascore.com/san-marino-slovenia/JObsIWb#id:10752392,slovenia,save,No information,regular,13.4,65.7,0,left-foot,high-left,0,51.9,33.5,No information,No information,19,No information,1107,65.7,13.4,48.1,0,48.1,66.5,27,1593,shot
sandi-lovric,https://www.sofascore.com/san-marino-slovenia/JObsIWb#id:10752392,slovenia,miss,No information,corner,22.2,39.8,0,right-foot,right,0,29.6,31.9,No information,No information,15,No information,858,39.8,22.2,70.4,0,70.4,68.1,31,1842,shot
zan-karnicnik,https://www.sofascore.com/san-marino-slovenia/JObsIWb#id:10752392,slovenia,block,No information,assisted,6.2,31.3,0,right-foot,low-left,0,53.6,19,No information,No information,14,No information,815,31.3,6.2,46.4,0,46.4,81,32,1885,shot
benjamin-verbic,https://www.sofascore.com/san-marino-slovenia/JObsIWb#id:10752392,slovenia,block,No information,assisted,19.9,42.3,0,right-foot,low-centre,0,48.3,19,No information,No information,10,No information,547,42.3,19.9,51.7,0,51.7,81,36,2153,shot

reabciuk-oleg,https://www.sofascore.com/moldova-slovenia/JObsHVb#id:8600865,moldova,miss,No information,corner,12.8,76.3,0,left-foot,close-high-right,0,43.2,55.6,No information,No information,90,4,5589,76.3,12.8,56.8,0,56.8,44.4,1,711,shot
reabciuk-oleg,https://www.sofascore.com/moldova-slovenia/JObsHVb#id:8600865,moldova,save,No information,regular,27.5,41.7,0,left-foot,low-centre,0,48.4,13.9,No information,No information,90,2,5460,41.7,27.5,51.6,0,51.6,86.1,1,840,shot
eugeniu-cociuc,https://www.sofascore.com/moldova-slovenia/JObsHVb#id:8600865,moldova,save,No information,free-kick,20.2,34,0,right-foot,low-centre,0,51.3,15.2,No information,No information,85,No information,5086,34,20.2,48.7,0,48.7,84.8,6,314,shot
dan-taras,https://www.sofascore.com/moldova-slovenia/JObsHVb#id:8600865,moldova,miss,No information,regular,20.9,68,0,right-foot,high-right,0,39.3,47.2,No information,No information,82,No information,4911,68,20.9,60.7,0,60.7,52.8,9,489,shot
haris-vuckic,https://www.sofascore.com/moldova-slovenia/JObsHVb#id:8600865,slovenia,goal,penalty,penalty,11.4,50.4,0,left-foot,low-right,0,47.1,15.2,No information,No information,55,No information,3253,50.4,11.4,52.9,0,52.9,84.8,36,2147,shot
sergiu-platica,https://www.sofascore.com/moldova-slovenia/JObsHVb#id:8600865,moldova,save,No information,regular,21.2,67.3,0,left-foot,low-centre,0,48.4,8.2,No information,No information,51,No information,3049,67.3,21.2,51.6,0,51.6,91.8,40,2351,shot
haris-vuckic,https://www.sofascore.com/moldova-slovenia/JObsHVb#id:8600865,slovenia,goal,regular,fast-break,9.2,44.7,0,left-foot,low-left,0,52.5,12.7,No information,No information,42,No information,2501,44.7,9.2,47.5,0,47.5,87.3,4,199,shot
miha-blazic,https://www.sofascore.com/moldova-slovenia/JObsHVb#id:8600865,slovenia,save,No information,corner,6.9,47.6,0,right-foot,high-centre,0,51.3,24.7,No information,No information,38,No information,2263,47.6,6.9,48.7,0,48.7,75.3,8,437,shot
haris-vuckic,https://www.sofascore.com/moldova-slovenia/JObsHVb#id:8600865,slovenia,goal,penalty,penalty,11.5,50,0,left-foot,low-left,0,53.1,1.9,No information,No information,37,No information,2177,50,11.5,46.9,0,46.9,98.1,9,523,shot
haris-vuckic,https://www.sofascore.com/moldova-slovenia/JObsHVb#id:8600865,slovenia,save,No information,assisted,9.7,43.4,0,left-foot,low-left,0,53.1,1.9,No information,No information,32,No information,1911,43.4,9.7,46.9,0,46.9,98.1,14,789,shot
benjamin-verbic,https://www.sofascore.com/moldova-slovenia/JObsHVb#id:8600865,slovenia,miss,No information,corner,17.5,41.7,0,right-foot,high-right,0,33.6,52.8,No information,No information,32,No information,1867,41.7,17.5,66.4,0,66.4,47.2,14,833,shot
damjan-bohar,https://www.sofascore.com/moldova-slovenia/JObsHVb#id:8600865,slovenia,miss,No information,assisted,16.7,73,0,right-foot,high,0,45.9,65.3,No information,No information,29,No information,1729,73,16.7,54.1,0,54.1,34.7,17,971,shot
haris-vuckic,https://www.sofascore.com/moldova-slovenia/JObsHVb#id:8600865,slovenia,miss,No information,assisted,13.1,40.3,0,head,right,0,1.2,1.4,No information,No information,28,No information,1629,40.3,13.1,98.8,0,98.8,98.6,18,1071,shot
miha-blazic,https://www.sofascore.com/moldova-slovenia/JObsHVb#id:8600865,slovenia,save,No information,corner,9.4,55,0,head,low-centre,0,49.1,2.5,No information,No information,23,No information,1364,55,9.4,50.9,0,50.9,97.5,23,1336,shot
haris-vuckic,https://www.sofascore.com/moldova-slovenia/JObsHVb#id:8600865,slovenia,block,No information,regular,20.7,38,0,left-foot,low-centre,0,48.9,19,No information,No information,18,No information,1042,38,20.7,51.1,0,51.1,81,28,1658,shot
jaka-bijol,https://www.sofascore.com/moldova-slovenia/JObsHVb#id:8600865,slovenia,miss,No information,corner,4.9,35.1,0,head,high-right,0,41.3,61.1,No information,No information,16,No information,955,35.1,4.9,58.7,0,58.7,38.9,30,1745,shot
benjamin-verbic,https://www.sofascore.com/moldova-slovenia/JObsHVb#id:8600865,slovenia,save,No information,assisted,15.2,45.7,0,right-foot,low-left,0,53.6,1.3,No information,No information,16,No information,921,45.7,15.2,46.4,0,46.4,98.7,30,1779,shot
sandi-lovric,https://www.sofascore.com/moldova-slovenia/JObsHVb#id:8600865,slovenia,goal,regular,fast-break,5.8,50.3,0,right-foot,low-left,0,53.3,1.9,No information,No information,8,No information,457,50.3,5.8,46.7,0,46.7,98.1,38,2243,shot
ion-nicolaescu,https://www.sofascore.com/moldova-slovenia/JObsHVb#id:8600865,moldova,save,No information,corner,3.6,53.8,0,right-foot,low-centre,0,49,7,No information,No information,4,No information,184,53.8,3.6,51,0,51,93,42,2516,shot
igor-armas,https://www.sofascore.com/moldova-slovenia/JObsHVb#id:8600865,moldova,miss,No information,corner,6.1,45.4,0,head,close-right,0,41.3,6.9,No information,No information,4,No information,183,45.4,6.1,58.7,0,58.7,93.1,42,2517,shot

leo-ostigard,https://www.sofascore.com/slovenia-norway/AObsJOb#id:10023437,norway,miss,No information,assisted,10.2,47.8,0,head,high-right,0,40.7,55.6,No information,No information,90,8,5874,47.8,10.2,59.3,0,59.3,44.4,1,426,shot
leo-ostigard,https://www.sofascore.com/slovenia-norway/AObsJOb#id:10023437,norway,miss,No information,corner,6.8,41.2,0,head,right,0,40,12.5,No information,No information,88,No information,5231,41.2,6.8,60,0,60,87.5,3,169,shot
benjamin-sesko,https://www.sofascore.com/slovenia-norway/AObsJOb#id:10023437,slovenia,goal,regular,regular,27.8,67.2,0,right-foot,low-left,0,54.4,1.3,No information,No information,81,No information,4822,67.2,27.8,45.6,0,45.6,98.7,10,578,shot
mats-moller-daehli,https://www.sofascore.com/slovenia-norway/AObsJOb#id:10023437,norway,miss,No information,assisted,9.7,63.1,0,right-foot,close-right,0,41.5,11.1,No information,No information,80,No information,4771,63.1,9.7,58.5,0,58.5,88.9,11,629,shot
sandi-lovric,https://www.sofascore.com/slovenia-norway/AObsJOb#id:10023437,slovenia,miss,No information,regular,23.8,42.3,0,left-foot,high,0,53.1,62.5,No information,No information,79,No information,4699,42.3,23.8,46.9,0,46.9,37.5,12,701,shot
mats-moller-daehli,https://www.sofascore.com/slovenia-norway/AObsJOb#id:10023437,norway,miss,No information,assisted,10.7,51.8,0,right-foot,high,0,48.4,84.7,No information,No information,77,No information,4617,51.8,10.7,51.6,0,51.6,15.3,14,783,shot
morten-thorsby,https://www.sofascore.com/slovenia-norway/AObsJOb#id:10023437,norway,save,No information,regular,16.4,54,0,right-foot,low-centre,0,48.3,10.8,No information,No information,77,No information,4614,54,16.4,51.7,0,51.7,89.2,14,786,shot
benjamin-sesko,https://www.sofascore.com/slovenia-norway/AObsJOb#id:10023437,slovenia,save,No information,assisted,11.2,29.5,0,right-foot,low-centre,0,49.8,1.9,No information,No information,75,No information,4474,29.5,11.2,50.2,0,50.2,98.1,16,926,shot
andraz-sporar,https://www.sofascore.com/slovenia-norway/AObsJOb#id:10023437,slovenia,goal,regular,assisted,2.7,53,0,right-foot,high-right,0,47.7,24.7,No information,No information,69,No information,4129,53,2.7,52.3,0,52.3,75.3,22,1271,shot
miha-blazic,https://www.sofascore.com/slovenia-norway/AObsJOb#id:10023437,slovenia,miss,No information,corner,10.4,58.1,0,right-foot,high,0,47.2,72.2,No information,No information,58,No information,3458,58.1,10.4,52.8,0,52.8,27.8,33,1942,shot
benjamin-verbic,https://www.sofascore.com/slovenia-norway/AObsJOb#id:10023437,slovenia,miss,No information,assisted,19.2,38.6,0,right-foot,close-left,0,57.1,1.4,No information,No information,54,No information,3182,38.6,19.2,42.9,0,42.9,98.6,37,2218,shot
erling-haaland,https://www.sofascore.com/slovenia-norway/AObsJOb#id:10023437,norway,miss,No information,assisted,25.9,41,0,right-foot,right,0,38.8,9.7,No information,No information,50,No information,2978,41,25.9,61.2,0,61.2,90.3,41,2422,shot
erling-haaland,https://www.sofascore.com/slovenia-norway/AObsJOb#id:10023437,norway,goal,regular,assisted,12.8,54.2,0,right-foot,low-left,0,53.9,9.5,No information,No information,47,No information,2781,54.2,12.8,46.1,0,46.1,90.5,44,2619,shot
leo-ostigard,https://www.sofascore.com/slovenia-norway/AObsJOb#id:10023437,norway,save,No information,set-piece,11.5,50.9,0,head,low-centre,0,50.1,9.5,No information,No information,45,No information,2642,50.9,11.5,49.9,0,49.9,90.5,1,58,shot
kristian-thorstvedt,https://www.sofascore.com/slovenia-norway/AObsJOb#id:10023437,norway,block,No information,assisted,22.8,34.7,0,left-foot,low-centre,0,49.8,19,No information,No information,41,No information,2431,34.7,22.8,50.2,0,50.2,81,5,269,shot
erling-haaland,https://www.sofascore.com/slovenia-norway/AObsJOb#id:10023437,norway,miss,No information,assisted,12.9,32.5,0,left-foot,close-left,0,57.3,23.6,No information,No information,36,No information,2130,32.5,12.9,42.7,0,42.7,76.4,10,570,shot
mohamed-elyounoussi,https://www.sofascore.com/slovenia-norway/AObsJOb#id:10023437,norway,miss,No information,assisted,27.5,24.1,0,right-foot,high-right,0,36.6,44.4,No information,No information,35,No information,2051,24.1,27.5,63.4,0,63.4,55.6,11,649,shot
zan-karnicnik,https://www.sofascore.com/slovenia-norway/AObsJOb#id:10023437,slovenia,miss,No information,assisted,19.9,69.4,0,left-foot,close-left,0,58.3,36.1,No information,No information,32,No information,1903,69.4,19.9,41.7,0,41.7,63.9,14,797,shot
leo-ostigard,https://www.sofascore.com/slovenia-norway/AObsJOb#id:10023437,norway,block,No information,corner,5,51.3,0,head,low-centre,0,49.9,19,No information,No information,25,No information,1440,51.3,5,50.1,0,50.1,81,21,1260,shot
leo-ostigard,https://www.sofascore.com/slovenia-norway/AObsJOb#id:10023437,norway,save,No information,corner,3.7,54,0,head,high-centre,0,49.7,20.9,No information,No information,24,No information,1391,54,3.7,50.3,0,50.3,79.1,22,1309,shot
mohamed-elyounoussi,https://www.sofascore.com/slovenia-norway/AObsJOb#id:10023437,norway,save,No information,assisted,19.2,26.5,0,right-foot,low-centre,0,48.6,8.9,No information,No information,14,No information,816,26.5,19.2,51.4,0,51.4,91.1,32,1884,shot
benjamin-verbic,https://www.sofascore.com/slovenia-norway/AObsJOb#id:10023437,slovenia,save,No information,assisted,9.8,35.5,0,right-foot,low-left,0,52.4,4.4,No information,No information,2,No information,112,35.5,9.8,47.6,0,47.6,95.6,44,2588,shot
jasmin-kurtic,https://www.sofascore.com/slovenia-norway/AObsJOb#id:10023437,slovenia,miss,No information,regular,26.4,58.8,0,right-foot,right,0,35.8,16.7,No information,No information,2,No information,79,58.8,26.4,64.2,0,64.2,83.3,44,2621,shot

ondrej-duda,https://www.sofascore.com/slovakia-slovenia/JObsXTb#id:9223849,slovakia,block,No information,assisted,14.6,66.9,0,right-foot,low-centre,0,48.6,19,No information,No information,90,2,5488,66.9,14.6,51.4,0,51.4,81,1,812,shot
robert-mak,https://www.sofascore.com/slovakia-slovenia/JObsXTb#id:9223849,slovakia,save,No information,assisted,12.5,34,0,right-foot,low-centre,0,50.7,0.6,No information,No information,87,No information,5198,34,12.5,49.3,0,49.3,99.4,4,202,shot
andraz-sporar,https://www.sofascore.com/slovakia-slovenia/JObsXTb#id:9223849,slovenia,save,No information,assisted,8.2,54.9,0,head,high-centre,0,51.8,20.9,No information,No information,86,No information,5118,54.9,8.2,48.2,0,48.2,79.1,5,282,shot
domen-crnigoj,https://www.sofascore.com/slovakia-slovenia/JObsXTb#id:9223849,slovenia,miss,No information,assisted,19.4,30.1,0,right-foot,high-right,0,44,83.3,No information,No information,75,No information,4493,30.1,19.4,56,0,56,16.7,16,907,shot
sandi-lovric,https://www.sofascore.com/slovakia-slovenia/JObsXTb#id:9223849,slovenia,save,No information,assisted,18.9,63.7,0,right-foot,low-right,0,46.1,1.9,No information,No information,74,No information,4422,63.7,18.9,53.9,0,53.9,98.1,17,978,shot
milan-skriniar,https://www.sofascore.com/slovakia-slovenia/JObsXTb#id:9223849,slovakia,miss,No information,set-piece,8.3,47,0,head,close-high,0,49.4,58.3,No information,No information,67,No information,4005,47,8.3,50.6,0,50.6,41.7,24,1395,shot
peter-pekarik,https://www.sofascore.com/slovakia-slovenia/JObsXTb#id:9223849,slovakia,miss,No information,corner,25.8,43.7,0,left-foot,right,0,32.9,1.4,No information,No information,64,No information,3780,43.7,25.8,67.1,0,67.1,98.6,27,1620,shot
sandi-lovric,https://www.sofascore.com/slovakia-slovenia/JObsXTb#id:9223849,slovenia,miss,No information,assisted,8.2,73.2,0,right-foot,close-right,0,43.5,31.9,No information,No information,59,No information,3514,73.2,8.2,56.5,0,56.5,68.1,32,1886,shot
juraj-kucka,https://www.sofascore.com/slovakia-slovenia/JObsXTb#id:9223849,slovakia,miss,No information,regular,32.2,59.8,0,right-foot,high-right,0,37.3,72.2,No information,No information,56,No information,3322,59.8,32.2,62.7,0,62.7,27.8,35,2078,shot
juraj-kucka,https://www.sofascore.com/slovakia-slovenia/JObsXTb#id:9223849,slovakia,miss,No information,assisted,25.4,63.2,0,right-foot,left,0,61.7,2.8,No information,No information,50,No information,2992,63.2,25.4,38.3,0,38.3,97.2,41,2408,shot
juraj-kucka,https://www.sofascore.com/slovakia-slovenia/JObsXTb#id:9223849,slovakia,post,No information,corner,6.1,39.6,0,head,high,0,50.5,38.6,No information,No information,48,No information,2857,39.6,6.1,49.5,0,49.5,61.4,43,2543,shot
leo-stulac,https://www.sofascore.com/slovakia-slovenia/JObsXTb#id:9223849,slovenia,save,No information,assisted,30.4,66.9,0,right-foot,low-centre,0,51.3,17.1,No information,No information,45,No information,2656,66.9,30.4,48.7,0,48.7,82.9,1,44,shot
petar-stojanovic,https://www.sofascore.com/slovakia-slovenia/JObsXTb#id:9223849,slovenia,goal,regular,assisted,8.7,60.7,0,right-foot,high-right,0,46.7,21.5,No information,No information,42,No information,2513,60.7,8.7,53.3,0,53.3,78.5,4,187,shot
sandi-lovric,https://www.sofascore.com/slovakia-slovenia/JObsXTb#id:9223849,slovenia,save,No information,assisted,6,69.3,0,right-foot,low-centre,0,50.6,5.1,No information,No information,41,No information,2427,69.3,6,49.4,0,49.4,94.9,5,273,shot
miha-zajc,https://www.sofascore.com/slovakia-slovenia/JObsXTb#id:9223849,slovenia,block,No information,assisted,13.4,26.8,0,right-foot,low-right,0,47.7,19,No information,No information,38,No information,2222,26.8,13.4,52.3,0,52.3,81,8,478,shot
ivan-schranz,https://www.sofascore.com/slovakia-slovenia/JObsXTb#id:9223849,slovakia,post,No information,assisted,7.1,60.4,0,right-foot,right,0,44.7,23.4,No information,No information,37,No information,2196,60.4,7.1,55.3,0,55.3,76.6,9,504,shot
robert-bozenik,https://www.sofascore.com/slovakia-slovenia/JObsXTb#id:9223849,slovakia,goal,regular,assisted,9.3,42.6,0,head,low-left,0,53.1,12,No information,No information,32,No information,1893,42.6,9.3,46.9,0,46.9,88,14,807,shot
stanislav-lobotka,https://www.sofascore.com/slovakia-slovenia/JObsXTb#id:9223849,slovakia,miss,No information,regular,26.1,42.1,0,right-foot,high,0,46.1,75,No information,No information,31,No information,1815,42.1,26.1,53.9,0,53.9,25,15,885,shot
juraj-kucka,https://www.sofascore.com/slovakia-slovenia/JObsXTb#id:9223849,slovakia,miss,No information,assisted,27.2,63.1,0,right-foot,left,0,59.7,12.5,No information,No information,29,No information,1716,63.1,27.2,40.3,0,40.3,87.5,17,984,shot
sandi-lovric,https://www.sofascore.com/slovakia-slovenia/JObsXTb#id:9223849,slovenia,miss,No information,free-kick,19.8,28.4,0,right-foot,high,0,50.4,73.6,No information,No information,19,No information,1098,28.4,19.8,49.6,0,49.6,26.4,27,1602,shot

kristiansen-victor,https://www.sofascore.com/slovenia-denmark/BObsJOb#id:10752445,denmark,miss,No information,assisted,6.6,36.1,0,left-foot,left,0,61.5,1.4,No information,No information,85,No information,5055,36.1,6.6,38.5,0,38.5,98.6,6,345,shot
christian-eriksen,https://www.sofascore.com/slovenia-denmark/BObsJOb#id:10752445,denmark,miss,No information,free-kick,21.9,66.6,0,right-foot,left,0,60.3,31.9,No information,No information,83,No information,4952,66.6,21.9,39.7,0,39.7,68.1,8,448,shot
jan-mlakar,https://www.sofascore.com/slovenia-denmark/BObsJOb#id:10752445,slovenia,miss,No information,corner,10.5,61,0,head,right,0,40.3,34.7,No information,No information,77,No information,4574,61,10.5,59.7,0,59.7,65.3,14,826,shot
jens-stryger-larsen,https://www.sofascore.com/slovenia-denmark/BObsJOb#id:10752445,denmark,miss,No information,assisted,11,41.8,0,right-foot,left,0,62.9,29.2,No information,No information,72,No information,4305,41.8,11,37.1,0,37.1,70.8,19,1095,shot
jan-mlakar,https://www.sofascore.com/slovenia-denmark/BObsJOb#id:10752445,slovenia,post,No information,regular,12,38,0,left-foot,high,0,49.8,39.9,No information,No information,68,No information,4057,38,12,50.2,0,50.2,60.1,23,1343,shot
andreas-christensen,https://www.sofascore.com/slovenia-denmark/BObsJOb#id:10752445,denmark,miss,No information,corner,7,55,0,left-foot,close-right,0,43.4,26.4,No information,No information,65,No information,3897,55,7,56.6,0,56.6,73.6,26,1503,shot
christian-eriksen,https://www.sofascore.com/slovenia-denmark/BObsJOb#id:10752445,denmark,post,No information,assisted,4.1,59,0,right-foot,left,0,55.2,3.8,No information,No information,64,No information,3805,59,4.1,44.8,0,44.8,96.2,27,1595,shot
andreas-skov-olsen,https://www.sofascore.com/slovenia-denmark/BObsJOb#id:10752445,denmark,miss,No information,assisted,14.7,67.8,0,left-foot,close-high,0,48.1,59.7,No information,No information,61,No information,3623,67.8,14.7,51.9,0,51.9,40.3,30,1777,shot
benjamin-sesko,https://www.sofascore.com/slovenia-denmark/BObsJOb#id:10752445,slovenia,save,No information,regular,9.2,70.8,0,right-foot,low-right,0,47.1,3.2,No information,No information,59,No information,3509,70.8,9.2,52.9,0,52.9,96.8,32,1891,shot
zan-karnicnik,https://www.sofascore.com/slovenia-denmark/BObsJOb#id:10752445,slovenia,miss,No information,regular,25.1,50.1,0,right-foot,high-right,0,36.5,72.2,No information,No information,52,No information,3096,50.1,25.1,63.5,0,63.5,27.8,39,2304,shot
christian-eriksen,https://www.sofascore.com/slovenia-denmark/BObsJOb#id:10752445,denmark,save,No information,assisted,26,66.1,0,right-foot,high-centre,0,48.8,29.1,No information,No information,49,No information,2904,66.1,26,51.2,0,51.2,70.9,42,2496,shot
rasmus-hojlund,https://www.sofascore.com/slovenia-denmark/BObsJOb#id:10752445,denmark,goal,regular,assisted,5,50.4,0,right-foot,low-centre,0,49.2,2.5,No information,No information,42,No information,2487,50.4,5,50.8,0,50.8,97.5,4,213,shot
jens-stryger-larsen,https://www.sofascore.com/slovenia-denmark/BObsJOb#id:10752445,denmark,miss,No information,assisted,17.8,27.2,0,right-foot,close-right,0,42,38.9,No information,No information,29,No information,1718,27.2,17.8,58,0,58,61.1,17,982,shot
andraz-sporar,https://www.sofascore.com/slovenia-denmark/BObsJOb#id:10752445,slovenia,goal,regular,corner,8.4,55,0,right-foot,low-right,0,47,4.4,No information,No information,25,No information,1445,55,8.4,53,0,53,95.6,21,1255,shot
andreas-skov-olsen,https://www.sofascore.com/slovenia-denmark/BObsJOb#id:10752445,denmark,block,No information,regular,11.7,54.8,0,left-foot,low-centre,0,51.5,19,No information,No information,18,No information,1027,54.8,11.7,48.5,0,48.5,81,28,1673,shot
zan-karnicnik,https://www.sofascore.com/slovenia-denmark/BObsJOb#id:10752445,slovenia,miss,No information,assisted,13.5,69.7,0,right-foot,close-right,0,41.5,29.2,No information,No information,9,No information,485,69.7,13.5,58.5,0,58.5,70.8,37,2215,shot

domen-crnigoj,https://www.sofascore.com/slovenia-malta/IObsJOb#id:9223932,slovenia,post,No information,assisted,15.1,20.4,0,right-foot,high,0,47.8,39.9,No information,No information,90,2,5501,20.4,15.1,52.2,0,52.2,60.1,1,799,shot
benjamin-sesko,https://www.sofascore.com/slovenia-malta/IObsJOb#id:9223932,slovenia,miss,No information,assisted,22.8,38.6,0,right-foot,close-right,0,41.3,6.9,No information,No information,88,No information,5248,38.6,22.8,58.7,0,58.7,93.1,3,152,shot
jon-gorenc-stankovic,https://www.sofascore.com/slovenia-malta/IObsJOb#id:9223932,slovenia,miss,No information,corner,7.5,51.3,0,head,high,0,50.9,81.9,No information,No information,86,No information,5118,51.3,7.5,49.1,0,49.1,18.1,5,282,shot
adam-gnezda-cerin,https://www.sofascore.com/slovenia-malta/IObsJOb#id:9223932,slovenia,miss,No information,assisted,8.7,35.7,0,right-foot,close-high,0,50.8,54.2,No information,No information,82,No information,4890,35.7,8.7,49.2,0,49.2,45.8,9,510,shot
domen-crnigoj,https://www.sofascore.com/slovenia-malta/IObsJOb#id:9223932,slovenia,block,No information,assisted,24.5,28.7,0,right-foot,low-left,0,53.1,19,No information,No information,76,No information,4551,28.7,24.5,46.9,0,46.9,81,15,849,shot
satariano-alexander,https://www.sofascore.com/slovenia-malta/IObsJOb#id:9223932,malta,block,No information,assisted,24.9,25.6,0,left-foot,low-centre,0,50.2,19,No information,No information,69,No information,4102,25.6,24.9,49.8,0,49.8,81,22,1298,shot
benjamin-sesko,https://www.sofascore.com/slovenia-malta/IObsJOb#id:9223932,slovenia,goal,regular,set-piece,5,55.7,0,head,low-left,0,54.3,5.1,No information,No information,67,No information,3963,55.7,5,45.7,0,45.7,94.9,24,1437,shot
kurt-shaw,https://www.sofascore.com/slovenia-malta/IObsJOb#id:9223932,malta,miss,No information,corner,7,55.3,0,head,close-right,0,41.5,5.6,No information,No information,65,No information,3847,55.3,7,58.5,0,58.5,94.4,26,1553,shot
adam-gnezda-cerin,https://www.sofascore.com/slovenia-malta/IObsJOb#id:9223932,slovenia,block,No information,assisted,29.2,53,0,right-foot,low-centre,0,51.4,19,No information,No information,62,No information,3685,53,29.2,48.6,0,48.6,81,29,1715,shot
josip-ilicic,https://www.sofascore.com/slovenia-malta/IObsJOb#id:9223932,slovenia,goal,regular,assisted,12.5,62,0,left-foot,low-left,0,54,15.8,No information,No information,60,No information,3582,62,12.5,46,0,46,84.2,31,1818,shot
sandi-lovric,https://www.sofascore.com/slovenia-malta/IObsJOb#id:9223932,slovenia,block,No information,assisted,24.9,46.6,0,right-foot,low-centre,0,49.2,19,No information,No information,55,No information,3252,46.6,24.9,50.8,0,50.8,81,36,2148,shot
andraz-sporar,https://www.sofascore.com/slovenia-malta/IObsJOb#id:9223932,slovenia,goal,regular,assisted,14,60.4,0,right-foot,high-left,0,53.2,24.7,No information,No information,49,No information,2928,60.4,14,46.8,0,46.8,75.3,42,2472,shot
luke-montebello,https://www.sofascore.com/slovenia-malta/IObsJOb#id:9223932,malta,miss,No information,assisted,10,51.5,0,head,right,0,39.8,20.8,No information,No information,41,No information,2415,51.5,10,60.2,0,60.2,79.2,5,285,shot
jure-balkovec,https://www.sofascore.com/slovenia-malta/IObsJOb#id:9223932,slovenia,miss,No information,set-piece,30.5,42.5,0,left-foot,high,0,51.3,91.7,No information,No information,32,No information,1875,42.5,30.5,48.7,0,48.7,8.3,14,825,shot
josip-ilicic,https://www.sofascore.com/slovenia-malta/IObsJOb#id:9223932,slovenia,block,No information,free-kick,16.4,81.2,0,left-foot,low-left,0,52.3,19,No information,No information,32,No information,1871,81.2,16.4,47.7,0,47.7,81,14,829,shot
josip-ilicic,https://www.sofascore.com/slovenia-malta/IObsJOb#id:9223932,slovenia,goal,regular,assisted,11.7,42.7,0,left-foot,low-left,0,52.8,3.2,No information,No information,27,No information,1608,42.7,11.7,47.2,0,47.2,96.8,19,1092,shot
andraz-sporar,https://www.sofascore.com/slovenia-malta/IObsJOb#id:9223932,slovenia,block,No information,regular,10.8,56.3,0,left-foot,low-centre,0,49.3,19,No information,No information,25,No information,1466,56.3,10.8,50.7,0,50.7,81,21,1234,shot
andraz-sporar,https://www.sofascore.com/slovenia-malta/IObsJOb#id:9223932,slovenia,block,No information,regular,9.6,55.5,0,left-foot,low-centre,0,49.2,19,No information,No information,25,No information,1464,55.5,9.6,50.8,0,50.8,81,21,1236,shot
andraz-sporar,https://www.sofascore.com/slovenia-malta/IObsJOb#id:9223932,slovenia,block,No information,regular,10,57.7,0,right-foot,low-right,0,47.9,19,No information,No information,25,No information,1463,57.7,10,52.1,0,52.1,81,21,1237,shot
jaka-bijol,https://www.sofascore.com/slovenia-malta/IObsJOb#id:9223932,slovenia,miss,No information,corner,10,56.5,0,head,left,0,61.3,2.8,No information,No information,17,No information,1002,56.5,10,38.7,0,38.7,97.2,29,1698,shot
cain-attard,https://www.sofascore.com/slovenia-malta/IObsJOb#id:9223932,malta,miss,No information,assisted,6.4,41.2,0,left-foot,right,0,0.7,4.2,No information,No information,8,No information,466,41.2,6.4,99.3,0,99.3,95.8,38,2234,shot
sandi-lovric,https://www.sofascore.com/slovenia-malta/IObsJOb#id:9223932,slovenia,save,No information,regular,24.8,50.9,0,right-foot,low-centre,0,49.5,17.1,No information,No information,7,No information,390,50.9,24.8,50.5,0,50.5,82.9,39,2310,shot
adam-gnezda-cerin,https://www.sofascore.com/slovenia-malta/IObsJOb#id:9223932,slovenia,miss,No information,corner,24.8,77.3,0,left-foot,high-left,0,71.1,81.9,No information,No information,6,No information,350,77.3,24.8,28.9,0,28.9,18.1,40,2350,shot
luke-montebello,https://www.sofascore.com/slovenia-malta/IObsJOb#id:9223932,malta,save,No information,assisted,10,40.2,0,left-foot,low-left,0,54.5,1.3,No information,No information,5,No information,268,40.2,10,45.5,0,45.5,98.7,41,2432,shot
jaka-bijol,https://www.sofascore.com/slovenia-malta/IObsJOb#id:9223932,slovenia,miss,No information,set-piece,12.1,43.7,0,head,right,0,32.6,1.4,No information,No information,3,No information,146,43.7,12.1,67.4,0,67.4,98.6,43,2554,shot

dejan-kulusevski,https://www.sofascore.com/sweden-slovenia/JObsNTb#id:10023346,sweden,goal,regular,fast-break,4.5,65.8,0,right-foot,high-centre,0,51.4,31.6,No information,No information,88,No information,5231,65.8,4.5,48.6,0,48.6,68.4,3,169,shot
benjamin-verbic,https://www.sofascore.com/sweden-slovenia/JObsNTb#id:10023346,slovenia,block,No information,regular,11.9,29.5,0,right-foot,low-centre,0,50.9,19,No information,No information,78,No information,4654,29.5,11.9,49.1,0,49.1,81,13,746,shot
zan-celar,https://www.sofascore.com/sweden-slovenia/JObsNTb#id:10023346,slovenia,block,No information,regular,11.5,39.9,0,left-foot,low-centre,0,51,19,No information,No information,78,No information,4652,39.9,11.5,49,0,49,81,13,748,shot
sandi-lovric,https://www.sofascore.com/sweden-slovenia/JObsNTb#id:10023346,slovenia,block,No information,assisted,22.2,62,0,right-foot,low-left,0,51.8,19,No information,No information,78,No information,4649,62,22.2,48.2,0,48.2,81,13,751,shot
zan-celar,https://www.sofascore.com/sweden-slovenia/JObsNTb#id:10023346,slovenia,save,No information,assisted,28.8,49.8,0,right-foot,low-left,0,52.9,5.1,No information,No information,71,No information,4230,49.8,28.8,47.1,0,47.1,94.9,20,1170,shot
viktor-claesson,https://www.sofascore.com/sweden-slovenia/JObsNTb#id:10023346,sweden,save,No information,set-piece,9.8,60.6,0,left-foot,low-right,0,47.9,3.2,No information,No information,69,No information,4082,60.6,9.8,52.1,0,52.1,96.8,22,1318,shot
dejan-kulusevski,https://www.sofascore.com/sweden-slovenia/JObsNTb#id:10023346,sweden,save,No information,assisted,18.2,71.5,0,left-foot,high-left,0,52.8,29.1,No information,No information,59,No information,3528,71.5,18.2,47.2,0,47.2,70.9,32,1872,shot
benjamin-sesko,https://www.sofascore.com/sweden-slovenia/JObsNTb#id:10023346,slovenia,miss,No information,assisted,25.6,49.5,0,right-foot,high,0,50.1,61.1,No information,No information,59,No information,3480,49.5,25.6,49.9,0,49.9,38.9,32,1920,shot
miha-zajc,https://www.sofascore.com/sweden-slovenia/JObsNTb#id:10023346,slovenia,miss,No information,assisted,18.1,44.1,0,left-foot,high-left,0,60.3,63.9,No information,No information,45,1,2755,44.1,18.1,39.7,0,39.7,36.1,1,2645,shot
emil-forsberg,https://www.sofascore.com/sweden-slovenia/JObsNTb#id:10023346,sweden,goal,penalty,penalty,11.5,50,0,right-foot,low-right,0,45.8,1.9,No information,No information,39,No information,2325,50,11.5,54.2,0,54.2,98.1,7,375,shot
andraz-sporar,https://www.sofascore.com/sweden-slovenia/JObsNTb#id:10023346,slovenia,miss,No information,assisted,18.7,26.2,0,right-foot,close-left,0,58.7,8.3,No information,No information,35,No information,2059,26.2,18.7,41.3,0,41.3,91.7,11,641,shot
alexander-isak,https://www.sofascore.com/sweden-slovenia/JObsNTb#id:10023346,sweden,block,No information,assisted,24.9,43.5,0,right-foot,low-right,0,47.7,19,No information,No information,35,No information,2042,43.5,24.9,52.3,0,52.3,81,11,658,shot
andraz-sporar,https://www.sofascore.com/sweden-slovenia/JObsNTb#id:10023346,slovenia,save,No information,fast-break,13,62.4,0,right-foot,low-centre,0,51.8,3.8,No information,No information,31,No information,1851,62.4,13,48.2,0,48.2,96.2,15,849,shot
dejan-kulusevski,https://www.sofascore.com/sweden-slovenia/JObsNTb#id:10023346,sweden,block,No information,assisted,15.7,70.4,0,left-foot,low-centre,0,50,19,No information,No information,28,No information,1629,70.4,15.7,50,0,50,81,18,1071,shot
andraz-sporar,https://www.sofascore.com/sweden-slovenia/JObsNTb#id:10023346,slovenia,save,No information,fast-break,15,65.1,0,right-foot,low-centre,0,51.5,3.8,No information,No information,21,No information,1229,65.1,15,48.5,0,48.5,96.2,25,1471,shot
miha-zajc,https://www.sofascore.com/sweden-slovenia/JObsNTb#id:10023346,slovenia,block,No information,corner,22.1,47.6,0,left-foot,low-right,0,46.4,19,No information,No information,16,No information,940,47.6,22.1,53.6,0,53.6,81,30,1760,shot
petar-stojanovic,https://www.sofascore.com/sweden-slovenia/JObsNTb#id:10023346,slovenia,block,No information,assisted,14.5,68.2,0,right-foot,low-right,0,47.5,19,No information,No information,15,No information,893,68.2,14.5,52.5,0,52.5,81,31,1807,shot
kristoffer-olsson,https://www.sofascore.com/sweden-slovenia/JObsNTb#id:10023346,sweden,miss,No information,assisted,21,53.8,0,right-foot,left,0,59.7,1.4,No information,No information,12,No information,675,53.8,21,40.3,0,40.3,98.6,34,2025,shot
alexander-isak,https://www.sofascore.com/sweden-slovenia/JObsNTb#id:10023346,sweden,post,No information,assisted,5.4,47.2,0,head,right,0,44.7,14.6,No information,No information,9,No information,516,47.2,5.4,55.3,0,55.3,85.4,37,2184,shot
zan-celar,https://www.sofascore.com/sweden-slovenia/JObsNTb#id:10023346,slovenia,miss,No information,assisted,4.7,50.3,0,right-foot,right,0,29.4,16.7,No information,No information,8,No information,428,50.3,4.7,70.6,0,70.6,83.3,38,2272,shot
ludwig-augustinsson,https://www.sofascore.com/sweden-slovenia/JObsNTb#id:10023346,sweden,miss,No information,free-kick,23.7,69.8,0,left-foot,close-high,0,46.2,59.7,No information,No information,4,No information,203,69.8,23.7,53.8,0,53.8,40.3,42,2497,shot
alexander-isak,https://www.sofascore.com/sweden-slovenia/JObsNTb#id:10023346,sweden,miss,No information,corner,9.6,55.8,0,head,left,0,96.6,18.1,No information,No information,2,No information,76,55.8,9.6,3.4,0,3.4,81.9,44,2624,shot

giorgos-masouras,https://www.sofascore.com/greece-slovenia/JObskUb#id:8600844,greece,miss,No information,assisted,14.3,52.6,0,right-foot,right,0,40.7,23.6,No information,No information,90,2,5490,52.6,14.3,59.3,0,59.3,76.4,1,810,shot
andraz-sporar,https://www.sofascore.com/greece-slovenia/JObskUb#id:8600844,slovenia,miss,No information,assisted,5.4,50.1,0,right-foot,close-right,0,43.4,8.3,No information,No information,86,No information,5126,50.1,5.4,56.6,0,56.6,91.7,5,274,shot
dimitrios-siovas,https://www.sofascore.com/greece-slovenia/JObskUb#id:8600844,greece,save,No information,set-piece,10,57,0,left-foot,low-right,0,46.5,13.9,No information,No information,81,No information,4829,57,10,53.5,0,53.5,86.1,10,571,shot
petros-mantalos,https://www.sofascore.com/greece-slovenia/JObskUb#id:8600844,greece,block,No information,assisted,25.1,67.1,0,right-foot,low-right,0,45.4,19,No information,No information,71,No information,4210,67.1,25.1,54.6,0,54.6,81,20,1190,shot
vangelis-pavlidis,https://www.sofascore.com/greece-slovenia/JObskUb#id:8600844,greece,miss,No information,corner,6.9,56.4,0,head,high-right,0,41.8,62.5,No information,No information,61,No information,3601,56.4,6.9,58.2,0,58.2,37.5,30,1799,shot
anastasios-bakasetas,https://www.sofascore.com/greece-slovenia/JObskUb#id:8600844,greece,save,No information,assisted,29.1,65.8,0,left-foot,low-centre,0,49.1,10.1,No information,No information,55,No information,3299,65.8,29.1,50.9,0,50.9,89.9,36,2101,shot
dimitris-limnios,https://www.sofascore.com/greece-slovenia/JObskUb#id:8600844,greece,save,No information,assisted,14.4,68.8,0,right-foot,low-centre,0,51.2,2.5,No information,No information,52,No information,3060,68.8,14.4,48.8,0,48.8,97.5,39,2340,shot
dimitrios-siovas,https://www.sofascore.com/greece-slovenia/JObskUb#id:8600844,greece,miss,No information,set-piece,14,49.9,0,head,close-high-left,0,58.8,58.3,No information,No information,50,No information,2962,49.9,14,41.2,0,41.2,41.7,41,2438,shot
jaka-bijol,https://www.sofascore.com/greece-slovenia/JObskUb#id:8600844,slovenia,miss,No information,corner,8.8,48.9,0,head,high,0,49.1,83.3,No information,No information,31,No information,1856,48.9,8.8,50.9,0,50.9,16.7,15,844,shot
vangelis-pavlidis,https://www.sofascore.com/greece-slovenia/JObskUb#id:8600844,greece,save,No information,corner,3.4,56.9,0,right-foot,low-centre,0,49.8,3.2,No information,No information,29,No information,1706,56.9,3.4,50.2,0,50.2,96.8,17,994,shot
dimitrios-siovas,https://www.sofascore.com/greece-slovenia/JObskUb#id:8600844,greece,block,No information,set-piece,4.6,64.1,0,left-foot,low-left,0,53.9,19,No information,No information,28,No information,1662,64.1,4.6,46.1,0,46.1,81,18,1038,shot
dimitris-limnios,https://www.sofascore.com/greece-slovenia/JObskUb#id:8600844,greece,miss,No information,assisted,12.5,48.4,0,head,left,0,70.9,5.6,No information,No information,23,No information,1348,48.4,12.5,29.1,0,29.1,94.4,23,1352,shot
dimitrios-giannoulis,https://www.sofascore.com/greece-slovenia/JObskUb#id:8600844,greece,miss,No information,corner,29.3,48.5,0,left-foot,left,0,66.6,25,No information,No information,16,No information,953,48.5,29.3,33.4,0,33.4,75,30,1747,shot
jure-balkovec,https://www.sofascore.com/greece-slovenia/JObskUb#id:8600844,slovenia,block,No information,set-piece,28.1,66,0,left-foot,low-centre,0,50.7,19,No information,No information,11,No information,601,66,28.1,49.3,0,49.3,81,35,2099,shot
jure-balkovec,https://www.sofascore.com/greece-slovenia/JObskUb#id:8600844,slovenia,block,No information,free-kick,26.1,70.7,0,left-foot,low-centre,0,49.2,19,No information,No information,10,No information,599,70.7,26.1,50.8,0,50.8,81,36,2101,shot
amedej-vetrih,https://www.sofascore.com/greece-slovenia/JObskUb#id:8600844,slovenia,save,No information,assisted,27.2,52.8,0,right-foot,low-centre,0,50.9,12.7,No information,No information,8,No information,422,52.8,27.2,49.1,0,49.1,87.3,38,2278,shot
vangelis-pavlidis,https://www.sofascore.com/greece-slovenia/JObskUb#id:8600844,greece,save,No information,assisted,17.2,63.5,0,left-foot,low-left,0,52.5,11.4,No information,No information,6,No information,301,63.5,17.2,47.5,0,47.5,88.6,40,2399,shot

zan-karnicnik,https://www.sofascore.com/slovenia-denmark/BObsJOb#id:11873971,slovenia,miss,No information,assisted,27.6,71.5,0,right-foot,high-right,0,40,87.5,No information,No information,90,No information,5391,71.5,27.6,60,0,60,12.5,1,9,shot
hjulmand-morten,https://www.sofascore.com/slovenia-denmark/BObsJOb#id:11873971,denmark,save,No information,assisted,23.4,49.3,0,left-foot,low-centre,0,51.7,1.9,No information,No information,86,No information,5124,49.3,23.4,48.3,0,48.3,98.1,5,276,shot
andraz-sporar,https://www.sofascore.com/slovenia-denmark/BObsJOb#id:11873971,slovenia,save,No information,assisted,4.8,67.5,0,right-foot,high-right,0,45.5,24.1,No information,No information,81,No information,4847,67.5,4.8,54.5,0,54.5,75.9,10,553,shot
jannik-vestergaard,https://www.sofascore.com/slovenia-denmark/BObsJOb#id:11873971,denmark,save,No information,corner,8.8,36,0,head,high-left,0,52.9,21.5,No information,No information,81,No information,4815,36,8.8,47.1,0,47.1,78.5,10,585,shot
andraz-sporar,https://www.sofascore.com/slovenia-denmark/BObsJOb#id:11873971,slovenia,miss,No information,regular,8.9,47.9,0,left-foot,high,0,47.2,75,No information,No information,79,No information,4690,47.9,8.9,52.8,0,52.8,25,12,710,shot
andraz-sporar,https://www.sofascore.com/slovenia-denmark/BObsJOb#id:11873971,slovenia,block,No information,assisted,8,50.9,0,left-foot,low-right,0,47.1,19,No information,No information,79,No information,4688,50.9,8,52.9,0,52.9,81,12,712,shot
erik-janza,https://www.sofascore.com/slovenia-denmark/BObsJOb#id:11873971,slovenia,goal,regular,corner,21.8,29.3,0,left-foot,low-centre,0,49.2,19,No information,No information,77,No information,4579,29.3,21.8,50.8,0,50.8,81,14,821,shot
benjamin-sesko,https://www.sofascore.com/slovenia-denmark/BObsJOb#id:11873971,slovenia,post,No information,regular,25.4,56,0,right-foot,right,0,44.5,17.7,No information,No information,76,No information,4536,56,25.4,55.5,0,55.5,82.3,15,864,shot
andraz-sporar,https://www.sofascore.com/slovenia-denmark/BObsJOb#id:11873971,slovenia,miss,No information,set-piece,4.4,49.7,0,right-foot,left,0,60,16.7,No information,No information,74,No information,4426,49.7,4.4,40,0,40,83.3,17,974,shot
jonas-wind,https://www.sofascore.com/slovenia-denmark/BObsJOb#id:11873971,denmark,miss,No information,corner,4.6,53.2,0,head,high,0,46.7,69.4,No information,No information,71,No information,4243,53.2,4.6,53.3,0,53.3,30.6,20,1157,shot
christian-eriksen,https://www.sofascore.com/slovenia-denmark/BObsJOb#id:11873971,denmark,miss,No information,throw-in-set-piece,5.2,34.8,0,left-foot,left,0,59.8,22.2,No information,No information,68,No information,4048,34.8,5.2,40.2,0,40.2,77.8,23,1352,shot
adam-gnezda-cerin,https://www.sofascore.com/slovenia-denmark/BObsJOb#id:11873971,slovenia,miss,No information,assisted,8,47.4,0,head,close-right,0,42.5,26.4,No information,No information,66,No information,3951,47.4,8,57.5,0,57.5,73.6,25,1449,shot
alexander-bah,https://www.sofascore.com/slovenia-denmark/BObsJOb#id:11873971,denmark,block,No information,fast-break,18.5,61,0,right-foot,low-centre,0,49.4,19,No information,No information,65,No information,3848,61,18.5,50.6,0,50.6,81,26,1552,shot
rasmus-hojlund,https://www.sofascore.com/slovenia-denmark/BObsJOb#id:11873971,denmark,save,No information,fast-break,4.5,54.3,0,right-foot,low-centre,0,51.6,13.3,No information,No information,65,No information,3844,54.3,4.5,48.4,0,48.4,86.7,26,1556,shot
pierre-emile-hojbjerg,https://www.sofascore.com/slovenia-denmark/BObsJOb#id:11873971,denmark,block,No information,set-piece,8,56.8,0,right-foot,low-centre,0,48.4,19,No information,No information,56,No information,3316,56.8,8,51.6,0,51.6,81,35,2084,shot
andreas-christensen,https://www.sofascore.com/slovenia-denmark/BObsJOb#id:11873971,denmark,block,No information,set-piece,14.8,42.1,0,head,low-centre,0,50.4,19,No information,No information,55,No information,3240,42.1,14.8,49.6,0,49.6,81,36,2160,shot
christian-eriksen,https://www.sofascore.com/slovenia-denmark/BObsJOb#id:11873971,denmark,miss,No information,assisted,11.2,40.6,0,left-foot,high-right,0,41.8,77.8,No information,No information,43,No information,2561,40.6,11.2,58.2,0,58.2,22.2,3,139,shot
christian-eriksen,https://www.sofascore.com/slovenia-denmark/BObsJOb#id:11873971,denmark,block,No information,assisted,26.9,44.2,0,right-foot,low-left,0,52.9,19,No information,No information,42,No information,2502,44.2,26.9,47.1,0,47.1,81,4,198,shot
christian-eriksen,https://www.sofascore.com/slovenia-denmark/BObsJOb#id:11873971,denmark,block,No information,assisted,11.5,68.7,0,left-foot,low-right,0,47.9,19,No information,No information,40,No information,2340,68.7,11.5,52.1,0,52.1,81,6,360,shot
joachim-andersen,https://www.sofascore.com/slovenia-denmark/BObsJOb#id:11873971,denmark,miss,No information,corner,8.6,52.1,0,head,left,0,83.9,15.3,No information,No information,35,No information,2051,52.1,8.6,16.1,0,16.1,84.7,11,649,shot
jannik-vestergaard,https://www.sofascore.com/slovenia-denmark/BObsJOb#id:11873971,denmark,miss,No information,corner,6.7,50,0,head,right,0,37.3,18.1,No information,No information,28,No information,1679,50,6.7,62.7,0,62.7,81.9,18,1021,shot
erik-janza,https://www.sofascore.com/slovenia-denmark/BObsJOb#id:11873971,slovenia,miss,No information,corner,24.3,39.7,0,left-foot,right,0,36.6,9.7,No information,No information,21,No information,1247,39.7,24.3,63.4,0,63.4,90.3,25,1453,shot
erik-janza,https://www.sofascore.com/slovenia-denmark/BObsJOb#id:11873971,slovenia,block,No information,corner,24,45.4,0,left-foot,low-centre,0,50.1,19,No information,No information,21,No information,1220,45.4,24,49.9,0,49.9,81,25,1480,shot
christian-eriksen,https://www.sofascore.com/slovenia-denmark/BObsJOb#id:11873971,denmark,goal,regular,throw-in-set-piece,9,54.9,0,right-foot,low-left,0,53.9,9.5,No information,No information,17,No information,996,54.9,9,46.1,0,46.1,90.5,29,1704,shot
benjamin-sesko,https://www.sofascore.com/slovenia-denmark/BObsJOb#id:11873971,slovenia,miss,No information,assisted,25.2,55.3,0,right-foot,close-left,0,56.6,26.4,No information,No information,16,No information,947,55.3,25.2,43.4,0,43.4,73.6,30,1753,shot
kristiansen-victor,https://www.sofascore.com/slovenia-denmark/BObsJOb#id:11873971,denmark,block,No information,throw-in-set-piece,17.6,46.6,0,right-foot,low-left,0,53.7,19,No information,No information,15,No information,847,46.6,17.6,46.3,0,46.3,81,31,1853,shot
andreas-christensen,https://www.sofascore.com/slovenia-denmark/BObsJOb#id:11873971,denmark,miss,No information,set-piece,13.2,46.6,0,head,high,0,54.1,70.8,No information,No information,11,No information,631,46.6,13.2,45.9,0,45.9,29.2,35,2069,shot

david-strelec,https://www.sofascore.com/slovakia-slovenia/JObsXTb#id:9223927,slovakia,miss,No information,assisted,10,60.8,0,head,close-left,0,57.5,13.9,No information,No information,90,4,5615,60.8,10,42.5,0,42.5,86.1,1,685,shot
leo-stulac,https://www.sofascore.com/slovakia-slovenia/JObsXTb#id:9223927,slovenia,block,No information,free-kick,20.1,28.9,0,right-foot,low-centre,0,49.8,19,No information,No information,90,3,5561,28.9,20.1,50.2,0,50.2,81,1,739,shot
robert-bozenik,https://www.sofascore.com/slovakia-slovenia/JObsXTb#id:9223927,slovakia,miss,No information,assisted,8,38.5,0,head,left,0,71.4,27.8,No information,No information,90,1,5452,38.5,8,28.6,0,28.6,72.2,1,848,shot
david-strelec,https://www.sofascore.com/slovakia-slovenia/JObsXTb#id:9223927,slovakia,miss,No information,assisted,13.1,61.2,0,head,close-right,0,42.9,22.2,No information,No information,88,No information,5272,61.2,13.1,57.1,0,57.1,77.8,3,128,shot
ondrej-duda,https://www.sofascore.com/slovakia-slovenia/JObsXTb#id:9223927,slovakia,miss,No information,regular,28.4,60.2,0,left-foot,close-right,0,42.4,18.1,No information,No information,88,No information,5271,60.2,28.4,57.6,0,57.6,81.9,3,129,shot
ondrej-duda,https://www.sofascore.com/slovakia-slovenia/JObsXTb#id:9223927,slovakia,save,No information,throw-in-set-piece,15,25.9,0,right-foot,low-centre,0,51.3,12,No information,No information,87,No information,5185,25.9,15,48.7,0,48.7,88,4,215,shot
erik-jirka,https://www.sofascore.com/slovakia-slovenia/JObsXTb#id:9223927,slovakia,miss,No information,corner,18.9,44.1,0,right-foot,high-right,0,38,97.2,No information,No information,85,No information,5044,44.1,18.9,62,0,62,2.8,6,356,shot
jakub-holubek,https://www.sofascore.com/slovakia-slovenia/JObsXTb#id:9223927,slovakia,block,No information,assisted,8.1,28.5,0,left-foot,low-centre,0,49.3,19,No information,No information,81,No information,4854,28.5,8.1,50.7,0,50.7,81,10,546,shot
david-strelec,https://www.sofascore.com/slovakia-slovenia/JObsXTb#id:9223927,slovakia,goal,regular,regular,21,52,0,right-foot,low-right,0,45.9,11.4,No information,No information,74,No information,4428,52,21,54.1,0,54.1,88.6,17,972,shot
josip-ilicic,https://www.sofascore.com/slovakia-slovenia/JObsXTb#id:9223927,slovenia,save,No information,assisted,23.3,51,0,left-foot,high-left,0,52.1,25.3,No information,No information,73,No information,4323,51,23.3,47.9,0,47.9,74.7,18,1077,shot
ondrej-duda,https://www.sofascore.com/slovakia-slovenia/JObsXTb#id:9223927,slovakia,block,No information,assisted,20.5,56.9,0,right-foot,low-centre,0,51.4,19,No information,No information,67,No information,4014,56.9,20.5,48.6,0,48.6,81,24,1386,shot
ladislav-almasi,https://www.sofascore.com/slovakia-slovenia/JObsXTb#id:9223927,slovakia,miss,No information,assisted,9.3,49,0,head,right,0,35.3,18.1,No information,No information,65,No information,3861,49,9.3,64.7,0,64.7,81.9,26,1539,shot
miha-mevlja,https://www.sofascore.com/slovakia-slovenia/JObsXTb#id:9223927,slovenia,goal,regular,corner,6.7,51.3,0,head,low-left,0,54.1,5.1,No information,No information,62,No information,3668,51.3,6.7,45.9,0,45.9,94.9,29,1732,shot
andraz-sporar,https://www.sofascore.com/slovakia-slovenia/JObsXTb#id:9223927,slovenia,block,No information,assisted,16.4,38.3,0,right-foot,low-centre,0,49.4,19,No information,No information,61,No information,3633,38.3,16.4,50.6,0,50.6,81,30,1767,shot
ondrej-duda,https://www.sofascore.com/slovakia-slovenia/JObsXTb#id:9223927,slovakia,goal,penalty,penalty,11.5,50,0,right-foot,low-left,0,53,1.9,No information,No information,58,No information,3469,50,11.5,47,0,47,98.1,33,1931,shot
lukas-haraslin,https://www.sofascore.com/slovakia-slovenia/JObsXTb#id:9223927,slovakia,block,No information,assisted,16.2,46.8,0,right-foot,low-centre,0,50.6,19,No information,No information,55,No information,3240,46.8,16.2,49.4,0,49.4,81,36,2160,shot
milan-skriniar,https://www.sofascore.com/slovakia-slovenia/JObsXTb#id:9223927,slovakia,miss,No information,assisted,6.3,54,0,right-foot,close-right,0,43.4,13.9,No information,No information,52,No information,3083,54,6.3,56.6,0,56.6,86.1,39,2317,shot
lukas-haraslin,https://www.sofascore.com/slovakia-slovenia/JObsXTb#id:9223927,slovakia,save,No information,set-piece,4.9,64.4,0,right-foot,low-centre,0,49.9,17.1,No information,No information,45,2,2778,64.4,4.9,50.1,0,50.1,82.9,1,2622,shot
ladislav-almasi,https://www.sofascore.com/slovakia-slovenia/JObsXTb#id:9223927,slovakia,block,No information,corner,6,64.1,0,right-foot,low-right,0,47.1,19,No information,No information,44,No information,2580,64.1,6,52.9,0,52.9,81,2,120,shot
marek-hamsik,https://www.sofascore.com/slovakia-slovenia/JObsXTb#id:9223927,slovakia,save,No information,assisted,21.8,65.4,0,right-foot,low-right,0,46.1,19.6,No information,No information,43,No information,2549,65.4,21.8,53.9,0,53.9,80.4,3,151,shot
robert-mak,https://www.sofascore.com/slovakia-slovenia/JObsXTb#id:9223927,slovakia,block,No information,corner,16.7,39.2,0,right-foot,low-left,0,52.8,19,No information,No information,30,No information,1773,39.2,16.7,47.2,0,47.2,81,16,927,shot
ubomir-satka,https://www.sofascore.com/slovakia-slovenia/JObsXTb#id:9223927,slovakia,block,No information,corner,13,63.5,0,left-foot,low-centre,0,50.4,19,No information,No information,30,No information,1769,63.5,13,49.6,0,49.6,81,16,931,shot
marek-hamsik,https://www.sofascore.com/slovakia-slovenia/JObsXTb#id:9223927,slovakia,block,No information,free-kick,4.7,18.5,0,right-foot,low-left,0,53.7,19,No information,No information,29,No information,1718,18.5,4.7,46.3,0,46.3,81,17,982,shot
miha-zajc,https://www.sofascore.com/slovakia-slovenia/JObsXTb#id:9223927,slovenia,goal,regular,fast-break,3.3,55.1,0,head,low-centre,0,50.3,10.8,No information,No information,18,No information,1022,55.1,3.3,49.7,0,49.7,89.2,28,1678,shot
matus-bero,https://www.sofascore.com/slovakia-slovenia/JObsXTb#id:9223927,slovakia,save,No information,assisted,18.9,47.8,0,right-foot,low-centre,0,50.3,1.9,No information,No information,9,No information,492,47.8,18.9,49.7,0,49.7,98.1,37,2208,shot
robert-mak,https://www.sofascore.com/slovakia-slovenia/JObsXTb#id:9223927,slovakia,block,No information,assisted,21.9,73,0,right-foot,low-left,0,53.9,11.1,No information,No information,5,No information,292,73,21.9,46.1,0,46.1,88.9,41,2408,shot

nikola-milenkovic,https://www.sofascore.com/serbia-slovenia/JObsfCc#id:10023446,serbia,miss,No information,assisted,26.7,62.9,0,right-foot,high-right,0,41.5,76.4,No information,No information,85,No information,5050,62.9,26.7,58.5,0,58.5,23.6,6,350,shot
luka-jovic,https://www.sofascore.com/serbia-slovenia/JObsfCc#id:10023446,serbia,miss,No information,assisted,10.4,47,0,head,close-left,0,58.5,16.7,No information,No information,83,No information,4952,47,10.4,41.5,0,41.5,83.3,8,448,shot
nemanja-radonjic,https://www.sofascore.com/serbia-slovenia/JObsfCc#id:10023446,serbia,miss,No information,regular,12.6,67.7,0,right-foot,high-left,0,59.5,73.6,No information,No information,76,No information,4536,67.7,12.6,40.5,0,40.5,26.4,15,864,shot
aleksandar-mitrovic,https://www.sofascore.com/serbia-slovenia/JObsfCc#id:10023446,serbia,miss,No information,set-piece,3.6,43.1,0,head,left,0,59.7,5.6,No information,No information,68,No information,4079,43.1,3.6,40.3,0,40.3,94.4,23,1321,shot
luka-jovic,https://www.sofascore.com/serbia-slovenia/JObsfCc#id:10023446,serbia,save,No information,assisted,10.8,52.6,0,head,low-centre,0,50.6,19,No information,No information,66,No information,3933,52.6,10.8,49.4,0,49.4,81,25,1467,shot
dusan-tadic,https://www.sofascore.com/serbia-slovenia/JObsfCc#id:10023446,serbia,save,No information,regular,21.5,20.2,0,left-foot,high-centre,0,50,31,No information,No information,62,No information,3675,20.2,21.5,50,0,50,69,29,1725,shot
filip-kostic,https://www.sofascore.com/serbia-slovenia/JObsfCc#id:10023446,serbia,save,No information,assisted,22.9,29.2,0,left-foot,low-right,0,46,3.8,No information,No information,61,No information,3637,29.2,22.9,54,0,54,96.2,30,1763,shot
benjamin-sesko,https://www.sofascore.com/serbia-slovenia/JObsfCc#id:10023446,slovenia,save,No information,fast-break,20.4,69.9,0,left-foot,low-centre,0,51.3,10.1,No information,No information,61,No information,3607,69.9,20.4,48.7,0,48.7,89.9,30,1793,shot
jure-balkovec,https://www.sofascore.com/serbia-slovenia/JObsfCc#id:10023446,slovenia,miss,No information,assisted,32.3,40.6,0,left-foot,high-left,0,60.3,84.7,No information,No information,59,No information,3501,40.6,32.3,39.7,0,39.7,15.3,32,1899,shot
benjamin-sesko,https://www.sofascore.com/serbia-slovenia/JObsfCc#id:10023446,slovenia,goal,regular,assisted,10.4,52.8,0,left-foot,low-left,0,52.6,5.7,No information,No information,53,No information,3176,52.8,10.4,47.4,0,47.4,94.3,38,2224,shot
adam-gnezda-cerin,https://www.sofascore.com/serbia-slovenia/JObsfCc#id:10023446,slovenia,goal,regular,assisted,12.4,48.8,0,right-foot,low-left,0,53.6,2.5,No information,No information,48,No information,2850,48.8,12.4,46.4,0,46.4,97.5,43,2550,shot
sasa-lukic,https://www.sofascore.com/serbia-slovenia/JObsfCc#id:10023446,serbia,miss,No information,assisted,2.8,41.5,0,left-foot,high,0,52.9,66.7,No information,No information,45,2,2815,41.5,2.8,47.1,0,47.1,33.3,1,2585,shot
nikola-milenkovic,https://www.sofascore.com/serbia-slovenia/JObsfCc#id:10023446,serbia,block,No information,assisted,22.8,72.9,0,right-foot,low-centre,0,50.6,19,No information,No information,45,1,2701,72.9,22.8,49.4,0,49.4,81,1,2699,shot
aleksandar-mitrovic,https://www.sofascore.com/serbia-slovenia/JObsfCc#id:10023446,serbia,goal,regular,set-piece,7.4,56.7,0,head,low-left,0,53,10.8,No information,No information,35,No information,2062,56.7,7.4,47,0,47,89.2,11,638,shot
zan-celar,https://www.sofascore.com/serbia-slovenia/JObsfCc#id:10023446,slovenia,save,No information,corner,9.5,41,0,left-foot,low-centre,0,51.3,13.3,No information,No information,30,No information,1776,41,9.5,48.7,0,48.7,86.7,16,924,shot
benjamin-sesko,https://www.sofascore.com/serbia-slovenia/JObsfCc#id:10023446,slovenia,save,No information,assisted,21.1,28.1,0,right-foot,low-right,0,45.8,16.5,No information,No information,30,No information,1740,28.1,21.1,54.2,0,54.2,83.5,16,960,shot
jasmin-kurtic,https://www.sofascore.com/serbia-slovenia/JObsfCc#id:10023446,slovenia,block,No information,free-kick,19.8,30.3,0,right-foot,low-left,0,52.2,19,No information,No information,22,No information,1319,30.3,19.8,47.8,0,47.8,81,24,1381,shot
dusan-tadic,https://www.sofascore.com/serbia-slovenia/JObsfCc#id:10023446,serbia,miss,No information,set-piece,22.5,68.1,0,left-foot,close-high-left,0,57.6,41.7,No information,No information,12,No information,715,68.1,22.5,42.4,0,42.4,58.3,34,1985,shot
andrija-zivkovic,https://www.sofascore.com/serbia-slovenia/JObsfCc#id:10023446,serbia,goal,regular,assisted,3.6,56.5,0,head,low-left,0,53.2,15.2,No information,No information,8,No information,459,56.5,3.6,46.8,0,46.8,84.8,38,2241,shot
strahinja-pavlovic,https://www.sofascore.com/serbia-slovenia/JObsfCc#id:10023446,serbia,miss,No information,assisted,25.9,42.9,0,left-foot,right,0,36.8,19,No information,No information,6,No information,352,42.9,25.9,63.2,0,63.2,81,40,2348,shot
aleksandar-mitrovic,https://www.sofascore.com/serbia-slovenia/JObsfCc#id:10023446,serbia,save,No information,set-piece,7.7,43.1,0,head,low-centre,0,49.4,17.1,No information,No information,6,No information,324,43.1,7.7,50.6,0,50.6,82.9,40,2376,shot

domen-crnigoj,https://www.sofascore.com/kosovo-slovenia/JObsBNlb#id:8600902,slovenia,save,No information,regular,5.5,70.8,0,right-foot,low-right,0,47.1,8.9,No information,No information,90,6,5745,70.8,5.5,52.9,0,52.9,91.1,1,555,shot
josip-ilicic,https://www.sofascore.com/kosovo-slovenia/JObsBNlb#id:8600902,slovenia,goal,penalty,penalty,11.5,50,0,left-foot,low-right,0,45.7,3.2,No information,No information,90,4,5586,50,11.5,54.3,0,54.3,96.8,1,714,shot
andraz-sporar,https://www.sofascore.com/kosovo-slovenia/JObsBNlb#id:8600902,slovenia,miss,No information,assisted,11.5,52.8,0,head,right,0,39.2,26.4,No information,No information,90,No information,5341,52.8,11.5,60.8,0,60.8,73.6,1,59,shot
jasmin-kurtic,https://www.sofascore.com/kosovo-slovenia/JObsBNlb#id:8600902,slovenia,miss,No information,set-piece,5.1,33.7,0,head,close-high,0,53.4,48.6,No information,No information,79,No information,4727,33.7,5.1,46.6,0,46.6,51.4,12,673,shot
jasmin-kurtic,https://www.sofascore.com/kosovo-slovenia/JObsBNlb#id:8600902,slovenia,goal,regular,assisted,4.3,56.7,0,right-foot,low-right,0,47.8,3.8,No information,No information,62,No information,3718,56.7,4.3,52.2,0,52.2,96.2,29,1682,shot
vedat-muriqi,https://www.sofascore.com/kosovo-slovenia/JObsBNlb#id:8600902,kosovo,save,No information,assisted,35.3,41.7,0,right-foot,high-left,0,54.2,28.5,No information,No information,59,No information,3531,41.7,35.3,45.8,0,45.8,71.5,32,1869,shot
vedat-muriqi,https://www.sofascore.com/kosovo-slovenia/JObsBNlb#id:8600902,kosovo,goal,regular,assisted,11.4,44.1,0,left-foot,low-centre,0,48.7,1.3,No information,No information,58,No information,3425,44.1,11.4,51.3,0,51.3,98.7,33,1975,shot
damjan-bohar,https://www.sofascore.com/kosovo-slovenia/JObsBNlb#id:8600902,slovenia,block,No information,assisted,11.8,29.5,0,right-foot,low-centre,0,51.2,19,No information,No information,56,No information,3341,29.5,11.8,48.8,0,48.8,81,35,2059,shot
sandi-lovric,https://www.sofascore.com/kosovo-slovenia/JObsBNlb#id:8600902,slovenia,block,No information,assisted,12.8,52.4,0,right-foot,low-left,0,53.3,6.9,No information,No information,54,No information,3213,52.4,12.8,46.7,0,46.7,93.1,37,2187,shot
miha-mevlja,https://www.sofascore.com/kosovo-slovenia/JObsBNlb#id:8600902,slovenia,save,No information,set-piece,8.8,48.5,0,head,high-left,0,53.6,34.8,No information,No information,45,2,2800,48.5,8.8,46.4,0,46.4,65.2,1,2600,shot
edon-zhegrova,https://www.sofascore.com/kosovo-slovenia/JObsBNlb#id:8600902,kosovo,miss,No information,regular,26.8,56.9,0,left-foot,close-high-left,0,57.6,44.4,No information,No information,43,No information,2572,56.9,26.8,42.4,0,42.4,55.6,3,128,shot
josip-ilicic,https://www.sofascore.com/kosovo-slovenia/JObsBNlb#id:8600902,slovenia,miss,No information,assisted,18.8,67,0,left-foot,high-left,0,67.6,91.7,No information,No information,40,No information,2368,67,18.8,32.4,0,32.4,8.3,6,332,shot
jasmin-kurtic,https://www.sofascore.com/kosovo-slovenia/JObsBNlb#id:8600902,slovenia,miss,No information,corner,6.4,62.7,0,head,high-left,0,59.3,63.9,No information,No information,35,No information,2074,62.7,6.4,40.7,0,40.7,36.1,11,626,shot
jure-balkovec,https://www.sofascore.com/kosovo-slovenia/JObsBNlb#id:8600902,slovenia,block,No information,regular,27.3,34.8,0,left-foot,low-right,0,48.1,19,No information,No information,33,No information,1940,34.8,27.3,51.9,0,51.9,81,13,760,shot
josip-ilicic,https://www.sofascore.com/kosovo-slovenia/JObsBNlb#id:8600902,slovenia,block,No information,assisted,17.1,68.8,0,left-foot,low-left,0,52,19,No information,No information,28,No information,1671,68.8,17.1,48,0,48,81,18,1029,shot
edon-zhegrova,https://www.sofascore.com/kosovo-slovenia/JObsBNlb#id:8600902,kosovo,miss,No information,assisted,22.9,40.6,0,left-foot,right,0,38.8,6.9,No information,No information,27,No information,1607,40.6,22.9,61.2,0,61.2,93.1,19,1093,shot
haris-vuckic,https://www.sofascore.com/kosovo-slovenia/JObsBNlb#id:8600902,slovenia,save,No information,regular,15.8,46.1,0,left-foot,low-left,0,52.5,5.1,No information,No information,26,No information,1555,46.1,15.8,47.5,0,47.5,94.9,20,1145,shot
haris-vuckic,https://www.sofascore.com/kosovo-slovenia/JObsBNlb#id:8600902,slovenia,block,No information,assisted,12.5,32.8,0,head,low-centre,0,48.6,15.3,No information,No information,17,No information,966,32.8,12.5,51.4,0,51.4,84.7,29,1734,shot
amir-rrahmani,https://www.sofascore.com/kosovo-slovenia/JObsBNlb#id:8600902,kosovo,block,No information,assisted,11.4,45.6,0,head,low-centre,0,50.6,19,No information,No information,7,No information,360,45.6,11.4,49.4,0,49.4,81,39,2340,shot
damjan-bohar,https://www.sofascore.com/kosovo-slovenia/JObsBNlb#id:8600902,slovenia,block,No information,regular,10.4,33.2,0,right-foot,low-centre,0,50.5,19,No information,No information,3,No information,127,33.2,10.4,49.5,0,49.5,81,43,2573,shot

erik-janza,https://www.sofascore.com/finland-slovenia/JObsmUb#id:10752526,slovenia,goal,regular,corner,13.5,37.6,0,left-foot,low-right,0,47,8.2,No information,No information,90,2,5518,37.6,13.5,53,0,53,91.8,1,782,shot
zan-vipotnik,https://www.sofascore.com/finland-slovenia/JObsmUb#id:10752526,slovenia,miss,No information,assisted,20.1,66.9,0,right-foot,left,0,65,4.2,No information,No information,79,No information,4726,66.9,20.1,35,0,35,95.8,12,674,shot
arttu-hoskonen,https://www.sofascore.com/finland-slovenia/JObsmUb#id:10752526,finland,save,No information,corner,12.8,47.9,0,head,low-left,0,53.7,13.9,No information,No information,76,No information,4502,47.9,12.8,46.3,0,46.3,86.1,15,898,shot
daniel-hakans,https://www.sofascore.com/finland-slovenia/JObsmUb#id:10752526,finland,save,No information,assisted,14,56.1,0,left-foot,low-left,0,53.8,13.9,No information,No information,75,No information,4460,56.1,14,46.2,0,46.2,86.1,16,940,shot
teemu-pukki,https://www.sofascore.com/finland-slovenia/JObsmUb#id:10752526,finland,save,No information,fast-break,10.7,40.9,0,right-foot,low-centre,0,50.7,14.6,No information,No information,70,No information,4145,40.9,10.7,49.3,0,49.3,85.4,21,1255,shot
andraz-sporar,https://www.sofascore.com/finland-slovenia/JObsmUb#id:10752526,slovenia,block,No information,assisted,12.9,57.3,0,right-foot,low-centre,0,51.7,19,No information,No information,69,No information,4104,57.3,12.9,48.3,0,48.3,81,22,1296,shot
joel-pohjanpalo,https://www.sofascore.com/finland-slovenia/JObsmUb#id:10752526,finland,block,No information,corner,7.9,47.3,0,left-foot,low-centre,0,51.3,19,No information,No information,66,No information,3935,47.3,7.9,48.7,0,48.7,81,25,1465,shot
jere-uronen,https://www.sofascore.com/finland-slovenia/JObsmUb#id:10752526,finland,block,No information,regular,9.3,38,0,left-foot,low-centre,0,50,19,No information,No information,66,No information,3901,38,9.3,50,0,50,81,25,1499,shot
andraz-sporar,https://www.sofascore.com/finland-slovenia/JObsmUb#id:10752526,slovenia,save,No information,assisted,12.3,34.4,0,right-foot,low-left,0,54,3.2,No information,No information,47,No information,2775,34.4,12.3,46,0,46,96.8,44,2625,shot
teemu-pukki,https://www.sofascore.com/finland-slovenia/JObsmUb#id:10752526,finland,block,No information,assisted,19.1,38.9,0,right-foot,low-right,0,47.2,19,No information,No information,46,No information,2734,38.9,19.1,52.8,0,52.8,81,45,2666,shot
petar-stojanovic,https://www.sofascore.com/finland-slovenia/JObsmUb#id:10752526,slovenia,save,No information,assisted,14.2,44.6,0,left-foot,high-centre,0,50.2,20.9,No information,No information,45,No information,2653,44.6,14.2,49.8,0,49.8,79.1,1,47,shot
jere-uronen,https://www.sofascore.com/finland-slovenia/JObsmUb#id:10752526,finland,block,No information,corner,19.7,31.1,0,left-foot,low-centre,0,51.5,19,No information,No information,31,No information,1858,31.1,19.7,48.5,0,48.5,81,15,842,shot
petar-stojanovic,https://www.sofascore.com/finland-slovenia/JObsmUb#id:10752526,slovenia,miss,No information,assisted,16.8,72.6,0,right-foot,left,0,61.3,9.7,No information,No information,30,No information,1784,72.6,16.8,38.7,0,38.7,90.3,16,916,shot
benjamin-sesko,https://www.sofascore.com/finland-slovenia/JObsmUb#id:10752526,slovenia,goal,regular,fast-break,18.3,45.3,0,left-foot,low-right,0,46.8,6.3,No information,No information,28,No information,1664,45.3,18.3,53.2,0,53.2,93.7,18,1036,shot
arttu-hoskonen,https://www.sofascore.com/finland-slovenia/JObsmUb#id:10752526,finland,block,No information,assisted,23.8,69.3,0,right-foot,low-left,0,54.7,19,No information,No information,26,No information,1546,69.3,23.8,45.3,0,45.3,81,20,1154,shot
timi-max-elsnik,https://www.sofascore.com/finland-slovenia/JObsmUb#id:10752526,slovenia,miss,No information,assisted,25.4,67.7,0,left-foot,left,0,59.5,29.2,No information,No information,20,No information,1145,67.7,25.4,40.5,0,40.5,70.8,26,1555,shot
benjamin-sesko,https://www.sofascore.com/finland-slovenia/JObsmUb#id:10752526,slovenia,goal,penalty,penalty,11.5,50,0,right-foot,low-left,0,53.9,12,No information,No information,16,No information,957,50,11.5,46.1,0,46.1,88,30,1743,shot
jan-mlakar,https://www.sofascore.com/finland-slovenia/JObsmUb#id:10752526,slovenia,miss,No information,corner,12.8,33.1,0,right-foot,left,0,60.5,4.2,No information,No information,15,No information,863,33.1,12.8,39.5,0,39.5,95.8,31,1837,shot
petar-stojanovic,https://www.sofascore.com/finland-slovenia/JObsmUb#id:10752526,slovenia,miss,No information,regular,16.4,63.3,0,left-foot,close-high-left,0,58.2,55.6,No information,No information,8,No information,425,63.3,16.4,41.8,0,41.8,44.4,38,2275,shot
timi-max-elsnik,https://www.sofascore.com/finland-slovenia/JObsmUb#id:10752526,slovenia,miss,No information,free-kick,28.6,47.6,0,left-foot,left,0,59.8,1.4,No information,No information,7,No information,385,47.6,28.6,40.2,0,40.2,98.6,39,2315,shot

josip-ilicic,https://www.sofascore.com/russia-slovenia/JObsUTb#id:9223759,slovenia,block,No information,assisted,23.6,67.3,0,left-foot,low-centre,0,50.3,19,No information,No information,90,1,5401,67.3,23.6,49.7,0,49.7,81,1,899,shot
damjan-bohar,https://www.sofascore.com/russia-slovenia/JObsUTb#id:9223759,slovenia,block,No information,regular,11.8,34.5,0,right-foot,low-left,0,52.9,19,No information,No information,79,No information,4706,34.5,11.8,47.1,0,47.1,81,12,694,shot
vyacheslav-karavaev,https://www.sofascore.com/russia-slovenia/JObsUTb#id:9223759,russia,save,No information,assisted,6.7,34.7,0,left-foot,low-left,0,54.3,1.9,No information,No information,70,No information,4188,34.7,6.7,45.7,0,45.7,98.1,21,1212,shot
josip-ilicic,https://www.sofascore.com/russia-slovenia/JObsUTb#id:9223759,slovenia,save,No information,assisted,10.2,59.7,0,left-foot,low-centre,0,49.4,1.3,No information,No information,67,No information,3971,59.7,10.2,50.6,0,50.6,98.7,24,1429,shot
rifat-zhemaletdinov,https://www.sofascore.com/russia-slovenia/JObsUTb#id:9223759,russia,miss,No information,corner,23.7,46.1,0,left-foot,high-left,0,61.7,77.8,No information,No information,61,No information,3640,46.1,23.7,38.3,0,38.3,22.2,30,1760,shot
yury-zhirkov,https://www.sofascore.com/russia-slovenia/JObsUTb#id:9223759,russia,miss,No information,assisted,21.4,38.8,0,left-foot,high-left,0,57,65.3,No information,No information,51,No information,3011,38.8,21.4,43,0,43,34.7,40,2389,shot
josip-ilicic,https://www.sofascore.com/russia-slovenia/JObsUTb#id:9223759,slovenia,goal,regular,assisted,22.4,36.7,0,left-foot,low-right,0,47.2,6.3,No information,No information,36,No information,2152,36.7,22.4,52.8,0,52.8,93.7,10,548,shot
artem-dzyuba,https://www.sofascore.com/russia-slovenia/JObsUTb#id:9223759,russia,goal,regular,regular,8.7,49,0,left-foot,low-left,0,52.8,6.3,No information,No information,35,No information,2049,49,8.7,47.2,0,47.2,93.7,11,651,shot
aleksandr-golovin,https://www.sofascore.com/russia-slovenia/JObsUTb#id:9223759,russia,block,No information,assisted,22.9,35.8,0,right-foot,low-centre,0,51.1,19,No information,No information,35,No information,2045,35.8,22.9,48.9,0,48.9,81,11,655,shot
sandi-lovric,https://www.sofascore.com/russia-slovenia/JObsUTb#id:9223759,slovenia,miss,No information,corner,21.4,59.7,0,right-foot,close-right,0,41.8,4.2,No information,No information,33,No information,1946,59.7,21.4,58.2,0,58.2,95.8,13,754,shot
josip-ilicic,https://www.sofascore.com/russia-slovenia/JObsUTb#id:9223759,slovenia,miss,No information,assisted,23.2,47.3,0,left-foot,high-left,0,60.5,58.3,No information,No information,32,No information,1875,47.3,23.2,39.5,0,39.5,41.7,14,825,shot
petar-stojanovic,https://www.sofascore.com/russia-slovenia/JObsUTb#id:9223759,slovenia,miss,No information,assisted,14.8,64,0,right-foot,close-left,0,58.7,9.7,No information,No information,28,No information,1672,64,14.8,41.3,0,41.3,90.3,18,1028,shot
artem-dzyuba,https://www.sofascore.com/russia-slovenia/JObsUTb#id:9223759,russia,goal,regular,assisted,13.6,50.2,0,right-foot,low-left,0,52.9,5.1,No information,No information,26,No information,1538,50.2,13.6,47.1,0,47.1,94.9,20,1162,shot
andraz-sporar,https://www.sofascore.com/russia-slovenia/JObsUTb#id:9223759,slovenia,save,No information,corner,9.1,45.5,0,head,low-right,0,46.1,19.6,No information,No information,26,No information,1503,45.5,9.1,53.9,0,53.9,80.4,20,1197,shot
josip-ilicic,https://www.sofascore.com/russia-slovenia/JObsUTb#id:9223759,slovenia,block,No information,assisted,21.4,58.7,0,left-foot,low-centre,0,50.7,19,No information,No information,21,No information,1222,58.7,21.4,49.3,0,49.3,81,25,1478,shot
mario-fernandes,https://www.sofascore.com/russia-slovenia/JObsUTb#id:9223759,russia,miss,No information,corner,6.1,48.8,0,head,high,0,53.1,69.4,No information,No information,20,No information,1189,48.8,6.1,46.9,0,46.9,30.6,26,1511,shot
georgiy-dzhikiya,https://www.sofascore.com/russia-slovenia/JObsUTb#id:9223759,russia,save,No information,corner,11.2,35.7,0,left-foot,high-left,0,53.6,25.9,No information,No information,10,No information,544,35.7,11.2,46.4,0,46.4,74.1,36,2156,shot
artem-dzyuba,https://www.sofascore.com/russia-slovenia/JObsUTb#id:9223759,russia,miss,No information,assisted,9.5,45.4,0,head,right,0,37,19.4,No information,No information,6,No information,355,45.4,9.5,63,0,63,80.6,40,2345,shot
miha-mevlja,https://www.sofascore.com/russia-slovenia/JObsUTb#id:9223759,slovenia,miss,No information,corner,3.7,41,0,head,high,0,49.4,72.2,No information,No information,6,No information,314,41,3.7,50.6,0,50.6,27.8,40,2386,shot
sandi-lovric,https://www.sofascore.com/russia-slovenia/JObsUTb#id:9223759,slovenia,block,No information,assisted,12.8,64,0,right-foot,low-centre,0,49.8,19,No information,No information,5,No information,286,64,12.8,50.2,0,50.2,81,41,2414,shot

nikola-vlasic,https://www.sofascore.com/croatia-slovenia/JObspUb#id:9223855,croatia,goal,regular,assisted,4.6,51.8,0,head,low-right,0,45.8,12,No information,No information,90,4,5611,51.8,4.6,54.2,0,54.2,88,1,689,shot
mislav-orsic,https://www.sofascore.com/croatia-slovenia/JObspUb#id:9223855,croatia,miss,No information,free-kick,27.6,54.3,0,right-foot,high,0,48.9,79.2,No information,No information,90,2,5496,54.3,27.6,51.1,0,51.1,20.8,1,804,shot
luka-ivanusec,https://www.sofascore.com/croatia-slovenia/JObspUb#id:9223855,croatia,miss,No information,assisted,11.8,63.3,0,right-foot,high,0,48.2,63.9,No information,No information,90,No information,5393,63.3,11.8,51.8,0,51.8,36.1,1,7,shot
luka-ivanusec,https://www.sofascore.com/croatia-slovenia/JObspUb#id:9223855,croatia,block,No information,assisted,11.1,37.7,0,right-foot,low-centre,0,50.8,19,No information,No information,87,No information,5207,37.7,11.1,49.2,0,49.2,81,4,193,shot
borna-barisic,https://www.sofascore.com/croatia-slovenia/JObspUb#id:9223855,croatia,miss,No information,regular,16.4,26.6,0,left-foot,high,0,48.9,81.9,No information,No information,82,No information,4882,26.6,16.4,51.1,0,51.1,18.1,9,518,shot
nikola-vlasic,https://www.sofascore.com/croatia-slovenia/JObspUb#id:9223855,croatia,block,No information,assisted,11,30.1,0,right-foot,low-left,0,52.8,19,No information,No information,82,No information,4881,30.1,11,47.2,0,47.2,81,9,519,shot
nikola-vlasic,https://www.sofascore.com/croatia-slovenia/JObspUb#id:9223855,croatia,miss,No information,assisted,23.1,56.7,0,right-foot,left,0,59.7,5.6,No information,No information,72,No information,4284,56.7,23.1,40.3,0,40.3,94.4,19,1116,shot
andrej-kramaric,https://www.sofascore.com/croatia-slovenia/JObspUb#id:9223855,croatia,save,No information,assisted,18.8,65.5,0,right-foot,low-left,0,52.7,15.2,No information,No information,71,No information,4241,65.5,18.8,47.3,0,47.3,84.8,20,1159,shot
jasmin-kurtic,https://www.sofascore.com/croatia-slovenia/JObspUb#id:9223855,slovenia,save,No information,assisted,26.2,61.4,0,right-foot,low-left,0,53.6,3.2,No information,No information,70,No information,4160,61.4,26.2,46.4,0,46.4,96.8,21,1240,shot
mario-pasalic,https://www.sofascore.com/croatia-slovenia/JObspUb#id:9223855,croatia,goal,regular,assisted,3.6,50.7,0,right-foot,high-centre,0,49.7,24.1,No information,No information,66,No information,3929,50.7,3.6,50.3,0,50.3,75.9,25,1471,shot
dejan-lovren,https://www.sofascore.com/croatia-slovenia/JObspUb#id:9223855,croatia,miss,No information,assisted,56.3,64.5,0,right-foot,close-right,0,42.9,31.9,No information,No information,62,No information,3662,64.5,56.3,57.1,0,57.1,68.1,29,1738,shot
marko-livaja,https://www.sofascore.com/croatia-slovenia/JObspUb#id:9223855,croatia,miss,No information,corner,14.8,56.7,0,left-foot,left,0,69.1,1.4,No information,No information,52,No information,3116,56.7,14.8,30.9,0,30.9,98.6,39,2284,shot
jure-balkovec,https://www.sofascore.com/croatia-slovenia/JObspUb#id:9223855,slovenia,save,No information,regular,31.2,41.9,0,left-foot,low-left,0,53.8,3.2,No information,No information,45,No information,2669,41.9,31.2,46.2,0,46.2,96.8,1,31,shot
andrej-kramaric,https://www.sofascore.com/croatia-slovenia/JObspUb#id:9223855,croatia,save,No information,assisted,8,69.9,0,right-foot,low-centre,0,50.1,18.4,No information,No information,43,No information,2549,69.9,8,49.9,0,49.9,81.6,3,151,shot
ivan-perisic,https://www.sofascore.com/croatia-slovenia/JObspUb#id:9223855,croatia,miss,No information,regular,14.2,33.8,0,right-foot,high-right,0,40.2,83.3,No information,No information,39,No information,2319,33.8,14.2,59.8,0,59.8,16.7,7,381,shot
ivan-perisic,https://www.sofascore.com/croatia-slovenia/JObspUb#id:9223855,croatia,save,No information,assisted,7.5,43.3,0,head,high-centre,0,51,23.4,No information,No information,38,No information,2263,43.3,7.5,49,0,49,76.6,8,437,shot
mario-pasalic,https://www.sofascore.com/croatia-slovenia/JObspUb#id:9223855,croatia,save,No information,corner,7.6,61.7,0,head,high-centre,0,49.1,20.9,No information,No information,35,No information,2096,61.7,7.6,50.9,0,50.9,79.1,11,604,shot
jasmin-kurtic,https://www.sofascore.com/croatia-slovenia/JObspUb#id:9223855,slovenia,miss,No information,regular,25.4,54.8,0,right-foot,close-right,0,42.7,2.8,No information,No information,34,No information,2021,54.8,25.4,57.3,0,57.3,97.2,12,679,shot
marko-livaja,https://www.sofascore.com/croatia-slovenia/JObspUb#id:9223855,croatia,goal,regular,regular,4.3,48.9,0,head,low-centre,0,49.7,10.8,No information,No information,33,No information,1939,48.9,4.3,50.3,0,50.3,89.2,13,761,shot
mario-pasalic,https://www.sofascore.com/croatia-slovenia/JObspUb#id:9223855,croatia,post,No information,assisted,7.5,43.9,0,head,left,0,55.1,24.1,No information,No information,33,No information,1937,43.9,7.5,44.9,0,44.9,75.9,13,763,shot
jasmin-kurtic,https://www.sofascore.com/croatia-slovenia/JObspUb#id:9223855,slovenia,miss,No information,corner,6.4,60.4,0,head,high-right,0,39.2,80.6,No information,No information,31,No information,1854,60.4,6.4,60.8,0,60.8,19.4,15,846,shot
marko-livaja,https://www.sofascore.com/croatia-slovenia/JObspUb#id:9223855,croatia,save,No information,assisted,29.1,43.9,0,right-foot,low-left,0,54,19.6,No information,No information,29,No information,1709,43.9,29.1,46,0,46,80.4,17,991,shot
benjamin-sesko,https://www.sofascore.com/croatia-slovenia/JObspUb#id:9223855,slovenia,miss,No information,fast-break,13.5,64.9,0,left-foot,left,0,59.8,12.5,No information,No information,27,No information,1572,64.9,13.5,40.2,0,40.2,87.5,19,1128,shot
marko-livaja,https://www.sofascore.com/croatia-slovenia/JObspUb#id:9223855,croatia,miss,No information,regular,0.59999999999999,59.8,0,right-foot,close-right,0,43.9,6.9,No information,No information,25,No information,1497,59.8,0.59999999999999,56.1,0,56.1,93.1,21,1203,shot
andrej-kramaric,https://www.sofascore.com/croatia-slovenia/JObspUb#id:9223855,croatia,save,No information,regular,9.5,52.4,0,right-foot,low-right,0,47.8,1.9,No information,No information,20,No information,1185,52.4,9.5,52.2,0,52.2,98.1,26,1515,shot
benjamin-sesko,https://www.sofascore.com/croatia-slovenia/JObspUb#id:9223855,slovenia,block,No information,regular,24.8,61.8,0,right-foot,low-centre,0,50.5,19,No information,No information,11,No information,612,61.8,24.8,49.5,0,49.5,81,35,2088,shot
borna-barisic,https://www.sofascore.com/croatia-slovenia/JObspUb#id:9223855,croatia,miss,No information,corner,14,39.4,0,right-foot,high-right,0,42,68.1,No information,No information,7,No information,377,39.4,14,58,0,58,31.9,39,2323,shot
mario-pasalic,https://www.sofascore.com/croatia-slovenia/JObspUb#id:9223855,croatia,save,No information,assisted,13.5,47.6,0,head,low-centre,0,48.8,3.8,No information,No information,5,No information,288,47.6,13.5,51.2,0,51.2,96.2,41,2412,shot

andraz-sporar,https://www.sofascore.com/northern-ireland-slovenia/JObsLVb#id:10752469,slovenia,block,No information,assisted,10,37.6,0,right-foot,low-left,0,52,19,No information,No information,90,4,5634,37.6,10,48,0,48,81,1,666,shot
conor-mcmenamin,https://www.sofascore.com/northern-ireland-slovenia/JObsLVb#id:10752469,northern ireland,save,No information,assisted,12,30.3,0,right-foot,low-right,0,47.2,19.6,No information,No information,86,No information,5152,30.3,12,52.8,0,52.8,80.4,5,248,shot
conor-mcmenamin,https://www.sofascore.com/northern-ireland-slovenia/JObsLVb#id:10752469,northern ireland,save,No information,throw-in-set-piece,8.3,51.5,0,head,low-right,0,47.9,13.9,No information,No information,84,No information,5004,51.5,8.3,52.1,0,52.1,86.1,7,396,shot
josh-magennis,https://www.sofascore.com/northern-ireland-slovenia/JObsLVb#id:10752469,northern ireland,save,No information,assisted,8,48.4,0,head,low-centre,0,49,6.3,No information,No information,82,No information,4861,48.4,8,51,0,51,93.7,9,539,shot
paul-smyth,https://www.sofascore.com/northern-ireland-slovenia/JObsLVb#id:10752469,northern ireland,save,No information,corner,4.4,50.7,0,right-foot,low-right,0,46.4,1.3,No information,No information,81,No information,4812,50.7,4.4,53.6,0,53.6,98.7,10,588,shot
andraz-sporar,https://www.sofascore.com/northern-ireland-slovenia/JObsLVb#id:10752469,slovenia,miss,No information,assisted,11.7,43.3,0,head,high-left,0,59.2,77.8,No information,No information,68,No information,4036,43.3,11.7,40.8,0,40.8,22.2,23,1364,shot
shea-charles,https://www.sofascore.com/northern-ireland-slovenia/JObsLVb#id:10752469,northern ireland,miss,No information,corner,12.1,55,0,head,left,0,62.7,12.5,No information,No information,61,No information,3616,55,12.1,37.3,0,37.3,87.5,30,1784,shot
andraz-sporar,https://www.sofascore.com/northern-ireland-slovenia/JObsLVb#id:10752469,slovenia,goal,regular,assisted,7.5,35.7,0,left-foot,low-left,0,52.8,1.3,No information,No information,56,No information,3314,35.7,7.5,47.2,0,47.2,98.7,35,2086,shot
jonny-evans,https://www.sofascore.com/northern-ireland-slovenia/JObsLVb#id:10752469,northern ireland,goal,regular,set-piece,13.9,46,0,right-foot,high-left,0,53.9,25.3,No information,No information,53,No information,3177,46,13.9,46.1,0,46.1,74.7,38,2223,shot
petar-stojanovic,https://www.sofascore.com/northern-ireland-slovenia/JObsLVb#id:10752469,slovenia,block,No information,regular,11.6,50.9,0,right-foot,low-centre,0,51.1,19,No information,No information,51,No information,3015,50.9,11.6,48.9,0,48.9,81,40,2385,shot
andraz-sporar,https://www.sofascore.com/northern-ireland-slovenia/JObsLVb#id:10752469,slovenia,post,No information,assisted,4.1,49.3,0,right-foot,high,0,52.4,38.6,No information,No information,51,No information,3013,49.3,4.1,47.6,0,47.6,61.4,40,2387,shot
benjamin-sesko,https://www.sofascore.com/northern-ireland-slovenia/JObsLVb#id:10752469,slovenia,goal,regular,assisted,14.7,57.5,0,left-foot,low-left,0,52.9,1.9,No information,No information,42,No information,2469,57.5,14.7,47.1,0,47.1,98.1,4,231,shot
shea-charles,https://www.sofascore.com/northern-ireland-slovenia/JObsLVb#id:10752469,northern ireland,miss,No information,set-piece,26.6,45,0,right-foot,high-left,0,56.1,69.4,No information,No information,29,No information,1708,45,26.6,43.9,0,43.9,30.6,17,992,shot
isaac-price,https://www.sofascore.com/northern-ireland-slovenia/JObsLVb#id:10752469,northern ireland,block,No information,assisted,22.8,51.5,0,right-foot,low-centre,0,50.9,19,No information,No information,28,No information,1650,51.5,22.8,49.1,0,49.1,81,18,1050,shot
shea-charles,https://www.sofascore.com/northern-ireland-slovenia/JObsLVb#id:10752469,northern ireland,miss,No information,assisted,22.6,45.6,0,right-foot,high-right,0,38.8,88.9,No information,No information,22,No information,1299,45.6,22.6,61.2,0,61.2,11.1,24,1401,shot
matthew-kennedy,https://www.sofascore.com/northern-ireland-slovenia/JObsLVb#id:10752469,northern ireland,block,No information,assisted,23.6,26.2,0,right-foot,low-centre,0,48.4,19,No information,No information,22,No information,1260,26.2,23.6,51.6,0,51.6,81,24,1440,shot
jonny-evans,https://www.sofascore.com/northern-ireland-slovenia/JObsLVb#id:10752469,slovenia,goal,own,regular,10.3,62,0,left-foot,low-right,0,47.8,2.5,No information,No information,17,No information,1002,62,10.3,52.2,0,52.2,97.5,29,1698,shot
andraz-sporar,https://www.sofascore.com/northern-ireland-slovenia/JObsLVb#id:10752469,slovenia,block,No information,corner,11.2,53.4,0,right-foot,low-centre,0,48.7,19,No information,No information,14,No information,803,53.4,11.2,51.3,0,51.3,81,32,1897,shot
matthew-kennedy,https://www.sofascore.com/northern-ireland-slovenia/JObsLVb#id:10752469,northern ireland,miss,No information,free-kick,21.8,52,0,right-foot,close-right,0,43.7,30.6,No information,No information,11,No information,652,52,21.8,56.3,0,56.3,69.4,35,2048,shot
isaac-price,https://www.sofascore.com/northern-ireland-slovenia/JObsLVb#id:10752469,northern ireland,goal,regular,regular,3.5,50,0,left-foot,low-left,0,52.2,4.4,No information,No information,7,No information,373,50,3.5,47.8,0,47.8,95.6,39,2327,shot
matthew-kennedy,https://www.sofascore.com/northern-ireland-slovenia/JObsLVb#id:10752469,northern ireland,save,No information,assisted,4,51.6,0,left-foot,low-centre,0,50.4,3.8,No information,No information,7,No information,371,51.6,4,49.6,0,49.6,96.2,39,2329,shot
andraz-sporar,https://www.sofascore.com/northern-ireland-slovenia/JObsLVb#id:10752469,slovenia,goal,regular,assisted,13.7,36.2,0,right-foot,low-centre,0,48.6,5.7,No information,No information,3,No information,145,36.2,13.7,51.4,0,51.4,94.3,43,2555,shot

adam-gnezda-cerin,https://www.sofascore.com/slovenia-denmark/BObsJOb#id:10752569,slovenia,miss,No information,corner,23.1,52.6,0,right-foot,high-right,0,36,95.8,No information,No information,90,4,5585,52.6,23.1,64,0,64,4.2,1,715,shot
yussuf-poulsen,https://www.sofascore.com/slovenia-denmark/BObsJOb#id:10752569,denmark,save,No information,assisted,20.2,29.7,0,right-foot,high-right,0,48,26.6,No information,No information,78,No information,4675,29.7,20.2,52,0,52,73.4,13,725,shot
jannik-vestergaard,https://www.sofascore.com/slovenia-denmark/BObsJOb#id:10752569,denmark,save,No information,set-piece,14.2,47.5,0,head,low-left,0,52.1,7,No information,No information,58,No information,3459,47.5,14.2,47.9,0,47.9,93,33,1941,shot
thomas-delaney,https://www.sofascore.com/slovenia-denmark/BObsJOb#id:10752569,denmark,goal,regular,corner,7.8,50.5,0,left-foot,low-right,0,46.1,6.3,No information,No information,54,No information,3210,50.5,7.8,53.9,0,53.9,93.7,37,2190,shot
yussuf-poulsen,https://www.sofascore.com/slovenia-denmark/BObsJOb#id:10752569,denmark,save,No information,assisted,7.3,46,0,left-foot,low-left,0,54.6,12.7,No information,No information,53,No information,3126,46,7.3,45.4,0,45.4,87.3,38,2274,shot
yussuf-poulsen,https://www.sofascore.com/slovenia-denmark/BObsJOb#id:10752569,denmark,miss,No information,corner,4.8,62.2,0,head,close-high,0,48.1,56.9,No information,No information,51,No information,3036,62.2,4.8,51.9,0,51.9,43.1,40,2364,shot
yussuf-poulsen,https://www.sofascore.com/slovenia-denmark/BObsJOb#id:10752569,denmark,miss,No information,assisted,12.4,48.4,0,left-foot,high,0,50.3,83.3,No information,No information,48,No information,2877,48.4,12.4,49.7,0,49.7,16.7,43,2523,shot
erik-janza,https://www.sofascore.com/slovenia-denmark/BObsJOb#id:10752569,slovenia,goal,regular,free-kick,19.2,68.8,0,left-foot,high-right,0,47,25.9,No information,No information,30,No information,1788,68.8,19.2,53,0,53,74.1,16,912,shot
joakim-maehle,https://www.sofascore.com/slovenia-denmark/BObsJOb#id:10752569,denmark,goal,regular,assisted,3.3,55.3,0,right-foot,low-right,0,45.8,12,No information,No information,26,No information,1529,55.3,3.3,54.2,0,54.2,88,20,1171,shot
jonas-wind,https://www.sofascore.com/slovenia-denmark/BObsJOb#id:10752569,denmark,miss,No information,assisted,5.4,50.5,0,head,right,0,22.7,4.2,No information,No information,26,No information,1528,50.5,5.4,77.3,0,77.3,95.8,20,1172,shot
jonas-wind,https://www.sofascore.com/slovenia-denmark/BObsJOb#id:10752569,denmark,save,No information,regular,14.4,54.9,0,right-foot,low-centre,0,50.3,10.1,No information,No information,15,No information,863,54.9,14.4,49.7,0,49.7,89.9,31,1837,shot
thomas-delaney,https://www.sofascore.com/slovenia-denmark/BObsJOb#id:10752569,denmark,miss,No information,assisted,14.8,52.8,0,right-foot,high-right,0,44,97.2,No information,No information,12,No information,710,52.8,14.8,56,0,56,2.8,34,1990,shot
jonas-wind,https://www.sofascore.com/slovenia-denmark/BObsJOb#id:10752569,denmark,save,No information,assisted,8.4,51.5,0,head,low-right,0,47.2,12.7,No information,No information,12,No information,682,51.5,8.4,52.8,0,52.8,87.3,34,2018,shot
joakim-maehle,https://www.sofascore.com/slovenia-denmark/BObsJOb#id:10752569,denmark,save,No information,corner,23.9,64.5,0,right-foot,high-right,0,48.1,22.2,No information,No information,9,No information,495,64.5,23.9,51.9,0,51.9,77.8,37,2205,shot

zan-vipotnik,https://www.sofascore.com/finland-slovenia/JObsmUb#id:10752420,slovenia,miss,No information,corner,4.3,60.4,0,right-foot,right,0,38.5,20.8,No information,No information,90,4,5637,60.4,4.3,61.5,0,61.5,79.2,1,663,shot
david-brekalo,https://www.sofascore.com/finland-slovenia/JObsmUb#id:10752420,slovenia,block,No information,regular,32.2,56.9,0,right-foot,low-left,0,51.9,19,No information,No information,90,4,5617,56.9,32.2,48.1,0,48.1,81,1,683,shot
ilmari-niskanen,https://www.sofascore.com/finland-slovenia/JObsmUb#id:10752420,finland,miss,No information,assisted,21.5,64.3,0,right-foot,high-right,0,41.5,83.3,No information,No information,82,No information,4871,64.3,21.5,58.5,0,58.5,16.7,9,529,shot
timi-max-elsnik,https://www.sofascore.com/finland-slovenia/JObsmUb#id:10752420,slovenia,block,No information,corner,23,72.5,0,left-foot,low-centre,0,50.8,19,No information,No information,79,No information,4733,72.5,23,49.2,0,49.2,81,12,667,shot
benjamin-sesko,https://www.sofascore.com/finland-slovenia/JObsmUb#id:10752420,slovenia,miss,No information,assisted,7.2,53.7,0,head,right,0,38.7,29.2,No information,No information,76,No information,4520,53.7,7.2,61.3,0,61.3,70.8,15,880,shot
oliver-antman,https://www.sofascore.com/finland-slovenia/JObsmUb#id:10752420,finland,goal,regular,fast-break,10.8,65.7,0,right-foot,low-left,0,53.8,3.8,No information,No information,64,No information,3783,65.7,10.8,46.2,0,46.2,96.2,27,1617,shot
oliver-antman,https://www.sofascore.com/finland-slovenia/JObsmUb#id:10752420,finland,miss,No information,assisted,13.4,72.9,0,right-foot,left,0,64.2,2.8,No information,No information,58,No information,3464,72.9,13.4,35.8,0,35.8,97.2,33,1936,shot
oliver-antman,https://www.sofascore.com/finland-slovenia/JObsmUb#id:10752420,finland,block,No information,regular,23.1,59,0,right-foot,low-centre,0,49.4,19,No information,No information,56,No information,3351,59,23.1,50.6,0,50.6,81,35,2049,shot
petar-stojanovic,https://www.sofascore.com/finland-slovenia/JObsmUb#id:10752420,slovenia,save,No information,assisted,13.8,68.6,0,right-foot,low-left,0,51.9,4.4,No information,No information,56,No information,3322,68.6,13.8,48.1,0,48.1,95.6,35,2078,shot
andraz-sporar,https://www.sofascore.com/finland-slovenia/JObsmUb#id:10752420,slovenia,miss,No information,assisted,8.9,66.3,0,right-foot,close-left,0,58.3,1.4,No information,No information,51,No information,3019,66.3,8.9,41.7,0,41.7,98.6,40,2381,shot
sandi-lovric,https://www.sofascore.com/finland-slovenia/JObsmUb#id:10752420,slovenia,miss,No information,assisted,31.9,55.7,0,right-foot,high,0,46.7,90.3,No information,No information,47,No information,2808,55.7,31.9,53.3,0,53.3,9.7,44,2592,shot
petar-stojanovic,https://www.sofascore.com/finland-slovenia/JObsmUb#id:10752420,slovenia,save,No information,assisted,18.2,74,0,right-foot,low-left,0,52.3,19,No information,No information,36,No information,2152,74,18.2,47.7,0,47.7,81,10,548,shot
miha-zajc,https://www.sofascore.com/finland-slovenia/JObsmUb#id:10752420,slovenia,miss,No information,regular,19.2,50.9,0,right-foot,high-right,0,37.8,58.3,No information,No information,34,No information,2003,50.9,19.2,62.2,0,62.2,41.7,12,697,shot
benjamin-sesko,https://www.sofascore.com/finland-slovenia/JObsmUb#id:10752420,slovenia,block,No information,fast-break,12.4,44.3,0,right-foot,low-left,0,52.7,19,No information,No information,34,No information,2001,44.3,12.4,47.3,0,47.3,81,12,699,shot
benjamin-sesko,https://www.sofascore.com/finland-slovenia/JObsmUb#id:10752420,slovenia,block,No information,fast-break,13.4,41.5,0,right-foot,low-centre,0,49.6,19,No information,No information,34,No information,1999,41.5,13.4,50.4,0,50.4,81,12,701,shot
adam-gnezda-cerin,https://www.sofascore.com/finland-slovenia/JObsmUb#id:10752420,slovenia,block,No information,assisted,17.9,54.4,0,left-foot,low-centre,0,49.5,19,No information,No information,33,No information,1922,54.4,17.9,50.5,0,50.5,81,13,778,shot
benjamin-sesko,https://www.sofascore.com/finland-slovenia/JObsmUb#id:10752420,slovenia,post,No information,assisted,6.7,57.2,0,right-foot,left,0,55.2,2.5,No information,No information,32,No information,1881,57.2,6.7,44.8,0,44.8,97.5,14,819,shot
sandi-lovric,https://www.sofascore.com/finland-slovenia/JObsmUb#id:10752420,slovenia,miss,No information,regular,14.5,46.4,0,right-foot,left,0,60.5,4.2,No information,No information,28,No information,1640,46.4,14.5,39.5,0,39.5,95.8,18,1060,shot
arttu-hoskonen,https://www.sofascore.com/finland-slovenia/JObsmUb#id:10752420,finland,save,No information,corner,8.5,40.4,0,right-foot,high-centre,0,49.7,26.6,No information,No information,26,No information,1534,40.4,8.5,50.3,0,50.3,73.4,20,1166,shot
joel-pohjanpalo,https://www.sofascore.com/finland-slovenia/JObsmUb#id:10752420,finland,goal,regular,assisted,7.3,55.1,0,right-foot,low-centre,0,49.4,0.6,No information,No information,13,No information,767,55.1,7.3,50.6,0,50.6,99.4,33,1933,shot
kaan-kairinen,https://www.sofascore.com/finland-slovenia/JObsmUb#id:10752420,finland,miss,No information,regular,11.7,44,0,left-foot,close-left,0,58.7,5.6,No information,No information,9,No information,534,44,11.7,41.3,0,41.3,94.4,37,2166,shot
teemu-pukki,https://www.sofascore.com/finland-slovenia/JObsmUb#id:10752420,finland,miss,No information,assisted,9.4,34,0,right-foot,right,0,38,16.7,No information,No information,9,No information,532,34,9.4,62,0,62,83.3,37,2168,shot
joel-pohjanpalo,https://www.sofascore.com/finland-slovenia/JObsmUb#id:10752420,finland,miss,No information,assisted,12,56.5,0,right-foot,left,0,98.5,5.6,No information,No information,3,No information,173,56.5,12,1.5,0,1.5,94.4,43,2527,shot

jasmin-kurtic,https://www.sofascore.com/slovenia-cyprus/HObsJOb#id:9223758,slovenia,miss,No information,regular,23.2,72.8,0,right-foot,left,0,63.5,2.8,No information,No information,90,1,5425,72.8,23.2,36.5,0,36.5,97.2,1,875,shot
ioannis-pittas,https://www.sofascore.com/slovenia-cyprus/HObsJOb#id:9223758,cyprus,save,No information,assisted,9.1,48.7,0,right-foot,high-centre,0,49,20.9,No information,No information,86,No information,5112,48.7,9.1,51,0,51,79.1,5,288,shot
ioannis-pittas,https://www.sofascore.com/slovenia-cyprus/HObsJOb#id:9223758,cyprus,miss,No information,assisted,4.8,69.7,0,right-foot,close-high-right,0,42,45.8,No information,No information,85,No information,5076,69.7,4.8,58,0,58,54.2,6,324,shot
domen-crnigoj,https://www.sofascore.com/slovenia-cyprus/HObsJOb#id:9223758,slovenia,miss,No information,assisted,5.6,68.2,0,right-foot,high-right,0,42.9,79.2,No information,No information,75,No information,4485,68.2,5.6,57.1,0,57.1,20.8,16,915,shot
jure-balkovec,https://www.sofascore.com/slovenia-cyprus/HObsJOb#id:9223758,slovenia,save,No information,assisted,27.6,22.5,0,left-foot,low-centre,0,50.8,3.8,No information,No information,72,No information,4270,22.5,27.6,49.2,0,49.2,96.2,19,1130,shot
jasmin-kurtic,https://www.sofascore.com/slovenia-cyprus/HObsJOb#id:9223758,slovenia,block,No information,assisted,15.7,26.6,0,right-foot,low-centre,0,51.3,19,No information,No information,67,No information,3977,26.6,15.7,48.7,0,48.7,81,24,1423,shot
damjan-bohar,https://www.sofascore.com/slovenia-cyprus/HObsJOb#id:9223758,slovenia,block,No information,corner,13.2,61.4,0,right-foot,low-centre,0,48.7,19,No information,No information,65,No information,3849,61.4,13.2,51.3,0,51.3,81,26,1551,shot
haris-vuckic,https://www.sofascore.com/slovenia-cyprus/HObsJOb#id:9223758,slovenia,miss,No information,assisted,13.4,57.9,0,head,high-right,0,43.5,63.9,No information,No information,60,No information,3547,57.9,13.4,56.5,0,56.5,36.1,31,1853,shot
fotis-papoulis,https://www.sofascore.com/slovenia-cyprus/HObsJOb#id:9223758,cyprus,save,No information,regular,19.2,61.2,0,right-foot,high-centre,0,49.1,21.5,No information,No information,51,No information,3003,61.2,19.2,50.9,0,50.9,78.5,40,2397,shot
blaz-kramer,https://www.sofascore.com/slovenia-cyprus/HObsJOb#id:9223758,slovenia,save,No information,assisted,13.8,50.7,0,right-foot,low-centre,0,50.1,0.6,No information,No information,43,No information,2547,50.7,13.8,49.9,0,49.9,99.4,3,153,shot
ioannis-pittas,https://www.sofascore.com/slovenia-cyprus/HObsJOb#id:9223758,cyprus,goal,regular,assisted,14.2,40.6,0,left-foot,high-left,0,53.9,28.5,No information,No information,42,No information,2462,40.6,14.2,46.1,0,46.1,71.5,4,238,shot
jasmin-kurtic,https://www.sofascore.com/slovenia-cyprus/HObsJOb#id:9223758,slovenia,save,No information,assisted,18.8,50.3,0,right-foot,high-left,0,53.5,24.7,No information,No information,36,No information,2107,50.3,18.8,46.5,0,46.5,75.3,10,593,shot
kostakis-artymatas,https://www.sofascore.com/slovenia-cyprus/HObsJOb#id:9223758,cyprus,miss,No information,set-piece,23.4,57.3,0,right-foot,high-right,0,43.9,73.6,No information,No information,34,No information,1988,57.3,23.4,56.1,0,56.1,26.4,12,712,shot
grigoris-kastanos,https://www.sofascore.com/slovenia-cyprus/HObsJOb#id:9223758,cyprus,block,No information,regular,6.7,32.4,0,left-foot,low-left,0,51.9,19,No information,No information,28,No information,1622,32.4,6.7,48.1,0,48.1,81,18,1078,shot
jasmin-kurtic,https://www.sofascore.com/slovenia-cyprus/HObsJOb#id:9223758,slovenia,miss,No information,assisted,28.1,73.8,0,right-foot,high-right,0,38,93.1,No information,No information,17,No information,998,73.8,28.1,62,0,62,6.9,29,1702,shot
fotis-papoulis,https://www.sofascore.com/slovenia-cyprus/HObsJOb#id:9223758,cyprus,miss,No information,assisted,14.2,41.7,0,head,left,0,90.6,6.9,No information,No information,16,No information,946,41.7,14.2,9.4,0,9.4,93.1,30,1754,shot

blaz-kramer,https://www.sofascore.com/moldova-slovenia/JObsHVb#id:8600851,slovenia,save,No information,fast-break,8.3,67.8,0,right-foot,low-centre,0,49,1.3,No information,No information,90,1,5411,67.8,8.3,51,0,51,98.7,1,889,shot
jure-balkovec,https://www.sofascore.com/moldova-slovenia/JObsHVb#id:8600851,slovenia,block,No information,free-kick,29.7,63.9,0,left-foot,low-centre,0,51.4,19,No information,No information,89,No information,5303,63.9,29.7,48.6,0,48.6,81,2,97,shot
igor-armas,https://www.sofascore.com/moldova-slovenia/JObsHVb#id:8600851,moldova,block,No information,set-piece,19.1,29.1,0,left-foot,low-centre,0,50.8,19,No information,No information,87,No information,5201,29.1,19.1,49.2,0,49.2,81,4,199,shot
sasa-zivec,https://www.sofascore.com/moldova-slovenia/JObsHVb#id:8600851,slovenia,block,No information,assisted,15.3,57.5,0,left-foot,low-centre,0,49.3,19,No information,No information,76,No information,4513,57.5,15.3,50.7,0,50.7,81,15,887,shot
nino-kouter,https://www.sofascore.com/moldova-slovenia/JObsHVb#id:8600851,slovenia,block,No information,assisted,16.1,55,0,right-foot,low-right,0,47.6,19,No information,No information,72,No information,4261,55,16.1,52.4,0,52.4,81,19,1139,shot
nino-kouter,https://www.sofascore.com/moldova-slovenia/JObsHVb#id:8600851,slovenia,miss,No information,assisted,23.4,67.2,0,right-foot,right,0,37.5,34.7,No information,No information,68,No information,4078,67.2,23.4,62.5,0,62.5,65.3,23,1322,shot
alexandru-epureanu,https://www.sofascore.com/moldova-slovenia/JObsHVb#id:8600851,moldova,miss,No information,corner,6.4,54.3,0,head,high-right,0,37.5,52.8,No information,No information,60,No information,3575,54.3,6.4,62.5,0,62.5,47.2,31,1825,shot
catalin-carp,https://www.sofascore.com/moldova-slovenia/JObsHVb#id:8600851,moldova,miss,No information,assisted,14.2,46.2,0,right-foot,left,0,69.2,8.3,No information,No information,59,No information,3503,46.2,14.2,30.8,0,30.8,91.7,32,1897,shot
miha-zajc,https://www.sofascore.com/moldova-slovenia/JObsHVb#id:8600851,slovenia,save,No information,set-piece,12.5,54,0,right-foot,high-centre,0,51.3,31.6,No information,No information,50,No information,2995,54,12.5,48.7,0,48.7,68.4,41,2405,shot
vitalie-damascan,https://www.sofascore.com/moldova-slovenia/JObsHVb#id:8600851,moldova,miss,No information,assisted,12.7,57.3,0,right-foot,right,0,32.8,16.7,No information,No information,45,No information,2676,57.3,12.7,67.2,0,67.2,83.3,1,24,shot
jure-balkovec,https://www.sofascore.com/moldova-slovenia/JObsHVb#id:8600851,slovenia,miss,No information,corner,26.2,73.4,0,left-foot,close-high-left,0,58,54.2,No information,No information,44,No information,2590,73.4,26.2,42,0,42,45.8,2,110,shot
damjan-bohar,https://www.sofascore.com/moldova-slovenia/JObsHVb#id:8600851,slovenia,miss,No information,corner,17.8,39.8,0,left-foot,right,0,18.8,1.4,No information,No information,36,No information,2156,39.8,17.8,81.2,0,81.2,98.6,10,544,shot
haris-vuckic,https://www.sofascore.com/moldova-slovenia/JObsHVb#id:8600851,slovenia,block,No information,set-piece,14.2,69.5,0,left-foot,low-centre,0,50.7,19,No information,No information,36,No information,2126,69.5,14.2,49.3,0,49.3,81,10,574,shot
andraz-sporar,https://www.sofascore.com/moldova-slovenia/JObsHVb#id:8600851,slovenia,miss,No information,assisted,7.7,57.9,0,head,right,0,34.3,4.2,No information,No information,34,No information,2017,57.9,7.7,65.7,0,65.7,95.8,12,683,shot
miha-blazic,https://www.sofascore.com/moldova-slovenia/JObsHVb#id:8600851,slovenia,save,No information,assisted,31.3,59.6,0,right-foot,high-right,0,46.1,25.3,No information,No information,32,No information,1870,59.6,31.3,53.9,0,53.9,74.7,14,830,shot
damjan-bohar,https://www.sofascore.com/moldova-slovenia/JObsHVb#id:8600851,slovenia,goal,regular,regular,7.6,45.1,0,right-foot,low-left,0,51.9,10.1,No information,No information,28,No information,1659,45.1,7.6,48.1,0,48.1,89.9,18,1041,shot
petar-stojanovic,https://www.sofascore.com/moldova-slovenia/JObsHVb#id:8600851,slovenia,save,No information,regular,20.7,73,0,right-foot,low-centre,0,51.5,13.3,No information,No information,28,No information,1657,73,20.7,48.5,0,48.5,86.7,18,1043,shot
nino-kouter,https://www.sofascore.com/moldova-slovenia/JObsHVb#id:8600851,slovenia,miss,No information,assisted,22.8,63.1,0,left-foot,high-left,0,56.1,81.9,No information,No information,6,No information,356,63.1,22.8,43.9,0,43.9,18.1,40,2344,shot

benjamin-verbic,https://www.sofascore.com/latvia-slovenia/JObsgUb#id:8079041,slovenia,miss,No information,assisted,12.4,40.4,0,right-foot,high-right,0,39.3,84.7,No information,No information,90,1,5410,40.4,12.4,60.7,0,60.7,15.3,1,890,shot
josip-ilicic,https://www.sofascore.com/latvia-slovenia/JObsgUb#id:8079041,slovenia,save,No information,assisted,5.8,60.6,0,left-foot,low-centre,0,51.1,3.2,No information,No information,87,No information,5177,60.6,5.8,48.9,0,48.9,96.8,4,223,shot
josip-ilicic,https://www.sofascore.com/latvia-slovenia/JObsgUb#id:8079041,slovenia,block,No information,assisted,7.6,63,0,left-foot,low-centre,0,51.8,13.9,No information,No information,81,No information,4847,63,7.6,48.2,0,48.2,86.1,10,553,shot
vladislavs-fjodorovs,https://www.sofascore.com/latvia-slovenia/JObsgUb#id:8079041,latvia,save,No information,assisted,20.7,51.9,0,left-foot,low-left,0,53.2,4.4,No information,No information,80,No information,4770,51.9,20.7,46.8,0,46.8,95.6,11,630,shot
josip-ilicic,https://www.sofascore.com/latvia-slovenia/JObsgUb#id:8079041,slovenia,miss,No information,assisted,25.2,58.7,0,left-foot,high-left,0,62.2,65.3,No information,No information,78,No information,4679,58.7,25.2,37.8,0,37.8,34.7,13,721,shot
josip-ilicic,https://www.sofascore.com/latvia-slovenia/JObsgUb#id:8079041,slovenia,block,No information,free-kick,27.9,44.5,0,left-foot,No information,No information,No information,No information,No information,No information,72,No information,4312,44.5,27.9,No information,No information,No information,No information,19,1088,shot
vladimirs-kamess,https://www.sofascore.com/latvia-slovenia/JObsgUb#id:8079041,latvia,save,No information,throw-in-set-piece,11.1,50.7,0,head,high-centre,0,50.7,32.3,No information,No information,71,No information,4213,50.7,11.1,49.3,0,49.3,67.7,20,1187,shot
roberts-savalnieks,https://www.sofascore.com/latvia-slovenia/JObsgUb#id:8079041,latvia,miss,No information,free-kick,29.1,38.3,0,right-foot,high-left,0,60,84.7,No information,No information,69,No information,4105,38.3,29.1,40,0,40,15.3,22,1295,shot
petar-stojanovic,https://www.sofascore.com/latvia-slovenia/JObsgUb#id:8079041,slovenia,miss,No information,assisted,25.2,77.5,0,right-foot,high,0,49.1,62.5,No information,No information,67,No information,3988,77.5,25.2,50.9,0,50.9,37.5,24,1412,shot
miha-zajc,https://www.sofascore.com/latvia-slovenia/JObsgUb#id:8079041,slovenia,save,No information,assisted,8,42.3,0,right-foot,low-centre,0,51.8,9.5,No information,No information,66,No information,3915,42.3,8,48.2,0,48.2,90.5,25,1485,shot
josip-ilicic,https://www.sofascore.com/latvia-slovenia/JObsgUb#id:8079041,slovenia,block,No information,assisted,15.9,73.8,0,left-foot,No information,No information,No information,No information,No information,No information,65,No information,3849,73.8,15.9,No information,No information,No information,No information,26,1551,shot
jasmin-kurtic,https://www.sofascore.com/latvia-slovenia/JObsgUb#id:8079041,slovenia,block,No information,assisted,25.4,46.8,0,right-foot,No information,No information,No information,No information,No information,No information,60,No information,3570,46.8,25.4,No information,No information,No information,No information,31,1830,shot
vladislavs-gutkovskis,https://www.sofascore.com/latvia-slovenia/JObsgUb#id:8079041,latvia,miss,No information,set-piece,12.9,43.6,0,head,high-left,0,57.5,79.2,No information,No information,54,No information,3207,43.6,12.9,42.5,0,42.5,20.8,37,2193,shot
igors-tarasovs,https://www.sofascore.com/latvia-slovenia/JObsgUb#id:8079041,slovenia,goal,own,regular,7,48.5,0,right-foot,low-left,0,53,2.5,No information,No information,53,No information,3121,48.5,7,47,0,47,97.5,38,2279,shot
andraz-sporar,https://www.sofascore.com/latvia-slovenia/JObsgUb#id:8079041,slovenia,block,No information,regular,9,73.8,0,right-foot,No information,No information,No information,No information,No information,No information,52,No information,3083,73.8,9,No information,No information,No information,No information,39,2317,shot
raivis-jurkovskis,https://www.sofascore.com/latvia-slovenia/JObsgUb#id:8079041,latvia,block,No information,regular,10.6,31.5,0,left-foot,No information,No information,No information,No information,No information,No information,46,No information,2749,31.5,10.6,No information,No information,No information,No information,45,2651,shot
benjamin-verbic,https://www.sofascore.com/latvia-slovenia/JObsgUb#id:8079041,slovenia,miss,No information,assisted,16,33,0,right-foot,right,0,32.9,8.3,No information,No information,45,1,2747,33,16,67.1,0,67.1,91.7,1,2653,shot
miha-mevlja,https://www.sofascore.com/latvia-slovenia/JObsgUb#id:8079041,slovenia,block,No information,corner,9.8,44.3,0,right-foot,No information,No information,No information,No information,No information,No information,45,No information,2671,44.3,9.8,No information,No information,No information,No information,1,29,shot
josip-ilicic,https://www.sofascore.com/latvia-slovenia/JObsgUb#id:8079041,slovenia,block,No information,corner,14.2,32.2,0,right-foot,No information,No information,No information,No information,No information,No information,45,No information,2667,32.2,14.2,No information,No information,No information,No information,1,33,shot
benjamin-verbic,https://www.sofascore.com/latvia-slovenia/JObsgUb#id:8079041,slovenia,block,No information,assisted,10.8,54.6,0,right-foot,No information,No information,No information,No information,No information,No information,43,No information,2566,54.6,10.8,No information,No information,No information,No information,3,134,shot
bojan-jokic,https://www.sofascore.com/latvia-slovenia/JObsgUb#id:8079041,slovenia,block,No information,regular,19.3,28.6,0,left-foot,No information,No information,No information,No information,No information,No information,39,No information,2281,28.6,19.3,No information,No information,No information,No information,7,419,shot
rene-krhin,https://www.sofascore.com/latvia-slovenia/JObsgUb#id:8079041,slovenia,miss,No information,regular,17.2,42.4,0,right-foot,right,0,21,18.1,No information,No information,38,No information,2279,42.4,17.2,79,0,79,81.9,8,421,shot
haris-vuckic,https://www.sofascore.com/latvia-slovenia/JObsgUb#id:8079041,slovenia,miss,No information,assisted,3.1,43.3,0,left-foot,left,0,64.9,13.9,No information,No information,33,No information,1931,43.3,3.1,35.1,0,35.1,86.1,13,769,shot
andraz-sporar,https://www.sofascore.com/latvia-slovenia/JObsgUb#id:8079041,slovenia,miss,No information,assisted,4.3,53.4,0,left-foot,left,0,98.3,8.3,No information,No information,32,No information,1904,53.4,4.3,1.7,0,1.7,91.7,14,796,shot
andraz-sporar,https://www.sofascore.com/latvia-slovenia/JObsgUb#id:8079041,slovenia,block,No information,assisted,7.2,58.4,0,head,No information,No information,No information,No information,No information,No information,32,No information,1898,58.4,7.2,No information,No information,No information,No information,14,802,shot
petar-stojanovic,https://www.sofascore.com/latvia-slovenia/JObsgUb#id:8079041,slovenia,block,No information,fast-break,11.5,71.2,0,right-foot,No information,No information,No information,No information,No information,No information,30,No information,1764,71.2,11.5,No information,No information,No information,No information,16,936,shot
kaspars-dubra,https://www.sofascore.com/latvia-slovenia/JObsgUb#id:8079041,latvia,save,No information,corner,5.5,53.3,0,head,low-left,0,52.6,15.2,No information,No information,30,No information,1750,53.3,5.5,47.4,0,47.4,84.8,16,950,shot
haris-vuckic,https://www.sofascore.com/latvia-slovenia/JObsgUb#id:8079041,slovenia,save,No information,fast-break,8.6,44.8,0,left-foot,low-centre,0,49.2,7.6,No information,No information,20,No information,1190,44.8,8.6,50.8,0,50.8,92.4,26,1510,shot
jasmin-kurtic,https://www.sofascore.com/latvia-slovenia/JObsgUb#id:8079041,slovenia,post,No information,assisted,20.1,66.3,0,right-foot,high,0,47,39.9,No information,No information,17,No information,960,66.3,20.1,53,0,53,60.1,29,1740,shot
vladimirs-kamess,https://www.sofascore.com/latvia-slovenia/JObsgUb#id:8079041,latvia,block,No information,set-piece,26,44.3,0,right-foot,No information,No information,No information,No information,No information,No information,15,No information,858,44.3,26,No information,No information,No information,No information,31,1842,shot
jasmin-kurtic,https://www.sofascore.com/latvia-slovenia/JObsgUb#id:8079041,slovenia,miss,No information,corner,8.8,35.5,0,right-foot,left,0,63.2,2.8,No information,No information,13,No information,731,35.5,8.8,36.8,0,36.8,97.2,33,1969,shot
vladislavs-fjodorovs,https://www.sofascore.com/latvia-slovenia/JObsgUb#id:8079041,latvia,save,No information,regular,13.5,71.7,0,right-foot,low-centre,0,50.3,2.5,No information,No information,11,No information,634,71.7,13.5,49.7,0,49.7,97.5,35,2066,shot
andraz-sporar,https://www.sofascore.com/latvia-slovenia/JObsgUb#id:8079041,slovenia,save,No information,assisted,8.3,59.3,0,right-foot,low-right,0,48.1,11.4,No information,No information,6,No information,306,59.3,8.3,51.9,0,51.9,88.6,40,2394,shot
