Player,Game Link,Country,shotType,goalType,situation,X,Y,Z,bodyPart,goalMouthLocation,Goal Mouth X,Goal mouth Y,Goal Mouth Z,XG,XGOT,time,addedTime,timeSeconds,Start X,Start Y,End X,End Y,Goal X,Goal Y,reversedPeriodTime,reversedPeriodTimeSeconds,incidentType
matej-vydra,https://www.sofascore.com/czech-republic-slovakia/XTbsoUb#id:8600784,czechia,save,No information,assisted,14.3,42.4,0,left-foot,low-right,0,48.1,1.3,No information,No information,87,No information,5173,42.4,14.3,51.9,0,51.9,98.7,4,227,shot
pavol-safranko,https://www.sofascore.com/czech-republic-slovakia/XTbsoUb#id:8600784,slovakia,save,No information,assisted,13.5,45.5,0,right-foot,low-centre,0,51,0.6,No information,No information,86,No information,5125,45.5,13.5,49,0,49,99.4,5,275,shot
patrik-hrosovsky,https://www.sofascore.com/czech-republic-slovakia/XTbsoUb#id:8600784,slovakia,block,No information,assisted,27.7,47,0,left-foot,low-centre,0,49.1,19,No information,No information,83,No information,4970,47,27.7,50.9,0,50.9,81,8,430,shot
jakub-jankto,https://www.sofascore.com/czech-republic-slovakia/XTbsoUb#id:8600784,czechia,miss,No information,fast-break,16.1,46.4,0,left-foot,left,0,64.7,5.6,No information,No information,71,No information,4201,46.4,16.1,35.3,0,35.3,94.4,20,1199,shot
milan-skriniar,https://www.sofascore.com/czech-republic-slovakia/XTbsoUb#id:8600784,slovakia,miss,No information,set-piece,10.7,44.3,0,head,right,0,32.1,12.5,No information,No information,66,No information,3907,44.3,10.7,67.9,0,67.9,87.5,25,1493,shot
robert-mak,https://www.sofascore.com/czech-republic-slovakia/XTbsoUb#id:8600784,slovakia,miss,No information,assisted,14.4,62.1,0,right-foot,close-right,0,42.4,19.4,No information,No information,61,No information,3653,62.1,14.4,57.6,0,57.6,80.6,30,1747,shot
zdenek-ondrasek,https://www.sofascore.com/czech-republic-slovakia/XTbsoUb#id:8600784,czechia,goal,regular,assisted,10.3,51.5,0,right-foot,high-right,0,47,21.5,No information,No information,55,No information,3244,51.5,10.3,53,0,53,78.5,36,2156,shot
peter-pekarik,https://www.sofascore.com/czech-republic-slovakia/XTbsoUb#id:8600784,slovakia,save,No information,assisted,12.1,68.9,0,right-foot,low-centre,0,48.7,2.5,No information,No information,49,No information,2919,68.9,12.1,51.3,0,51.3,97.5,42,2481,shot
vladimir-darida,https://www.sofascore.com/czech-republic-slovakia/XTbsoUb#id:8600784,czechia,save,No information,assisted,26.5,35.2,0,right-foot,low-centre,0,49.9,8.9,No information,No information,46,No information,2749,35.2,26.5,50.1,0,50.1,91.1,45,2651,shot
vaclav-cerny,https://www.sofascore.com/czech-republic-slovakia/XTbsoUb#id:8600784,czechia,block,No information,assisted,11.1,40.8,0,left-foot,low-centre,0,50.9,19,No information,No information,46,No information,2725,40.8,11.1,49.1,0,49.1,81,45,2675,shot
tomas-soucek,https://www.sofascore.com/czech-republic-slovakia/XTbsoUb#id:8600784,czechia,miss,No information,assisted,10.9,39.2,0,right-foot,high,0,54.8,80.6,No information,No information,41,No information,2443,39.2,10.9,45.2,0,45.2,19.4,5,257,shot
tomas-hubocan,https://www.sofascore.com/czech-republic-slovakia/XTbsoUb#id:8600784,slovakia,miss,No information,regular,29.6,36.3,0,right-foot,high-right,0,40.3,80.6,No information,No information,22,No information,1318,36.3,29.6,59.7,0,59.7,19.4,24,1382,shot
tomas-soucek,https://www.sofascore.com/czech-republic-slovakia/XTbsoUb#id:8600784,czechia,goal,regular,corner,9.3,57.2,0,head,low-left,0,53.6,5.7,No information,No information,17,No information,998,57.2,9.3,46.4,0,46.4,94.3,29,1702,shot
zdenek-ondrasek,https://www.sofascore.com/czech-republic-slovakia/XTbsoUb#id:8600784,czechia,save,No information,assisted,10.5,52.5,0,head,high-right,0,46.7,25.3,No information,No information,17,No information,968,52.5,10.5,53.3,0,53.3,74.7,29,1732,shot
juraj-kucka,https://www.sofascore.com/czech-republic-slovakia/XTbsoUb#id:8600784,slovakia,block,No information,set-piece,28.9,47.8,0,right-foot,low-centre,0,49,19,No information,No information,14,No information,835,47.8,28.9,51,0,51,81,32,1865,shot
vladimir-darida,https://www.sofascore.com/czech-republic-slovakia/XTbsoUb#id:8600784,czechia,miss,No information,assisted,31.5,50.5,0,right-foot,right,0,36.8,16.7,No information,No information,9,No information,523,50.5,31.5,63.2,0,63.2,83.3,37,2177,shot
zdenek-ondrasek,https://www.sofascore.com/czech-republic-slovakia/XTbsoUb#id:8600784,czechia,save,No information,assisted,9.8,60.5,0,right-foot,high-right,0,46.4,28.5,No information,No information,6,No information,330,60.5,9.8,53.6,0,53.6,71.5,40,2370,shot
ales-mateju,https://www.sofascore.com/czech-republic-slovakia/XTbsoUb#id:8600784,czechia,miss,No information,assisted,3.3,40.4,0,left-foot,close-high-left,0,58,59.7,No information,No information,3,No information,159,40.4,3.3,42,0,42,40.3,43,2541,shot
zdenek-ondrasek,https://www.sofascore.com/czech-republic-slovakia/XTbsoUb#id:8600784,czechia,miss,No information,assisted,10,61.8,0,head,left,0,61.7,16.7,No information,No information,3,No information,158,61.8,10,38.3,0,38.3,83.3,43,2542,shot

leigh-griffiths,https://www.sofascore.com/slovakia-scotland/VTbsXTb#id:8600825,scotland,save,No information,assisted,13.4,33.6,0,left-foot,low-right,0,48,13.9,No information,No information,90,4,5616,33.6,13.4,52,0,52,86.1,1,684,shot
leigh-griffiths,https://www.sofascore.com/slovakia-scotland/VTbsXTb#id:8600825,scotland,save,No information,assisted,23.1,64.9,0,left-foot,low-left,0,52.3,8.9,No information,No information,90,2,5492,64.9,23.1,47.7,0,47.7,91.1,1,808,shot
stuart-armstrong,https://www.sofascore.com/slovakia-scotland/VTbsXTb#id:8600825,scotland,block,No information,assisted,18.2,55,0,right-foot,low-right,0,46.4,8.3,No information,No information,75,No information,4487,55,18.2,53.6,0,53.6,91.7,16,913,shot
ondrej-duda,https://www.sofascore.com/slovakia-scotland/VTbsXTb#id:8600825,slovakia,save,No information,regular,45,42.5,0,right-foot,high-centre,0,48.8,20.9,No information,No information,74,No information,4420,42.5,45,51.2,0,51.2,79.1,17,980,shot
michal-duris,https://www.sofascore.com/slovakia-scotland/VTbsXTb#id:8600825,slovakia,save,No information,assisted,16.8,55.7,0,right-foot,low-right,0,46.8,7,No information,No information,68,No information,4072,55.7,16.8,53.2,0,53.2,93,23,1328,shot
marek-hamsik,https://www.sofascore.com/slovakia-scotland/VTbsXTb#id:8600825,slovakia,block,No information,assisted,25.8,42.3,0,left-foot,low-right,0,46.9,19,No information,No information,66,No information,3959,42.3,25.8,53.1,0,53.1,81,25,1441,shot
patrik-hrosovsky,https://www.sofascore.com/slovakia-scotland/VTbsXTb#id:8600825,slovakia,miss,No information,assisted,28.1,54.5,0,right-foot,close-left,0,57,9.7,No information,No information,64,No information,3811,54.5,28.1,43,0,43,90.3,27,1589,shot
kenny-mclean,https://www.sofascore.com/slovakia-scotland/VTbsXTb#id:8600825,scotland,save,No information,assisted,8.3,51.3,0,head,low-left,0,53.2,19.6,No information,No information,62,No information,3703,51.3,8.3,46.8,0,46.8,80.4,29,1697,shot
oliver-mcburnie,https://www.sofascore.com/slovakia-scotland/VTbsXTb#id:8600825,scotland,block,No information,assisted,17.9,43.9,0,right-foot,low-centre,0,49.3,19,No information,No information,54,No information,3234,43.9,17.9,50.7,0,50.7,81,37,2166,shot
marek-hamsik,https://www.sofascore.com/slovakia-scotland/VTbsXTb#id:8600825,slovakia,save,No information,assisted,28,33.7,0,right-foot,high-left,0,52.2,24.7,No information,No information,52,No information,3064,33.7,28,47.8,0,47.8,75.3,39,2336,shot
kenny-mclean,https://www.sofascore.com/slovakia-scotland/VTbsXTb#id:8600825,scotland,miss,No information,assisted,9.6,53.3,0,left-foot,high-left,0,59.3,83.3,No information,No information,51,No information,3001,53.3,9.6,40.7,0,40.7,16.7,40,2399,shot
jan-gregus,https://www.sofascore.com/slovakia-scotland/VTbsXTb#id:8600825,slovakia,miss,No information,assisted,28,43.6,0,left-foot,high,0,55,63.9,No information,No information,49,No information,2919,43.6,28,45,0,45,36.1,42,2481,shot
stuart-armstrong,https://www.sofascore.com/slovakia-scotland/VTbsXTb#id:8600825,scotland,miss,No information,assisted,6.9,31.1,0,left-foot,right,0,35.1,4.2,No information,No information,43,No information,2538,31.1,6.9,64.9,0,64.9,95.8,3,162,shot
oliver-mcburnie,https://www.sofascore.com/slovakia-scotland/VTbsXTb#id:8600825,scotland,save,No information,assisted,9,52.6,0,head,low-centre,0,49,7.6,No information,No information,35,No information,2086,52.6,9,51,0,51,92.4,11,614,shot
liam-palmer,https://www.sofascore.com/slovakia-scotland/VTbsXTb#id:8600825,scotland,miss,No information,assisted,11.1,58.5,0,right-foot,high,0,55.1,88.9,No information,No information,34,No information,2037,58.5,11.1,44.9,0,44.9,11.1,12,663,shot
jan-gregus,https://www.sofascore.com/slovakia-scotland/VTbsXTb#id:8600825,slovakia,goal,regular,assisted,25.1,59.3,0,right-foot,low-left,0,53.9,7.6,No information,No information,31,No information,1859,59.3,25.1,46.1,0,46.1,92.4,15,841,shot
stuart-armstrong,https://www.sofascore.com/slovakia-scotland/VTbsXTb#id:8600825,scotland,miss,No information,free-kick,19.2,28.3,0,right-foot,high,0,54.5,70.8,No information,No information,28,No information,1628,28.3,19.2,45.5,0,45.5,29.2,18,1072,shot
andy-considine,https://www.sofascore.com/slovakia-scotland/VTbsXTb#id:8600825,scotland,miss,No information,set-piece,9.1,39.8,0,head,right,0,8.7,13.9,No information,No information,20,No information,1194,39.8,9.1,91.3,0,91.3,86.1,26,1506,shot
oliver-mcburnie,https://www.sofascore.com/slovakia-scotland/VTbsXTb#id:8600825,scotland,block,No information,assisted,10,42.5,0,left-foot,low-left,0,52.8,19,No information,No information,16,No information,937,42.5,10,47.2,0,47.2,81,30,1763,shot
liam-palmer,https://www.sofascore.com/slovakia-scotland/VTbsXTb#id:8600825,scotland,miss,No information,regular,14.4,70.9,0,right-foot,close-high,0,53.3,56.9,No information,No information,7,No information,386,70.9,14.4,46.7,0,46.7,43.1,39,2314,shot
ryan-christie,https://www.sofascore.com/slovakia-scotland/VTbsXTb#id:8600825,scotland,save,No information,assisted,11.4,29.7,0,left-foot,low-centre,0,48.7,5.1,No information,No information,6,No information,359,29.7,11.4,51.3,0,51.3,94.9,40,2341,shot
juraj-kucka,https://www.sofascore.com/slovakia-scotland/VTbsXTb#id:8600825,slovakia,save,No information,assisted,27.3,66.1,0,right-foot,low-right,0,47.1,18.4,No information,No information,5,No information,296,66.1,27.3,52.9,0,52.9,81.6,41,2404,shot

juraj-kucka,https://www.sofascore.com/slovakia-russia/UTbsXTb#id:9223754,slovakia,miss,No information,assisted,24.3,40.9,0,left-foot,high-left,0,65.5,41.7,No information,No information,90,3,5527,40.9,24.3,34.5,0,34.5,58.3,1,773,shot
ondrej-duda,https://www.sofascore.com/slovakia-russia/UTbsXTb#id:9223754,slovakia,block,No information,regular,10.1,60.6,0,right-foot,low-left,0,53.6,19,No information,No information,90,2,5511,60.6,10.1,46.4,0,46.4,81,1,789,shot
artem-dzyuba,https://www.sofascore.com/slovakia-russia/UTbsXTb#id:9223754,russia,miss,No information,assisted,6.8,43.1,0,head,close-right,0,42.9,11.1,No information,No information,83,No information,4936,43.1,6.8,57.1,0,57.1,88.9,8,464,shot
robert-mak,https://www.sofascore.com/slovakia-russia/UTbsXTb#id:9223754,slovakia,goal,regular,assisted,13.4,44.7,0,right-foot,low-left,0,53.7,2.5,No information,No information,74,No information,4399,44.7,13.4,46.3,0,46.3,97.5,17,1001,shot
mario-fernandes,https://www.sofascore.com/slovakia-russia/UTbsXTb#id:9223754,russia,goal,regular,regular,8.5,49.7,0,right-foot,low-right,0,47.3,4.4,No information,No information,71,No information,4247,49.7,8.5,52.7,0,52.7,95.6,20,1153,shot
daler-kuzyaev,https://www.sofascore.com/slovakia-russia/UTbsXTb#id:9223754,russia,save,No information,assisted,17.5,54.3,0,right-foot,low-centre,0,49.6,3.8,No information,No information,71,No information,4246,54.3,17.5,50.4,0,50.4,96.2,20,1154,shot
artem-dzyuba,https://www.sofascore.com/slovakia-russia/UTbsXTb#id:9223754,russia,block,No information,assisted,11.4,46.2,0,right-foot,low-centre,0,50.6,19,No information,No information,70,No information,4176,46.2,11.4,49.4,0,49.4,81,21,1224,shot
juraj-kucka,https://www.sofascore.com/slovakia-russia/UTbsXTb#id:9223754,slovakia,miss,No information,assisted,25.2,62.3,0,left-foot,high,0,55.1,68.1,No information,No information,57,No information,3404,62.3,25.2,44.9,0,44.9,31.9,34,1996,shot
ivan-schranz,https://www.sofascore.com/slovakia-russia/UTbsXTb#id:9223754,slovakia,save,No information,set-piece,5,53.6,0,right-foot,low-centre,0,49.7,7,No information,No information,56,No information,3341,53.6,5,50.3,0,50.3,93,35,2059,shot
artem-dzyuba,https://www.sofascore.com/slovakia-russia/UTbsXTb#id:9223754,russia,miss,No information,corner,9,66.6,0,head,right,0,38.5,22.2,No information,No information,45,1,2730,66.6,9,61.5,0,61.5,77.8,1,2670,shot
mario-fernandes,https://www.sofascore.com/slovakia-russia/UTbsXTb#id:9223754,russia,save,No information,assisted,8.3,50.7,0,head,low-centre,0,51.5,15.8,No information,No information,44,No information,2631,50.7,8.3,48.5,0,48.5,84.2,2,69,shot
yury-zhirkov,https://www.sofascore.com/slovakia-russia/UTbsXTb#id:9223754,russia,miss,No information,assisted,9.1,31.2,0,left-foot,right,0,28.4,18.1,No information,No information,44,No information,2613,31.2,9.1,71.6,0,71.6,81.9,2,87,shot
daler-kuzyaev,https://www.sofascore.com/slovakia-russia/UTbsXTb#id:9223754,russia,miss,No information,assisted,21.8,58.1,0,left-foot,high,0,51.8,63.9,No information,No information,41,No information,2403,58.1,21.8,48.2,0,48.2,36.1,5,297,shot
milan-skriniar,https://www.sofascore.com/slovakia-russia/UTbsXTb#id:9223754,slovakia,goal,regular,corner,8.8,50.5,0,head,low-left,0,53.2,14.6,No information,No information,38,No information,2250,50.5,8.8,46.8,0,46.8,85.4,8,450,shot
juraj-kucka,https://www.sofascore.com/slovakia-russia/UTbsXTb#id:9223754,slovakia,miss,No information,corner,7,58.5,0,head,left,0,70.9,22.2,No information,No information,30,No information,1762,58.5,7,29.1,0,29.1,77.8,16,938,shot
mario-fernandes,https://www.sofascore.com/slovakia-russia/UTbsXTb#id:9223754,russia,miss,No information,corner,9,43.7,0,head,right,0,4.5,6.9,No information,No information,27,No information,1586,43.7,9,95.5,0,95.5,93.1,19,1114,shot
aleksandr-golovin,https://www.sofascore.com/slovakia-russia/UTbsXTb#id:9223754,russia,miss,No information,free-kick,28.3,40.6,0,right-foot,close-left,0,58.3,12.5,No information,No information,2,No information,71,40.6,28.3,41.7,0,41.7,87.5,44,2629,shot

albert-rusnak,https://www.sofascore.com/slovakia-malta/IObsXTb#id:9223933,slovakia,save,No information,assisted,12.8,31.2,0,right-foot,low-centre,0,49.4,19,No information,No information,87,No information,5165,31.2,12.8,50.6,0,50.6,81,4,235,shot
tomas-suslov,https://www.sofascore.com/slovakia-malta/IObsXTb#id:9223933,slovakia,save,No information,corner,13.5,83,0,left-foot,low-right,0,46.3,1.3,No information,No information,84,No information,5032,83,13.5,53.7,0,53.7,98.7,7,368,shot
robert-bozenik,https://www.sofascore.com/slovakia-malta/IObsXTb#id:9223933,slovakia,save,No information,regular,10.1,65.1,0,right-foot,high-right,0,47.8,31,No information,No information,84,No information,4997,65.1,10.1,52.2,0,52.2,69,7,403,shot
ladislav-almasi,https://www.sofascore.com/slovakia-malta/IObsXTb#id:9223933,slovakia,block,No information,assisted,13.2,62.2,0,right-foot,low-centre,0,49,19,No information,No information,81,No information,4854,62.2,13.2,51,0,51,81,10,546,shot
ondrej-duda,https://www.sofascore.com/slovakia-malta/IObsXTb#id:9223933,slovakia,goal,regular,assisted,8.8,46.2,0,left-foot,low-centre,0,49.7,4.4,No information,No information,80,No information,4791,46.2,8.8,50.3,0,50.3,95.6,11,609,shot
robert-mak,https://www.sofascore.com/slovakia-malta/IObsXTb#id:9223933,slovakia,save,No information,corner,23.4,59.8,0,right-foot,low-left,0,52.3,7.6,No information,No information,80,No information,4774,59.8,23.4,47.7,0,47.7,92.4,11,626,shot
vernon-de-marco,https://www.sofascore.com/slovakia-malta/IObsXTb#id:9223933,slovakia,goal,regular,assisted,21.8,34.6,0,left-foot,low-right,0,47.8,1.3,No information,No information,71,No information,4254,34.6,21.8,52.2,0,52.2,98.7,20,1146,shot
ondrej-duda,https://www.sofascore.com/slovakia-malta/IObsXTb#id:9223933,slovakia,goal,regular,assisted,9.2,47.3,0,left-foot,low-centre,0,50.4,1.9,No information,No information,69,No information,4115,47.3,9.2,49.6,0,49.6,98.1,22,1285,shot
tomas-suslov,https://www.sofascore.com/slovakia-malta/IObsXTb#id:9223933,slovakia,save,No information,corner,27.2,65.4,0,left-foot,low-centre,0,50.6,13.9,No information,No information,68,No information,4048,65.4,27.2,49.4,0,49.4,86.1,23,1352,shot
david-hancko,https://www.sofascore.com/slovakia-malta/IObsXTb#id:9223933,slovakia,save,No information,corner,8.5,48.1,0,left-foot,low-centre,0,50.6,3.2,No information,No information,62,No information,3676,48.1,8.5,49.4,0,49.4,96.8,29,1724,shot
ondrej-duda,https://www.sofascore.com/slovakia-malta/IObsXTb#id:9223933,slovakia,miss,No information,corner,19.7,31,0,left-foot,right,0,33.6,4.2,No information,No information,62,No information,3675,31,19.7,66.4,0,66.4,95.8,29,1725,shot
david-strelec,https://www.sofascore.com/slovakia-malta/IObsXTb#id:9223933,slovakia,block,No information,regular,12.6,54.1,0,left-foot,low-centre,0,48.3,19,No information,No information,61,No information,3621,54.1,12.6,51.7,0,51.7,81,30,1779,shot
ondrej-duda,https://www.sofascore.com/slovakia-malta/IObsXTb#id:9223933,slovakia,block,No information,corner,18.8,51.3,0,right-foot,low-centre,0,51.4,19,No information,No information,58,No information,3425,51.3,18.8,48.6,0,48.6,81,33,1975,shot
lukas-haraslin,https://www.sofascore.com/slovakia-malta/IObsXTb#id:9223933,slovakia,save,No information,regular,10.7,34,0,left-foot,high-centre,0,49.2,20.9,No information,No information,56,No information,3334,34,10.7,50.8,0,50.8,79.1,35,2066,shot
ondrej-duda,https://www.sofascore.com/slovakia-malta/IObsXTb#id:9223933,slovakia,save,No information,assisted,7.5,62.7,0,right-foot,high-centre,0,50.6,21.5,No information,No information,56,No information,3332,62.7,7.5,49.4,0,49.4,78.5,35,2068,shot
david-strelec,https://www.sofascore.com/slovakia-malta/IObsXTb#id:9223933,slovakia,miss,No information,set-piece,10,60.5,0,head,right,0,35.8,22.2,No information,No information,52,No information,3070,60.5,10,64.2,0,64.2,77.8,39,2330,shot
ondrej-duda,https://www.sofascore.com/slovakia-malta/IObsXTb#id:9223933,slovakia,block,No information,assisted,15.9,54.3,0,right-foot,low-right,0,47.7,19,No information,No information,49,No information,2914,54.3,15.9,52.3,0,52.3,81,42,2486,shot
ondrej-duda,https://www.sofascore.com/slovakia-malta/IObsXTb#id:9223933,slovakia,miss,No information,regular,26.4,53.1,0,right-foot,high,0,50.4,68.1,No information,No information,48,No information,2822,53.1,26.4,49.6,0,49.6,31.9,43,2578,shot
david-hancko,https://www.sofascore.com/slovakia-malta/IObsXTb#id:9223933,slovakia,save,No information,assisted,9.7,59.3,0,left-foot,high-centre,0,49.7,23.4,No information,No information,45,2,2790,59.3,9.7,50.3,0,50.3,76.6,1,2610,shot
teddy-teuma,https://www.sofascore.com/slovakia-malta/IObsXTb#id:9223933,malta,miss,No information,assisted,30.4,43.7,0,left-foot,close-right,0,40.8,1.4,No information,No information,39,No information,2299,43.7,30.4,59.2,0,59.2,98.6,7,401,shot
david-hancko,https://www.sofascore.com/slovakia-malta/IObsXTb#id:9223933,slovakia,miss,No information,corner,5.7,60.8,0,head,left,0,74.5,5.6,No information,No information,31,No information,1844,60.8,5.7,25.5,0,25.5,94.4,15,856,shot
lukas-haraslin,https://www.sofascore.com/slovakia-malta/IObsXTb#id:9223933,slovakia,save,No information,assisted,12.8,39.2,0,right-foot,low-centre,0,49.4,2.5,No information,No information,30,No information,1785,39.2,12.8,50.6,0,50.6,97.5,16,915,shot
ondrej-duda,https://www.sofascore.com/slovakia-malta/IObsXTb#id:9223933,slovakia,block,No information,assisted,18.1,50.9,0,right-foot,low-centre,0,50.3,19,No information,No information,29,No information,1724,50.9,18.1,49.7,0,49.7,81,17,976,shot
albert-rusnak,https://www.sofascore.com/slovakia-malta/IObsXTb#id:9223933,slovakia,goal,regular,assisted,22.1,45.5,0,right-foot,low-right,0,46.1,5.7,No information,No information,16,No information,923,45.5,22.1,53.9,0,53.9,94.3,30,1777,shot
david-strelec,https://www.sofascore.com/slovakia-malta/IObsXTb#id:9223933,slovakia,miss,No information,assisted,2.1,31.2,0,left-foot,close-left,0,57.8,5.6,No information,No information,10,No information,565,31.2,2.1,42.2,0,42.2,94.4,36,2135,shot
ondrej-duda,https://www.sofascore.com/slovakia-malta/IObsXTb#id:9223933,slovakia,goal,regular,assisted,4.3,48.8,0,head,low-left,0,53.9,16.5,No information,No information,8,No information,420,48.8,4.3,46.1,0,46.1,83.5,38,2280,shot
albert-rusnak,https://www.sofascore.com/slovakia-malta/IObsXTb#id:9223933,slovakia,goal,regular,assisted,11.1,63.1,0,right-foot,low-centre,0,48.4,2.5,No information,No information,6,No information,314,63.1,11.1,51.6,0,51.6,97.5,40,2386,shot

jonny-evans,https://www.sofascore.com/northern-ireland-slovakia/XTbsLVb#id:9102688,northern ireland,save,No information,set-piece,6.4,45.8,0,head,low-centre,0,49.8,5.7,No information,No information,120,No information,7179,45.8,6.4,50.2,0,50.2,94.3,1,21,shot
michal-duris,https://www.sofascore.com/northern-ireland-slovakia/XTbsLVb#id:9102688,slovakia,goal,regular,fast-break,13,65.8,0,right-foot,low-right,0,46,1.9,No information,No information,110,No information,6560,65.8,13,54,0,54,98.1,11,640,shot
marek-hamsik,https://www.sofascore.com/northern-ireland-slovakia/XTbsLVb#id:9102688,slovakia,save,No information,assisted,12.8,40,0,right-foot,low-centre,0,50.9,13.9,No information,No information,105,1,6300,40,12.8,49.1,0,49.1,86.1,1,0,shot
kyle-lafferty,https://www.sofascore.com/northern-ireland-slovakia/XTbsLVb#id:9102688,northern ireland,save,No information,corner,7.7,41.1,0,right-foot,low-centre,0,51,5.7,No information,No information,101,No information,6022,41.1,7.7,49,0,49,94.3,5,278,shot
stuart-dallas,https://www.sofascore.com/northern-ireland-slovakia/XTbsLVb#id:9102688,northern ireland,miss,No information,corner,26.5,40.2,0,right-foot,left,0,61.5,16.7,No information,No information,101,No information,6021,40.2,26.5,38.5,0,38.5,83.3,5,279,shot
liam-boyce,https://www.sofascore.com/northern-ireland-slovakia/XTbsLVb#id:9102688,northern ireland,miss,No information,assisted,7.1,53.3,0,head,right,0,2.9,4.2,No information,No information,92,No information,5488,53.3,7.1,97.1,0,97.1,95.8,14,812,shot
kyle-lafferty,https://www.sofascore.com/northern-ireland-slovakia/XTbsLVb#id:9102688,northern ireland,post,No information,assisted,22.4,56.3,0,right-foot,right,0,44.8,7,No information,No information,90,No information,5351,56.3,22.4,55.2,0,55.2,93,1,49,shot
milan-skriniar,https://www.sofascore.com/northern-ireland-slovakia/XTbsLVb#id:9102688,northern ireland,goal,own,regular,2.7,52.6,0,left-foot,high-centre,0,50,22.2,No information,No information,87,No information,5190,52.6,2.7,50,0,50,77.8,4,210,shot
jordan-thompson,https://www.sofascore.com/northern-ireland-slovakia/XTbsLVb#id:9102688,northern ireland,miss,No information,assisted,25.2,52.6,0,left-foot,close-right,0,42.5,16.7,No information,No information,86,No information,5108,52.6,25.2,57.5,0,57.5,83.3,5,292,shot
paddy-mcnair,https://www.sofascore.com/northern-ireland-slovakia/XTbsLVb#id:9102688,northern ireland,block,No information,regular,12.1,59,0,right-foot,low-centre,0,50.3,19,No information,No information,86,No information,5100,59,12.1,49.7,0,49.7,81,5,300,shot
kyle-lafferty,https://www.sofascore.com/northern-ireland-slovakia/XTbsLVb#id:9102688,northern ireland,miss,No information,assisted,10.5,42.5,0,head,close-left,0,58.8,16.7,No information,No information,85,No information,5098,42.5,10.5,41.2,0,41.2,83.3,6,302,shot
jamal-lewis,https://www.sofascore.com/northern-ireland-slovakia/XTbsLVb#id:9102688,northern ireland,block,No information,throw-in-set-piece,21.6,35.5,0,left-foot,low-centre,0,48.6,19,No information,No information,85,No information,5069,35.5,21.6,51.4,0,51.4,81,6,331,shot
jordan-thompson,https://www.sofascore.com/northern-ireland-slovakia/XTbsLVb#id:9102688,northern ireland,block,No information,throw-in-set-piece,14,60.1,0,left-foot,low-centre,0,50.7,19,No information,No information,85,No information,5066,60.1,14,49.3,0,49.3,81,6,334,shot
patrik-hrosovsky,https://www.sofascore.com/northern-ireland-slovakia/XTbsLVb#id:9102688,slovakia,miss,No information,assisted,24.2,30.6,0,right-foot,left,0,63.2,4.2,No information,No information,81,No information,4814,30.6,24.2,36.8,0,36.8,95.8,10,586,shot
michal-duris,https://www.sofascore.com/northern-ireland-slovakia/XTbsLVb#id:9102688,slovakia,block,No information,assisted,16.4,27.6,0,right-foot,low-right,0,46.2,11.1,No information,No information,71,No information,4241,27.6,16.4,53.8,0,53.8,88.9,20,1159,shot
michal-duris,https://www.sofascore.com/northern-ireland-slovakia/XTbsLVb#id:9102688,slovakia,block,No information,assisted,13.3,26.5,0,right-foot,low-right,0,46.5,19,No information,No information,69,No information,4107,26.5,13.3,53.5,0,53.5,81,22,1293,shot
juraj-kucka,https://www.sofascore.com/northern-ireland-slovakia/XTbsLVb#id:9102688,slovakia,miss,No information,assisted,33.3,45.8,0,right-foot,right,0,40.7,34.7,No information,No information,63,No information,3744,45.8,33.3,59.3,0,59.3,65.3,28,1656,shot
conor-washington,https://www.sofascore.com/northern-ireland-slovakia/XTbsLVb#id:9102688,northern ireland,save,No information,assisted,12.8,43.7,0,right-foot,low-centre,0,51,18.4,No information,No information,53,No information,3146,43.7,12.8,49,0,49,81.6,38,2254,shot
george-saville,https://www.sofascore.com/northern-ireland-slovakia/XTbsLVb#id:9102688,northern ireland,miss,No information,assisted,27,46.7,0,left-foot,left,0,63.7,30.6,No information,No information,51,No information,3042,46.7,27,36.3,0,36.3,69.4,40,2358,shot
niall-mcginn,https://www.sofascore.com/northern-ireland-slovakia/XTbsLVb#id:9102688,northern ireland,miss,No information,regular,21.4,52.7,0,right-foot,high-left,0,57.1,76.4,No information,No information,44,No information,2622,52.7,21.4,42.9,0,42.9,23.6,2,78,shot
stuart-dallas,https://www.sofascore.com/northern-ireland-slovakia/XTbsLVb#id:9102688,northern ireland,miss,No information,assisted,30.4,42.7,0,left-foot,right,0,32.9,4.2,No information,No information,40,No information,2392,42.7,30.4,67.1,0,67.1,95.8,6,308,shot
paddy-mcnair,https://www.sofascore.com/northern-ireland-slovakia/XTbsLVb#id:9102688,northern ireland,block,No information,throw-in-set-piece,16.8,65.5,0,right-foot,low-centre,0,51.1,13.9,No information,No information,36,No information,2114,65.5,16.8,48.9,0,48.9,86.1,10,586,shot
robert-mak,https://www.sofascore.com/northern-ireland-slovakia/XTbsLVb#id:9102688,slovakia,block,No information,assisted,14.4,38.3,0,right-foot,low-centre,0,50.9,19,No information,No information,30,No information,1791,38.3,14.4,49.1,0,49.1,81,16,909,shot
josh-magennis,https://www.sofascore.com/northern-ireland-slovakia/XTbsLVb#id:9102688,northern ireland,miss,No information,corner,4.8,51.5,0,head,left,0,73.1,15.3,No information,No information,22,No information,1300,51.5,4.8,26.9,0,26.9,84.7,24,1400,shot
juraj-kucka,https://www.sofascore.com/northern-ireland-slovakia/XTbsLVb#id:9102688,slovakia,goal,regular,regular,13.5,59,0,right-foot,low-right,0,46.1,1.3,No information,No information,17,No information,980,59,13.5,53.9,0,53.9,98.7,29,1720,shot
albert-rusnak,https://www.sofascore.com/northern-ireland-slovakia/XTbsLVb#id:9102688,slovakia,miss,No information,assisted,11.2,69.2,0,right-foot,high-right,0,42.9,73.6,No information,No information,9,No information,518,69.2,11.2,57.1,0,57.1,26.4,37,2182,shot

artur-shushenachev,https://www.sofascore.com/kazakhstan-slovakia/XTbsxVb#id:10225892,kazakhstan,block,No information,regular,13.5,32.8,0,right-foot,low-right,0,46.4,15.3,No information,No information,90,2,5518,32.8,13.5,53.6,0,53.6,84.7,1,782,shot
juraj-kucka,https://www.sofascore.com/kazakhstan-slovakia/XTbsxVb#id:10225892,slovakia,miss,No information,corner,6.7,60.2,0,head,close-right,0,41,16.7,No information,No information,90,2,5480,60.2,6.7,59,0,59,83.3,1,820,shot
juraj-kucka,https://www.sofascore.com/kazakhstan-slovakia/XTbsxVb#id:10225892,slovakia,miss,No information,regular,13.8,38.2,0,right-foot,high,0,44.7,87.5,No information,No information,82,No information,4883,38.2,13.8,55.3,0,55.3,12.5,9,517,shot
albert-rusnak,https://www.sofascore.com/kazakhstan-slovakia/XTbsxVb#id:10225892,slovakia,miss,No information,regular,15.2,66,0,left-foot,left,0,72.3,19,No information,No information,69,No information,4127,66,15.2,27.7,0,27.7,81,22,1273,shot
ladislav-almasi,https://www.sofascore.com/kazakhstan-slovakia/XTbsxVb#id:10225892,slovakia,miss,No information,assisted,12.5,52.4,0,head,left,0,61.7,23.6,No information,No information,68,No information,4050,52.4,12.5,38.3,0,38.3,76.4,23,1350,shot
juraj-kucka,https://www.sofascore.com/kazakhstan-slovakia/XTbsxVb#id:10225892,slovakia,miss,No information,assisted,25.4,65.5,0,right-foot,high,0,44.4,61.1,No information,No information,64,No information,3827,65.5,25.4,55.6,0,55.6,38.9,27,1573,shot
lukas-haraslin,https://www.sofascore.com/kazakhstan-slovakia/XTbsxVb#id:10225892,slovakia,post,No information,assisted,11.7,33.5,0,right-foot,right,0,44.6,29.7,No information,No information,62,No information,3702,33.5,11.7,55.4,0,55.4,70.3,29,1698,shot
tomas-suslov,https://www.sofascore.com/kazakhstan-slovakia/XTbsxVb#id:10225892,slovakia,miss,No information,assisted,21.5,65.3,0,left-foot,close-right,0,42.9,2.8,No information,No information,56,No information,3304,65.3,21.5,57.1,0,57.1,97.2,35,2096,shot
albert-rusnak,https://www.sofascore.com/kazakhstan-slovakia/XTbsxVb#id:10225892,slovakia,block,No information,assisted,22,27,0,right-foot,low-right,0,46.7,19,No information,No information,54,No information,3226,27,22,53.3,0,53.3,81,37,2174,shot
juraj-kucka,https://www.sofascore.com/kazakhstan-slovakia/XTbsxVb#id:10225892,slovakia,miss,No information,assisted,26.5,51.5,0,left-foot,right,0,40.5,6.9,No information,No information,53,No information,3154,51.5,26.5,59.5,0,59.5,93.1,38,2246,shot
juraj-chvatal,https://www.sofascore.com/kazakhstan-slovakia/XTbsxVb#id:10225892,slovakia,save,No information,assisted,15.5,39.2,0,right-foot,low-centre,0,48.7,3.8,No information,No information,52,No information,3084,39.2,15.5,51.3,0,51.3,96.2,39,2316,shot
lukas-haraslin,https://www.sofascore.com/kazakhstan-slovakia/XTbsxVb#id:10225892,slovakia,miss,No information,assisted,12.7,32.5,0,right-foot,close-right,0,41.2,6.9,No information,No information,48,No information,2874,32.5,12.7,58.8,0,58.8,93.1,43,2526,shot
ladislav-almasi,https://www.sofascore.com/kazakhstan-slovakia/XTbsxVb#id:10225892,slovakia,block,No information,assisted,14.5,43.3,0,head,low-centre,0,48.8,19,No information,No information,48,No information,2871,43.3,14.5,51.2,0,51.2,81,43,2529,shot
vladimir-weiss,https://www.sofascore.com/kazakhstan-slovakia/XTbsxVb#id:10225892,slovakia,miss,No information,free-kick,24.1,61.6,0,right-foot,close-high,0,45.7,58.3,No information,No information,45,5,2968,61.6,24.1,54.3,0,54.3,41.7,1,2432,shot
stanislav-lobotka,https://www.sofascore.com/kazakhstan-slovakia/XTbsxVb#id:10225892,slovakia,miss,No information,assisted,20.2,50,0,left-foot,close-right,0,40.8,8.3,No information,No information,45,1,2754,50,20.2,59.2,0,59.2,91.7,1,2646,shot
stanislav-lobotka,https://www.sofascore.com/kazakhstan-slovakia/XTbsxVb#id:10225892,slovakia,miss,No information,assisted,23.3,38.8,0,right-foot,high,0,50.3,81.9,No information,No information,42,No information,2516,38.8,23.3,49.7,0,49.7,18.1,4,184,shot
stanislav-lobotka,https://www.sofascore.com/kazakhstan-slovakia/XTbsxVb#id:10225892,slovakia,block,No information,set-piece,17.7,45.8,0,right-foot,low-left,0,53.4,15.3,No information,No information,30,No information,1774,45.8,17.7,46.6,0,46.6,84.7,16,926,shot
aslan-darabaev,https://www.sofascore.com/kazakhstan-slovakia/XTbsxVb#id:10225892,kazakhstan,goal,regular,assisted,10.3,61.4,0,left-foot,low-left,0,53.6,4.4,No information,No information,26,No information,1538,61.4,10.3,46.4,0,46.4,95.6,20,1162,shot
abat-aimbetov,https://www.sofascore.com/kazakhstan-slovakia/XTbsxVb#id:10225892,kazakhstan,miss,No information,fast-break,12,72.4,0,right-foot,high,0,46.2,73.6,No information,No information,22,No information,1286,72.4,12,53.8,0,53.8,26.4,24,1414,shot
ramazan-orazov,https://www.sofascore.com/kazakhstan-slovakia/XTbsxVb#id:10225892,kazakhstan,miss,No information,regular,31.2,40.9,0,right-foot,close-left,0,58,11.1,No information,No information,19,No information,1137,40.9,31.2,42,0,42,88.9,27,1563,shot
abat-aimbetov,https://www.sofascore.com/kazakhstan-slovakia/XTbsxVb#id:10225892,kazakhstan,miss,No information,assisted,23.7,19.5,0,right-foot,left,0,61.8,5.6,No information,No information,17,No information,1004,19.5,23.7,38.2,0,38.2,94.4,29,1696,shot
astanov-elkhan,https://www.sofascore.com/kazakhstan-slovakia/XTbsxVb#id:10225892,kazakhstan,save,No information,assisted,11.8,71.7,0,right-foot,high-right,0,47.9,20.3,No information,No information,16,No information,955,71.7,11.8,52.1,0,52.1,79.7,30,1745,shot
abat-aimbetov,https://www.sofascore.com/kazakhstan-slovakia/XTbsxVb#id:10225892,kazakhstan,miss,No information,assisted,20.1,52.6,0,right-foot,high,0,53.1,70.8,No information,No information,4,No information,196,52.6,20.1,46.9,0,46.9,29.2,42,2504,shot
sergey-maliy,https://www.sofascore.com/kazakhstan-slovakia/XTbsxVb#id:10225892,kazakhstan,save,No information,corner,12.5,50.5,0,head,low-left,0,52.4,14.6,No information,No information,2,No information,95,50.5,12.5,47.6,0,47.6,85.4,44,2605,shot

hojjat-haghverdi,https://www.sofascore.com/azerbaijan-slovakia/XTbsRUb#id:10023365,azerbaijan,goal,regular,corner,4.8,50.1,0,other,low-right,0,47.4,10.1,No information,No information,90,5,5661,50.1,4.8,52.6,0,52.6,89.9,1,639,shot
isayev-alexey,https://www.sofascore.com/azerbaijan-slovakia/XTbsRUb#id:10023365,azerbaijan,block,No information,assisted,13.4,42.9,0,right-foot,low-centre,0,49.7,19,No information,No information,90,4,5634,42.9,13.4,50.3,0,50.3,81,1,666,shot
erik-jirka,https://www.sofascore.com/azerbaijan-slovakia/XTbsRUb#id:10023365,slovakia,goal,penalty,penalty,11.5,50,0,right-foot,low-left,0,53.9,9.5,No information,No information,90,3,5552,50,11.5,46.1,0,46.1,90.5,1,748,shot
stanislav-lobotka,https://www.sofascore.com/azerbaijan-slovakia/XTbsRUb#id:10023365,slovakia,save,No information,assisted,25.6,41.7,0,right-foot,low-centre,0,49.7,3.8,No information,No information,90,No information,5382,41.7,25.6,50.3,0,50.3,96.2,1,18,shot
adam-zreak,https://www.sofascore.com/azerbaijan-slovakia/XTbsRUb#id:10023365,slovakia,miss,No information,assisted,9,54.2,0,head,left,0,77.8,19.4,No information,No information,89,No information,5312,54.2,9,22.2,0,22.2,80.6,2,88,shot
samuel-mraz,https://www.sofascore.com/azerbaijan-slovakia/XTbsRUb#id:10023365,slovakia,miss,No information,set-piece,9.2,48.4,0,other,close-high,0,54.5,59.7,No information,No information,86,No information,5145,48.4,9.2,45.5,0,45.5,40.3,5,255,shot
ramil-sheydaev,https://www.sofascore.com/azerbaijan-slovakia/XTbsRUb#id:10023365,azerbaijan,block,No information,regular,11,29.9,0,right-foot,low-centre,0,49.6,19,No information,No information,72,No information,4305,29.9,11,50.4,0,50.4,81,19,1095,shot
matus-bero,https://www.sofascore.com/azerbaijan-slovakia/XTbsRUb#id:10023365,slovakia,save,No information,assisted,12.1,61.8,0,head,low-centre,0,48.5,13.9,No information,No information,70,No information,4182,61.8,12.1,51.5,0,51.5,86.1,21,1218,shot
david-hancko,https://www.sofascore.com/azerbaijan-slovakia/XTbsRUb#id:10023365,slovakia,miss,No information,regular,23.2,50.5,0,left-foot,right,0,40.7,15.3,No information,No information,69,No information,4096,50.5,23.2,59.3,0,59.3,84.7,22,1304,shot
martin-regali,https://www.sofascore.com/azerbaijan-slovakia/XTbsRUb#id:10023365,slovakia,miss,No information,assisted,7.6,64.4,0,right-foot,right,0,40.7,19.4,No information,No information,62,No information,3669,64.4,7.6,59.3,0,59.3,80.6,29,1731,shot
robert-bozenik,https://www.sofascore.com/azerbaijan-slovakia/XTbsRUb#id:10023365,slovakia,block,No information,assisted,10.4,63.3,0,right-foot,low-centre,0,50.1,19,No information,No information,59,No information,3518,63.3,10.4,49.9,0,49.9,81,32,1882,shot
laszlo-benes,https://www.sofascore.com/azerbaijan-slovakia/XTbsRUb#id:10023365,slovakia,miss,No information,regular,30.3,36.9,0,left-foot,close-high-left,0,57.8,56.9,No information,No information,58,No information,3434,36.9,30.3,42.2,0,42.2,43.1,33,1966,shot
matus-bero,https://www.sofascore.com/azerbaijan-slovakia/XTbsRUb#id:10023365,slovakia,save,No information,assisted,6.8,68.7,0,right-foot,low-right,0,47,1.9,No information,No information,51,No information,3030,68.7,6.8,53,0,53,98.1,40,2370,shot
renat-dadasov,https://www.sofascore.com/azerbaijan-slovakia/XTbsRUb#id:10023365,azerbaijan,goal,regular,assisted,7.8,65.3,0,right-foot,high-right,0,46.8,30.4,No information,No information,44,No information,2615,65.3,7.8,53.2,0,53.2,69.6,2,85,shot
robert-bozenik,https://www.sofascore.com/azerbaijan-slovakia/XTbsRUb#id:10023365,slovakia,miss,No information,assisted,8.2,46.7,0,other,left,0,66.4,11.1,No information,No information,42,No information,2503,46.7,8.2,33.6,0,33.6,88.9,4,197,shot
matus-bero,https://www.sofascore.com/azerbaijan-slovakia/XTbsRUb#id:10023365,slovakia,post,No information,assisted,17.7,63.9,0,left-foot,high,0,55.2,39.2,No information,No information,37,No information,2174,63.9,17.7,44.8,0,44.8,60.8,9,526,shot
erik-jirka,https://www.sofascore.com/azerbaijan-slovakia/XTbsRUb#id:10023365,slovakia,save,No information,assisted,12.5,28.5,0,right-foot,low-centre,0,51.1,3.8,No information,No information,34,No information,2000,28.5,12.5,48.9,0,48.9,96.2,12,700,shot
renat-dadasov,https://www.sofascore.com/azerbaijan-slovakia/XTbsRUb#id:10023365,azerbaijan,miss,No information,regular,13.1,53,0,right-foot,left,0,68.1,4.2,No information,No information,33,No information,1967,53,13.1,31.9,0,31.9,95.8,13,733,shot
hojjat-haghverdi,https://www.sofascore.com/azerbaijan-slovakia/XTbsRUb#id:10023365,azerbaijan,miss,No information,assisted,20.8,69.3,0,right-foot,left,0,71.9,23.6,No information,No information,33,No information,1967,69.3,20.8,28.1,0,28.1,76.4,13,733,shot
richard-almeida,https://www.sofascore.com/azerbaijan-slovakia/XTbsRUb#id:10023365,azerbaijan,miss,No information,assisted,18.4,50.7,0,left-foot,high,0,51.4,61.1,No information,No information,32,No information,1877,50.7,18.4,48.6,0,48.6,38.9,14,823,shot
erik-jirka,https://www.sofascore.com/azerbaijan-slovakia/XTbsRUb#id:10023365,slovakia,miss,No information,assisted,3.8,46.1,0,head,high,0,49.6,62.5,No information,No information,30,No information,1781,46.1,3.8,50.4,0,50.4,37.5,16,919,shot
emin-makhmudov,https://www.sofascore.com/azerbaijan-slovakia/XTbsRUb#id:10023365,azerbaijan,save,No information,assisted,11.4,46.2,0,head,high-centre,0,50.2,29.7,No information,No information,28,No information,1678,46.2,11.4,49.8,0,49.8,70.3,18,1022,shot
bedavi-huseynov,https://www.sofascore.com/azerbaijan-slovakia/XTbsRUb#id:10023365,azerbaijan,block,No information,corner,25.2,70.1,0,right-foot,low-centre,0,50.3,19,No information,No information,26,No information,1541,70.1,25.2,49.7,0,49.7,81,20,1159,shot
laszlo-benes,https://www.sofascore.com/azerbaijan-slovakia/XTbsRUb#id:10023365,slovakia,save,No information,free-kick,27.1,71.3,0,left-foot,low-right,0,45.9,18.4,No information,No information,20,No information,1188,71.3,27.1,54.1,0,54.1,81.6,26,1512,shot
renat-dadasov,https://www.sofascore.com/azerbaijan-slovakia/XTbsRUb#id:10023365,azerbaijan,miss,No information,regular,28.9,67.9,0,right-foot,close-high-left,0,58,52.8,No information,No information,16,No information,926,67.9,28.9,42,0,42,47.2,30,1774,shot
laszlo-benes,https://www.sofascore.com/azerbaijan-slovakia/XTbsRUb#id:10023365,slovakia,miss,No information,regular,22.9,39.4,0,left-foot,high-left,0,60.2,80.6,No information,No information,4,No information,181,39.4,22.9,39.8,0,39.8,19.4,42,2519,shot
martin-regali,https://www.sofascore.com/azerbaijan-slovakia/XTbsRUb#id:10023365,slovakia,block,No information,regular,19.9,62.9,0,right-foot,low-left,0,52.1,19,No information,No information,3,No information,179,62.9,19.9,47.9,0,47.9,81,43,2521,shot

daniil-fomin,https://www.sofascore.com/slovakia-russia/UTbsXTb#id:9223900,russia,block,No information,assisted,14.6,28.3,0,right-foot,low-left,0,53,19,No information,No information,90,No information,5386,28.3,14.6,47,0,47,81,1,14,shot
daniil-fomin,https://www.sofascore.com/slovakia-russia/UTbsXTb#id:9223900,russia,miss,No information,free-kick,12.4,10.9,0,right-foot,close-left,0,57.3,20.8,No information,No information,89,No information,5296,10.9,12.4,42.7,0,42.7,79.2,2,104,shot
ladislav-almasi,https://www.sofascore.com/slovakia-russia/UTbsXTb#id:9223900,slovakia,miss,No information,assisted,12.4,44.8,0,head,left,0,60.8,15.3,No information,No information,82,No information,4889,44.8,12.4,39.2,0,39.2,84.7,9,511,shot
david-strelec,https://www.sofascore.com/slovakia-russia/UTbsXTb#id:9223900,slovakia,save,No information,assisted,17.7,48.7,0,left-foot,low-centre,0,49.4,1.3,No information,No information,79,No information,4702,48.7,17.7,50.6,0,50.6,98.7,12,698,shot
lukas-haraslin,https://www.sofascore.com/slovakia-russia/UTbsXTb#id:9223900,slovakia,miss,No information,assisted,13.7,51.5,0,head,high-right,0,42.2,68.1,No information,No information,77,No information,4603,51.5,13.7,57.8,0,57.8,31.9,14,797,shot
peter-pekarik,https://www.sofascore.com/slovakia-russia/UTbsXTb#id:9223900,slovakia,miss,No information,corner,18.9,71.6,0,right-foot,left,0,65.4,1.4,No information,No information,77,No information,4565,71.6,18.9,34.6,0,34.6,98.6,14,835,shot
ivan-schranz,https://www.sofascore.com/slovakia-russia/UTbsXTb#id:9223900,slovakia,save,No information,regular,14.1,51,0,left-foot,low-centre,0,49.7,2.5,No information,No information,76,No information,4533,51,14.1,50.3,0,50.3,97.5,15,867,shot
david-strelec,https://www.sofascore.com/slovakia-russia/UTbsXTb#id:9223900,slovakia,block,No information,assisted,12.1,51.5,0,head,low-left,0,51.8,19,No information,No information,74,No information,4423,51.5,12.1,48.2,0,48.2,81,17,977,shot
aleksey-sutormin,https://www.sofascore.com/slovakia-russia/UTbsXTb#id:9223900,russia,block,No information,fast-break,20.6,63.2,0,left-foot,low-left,0,51.8,19,No information,No information,60,No information,3596,63.2,20.6,48.2,0,48.2,81,31,1804,shot
peter-pekarik,https://www.sofascore.com/slovakia-russia/UTbsXTb#id:9223900,slovakia,block,No information,corner,23.8,51.9,0,right-foot,low-centre,0,49.3,19,No information,No information,60,No information,3583,51.9,23.8,50.7,0,50.7,81,31,1817,shot
david-hancko,https://www.sofascore.com/slovakia-russia/UTbsXTb#id:9223900,slovakia,block,No information,regular,6.5,29.5,0,left-foot,low-centre,0,48.8,19,No information,No information,60,No information,3554,29.5,6.5,51.2,0,51.2,81,31,1846,shot
david-hancko,https://www.sofascore.com/slovakia-russia/UTbsXTb#id:9223900,slovakia,save,No information,assisted,8.7,30.3,0,left-foot,low-left,0,52.6,11.4,No information,No information,60,No information,3552,30.3,8.7,47.4,0,47.4,88.6,31,1848,shot
milan-skriniar,https://www.sofascore.com/slovakia-russia/UTbsXTb#id:9223900,slovakia,block,No information,corner,11.8,51.8,0,head,low-centre,0,50.9,19,No information,No information,56,No information,3350,51.8,11.8,49.1,0,49.1,81,35,2050,shot
lukas-haraslin,https://www.sofascore.com/slovakia-russia/UTbsXTb#id:9223900,slovakia,block,No information,assisted,4.9,25.9,0,right-foot,low-right,0,47,19,No information,No information,56,No information,3320,25.9,4.9,53,0,53,81,35,2080,shot
aleksey-sutormin,https://www.sofascore.com/slovakia-russia/UTbsXTb#id:9223900,russia,miss,No information,set-piece,14.8,69.1,0,right-foot,high-right,0,38.7,79.2,No information,No information,53,No information,3165,69.1,14.8,61.3,0,61.3,20.8,38,2235,shot
ondrej-duda,https://www.sofascore.com/slovakia-russia/UTbsXTb#id:9223900,slovakia,block,No information,corner,19.2,63.5,0,left-foot,low-centre,0,50.6,19,No information,No information,52,No information,3077,63.5,19.2,49.4,0,49.4,81,39,2323,shot
juraj-kucka,https://www.sofascore.com/slovakia-russia/UTbsXTb#id:9223900,slovakia,block,No information,assisted,26.2,36.5,0,right-foot,low-right,0,47.9,19,No information,No information,51,No information,3050,36.5,26.2,52.1,0,52.1,81,40,2350,shot
lukas-haraslin,https://www.sofascore.com/slovakia-russia/UTbsXTb#id:9223900,slovakia,block,No information,assisted,16,29.5,0,right-foot,low-left,0,52.4,19,No information,No information,49,No information,2880,29.5,16,47.6,0,47.6,81,42,2520,shot
ondrej-duda,https://www.sofascore.com/slovakia-russia/UTbsXTb#id:9223900,slovakia,miss,No information,assisted,12.5,59.1,0,right-foot,left,0,62.5,5.6,No information,No information,43,No information,2551,59.1,12.5,37.5,0,37.5,94.4,3,149,shot
aleksey-sutormin,https://www.sofascore.com/slovakia-russia/UTbsXTb#id:9223900,russia,miss,No information,assisted,11,71.1,0,right-foot,left,0,68.4,16.7,No information,No information,42,No information,2487,71.1,11,31.6,0,31.6,83.3,4,213,shot
lukas-haraslin,https://www.sofascore.com/slovakia-russia/UTbsXTb#id:9223900,slovakia,save,No information,assisted,20.8,22.6,0,right-foot,high-right,0,47,20.3,No information,No information,40,No information,2390,22.6,20.8,53,0,53,79.7,6,310,shot
fedor-smolov,https://www.sofascore.com/slovakia-russia/UTbsXTb#id:9223900,russia,miss,No information,assisted,27.2,36.3,0,right-foot,high,0,50.8,75,No information,No information,39,No information,2298,36.3,27.2,49.2,0,49.2,25,7,402,shot
ivan-schranz,https://www.sofascore.com/slovakia-russia/UTbsXTb#id:9223900,slovakia,miss,No information,assisted,7.4,61.8,0,right-foot,left,0,66.7,22.2,No information,No information,36,No information,2158,61.8,7.4,33.3,0,33.3,77.8,10,542,shot
arsen-zakharyan,https://www.sofascore.com/slovakia-russia/UTbsXTb#id:9223900,russia,block,No information,assisted,21.5,58.4,0,right-foot,low-centre,0,49.7,18.1,No information,No information,34,No information,2017,58.4,21.5,50.3,0,50.3,81.9,12,683,shot
juraj-kucka,https://www.sofascore.com/slovakia-russia/UTbsXTb#id:9223900,slovakia,miss,No information,assisted,25.7,60.6,0,left-foot,high,0,49.6,68.1,No information,No information,32,No information,1908,60.6,25.7,50.4,0,50.4,31.9,14,792,shot
david-hancko,https://www.sofascore.com/slovakia-russia/UTbsXTb#id:9223900,slovakia,save,No information,corner,5.8,41.6,0,head,low-centre,0,48.8,4.4,No information,No information,32,No information,1871,41.6,5.8,51.2,0,51.2,95.6,14,829,shot
juraj-kucka,https://www.sofascore.com/slovakia-russia/UTbsXTb#id:9223900,slovakia,miss,No information,corner,7.8,56.4,0,head,left,0,69.9,12.5,No information,No information,32,No information,1869,56.4,7.8,30.1,0,30.1,87.5,14,831,shot
marek-hamsik,https://www.sofascore.com/slovakia-russia/UTbsXTb#id:9223900,slovakia,miss,No information,regular,24.3,50,0,right-foot,high,0,47.4,86.1,No information,No information,31,No information,1805,50,24.3,52.6,0,52.6,13.9,15,895,shot
ivan-schranz,https://www.sofascore.com/slovakia-russia/UTbsXTb#id:9223900,slovakia,miss,No information,assisted,13.7,63.2,0,right-foot,left,0,67.7,12.5,No information,No information,29,No information,1697,63.2,13.7,32.3,0,32.3,87.5,17,1003,shot
juraj-kucka,https://www.sofascore.com/slovakia-russia/UTbsXTb#id:9223900,slovakia,miss,No information,regular,22.9,44.1,0,right-foot,high-right,0,42,70.8,No information,No information,27,No information,1575,44.1,22.9,58,0,58,29.2,19,1125,shot
milan-skriniar,https://www.sofascore.com/slovakia-russia/UTbsXTb#id:9223900,russia,goal,own,regular,3.6,49.1,0,right-foot,low-left,0,52.4,12.7,No information,No information,24,No information,1411,49.1,3.6,47.6,0,47.6,87.3,22,1289,shot
ivan-schranz,https://www.sofascore.com/slovakia-russia/UTbsXTb#id:9223900,slovakia,block,No information,assisted,26.7,70.5,0,left-foot,low-right,0,47.3,19,No information,No information,22,No information,1312,70.5,26.7,52.7,0,52.7,81,24,1388,shot
david-hancko,https://www.sofascore.com/slovakia-russia/UTbsXTb#id:9223900,slovakia,miss,No information,corner,7.9,54.8,0,head,high,0,49.6,69.4,No information,No information,18,No information,1067,54.8,7.9,50.4,0,50.4,30.6,28,1633,shot
igor-diveev,https://www.sofascore.com/slovakia-russia/UTbsXTb#id:9223900,russia,miss,No information,set-piece,10.8,47.6,0,head,left,0,68.6,9.7,No information,No information,14,No information,833,47.6,10.8,31.4,0,31.4,90.3,32,1867,shot
marek-hamsik,https://www.sofascore.com/slovakia-russia/UTbsXTb#id:9223900,slovakia,block,No information,assisted,22,71.1,0,left-foot,low-centre,0,48.3,19,No information,No information,9,No information,533,71.1,22,51.7,0,51.7,81,37,2167,shot
fedor-smolov,https://www.sofascore.com/slovakia-russia/UTbsXTb#id:9223900,russia,save,No information,assisted,21.6,62.7,0,left-foot,high-centre,0,50,27.2,No information,No information,8,No information,439,62.7,21.6,50,0,50,72.8,38,2261,shot
juraj-kucka,https://www.sofascore.com/slovakia-russia/UTbsXTb#id:9223900,slovakia,miss,No information,regular,30.5,60.6,0,right-foot,high,0,44.5,91.7,No information,No information,5,No information,268,60.6,30.5,55.5,0,55.5,8.3,41,2432,shot
aleksandr-erokhin,https://www.sofascore.com/slovakia-russia/UTbsXTb#id:9223900,russia,block,No information,corner,3,63.5,0,head,low-centre,0,51.4,9.7,No information,No information,2,No information,64,63.5,3,48.6,0,48.6,90.3,44,2636,shot

miroslav-stoch,https://www.sofascore.com/wales-slovakia/XTbscUb#id:8078412,slovakia,block,No information,assisted,27.1,51.9,0,left-foot,No information,No information,No information,No information,No information,No information,90,5,5699,51.9,27.1,No information,No information,No information,No information,1,601,shot
ben-davies,https://www.sofascore.com/wales-slovakia/XTbscUb#id:8078412,wales,block,No information,regular,15.8,43.4,0,left-foot,No information,No information,No information,No information,No information,No information,90,2,5489,43.4,15.8,No information,No information,No information,No information,1,811,shot
will-vaulks,https://www.sofascore.com/wales-slovakia/XTbscUb#id:8078412,wales,block,No information,regular,25.6,56.3,0,right-foot,No information,No information,No information,No information,No information,No information,89,No information,5331,56.3,25.6,No information,No information,No information,No information,2,69,shot
gareth-bale,https://www.sofascore.com/wales-slovakia/XTbscUb#id:8078412,wales,block,No information,assisted,24.4,44.8,0,right-foot,No information,No information,No information,No information,No information,No information,89,No information,5328,44.8,24.4,No information,No information,No information,No information,2,72,shot
juraj-kucka,https://www.sofascore.com/wales-slovakia/XTbscUb#id:8078412,slovakia,miss,No information,regular,12.7,56.7,0,left-foot,high-left,0,57.5,83.3,No information,No information,88,No information,5278,56.7,12.7,42.5,0,42.5,16.7,3,122,shot
peter-pekarik,https://www.sofascore.com/wales-slovakia/XTbscUb#id:8078412,slovakia,miss,No information,assisted,4.1,62.6,0,head,close-right,0,42.9,11.1,No information,No information,84,No information,5024,62.6,4.1,57.1,0,57.1,88.9,7,376,shot
juraj-kucka,https://www.sofascore.com/wales-slovakia/XTbscUb#id:8078412,slovakia,miss,No information,assisted,10.8,45.5,0,head,right,0,35.6,22.2,No information,No information,82,No information,4911,45.5,10.8,64.4,0,64.4,77.8,9,489,shot
michal-duris,https://www.sofascore.com/wales-slovakia/XTbscUb#id:8078412,slovakia,save,No information,assisted,6.6,57,0,head,high-centre,0,50.2,25.3,No information,No information,82,No information,4890,57,6.6,49.8,0,49.8,74.7,9,510,shot
albert-rusnak,https://www.sofascore.com/wales-slovakia/XTbscUb#id:8078412,slovakia,miss,No information,assisted,21.2,71.2,0,right-foot,high-right,0,36.5,63.9,No information,No information,79,No information,4707,71.2,21.2,63.5,0,63.5,36.1,12,693,shot
gareth-bale,https://www.sofascore.com/wales-slovakia/XTbscUb#id:8078412,wales,miss,No information,free-kick,28.9,74.1,0,left-foot,right,0,38.5,2.8,No information,No information,76,No information,4536,74.1,28.9,61.5,0,61.5,97.2,15,864,shot
harry-wilson,https://www.sofascore.com/wales-slovakia/XTbscUb#id:8078412,wales,save,No information,assisted,12.2,64.5,0,left-foot,high-right,0,48.1,22.2,No information,No information,74,No information,4386,64.5,12.2,51.9,0,51.9,77.8,17,1014,shot
tyler-roberts,https://www.sofascore.com/wales-slovakia/XTbscUb#id:8078412,wales,miss,No information,assisted,15.5,76.9,0,right-foot,high-left,0,57.8,97.2,No information,No information,68,No information,4079,76.9,15.5,42.2,0,42.2,2.8,23,1321,shot
robert-mak,https://www.sofascore.com/wales-slovakia/XTbscUb#id:8078412,slovakia,save,No information,assisted,13.1,26.8,0,right-foot,low-left,0,52.5,17.1,No information,No information,67,No information,3983,26.8,13.1,47.5,0,47.5,82.9,24,1417,shot
harry-wilson,https://www.sofascore.com/wales-slovakia/XTbscUb#id:8078412,wales,miss,No information,assisted,12.2,57.5,0,left-foot,left,0,62.5,5.6,No information,No information,61,No information,3635,57.5,12.2,37.5,0,37.5,94.4,30,1765,shot
robert-mak,https://www.sofascore.com/wales-slovakia/XTbscUb#id:8078412,slovakia,save,No information,assisted,13.2,41.2,0,left-foot,low-right,0,47,3.8,No information,No information,57,No information,3406,41.2,13.2,53,0,53,96.2,34,1994,shot
david-hancko,https://www.sofascore.com/wales-slovakia/XTbscUb#id:8078412,slovakia,miss,No information,corner,10,47.9,0,head,high,0,51.4,77.8,No information,No information,55,No information,3292,47.9,10,48.6,0,48.6,22.2,36,2108,shot
peter-pekarik,https://www.sofascore.com/wales-slovakia/XTbscUb#id:8078412,slovakia,block,No information,assisted,10.8,60,0,right-foot,No information,No information,No information,No information,No information,No information,55,No information,3262,60,10.8,No information,No information,No information,No information,36,2138,shot
albert-rusnak,https://www.sofascore.com/wales-slovakia/XTbscUb#id:8078412,slovakia,save,No information,assisted,8.3,38.8,0,left-foot,high-left,0,52.1,22.2,No information,No information,54,No information,3203,38.8,8.3,47.9,0,47.9,77.8,37,2197,shot
gareth-bale,https://www.sofascore.com/wales-slovakia/XTbscUb#id:8078412,wales,save,No information,assisted,12.1,46,0,head,high-left,0,53.9,23.4,No information,No information,53,No information,3140,46,12.1,46.1,0,46.1,76.6,38,2260,shot
gareth-bale,https://www.sofascore.com/wales-slovakia/XTbscUb#id:8078412,wales,miss,No information,corner,5.3,47.2,0,head,right,0,35.5,5.6,No information,No information,44,No information,2638,47.2,5.3,64.5,0,64.5,94.4,2,62,shot
gareth-bale,https://www.sofascore.com/wales-slovakia/XTbscUb#id:8078412,wales,miss,No information,regular,15.8,44,0,left-foot,right,0,40.5,1.4,No information,No information,41,No information,2456,44,15.8,59.5,0,59.5,98.6,5,244,shot
david-brooks,https://www.sofascore.com/wales-slovakia/XTbscUb#id:8078412,wales,miss,No information,regular,15,73.5,0,left-foot,close-left,0,58.3,31.9,No information,No information,39,No information,2330,73.5,15,41.7,0,41.7,68.1,7,370,shot
gareth-bale,https://www.sofascore.com/wales-slovakia/XTbscUb#id:8078412,wales,save,No information,set-piece,14.5,43.9,0,head,high-right,0,48.1,27.2,No information,No information,32,No information,1866,43.9,14.5,51.9,0,51.9,72.8,14,834,shot
juraj-kucka,https://www.sofascore.com/wales-slovakia/XTbscUb#id:8078412,slovakia,block,No information,assisted,13.4,70.3,0,right-foot,No information,No information,No information,No information,No information,No information,27,No information,1582,70.3,13.4,No information,No information,No information,No information,19,1118,shot
david-brooks,https://www.sofascore.com/wales-slovakia/XTbscUb#id:8078412,wales,miss,No information,set-piece,10.7,42.9,0,left-foot,close-left,0,56.8,1.4,No information,No information,21,No information,1240,42.9,10.7,43.2,0,43.2,98.6,25,1460,shot
daniel-james,https://www.sofascore.com/wales-slovakia/XTbscUb#id:8078412,wales,goal,regular,regular,18.4,44.3,0,right-foot,low-left,0,53.2,2.5,No information,No information,5,No information,278,44.3,18.4,46.8,0,46.8,97.5,41,2422,shot
denis-vavro,https://www.sofascore.com/wales-slovakia/XTbscUb#id:8078412,slovakia,miss,No information,corner,26.9,46.8,0,right-foot,high-right,0,38.7,77.8,No information,No information,3,No information,144,46.8,26.9,61.3,0,61.3,22.2,43,2556,shot

ioannis-pittas,https://www.sofascore.com/slovakia-cyprus/HObsXTb#id:9223837,cyprus,miss,No information,set-piece,15.2,30.1,0,right-foot,close-high-right,0,41.8,47.2,No information,No information,90,3,5547,30.1,15.2,58.2,0,58.2,52.8,1,753,shot
david-strelec,https://www.sofascore.com/slovakia-cyprus/HObsXTb#id:9223837,slovakia,miss,No information,assisted,4.8,68.4,0,left-foot,close-right,0,42.5,23.6,No information,No information,90,1,5409,68.4,4.8,57.5,0,57.5,76.4,1,891,shot
kostakis-artymatas,https://www.sofascore.com/slovakia-cyprus/HObsXTb#id:9223837,cyprus,block,No information,corner,22.9,60.8,0,right-foot,low-right,0,47.3,19,No information,No information,90,No information,5362,60.8,22.9,52.7,0,52.7,81,1,38,shot
ioannis-pittas,https://www.sofascore.com/slovakia-cyprus/HObsXTb#id:9223837,cyprus,block,No information,assisted,8.8,55.1,0,right-foot,low-centre,0,49.8,19,No information,No information,89,No information,5331,55.1,8.8,50.2,0,50.2,81,2,69,shot
charalampos-kyriakou,https://www.sofascore.com/slovakia-cyprus/HObsXTb#id:9223837,cyprus,miss,No information,assisted,27.5,62.5,0,right-foot,close-left,0,58.5,6.9,No information,No information,87,No information,5192,62.5,27.5,41.5,0,41.5,93.1,4,208,shot
erik-jirka,https://www.sofascore.com/slovakia-cyprus/HObsXTb#id:9223837,slovakia,miss,No information,assisted,15.5,48,0,right-foot,left,0,61.3,9.7,No information,No information,84,No information,5017,48,15.5,38.7,0,38.7,90.3,7,383,shot
tomas-suslov,https://www.sofascore.com/slovakia-cyprus/HObsXTb#id:9223837,slovakia,miss,No information,set-piece,19.2,66,0,left-foot,high,0,49.1,77.8,No information,No information,83,No information,4934,66,19.2,50.9,0,50.9,22.2,8,466,shot
patrik-hrosovsky,https://www.sofascore.com/slovakia-cyprus/HObsXTb#id:9223837,slovakia,miss,No information,assisted,27.2,39.6,0,left-foot,high-right,0,40.2,87.5,No information,No information,80,No information,4796,39.6,27.2,59.8,0,59.8,12.5,11,604,shot
david-hancko,https://www.sofascore.com/slovakia-cyprus/HObsXTb#id:9223837,slovakia,miss,No information,corner,6.7,57.1,0,head,left,0,75.5,16.7,No information,No information,79,No information,4739,57.1,6.7,24.5,0,24.5,83.3,12,661,shot
martin-koscelnik,https://www.sofascore.com/slovakia-cyprus/HObsXTb#id:9223837,slovakia,goal,regular,corner,26.7,62.5,0,right-foot,high-left,0,54.2,22.2,No information,No information,77,No information,4606,62.5,26.7,45.8,0,45.8,77.8,14,794,shot
marek-hamsik,https://www.sofascore.com/slovakia-cyprus/HObsXTb#id:9223837,slovakia,block,No information,assisted,26.9,61.4,0,right-foot,low-left,0,52.2,19,No information,No information,77,No information,4566,61.4,26.9,47.8,0,47.8,81,14,834,shot
ondrej-duda,https://www.sofascore.com/slovakia-cyprus/HObsXTb#id:9223837,slovakia,block,No information,assisted,19.4,52.5,0,left-foot,low-left,0,53.5,19,No information,No information,77,No information,4561,52.5,19.4,46.5,0,46.5,81,14,839,shot
erik-jirka,https://www.sofascore.com/slovakia-cyprus/HObsXTb#id:9223837,slovakia,save,No information,assisted,29.7,61.7,0,right-foot,low-centre,0,49.7,11.4,No information,No information,73,No information,4356,61.7,29.7,50.3,0,50.3,88.6,18,1044,shot
ivan-schranz,https://www.sofascore.com/slovakia-cyprus/HObsXTb#id:9223837,slovakia,save,No information,assisted,5.8,73.6,0,right-foot,low-right,0,46.8,1.3,No information,No information,71,No information,4257,73.6,5.8,53.2,0,53.2,98.7,20,1143,shot
robert-bozenik,https://www.sofascore.com/slovakia-cyprus/HObsXTb#id:9223837,slovakia,save,No information,regular,14.1,56.3,0,right-foot,low-right,0,45.9,1.9,No information,No information,69,No information,4100,56.3,14.1,54.1,0,54.1,98.1,22,1300,shot
fotis-papoulis,https://www.sofascore.com/slovakia-cyprus/HObsXTb#id:9223837,cyprus,miss,No information,assisted,8.8,67.3,0,right-foot,close-high-right,0,42.2,52.8,No information,No information,66,No information,3952,67.3,8.8,57.8,0,57.8,47.2,25,1448,shot
milan-skriniar,https://www.sofascore.com/slovakia-cyprus/HObsXTb#id:9223837,slovakia,miss,No information,set-piece,3.8,43.8,0,head,high-left,0,58.7,68.1,No information,No information,64,No information,3806,43.8,3.8,41.3,0,41.3,31.9,27,1594,shot
ivan-schranz,https://www.sofascore.com/slovakia-cyprus/HObsXTb#id:9223837,slovakia,miss,No information,assisted,26.2,62.1,0,left-foot,left,0,59.5,13.9,No information,No information,62,No information,3674,62.1,26.2,40.5,0,40.5,86.1,29,1726,shot
ivan-schranz,https://www.sofascore.com/slovakia-cyprus/HObsXTb#id:9223837,slovakia,goal,regular,assisted,8.1,51,0,right-foot,low-left,0,53.6,12.7,No information,No information,55,No information,3241,51,8.1,46.4,0,46.4,87.3,36,2159,shot
grigoris-kastanos,https://www.sofascore.com/slovakia-cyprus/HObsXTb#id:9223837,cyprus,miss,No information,assisted,24.1,61,0,left-foot,close-high-left,0,58.8,55.6,No information,No information,53,No information,3171,61,24.1,41.2,0,41.2,44.4,38,2229,shot
martin-koscelnik,https://www.sofascore.com/slovakia-cyprus/HObsXTb#id:9223837,slovakia,miss,No information,assisted,10,54.5,0,head,high,0,55.1,66.7,No information,No information,47,No information,2792,54.5,10,44.9,0,44.9,33.3,44,2608,shot
vladimir-weiss,https://www.sofascore.com/slovakia-cyprus/HObsXTb#id:9223837,slovakia,block,No information,assisted,23.9,61.7,0,right-foot,low-centre,0,49.1,19,No information,No information,45,1,2733,61.7,23.9,50.9,0,50.9,81,1,2667,shot
ubomir-satka,https://www.sofascore.com/slovakia-cyprus/HObsXTb#id:9223837,slovakia,miss,No information,set-piece,4.2,48.3,0,head,right,0,40.5,33.3,No information,No information,45,No information,2652,48.3,4.2,59.5,0,59.5,66.7,1,48,shot
nicholas-ioannou,https://www.sofascore.com/slovakia-cyprus/HObsXTb#id:9223837,cyprus,miss,No information,assisted,32.8,29.7,0,left-foot,right,0,34.5,4.2,No information,No information,41,No information,2435,29.7,32.8,65.5,0,65.5,95.8,5,265,shot
stanislav-lobotka,https://www.sofascore.com/slovakia-cyprus/HObsXTb#id:9223837,slovakia,block,No information,assisted,22.6,41.6,0,left-foot,low-right,0,48.1,19,No information,No information,40,No information,2374,41.6,22.6,51.9,0,51.9,81,6,326,shot
robert-bozenik,https://www.sofascore.com/slovakia-cyprus/HObsXTb#id:9223837,slovakia,miss,No information,assisted,8.8,46.4,0,head,high,0,46.9,70.8,No information,No information,38,No information,2255,46.4,8.8,53.1,0,53.1,29.2,8,445,shot
ivan-schranz,https://www.sofascore.com/slovakia-cyprus/HObsXTb#id:9223837,slovakia,block,No information,regular,9.6,58.1,0,right-foot,low-right,0,47.7,19,No information,No information,32,No information,1898,58.1,9.6,52.3,0,52.3,81,14,802,shot
vladimir-weiss,https://www.sofascore.com/slovakia-cyprus/HObsXTb#id:9223837,slovakia,block,No information,assisted,15,41.9,0,right-foot,low-right,0,48.1,19,No information,No information,32,No information,1896,41.9,15,51.9,0,51.9,81,14,804,shot
marek-hamsik,https://www.sofascore.com/slovakia-cyprus/HObsXTb#id:9223837,slovakia,save,No information,regular,21.5,34.7,0,left-foot,low-right,0,47.7,3.2,No information,No information,29,No information,1693,34.7,21.5,52.3,0,52.3,96.8,17,1007,shot
ondrej-duda,https://www.sofascore.com/slovakia-cyprus/HObsXTb#id:9223837,slovakia,block,No information,corner,14.4,46.7,0,right-foot,low-right,0,46.9,19,No information,No information,25,No information,1479,46.7,14.4,53.1,0,53.1,81,21,1221,shot
grigoris-kastanos,https://www.sofascore.com/slovakia-cyprus/HObsXTb#id:9223837,cyprus,miss,No information,corner,26.2,34,0,left-foot,right,0,36.6,13.9,No information,No information,19,No information,1123,34,26.2,63.4,0,63.4,86.1,27,1577,shot
david-hancko,https://www.sofascore.com/slovakia-cyprus/HObsXTb#id:9223837,slovakia,save,No information,corner,11.2,38,0,left-foot,low-right,0,47.6,1.9,No information,No information,16,No information,936,38,11.2,52.4,0,52.4,98.1,30,1764,shot
marinos-tzionis,https://www.sofascore.com/slovakia-cyprus/HObsXTb#id:9223837,cyprus,miss,No information,assisted,8.5,32,0,left-foot,high-left,0,57,88.9,No information,No information,6,No information,310,32,8.5,43,0,43,11.1,40,2390,shot

lukas-haraslin,https://www.sofascore.com/liechtenstein-slovakia/XTbsFWb#id:10752499,slovakia,save,No information,assisted,16.2,69.6,0,left-foot,low-left,0,52.6,12.7,No information,No information,90,4,5620,69.6,16.2,47.4,0,47.4,87.3,1,680,shot
matus-bero,https://www.sofascore.com/liechtenstein-slovakia/XTbsFWb#id:10752499,slovakia,miss,No information,assisted,10.3,61.8,0,head,left,0,99.7,1.4,No information,No information,86,No information,5107,61.8,10.3,0.3,0,0.3,98.6,5,293,shot
ubomir-tupta,https://www.sofascore.com/liechtenstein-slovakia/XTbsFWb#id:10752499,slovakia,block,No information,assisted,12.9,68.7,0,left-foot,low-left,0,52.5,19,No information,No information,71,No information,4212,68.7,12.9,47.5,0,47.5,81,20,1188,shot
robert-bozenik,https://www.sofascore.com/liechtenstein-slovakia/XTbsFWb#id:10752499,slovakia,miss,No information,assisted,7.9,43.1,0,head,left,0,77,1.4,No information,No information,64,No information,3790,43.1,7.9,23,0,23,98.6,27,1610,shot
laszlo-benes,https://www.sofascore.com/liechtenstein-slovakia/XTbsFWb#id:10752499,slovakia,block,No information,assisted,19.1,27,0,left-foot,low-centre,0,49,19,No information,No information,57,No information,3380,27,19.1,51,0,51,81,34,2020,shot
aron-sele,https://www.sofascore.com/liechtenstein-slovakia/XTbsFWb#id:10752499,liechtenstein,miss,No information,throw-in-set-piece,21.2,36.7,0,left-foot,close-high,0,44.2,56.9,No information,No information,53,No information,3120,36.7,21.2,55.8,0,55.8,43.1,38,2280,shot
robert-mak,https://www.sofascore.com/liechtenstein-slovakia/XTbsFWb#id:10752499,slovakia,block,No information,assisted,13.4,57.8,0,right-foot,low-centre,0,51.4,19,No information,No information,42,No information,2512,57.8,13.4,48.6,0,48.6,81,4,188,shot
michal-tomic,https://www.sofascore.com/liechtenstein-slovakia/XTbsFWb#id:10752499,slovakia,miss,No information,assisted,24.8,80.2,0,right-foot,high,0,46.7,90.3,No information,No information,35,No information,2066,80.2,24.8,53.3,0,53.3,9.7,11,634,shot
lukas-haraslin,https://www.sofascore.com/liechtenstein-slovakia/XTbsFWb#id:10752499,slovakia,block,No information,regular,11.6,58.7,0,left-foot,low-centre,0,49.6,19,No information,No information,31,No information,1835,58.7,11.6,50.4,0,50.4,81,15,865,shot
norbert-gyomber,https://www.sofascore.com/liechtenstein-slovakia/XTbsFWb#id:10752499,slovakia,miss,No information,corner,8.4,46.3,0,head,close-left,0,59.2,15.3,No information,No information,22,No information,1318,46.3,8.4,40.8,0,40.8,84.7,24,1382,shot
lukas-haraslin,https://www.sofascore.com/liechtenstein-slovakia/XTbsFWb#id:10752499,slovakia,save,No information,fast-break,8.3,42.1,0,right-foot,low-centre,0,49,1.3,No information,No information,8,No information,473,42.1,8.3,51,0,51,98.7,38,2227,shot
robert-mak,https://www.sofascore.com/liechtenstein-slovakia/XTbsFWb#id:10752499,slovakia,goal,regular,assisted,7.7,51.2,0,right-foot,low-right,0,46.8,12.7,No information,No information,6,No information,351,51.2,7.7,53.2,0,53.2,87.3,40,2349,shot
ondrej-duda,https://www.sofascore.com/liechtenstein-slovakia/XTbsFWb#id:10752499,slovakia,goal,regular,corner,13.9,46.4,0,right-foot,low-right,0,47.5,2.5,No information,No information,3,No information,152,46.4,13.9,52.5,0,52.5,97.5,43,2548,shot
david-hancko,https://www.sofascore.com/liechtenstein-slovakia/XTbsFWb#id:10752499,slovakia,goal,regular,assisted,9,34,0,left-foot,low-right,0,48.1,13.9,No information,No information,1,No information,9,34,9,51.9,0,51.9,86.1,45,2691,shot

matt-doherty,https://www.sofascore.com/slovakia-ireland/TTbsXTb#id:9040644,ireland,post,No information,shootout,11.5,50,0,right-foot,high,0,52.6,39.9,No information,No information,126,No information,7526,50,11.5,47.4,0,47.4,60.1,10,574,shot
jan-gregus,https://www.sofascore.com/slovakia-ireland/TTbsXTb#id:9040644,slovakia,goal,penalty,shootout,11.5,50,0,right-foot,high-centre,0,48.8,29.7,No information,No information,125,No information,7481,50,11.5,51.2,0,51.2,70.3,11,619,shot
alan-browne,https://www.sofascore.com/slovakia-ireland/TTbsXTb#id:9040644,ireland,save,No information,shootout,11.5,50,0,right-foot,low-left,0,52.8,18.4,No information,No information,125,No information,7442,50,11.5,47.2,0,47.2,81.6,11,658,shot
lukas-haraslin,https://www.sofascore.com/slovakia-ireland/TTbsXTb#id:9040644,slovakia,goal,penalty,shootout,11.5,50,0,right-foot,low-left,0,53.2,2.5,No information,No information,124,No information,7402,50,11.5,46.8,0,46.8,97.5,12,698,shot
robbie-brady,https://www.sofascore.com/slovakia-ireland/TTbsXTb#id:9040644,ireland,goal,penalty,shootout,11.5,50,0,left-foot,low-left,0,52.2,1.9,No information,No information,123,No information,7365,50,11.5,47.8,0,47.8,98.1,13,735,shot
patrik-hrosovsky,https://www.sofascore.com/slovakia-ireland/TTbsXTb#id:9040644,slovakia,goal,penalty,shootout,11.5,50,0,right-foot,high-centre,0,48.6,31,No information,No information,123,No information,7320,50,11.5,51.4,0,51.4,69,13,780,shot
conor-hourihane,https://www.sofascore.com/slovakia-ireland/TTbsXTb#id:9040644,ireland,goal,penalty,shootout,11.5,50,0,left-foot,low-centre,0,50.1,4.4,No information,No information,122,No information,7285,50,11.5,49.9,0,49.9,95.6,14,815,shot
marek-hamsik,https://www.sofascore.com/slovakia-ireland/TTbsXTb#id:9040644,slovakia,goal,penalty,shootout,11.5,50,0,right-foot,low-left,0,54.2,3.8,No information,No information,121,No information,7228,50,11.5,45.8,0,45.8,96.2,15,872,shot
robbie-brady,https://www.sofascore.com/slovakia-ireland/TTbsXTb#id:9040644,ireland,miss,No information,free-kick,25.1,35.3,0,left-foot,close-left,0,56.3,30.6,No information,No information,116,No information,6912,35.3,25.1,43.7,0,43.7,69.4,5,288,shot
alan-browne,https://www.sofascore.com/slovakia-ireland/TTbsXTb#id:9040644,ireland,post,No information,assisted,5,44,0,right-foot,left,0,55.2,4.4,No information,No information,105,No information,6251,44,5,44.8,0,44.8,95.6,1,49,shot
lukas-haraslin,https://www.sofascore.com/slovakia-ireland/TTbsXTb#id:9040644,slovakia,miss,No information,regular,7.5,35.2,0,right-foot,high-right,0,32.1,56.9,No information,No information,94,No information,5587,35.2,7.5,67.9,0,67.9,43.1,12,713,shot
jan-gregus,https://www.sofascore.com/slovakia-ireland/TTbsXTb#id:9040644,slovakia,block,No information,assisted,26.4,67.5,0,right-foot,low-left,0,53.6,19,No information,No information,94,No information,5585,67.5,26.4,46.4,0,46.4,81,12,715,shot
alan-browne,https://www.sofascore.com/slovakia-ireland/TTbsXTb#id:9040644,ireland,block,No information,corner,4.8,61.7,0,head,low-centre,0,50.9,19,No information,No information,92,No information,5470,61.7,4.8,49.1,0,49.1,81,14,830,shot
david-mcgoldrick,https://www.sofascore.com/slovakia-ireland/TTbsXTb#id:9040644,ireland,save,No information,assisted,24.2,43.4,0,right-foot,high-centre,0,48.4,31,No information,No information,91,No information,5430,43.4,24.2,51.6,0,51.6,69,15,870,shot
robbie-brady,https://www.sofascore.com/slovakia-ireland/TTbsXTb#id:9040644,ireland,miss,No information,assisted,24.2,43.4,0,left-foot,right,0,40.7,2.8,No information,No information,90,2,5505,43.4,24.2,59.3,0,59.3,97.2,1,795,shot
ondrej-duda,https://www.sofascore.com/slovakia-ireland/TTbsXTb#id:9040644,slovakia,save,No information,assisted,27,29.1,0,right-foot,low-right,0,45.5,14.6,No information,No information,90,2,5461,29.1,27,54.5,0,54.5,85.4,1,839,shot
peter-pekarik,https://www.sofascore.com/slovakia-ireland/TTbsXTb#id:9040644,slovakia,block,No information,assisted,14.2,71.7,0,right-foot,low-right,0,47.5,19,No information,No information,90,No information,5394,71.7,14.2,52.5,0,52.5,81,1,6,shot
denis-vavro,https://www.sofascore.com/slovakia-ireland/TTbsXTb#id:9040644,slovakia,miss,No information,assisted,29.8,64.8,0,right-foot,high-right,0,35.5,47.2,No information,No information,89,No information,5291,64.8,29.8,64.5,0,64.5,52.8,2,109,shot
conor-hourihane,https://www.sofascore.com/slovakia-ireland/TTbsXTb#id:9040644,ireland,block,No information,assisted,6.8,50.1,0,right-foot,low-centre,0,51.1,19,No information,No information,85,No information,5070,50.1,6.8,48.9,0,48.9,81,6,330,shot
lukas-haraslin,https://www.sofascore.com/slovakia-ireland/TTbsXTb#id:9040644,slovakia,block,No information,regular,12.1,44.3,0,right-foot,low-centre,0,48.7,19,No information,No information,75,No information,4455,44.3,12.1,51.3,0,51.3,81,16,945,shot
alan-browne,https://www.sofascore.com/slovakia-ireland/TTbsXTb#id:9040644,ireland,save,No information,assisted,12.5,59.3,0,right-foot,low-right,0,46.4,19,No information,No information,70,No information,4182,59.3,12.5,53.6,0,53.6,81,21,1218,shot
patrik-hrosovsky,https://www.sofascore.com/slovakia-ireland/TTbsXTb#id:9040644,slovakia,miss,No information,assisted,13.7,62.4,0,head,high-right,0,31.3,63.9,No information,No information,65,No information,3850,62.4,13.7,68.7,0,68.7,36.1,26,1550,shot
albert-rusnak,https://www.sofascore.com/slovakia-ireland/TTbsXTb#id:9040644,slovakia,miss,No information,fast-break,21.9,67.5,0,right-foot,high-right,0,29.7,47.2,No information,No information,63,No information,3728,67.5,21.9,70.3,0,70.3,52.8,28,1672,shot
ondrej-duda,https://www.sofascore.com/slovakia-ireland/TTbsXTb#id:9040644,slovakia,miss,No information,corner,9.6,51.2,0,right-foot,left,0,60,9.7,No information,No information,45,2,2774,51.2,9.6,40,0,40,90.3,1,2626,shot
ondrej-duda,https://www.sofascore.com/slovakia-ireland/TTbsXTb#id:9040644,slovakia,save,No information,fast-break,12.5,31,0,right-foot,low-right,0,46.8,2.5,No information,No information,45,1,2734,31,12.5,53.2,0,53.2,97.5,1,2666,shot
david-mcgoldrick,https://www.sofascore.com/slovakia-ireland/TTbsXTb#id:9040644,ireland,block,No information,assisted,7,34.3,0,right-foot,low-centre,0,51.1,19,No information,No information,45,No information,2675,34.3,7,48.9,0,48.9,81,1,25,shot
juraj-kucka,https://www.sofascore.com/slovakia-ireland/TTbsXTb#id:9040644,slovakia,miss,No information,assisted,23.9,66.6,0,right-foot,high-left,0,58.3,63.9,No information,No information,41,No information,2432,66.6,23.9,41.7,0,41.7,36.1,5,268,shot
patrik-hrosovsky,https://www.sofascore.com/slovakia-ireland/TTbsXTb#id:9040644,slovakia,block,No information,assisted,28.2,55.4,0,right-foot,low-centre,0,49.1,19,No information,No information,39,No information,2296,55.4,28.2,50.9,0,50.9,81,7,404,shot
james-mcclean,https://www.sofascore.com/slovakia-ireland/TTbsXTb#id:9040644,ireland,miss,No information,assisted,7.9,40.4,0,left-foot,right,0,38,1.4,No information,No information,37,No information,2209,40.4,7.9,62,0,62,98.6,9,491,shot
callum-robinson,https://www.sofascore.com/slovakia-ireland/TTbsXTb#id:9040644,ireland,block,No information,regular,23.9,64.4,0,left-foot,low-centre,0,49.8,19,No information,No information,35,No information,2073,64.4,23.9,50.2,0,50.2,81,11,627,shot
david-mcgoldrick,https://www.sofascore.com/slovakia-ireland/TTbsXTb#id:9040644,ireland,block,No information,assisted,18.9,75.8,0,right-foot,low-centre,0,49.1,19,No information,No information,32,No information,1884,75.8,18.9,50.9,0,50.9,81,14,816,shot
david-mcgoldrick,https://www.sofascore.com/slovakia-ireland/TTbsXTb#id:9040644,ireland,miss,No information,assisted,6.8,57.3,0,head,close-high-right,0,43.2,58.3,No information,No information,30,No information,1755,57.3,6.8,56.8,0,56.8,41.7,16,945,shot
callum-robinson,https://www.sofascore.com/slovakia-ireland/TTbsXTb#id:9040644,ireland,block,No information,regular,4.9,32.3,0,left-foot,low-right,0,45.6,19,No information,No information,1,No information,41,32.3,4.9,54.4,0,54.4,81,45,2659,shot

juraj-kucka,https://www.sofascore.com/slovakia-luxembourg/DObsXTb#id:10752546,slovakia,miss,No information,set-piece,5.1,40.6,0,head,close-high,0,46.1,51.4,No information,No information,89,No information,5321,40.6,5.1,53.9,0,53.9,48.6,2,79,shot
lars-gerson,https://www.sofascore.com/slovakia-luxembourg/DObsXTb#id:10752546,luxembourg,miss,No information,corner,15.1,43.1,0,right-foot,right,0,40,36.1,No information,No information,81,No information,4826,43.1,15.1,60,0,60,63.9,10,574,shot
gerson-rodrigues,https://www.sofascore.com/slovakia-luxembourg/DObsXTb#id:10752546,luxembourg,save,No information,assisted,14.7,37.1,0,right-foot,high-right,0,47.2,31,No information,No information,80,No information,4775,37.1,14.7,52.8,0,52.8,69,11,625,shot
david-duris,https://www.sofascore.com/slovakia-luxembourg/DObsXTb#id:10752546,slovakia,goal,regular,assisted,4.7,60.4,0,right-foot,high-right,0,46,31.6,No information,No information,77,No information,4578,60.4,4.7,54,0,54,68.4,14,822,shot
tomas-suslov,https://www.sofascore.com/slovakia-luxembourg/DObsXTb#id:10752546,slovakia,miss,No information,assisted,29.2,39.4,0,left-foot,high,0,55.8,76.4,No information,No information,69,No information,4106,39.4,29.2,44.2,0,44.2,23.6,22,1294,shot
gerson-rodrigues,https://www.sofascore.com/slovakia-luxembourg/DObsXTb#id:10752546,luxembourg,save,No information,assisted,21.8,27.9,0,right-foot,high-left,0,53,20.3,No information,No information,58,No information,3438,27.9,21.8,47,0,47,79.7,33,1962,shot
danel-sinani,https://www.sofascore.com/slovakia-luxembourg/DObsXTb#id:10752546,luxembourg,block,No information,assisted,14.8,52.6,0,left-foot,low-left,0,53.3,8.3,No information,No information,58,No information,3430,52.6,14.8,46.7,0,46.7,91.7,33,1970,shot
tomas-suslov,https://www.sofascore.com/slovakia-luxembourg/DObsXTb#id:10752546,slovakia,miss,No information,free-kick,21.5,71.6,0,left-foot,close-right,0,43.2,27.8,No information,No information,56,No information,3329,71.6,21.5,56.8,0,56.8,72.2,35,2071,shot
david-hancko,https://www.sofascore.com/slovakia-luxembourg/DObsXTb#id:10752546,slovakia,block,No information,corner,7.8,38.6,0,head,low-right,0,48.2,19,No information,No information,54,No information,3186,38.6,7.8,51.8,0,51.8,81,37,2214,shot
leandro-barreiro,https://www.sofascore.com/slovakia-luxembourg/DObsXTb#id:10752546,luxembourg,block,No information,regular,31.3,54.4,0,right-foot,low-centre,0,50.1,19,No information,No information,45,2,2806,54.4,31.3,49.9,0,49.9,81,1,2594,shot
maxime-chanot,https://www.sofascore.com/slovakia-luxembourg/DObsXTb#id:10752546,luxembourg,miss,No information,corner,1.8,41.2,0,head,left,0,59.8,20.8,No information,No information,40,No information,2340,41.2,1.8,40.2,0,40.2,79.2,6,360,shot
lars-gerson,https://www.sofascore.com/slovakia-luxembourg/DObsXTb#id:10752546,luxembourg,miss,No information,corner,9.3,52.6,0,right-foot,left,0,61,19.4,No information,No information,39,No information,2338,52.6,9.3,39,0,39,80.6,7,362,shot
danel-sinani,https://www.sofascore.com/slovakia-luxembourg/DObsXTb#id:10752546,luxembourg,block,No information,assisted,8.3,66.8,0,left-foot,low-right,0,46.9,5.6,No information,No information,39,No information,2295,66.8,8.3,53.1,0,53.1,94.4,7,405,shot
denis-vavro,https://www.sofascore.com/slovakia-luxembourg/DObsXTb#id:10752546,slovakia,save,No information,assisted,30.7,64.2,0,right-foot,high-centre,0,51.2,29.1,No information,No information,36,No information,2123,64.2,30.7,48.8,0,48.8,70.9,10,577,shot
robert-polievka,https://www.sofascore.com/slovakia-luxembourg/DObsXTb#id:10752546,slovakia,miss,No information,assisted,10.8,43.3,0,right-foot,high,0,55.3,66.7,No information,No information,35,No information,2072,43.3,10.8,44.7,0,44.7,33.3,11,628,shot
gerson-rodrigues,https://www.sofascore.com/slovakia-luxembourg/DObsXTb#id:10752546,luxembourg,miss,No information,fast-break,24.9,36.1,0,right-foot,close-left,0,59.2,11.1,No information,No information,34,No information,2004,36.1,24.9,40.8,0,40.8,88.9,12,696,shot
gerson-rodrigues,https://www.sofascore.com/slovakia-luxembourg/DObsXTb#id:10752546,luxembourg,miss,No information,assisted,11.5,54.4,0,right-foot,right,0,40.5,22.2,No information,No information,32,No information,1919,54.4,11.5,59.5,0,59.5,77.8,14,781,shot
laurent-jans,https://www.sofascore.com/slovakia-luxembourg/DObsXTb#id:10752546,luxembourg,block,No information,assisted,13.1,46,0,right-foot,low-right,0,46.7,11.1,No information,No information,32,No information,1917,46,13.1,53.3,0,53.3,88.9,14,783,shot
gerson-rodrigues,https://www.sofascore.com/slovakia-luxembourg/DObsXTb#id:10752546,luxembourg,save,No information,fast-break,19.7,44.5,0,right-foot,low-centre,0,51.6,4.4,No information,No information,24,No information,1417,44.5,19.7,48.4,0,48.4,95.6,22,1283,shot
danel-sinani,https://www.sofascore.com/slovakia-luxembourg/DObsXTb#id:10752546,luxembourg,miss,No information,assisted,20.8,66.2,0,right-foot,close-right,0,42.5,4.2,No information,No information,19,No information,1136,66.2,20.8,57.5,0,57.5,95.8,27,1564,shot
mathias-olesen,https://www.sofascore.com/slovakia-luxembourg/DObsXTb#id:10752546,luxembourg,miss,No information,assisted,8.5,51.5,0,head,close-right,0,40.8,15.3,No information,No information,13,No information,744,51.5,8.5,59.2,0,59.2,84.7,33,1956,shot
gerson-rodrigues,https://www.sofascore.com/slovakia-luxembourg/DObsXTb#id:10752546,luxembourg,miss,No information,fast-break,26.2,51.3,0,right-foot,left,0,63.9,8.3,No information,No information,9,No information,535,51.3,26.2,36.1,0,36.1,91.7,37,2165,shot
juraj-kucka,https://www.sofascore.com/slovakia-luxembourg/DObsXTb#id:10752546,slovakia,block,No information,fast-break,27,67.1,0,right-foot,low-centre,0,50,19,No information,No information,8,No information,475,67.1,27,50,0,50,81,38,2225,shot

robert-mak,https://www.sofascore.com/slovakia-luxembourg/DObsXTb#id:10752372,slovakia,block,No information,assisted,19.7,50.3,0,left-foot,low-left,0,51.9,19,No information,No information,85,No information,5098,50.3,19.7,48.1,0,48.1,81,6,302,shot
norbert-gyomber,https://www.sofascore.com/slovakia-luxembourg/DObsXTb#id:10752372,slovakia,miss,No information,set-piece,12,65.4,0,head,right,0,28.1,30.6,No information,No information,83,No information,4962,65.4,12,71.9,0,71.9,69.4,8,438,shot
robert-bozenik,https://www.sofascore.com/slovakia-luxembourg/DObsXTb#id:10752372,slovakia,block,No information,regular,8.4,69.9,0,right-foot,low-centre,0,48.5,19,No information,No information,81,No information,4838,69.9,8.4,51.5,0,51.5,81,10,562,shot
lukas-haraslin,https://www.sofascore.com/slovakia-luxembourg/DObsXTb#id:10752372,slovakia,miss,No information,corner,20.1,29.4,0,right-foot,high-right,0,35.8,76.4,No information,No information,80,No information,4794,29.4,20.1,64.2,0,64.2,23.6,11,606,shot
christopher-martins-pereira,https://www.sofascore.com/slovakia-luxembourg/DObsXTb#id:10752372,luxembourg,block,No information,assisted,19.5,47.8,0,right-foot,low-left,0,51.9,19,No information,No information,79,No information,4681,47.8,19.5,48.1,0,48.1,81,12,719,shot
gerson-rodrigues,https://www.sofascore.com/slovakia-luxembourg/DObsXTb#id:10752372,luxembourg,miss,No information,assisted,15.7,53,0,right-foot,left,0,63,38.9,No information,No information,72,No information,4305,53,15.7,37,0,37,61.1,19,1095,shot
vincent-thill,https://www.sofascore.com/slovakia-luxembourg/DObsXTb#id:10752372,luxembourg,miss,No information,assisted,29.7,41.2,0,left-foot,right,0,39.2,4.2,No information,No information,71,No information,4227,41.2,29.7,60.8,0,60.8,95.8,20,1173,shot
tomas-suslov,https://www.sofascore.com/slovakia-luxembourg/DObsXTb#id:10752372,slovakia,block,No information,regular,8.2,51,0,left-foot,low-right,0,47.9,19,No information,No information,59,No information,3481,51,8.2,52.1,0,52.1,81,32,1919,shot
robert-polievka,https://www.sofascore.com/slovakia-luxembourg/DObsXTb#id:10752372,slovakia,save,No information,assisted,7.5,47.9,0,head,high-centre,0,50.2,22.8,No information,No information,58,No information,3479,47.9,7.5,49.8,0,49.8,77.2,33,1921,shot
ubomir-satka,https://www.sofascore.com/slovakia-luxembourg/DObsXTb#id:10752372,slovakia,miss,No information,set-piece,9.3,36.3,0,right-foot,high-left,0,62.7,44.4,No information,No information,58,No information,3442,36.3,9.3,37.3,0,37.3,55.6,33,1958,shot
stanislav-lobotka,https://www.sofascore.com/slovakia-luxembourg/DObsXTb#id:10752372,slovakia,block,No information,assisted,22.1,44,0,left-foot,low-centre,0,49.6,19,No information,No information,56,No information,3340,44,22.1,50.4,0,50.4,81,35,2060,shot
robert-polievka,https://www.sofascore.com/slovakia-luxembourg/DObsXTb#id:10752372,slovakia,miss,No information,set-piece,2.6,33.4,0,left-foot,high-left,0,66.9,93.1,No information,No information,50,No information,2945,33.4,2.6,33.1,0,33.1,6.9,41,2455,shot
ondrej-duda,https://www.sofascore.com/slovakia-luxembourg/DObsXTb#id:10752372,slovakia,save,No information,free-kick,20.9,24.6,0,right-foot,low-left,0,54.1,7,No information,No information,50,No information,2942,24.6,20.9,45.9,0,45.9,93,41,2458,shot
maxime-chanot,https://www.sofascore.com/slovakia-luxembourg/DObsXTb#id:10752372,luxembourg,miss,No information,corner,7.4,49.5,0,head,left,0,69.9,11.1,No information,No information,45,No information,2658,49.5,7.4,30.1,0,30.1,88.9,1,42,shot
juraj-kucka,https://www.sofascore.com/slovakia-luxembourg/DObsXTb#id:10752372,slovakia,miss,No information,assisted,30.4,43,0,right-foot,left,0,61.3,4.2,No information,No information,38,No information,2221,43,30.4,38.7,0,38.7,95.8,8,479,shot
ondrej-duda,https://www.sofascore.com/slovakia-luxembourg/DObsXTb#id:10752372,slovakia,miss,No information,assisted,23.5,33,0,right-foot,close-left,0,57.8,2.8,No information,No information,37,No information,2172,33,23.5,42.2,0,42.2,97.2,9,528,shot
tomas-suslov,https://www.sofascore.com/slovakia-luxembourg/DObsXTb#id:10752372,slovakia,block,No information,assisted,25.1,69.4,0,left-foot,low-centre,0,50.6,19,No information,No information,35,No information,2053,69.4,25.1,49.4,0,49.4,81,11,647,shot
gerson-rodrigues,https://www.sofascore.com/slovakia-luxembourg/DObsXTb#id:10752372,luxembourg,save,No information,assisted,12.7,26.9,0,left-foot,low-left,0,52.5,10.1,No information,No information,28,No information,1631,26.9,12.7,47.5,0,47.5,89.9,18,1069,shot
robert-polievka,https://www.sofascore.com/slovakia-luxembourg/DObsXTb#id:10752372,slovakia,save,No information,corner,3.8,39,0,head,high-left,0,53.4,21.5,No information,No information,27,No information,1597,39,3.8,46.6,0,46.6,78.5,19,1103,shot
juraj-kucka,https://www.sofascore.com/slovakia-luxembourg/DObsXTb#id:10752372,slovakia,miss,No information,corner,12.8,60,0,head,left,0,65.2,15.3,No information,No information,27,No information,1595,60,12.8,34.8,0,34.8,84.7,19,1105,shot
tomas-suslov,https://www.sofascore.com/slovakia-luxembourg/DObsXTb#id:10752372,slovakia,block,No information,corner,13.3,73.3,0,left-foot,low-centre,0,51.3,19,No information,No information,23,No information,1338,73.3,13.3,48.7,0,48.7,81,23,1362,shot
robert-polievka,https://www.sofascore.com/slovakia-luxembourg/DObsXTb#id:10752372,slovakia,miss,No information,fast-break,20,34.3,0,left-foot,close-left,0,57.5,6.9,No information,No information,18,No information,1052,34.3,20,42.5,0,42.5,93.1,28,1648,shot
danel-sinani,https://www.sofascore.com/slovakia-luxembourg/DObsXTb#id:10752372,luxembourg,save,No information,free-kick,30.5,68,0,left-foot,high-right,0,46.1,20.3,No information,No information,13,No information,777,68,30.5,53.9,0,53.9,79.7,33,1923,shot
leandro-barreiro,https://www.sofascore.com/slovakia-luxembourg/DObsXTb#id:10752372,luxembourg,miss,No information,assisted,23.8,51.3,0,right-foot,right,0,0.3,6.9,No information,No information,12,No information,663,51.3,23.8,99.7,0,99.7,93.1,34,2037,shot
lukas-haraslin,https://www.sofascore.com/slovakia-luxembourg/DObsXTb#id:10752372,slovakia,block,No information,assisted,9.6,34.2,0,right-foot,low-centre,0,51.6,19,No information,No information,8,No information,446,34.2,9.6,48.4,0,48.4,81,38,2254,shot

juraj-kucka,https://www.sofascore.com/slovakia-sweden/NTbsXTb#id:8602448,slovakia,miss,No information,regular,29.3,40.8,0,right-foot,high,0,45.5,68.1,No information,No information,90,5,5678,40.8,29.3,54.5,0,54.5,31.9,1,622,shot
vladimir-weiss,https://www.sofascore.com/slovakia-sweden/NTbsXTb#id:8602448,slovakia,block,No information,assisted,22.2,41,0,right-foot,low-centre,0,49.1,19,No information,No information,90,5,5663,41,22.2,50.9,0,50.9,81,1,637,shot
martin-koscelnik,https://www.sofascore.com/slovakia-sweden/NTbsXTb#id:8602448,slovakia,miss,No information,corner,8,53.6,0,head,close-left,0,57.3,2.8,No information,No information,90,4,5633,53.6,8,42.7,0,42.7,97.2,1,667,shot
david-hancko,https://www.sofascore.com/slovakia-sweden/NTbsXTb#id:8602448,slovakia,block,No information,regular,13.7,29.1,0,left-foot,low-left,0,52.9,19,No information,No information,90,4,5588,29.1,13.7,47.1,0,47.1,81,1,712,shot
david-hancko,https://www.sofascore.com/slovakia-sweden/NTbsXTb#id:8602448,slovakia,block,No information,corner,8.7,45,0,right-foot,low-left,0,52.1,19,No information,No information,87,No information,5188,45,8.7,47.9,0,47.9,81,4,212,shot
david-hancko,https://www.sofascore.com/slovakia-sweden/NTbsXTb#id:8602448,slovakia,block,No information,corner,9,44.5,0,head,low-centre,0,50.2,19,No information,No information,87,No information,5187,44.5,9,49.8,0,49.8,81,4,213,shot
alexander-isak,https://www.sofascore.com/slovakia-sweden/NTbsXTb#id:8602448,sweden,block,No information,corner,10.9,51.3,0,right-foot,low-centre,0,51.2,19,No information,No information,82,No information,4919,51.3,10.9,48.8,0,48.8,81,9,481,shot
albin-ekdal,https://www.sofascore.com/slovakia-sweden/NTbsXTb#id:8602448,sweden,miss,No information,corner,19.9,65.3,0,right-foot,left,0,68.7,2.8,No information,No information,82,No information,4919,65.3,19.9,31.3,0,31.3,97.2,9,481,shot
viktor-claesson,https://www.sofascore.com/slovakia-sweden/NTbsXTb#id:8602448,sweden,block,No information,regular,14.8,55.7,0,right-foot,low-centre,0,48.8,19,No information,No information,82,No information,4882,55.7,14.8,51.2,0,51.2,81,9,518,shot
emil-forsberg,https://www.sofascore.com/slovakia-sweden/NTbsXTb#id:8602448,sweden,goal,penalty,penalty,11.5,50,0,right-foot,low-right,0,45.8,14.6,No information,No information,77,No information,4594,50,11.5,54.2,0,54.2,85.4,14,806,shot
alexander-isak,https://www.sofascore.com/slovakia-sweden/NTbsXTb#id:8602448,sweden,save,No information,assisted,15.2,32.6,0,right-foot,low-left,0,53.9,3.2,No information,No information,71,No information,4250,32.6,15.2,46.1,0,46.1,96.8,20,1150,shot
alexander-isak,https://www.sofascore.com/slovakia-sweden/NTbsXTb#id:8602448,sweden,miss,No information,assisted,6.5,45,0,head,close-high,0,52.3,45.8,No information,No information,67,No information,3995,45,6.5,47.7,0,47.7,54.2,24,1405,shot
alexander-isak,https://www.sofascore.com/slovakia-sweden/NTbsXTb#id:8602448,sweden,block,No information,assisted,27.2,56.5,0,right-foot,low-centre,0,51.1,19,No information,No information,61,No information,3659,56.5,27.2,48.9,0,48.9,81,30,1741,shot
marcus-danielson,https://www.sofascore.com/slovakia-sweden/NTbsXTb#id:8602448,sweden,miss,No information,corner,5,47,0,head,high,0,52.3,61.1,No information,No information,60,No information,3581,47,5,47.7,0,47.7,38.9,31,1819,shot
ludwig-augustinsson,https://www.sofascore.com/slovakia-sweden/NTbsXTb#id:8602448,sweden,save,No information,assisted,7.5,46.8,0,head,high-centre,0,49,22.8,No information,No information,59,No information,3524,46.8,7.5,51,0,51,77.2,32,1876,shot
ondrej-duda,https://www.sofascore.com/slovakia-sweden/NTbsXTb#id:8602448,slovakia,miss,No information,corner,15.8,65.1,0,right-foot,close-high,0,49.2,55.6,No information,No information,50,No information,2985,65.1,15.8,50.8,0,50.8,44.4,41,2415,shot
emil-forsberg,https://www.sofascore.com/slovakia-sweden/NTbsXTb#id:8602448,sweden,miss,No information,corner,22.6,38.4,0,right-foot,high-right,0,35,81.9,No information,No information,47,No information,2789,38.4,22.6,65,0,65,18.1,44,2611,shot
alexander-isak,https://www.sofascore.com/slovakia-sweden/NTbsXTb#id:8602448,sweden,block,No information,assisted,17.9,59,0,right-foot,low-centre,0,50.3,19,No information,No information,46,No information,2754,59,17.9,49.7,0,49.7,81,45,2646,shot
marek-hamsik,https://www.sofascore.com/slovakia-sweden/NTbsXTb#id:8602448,slovakia,miss,No information,assisted,23.2,51.8,0,right-foot,high,0,47.4,63.9,No information,No information,43,No information,2541,51.8,23.2,52.6,0,52.6,36.1,3,159,shot
juraj-kucka,https://www.sofascore.com/slovakia-sweden/NTbsXTb#id:8602448,slovakia,block,No information,corner,15.2,51.8,0,left-foot,low-centre,0,50.1,19,No information,No information,37,No information,2219,51.8,15.2,49.9,0,49.9,81,9,481,shot
marcus-berg,https://www.sofascore.com/slovakia-sweden/NTbsXTb#id:8602448,sweden,miss,No information,corner,10.1,37.1,0,right-foot,right,0,2.9,1.4,No information,No information,22,No information,1260,37.1,10.1,97.1,0,97.1,98.6,24,1440,shot
juraj-kucka,https://www.sofascore.com/slovakia-sweden/NTbsXTb#id:8602448,slovakia,miss,No information,corner,8.4,52,0,head,high-right,0,40.5,45.8,No information,No information,5,No information,270,52,8.4,59.5,0,59.5,54.2,41,2430,shot
sebastian-larsson,https://www.sofascore.com/slovakia-sweden/NTbsXTb#id:8602448,sweden,save,No information,assisted,26.2,42.7,0,left-foot,low-right,0,45.9,4.4,No information,No information,3,No information,162,42.7,26.2,54.1,0,54.1,95.6,43,2538,shot

sverrir-ingi-ingason,https://www.sofascore.com/iceland-slovakia/XTbsiUb#id:10752435,iceland,miss,No information,assisted,8.6,34.8,0,right-foot,high,0,50.9,72.2,No information,No information,90,1,5441,34.8,8.6,49.1,0,49.1,27.8,1,859,shot
denis-vavro,https://www.sofascore.com/iceland-slovakia/XTbsiUb#id:10752435,slovakia,miss,No information,corner,25.5,53.2,0,right-foot,close-high-right,0,42.9,59.7,No information,No information,88,No information,5228,53.2,25.5,57.1,0,57.1,40.3,3,172,shot
robert-bozenik,https://www.sofascore.com/iceland-slovakia/XTbsiUb#id:10752435,slovakia,block,No information,assisted,12.7,54.4,0,left-foot,low-centre,0,48.8,19,No information,No information,87,No information,5178,54.4,12.7,51.2,0,51.2,81,4,222,shot
haraldsson-hakon-arnar,https://www.sofascore.com/iceland-slovakia/XTbsiUb#id:10752435,iceland,miss,No information,corner,21,44.5,0,left-foot,right,0,33.8,13.9,No information,No information,86,No information,5102,44.5,21,66.2,0,66.2,86.1,5,298,shot
tomas-suslov,https://www.sofascore.com/iceland-slovakia/XTbsiUb#id:10752435,slovakia,goal,regular,regular,9,57.3,0,head,high-left,0,53.9,20.9,No information,No information,69,No information,4135,57.3,9,46.1,0,46.1,79.1,22,1265,shot
juraj-kucka,https://www.sofascore.com/iceland-slovakia/XTbsiUb#id:10752435,slovakia,miss,No information,assisted,20.9,31.4,0,left-foot,high-left,0,62,90.3,No information,No information,66,No information,3909,31.4,20.9,38,0,38,9.7,25,1491,shot
juraj-kucka,https://www.sofascore.com/iceland-slovakia/XTbsiUb#id:10752435,slovakia,miss,No information,corner,10.9,52.3,0,head,left,0,65.9,13.9,No information,No information,63,No information,3732,52.3,10.9,34.1,0,34.1,86.1,28,1668,shot
david-hancko,https://www.sofascore.com/iceland-slovakia/XTbsiUb#id:10752435,slovakia,miss,No information,assisted,11.4,36.2,0,left-foot,left,0,65.7,2.8,No information,No information,59,No information,3507,36.2,11.4,34.3,0,34.3,97.2,32,1893,shot
robert-mak,https://www.sofascore.com/iceland-slovakia/XTbsiUb#id:10752435,slovakia,block,No information,assisted,15.1,32.5,0,right-foot,low-centre,0,50.4,19,No information,No information,56,No information,3331,32.5,15.1,49.6,0,49.6,81,35,2069,shot
denis-vavro,https://www.sofascore.com/iceland-slovakia/XTbsiUb#id:10752435,slovakia,miss,No information,assisted,24.8,65.8,0,right-foot,left,0,61.3,6.9,No information,No information,54,No information,3209,65.8,24.8,38.7,0,38.7,93.1,37,2191,shot
alfred-finnbogason,https://www.sofascore.com/iceland-slovakia/XTbsiUb#id:10752435,iceland,miss,No information,assisted,25.9,54.6,0,right-foot,left,0,62.2,5.6,No information,No information,45,1,2728,54.6,25.9,37.8,0,37.8,94.4,1,2672,shot
robert-mak,https://www.sofascore.com/iceland-slovakia/XTbsiUb#id:10752435,slovakia,save,No information,assisted,8.3,50,0,right-foot,high-centre,0,49.3,20.9,No information,No information,44,No information,2602,50,8.3,50.7,0,50.7,79.1,2,98,shot
alfred-finnbogason,https://www.sofascore.com/iceland-slovakia/XTbsiUb#id:10752435,iceland,goal,penalty,penalty,11.5,50,0,right-foot,low-left,0,54.2,19.6,No information,No information,41,No information,2416,50,11.5,45.8,0,45.8,80.4,5,284,shot
jon-dagur-thorsteinsson,https://www.sofascore.com/iceland-slovakia/XTbsiUb#id:10752435,iceland,save,No information,regular,11.1,29.9,0,right-foot,low-right,0,47.2,6.3,No information,No information,40,No information,2343,29.9,11.1,52.8,0,52.8,93.7,6,357,shot
juraj-kucka,https://www.sofascore.com/iceland-slovakia/XTbsiUb#id:10752435,slovakia,goal,regular,assisted,23.4,43.7,0,right-foot,low-left,0,54.2,13.3,No information,No information,27,No information,1586,43.7,23.4,45.8,0,45.8,86.7,19,1114,shot
robert-polievka,https://www.sofascore.com/iceland-slovakia/XTbsiUb#id:10752435,slovakia,miss,No information,assisted,13.1,53.2,0,head,high-right,0,42.4,65.3,No information,No information,21,No information,1206,53.2,13.1,57.6,0,57.6,34.7,25,1494,shot
albert-gudmundsson,https://www.sofascore.com/iceland-slovakia/XTbsiUb#id:10752435,iceland,miss,No information,assisted,4,67,0,right-foot,right,0,39.5,6.9,No information,No information,15,No information,841,67,4,60.5,0,60.5,93.1,31,1859,shot
jon-dagur-thorsteinsson,https://www.sofascore.com/iceland-slovakia/XTbsiUb#id:10752435,iceland,miss,No information,assisted,10,50.9,0,right-foot,left,0,62.2,2.8,No information,No information,11,No information,643,50.9,10,37.8,0,37.8,97.2,35,2057,shot
marek-hamsik,https://www.sofascore.com/iceland-slovakia/XTbsiUb#id:10752435,slovakia,save,No information,corner,22.7,28.8,0,right-foot,low-centre,0,50.3,15.2,No information,No information,11,No information,607,28.8,22.7,49.7,0,49.7,84.8,35,2093,shot
juraj-kucka,https://www.sofascore.com/iceland-slovakia/XTbsiUb#id:10752435,slovakia,block,No information,corner,10.9,48.8,0,right-foot,low-centre,0,49,19,No information,No information,5,No information,269,48.8,10.9,51,0,51,81,41,2431,shot
juraj-kucka,https://www.sofascore.com/iceland-slovakia/XTbsiUb#id:10752435,slovakia,block,No information,corner,10.5,48.5,0,left-foot,low-centre,0,49.2,19,No information,No information,5,No information,267,48.5,10.5,50.8,0,50.8,81,41,2433,shot
albert-gudmundsson,https://www.sofascore.com/iceland-slovakia/XTbsiUb#id:10752435,iceland,save,No information,assisted,14.5,49.9,0,left-foot,high-centre,0,50,20.9,No information,No information,2,No information,85,49.9,14.5,50,0,50,79.1,44,2615,shot

laszlo-benes,https://www.sofascore.com/portugal-slovakia/XTbseUb#id:10752474,slovakia,block,No information,free-kick,28.9,52.2,0,left-foot,low-centre,0,51,19,No information,No information,90,No information,5390,52.2,28.9,49,0,49,81,1,10,shot
robert-bozenik,https://www.sofascore.com/portugal-slovakia/XTbseUb#id:10752474,slovakia,block,No information,assisted,19.2,46,0,right-foot,low-centre,0,50.2,19,No information,No information,88,No information,5257,46,19.2,49.8,0,49.8,81,3,143,shot
laszlo-benes,https://www.sofascore.com/portugal-slovakia/XTbseUb#id:10752474,slovakia,block,No information,assisted,16.1,30.1,0,left-foot,low-left,0,53,19,No information,No information,87,No information,5187,30.1,16.1,47,0,47,81,4,213,shot
cristiano-ronaldo,https://www.sofascore.com/portugal-slovakia/XTbseUb#id:10752474,portugal,save,No information,assisted,7.9,67.3,0,right-foot,low-right,0,47.3,6.3,No information,No information,76,No information,4536,67.3,7.9,52.7,0,52.7,93.7,15,864,shot
milan-skriniar,https://www.sofascore.com/portugal-slovakia/XTbseUb#id:10752474,slovakia,miss,No information,set-piece,6.4,44,0,head,high-left,0,57.3,63.9,No information,No information,72,No information,4316,44,6.4,42.7,0,42.7,36.1,19,1084,shot
cristiano-ronaldo,https://www.sofascore.com/portugal-slovakia/XTbseUb#id:10752474,portugal,miss,No information,assisted,19,54.3,0,right-foot,right,0,33.9,12.5,No information,No information,70,No information,4158,54.3,19,66.1,0,66.1,87.5,21,1242,shot
cristiano-ronaldo,https://www.sofascore.com/portugal-slovakia/XTbseUb#id:10752474,portugal,save,No information,assisted,17,26.8,0,right-foot,low-left,0,52.9,19,No information,No information,67,No information,4011,26.8,17,47.1,0,47.1,81,24,1389,shot
cristiano-ronaldo,https://www.sofascore.com/portugal-slovakia/XTbseUb#id:10752474,portugal,save,No information,corner,11.5,53.7,0,head,low-left,0,54,14.6,No information,No information,65,No information,3861,53.7,11.5,46,0,46,85.4,26,1539,shot
ivan-schranz,https://www.sofascore.com/portugal-slovakia/XTbseUb#id:10752474,slovakia,miss,No information,assisted,8.8,36.9,0,left-foot,right,0,38.2,8.3,No information,No information,56,No information,3311,36.9,8.8,61.8,0,61.8,91.7,35,2089,shot
rafael-leao,https://www.sofascore.com/portugal-slovakia/XTbseUb#id:10752474,portugal,block,No information,fast-break,11.4,69.4,0,right-foot,low-centre,0,48.9,19,No information,No information,54,No information,3191,69.4,11.4,51.1,0,51.1,81,37,2209,shot
peter-pekarik,https://www.sofascore.com/portugal-slovakia/XTbseUb#id:10752474,slovakia,save,No information,assisted,17.7,70.9,0,right-foot,high-centre,0,48.5,27.8,No information,No information,52,No information,3106,70.9,17.7,51.5,0,51.5,72.2,39,2294,shot
joao-cancelo,https://www.sofascore.com/portugal-slovakia/XTbseUb#id:10752474,portugal,save,No information,assisted,20.4,50.7,0,right-foot,low-right,0,47.8,3.8,No information,No information,50,No information,2996,50.7,20.4,52.2,0,52.2,96.2,41,2404,shot
bernardo-silva,https://www.sofascore.com/portugal-slovakia/XTbseUb#id:10752474,portugal,save,No information,regular,30.9,73.6,0,left-foot,low-centre,0,51,1.9,No information,No information,45,3,2839,73.6,30.9,49,0,49,98.1,1,2561,shot
cristiano-ronaldo,https://www.sofascore.com/portugal-slovakia/XTbseUb#id:10752474,portugal,miss,No information,set-piece,9.5,47.6,0,head,high,0,55.8,69.4,No information,No information,45,1,2745,47.6,9.5,44.2,0,44.2,30.6,1,2655,shot
bruno-fernandes,https://www.sofascore.com/portugal-slovakia/XTbseUb#id:10752474,portugal,goal,regular,assisted,11.5,72.5,0,right-foot,low-left,0,52.9,1.9,No information,No information,43,No information,2537,72.5,11.5,47.1,0,47.1,98.1,3,163,shot
lukas-haraslin,https://www.sofascore.com/portugal-slovakia/XTbseUb#id:10752474,slovakia,post,No information,assisted,14.2,64.5,0,right-foot,right,0,44.5,13.9,No information,No information,42,No information,2462,64.5,14.2,55.5,0,55.5,86.1,4,238,shot
bruno-fernandes,https://www.sofascore.com/portugal-slovakia/XTbseUb#id:10752474,portugal,save,No information,assisted,11.5,46,0,right-foot,low-left,0,52.1,1.9,No information,No information,17,No information,966,46,11.5,47.9,0,47.9,98.1,29,1734,shot
cristiano-ronaldo,https://www.sofascore.com/portugal-slovakia/XTbseUb#id:10752474,portugal,miss,No information,regular,11.5,71.4,0,right-foot,right,0,40.7,11.1,No information,No information,16,No information,913,71.4,11.5,59.3,0,59.3,88.9,30,1787,shot
lukas-haraslin,https://www.sofascore.com/portugal-slovakia/XTbseUb#id:10752474,slovakia,block,No information,regular,11.4,36.7,0,right-foot,low-left,0,53.1,19,No information,No information,13,No information,754,36.7,11.4,46.9,0,46.9,81,33,1946,shot
robert-polievka,https://www.sofascore.com/portugal-slovakia/XTbseUb#id:10752474,slovakia,save,No information,assisted,14.8,56,0,right-foot,low-centre,0,49.5,15.8,No information,No information,11,No information,624,56,14.8,50.5,0,50.5,84.2,35,2076,shot
juraj-kucka,https://www.sofascore.com/portugal-slovakia/XTbseUb#id:10752474,slovakia,miss,No information,assisted,27.4,51,0,left-foot,high-left,0,59.5,87.5,No information,No information,10,No information,569,51,27.4,40.5,0,40.5,12.5,36,2131,shot
vitinha,https://www.sofascore.com/portugal-slovakia/XTbseUb#id:10752474,portugal,miss,No information,assisted,14.8,46.6,0,right-foot,left,0,64.7,9.7,No information,No information,1,No information,45,46.6,14.8,35.3,0,35.3,90.3,45,2655,shot

martin-koscelnik,https://www.sofascore.com/slovakia-malta/IObsXTb#id:9223767,slovakia,block,No information,assisted,19.5,59.6,0,left-foot,low-centre,0,51.4,19,No information,No information,89,No information,5280,59.6,19.5,48.6,0,48.6,81,2,120,shot
martin-koscelnik,https://www.sofascore.com/slovakia-malta/IObsXTb#id:9223767,slovakia,miss,No information,corner,3.8,61.8,0,head,close-right,0,42,8.3,No information,No information,86,No information,5147,61.8,3.8,58,0,58,91.7,5,253,shot
robert-mak,https://www.sofascore.com/slovakia-malta/IObsXTb#id:9223767,slovakia,save,No information,assisted,15.7,69,0,right-foot,low-right,0,46.7,2.5,No information,No information,81,No information,4844,69,15.7,53.3,0,53.3,97.5,10,556,shot
matthew-guillaumier,https://www.sofascore.com/slovakia-malta/IObsXTb#id:9223767,malta,miss,No information,corner,6.3,63.3,0,head,close-high-right,0,41.2,56.9,No information,No information,79,No information,4721,63.3,6.3,58.8,0,58.8,43.1,12,679,shot
kyrian-nwoko,https://www.sofascore.com/slovakia-malta/IObsXTb#id:9223767,malta,save,No information,fast-break,10.2,69.7,0,right-foot,low-centre,0,48.4,17.1,No information,No information,78,No information,4660,69.7,10.2,51.6,0,51.6,82.9,13,740,shot
grech-jake,https://www.sofascore.com/slovakia-malta/IObsXTb#id:9223767,malta,save,No information,regular,10.5,69.3,0,right-foot,high-centre,0,51,21.5,No information,No information,76,No information,4543,69.3,10.5,49,0,49,78.5,15,857,shot
robert-bozenik,https://www.sofascore.com/slovakia-malta/IObsXTb#id:9223767,slovakia,block,No information,regular,19.7,58.4,0,right-foot,low-right,0,46.5,19,No information,No information,73,No information,4379,58.4,19.7,53.5,0,53.5,81,18,1021,shot
grech-jake,https://www.sofascore.com/slovakia-malta/IObsXTb#id:9223767,malta,miss,No information,assisted,24.4,64.7,0,right-foot,left,0,64.4,5.6,No information,No information,69,No information,4136,64.7,24.4,35.6,0,35.6,94.4,22,1264,shot
milan-skriniar,https://www.sofascore.com/slovakia-malta/IObsXTb#id:9223767,slovakia,block,No information,corner,8.6,45.4,0,head,low-right,0,46.9,9.7,No information,No information,66,No information,3954,45.4,8.6,53.1,0,53.1,90.3,25,1446,shot
robert-bozenik,https://www.sofascore.com/slovakia-malta/IObsXTb#id:9223767,slovakia,block,No information,corner,8.3,52.7,0,left-foot,low-centre,0,50.3,19,No information,No information,60,No information,3548,52.7,8.3,49.7,0,49.7,81,31,1852,shot
tomas-suslov,https://www.sofascore.com/slovakia-malta/IObsXTb#id:9223767,slovakia,block,No information,assisted,23.8,32.4,0,right-foot,low-centre,0,50.4,19,No information,No information,56,No information,3305,32.4,23.8,49.6,0,49.6,81,35,2095,shot
satariano-alexander,https://www.sofascore.com/slovakia-malta/IObsXTb#id:9223767,malta,miss,No information,assisted,3.9,43.7,0,head,close-right,0,43.9,13.9,No information,No information,55,No information,3278,43.7,3.9,56.1,0,56.1,86.1,36,2122,shot
milan-skriniar,https://www.sofascore.com/slovakia-malta/IObsXTb#id:9223767,slovakia,goal,regular,corner,5,46.6,0,head,low-centre,0,51.2,18.4,No information,No information,53,No information,3123,46.6,5,48.8,0,48.8,81.6,38,2277,shot
david-strelec,https://www.sofascore.com/slovakia-malta/IObsXTb#id:9223767,slovakia,goal,regular,set-piece,3.8,54.5,0,head,high-centre,0,50.8,21.5,No information,No information,49,No information,2906,54.5,3.8,49.2,0,49.2,78.5,42,2494,shot
kurt-shaw,https://www.sofascore.com/slovakia-malta/IObsXTb#id:9223767,malta,miss,No information,regular,28.4,46.6,0,right-foot,left,0,64.5,11.1,No information,No information,45,2,2779,46.6,28.4,35.5,0,35.5,88.9,1,2621,shot
satariano-alexander,https://www.sofascore.com/slovakia-malta/IObsXTb#id:9223767,malta,block,No information,assisted,20.7,52.8,0,left-foot,low-right,0,46.5,19,No information,No information,45,1,2730,52.8,20.7,53.5,0,53.5,81,1,2670,shot
michal-duris,https://www.sofascore.com/slovakia-malta/IObsXTb#id:9223767,slovakia,miss,No information,assisted,15,61.8,0,right-foot,close-left,0,58.5,6.9,No information,No information,27,No information,1583,61.8,15,41.5,0,41.5,93.1,19,1117,shot
tomas-suslov,https://www.sofascore.com/slovakia-malta/IObsXTb#id:9223767,slovakia,miss,No information,free-kick,20.4,76.4,0,left-foot,high,0,45.4,61.1,No information,No information,24,No information,1389,76.4,20.4,54.6,0,54.6,38.9,22,1311,shot
jan-gregus,https://www.sofascore.com/slovakia-malta/IObsXTb#id:9223767,slovakia,miss,No information,regular,27.8,40.3,0,left-foot,close-right,0,42,11.1,No information,No information,21,No information,1231,40.3,27.8,58,0,58,88.9,25,1469,shot
satariano-alexander,https://www.sofascore.com/slovakia-malta/IObsXTb#id:9223767,malta,goal,regular,assisted,10.4,48.9,0,head,low-centre,0,48.5,17.1,No information,No information,19,No information,1138,48.9,10.4,51.5,0,51.5,82.9,27,1562,shot
luke-gambin,https://www.sofascore.com/slovakia-malta/IObsXTb#id:9223767,malta,goal,regular,assisted,22.2,63.2,0,left-foot,high-left,0,53.9,20.3,No information,No information,16,No information,934,63.2,22.2,46.1,0,46.1,79.7,30,1766,shot
michal-duris,https://www.sofascore.com/slovakia-malta/IObsXTb#id:9223767,slovakia,miss,No information,corner,4.2,46.4,0,head,close-high,0,48.2,59.7,No information,No information,9,No information,494,46.4,4.2,51.8,0,51.8,40.3,37,2206,shot
milan-skriniar,https://www.sofascore.com/slovakia-malta/IObsXTb#id:9223767,slovakia,miss,No information,corner,9.2,53.9,0,head,close-left,0,58.7,23.6,No information,No information,9,No information,493,53.9,9.2,41.3,0,41.3,76.4,37,2207,shot

ivan-schranz,https://www.sofascore.com/slovakia-cyprus/HObsXTb#id:9223773,slovakia,miss,No information,assisted,4.5,52.1,0,right-foot,high,0,46.4,93.1,No information,No information,90,4,5623,52.1,4.5,53.6,0,53.6,6.9,1,677,shot
loizos-loizou,https://www.sofascore.com/slovakia-cyprus/HObsXTb#id:9223773,cyprus,block,No information,corner,13,59.9,0,right-foot,low-right,0,46.9,19,No information,No information,89,No information,5307,59.9,13,53.1,0,53.1,81,2,93,shot
ioannis-pittas,https://www.sofascore.com/slovakia-cyprus/HObsXTb#id:9223773,cyprus,save,No information,corner,5.3,62.7,0,head,high-centre,0,51.4,34.2,No information,No information,89,No information,5282,62.7,5.3,48.6,0,48.6,65.8,2,118,shot
ioannis-pittas,https://www.sofascore.com/slovakia-cyprus/HObsXTb#id:9223773,cyprus,save,No information,assisted,9.4,58.8,0,head,low-centre,0,48.7,17.1,No information,No information,88,No information,5253,58.8,9.4,51.3,0,51.3,82.9,3,147,shot
ioannis-pittas,https://www.sofascore.com/slovakia-cyprus/HObsXTb#id:9223773,cyprus,miss,No information,corner,4.7,34.9,0,right-foot,high-left,0,57.1,87.5,No information,No information,83,No information,4960,34.9,4.7,42.9,0,42.9,12.5,8,440,shot
kostakis-artymatas,https://www.sofascore.com/slovakia-cyprus/HObsXTb#id:9223773,cyprus,save,No information,assisted,27.9,40.2,0,right-foot,high-left,0,54.2,25.9,No information,No information,82,No information,4917,40.2,27.9,45.8,0,45.8,74.1,9,483,shot
juraj-kucka,https://www.sofascore.com/slovakia-cyprus/HObsXTb#id:9223773,slovakia,save,No information,regular,21.6,34.3,0,right-foot,low-right,0,45.5,2.5,No information,No information,81,No information,4839,34.3,21.6,54.5,0,54.5,97.5,10,561,shot
michal-duris,https://www.sofascore.com/slovakia-cyprus/HObsXTb#id:9223773,slovakia,save,No information,assisted,19.2,65.7,0,left-foot,low-centre,0,50.8,7.6,No information,No information,68,No information,4029,65.7,19.2,49.2,0,49.2,92.4,23,1371,shot
ioannis-pittas,https://www.sofascore.com/slovakia-cyprus/HObsXTb#id:9223773,cyprus,block,No information,regular,10.3,49.1,0,right-foot,low-right,0,47.8,19,No information,No information,54,No information,3195,49.1,10.3,52.2,0,52.2,81,37,2205,shot
pieros-sotiriou,https://www.sofascore.com/slovakia-cyprus/HObsXTb#id:9223773,cyprus,block,No information,set-piece,12.4,44.3,0,head,low-right,0,47.6,19,No information,No information,52,No information,3116,44.3,12.4,52.4,0,52.4,81,39,2284,shot
kostakis-artymatas,https://www.sofascore.com/slovakia-cyprus/HObsXTb#id:9223773,cyprus,miss,No information,set-piece,11.1,71.1,0,right-foot,high-right,0,42.5,63.9,No information,No information,51,No information,3045,71.1,11.1,57.5,0,57.5,36.1,40,2355,shot
konstantinos-sotiriou,https://www.sofascore.com/slovakia-cyprus/HObsXTb#id:9223773,cyprus,miss,No information,set-piece,9.9,54.2,0,head,right,0,34.6,15.3,No information,No information,51,No information,3041,54.2,9.9,65.4,0,65.4,84.7,40,2359,shot
matus-bero,https://www.sofascore.com/slovakia-cyprus/HObsXTb#id:9223773,slovakia,miss,No information,assisted,10,41.9,0,left-foot,close-left,0,58.3,9.7,No information,No information,44,No information,2637,41.9,10,41.7,0,41.7,90.3,2,63,shot
ioannis-kousoulos,https://www.sofascore.com/slovakia-cyprus/HObsXTb#id:9223773,cyprus,save,No information,assisted,31.9,59.8,0,right-foot,high-centre,0,50.1,29.7,No information,No information,20,No information,1180,59.8,31.9,49.9,0,49.9,70.3,26,1520,shot
juraj-kucka,https://www.sofascore.com/slovakia-cyprus/HObsXTb#id:9223773,slovakia,miss,No information,regular,11.8,66.9,0,right-foot,high-right,0,40.2,84.7,No information,No information,13,No information,763,66.9,11.8,59.8,0,59.8,15.3,33,1937,shot
robert-bozenik,https://www.sofascore.com/slovakia-cyprus/HObsXTb#id:9223773,slovakia,block,No information,regular,15.5,62,0,right-foot,low-centre,0,48.8,19,No information,No information,13,No information,761,62,15.5,51.2,0,51.2,81,33,1939,shot
albert-rusnak,https://www.sofascore.com/slovakia-cyprus/HObsXTb#id:9223773,slovakia,save,No information,assisted,10.1,62.7,0,right-foot,low-centre,0,48.8,19,No information,No information,13,No information,759,62.7,10.1,51.2,0,51.2,81,33,1941,shot
ioannis-pittas,https://www.sofascore.com/slovakia-cyprus/HObsXTb#id:9223773,cyprus,block,No information,assisted,23.1,41,0,right-foot,low-left,0,52,19,No information,No information,4,No information,181,41,23.1,48,0,48,81,42,2519,shot

kevin-de-bruyne,https://www.sofascore.com/belgium-slovakia/XTbsrUb#id:11873978,belgium,miss,No information,assisted,9.1,65.4,0,right-foot,left,0,67.4,6.9,No information,No information,90,3,5566,65.4,9.1,32.6,0,32.6,93.1,1,734,shot
johan-bakayoko,https://www.sofascore.com/belgium-slovakia/XTbsrUb#id:11873978,belgium,miss,No information,corner,19.5,59.3,0,left-foot,high-left,0,71.6,40.3,No information,No information,90,1,5443,59.3,19.5,28.4,0,28.4,59.7,1,857,shot
amadou-onana,https://www.sofascore.com/belgium-slovakia/XTbsrUb#id:11873978,belgium,miss,No information,corner,11.4,43,0,head,right,0,38.7,11.1,No information,No information,80,No information,4794,43,11.4,61.3,0,61.3,88.9,11,606,shot
yannick-carrasco,https://www.sofascore.com/belgium-slovakia/XTbsrUb#id:11873978,belgium,block,No information,assisted,20.1,44.8,0,right-foot,low-left,0,51.9,18.1,No information,No information,80,No information,4758,44.8,20.1,48.1,0,48.1,81.9,11,642,shot
juraj-kucka,https://www.sofascore.com/belgium-slovakia/XTbsrUb#id:11873978,slovakia,miss,No information,assisted,23.1,63.2,0,left-foot,left,0,73.3,8.3,No information,No information,78,No information,4672,63.2,23.1,26.7,0,26.7,91.7,13,728,shot
david-strelec,https://www.sofascore.com/belgium-slovakia/XTbsrUb#id:11873978,slovakia,block,No information,assisted,8,59.3,0,right-foot,low-right,0,47.8,19,No information,No information,76,No information,4558,59.3,8,52.2,0,52.2,81,15,842,shot
kevin-de-bruyne,https://www.sofascore.com/belgium-slovakia/XTbsrUb#id:11873978,belgium,block,No information,assisted,19.6,65.5,0,right-foot,low-centre,0,49.5,19,No information,No information,67,No information,3977,65.5,19.6,50.5,0,50.5,81,24,1423,shot
johan-bakayoko,https://www.sofascore.com/belgium-slovakia/XTbsrUb#id:11873978,belgium,save,No information,regular,8.7,51,0,left-foot,low-centre,0,48.9,6.9,No information,No information,62,No information,3708,51,8.7,51.1,0,51.1,93.1,29,1692,shot
romelu-lukaku,https://www.sofascore.com/belgium-slovakia/XTbsrUb#id:11873978,belgium,miss,No information,regular,4.5,61.5,0,right-foot,close-right,0,43.4,12.5,No information,No information,61,No information,3658,61.5,4.5,56.6,0,56.6,87.5,30,1742,shot
yannick-carrasco,https://www.sofascore.com/belgium-slovakia/XTbsrUb#id:11873978,belgium,block,No information,corner,9.8,47.3,0,left-foot,low-centre,0,49.4,6.9,No information,No information,61,No information,3634,47.3,9.8,50.6,0,50.6,93.1,30,1766,shot
leandro-trossard,https://www.sofascore.com/belgium-slovakia/XTbsrUb#id:11873978,belgium,save,No information,assisted,21.2,57.7,0,right-foot,low-right,0,47.2,7.6,No information,No information,59,No information,3500,57.7,21.2,52.8,0,52.8,92.4,32,1900,shot
romelu-lukaku,https://www.sofascore.com/belgium-slovakia/XTbsrUb#id:11873978,belgium,save,No information,assisted,9.4,69.1,0,right-foot,low-right,0,46.2,19,No information,No information,55,No information,3295,69.1,9.4,53.8,0,53.8,81,36,2105,shot
denis-vavro,https://www.sofascore.com/belgium-slovakia/XTbsrUb#id:11873978,slovakia,miss,No information,assisted,31.9,49.9,0,right-foot,close-left,0,58.5,1.4,No information,No information,52,No information,3084,49.9,31.9,41.5,0,41.5,98.6,39,2316,shot
lukas-haraslin,https://www.sofascore.com/belgium-slovakia/XTbsrUb#id:11873978,slovakia,miss,No information,assisted,19.3,31.1,0,right-foot,right,0,37.5,38.9,No information,No information,47,No information,2801,31.1,19.3,62.5,0,62.5,61.1,44,2599,shot
juraj-kucka,https://www.sofascore.com/belgium-slovakia/XTbsrUb#id:11873978,slovakia,miss,No information,corner,3.5,61.1,0,head,high-right,0,39.7,68.1,No information,No information,45,3,2842,61.1,3.5,60.3,0,60.3,31.9,1,2558,shot
lukas-haraslin,https://www.sofascore.com/belgium-slovakia/XTbsrUb#id:11873978,slovakia,save,No information,assisted,15.1,47.3,0,right-foot,high-right,0,45.8,25.9,No information,No information,40,No information,2358,47.3,15.1,54.2,0,54.2,74.1,6,342,shot
amadou-onana,https://www.sofascore.com/belgium-slovakia/XTbsrUb#id:11873978,belgium,save,No information,corner,9.4,52.3,0,head,low-centre,0,50,19.6,No information,No information,36,No information,2115,52.3,9.4,50,0,50,80.4,10,585,shot
leandro-trossard,https://www.sofascore.com/belgium-slovakia/XTbsrUb#id:11873978,belgium,block,No information,regular,20.4,38.9,0,right-foot,low-centre,0,49.9,19,No information,No information,32,No information,1917,38.9,20.4,50.1,0,50.1,81,14,783,shot
robert-bozenik,https://www.sofascore.com/belgium-slovakia/XTbsrUb#id:11873978,slovakia,save,No information,assisted,19.2,50,0,right-foot,low-centre,0,49.3,1.3,No information,No information,31,No information,1836,50,19.2,50.7,0,50.7,98.7,15,864,shot
robert-bozenik,https://www.sofascore.com/belgium-slovakia/XTbsrUb#id:11873978,slovakia,block,No information,regular,15.5,63.4,0,right-foot,low-right,0,48,19,No information,No information,23,No information,1353,63.4,15.5,52,0,52,81,23,1347,shot
leandro-trossard,https://www.sofascore.com/belgium-slovakia/XTbsrUb#id:11873978,belgium,miss,No information,regular,26.5,31.9,0,right-foot,high,0,49.4,61.1,No information,No information,21,No information,1205,31.9,26.5,50.6,0,50.6,38.9,25,1495,shot
jeremy-doku,https://www.sofascore.com/belgium-slovakia/XTbsrUb#id:11873978,belgium,block,No information,assisted,12.1,74.8,0,left-foot,low-centre,0,51,19,No information,No information,16,No information,901,74.8,12.1,49,0,49,81,30,1799,shot
ivan-schranz,https://www.sofascore.com/belgium-slovakia/XTbsrUb#id:11873978,slovakia,goal,regular,regular,2.9,34,0,right-foot,low-right,0,47.8,3.8,No information,No information,7,No information,365,34,2.9,52.2,0,52.2,96.2,39,2335,shot
juraj-kucka,https://www.sofascore.com/belgium-slovakia/XTbsrUb#id:11873978,slovakia,save,No information,assisted,12.5,44.2,0,right-foot,low-left,0,52.5,18.4,No information,No information,7,No information,363,44.2,12.5,47.5,0,47.5,81.6,39,2337,shot
romelu-lukaku,https://www.sofascore.com/belgium-slovakia/XTbsrUb#id:11873978,belgium,save,No information,assisted,6,47.7,0,right-foot,low-centre,0,51.5,17.1,No information,No information,3,No information,133,47.7,6,48.5,0,48.5,82.9,43,2567,shot
kevin-de-bruyne,https://www.sofascore.com/belgium-slovakia/XTbsrUb#id:11873978,belgium,miss,No information,assisted,10.5,52.8,0,left-foot,left,0,65.7,5.6,No information,No information,3,No information,132,52.8,10.5,34.3,0,34.3,94.4,43,2568,shot

lukas-haraslin,https://www.sofascore.com/azerbaijan-slovakia/XTbsRUb#id:10023422,slovakia,save,No information,regular,12.4,38.2,0,left-foot,low-centre,0,49.4,3.8,No information,No information,83,No information,4947,38.2,12.4,50.6,0,50.6,96.2,8,453,shot
vladimir-weiss,https://www.sofascore.com/azerbaijan-slovakia/XTbsRUb#id:10023422,slovakia,goal,regular,assisted,14.5,36.2,0,right-foot,high-right,0,46.5,24.1,No information,No information,81,No information,4808,36.2,14.5,53.5,0,53.5,75.9,10,592,shot
lukas-haraslin,https://www.sofascore.com/azerbaijan-slovakia/XTbsRUb#id:10023422,slovakia,miss,No information,assisted,19.8,65.5,0,left-foot,close-left,0,59.2,13.9,No information,No information,76,No information,4516,65.5,19.8,40.8,0,40.8,86.1,15,884,shot
albert-rusnak,https://www.sofascore.com/azerbaijan-slovakia/XTbsRUb#id:10023422,slovakia,save,No information,assisted,15.8,35.3,0,right-foot,low-centre,0,49.1,3.2,No information,No information,60,No information,3579,35.3,15.8,50.9,0,50.9,96.8,31,1821,shot
david-strelec,https://www.sofascore.com/azerbaijan-slovakia/XTbsRUb#id:10023422,slovakia,block,No information,fast-break,23.1,48.8,0,left-foot,low-right,0,47.7,19,No information,No information,60,No information,3565,48.8,23.1,52.3,0,52.3,81,31,1835,shot
peter-pekarik,https://www.sofascore.com/azerbaijan-slovakia/XTbsRUb#id:10023422,slovakia,block,No information,set-piece,22.1,61.2,0,right-foot,low-centre,0,50.5,19,No information,No information,59,No information,3501,61.2,22.1,49.5,0,49.5,81,32,1899,shot
ramil-sheydaev,https://www.sofascore.com/azerbaijan-slovakia/XTbsRUb#id:10023422,azerbaijan,block,No information,assisted,19.8,70.4,0,left-foot,low-left,0,51.9,19,No information,No information,44,No information,2618,70.4,19.8,48.1,0,48.1,81,2,82,shot
patrik-hrosovsky,https://www.sofascore.com/azerbaijan-slovakia/XTbsRUb#id:10023422,slovakia,miss,No information,corner,15.8,54.8,0,right-foot,high-right,0,37.6,81.9,No information,No information,39,No information,2339,54.8,15.8,62.4,0,62.4,18.1,7,361,shot
lukas-haraslin,https://www.sofascore.com/azerbaijan-slovakia/XTbsRUb#id:10023422,slovakia,block,No information,assisted,5.1,28.1,0,left-foot,low-left,0,53.2,19,No information,No information,39,No information,2305,28.1,5.1,46.8,0,46.8,81,7,395,shot
lukas-haraslin,https://www.sofascore.com/azerbaijan-slovakia/XTbsRUb#id:10023422,slovakia,miss,No information,corner,1.7,30.8,0,right-foot,close-left,0,59,16.7,No information,No information,38,No information,2237,30.8,1.7,41,0,41,83.3,8,463,shot
lukas-haraslin,https://www.sofascore.com/azerbaijan-slovakia/XTbsRUb#id:10023422,slovakia,save,No information,assisted,11.5,31.1,0,right-foot,low-centre,0,49.4,1.3,No information,No information,37,No information,2208,31.1,11.5,50.6,0,50.6,98.7,9,492,shot
renat-dadasov,https://www.sofascore.com/azerbaijan-slovakia/XTbsRUb#id:10023422,azerbaijan,save,No information,corner,7.7,50.9,0,right-foot,low-centre,0,49.6,11.4,No information,No information,28,No information,1675,50.9,7.7,50.4,0,50.4,88.6,18,1025,shot
emin-makhmudov,https://www.sofascore.com/azerbaijan-slovakia/XTbsRUb#id:10023422,azerbaijan,block,No information,assisted,9,44.7,0,right-foot,low-left,0,52.5,19,No information,No information,25,No information,1471,44.7,9,47.5,0,47.5,81,21,1229,shot
david-strelec,https://www.sofascore.com/azerbaijan-slovakia/XTbsRUb#id:10023422,slovakia,post,No information,corner,7.6,41.5,0,head,high,0,53.5,39.9,No information,No information,21,No information,1218,41.5,7.6,46.5,0,46.5,60.1,25,1482,shot
tomas-suslov,https://www.sofascore.com/azerbaijan-slovakia/XTbsRUb#id:10023422,slovakia,save,No information,assisted,20.2,67.2,0,left-foot,low-centre,0,49.3,7,No information,No information,19,No information,1084,67.2,20.2,50.7,0,50.7,93,27,1616,shot
albert-rusnak,https://www.sofascore.com/azerbaijan-slovakia/XTbsRUb#id:10023422,slovakia,miss,No information,free-kick,25.6,44.8,0,right-foot,close-high-left,0,56.8,56.9,No information,No information,15,No information,866,44.8,25.6,43.2,0,43.2,43.1,31,1834,shot
patrik-hrosovsky,https://www.sofascore.com/azerbaijan-slovakia/XTbsRUb#id:10023422,slovakia,save,No information,assisted,28.8,47,0,right-foot,low-left,0,53.9,10.8,No information,No information,9,No information,498,47,28.8,46.1,0,46.1,89.2,37,2202,shot
vernon-de-marco,https://www.sofascore.com/azerbaijan-slovakia/XTbsRUb#id:10023422,slovakia,block,No information,assisted,25.1,23.9,0,left-foot,low-centre,0,51.6,19,No information,No information,5,No information,290,23.9,25.1,48.4,0,48.4,81,41,2410,shot
tomas-suslov,https://www.sofascore.com/azerbaijan-slovakia/XTbsRUb#id:10023422,slovakia,miss,No information,assisted,12.5,64.1,0,left-foot,close-right,0,41.8,31.9,No information,No information,2,No information,94,64.1,12.5,58.2,0,58.2,68.1,44,2606,shot

ondrej-duda,https://www.sofascore.com/slovakia-slovenia/JObsXTb#id:9223849,slovakia,block,No information,assisted,14.6,66.9,0,right-foot,low-centre,0,48.6,19,No information,No information,90,2,5488,66.9,14.6,51.4,0,51.4,81,1,812,shot
robert-mak,https://www.sofascore.com/slovakia-slovenia/JObsXTb#id:9223849,slovakia,save,No information,assisted,12.5,34,0,right-foot,low-centre,0,50.7,0.6,No information,No information,87,No information,5198,34,12.5,49.3,0,49.3,99.4,4,202,shot
andraz-sporar,https://www.sofascore.com/slovakia-slovenia/JObsXTb#id:9223849,slovenia,save,No information,assisted,8.2,54.9,0,head,high-centre,0,51.8,20.9,No information,No information,86,No information,5118,54.9,8.2,48.2,0,48.2,79.1,5,282,shot
domen-crnigoj,https://www.sofascore.com/slovakia-slovenia/JObsXTb#id:9223849,slovenia,miss,No information,assisted,19.4,30.1,0,right-foot,high-right,0,44,83.3,No information,No information,75,No information,4493,30.1,19.4,56,0,56,16.7,16,907,shot
sandi-lovric,https://www.sofascore.com/slovakia-slovenia/JObsXTb#id:9223849,slovenia,save,No information,assisted,18.9,63.7,0,right-foot,low-right,0,46.1,1.9,No information,No information,74,No information,4422,63.7,18.9,53.9,0,53.9,98.1,17,978,shot
milan-skriniar,https://www.sofascore.com/slovakia-slovenia/JObsXTb#id:9223849,slovakia,miss,No information,set-piece,8.3,47,0,head,close-high,0,49.4,58.3,No information,No information,67,No information,4005,47,8.3,50.6,0,50.6,41.7,24,1395,shot
peter-pekarik,https://www.sofascore.com/slovakia-slovenia/JObsXTb#id:9223849,slovakia,miss,No information,corner,25.8,43.7,0,left-foot,right,0,32.9,1.4,No information,No information,64,No information,3780,43.7,25.8,67.1,0,67.1,98.6,27,1620,shot
sandi-lovric,https://www.sofascore.com/slovakia-slovenia/JObsXTb#id:9223849,slovenia,miss,No information,assisted,8.2,73.2,0,right-foot,close-right,0,43.5,31.9,No information,No information,59,No information,3514,73.2,8.2,56.5,0,56.5,68.1,32,1886,shot
juraj-kucka,https://www.sofascore.com/slovakia-slovenia/JObsXTb#id:9223849,slovakia,miss,No information,regular,32.2,59.8,0,right-foot,high-right,0,37.3,72.2,No information,No information,56,No information,3322,59.8,32.2,62.7,0,62.7,27.8,35,2078,shot
juraj-kucka,https://www.sofascore.com/slovakia-slovenia/JObsXTb#id:9223849,slovakia,miss,No information,assisted,25.4,63.2,0,right-foot,left,0,61.7,2.8,No information,No information,50,No information,2992,63.2,25.4,38.3,0,38.3,97.2,41,2408,shot
juraj-kucka,https://www.sofascore.com/slovakia-slovenia/JObsXTb#id:9223849,slovakia,post,No information,corner,6.1,39.6,0,head,high,0,50.5,38.6,No information,No information,48,No information,2857,39.6,6.1,49.5,0,49.5,61.4,43,2543,shot
leo-stulac,https://www.sofascore.com/slovakia-slovenia/JObsXTb#id:9223849,slovenia,save,No information,assisted,30.4,66.9,0,right-foot,low-centre,0,51.3,17.1,No information,No information,45,No information,2656,66.9,30.4,48.7,0,48.7,82.9,1,44,shot
petar-stojanovic,https://www.sofascore.com/slovakia-slovenia/JObsXTb#id:9223849,slovenia,goal,regular,assisted,8.7,60.7,0,right-foot,high-right,0,46.7,21.5,No information,No information,42,No information,2513,60.7,8.7,53.3,0,53.3,78.5,4,187,shot
sandi-lovric,https://www.sofascore.com/slovakia-slovenia/JObsXTb#id:9223849,slovenia,save,No information,assisted,6,69.3,0,right-foot,low-centre,0,50.6,5.1,No information,No information,41,No information,2427,69.3,6,49.4,0,49.4,94.9,5,273,shot
miha-zajc,https://www.sofascore.com/slovakia-slovenia/JObsXTb#id:9223849,slovenia,block,No information,assisted,13.4,26.8,0,right-foot,low-right,0,47.7,19,No information,No information,38,No information,2222,26.8,13.4,52.3,0,52.3,81,8,478,shot
ivan-schranz,https://www.sofascore.com/slovakia-slovenia/JObsXTb#id:9223849,slovakia,post,No information,assisted,7.1,60.4,0,right-foot,right,0,44.7,23.4,No information,No information,37,No information,2196,60.4,7.1,55.3,0,55.3,76.6,9,504,shot
robert-bozenik,https://www.sofascore.com/slovakia-slovenia/JObsXTb#id:9223849,slovakia,goal,regular,assisted,9.3,42.6,0,head,low-left,0,53.1,12,No information,No information,32,No information,1893,42.6,9.3,46.9,0,46.9,88,14,807,shot
stanislav-lobotka,https://www.sofascore.com/slovakia-slovenia/JObsXTb#id:9223849,slovakia,miss,No information,regular,26.1,42.1,0,right-foot,high,0,46.1,75,No information,No information,31,No information,1815,42.1,26.1,53.9,0,53.9,25,15,885,shot
juraj-kucka,https://www.sofascore.com/slovakia-slovenia/JObsXTb#id:9223849,slovakia,miss,No information,assisted,27.2,63.1,0,right-foot,left,0,59.7,12.5,No information,No information,29,No information,1716,63.1,27.2,40.3,0,40.3,87.5,17,984,shot
sandi-lovric,https://www.sofascore.com/slovakia-slovenia/JObsXTb#id:9223849,slovenia,miss,No information,free-kick,19.8,28.4,0,right-foot,high,0,50.4,73.6,No information,No information,19,No information,1098,28.4,19.8,49.6,0,49.6,26.4,27,1602,shot

adam-zreak,https://www.sofascore.com/slovakia-bosnia-and-herzegovina/EObsXTb#id:10752397,slovakia,block,No information,fast-break,8.3,30.5,0,left-foot,low-left,0,54.7,19,No information,No information,88,No information,5221,30.5,8.3,45.3,0,45.3,81,3,179,shot
tomas-suslov,https://www.sofascore.com/slovakia-bosnia-and-herzegovina/EObsXTb#id:10752397,slovakia,block,No information,assisted,13.7,68.6,0,left-foot,low-centre,0,50.5,19,No information,No information,86,No information,5156,68.6,13.7,49.5,0,49.5,81,5,244,shot
juraj-kucka,https://www.sofascore.com/slovakia-bosnia-and-herzegovina/EObsXTb#id:10752397,slovakia,block,No information,regular,22.6,60,0,right-foot,low-left,0,54.3,19,No information,No information,84,No information,5023,60,22.6,45.7,0,45.7,81,7,377,shot
tomas-suslov,https://www.sofascore.com/slovakia-bosnia-and-herzegovina/EObsXTb#id:10752397,slovakia,miss,No information,assisted,4.4,56.3,0,right-foot,right,0,38.7,2.8,No information,No information,76,No information,4515,56.3,4.4,61.3,0,61.3,97.2,15,885,shot
peter-pekarik,https://www.sofascore.com/slovakia-bosnia-and-herzegovina/EObsXTb#id:10752397,slovakia,save,No information,assisted,24.9,71.6,0,right-foot,high-left,0,53.3,25.3,No information,No information,73,No information,4331,71.6,24.9,46.7,0,46.7,74.7,18,1069,shot
ermedin-demirovic,https://www.sofascore.com/slovakia-bosnia-and-herzegovina/EObsXTb#id:10752397,bosnia & herzegovina,block,No information,assisted,6.8,55.1,0,right-foot,low-centre,0,50,19,No information,No information,71,No information,4216,55.1,6.8,50,0,50,81,20,1184,shot
ermedin-demirovic,https://www.sofascore.com/slovakia-bosnia-and-herzegovina/EObsXTb#id:10752397,bosnia & herzegovina,miss,No information,assisted,6.3,49.7,0,head,left,0,68.4,33.3,No information,No information,66,No information,3917,49.7,6.3,31.6,0,31.6,66.7,25,1483,shot
ermedin-demirovic,https://www.sofascore.com/slovakia-bosnia-and-herzegovina/EObsXTb#id:10752397,bosnia & herzegovina,miss,No information,assisted,5.7,71.1,0,right-foot,high,0,46.6,90.3,No information,No information,62,No information,3704,71.1,5.7,53.4,0,53.4,9.7,29,1696,shot
ondrej-duda,https://www.sofascore.com/slovakia-bosnia-and-herzegovina/EObsXTb#id:10752397,slovakia,miss,No information,assisted,18.9,34.5,0,left-foot,high,0,52.6,72.2,No information,No information,59,No information,3488,34.5,18.9,47.4,0,47.4,27.8,32,1912,shot
lukas-haraslin,https://www.sofascore.com/slovakia-bosnia-and-herzegovina/EObsXTb#id:10752397,slovakia,miss,No information,assisted,22.6,29.2,0,right-foot,high-right,0,37.6,59.7,No information,No information,57,No information,3361,29.2,22.6,62.4,0,62.4,40.3,34,2039,shot
smail-prevljak,https://www.sofascore.com/slovakia-bosnia-and-herzegovina/EObsXTb#id:10752397,bosnia & herzegovina,miss,No information,assisted,8.8,45.1,0,head,left,0,65.9,18.1,No information,No information,55,No information,3275,45.1,8.8,34.1,0,34.1,81.9,36,2125,shot
ermedin-demirovic,https://www.sofascore.com/slovakia-bosnia-and-herzegovina/EObsXTb#id:10752397,bosnia & herzegovina,block,No information,assisted,9,31.2,0,left-foot,low-centre,0,50,19,No information,No information,52,No information,3083,31.2,9,50,0,50,81,39,2317,shot
peter-pekarik,https://www.sofascore.com/slovakia-bosnia-and-herzegovina/EObsXTb#id:10752397,slovakia,block,No information,assisted,14.8,74.4,0,right-foot,low-centre,0,50.6,19,No information,No information,49,No information,2938,74.4,14.8,49.4,0,49.4,81,42,2462,shot
smail-prevljak,https://www.sofascore.com/slovakia-bosnia-and-herzegovina/EObsXTb#id:10752397,bosnia & herzegovina,save,No information,assisted,14.6,44.3,0,left-foot,low-left,0,53.3,3.8,No information,No information,48,No information,2825,44.3,14.6,46.7,0,46.7,96.2,43,2575,shot
peter-pekarik,https://www.sofascore.com/slovakia-bosnia-and-herzegovina/EObsXTb#id:10752397,slovakia,miss,No information,corner,23.8,55.8,0,left-foot,high-left,0,57.6,83.3,No information,No information,44,No information,2593,55.8,23.8,42.4,0,42.4,16.7,2,107,shot
lukas-haraslin,https://www.sofascore.com/slovakia-bosnia-and-herzegovina/EObsXTb#id:10752397,slovakia,goal,regular,regular,15,44.5,0,right-foot,low-right,0,46.4,5.1,No information,No information,40,No information,2376,44.5,15,53.6,0,53.6,94.9,6,324,shot
juraj-kucka,https://www.sofascore.com/slovakia-bosnia-and-herzegovina/EObsXTb#id:10752397,slovakia,save,No information,assisted,9.2,60.2,0,right-foot,low-right,0,48.1,3.2,No information,No information,39,No information,2290,60.2,9.2,51.9,0,51.9,96.8,7,410,shot
robert-polievka,https://www.sofascore.com/slovakia-bosnia-and-herzegovina/EObsXTb#id:10752397,slovakia,miss,No information,assisted,13.7,59,0,right-foot,high-right,0,29.2,68.1,No information,No information,31,No information,1814,59,13.7,70.8,0,70.8,31.9,15,886,shot
robert-mak,https://www.sofascore.com/slovakia-bosnia-and-herzegovina/EObsXTb#id:10752397,slovakia,goal,regular,set-piece,21.3,44.2,0,right-foot,low-left,0,52.7,4.4,No information,No information,13,No information,737,44.2,21.3,47.3,0,47.3,95.6,33,1963,shot
david-hancko,https://www.sofascore.com/slovakia-bosnia-and-herzegovina/EObsXTb#id:10752397,slovakia,miss,No information,free-kick,27.3,60,0,left-foot,close-high,0,47.2,55.6,No information,No information,4,No information,220,60,27.3,52.8,0,52.8,44.4,42,2480,shot

pavol-safranko,https://www.sofascore.com/slovakia-scotland/VTbsXTb#id:8600791,slovakia,miss,No information,regular,21.5,50.7,0,left-foot,high-left,0,59.2,65.3,No information,No information,88,No information,5275,50.7,21.5,40.8,0,40.8,34.7,3,125,shot
oliver-mcburnie,https://www.sofascore.com/slovakia-scotland/VTbsXTb#id:8600791,scotland,post,No information,assisted,10.1,51.8,0,head,high,0,48.7,39.2,No information,No information,79,No information,4730,51.8,10.1,51.3,0,51.3,60.8,12,670,shot
pavol-safranko,https://www.sofascore.com/slovakia-scotland/VTbsXTb#id:8600791,slovakia,block,No information,regular,15.2,63.1,0,right-foot,low-centre,0,51.5,19,No information,No information,77,No information,4598,63.1,15.2,48.5,0,48.5,81,14,802,shot
oliver-mcburnie,https://www.sofascore.com/slovakia-scotland/VTbsXTb#id:8600791,scotland,block,No information,assisted,18.2,43.9,0,right-foot,low-centre,0,51.8,19,No information,No information,74,No information,4416,43.9,18.2,48.2,0,48.2,81,17,984,shot
lyndon-dykes,https://www.sofascore.com/slovakia-scotland/VTbsXTb#id:8600791,scotland,miss,No information,assisted,11.4,56.1,0,right-foot,left,0,78.3,6.9,No information,No information,70,No information,4171,56.1,11.4,21.7,0,21.7,93.1,21,1229,shot
ivan-schranz,https://www.sofascore.com/slovakia-scotland/VTbsXTb#id:8600791,slovakia,miss,No information,assisted,20.8,61.6,0,left-foot,high-left,0,59.5,93.1,No information,No information,61,No information,3608,61.6,20.8,40.5,0,40.5,6.9,30,1792,shot
jan-gregus,https://www.sofascore.com/slovakia-scotland/VTbsXTb#id:8600791,slovakia,save,No information,corner,9.3,56.1,0,left-foot,low-centre,0,50.1,3.2,No information,No information,60,No information,3581,56.1,9.3,49.9,0,49.9,96.8,31,1819,shot
lyndon-dykes,https://www.sofascore.com/slovakia-scotland/VTbsXTb#id:8600791,scotland,goal,regular,assisted,6.4,45.8,0,left-foot,low-centre,0,51.3,1.9,No information,No information,54,No information,3231,45.8,6.4,48.7,0,48.7,98.1,37,2169,shot
john-mcginn,https://www.sofascore.com/slovakia-scotland/VTbsXTb#id:8600791,scotland,miss,No information,assisted,27.5,58.2,0,left-foot,right,0,39.8,1.4,No information,No information,48,No information,2879,58.2,27.5,60.2,0,60.2,98.6,43,2521,shot
jan-gregus,https://www.sofascore.com/slovakia-scotland/VTbsXTb#id:8600791,slovakia,save,No information,regular,20.2,64.8,0,right-foot,low-left,0,54.2,19.6,No information,No information,46,No information,2738,64.8,20.2,45.8,0,45.8,80.4,45,2662,shot
marek-hamsik,https://www.sofascore.com/slovakia-scotland/VTbsXTb#id:8600791,slovakia,block,No information,regular,22.6,28,0,right-foot,low-left,0,53.2,19,No information,No information,46,No information,2724,28,22.6,46.8,0,46.8,81,45,2676,shot
declan-gallagher,https://www.sofascore.com/slovakia-scotland/VTbsXTb#id:8600791,scotland,miss,No information,corner,4.6,49.3,0,head,right,0,31.8,5.6,No information,No information,41,No information,2422,49.3,4.6,68.2,0,68.2,94.4,5,278,shot
lyndon-dykes,https://www.sofascore.com/slovakia-scotland/VTbsXTb#id:8600791,scotland,block,No information,assisted,10.7,33.6,0,left-foot,low-centre,0,51.5,19,No information,No information,40,No information,2386,33.6,10.7,48.5,0,48.5,81,6,314,shot
ryan-fraser,https://www.sofascore.com/slovakia-scotland/VTbsXTb#id:8600791,scotland,block,No information,free-kick,23.6,30.3,0,right-foot,low-centre,0,49.1,19,No information,No information,38,No information,2230,30.3,23.6,50.9,0,50.9,81,8,470,shot
stephen-odonnell,https://www.sofascore.com/slovakia-scotland/VTbsXTb#id:8600791,scotland,miss,No information,regular,16.9,55.3,0,left-foot,right,0,40.5,4.2,No information,No information,36,No information,2115,55.3,16.9,59.5,0,59.5,95.8,10,585,shot
lukas-haraslin,https://www.sofascore.com/slovakia-scotland/VTbsXTb#id:8600791,slovakia,block,No information,assisted,20.2,38.4,0,right-foot,low-left,0,54,19,No information,No information,35,No information,2052,38.4,20.2,46,0,46,81,11,648,shot
robert-bozenik,https://www.sofascore.com/slovakia-scotland/VTbsXTb#id:8600791,slovakia,miss,No information,assisted,7.5,65.7,0,right-foot,close-right,0,41.2,15.3,No information,No information,32,No information,1913,65.7,7.5,58.8,0,58.8,84.7,14,787,shot
scott-mctominay,https://www.sofascore.com/slovakia-scotland/VTbsXTb#id:8600791,scotland,miss,No information,assisted,28.1,61.7,0,right-foot,left,0,66.6,2.8,No information,No information,28,No information,1634,61.7,28.1,33.4,0,33.4,97.2,18,1066,shot
kenny-mclean,https://www.sofascore.com/slovakia-scotland/VTbsXTb#id:8600791,scotland,miss,No information,regular,30.6,30.6,0,left-foot,high-left,0,59,73.6,No information,No information,22,No information,1275,30.6,30.6,41,0,41,26.4,24,1425,shot
martin-valjent,https://www.sofascore.com/slovakia-scotland/VTbsXTb#id:8600791,slovakia,miss,No information,corner,7.1,49.7,0,head,left,0,60.5,12.5,No information,No information,14,No information,799,49.7,7.1,39.5,0,39.5,87.5,32,1901,shot

erik-jirka,https://www.sofascore.com/slovakia-bosnia-and-herzegovina/EObsXTb#id:10752584,slovakia,miss,No information,assisted,0.3,61.8,0,right-foot,close-right,0,42.4,22.2,No information,No information,90,1,5403,61.8,0.3,57.6,0,57.6,77.8,1,897,shot
erik-jirka,https://www.sofascore.com/slovakia-bosnia-and-herzegovina/EObsXTb#id:10752584,slovakia,block,No information,fast-break,9.1,71.5,0,right-foot,low-right,0,47.3,19,No information,No information,89,No information,5326,71.5,9.1,52.7,0,52.7,81,2,74,shot
nihad-mujakic,https://www.sofascore.com/slovakia-bosnia-and-herzegovina/EObsXTb#id:10752584,bosnia & herzegovina,miss,No information,set-piece,10.6,54.3,0,right-foot,left,0,62.5,6.9,No information,No information,79,No information,4723,54.3,10.6,37.5,0,37.5,93.1,12,677,shot
nemanja-bilbija,https://www.sofascore.com/slovakia-bosnia-and-herzegovina/EObsXTb#id:10752584,bosnia & herzegovina,miss,No information,set-piece,15,45.4,0,head,left,0,66.2,18.1,No information,No information,76,No information,4522,45.4,15,33.8,0,33.8,81.9,15,878,shot
ubomir-satka,https://www.sofascore.com/slovakia-bosnia-and-herzegovina/EObsXTb#id:10752584,slovakia,goal,regular,corner,3.4,60.2,0,right-foot,low-right,0,47.8,11.4,No information,No information,71,No information,4205,60.2,3.4,52.2,0,52.2,88.6,20,1195,shot
robert-bozenik,https://www.sofascore.com/slovakia-bosnia-and-herzegovina/EObsXTb#id:10752584,slovakia,save,No information,assisted,3.1,45.6,0,right-foot,low-centre,0,51.6,12,No information,No information,70,No information,4172,45.6,3.1,48.4,0,48.4,88,21,1228,shot
said-hamulic,https://www.sofascore.com/slovakia-bosnia-and-herzegovina/EObsXTb#id:10752584,bosnia & herzegovina,block,No information,assisted,12.2,45.4,0,left-foot,low-left,0,52.2,19,No information,No information,62,No information,3664,45.4,12.2,47.8,0,47.8,81,29,1736,shot
ermedin-demirovic,https://www.sofascore.com/slovakia-bosnia-and-herzegovina/EObsXTb#id:10752584,bosnia & herzegovina,save,No information,regular,21.6,59.6,0,right-foot,low-left,0,53,13.3,No information,No information,60,No information,3594,59.6,21.6,47,0,47,86.7,31,1806,shot
robert-bozenik,https://www.sofascore.com/slovakia-bosnia-and-herzegovina/EObsXTb#id:10752584,slovakia,goal,regular,corner,5.2,49,0,right-foot,low-centre,0,48.7,8.9,No information,No information,52,No information,3065,49,5.2,51.3,0,51.3,91.1,39,2335,shot
robert-bozenik,https://www.sofascore.com/slovakia-bosnia-and-herzegovina/EObsXTb#id:10752584,slovakia,block,No information,corner,3,58.8,0,right-foot,low-right,0,46.4,19,No information,No information,51,No information,3032,58.8,3,53.6,0,53.6,81,40,2368,shot
patrik-hrosovsky,https://www.sofascore.com/slovakia-bosnia-and-herzegovina/EObsXTb#id:10752584,bosnia & herzegovina,goal,own,fast-break,4.3,49.2,0,right-foot,low-centre,0,50.9,8.9,No information,No information,49,No information,2917,49.2,4.3,49.1,0,49.1,91.1,42,2483,shot
haris-hajradinovic,https://www.sofascore.com/slovakia-bosnia-and-herzegovina/EObsXTb#id:10752584,bosnia & herzegovina,save,No information,assisted,21.4,70.9,0,left-foot,low-right,0,46.6,8.3,No information,No information,41,No information,2435,70.9,21.4,53.4,0,53.4,91.7,5,265,shot
milan-skriniar,https://www.sofascore.com/slovakia-bosnia-and-herzegovina/EObsXTb#id:10752584,slovakia,miss,No information,corner,9.1,45.8,0,head,high,0,47.2,76.4,No information,No information,29,No information,1724,45.8,9.1,52.8,0,52.8,23.6,17,976,shot
tomas-suslov,https://www.sofascore.com/slovakia-bosnia-and-herzegovina/EObsXTb#id:10752584,slovakia,miss,No information,regular,13.5,67.8,0,right-foot,close-right,0,42.2,18.1,No information,No information,24,No information,1401,67.8,13.5,57.8,0,57.8,81.9,22,1299,shot
tomas-suslov,https://www.sofascore.com/slovakia-bosnia-and-herzegovina/EObsXTb#id:10752584,slovakia,miss,No information,assisted,28,62.9,0,left-foot,left,0,59.7,36.1,No information,No information,18,No information,1049,62.9,28,40.3,0,40.3,63.9,28,1651,shot
milan-skriniar,https://www.sofascore.com/slovakia-bosnia-and-herzegovina/EObsXTb#id:10752584,slovakia,miss,No information,corner,10.7,46.8,0,head,close-high,0,52.3,59.7,No information,No information,6,No information,331,46.8,10.7,47.7,0,47.7,40.3,40,2369,shot

diogo-jota,https://www.sofascore.com/portugal-slovakia/XTbseUb#id:10752521,portugal,miss,No information,assisted,14.1,50.5,0,right-foot,close-left,0,56.6,22.2,No information,No information,90,5,5686,50.5,14.1,43.4,0,43.4,77.8,1,614,shot
diogo-jota,https://www.sofascore.com/portugal-slovakia/XTbseUb#id:10752521,portugal,save,No information,assisted,8.9,41,0,left-foot,low-centre,0,49.6,5.1,No information,No information,90,1,5459,41,8.9,50.4,0,50.4,94.9,1,841,shot
diogo-jota,https://www.sofascore.com/portugal-slovakia/XTbseUb#id:10752521,portugal,save,No information,regular,8,60.6,0,right-foot,low-centre,0,49.7,15.2,No information,No information,90,No information,5399,60.6,8,50.3,0,50.3,84.8,1,1,shot
joao-felix,https://www.sofascore.com/portugal-slovakia/XTbseUb#id:10752521,portugal,save,No information,assisted,10,47.9,0,right-foot,low-right,0,48.1,3.2,No information,No information,90,No information,5397,47.9,10,51.9,0,51.9,96.8,1,3,shot
stanislav-lobotka,https://www.sofascore.com/portugal-slovakia/XTbseUb#id:10752521,slovakia,goal,regular,assisted,27.5,44.1,0,right-foot,high-right,0,46.1,22.2,No information,No information,80,No information,4767,44.1,27.5,53.9,0,53.9,77.8,11,633,shot
joao-felix,https://www.sofascore.com/portugal-slovakia/XTbseUb#id:10752521,portugal,miss,No information,regular,23.2,52.1,0,right-foot,close-high-right,0,42,52.8,No information,No information,79,No information,4720,52.1,23.2,58,0,58,47.2,12,680,shot
bruno-fernandes,https://www.sofascore.com/portugal-slovakia/XTbseUb#id:10752521,portugal,save,No information,assisted,19.1,52.1,0,right-foot,low-centre,0,49.6,3.8,No information,No information,78,No information,4635,52.1,19.1,50.4,0,50.4,96.2,13,765,shot
tomas-suslov,https://www.sofascore.com/portugal-slovakia/XTbseUb#id:10752521,slovakia,miss,No information,assisted,24.4,28.3,0,left-foot,close-high-left,0,59.2,47.2,No information,No information,77,No information,4586,28.3,24.4,40.8,0,40.8,52.8,14,814,shot
cristiano-ronaldo,https://www.sofascore.com/portugal-slovakia/XTbseUb#id:10752521,portugal,goal,regular,assisted,3.1,47.4,0,right-foot,low-centre,0,51,1.9,No information,No information,72,No information,4296,47.4,3.1,49,0,49,98.1,19,1104,shot
robert-polievka,https://www.sofascore.com/portugal-slovakia/XTbseUb#id:10752521,slovakia,block,No information,assisted,21.2,57.6,0,right-foot,low-centre,0,50.7,19,No information,No information,71,No information,4216,57.6,21.2,49.3,0,49.3,81,20,1184,shot
ivan-schranz,https://www.sofascore.com/portugal-slovakia/XTbseUb#id:10752521,slovakia,miss,No information,assisted,23.1,69.7,0,left-foot,right,0,40.3,1.4,No information,No information,70,No information,4160,69.7,23.1,59.7,0,59.7,98.6,21,1240,shot
david-hancko,https://www.sofascore.com/portugal-slovakia/XTbseUb#id:10752521,slovakia,goal,regular,assisted,27.8,37.7,0,left-foot,low-left,0,53.8,5.1,No information,No information,69,No information,4100,37.7,27.8,46.2,0,46.2,94.9,22,1300,shot
joao-cancelo,https://www.sofascore.com/portugal-slovakia/XTbseUb#id:10752521,portugal,miss,No information,fast-break,19.7,60.8,0,right-foot,close-high,0,50.4,48.6,No information,No information,68,No information,4052,60.8,19.7,49.6,0,49.6,51.4,23,1348,shot
david-hancko,https://www.sofascore.com/portugal-slovakia/XTbseUb#id:10752521,slovakia,save,No information,assisted,15.7,32.8,0,left-foot,low-left,0,52.4,12,No information,No information,62,No information,3690,32.8,15.7,47.6,0,47.6,88,29,1710,shot
tomas-suslov,https://www.sofascore.com/portugal-slovakia/XTbseUb#id:10752521,slovakia,miss,No information,set-piece,18.1,46,0,left-foot,high-left,0,56.1,63.9,No information,No information,58,No information,3437,46,18.1,43.9,0,43.9,36.1,33,1963,shot
tomas-suslov,https://www.sofascore.com/portugal-slovakia/XTbseUb#id:10752521,slovakia,miss,No information,corner,20.5,61.5,0,left-foot,right,0,37.1,1.4,No information,No information,55,No information,3286,61.5,20.5,62.9,0,62.9,98.6,36,2114,shot
ruben-dias,https://www.sofascore.com/portugal-slovakia/XTbseUb#id:10752521,portugal,miss,No information,corner,6.7,49.7,0,head,right,0,33.6,4.2,No information,No information,52,No information,3079,49.7,6.7,66.4,0,66.4,95.8,39,2321,shot
david-hancko,https://www.sofascore.com/portugal-slovakia/XTbseUb#id:10752521,slovakia,miss,No information,regular,28.9,22.1,0,left-foot,right,0,29.2,4.2,No information,No information,49,No information,2917,22.1,28.9,70.8,0,70.8,95.8,42,2483,shot
cristiano-ronaldo,https://www.sofascore.com/portugal-slovakia/XTbseUb#id:10752521,portugal,miss,No information,assisted,7.1,50.3,0,right-foot,close-high,0,51.3,50,No information,No information,45,2,2765,50.3,7.1,48.7,0,48.7,50,1,2635,shot
goncalo-ramos,https://www.sofascore.com/portugal-slovakia/XTbseUb#id:10752521,portugal,post,No information,fast-break,3.8,45,0,left-foot,left,0,55.5,10.8,No information,No information,43,No information,2521,45,3.8,44.5,0,44.5,89.2,3,179,shot
cristiano-ronaldo,https://www.sofascore.com/portugal-slovakia/XTbseUb#id:10752521,portugal,block,No information,fast-break,11,64.9,0,right-foot,low-centre,0,48.3,19,No information,No information,43,No information,2520,64.9,11,51.7,0,51.7,81,3,180,shot
cristiano-ronaldo,https://www.sofascore.com/portugal-slovakia/XTbseUb#id:10752521,portugal,block,No information,regular,21.3,50.7,0,left-foot,low-centre,0,49.2,19,No information,No information,40,No information,2370,50.7,21.3,50.8,0,50.8,81,6,330,shot
cristiano-ronaldo,https://www.sofascore.com/portugal-slovakia/XTbseUb#id:10752521,portugal,miss,No information,regular,10.3,51.2,0,right-foot,close-left,0,58.3,12.5,No information,No information,39,No information,2294,51.2,10.3,41.7,0,41.7,87.5,7,406,shot
bernardo-silva,https://www.sofascore.com/portugal-slovakia/XTbseUb#id:10752521,portugal,save,No information,assisted,12,57.5,0,left-foot,low-centre,0,50.3,1.9,No information,No information,39,No information,2293,57.5,12,49.7,0,49.7,98.1,7,407,shot
goncalo-ramos,https://www.sofascore.com/portugal-slovakia/XTbseUb#id:10752521,portugal,save,No information,assisted,6.1,58.2,0,right-foot,low-right,0,48,2.5,No information,No information,37,No information,2174,58.2,6.1,52,0,52,97.5,9,526,shot
cristiano-ronaldo,https://www.sofascore.com/portugal-slovakia/XTbseUb#id:10752521,portugal,goal,penalty,penalty,11.5,50,0,right-foot,low-right,0,47.4,3.2,No information,No information,29,No information,1713,50,11.5,52.6,0,52.6,96.8,17,987,shot
bruno-fernandes,https://www.sofascore.com/portugal-slovakia/XTbseUb#id:10752521,portugal,save,No information,assisted,4.6,48.1,0,head,low-centre,0,49.7,13.9,No information,No information,26,No information,1510,48.1,4.6,50.3,0,50.3,86.1,20,1190,shot
goncalo-ramos,https://www.sofascore.com/portugal-slovakia/XTbseUb#id:10752521,portugal,miss,No information,assisted,5,50.7,0,head,left,0,59.8,13.9,No information,No information,26,No information,1509,50.7,5,40.2,0,40.2,86.1,20,1191,shot
bernardo-silva,https://www.sofascore.com/portugal-slovakia/XTbseUb#id:10752521,portugal,miss,No information,corner,21.6,59.8,0,left-foot,close-right,0,42,1.4,No information,No information,23,No information,1353,59.8,21.6,58,0,58,98.6,23,1347,shot
ruben-dias,https://www.sofascore.com/portugal-slovakia/XTbseUb#id:10752521,portugal,miss,No information,corner,12.7,44.5,0,right-foot,right,0,38.5,11.1,No information,No information,23,No information,1341,44.5,12.7,61.5,0,61.5,88.9,23,1359,shot
goncalo-ramos,https://www.sofascore.com/portugal-slovakia/XTbseUb#id:10752521,portugal,goal,regular,assisted,9.3,46.8,0,head,low-centre,0,48.7,3.2,No information,No information,18,No information,1061,46.8,9.3,51.3,0,51.3,96.8,28,1639,shot
rafael-leao,https://www.sofascore.com/portugal-slovakia/XTbseUb#id:10752521,portugal,save,No information,corner,3.7,57.3,0,head,low-right,0,46.1,3.8,No information,No information,14,No information,816,57.3,3.7,53.9,0,53.9,96.2,32,1884,shot
bruno-fernandes,https://www.sofascore.com/portugal-slovakia/XTbseUb#id:10752521,portugal,save,No information,assisted,20.5,65.1,0,left-foot,high-left,0,53.2,34.2,No information,No information,14,No information,788,65.1,20.5,46.8,0,46.8,65.8,32,1912,shot
cristiano-ronaldo,https://www.sofascore.com/portugal-slovakia/XTbseUb#id:10752521,portugal,block,No information,fast-break,18.8,28.3,0,left-foot,low-centre,0,49.3,19,No information,No information,6,No information,321,28.3,18.8,50.7,0,50.7,81,40,2379,shot

willi-orban,https://www.sofascore.com/hungary-slovakia/XTbsjUb#id:8078332,hungary,save,No information,assisted,7.7,62.4,0,head,high-centre,0,49.6,21.5,No information,No information,90,5,5650,62.4,7.7,50.4,0,50.4,78.5,1,650,shot
balazs-dzsudzsak,https://www.sofascore.com/hungary-slovakia/XTbsjUb#id:8078332,hungary,save,No information,free-kick,24.8,74.2,0,left-foot,low-right,0,46.7,17.7,No information,No information,90,No information,5382,74.2,24.8,53.3,0,53.3,82.3,1,18,shot
milan-skriniar,https://www.sofascore.com/hungary-slovakia/XTbsjUb#id:8078332,slovakia,save,No information,set-piece,9.6,47.9,0,head,high-centre,0,51.4,26.6,No information,No information,89,No information,5298,47.9,9.6,48.6,0,48.6,73.4,2,102,shot
balazs-dzsudzsak,https://www.sofascore.com/hungary-slovakia/XTbsjUb#id:8078332,hungary,block,No information,assisted,25,44.3,0,left-foot,No information,No information,No information,No information,No information,No information,86,No information,5141,44.3,25,No information,No information,No information,No information,5,259,shot
albert-rusnak,https://www.sofascore.com/hungary-slovakia/XTbsjUb#id:8078332,slovakia,goal,regular,assisted,9.5,68.6,0,left-foot,low-right,0,46.5,0.6,No information,No information,84,No information,5038,68.6,9.5,53.5,0,53.5,99.4,7,362,shot
tamas-kadar,https://www.sofascore.com/hungary-slovakia/XTbsjUb#id:8078332,hungary,miss,No information,corner,5.1,66.3,0,head,high-left,0,56.3,66.7,No information,No information,83,No information,4954,66.3,5.1,43.7,0,43.7,33.3,8,446,shot
dominik-szoboszlai,https://www.sofascore.com/hungary-slovakia/XTbsjUb#id:8078332,hungary,block,No information,corner,22,23.3,0,right-foot,No information,No information,No information,No information,No information,No information,78,No information,4674,23.3,22,No information,No information,No information,No information,13,726,shot
balazs-dzsudzsak,https://www.sofascore.com/hungary-slovakia/XTbsjUb#id:8078332,hungary,miss,No information,assisted,20.1,36.1,0,left-foot,high,0,46.7,63.9,No information,No information,76,No information,4551,36.1,20.1,53.3,0,53.3,36.1,15,849,shot
marek-hamsik,https://www.sofascore.com/hungary-slovakia/XTbsjUb#id:8078332,slovakia,block,No information,regular,23.7,60,0,left-foot,No information,No information,No information,No information,No information,No information,74,No information,4431,60,23.7,No information,No information,No information,No information,17,969,shot
albert-rusnak,https://www.sofascore.com/hungary-slovakia/XTbsjUb#id:8078332,slovakia,save,No information,assisted,4.7,67.6,0,right-foot,high-left,0,52.5,21.5,No information,No information,74,No information,4427,67.6,4.7,47.5,0,47.5,78.5,17,973,shot
willi-orban,https://www.sofascore.com/hungary-slovakia/XTbsjUb#id:8078332,hungary,save,No information,assisted,14.4,41.5,0,head,low-centre,0,50.5,15.8,No information,No information,73,No information,4331,41.5,14.4,49.5,0,49.5,84.2,18,1069,shot
balazs-dzsudzsak,https://www.sofascore.com/hungary-slovakia/XTbsjUb#id:8078332,hungary,block,No information,assisted,28.6,29.5,0,left-foot,No information,No information,No information,No information,No information,No information,68,No information,4043,29.5,28.6,No information,No information,No information,No information,23,1357,shot
robert-mak,https://www.sofascore.com/hungary-slovakia/XTbsjUb#id:8078332,slovakia,save,No information,assisted,13.8,28.9,0,left-foot,high-right,0,48.1,24.1,No information,No information,66,No information,3903,28.9,13.8,51.9,0,51.9,75.9,25,1497,shot
adam-szalai,https://www.sofascore.com/hungary-slovakia/XTbsjUb#id:8078332,hungary,save,No information,assisted,19.3,46.6,0,right-foot,low-centre,0,49.8,16.5,No information,No information,62,No information,3694,46.6,19.3,50.2,0,50.2,83.5,29,1706,shot
gergo-lovrencsics,https://www.sofascore.com/hungary-slovakia/XTbsjUb#id:8078332,hungary,save,No information,regular,3.7,73.5,0,right-foot,low-centre,0,49.4,7,No information,No information,54,No information,3189,73.5,3.7,50.6,0,50.6,93,37,2211,shot
laszlo-kleinheisler,https://www.sofascore.com/hungary-slovakia/XTbsjUb#id:8078332,hungary,block,No information,assisted,27.5,50.4,0,right-foot,No information,No information,No information,No information,No information,No information,53,No information,3122,50.4,27.5,No information,No information,No information,No information,38,2278,shot
marek-hamsik,https://www.sofascore.com/hungary-slovakia/XTbsjUb#id:8078332,slovakia,save,No information,assisted,20.6,42.4,0,left-foot,low-right,0,47.2,5.1,No information,No information,45,No information,2659,42.4,20.6,52.8,0,52.8,94.9,1,41,shot
ondrej-duda,https://www.sofascore.com/hungary-slovakia/XTbsjUb#id:8078332,slovakia,goal,regular,assisted,4.4,52.2,0,left-foot,low-left,0,53.6,1.9,No information,No information,42,No information,2516,52.2,4.4,46.4,0,46.4,98.1,4,184,shot
laszlo-kleinheisler,https://www.sofascore.com/hungary-slovakia/XTbsjUb#id:8078332,hungary,block,No information,assisted,25.6,35.1,0,left-foot,No information,No information,No information,No information,No information,No information,42,No information,2461,35.1,25.6,No information,No information,No information,No information,4,239,shot
istvan-kovacs,https://www.sofascore.com/hungary-slovakia/XTbsjUb#id:8078332,hungary,block,No information,assisted,13.3,70.3,0,right-foot,No information,No information,No information,No information,No information,No information,41,No information,2434,70.3,13.3,No information,No information,No information,No information,5,266,shot
willi-orban,https://www.sofascore.com/hungary-slovakia/XTbsjUb#id:8078332,hungary,miss,No information,set-piece,13.5,54,0,head,right,0,21.3,1.4,No information,No information,23,No information,1323,54,13.5,78.7,0,78.7,98.6,23,1377,shot
david-hancko,https://www.sofascore.com/hungary-slovakia/XTbsjUb#id:8078332,slovakia,post,No information,assisted,18.4,47.2,0,left-foot,high,0,52.1,39.2,No information,No information,18,No information,1053,47.2,18.4,47.9,0,47.9,60.8,28,1647,shot
istvan-kovacs,https://www.sofascore.com/hungary-slovakia/XTbsjUb#id:8078332,hungary,block,No information,assisted,26.7,40.6,0,right-foot,No information,No information,No information,No information,No information,No information,17,No information,972,40.6,26.7,No information,No information,No information,No information,29,1728,shot
peter-pekarik,https://www.sofascore.com/hungary-slovakia/XTbsjUb#id:8078332,slovakia,save,No information,assisted,20,74.2,0,right-foot,low-left,0,52.9,19,No information,No information,14,No information,823,74.2,20,47.1,0,47.1,81,32,1877,shot
istvan-kovacs,https://www.sofascore.com/hungary-slovakia/XTbsjUb#id:8078332,hungary,block,No information,regular,12,31.9,0,right-foot,No information,No information,No information,No information,No information,No information,13,No information,753,31.9,12,No information,No information,No information,No information,33,1947,shot
marek-hamsik,https://www.sofascore.com/hungary-slovakia/XTbsjUb#id:8078332,slovakia,miss,No information,assisted,9.4,48.9,0,right-foot,right,0,34.1,1.4,No information,No information,11,No information,648,48.9,9.4,65.9,0,65.9,98.6,35,2052,shot
albert-rusnak,https://www.sofascore.com/hungary-slovakia/XTbsjUb#id:8078332,slovakia,miss,No information,regular,14.4,82.7,0,right-foot,high-right,0,37,69.4,No information,No information,8,No information,444,82.7,14.4,63,0,63,30.6,38,2256,shot

robert-mazan,https://www.sofascore.com/slovakia-israel/FObsXTb#id:8600828,slovakia,block,No information,assisted,29.3,51.8,0,left-foot,low-right,0,46.3,19,No information,No information,90,3,5556,51.8,29.3,53.7,0,53.7,81,1,744,shot
eran-zahavi,https://www.sofascore.com/slovakia-israel/FObsXTb#id:8600828,israel,goal,regular,assisted,22.8,48.7,0,right-foot,high-left,0,53.9,22.2,No information,No information,89,No information,5295,48.7,22.8,46.1,0,46.1,77.8,2,105,shot
munas-dabbur,https://www.sofascore.com/slovakia-israel/FObsXTb#id:8600828,israel,block,No information,assisted,14.1,53.8,0,right-foot,low-centre,0,50.2,19,No information,No information,86,No information,5111,53.8,14.1,49.8,0,49.8,81,5,289,shot
eran-zahavi,https://www.sofascore.com/slovakia-israel/FObsXTb#id:8600828,israel,save,No information,assisted,21.7,40.1,0,left-foot,low-centre,0,48.8,1.9,No information,No information,84,No information,4992,40.1,21.7,51.2,0,51.2,98.1,7,408,shot
eran-zahavi,https://www.sofascore.com/slovakia-israel/FObsXTb#id:8600828,israel,miss,No information,assisted,22.4,75.3,0,right-foot,high,0,54.3,87.5,No information,No information,81,No information,4829,75.3,22.4,45.7,0,45.7,12.5,10,571,shot
manor-solomon,https://www.sofascore.com/slovakia-israel/FObsXTb#id:8600828,israel,miss,No information,assisted,17.8,39.2,0,right-foot,high-right,0,40.3,56.9,No information,No information,79,No information,4687,39.2,17.8,59.7,0,59.7,43.1,12,713,shot
eran-zahavi,https://www.sofascore.com/slovakia-israel/FObsXTb#id:8600828,israel,goal,regular,assisted,5,54,0,left-foot,low-right,0,47.9,6.3,No information,No information,76,No information,4549,54,5,52.1,0,52.1,93.7,15,851,shot
shon-weissman,https://www.sofascore.com/slovakia-israel/FObsXTb#id:8600828,israel,miss,No information,assisted,10.1,52.2,0,left-foot,left,0,68.1,16.7,No information,No information,76,No information,4511,52.2,10.1,31.9,0,31.9,83.3,15,889,shot
eran-zahavi,https://www.sofascore.com/slovakia-israel/FObsXTb#id:8600828,israel,miss,No information,free-kick,8.9,53.7,0,right-foot,close-left,0,56.6,5.6,No information,No information,73,No information,4332,53.7,8.9,43.4,0,43.4,94.4,18,1068,shot
eran-zahavi,https://www.sofascore.com/slovakia-israel/FObsXTb#id:8600828,israel,goal,regular,corner,7.6,49.3,0,head,low-left,0,53,9.5,No information,No information,68,No information,4060,49.3,7.6,47,0,47,90.5,23,1340,shot
eran-zahavi,https://www.sofascore.com/slovakia-israel/FObsXTb#id:8600828,israel,block,No information,assisted,16.3,63.8,0,left-foot,low-centre,0,49.9,19,No information,No information,68,No information,4027,63.8,16.3,50.1,0,50.1,81,23,1373,shot
manor-solomon,https://www.sofascore.com/slovakia-israel/FObsXTb#id:8600828,israel,miss,No information,assisted,15.1,39,0,right-foot,high,0,45.9,62.5,No information,No information,67,No information,3997,39,15.1,54.1,0,54.1,37.5,24,1403,shot
eli-dasa,https://www.sofascore.com/slovakia-israel/FObsXTb#id:8600828,israel,miss,No information,assisted,12,54.2,0,left-foot,close-right,0,41.7,8.3,No information,No information,65,No information,3881,54.2,12,58.3,0,58.3,91.7,26,1519,shot
maor-kandil,https://www.sofascore.com/slovakia-israel/FObsXTb#id:8600828,israel,save,No information,assisted,10,36.7,0,right-foot,low-centre,0,49.6,2.5,No information,No information,64,No information,3811,36.7,10,50.4,0,50.4,97.5,27,1589,shot
eran-zahavi,https://www.sofascore.com/slovakia-israel/FObsXTb#id:8600828,israel,miss,No information,assisted,26.5,49.5,0,right-foot,close-right,0,42.5,12.5,No information,No information,61,No information,3635,49.5,26.5,57.5,0,57.5,87.5,30,1765,shot
lukas-haraslin,https://www.sofascore.com/slovakia-israel/FObsXTb#id:8600828,slovakia,block,No information,assisted,10.7,42.9,0,right-foot,low-right,0,46,19,No information,No information,56,No information,3351,42.9,10.7,54,0,54,81,35,2049,shot
ondrej-duda,https://www.sofascore.com/slovakia-israel/FObsXTb#id:8600828,slovakia,block,No information,assisted,27.2,60.4,0,right-foot,low-centre,0,49.5,19,No information,No information,53,No information,3129,60.4,27.2,50.5,0,50.5,81,38,2271,shot
munas-dabbur,https://www.sofascore.com/slovakia-israel/FObsXTb#id:8600828,israel,save,No information,assisted,21.7,49.7,0,right-foot,low-right,0,46.4,5.7,No information,No information,46,No information,2748,49.7,21.7,53.6,0,53.6,94.3,45,2652,shot
ondrej-duda,https://www.sofascore.com/slovakia-israel/FObsXTb#id:8600828,slovakia,miss,No information,corner,5.3,45.2,0,head,close-right,0,43.2,5.6,No information,No information,44,No information,2627,45.2,5.3,56.8,0,56.8,94.4,2,73,shot
albert-rusnak,https://www.sofascore.com/slovakia-israel/FObsXTb#id:8600828,slovakia,block,No information,assisted,12.7,64.1,0,right-foot,low-centre,0,50.1,19,No information,No information,43,No information,2546,64.1,12.7,49.9,0,49.9,81,3,154,shot
albert-rusnak,https://www.sofascore.com/slovakia-israel/FObsXTb#id:8600828,slovakia,save,No information,assisted,23,59.3,0,left-foot,low-right,0,48.1,0.6,No information,No information,42,No information,2509,59.3,23,51.9,0,51.9,99.4,4,191,shot
robert-mak,https://www.sofascore.com/slovakia-israel/FObsXTb#id:8600828,slovakia,goal,regular,assisted,11.9,39.1,0,right-foot,low-right,0,47.6,5.7,No information,No information,38,No information,2267,39.1,11.9,52.4,0,52.4,94.3,8,433,shot
peter-pekarik,https://www.sofascore.com/slovakia-israel/FObsXTb#id:8600828,slovakia,save,No information,assisted,22.7,73.8,0,right-foot,high-centre,0,50,29.7,No information,No information,37,No information,2181,73.8,22.7,50,0,50,70.3,9,519,shot
munas-dabbur,https://www.sofascore.com/slovakia-israel/FObsXTb#id:8600828,israel,post,No information,regular,18.5,52.2,0,right-foot,right,0,44.8,5.7,No information,No information,36,No information,2133,52.2,18.5,55.2,0,55.2,94.3,10,567,shot
marek-hamsik,https://www.sofascore.com/slovakia-israel/FObsXTb#id:8600828,slovakia,block,No information,assisted,23.8,53.9,0,right-foot,low-centre,0,49.6,19,No information,No information,35,No information,2043,53.9,23.8,50.4,0,50.4,81,11,657,shot
eran-zahavi,https://www.sofascore.com/slovakia-israel/FObsXTb#id:8600828,israel,miss,No information,regular,24.9,59.6,0,right-foot,high,0,53.6,63.9,No information,No information,29,No information,1715,59.6,24.9,46.4,0,46.4,36.1,17,985,shot
ondrej-duda,https://www.sofascore.com/slovakia-israel/FObsXTb#id:8600828,slovakia,block,No information,assisted,14.6,49,0,left-foot,low-left,0,52.4,19,No information,No information,29,No information,1688,49,14.6,47.6,0,47.6,81,17,1012,shot
munas-dabbur,https://www.sofascore.com/slovakia-israel/FObsXTb#id:8600828,israel,miss,No information,assisted,8.7,64.5,0,right-foot,left,0,62.5,4.2,No information,No information,21,No information,1216,64.5,8.7,37.5,0,37.5,95.8,25,1484,shot
munas-dabbur,https://www.sofascore.com/slovakia-israel/FObsXTb#id:8600828,israel,save,No information,assisted,15.4,64.1,0,right-foot,low-right,0,46.4,0.6,No information,No information,20,No information,1183,64.1,15.4,53.6,0,53.6,99.4,26,1517,shot
marek-hamsik,https://www.sofascore.com/slovakia-israel/FObsXTb#id:8600828,slovakia,goal,regular,free-kick,19.7,83.4,0,left-foot,low-right,0,45.5,1.9,No information,No information,16,No information,955,83.4,19.7,54.5,0,54.5,98.1,30,1745,shot
robert-bozenik,https://www.sofascore.com/slovakia-israel/FObsXTb#id:8600828,slovakia,save,No information,assisted,19.7,49.1,0,right-foot,high-centre,0,51,29.7,No information,No information,15,No information,849,49.1,19.7,49,0,49,70.3,31,1851,shot
munas-dabbur,https://www.sofascore.com/slovakia-israel/FObsXTb#id:8600828,israel,miss,No information,assisted,9.3,50.1,0,right-foot,close-right,0,42.4,2.8,No information,No information,14,No information,792,50.1,9.3,57.6,0,57.6,97.2,32,1908,shot
bibars-natcho,https://www.sofascore.com/slovakia-israel/FObsXTb#id:8600828,israel,miss,No information,assisted,21.4,62.9,0,right-foot,close-left,0,59,2.8,No information,No information,14,No information,791,62.9,21.4,41,0,41,97.2,32,1909,shot
marek-hamsik,https://www.sofascore.com/slovakia-israel/FObsXTb#id:8600828,slovakia,miss,No information,assisted,21.9,31.4,0,right-foot,right,0,33.1,27.8,No information,No information,10,No information,552,31.4,21.9,66.9,0,66.9,72.2,36,2148,shot
maor-kandil,https://www.sofascore.com/slovakia-israel/FObsXTb#id:8600828,israel,post,No information,assisted,7.3,39.2,0,left-foot,left,0,55.4,10.8,No information,No information,6,No information,349,39.2,7.3,44.6,0,44.6,89.2,40,2351,shot
eran-zahavi,https://www.sofascore.com/slovakia-israel/FObsXTb#id:8600828,israel,block,No information,assisted,14.2,63.2,0,left-foot,low-centre,0,49.4,19,No information,No information,6,No information,346,63.2,14.2,50.6,0,50.6,81,40,2354,shot
eitan-tibi,https://www.sofascore.com/slovakia-israel/FObsXTb#id:8600828,israel,block,No information,corner,6.4,41.9,0,head,low-left,0,52.7,19,No information,No information,5,No information,294,41.9,6.4,47.3,0,47.3,81,41,2406,shot
eran-zahavi,https://www.sofascore.com/slovakia-israel/FObsXTb#id:8600828,israel,miss,No information,assisted,10.8,46.4,0,left-foot,close-left,0,57.8,2.8,No information,No information,2,No information,96,46.4,10.8,42.2,0,42.2,97.2,44,2604,shot

patrik-hrosovsky,https://www.sofascore.com/belarus-slovakia/XTbsTUb#id:10023400,slovakia,block,No information,assisted,19.9,57.9,0,left-foot,low-centre,0,51,19,No information,No information,90,1,5441,57.9,19.9,49,0,49,81,1,859,shot
adam-zreak,https://www.sofascore.com/belarus-slovakia/XTbsTUb#id:10023400,slovakia,miss,No information,assisted,9.3,47.8,0,head,high,0,50.1,68.1,No information,No information,89,No information,5298,47.8,9.3,49.9,0,49.9,31.9,2,102,shot
matus-bero,https://www.sofascore.com/belarus-slovakia/XTbsTUb#id:10023400,slovakia,save,No information,assisted,10,61,0,left-foot,low-right,0,46.4,11.4,No information,No information,83,No information,4973,61,10,53.6,0,53.6,88.6,8,427,shot
david-hancko,https://www.sofascore.com/belarus-slovakia/XTbsTUb#id:10023400,slovakia,save,No information,free-kick,28.5,60.4,0,left-foot,low-centre,0,51.6,9.5,No information,No information,81,No information,4838,60.4,28.5,48.4,0,48.4,90.5,10,562,shot
adam-zreak,https://www.sofascore.com/belarus-slovakia/XTbsTUb#id:10023400,slovakia,miss,No information,assisted,11.5,49.6,0,head,close-right,0,42.4,2.8,No information,No information,79,No information,4680,49.6,11.5,57.6,0,57.6,97.2,12,720,shot
adam-zreak,https://www.sofascore.com/belarus-slovakia/XTbsTUb#id:10023400,slovakia,goal,regular,assisted,10.1,45,0,left-foot,low-centre,0,51.6,19,No information,No information,65,No information,3849,45,10.1,48.4,0,48.4,81,26,1551,shot
juraj-kucka,https://www.sofascore.com/belarus-slovakia/XTbsTUb#id:10023400,slovakia,miss,No information,set-piece,5.4,60.5,0,head,high,0,53.1,72.2,No information,No information,60,No information,3567,60.5,5.4,46.9,0,46.9,27.8,31,1833,shot
david-duris,https://www.sofascore.com/belarus-slovakia/XTbsTUb#id:10023400,slovakia,block,No information,corner,15.1,37.6,0,right-foot,low-centre,0,50.1,19,No information,No information,57,No information,3414,37.6,15.1,49.9,0,49.9,81,34,1986,shot
juraj-kucka,https://www.sofascore.com/belarus-slovakia/XTbsTUb#id:10023400,slovakia,miss,No information,corner,26.4,45.2,0,right-foot,left,0,63.4,5.6,No information,No information,54,No information,3221,45.2,26.4,36.6,0,36.6,94.4,37,2179,shot
juraj-kucka,https://www.sofascore.com/belarus-slovakia/XTbsTUb#id:10023400,slovakia,block,No information,corner,11.2,35.9,0,left-foot,low-centre,0,50.8,19,No information,No information,54,No information,3206,35.9,11.2,49.2,0,49.2,81,37,2194,shot
juraj-kucka,https://www.sofascore.com/belarus-slovakia/XTbsTUb#id:10023400,slovakia,block,No information,assisted,21.6,62.3,0,right-foot,low-centre,0,50.8,19,No information,No information,53,No information,3167,62.3,21.6,49.2,0,49.2,81,38,2233,shot
david-duris,https://www.sofascore.com/belarus-slovakia/XTbsTUb#id:10023400,slovakia,miss,No information,set-piece,17.7,41.7,0,right-foot,high,0,46.1,84.7,No information,No information,51,No information,3032,41.7,17.7,53.9,0,53.9,15.3,40,2368,shot
bakhar-ivan,https://www.sofascore.com/belarus-slovakia/XTbsTUb#id:10023400,belarus,goal,regular,corner,3.7,50.5,0,right-foot,high-centre,0,51.6,31.6,No information,No information,45,No information,2657,50.5,3.7,48.4,0,48.4,68.4,1,43,shot
vladislav-malkevich,https://www.sofascore.com/belarus-slovakia/XTbsTUb#id:10023400,belarus,miss,No information,corner,4,60.6,0,head,left,0,65.5,6.9,No information,No information,45,No information,2656,60.6,4,34.5,0,34.5,93.1,1,44,shot
david-hancko,https://www.sofascore.com/belarus-slovakia/XTbsTUb#id:10023400,slovakia,miss,No information,corner,8.5,59.3,0,head,left,0,67.2,16.7,No information,No information,30,No information,1786,59.3,8.5,32.8,0,32.8,83.3,16,914,shot
erik-jirka,https://www.sofascore.com/belarus-slovakia/XTbsTUb#id:10023400,slovakia,miss,No information,regular,10.5,72,0,right-foot,high-right,0,39,65.3,No information,No information,28,No information,1630,72,10.5,61,0,61,34.7,18,1070,shot
erik-jirka,https://www.sofascore.com/belarus-slovakia/XTbsTUb#id:10023400,slovakia,miss,No information,set-piece,28.8,59.2,0,right-foot,left,0,62.2,6.9,No information,No information,24,No information,1417,59.2,28.8,37.8,0,37.8,93.1,22,1283,shot
robert-bozenik,https://www.sofascore.com/belarus-slovakia/XTbsTUb#id:10023400,slovakia,save,No information,assisted,8.5,58.5,0,head,low-centre,0,48.4,17.1,No information,No information,8,No information,448,58.5,8.5,51.6,0,51.6,82.9,38,2252,shot

david-strelec,https://www.sofascore.com/slovakia-slovenia/JObsXTb#id:9223927,slovakia,miss,No information,assisted,10,60.8,0,head,close-left,0,57.5,13.9,No information,No information,90,4,5615,60.8,10,42.5,0,42.5,86.1,1,685,shot
leo-stulac,https://www.sofascore.com/slovakia-slovenia/JObsXTb#id:9223927,slovenia,block,No information,free-kick,20.1,28.9,0,right-foot,low-centre,0,49.8,19,No information,No information,90,3,5561,28.9,20.1,50.2,0,50.2,81,1,739,shot
robert-bozenik,https://www.sofascore.com/slovakia-slovenia/JObsXTb#id:9223927,slovakia,miss,No information,assisted,8,38.5,0,head,left,0,71.4,27.8,No information,No information,90,1,5452,38.5,8,28.6,0,28.6,72.2,1,848,shot
david-strelec,https://www.sofascore.com/slovakia-slovenia/JObsXTb#id:9223927,slovakia,miss,No information,assisted,13.1,61.2,0,head,close-right,0,42.9,22.2,No information,No information,88,No information,5272,61.2,13.1,57.1,0,57.1,77.8,3,128,shot
ondrej-duda,https://www.sofascore.com/slovakia-slovenia/JObsXTb#id:9223927,slovakia,miss,No information,regular,28.4,60.2,0,left-foot,close-right,0,42.4,18.1,No information,No information,88,No information,5271,60.2,28.4,57.6,0,57.6,81.9,3,129,shot
ondrej-duda,https://www.sofascore.com/slovakia-slovenia/JObsXTb#id:9223927,slovakia,save,No information,throw-in-set-piece,15,25.9,0,right-foot,low-centre,0,51.3,12,No information,No information,87,No information,5185,25.9,15,48.7,0,48.7,88,4,215,shot
erik-jirka,https://www.sofascore.com/slovakia-slovenia/JObsXTb#id:9223927,slovakia,miss,No information,corner,18.9,44.1,0,right-foot,high-right,0,38,97.2,No information,No information,85,No information,5044,44.1,18.9,62,0,62,2.8,6,356,shot
jakub-holubek,https://www.sofascore.com/slovakia-slovenia/JObsXTb#id:9223927,slovakia,block,No information,assisted,8.1,28.5,0,left-foot,low-centre,0,49.3,19,No information,No information,81,No information,4854,28.5,8.1,50.7,0,50.7,81,10,546,shot
david-strelec,https://www.sofascore.com/slovakia-slovenia/JObsXTb#id:9223927,slovakia,goal,regular,regular,21,52,0,right-foot,low-right,0,45.9,11.4,No information,No information,74,No information,4428,52,21,54.1,0,54.1,88.6,17,972,shot
josip-ilicic,https://www.sofascore.com/slovakia-slovenia/JObsXTb#id:9223927,slovenia,save,No information,assisted,23.3,51,0,left-foot,high-left,0,52.1,25.3,No information,No information,73,No information,4323,51,23.3,47.9,0,47.9,74.7,18,1077,shot
ondrej-duda,https://www.sofascore.com/slovakia-slovenia/JObsXTb#id:9223927,slovakia,block,No information,assisted,20.5,56.9,0,right-foot,low-centre,0,51.4,19,No information,No information,67,No information,4014,56.9,20.5,48.6,0,48.6,81,24,1386,shot
ladislav-almasi,https://www.sofascore.com/slovakia-slovenia/JObsXTb#id:9223927,slovakia,miss,No information,assisted,9.3,49,0,head,right,0,35.3,18.1,No information,No information,65,No information,3861,49,9.3,64.7,0,64.7,81.9,26,1539,shot
miha-mevlja,https://www.sofascore.com/slovakia-slovenia/JObsXTb#id:9223927,slovenia,goal,regular,corner,6.7,51.3,0,head,low-left,0,54.1,5.1,No information,No information,62,No information,3668,51.3,6.7,45.9,0,45.9,94.9,29,1732,shot
andraz-sporar,https://www.sofascore.com/slovakia-slovenia/JObsXTb#id:9223927,slovenia,block,No information,assisted,16.4,38.3,0,right-foot,low-centre,0,49.4,19,No information,No information,61,No information,3633,38.3,16.4,50.6,0,50.6,81,30,1767,shot
ondrej-duda,https://www.sofascore.com/slovakia-slovenia/JObsXTb#id:9223927,slovakia,goal,penalty,penalty,11.5,50,0,right-foot,low-left,0,53,1.9,No information,No information,58,No information,3469,50,11.5,47,0,47,98.1,33,1931,shot
lukas-haraslin,https://www.sofascore.com/slovakia-slovenia/JObsXTb#id:9223927,slovakia,block,No information,assisted,16.2,46.8,0,right-foot,low-centre,0,50.6,19,No information,No information,55,No information,3240,46.8,16.2,49.4,0,49.4,81,36,2160,shot
milan-skriniar,https://www.sofascore.com/slovakia-slovenia/JObsXTb#id:9223927,slovakia,miss,No information,assisted,6.3,54,0,right-foot,close-right,0,43.4,13.9,No information,No information,52,No information,3083,54,6.3,56.6,0,56.6,86.1,39,2317,shot
lukas-haraslin,https://www.sofascore.com/slovakia-slovenia/JObsXTb#id:9223927,slovakia,save,No information,set-piece,4.9,64.4,0,right-foot,low-centre,0,49.9,17.1,No information,No information,45,2,2778,64.4,4.9,50.1,0,50.1,82.9,1,2622,shot
ladislav-almasi,https://www.sofascore.com/slovakia-slovenia/JObsXTb#id:9223927,slovakia,block,No information,corner,6,64.1,0,right-foot,low-right,0,47.1,19,No information,No information,44,No information,2580,64.1,6,52.9,0,52.9,81,2,120,shot
marek-hamsik,https://www.sofascore.com/slovakia-slovenia/JObsXTb#id:9223927,slovakia,save,No information,assisted,21.8,65.4,0,right-foot,low-right,0,46.1,19.6,No information,No information,43,No information,2549,65.4,21.8,53.9,0,53.9,80.4,3,151,shot
robert-mak,https://www.sofascore.com/slovakia-slovenia/JObsXTb#id:9223927,slovakia,block,No information,corner,16.7,39.2,0,right-foot,low-left,0,52.8,19,No information,No information,30,No information,1773,39.2,16.7,47.2,0,47.2,81,16,927,shot
ubomir-satka,https://www.sofascore.com/slovakia-slovenia/JObsXTb#id:9223927,slovakia,block,No information,corner,13,63.5,0,left-foot,low-centre,0,50.4,19,No information,No information,30,No information,1769,63.5,13,49.6,0,49.6,81,16,931,shot
marek-hamsik,https://www.sofascore.com/slovakia-slovenia/JObsXTb#id:9223927,slovakia,block,No information,free-kick,4.7,18.5,0,right-foot,low-left,0,53.7,19,No information,No information,29,No information,1718,18.5,4.7,46.3,0,46.3,81,17,982,shot
miha-zajc,https://www.sofascore.com/slovakia-slovenia/JObsXTb#id:9223927,slovenia,goal,regular,fast-break,3.3,55.1,0,head,low-centre,0,50.3,10.8,No information,No information,18,No information,1022,55.1,3.3,49.7,0,49.7,89.2,28,1678,shot
matus-bero,https://www.sofascore.com/slovakia-slovenia/JObsXTb#id:9223927,slovakia,save,No information,assisted,18.9,47.8,0,right-foot,low-centre,0,50.3,1.9,No information,No information,9,No information,492,47.8,18.9,49.7,0,49.7,98.1,37,2208,shot
robert-mak,https://www.sofascore.com/slovakia-slovenia/JObsXTb#id:9223927,slovakia,block,No information,assisted,21.9,73,0,right-foot,low-left,0,53.9,11.1,No information,No information,5,No information,292,73,21.9,46.1,0,46.1,88.9,41,2408,shot

juraj-kucka,https://www.sofascore.com/iceland-slovakia/XTbsiUb#id:10752560,slovakia,save,No information,free-kick,26.1,26.5,0,right-foot,high-left,0,52.5,22.2,No information,No information,90,3,5567,26.5,26.1,47.5,0,47.5,77.8,1,733,shot
juraj-kucka,https://www.sofascore.com/iceland-slovakia/XTbsiUb#id:10752560,slovakia,block,No information,corner,13.1,52.8,0,right-foot,low-right,0,46.7,19,No information,No information,90,1,5451,52.8,13.1,53.3,0,53.3,81,1,849,shot
andri-gudjohnsen,https://www.sofascore.com/iceland-slovakia/XTbsiUb#id:10752560,iceland,miss,No information,assisted,10.8,52.2,0,head,left,0,69.4,2.8,No information,No information,89,No information,5286,52.2,10.8,30.6,0,30.6,97.2,2,114,shot
kolbeinn-finnsson,https://www.sofascore.com/iceland-slovakia/XTbsiUb#id:10752560,iceland,block,No information,regular,24,33.1,0,left-foot,low-centre,0,50.3,19,No information,No information,87,No information,5190,33.1,24,49.7,0,49.7,81,4,210,shot
david-duris,https://www.sofascore.com/iceland-slovakia/XTbsiUb#id:10752560,slovakia,block,No information,corner,24.1,53.6,0,right-foot,low-centre,0,50.7,19,No information,No information,83,No information,4941,53.6,24.1,49.3,0,49.3,81,8,459,shot
robert-bozenik,https://www.sofascore.com/iceland-slovakia/XTbsiUb#id:10752560,slovakia,block,No information,assisted,21.2,69.5,0,right-foot,low-left,0,53.7,19,No information,No information,82,No information,4863,69.5,21.2,46.3,0,46.3,81,9,537,shot
alfred-finnbogason,https://www.sofascore.com/iceland-slovakia/XTbsiUb#id:10752560,iceland,miss,No information,fast-break,22.6,59.3,0,right-foot,close-right,0,42,8.3,No information,No information,79,No information,4686,59.3,22.6,58,0,58,91.7,12,714,shot
andri-gudjohnsen,https://www.sofascore.com/iceland-slovakia/XTbsiUb#id:10752560,iceland,goal,regular,corner,4.8,50.4,0,right-foot,high-centre,0,48.2,24.7,No information,No information,74,No information,4399,50.4,4.8,51.8,0,51.8,75.3,17,1001,shot
juraj-kucka,https://www.sofascore.com/iceland-slovakia/XTbsiUb#id:10752560,slovakia,miss,No information,assisted,21.5,70.9,0,left-foot,left,0,98.5,9.7,No information,No information,66,No information,3959,70.9,21.5,1.5,0,1.5,90.3,25,1441,shot
juraj-kucka,https://www.sofascore.com/iceland-slovakia/XTbsiUb#id:10752560,slovakia,save,No information,corner,23.8,51.5,0,right-foot,high-left,0,53.6,24.7,No information,No information,57,No information,3367,51.5,23.8,46.4,0,46.4,75.3,34,2033,shot
lukas-haraslin,https://www.sofascore.com/iceland-slovakia/XTbsiUb#id:10752560,slovakia,goal,regular,fast-break,19,32.4,0,right-foot,low-right,0,46.7,2.5,No information,No information,55,No information,3251,32.4,19,53.3,0,53.3,97.5,36,2149,shot
ondrej-duda,https://www.sofascore.com/iceland-slovakia/XTbsiUb#id:10752560,slovakia,save,No information,assisted,14.7,42.6,0,left-foot,low-right,0,46.6,4.4,No information,No information,51,No information,3057,42.6,14.7,53.4,0,53.4,95.6,40,2343,shot
lukas-haraslin,https://www.sofascore.com/iceland-slovakia/XTbsiUb#id:10752560,slovakia,goal,regular,fast-break,13.4,36,0,right-foot,low-right,0,45.5,13.9,No information,No information,47,No information,2807,36,13.4,54.5,0,54.5,86.1,44,2593,shot
david-hancko,https://www.sofascore.com/iceland-slovakia/XTbsiUb#id:10752560,slovakia,save,No information,regular,23.1,13.8,0,left-foot,low-centre,0,51.3,10.1,No information,No information,46,No information,2724,13.8,23.1,48.7,0,48.7,89.9,45,2676,shot
ondrej-duda,https://www.sofascore.com/iceland-slovakia/XTbsiUb#id:10752560,slovakia,goal,penalty,penalty,11.5,50,0,right-foot,low-left,0,54.2,5.1,No information,No information,36,No information,2141,50,11.5,45.8,0,45.8,94.9,10,559,shot
juraj-kucka,https://www.sofascore.com/iceland-slovakia/XTbsiUb#id:10752560,slovakia,goal,regular,corner,3.3,43.9,0,head,low-right,0,47.1,8.9,No information,No information,30,No information,1752,43.9,3.3,52.9,0,52.9,91.1,16,948,shot
david-hancko,https://www.sofascore.com/iceland-slovakia/XTbsiUb#id:10752560,slovakia,miss,No information,corner,8.7,56.5,0,head,left,0,97,4.2,No information,No information,29,No information,1702,56.5,8.7,3,0,3,95.8,17,998,shot
david-hancko,https://www.sofascore.com/iceland-slovakia/XTbsiUb#id:10752560,slovakia,block,No information,corner,3.4,42.7,0,head,low-right,0,47.6,19,No information,No information,28,No information,1663,42.7,3.4,52.4,0,52.4,81,18,1037,shot
orri-steinn-oskarsson,https://www.sofascore.com/iceland-slovakia/XTbsiUb#id:10752560,iceland,goal,regular,assisted,11.2,56.9,0,head,low-right,0,46.1,4.4,No information,No information,17,No information,984,56.9,11.2,53.9,0,53.9,95.6,29,1716,shot
robert-bozenik,https://www.sofascore.com/iceland-slovakia/XTbsiUb#id:10752560,slovakia,miss,No information,assisted,9.1,55.5,0,left-foot,close-right,0,41.5,20.8,No information,No information,11,No information,643,55.5,9.1,58.5,0,58.5,79.2,35,2057,shot
norbert-gyomber,https://www.sofascore.com/iceland-slovakia/XTbsiUb#id:10752560,slovakia,block,No information,assisted,25.6,64.3,0,right-foot,low-centre,0,50.8,19,No information,No information,8,No information,449,64.3,25.6,49.2,0,49.2,81,38,2251,shot
denis-vavro,https://www.sofascore.com/iceland-slovakia/XTbsiUb#id:10752560,slovakia,miss,No information,set-piece,30.3,46.2,0,right-foot,high-right,0,38.7,86.1,No information,No information,6,No information,312,46.2,30.3,61.3,0,61.3,13.9,40,2388,shot

tomas-suslov,https://www.sofascore.com/belarus-slovakia/XTbsTUb#id:10023390,slovakia,miss,No information,assisted,22,73.2,0,left-foot,close-right,0,41.7,6.9,No information,No information,86,No information,5104,73.2,22,58.3,0,58.3,93.1,5,296,shot
shevchenko-gleb,https://www.sofascore.com/belarus-slovakia/XTbsTUb#id:10023390,belarus,miss,No information,assisted,12.6,28.7,0,right-foot,close-right,0,42.2,19.4,No information,No information,82,No information,4910,28.7,12.6,57.8,0,57.8,80.6,9,490,shot
sergei-politevich,https://www.sofascore.com/belarus-slovakia/XTbsTUb#id:10023390,belarus,miss,No information,corner,7.8,47.6,0,head,left,0,60.8,20.8,No information,No information,77,No information,4593,47.6,7.8,39.2,0,39.2,79.2,14,807,shot
vladislav-klimovich,https://www.sofascore.com/belarus-slovakia/XTbsTUb#id:10023390,belarus,block,No information,assisted,24.2,70.3,0,left-foot,low-left,0,52.1,19,No information,No information,68,No information,4026,70.3,24.2,47.9,0,47.9,81,23,1374,shot
sergei-politevich,https://www.sofascore.com/belarus-slovakia/XTbsTUb#id:10023390,belarus,miss,No information,set-piece,10.5,42.9,0,other,close-right,0,41.5,8.3,No information,No information,67,No information,3973,42.9,10.5,58.5,0,58.5,91.7,24,1427,shot
albert-rusnak,https://www.sofascore.com/belarus-slovakia/XTbsTUb#id:10023390,slovakia,save,No information,regular,22.9,60,0,right-foot,low-left,0,53,5.1,No information,No information,65,No information,3877,60,22.9,47,0,47,94.9,26,1523,shot
tomas-suslov,https://www.sofascore.com/belarus-slovakia/XTbsTUb#id:10023390,slovakia,goal,regular,assisted,20.4,83.7,0,left-foot,low-centre,0,51.6,14.6,No information,No information,61,No information,3620,83.7,20.4,48.4,0,48.4,85.4,30,1780,shot
juraj-kucka,https://www.sofascore.com/belarus-slovakia/XTbsTUb#id:10023390,slovakia,miss,No information,corner,12.5,45.8,0,right-foot,left,0,62.5,9.7,No information,No information,59,No information,3506,45.8,12.5,37.5,0,37.5,90.3,32,1894,shot
ladislav-almasi,https://www.sofascore.com/belarus-slovakia/XTbsTUb#id:10023390,slovakia,block,No information,assisted,11.7,46.6,0,head,low-right,0,48,19,No information,No information,58,No information,3460,46.6,11.7,52,0,52,81,33,1940,shot
ladislav-almasi,https://www.sofascore.com/belarus-slovakia/XTbsTUb#id:10023390,slovakia,miss,No information,corner,5.7,34.6,0,head,left,0,63.2,33.3,No information,No information,54,No information,3193,34.6,5.7,36.8,0,36.8,66.7,37,2207,shot
ladislav-almasi,https://www.sofascore.com/belarus-slovakia/XTbsTUb#id:10023390,slovakia,block,No information,corner,8.6,40.3,0,head,low-left,0,52.2,19,No information,No information,53,No information,3142,40.3,8.6,47.8,0,47.8,81,38,2258,shot
ruslan-yudenkov,https://www.sofascore.com/belarus-slovakia/XTbsTUb#id:10023390,belarus,miss,No information,assisted,8.5,25.6,0,right-foot,high-right,0,38.2,75,No information,No information,50,No information,2942,25.6,8.5,61.8,0,61.8,25,41,2458,shot
max-ebong,https://www.sofascore.com/belarus-slovakia/XTbsTUb#id:10023390,belarus,save,No information,fast-break,26.5,36.1,0,right-foot,low-centre,0,51.5,1.3,No information,No information,45,1,2749,36.1,26.5,48.5,0,48.5,98.7,1,2651,shot
ondrej-duda,https://www.sofascore.com/belarus-slovakia/XTbsTUb#id:10023390,slovakia,miss,No information,assisted,18.5,52,0,left-foot,right,0,40,1.4,No information,No information,45,No information,2649,52,18.5,60,0,60,98.6,1,51,shot
juraj-kucka,https://www.sofascore.com/belarus-slovakia/XTbsTUb#id:10023390,slovakia,miss,No information,assisted,25.1,43.3,0,right-foot,high-right,0,41.7,98.6,No information,No information,34,No information,1986,43.3,25.1,58.3,0,58.3,1.4,12,714,shot
evgeni-yablonski,https://www.sofascore.com/belarus-slovakia/XTbsTUb#id:10023390,belarus,block,No information,corner,19.5,68.4,0,right-foot,low-right,0,47.5,19,No information,No information,23,No information,1354,68.4,19.5,52.5,0,52.5,81,23,1346,shot
vernon-de-marco,https://www.sofascore.com/belarus-slovakia/XTbsTUb#id:10023390,slovakia,miss,No information,corner,8,57.9,0,head,right,0,40.7,13.9,No information,No information,13,No information,746,57.9,8,59.3,0,59.3,86.1,33,1954,shot
juraj-kucka,https://www.sofascore.com/belarus-slovakia/XTbsTUb#id:10023390,slovakia,save,No information,assisted,26.6,34.7,0,left-foot,high-left,0,52.6,25.3,No information,No information,9,No information,536,34.7,26.6,47.4,0,47.4,74.7,37,2164,shot
juraj-kucka,https://www.sofascore.com/belarus-slovakia/XTbsTUb#id:10023390,slovakia,miss,No information,corner,19.4,48.3,0,right-foot,close-left,0,57,8.3,No information,No information,9,No information,485,48.3,19.4,43,0,43,91.7,37,2215,shot
peter-pekarik,https://www.sofascore.com/belarus-slovakia/XTbsTUb#id:10023390,slovakia,block,No information,assisted,19.4,69.7,0,left-foot,low-left,0,52.6,19,No information,No information,8,No information,451,69.7,19.4,47.4,0,47.4,81,38,2249,shot

ivan-schranz,https://www.sofascore.com/czech-republic-slovakia/XTbsoUb#id:8600777,slovakia,goal,regular,regular,22.3,35.4,0,right-foot,high-left,0,54.4,31.6,No information,No information,88,No information,5234,35.4,22.3,45.6,0,45.6,68.4,3,166,shot
michael-krmencik,https://www.sofascore.com/czech-republic-slovakia/XTbsoUb#id:8600777,czechia,goal,regular,assisted,9.8,48.7,0,right-foot,low-left,0,52.9,1.9,No information,No information,86,No information,5140,48.7,9.8,47.1,0,47.1,98.1,5,260,shot
michael-krmencik,https://www.sofascore.com/czech-republic-slovakia/XTbsoUb#id:8600777,czechia,miss,No information,assisted,8,56.1,0,right-foot,high-right,0,38.8,70.8,No information,No information,84,No information,4994,56.1,8,61.2,0,61.2,29.2,7,406,shot
vladimir-darida,https://www.sofascore.com/czech-republic-slovakia/XTbsoUb#id:8600777,czechia,miss,No information,assisted,14,67.6,0,left-foot,left,0,93.4,22.2,No information,No information,76,No information,4500,67.6,14,6.6,0,6.6,77.8,15,900,shot
lukas-haraslin,https://www.sofascore.com/czech-republic-slovakia/XTbsoUb#id:8600777,slovakia,block,No information,free-kick,13.8,13.1,0,right-foot,low-centre,0,48.8,19,No information,No information,66,No information,3949,13.1,13.8,51.2,0,51.2,81,25,1451,shot
ondrej-celustka,https://www.sofascore.com/czech-republic-slovakia/XTbsoUb#id:8600777,czechia,miss,No information,corner,4.4,56.1,0,head,high-right,0,40.7,62.5,No information,No information,64,No information,3838,56.1,4.4,59.3,0,59.3,37.5,27,1562,shot
lukas-haraslin,https://www.sofascore.com/czech-republic-slovakia/XTbsoUb#id:8600777,slovakia,block,No information,assisted,20.1,77.8,0,left-foot,low-centre,0,48.5,19,No information,No information,60,No information,3545,77.8,20.1,51.5,0,51.5,81,31,1855,shot
borek-dockal,https://www.sofascore.com/czech-republic-slovakia/XTbsoUb#id:8600777,czechia,miss,No information,assisted,13.7,50.9,0,head,close-high,0,49.6,54.2,No information,No information,58,No information,3443,50.9,13.7,50.4,0,50.4,45.8,33,1957,shot
borek-dockal,https://www.sofascore.com/czech-republic-slovakia/XTbsoUb#id:8600777,czechia,goal,penalty,penalty,11.6,50,0,right-foot,low-centre,0,49,19.6,No information,No information,53,No information,3166,50,11.6,51,0,51,80.4,38,2234,shot
vladimir-coufal,https://www.sofascore.com/czech-republic-slovakia/XTbsoUb#id:8600777,czechia,miss,No information,assisted,20.5,68.4,0,right-foot,high-left,0,59.3,44.4,No information,No information,51,No information,3016,68.4,20.5,40.7,0,40.7,55.6,40,2384,shot
vladimir-darida,https://www.sofascore.com/czech-republic-slovakia/XTbsoUb#id:8600777,czechia,miss,No information,assisted,12,59,0,left-foot,left,0,63.2,31.9,No information,No information,50,No information,2991,59,12,36.8,0,36.8,68.1,41,2409,shot
vladimir-coufal,https://www.sofascore.com/czech-republic-slovakia/XTbsoUb#id:8600777,czechia,goal,regular,regular,6.9,56.6,0,left-foot,low-left,0,53.4,1.9,No information,No information,48,No information,2843,56.6,6.9,46.6,0,46.6,98.1,43,2557,shot
lukas-masopust,https://www.sofascore.com/czech-republic-slovakia/XTbsoUb#id:8600777,czechia,save,No information,assisted,7.4,50.2,0,right-foot,low-centre,0,50.4,11.4,No information,No information,46,No information,2733,50.2,7.4,49.6,0,49.6,88.6,45,2667,shot
borek-dockal,https://www.sofascore.com/czech-republic-slovakia/XTbsoUb#id:8600777,czechia,miss,No information,regular,14,62,0,right-foot,left,0,68.4,18.1,No information,No information,46,No information,2732,62,14,31.6,0,31.6,81.9,45,2668,shot
alex-kral,https://www.sofascore.com/czech-republic-slovakia/XTbsoUb#id:8600777,czechia,miss,No information,assisted,14.7,60.3,0,right-foot,high,0,50.9,73.6,No information,No information,45,No information,2687,60.3,14.7,49.1,0,49.1,26.4,1,13,shot
borek-dockal,https://www.sofascore.com/czech-republic-slovakia/XTbsoUb#id:8600777,czechia,block,No information,regular,17.4,49.7,0,left-foot,low-right,0,47.7,19,No information,No information,45,No information,2672,49.7,17.4,52.3,0,52.3,81,1,28,shot
adam-hlozek,https://www.sofascore.com/czech-republic-slovakia/XTbsoUb#id:8600777,czechia,miss,No information,assisted,7.1,45,0,head,close-left,0,59.2,33.3,No information,No information,42,No information,2467,45,7.1,40.8,0,40.8,66.7,4,233,shot
tomas-kalas,https://www.sofascore.com/czech-republic-slovakia/XTbsoUb#id:8600777,czechia,block,No information,corner,7.7,53.1,0,head,low-centre,0,48.9,19,No information,No information,39,No information,2291,53.1,7.7,51.1,0,51.1,81,7,409,shot
vladimir-coufal,https://www.sofascore.com/czech-republic-slovakia/XTbsoUb#id:8600777,czechia,miss,No information,regular,11,67.6,0,right-foot,left,0,72.3,5.6,No information,No information,38,No information,2265,67.6,11,27.7,0,27.7,94.4,8,435,shot
jakub-jankto,https://www.sofascore.com/czech-republic-slovakia/XTbsoUb#id:8600777,czechia,miss,No information,assisted,15.5,47.8,0,right-foot,right,0,39.2,11.1,No information,No information,35,No information,2049,47.8,15.5,60.8,0,60.8,88.9,11,651,shot
jakub-jankto,https://www.sofascore.com/czech-republic-slovakia/XTbsoUb#id:8600777,czechia,block,No information,corner,4.3,42.9,0,left-foot,low-left,0,52.1,19,No information,No information,30,No information,1783,42.9,4.3,47.9,0,47.9,81,16,917,shot
adam-hlozek,https://www.sofascore.com/czech-republic-slovakia/XTbsoUb#id:8600777,czechia,post,No information,assisted,7.4,46,0,head,left,0,55.2,13.9,No information,No information,30,No information,1782,46,7.4,44.8,0,44.8,86.1,16,918,shot
adam-hlozek,https://www.sofascore.com/czech-republic-slovakia/XTbsoUb#id:8600777,czechia,save,No information,corner,3.1,46.2,0,left-foot,low-centre,0,51.5,5.7,No information,No information,30,No information,1758,46.2,3.1,48.5,0,48.5,94.3,16,942,shot
vladimir-darida,https://www.sofascore.com/czech-republic-slovakia/XTbsoUb#id:8600777,czechia,miss,No information,assisted,11.7,57.1,0,right-foot,close-high,0,45.7,55.6,No information,No information,25,No information,1464,57.1,11.7,54.3,0,54.3,44.4,21,1236,shot
adam-zreak,https://www.sofascore.com/czech-republic-slovakia/XTbsoUb#id:8600777,slovakia,miss,No information,regular,11.7,42.7,0,head,left,0,91.8,6.9,No information,No information,20,No information,1167,42.7,11.7,8.2,0,8.2,93.1,26,1533,shot
juraj-kucka,https://www.sofascore.com/czech-republic-slovakia/XTbsoUb#id:8600777,slovakia,save,No information,assisted,12.4,52.4,0,left-foot,low-centre,0,51.6,16.5,No information,No information,20,No information,1166,52.4,12.4,48.4,0,48.4,83.5,26,1534,shot

milan-skriniar,https://www.sofascore.com/croatia-slovakia/XTbspUb#id:9223847,slovakia,miss,No information,set-piece,5.9,59.9,0,right-foot,high-left,0,58.8,80.6,No information,No information,90,5,5657,59.9,5.9,41.2,0,41.2,19.4,1,643,shot
juraj-kucka,https://www.sofascore.com/croatia-slovakia/XTbspUb#id:9223847,slovakia,save,No information,assisted,29.1,47.5,0,right-foot,low-right,0,46.4,13.3,No information,No information,89,No information,5332,47.5,29.1,53.6,0,53.6,86.7,2,68,shot
robert-bozenik,https://www.sofascore.com/croatia-slovakia/XTbspUb#id:9223847,slovakia,save,No information,assisted,14.4,45.4,0,right-foot,high-centre,0,50,30.4,No information,No information,88,No information,5258,45.4,14.4,50,0,50,69.6,3,142,shot
marcelo-brozovic,https://www.sofascore.com/croatia-slovakia/XTbspUb#id:9223847,croatia,goal,regular,set-piece,18.1,55.7,0,right-foot,low-left,0,53.4,12,No information,No information,86,No information,5148,55.7,18.1,46.6,0,46.6,88,5,252,shot
erik-jirka,https://www.sofascore.com/croatia-slovakia/XTbspUb#id:9223847,slovakia,save,No information,assisted,23.7,55.7,0,right-foot,low-centre,0,49.7,1.9,No information,No information,83,No information,4931,55.7,23.7,50.3,0,50.3,98.1,8,469,shot
juraj-kucka,https://www.sofascore.com/croatia-slovakia/XTbspUb#id:9223847,slovakia,miss,No information,assisted,15.1,33.7,0,left-foot,left,0,65.4,5.6,No information,No information,76,No information,4554,33.7,15.1,34.6,0,34.6,94.4,15,846,shot
robert-bozenik,https://www.sofascore.com/croatia-slovakia/XTbspUb#id:9223847,slovakia,miss,No information,assisted,4.9,55.5,0,right-foot,left,0,99.8,1.4,No information,No information,73,No information,4360,55.5,4.9,0.2,0,0.2,98.6,18,1040,shot
dejan-lovren,https://www.sofascore.com/croatia-slovakia/XTbspUb#id:9223847,croatia,miss,No information,corner,3.7,50.7,0,head,right,0,27.1,19.4,No information,No information,62,No information,3671,50.7,3.7,72.9,0,72.9,80.6,29,1729,shot
marko-livaja,https://www.sofascore.com/croatia-slovakia/XTbspUb#id:9223847,croatia,block,No information,assisted,16.5,34.5,0,right-foot,low-right,0,46.3,19,No information,No information,61,No information,3643,34.5,16.5,53.7,0,53.7,81,30,1757,shot
robert-mak,https://www.sofascore.com/croatia-slovakia/XTbspUb#id:9223847,slovakia,block,No information,assisted,14.8,70,0,left-foot,low-right,0,46.2,19,No information,No information,59,No information,3512,70,14.8,53.8,0,53.8,81,32,1888,shot
domagoj-vida,https://www.sofascore.com/croatia-slovakia/XTbspUb#id:9223847,croatia,miss,No information,assisted,7.3,52.2,0,head,high,0,51.1,86.1,No information,No information,51,No information,3033,52.2,7.3,48.9,0,48.9,13.9,40,2367,shot
mateo-kovacic,https://www.sofascore.com/croatia-slovakia/XTbspUb#id:9223847,croatia,block,No information,assisted,25.5,35.4,0,right-foot,low-centre,0,49.2,19,No information,No information,43,No information,2574,35.4,25.5,50.8,0,50.8,81,3,126,shot
david-hancko,https://www.sofascore.com/croatia-slovakia/XTbspUb#id:9223847,slovakia,block,No information,regular,21.5,38.2,0,right-foot,low-left,0,53.5,19,No information,No information,42,No information,2471,38.2,21.5,46.5,0,46.5,81,4,229,shot
juraj-kucka,https://www.sofascore.com/croatia-slovakia/XTbspUb#id:9223847,slovakia,block,No information,assisted,24.2,61.4,0,left-foot,low-left,0,53.3,19,No information,No information,42,No information,2468,61.4,24.2,46.7,0,46.7,81,4,232,shot
marek-hamsik,https://www.sofascore.com/croatia-slovakia/XTbspUb#id:9223847,slovakia,miss,No information,assisted,20.7,30.7,0,right-foot,right,0,0.7,1.4,No information,No information,41,No information,2452,30.7,20.7,99.3,0,99.3,98.6,5,248,shot
nikola-vlasic,https://www.sofascore.com/croatia-slovakia/XTbspUb#id:9223847,croatia,save,No information,assisted,24.8,65.5,0,right-foot,low-right,0,47.3,0.6,No information,No information,34,No information,2014,65.5,24.8,52.7,0,52.7,99.4,12,686,shot
nikola-vlasic,https://www.sofascore.com/croatia-slovakia/XTbspUb#id:9223847,croatia,block,No information,assisted,21.4,55.8,0,right-foot,low-left,0,52.5,19,No information,No information,33,No information,1949,55.8,21.4,47.5,0,47.5,81,13,751,shot
juraj-kucka,https://www.sofascore.com/croatia-slovakia/XTbspUb#id:9223847,slovakia,miss,No information,corner,11.2,53.8,0,right-foot,close-right,0,41.5,16.7,No information,No information,30,No information,1775,53.8,11.2,58.5,0,58.5,83.3,16,925,shot
juraj-kucka,https://www.sofascore.com/croatia-slovakia/XTbspUb#id:9223847,slovakia,block,No information,set-piece,10.5,64.3,0,left-foot,low-left,0,54.2,19,No information,No information,30,No information,1745,64.3,10.5,45.8,0,45.8,81,16,955,shot
ivan-schranz,https://www.sofascore.com/croatia-slovakia/XTbspUb#id:9223847,slovakia,block,No information,set-piece,6.2,57.5,0,left-foot,low-centre,0,48.9,19,No information,No information,30,No information,1744,57.5,6.2,51.1,0,51.1,81,16,956,shot
ubomir-satka,https://www.sofascore.com/croatia-slovakia/XTbspUb#id:9223847,slovakia,block,No information,set-piece,8.1,53.1,0,right-foot,low-centre,0,49.9,19,No information,No information,30,No information,1742,53.1,8.1,50.1,0,50.1,81,16,958,shot
robert-mak,https://www.sofascore.com/croatia-slovakia/XTbspUb#id:9223847,slovakia,save,No information,assisted,4.6,68.4,0,right-foot,low-centre,0,48.9,13.3,No information,No information,27,No information,1560,68.4,4.6,51.1,0,51.1,86.7,19,1140,shot
vladimir-weiss,https://www.sofascore.com/croatia-slovakia/XTbspUb#id:9223847,slovakia,miss,No information,assisted,19.8,33.7,0,right-foot,close-right,0,43.5,30.6,No information,No information,22,No information,1303,33.7,19.8,56.5,0,56.5,69.4,24,1397,shot
antonio-colak,https://www.sofascore.com/croatia-slovakia/XTbspUb#id:9223847,croatia,block,No information,assisted,12,58.2,0,right-foot,low-centre,0,49.3,19,No information,No information,19,No information,1110,58.2,12,50.7,0,50.7,81,27,1590,shot
luka-ivanusec,https://www.sofascore.com/croatia-slovakia/XTbspUb#id:9223847,croatia,save,No information,assisted,29,62.4,0,right-foot,low-left,0,52,2.5,No information,No information,15,No information,847,62.4,29,48,0,48,97.5,31,1853,shot
marcelo-brozovic,https://www.sofascore.com/croatia-slovakia/XTbspUb#id:9223847,croatia,miss,No information,assisted,25.5,44.1,0,right-foot,high-right,0,35.1,88.9,No information,No information,11,No information,656,44.1,25.5,64.9,0,64.9,11.1,35,2044,shot
mislav-orsic,https://www.sofascore.com/croatia-slovakia/XTbspUb#id:9223847,croatia,post,No information,assisted,27.7,33.1,0,right-foot,high,0,53.1,40.5,No information,No information,11,No information,604,33.1,27.7,46.9,0,46.9,59.5,35,2096,shot
mislav-orsic,https://www.sofascore.com/croatia-slovakia/XTbspUb#id:9223847,croatia,block,No information,assisted,13.9,27.1,0,right-foot,low-left,0,52.9,19,No information,No information,5,No information,269,27.1,13.9,47.1,0,47.1,81,41,2431,shot
marcelo-brozovic,https://www.sofascore.com/croatia-slovakia/XTbspUb#id:9223847,croatia,miss,No information,assisted,23,46.1,0,right-foot,right,0,34.3,37.5,No information,No information,4,No information,211,46.1,23,65.7,0,65.7,62.5,42,2489,shot

erik-jirka,https://www.sofascore.com/croatia-slovakia/XTbspUb#id:9223899,slovakia,block,No information,set-piece,12.1,36.3,0,right-foot,low-right,0,48.2,19,No information,No information,90,1,5432,36.3,12.1,51.8,0,51.8,81,1,868,shot
nikola-vlasic,https://www.sofascore.com/croatia-slovakia/XTbspUb#id:9223899,croatia,miss,No information,assisted,12,51.8,0,right-foot,left,0,72.6,13.9,No information,No information,89,No information,5326,51.8,12,27.4,0,27.4,86.1,2,74,shot
marcelo-brozovic,https://www.sofascore.com/croatia-slovakia/XTbspUb#id:9223899,croatia,save,No information,regular,14.1,51.7,0,left-foot,low-centre,0,49.7,3.2,No information,No information,87,No information,5219,51.7,14.1,50.3,0,50.3,96.8,4,181,shot
marko-livaja,https://www.sofascore.com/croatia-slovakia/XTbspUb#id:9223899,croatia,miss,No information,regular,4.9,50.9,0,left-foot,left,0,72.4,11.1,No information,No information,83,No information,4956,50.9,4.9,27.6,0,27.6,88.9,8,444,shot
domagoj-vida,https://www.sofascore.com/croatia-slovakia/XTbspUb#id:9223899,croatia,miss,No information,corner,7.5,63.3,0,head,left,0,60.2,9.7,No information,No information,79,No information,4685,63.3,7.5,39.8,0,39.8,90.3,12,715,shot
ivan-perisic,https://www.sofascore.com/croatia-slovakia/XTbspUb#id:9223899,croatia,block,No information,corner,22.2,28.7,0,right-foot,low-centre,0,50.7,19,No information,No information,77,No information,4566,28.7,22.2,49.3,0,49.3,81,14,834,shot
luka-modric,https://www.sofascore.com/croatia-slovakia/XTbspUb#id:9223899,croatia,goal,regular,free-kick,17.8,48.1,0,right-foot,low-left,0,53.3,7,No information,No information,71,No information,4239,48.1,17.8,46.7,0,46.7,93,20,1161,shot
nikola-vlasic,https://www.sofascore.com/croatia-slovakia/XTbspUb#id:9223899,croatia,miss,No information,assisted,10.7,46.2,0,left-foot,right,0,33.8,8.3,No information,No information,66,No information,3920,46.2,10.7,66.2,0,66.2,91.7,25,1480,shot
andrej-kramaric,https://www.sofascore.com/croatia-slovakia/XTbspUb#id:9223899,croatia,block,No information,regular,15,49,0,head,low-centre,0,48.3,19,No information,No information,66,No information,3909,49,15,51.7,0,51.7,81,25,1491,shot
luka-modric,https://www.sofascore.com/croatia-slovakia/XTbspUb#id:9223899,croatia,save,No information,assisted,22.9,34.9,0,right-foot,low-centre,0,50.6,4.4,No information,No information,61,No information,3627,34.9,22.9,49.4,0,49.4,95.6,30,1773,shot
andrej-kramaric,https://www.sofascore.com/croatia-slovakia/XTbspUb#id:9223899,croatia,miss,No information,regular,15.2,44.9,0,left-foot,left,0,83.9,12.5,No information,No information,58,No information,3437,44.9,15.2,16.1,0,16.1,87.5,33,1963,shot
andrej-kramaric,https://www.sofascore.com/croatia-slovakia/XTbspUb#id:9223899,croatia,miss,No information,assisted,10.5,57.7,0,right-foot,high,0,46.4,73.6,No information,No information,56,No information,3302,57.7,10.5,53.6,0,53.6,26.4,35,2098,shot
mario-pasalic,https://www.sofascore.com/croatia-slovakia/XTbspUb#id:9223899,croatia,save,No information,assisted,18.3,53.8,0,head,low-centre,0,51.2,13.3,No information,No information,53,No information,3150,53.8,18.3,48.8,0,48.8,86.7,38,2250,shot
andrej-kramaric,https://www.sofascore.com/croatia-slovakia/XTbspUb#id:9223899,croatia,post,No information,assisted,5.7,60.4,0,right-foot,right,0,44.8,15.8,No information,No information,45,2,2776,60.4,5.7,55.2,0,55.2,84.2,1,2624,shot
lukas-haraslin,https://www.sofascore.com/croatia-slovakia/XTbspUb#id:9223899,slovakia,goal,regular,assisted,7.1,31.8,0,right-foot,low-left,0,53.9,5.7,No information,No information,45,No information,2689,31.8,7.1,46.1,0,46.1,94.3,1,11,shot
mario-pasalic,https://www.sofascore.com/croatia-slovakia/XTbspUb#id:9223899,croatia,save,No information,assisted,6.8,61.2,0,right-foot,low-right,0,47.1,8.2,No information,No information,45,No information,2643,61.2,6.8,52.9,0,52.9,91.8,1,57,shot
milan-skriniar,https://www.sofascore.com/croatia-slovakia/XTbspUb#id:9223899,slovakia,miss,No information,corner,8.1,45.3,0,head,left,0,61.2,33.3,No information,No information,39,No information,2306,45.3,8.1,38.8,0,38.8,66.7,7,394,shot
marcelo-brozovic,https://www.sofascore.com/croatia-slovakia/XTbspUb#id:9223899,croatia,save,No information,assisted,21.2,42.5,0,left-foot,low-left,0,52.6,10.1,No information,No information,38,No information,2229,42.5,21.2,47.4,0,47.4,89.9,8,471,shot
andrej-kramaric,https://www.sofascore.com/croatia-slovakia/XTbspUb#id:9223899,croatia,block,No information,assisted,26.2,38.4,0,right-foot,low-centre,0,51.6,19,No information,No information,34,No information,2009,38.4,26.2,48.4,0,48.4,81,12,691,shot
andrej-kramaric,https://www.sofascore.com/croatia-slovakia/XTbspUb#id:9223899,croatia,save,No information,assisted,10,51,0,head,high-centre,0,50,28.5,No information,No information,33,No information,1949,51,10,50,0,50,71.5,13,751,shot
borna-barisic,https://www.sofascore.com/croatia-slovakia/XTbspUb#id:9223899,croatia,save,No information,assisted,23.5,31.6,0,left-foot,low-right,0,46.8,8.9,No information,No information,32,No information,1877,31.6,23.5,53.2,0,53.2,91.1,14,823,shot
mario-pasalic,https://www.sofascore.com/croatia-slovakia/XTbspUb#id:9223899,croatia,save,No information,assisted,4.7,56.7,0,right-foot,low-right,0,45.8,3.2,No information,No information,30,No information,1786,56.7,4.7,54.2,0,54.2,96.8,16,914,shot
andrej-kramaric,https://www.sofascore.com/croatia-slovakia/XTbspUb#id:9223899,croatia,goal,regular,corner,1.7,51.8,0,head,high-centre,0,50.5,24.7,No information,No information,25,No information,1448,51.8,1.7,49.5,0,49.5,75.3,21,1252,shot
luka-modric,https://www.sofascore.com/croatia-slovakia/XTbspUb#id:9223899,croatia,block,No information,assisted,15.1,67.7,0,right-foot,low-centre,0,48.8,19,No information,No information,24,No information,1417,67.7,15.1,51.2,0,51.2,81,22,1283,shot
ivan-schranz,https://www.sofascore.com/croatia-slovakia/XTbspUb#id:9223899,slovakia,goal,regular,set-piece,3.5,46.6,0,head,high-centre,0,49.8,24.1,No information,No information,20,No information,1170,46.6,3.5,50.2,0,50.2,75.9,26,1530,shot
marek-hamsik,https://www.sofascore.com/croatia-slovakia/XTbspUb#id:9223899,slovakia,miss,No information,assisted,15.2,37.3,0,left-foot,high,0,51.8,91.7,No information,No information,16,No information,903,37.3,15.2,48.2,0,48.2,8.3,30,1797,shot
david-hancko,https://www.sofascore.com/croatia-slovakia/XTbspUb#id:9223899,slovakia,miss,No information,corner,17.8,45.7,0,right-foot,left,0,63.7,4.2,No information,No information,11,No information,608,45.7,17.8,36.3,0,36.3,95.8,35,2092,shot

karol-swiderski,https://www.sofascore.com/poland-slovakia/XTbsdUb#id:8602452,poland,save,No information,assisted,18.4,51.5,0,left-foot,high-right,0,47.7,27.2,No information,No information,90,3,5579,51.5,18.4,52.3,0,52.3,72.8,1,721,shot
jan-bednarek,https://www.sofascore.com/poland-slovakia/XTbsdUb#id:8602452,poland,miss,No information,assisted,13.7,50.9,0,left-foot,close-right,0,42.4,4.2,No information,No information,90,1,5412,50.9,13.7,57.6,0,57.6,95.8,1,888,shot
robert-lewandowski,https://www.sofascore.com/poland-slovakia/XTbsdUb#id:8602452,poland,miss,No information,corner,4.5,49.7,0,head,right,0,30.9,9.7,No information,No information,88,No information,5253,49.7,4.5,69.1,0,69.1,90.3,3,147,shot
tymoteusz-puchacz,https://www.sofascore.com/poland-slovakia/XTbsdUb#id:8602452,poland,miss,No information,corner,20.8,35.7,0,left-foot,high-left,0,66.2,86.1,No information,No information,85,No information,5048,35.7,20.8,33.8,0,33.8,13.9,6,352,shot
piotr-zielinski,https://www.sofascore.com/poland-slovakia/XTbsdUb#id:8602452,poland,miss,No information,assisted,26.1,57.7,0,left-foot,high,0,53.3,95.8,No information,No information,72,No information,4264,57.7,26.1,46.7,0,46.7,4.2,19,1136,shot
milan-skriniar,https://www.sofascore.com/poland-slovakia/XTbsdUb#id:8602452,slovakia,goal,regular,corner,13.8,47.6,0,right-foot,low-left,0,53.4,6.3,No information,No information,69,No information,4085,47.6,13.8,46.6,0,46.6,93.7,22,1315,shot
lukas-haraslin,https://www.sofascore.com/poland-slovakia/XTbsdUb#id:8602452,slovakia,block,No information,assisted,8.7,73.6,0,right-foot,low-right,0,47.8,19,No information,No information,68,No information,4055,73.6,8.7,52.2,0,52.2,81,23,1345,shot
robert-lewandowski,https://www.sofascore.com/poland-slovakia/XTbsdUb#id:8602452,poland,block,No information,free-kick,20.7,24.4,0,right-foot,low-centre,0,51.5,19,No information,No information,58,No information,3478,24.4,20.7,48.5,0,48.5,81,33,1922,shot
lukas-haraslin,https://www.sofascore.com/poland-slovakia/XTbsdUb#id:8602452,slovakia,miss,No information,assisted,20.8,69.3,0,left-foot,close-high,0,53.9,56.9,No information,No information,53,No information,3169,69.3,20.8,46.1,0,46.1,43.1,38,2231,shot
kamil-glik,https://www.sofascore.com/poland-slovakia/XTbsdUb#id:8602452,poland,miss,No information,corner,8.3,51.5,0,head,high-left,0,61.5,77.8,No information,No information,53,No information,3133,51.5,8.3,38.5,0,38.5,22.2,38,2267,shot
karol-linetty,https://www.sofascore.com/poland-slovakia/XTbsdUb#id:8602452,poland,save,No information,assisted,10.4,61.6,0,left-foot,low-centre,0,50,2.5,No information,No information,51,No information,3034,61.6,10.4,50,0,50,97.5,40,2366,shot
piotr-zielinski,https://www.sofascore.com/poland-slovakia/XTbsdUb#id:8602452,poland,miss,No information,assisted,17.5,74.2,0,left-foot,right,0,40.5,5.6,No information,No information,49,No information,2894,74.2,17.5,59.5,0,59.5,94.4,42,2506,shot
karol-linetty,https://www.sofascore.com/poland-slovakia/XTbsdUb#id:8602452,poland,goal,regular,assisted,7.3,47.3,0,left-foot,low-right,0,48.1,1.9,No information,No information,46,No information,2732,47.3,7.3,51.9,0,51.9,98.1,45,2668,shot
marek-hamsik,https://www.sofascore.com/poland-slovakia/XTbsdUb#id:8602452,slovakia,block,No information,assisted,24.9,70.5,0,left-foot,low-centre,0,50.9,19,No information,No information,44,No information,2619,70.5,24.9,49.1,0,49.1,81,2,81,shot
robert-lewandowski,https://www.sofascore.com/poland-slovakia/XTbsdUb#id:8602452,poland,miss,No information,assisted,10.9,38.5,0,right-foot,right,0,37.5,2.8,No information,No information,42,No information,2509,38.5,10.9,62.5,0,62.5,97.2,4,191,shot
karol-linetty,https://www.sofascore.com/poland-slovakia/XTbsdUb#id:8602452,poland,miss,No information,assisted,20,55.2,0,left-foot,high-left,0,70.1,45.8,No information,No information,37,No information,2197,55.2,20,29.9,0,29.9,54.2,9,503,shot
marek-hamsik,https://www.sofascore.com/poland-slovakia/XTbsdUb#id:8602452,slovakia,miss,No information,assisted,25.3,39.2,0,left-foot,right,0,39.7,2.8,No information,No information,36,No information,2137,39.2,25.3,60.3,0,60.3,97.2,10,563,shot
piotr-zielinski,https://www.sofascore.com/poland-slovakia/XTbsdUb#id:8602452,poland,miss,No information,assisted,20.5,70.2,0,left-foot,right,0,39.2,1.4,No information,No information,35,No information,2089,70.2,20.5,60.8,0,60.8,98.6,11,611,shot
grzegorz-krychowiak,https://www.sofascore.com/poland-slovakia/XTbsdUb#id:8602452,poland,miss,No information,regular,25.9,47,0,right-foot,close-high,0,46.6,55.6,No information,No information,34,No information,1999,47,25.9,53.4,0,53.4,44.4,12,701,shot
juraj-kucka,https://www.sofascore.com/poland-slovakia/XTbsdUb#id:8602452,slovakia,save,No information,assisted,9.6,46.6,0,head,low-centre,0,50,11.4,No information,No information,33,No information,1938,46.6,9.6,50,0,50,88.6,13,762,shot
marek-hamsik,https://www.sofascore.com/poland-slovakia/XTbsdUb#id:8602452,slovakia,block,No information,assisted,14.9,25.4,0,right-foot,low-centre,0,50.6,19,No information,No information,30,No information,1764,25.4,14.9,49.4,0,49.4,81,16,936,shot
juraj-kucka,https://www.sofascore.com/poland-slovakia/XTbsdUb#id:8602452,slovakia,miss,No information,regular,25.9,45.2,0,right-foot,close-high,0,50.3,56.9,No information,No information,27,No information,1603,45.2,25.9,49.7,0,49.7,43.1,19,1097,shot
peter-pekarik,https://www.sofascore.com/poland-slovakia/XTbsdUb#id:8602452,slovakia,block,No information,regular,23.9,66.5,0,right-foot,low-centre,0,50.8,19,No information,No information,26,No information,1525,66.5,23.9,49.2,0,49.2,81,20,1175,shot
maciej-rybus,https://www.sofascore.com/poland-slovakia/XTbsdUb#id:8602452,poland,block,No information,assisted,15.5,49.3,0,right-foot,low-right,0,47,19,No information,No information,25,No information,1498,49.3,15.5,53,0,53,81,21,1202,shot
wojciech-szczesny,https://www.sofascore.com/poland-slovakia/XTbsdUb#id:8602452,slovakia,goal,own,regular,1.1,45,0,other,low-left,0,53.9,1.3,No information,No information,18,No information,1043,45,1.1,46.1,0,46.1,98.7,28,1657,shot
robert-mak,https://www.sofascore.com/poland-slovakia/XTbsdUb#id:8602452,slovakia,block,No information,assisted,8,29.7,0,right-foot,low-centre,0,51.3,19,No information,No information,18,No information,1042,29.7,8,48.7,0,48.7,81,28,1658,shot
ondrej-duda,https://www.sofascore.com/poland-slovakia/XTbsdUb#id:8602452,slovakia,miss,No information,assisted,19.7,30.5,0,right-foot,close-left,0,56.6,1.4,No information,No information,14,No information,808,30.5,19.7,43.4,0,43.4,98.6,32,1892,shot
robert-lewandowski,https://www.sofascore.com/poland-slovakia/XTbsdUb#id:8602452,poland,block,No information,assisted,16,49.4,0,right-foot,low-centre,0,50.4,19,No information,No information,5,No information,265,49.4,16,49.6,0,49.6,81,41,2435,shot
robert-lewandowski,https://www.sofascore.com/poland-slovakia/XTbsdUb#id:8602452,poland,block,No information,assisted,26.9,59.4,0,right-foot,low-centre,0,50.8,19,No information,No information,4,No information,209,59.4,26.9,49.2,0,49.2,81,42,2491,shot

mikel-oyarzabal,https://www.sofascore.com/spain-slovakia/XTbsYTb#id:8602465,spain,miss,No information,regular,7.6,32.4,0,left-foot,close-left,0,58.3,5.6,No information,No information,89,No information,5315,32.4,7.6,41.7,0,41.7,94.4,2,85,shot
pablo-sarabia,https://www.sofascore.com/spain-slovakia/XTbsYTb#id:8602465,spain,miss,No information,assisted,21.9,40,0,left-foot,high-left,0,61,79.2,No information,No information,85,No information,5092,40,21.9,39,0,39,20.8,6,308,shot
juraj-kucka,https://www.sofascore.com/spain-slovakia/XTbsYTb#id:8602465,spain,goal,own,set-piece,1.2,50.2,0,right-foot,low-right,0,46.8,10.1,No information,No information,71,No information,4248,50.2,1.2,53.2,0,53.2,89.9,20,1152,shot
pau-torres,https://www.sofascore.com/spain-slovakia/XTbsYTb#id:8602465,spain,save,No information,set-piece,3.3,55.1,0,head,low-centre,0,48.3,12,No information,No information,71,No information,4247,55.1,3.3,51.7,0,51.7,88,20,1153,shot
thiago-alcantara,https://www.sofascore.com/spain-slovakia/XTbsYTb#id:8602465,spain,block,No information,set-piece,15.4,55.1,0,right-foot,low-left,0,53.5,19,No information,No information,71,No information,4245,55.1,15.4,46.5,0,46.5,81,20,1155,shot
ferran-torres,https://www.sofascore.com/spain-slovakia/XTbsYTb#id:8602465,spain,goal,regular,corner,2.2,55.1,0,right-foot,low-centre,0,50.8,0.6,No information,No information,67,No information,3971,55.1,2.2,49.2,0,49.2,99.4,24,1429,shot
lukas-haraslin,https://www.sofascore.com/spain-slovakia/XTbsYTb#id:8602465,slovakia,miss,No information,assisted,26.5,59.8,0,right-foot,right,0,38.8,11.1,No information,No information,62,No information,3665,59.8,26.5,61.2,0,61.2,88.9,29,1735,shot
pablo-sarabia,https://www.sofascore.com/spain-slovakia/XTbsYTb#id:8602465,spain,goal,regular,assisted,9,47,0,left-foot,low-right,0,45.3,8.9,No information,No information,56,No information,3324,47,9,54.7,0,54.7,91.1,35,2076,shot
michal-duris,https://www.sofascore.com/spain-slovakia/XTbsYTb#id:8602465,slovakia,miss,No information,assisted,14.5,27.4,0,left-foot,close-left,0,58.3,11.1,No information,No information,55,No information,3265,27.4,14.5,41.7,0,41.7,88.9,36,2135,shot
michal-duris,https://www.sofascore.com/spain-slovakia/XTbsYTb#id:8602465,slovakia,block,No information,assisted,22.4,43.4,0,right-foot,low-centre,0,50.9,19,No information,No information,48,No information,2845,43.4,22.4,49.1,0,49.1,81,43,2555,shot
aymeric-laporte,https://www.sofascore.com/spain-slovakia/XTbsYTb#id:8602465,spain,goal,regular,corner,4.1,47.2,0,head,high-right,0,45.4,26.6,No information,No information,45,3,2850,47.2,4.1,54.6,0,54.6,73.4,1,2550,shot
gerard-moreno,https://www.sofascore.com/spain-slovakia/XTbsYTb#id:8602465,spain,save,No information,assisted,18.8,50.6,0,left-foot,low-centre,0,51.7,5.1,No information,No information,45,1,2739,50.6,18.8,48.3,0,48.3,94.9,1,2661,shot
koke,https://www.sofascore.com/spain-slovakia/XTbsYTb#id:8602465,spain,miss,No information,assisted,28.9,69.7,0,right-foot,left,0,59.3,4.2,No information,No information,45,No information,2667,69.7,28.9,40.7,0,40.7,95.8,1,33,shot
martin-dubravka,https://www.sofascore.com/spain-slovakia/XTbsYTb#id:8602465,spain,goal,own,regular,0.4,50.5,0,other,low-centre,0,51.1,18.4,No information,No information,30,No information,1755,50.5,0.4,48.9,0,48.9,81.6,16,945,shot
pablo-sarabia,https://www.sofascore.com/spain-slovakia/XTbsYTb#id:8602465,spain,post,No information,regular,17.8,54.2,0,left-foot,high,0,46.8,39.9,No information,No information,30,No information,1752,54.2,17.8,53.2,0,53.2,60.1,16,948,shot
alvaro-morata,https://www.sofascore.com/spain-slovakia/XTbsYTb#id:8602465,spain,save,No information,assisted,18.7,50.1,0,right-foot,high-right,0,48,21.5,No information,No information,24,No information,1404,50.1,18.7,52,0,52,78.5,22,1296,shot
alvaro-morata,https://www.sofascore.com/spain-slovakia/XTbsYTb#id:8602465,spain,miss,No information,assisted,7.9,56.2,0,head,left,0,59.5,12.5,No information,No information,19,No information,1129,56.2,7.9,40.5,0,40.5,87.5,27,1571,shot
pablo-sarabia,https://www.sofascore.com/spain-slovakia/XTbsYTb#id:8602465,spain,save,No information,assisted,7.5,48.7,0,left-foot,low-centre,0,48.7,10.8,No information,No information,19,No information,1093,48.7,7.5,51.3,0,51.3,89.2,27,1607,shot
eric-garcia,https://www.sofascore.com/spain-slovakia/XTbsYTb#id:8602465,spain,block,No information,corner,15,46.4,0,right-foot,low-right,0,47.5,19,No information,No information,15,No information,875,46.4,15,52.5,0,52.5,81,31,1825,shot
cesar-azpilicueta,https://www.sofascore.com/spain-slovakia/XTbsYTb#id:8602465,spain,block,No information,corner,10.3,46.7,0,head,low-centre,0,49.5,19,No information,No information,15,No information,874,46.7,10.3,50.5,0,50.5,81,31,1826,shot
gerard-moreno,https://www.sofascore.com/spain-slovakia/XTbsYTb#id:8602465,spain,miss,No information,set-piece,1.7,30.3,0,left-foot,high-right,0,32.3,83.3,No information,No information,12,No information,666,30.3,1.7,67.7,0,67.7,16.7,34,2034,shot
alvaro-morata,https://www.sofascore.com/spain-slovakia/XTbsYTb#id:8602465,spain,save,No information,penalty,11.5,50,0,right-foot,low-left,0,52.6,15.2,No information,No information,12,No information,664,50,11.5,47.4,0,47.4,84.8,34,2036,shot
alvaro-morata,https://www.sofascore.com/spain-slovakia/XTbsYTb#id:8602465,spain,save,No information,assisted,2.7,32.8,0,left-foot,low-right,0,46.1,13.9,No information,No information,5,No information,269,32.8,2.7,53.9,0,53.9,86.1,41,2431,shot
cesar-azpilicueta,https://www.sofascore.com/spain-slovakia/XTbsYTb#id:8602465,spain,block,No information,regular,7.8,66.6,0,right-foot,low-centre,0,48.6,11.1,No information,No information,5,No information,270,66.6,7.8,51.4,0,51.4,88.9,41,2430,shot

matus-bero,https://www.sofascore.com/liechtenstein-slovakia/XTbsFWb#id:10752460,slovakia,miss,No information,assisted,5.1,52.6,0,head,close-right,0,43,11.1,No information,No information,90,1,5404,52.6,5.1,57,0,57,88.9,1,896,shot
graber-lukas,https://www.sofascore.com/liechtenstein-slovakia/XTbsFWb#id:10752460,liechtenstein,miss,No information,corner,11.5,69.9,0,left-foot,left,0,67.1,27.8,No information,No information,88,No information,5263,69.9,11.5,32.9,0,32.9,72.2,3,137,shot
meier-livio,https://www.sofascore.com/liechtenstein-slovakia/XTbsFWb#id:10752460,liechtenstein,block,No information,regular,12.5,77.3,0,right-foot,low-centre,0,50.2,19,No information,No information,88,No information,5220,77.3,12.5,49.8,0,49.8,81,3,180,shot
david-duris,https://www.sofascore.com/liechtenstein-slovakia/XTbsFWb#id:10752460,slovakia,block,No information,assisted,15.2,31,0,right-foot,low-centre,0,49.7,19,No information,No information,80,No information,4752,31,15.2,50.3,0,50.3,81,11,648,shot
dennis-salanovic,https://www.sofascore.com/liechtenstein-slovakia/XTbsFWb#id:10752460,liechtenstein,save,No information,regular,20.7,39.7,0,right-foot,high-right,0,47.3,24.1,No information,No information,76,No information,4501,39.7,20.7,52.7,0,52.7,75.9,15,899,shot
tomas-suslov,https://www.sofascore.com/liechtenstein-slovakia/XTbsFWb#id:10752460,slovakia,miss,No information,assisted,25,76.6,0,left-foot,high,0,55.5,61.1,No information,No information,72,No information,4312,76.6,25,44.5,0,44.5,38.9,19,1088,shot
marek-hamsik,https://www.sofascore.com/liechtenstein-slovakia/XTbsFWb#id:10752460,slovakia,miss,No information,free-kick,21.3,24.8,0,right-foot,high,0,47.7,69.4,No information,No information,71,No information,4217,24.8,21.3,52.3,0,52.3,30.6,20,1183,shot
robert-polievka,https://www.sofascore.com/liechtenstein-slovakia/XTbsFWb#id:10752460,slovakia,miss,No information,regular,6.5,47.1,0,head,right,0,36.1,29.2,No information,No information,68,No information,4036,47.1,6.5,63.9,0,63.9,70.8,23,1364,shot
tomas-suslov,https://www.sofascore.com/liechtenstein-slovakia/XTbsFWb#id:10752460,slovakia,miss,No information,assisted,28.6,49.3,0,left-foot,high,0,47.4,79.2,No information,No information,66,No information,3916,49.3,28.6,52.6,0,52.6,20.8,25,1484,shot
aron-sele,https://www.sofascore.com/liechtenstein-slovakia/XTbsFWb#id:10752460,liechtenstein,save,No information,throw-in-set-piece,18.4,55.8,0,right-foot,low-centre,0,49.1,7.6,No information,No information,57,No information,3368,55.8,18.4,50.9,0,50.9,92.4,34,2032,shot
denis-vavro,https://www.sofascore.com/liechtenstein-slovakia/XTbsFWb#id:10752460,slovakia,goal,regular,corner,3,43.3,0,head,high-left,0,52,25.3,No information,No information,45,1,2743,43.3,3,48,0,48,74.7,1,2657,shot
juraj-kucka,https://www.sofascore.com/liechtenstein-slovakia/XTbsFWb#id:10752460,slovakia,block,No information,corner,9.8,68.5,0,right-foot,low-centre,0,49.1,19,No information,No information,45,1,2718,68.5,9.8,50.9,0,50.9,81,1,2682,shot
juraj-kucka,https://www.sofascore.com/liechtenstein-slovakia/XTbsFWb#id:10752460,slovakia,save,No information,set-piece,7.8,37,0,head,low-centre,0,51.2,8.2,No information,No information,42,No information,2515,37,7.8,48.8,0,48.8,91.8,4,185,shot
marek-hamsik,https://www.sofascore.com/liechtenstein-slovakia/XTbsFWb#id:10752460,slovakia,miss,No information,set-piece,17.6,37.5,0,left-foot,high,0,50.1,81.9,No information,No information,38,No information,2246,37.5,17.6,49.9,0,49.9,18.1,8,454,shot
denis-vavro,https://www.sofascore.com/liechtenstein-slovakia/XTbsFWb#id:10752460,slovakia,block,No information,set-piece,15.2,48.9,0,right-foot,low-centre,0,50.7,19,No information,No information,38,No information,2243,48.9,15.2,49.3,0,49.3,81,8,457,shot
juraj-kucka,https://www.sofascore.com/liechtenstein-slovakia/XTbsFWb#id:10752460,slovakia,block,No information,assisted,22.7,60.3,0,right-foot,low-centre,0,50.9,19.4,No information,No information,35,No information,2049,60.3,22.7,49.1,0,49.1,80.6,11,651,shot
robert-polievka,https://www.sofascore.com/liechtenstein-slovakia/XTbsFWb#id:10752460,slovakia,block,No information,assisted,10.5,41.6,0,left-foot,low-centre,0,50.8,19,No information,No information,35,No information,2045,41.6,10.5,49.2,0,49.2,81,11,655,shot
aron-sele,https://www.sofascore.com/liechtenstein-slovakia/XTbsFWb#id:10752460,liechtenstein,save,No information,assisted,37.9,86.3,0,right-foot,low-left,0,53.8,1.3,No information,No information,31,No information,1829,86.3,37.9,46.2,0,46.2,98.7,15,871,shot
maximilian-goppel,https://www.sofascore.com/liechtenstein-slovakia/XTbsFWb#id:10752460,liechtenstein,save,No information,assisted,7.9,37.9,0,left-foot,high-left,0,51.9,24.7,No information,No information,24,No information,1436,37.9,7.9,48.1,0,48.1,75.3,22,1264,shot
marek-hamsik,https://www.sofascore.com/liechtenstein-slovakia/XTbsFWb#id:10752460,slovakia,miss,No information,assisted,22.1,29.5,0,right-foot,high-right,0,42.9,79.2,No information,No information,23,No information,1378,29.5,22.1,57.1,0,57.1,20.8,23,1322,shot
david-hancko,https://www.sofascore.com/liechtenstein-slovakia/XTbsFWb#id:10752460,slovakia,miss,No information,assisted,27.1,32.2,0,left-foot,high,0,51.4,79.2,No information,No information,20,No information,1157,32.2,27.1,48.6,0,48.6,20.8,26,1543,shot
robert-polievka,https://www.sofascore.com/liechtenstein-slovakia/XTbsFWb#id:10752460,slovakia,miss,No information,assisted,12,69.7,0,right-foot,close-right,0,41.8,12.5,No information,No information,17,No information,1008,69.7,12,58.2,0,58.2,87.5,29,1692,shot
robert-polievka,https://www.sofascore.com/liechtenstein-slovakia/XTbsFWb#id:10752460,slovakia,block,No information,corner,8.2,55.2,0,right-foot,low-centre,0,49.1,19,No information,No information,13,No information,765,55.2,8.2,50.9,0,50.9,81,33,1935,shot
milan-skriniar,https://www.sofascore.com/liechtenstein-slovakia/XTbsFWb#id:10752460,slovakia,save,No information,assisted,16.4,43.8,0,right-foot,low-right,0,47,3.2,No information,No information,12,No information,698,43.8,16.4,53,0,53,96.8,34,2002,shot
robert-polievka,https://www.sofascore.com/liechtenstein-slovakia/XTbsFWb#id:10752460,slovakia,block,No information,corner,10.7,68,0,left-foot,low-centre,0,49.7,19,No information,No information,11,No information,626,68,10.7,50.3,0,50.3,81,35,2074,shot
tomas-suslov,https://www.sofascore.com/liechtenstein-slovakia/XTbsFWb#id:10752460,slovakia,block,No information,assisted,24.6,74.6,0,left-foot,low-right,0,47.8,19,No information,No information,10,No information,591,74.6,24.6,52.2,0,52.2,81,36,2109,shot
juraj-kucka,https://www.sofascore.com/liechtenstein-slovakia/XTbsFWb#id:10752460,slovakia,save,No information,corner,4.7,54.4,0,head,low-centre,0,51,7.6,No information,No information,7,No information,385,54.4,4.7,49,0,49,92.4,39,2315,shot

ladislav-almasi,https://www.sofascore.com/kazakhstan-slovakia/XTbsxVb#id:10225889,slovakia,miss,No information,assisted,10.3,54.2,0,head,high-right,0,36,66.7,No information,No information,90,4,5602,54.2,10.3,64,0,64,33.3,1,698,shot
peter-pekarik,https://www.sofascore.com/kazakhstan-slovakia/XTbsxVb#id:10225889,slovakia,block,No information,regular,20.4,46.6,0,right-foot,low-left,0,51.9,19,No information,No information,90,3,5560,46.6,20.4,48.1,0,48.1,81,1,740,shot
juraj-kucka,https://www.sofascore.com/kazakhstan-slovakia/XTbsxVb#id:10225889,slovakia,save,No information,assisted,11.8,72.8,0,right-foot,low-right,0,47.4,11.4,No information,No information,69,No information,4134,72.8,11.8,52.6,0,52.6,88.6,22,1266,shot
vernon-de-marco,https://www.sofascore.com/kazakhstan-slovakia/XTbsxVb#id:10225889,slovakia,miss,No information,corner,7.8,50.1,0,head,high-left,0,62,41.7,No information,No information,68,No information,4051,50.1,7.8,38,0,38,58.3,23,1349,shot
peter-pekarik,https://www.sofascore.com/kazakhstan-slovakia/XTbsxVb#id:10225889,slovakia,save,No information,corner,27.6,63.9,0,right-foot,low-left,0,52.4,19.6,No information,No information,66,No information,3923,63.9,27.6,47.6,0,47.6,80.4,25,1477,shot
peter-pekarik,https://www.sofascore.com/kazakhstan-slovakia/XTbsxVb#id:10225889,slovakia,miss,No information,assisted,8,55.5,0,head,left,0,99.8,2.8,No information,No information,61,No information,3621,55.5,8,0.2,0,0.2,97.2,30,1779,shot
aslan-darabaev,https://www.sofascore.com/kazakhstan-slovakia/XTbsxVb#id:10225889,kazakhstan,miss,No information,assisted,32.2,45.8,0,right-foot,close-right,0,42.5,4.2,No information,No information,59,No information,3509,45.8,32.2,57.5,0,57.5,95.8,32,1891,shot
lukas-haraslin,https://www.sofascore.com/kazakhstan-slovakia/XTbsxVb#id:10225889,slovakia,block,No information,assisted,14,30.5,0,right-foot,low-left,0,52.2,19,No information,No information,56,No information,3302,30.5,14,47.8,0,47.8,81,35,2098,shot
matus-bero,https://www.sofascore.com/kazakhstan-slovakia/XTbsxVb#id:10225889,slovakia,block,No information,regular,18.8,59,0,right-foot,low-centre,0,49.6,19,No information,No information,54,No information,3234,59,18.8,50.4,0,50.4,81,37,2166,shot
norbert-gyomber,https://www.sofascore.com/kazakhstan-slovakia/XTbsxVb#id:10225889,slovakia,miss,No information,corner,8.7,45.8,0,head,high-left,0,62.4,61.1,No information,No information,54,No information,3188,45.8,8.7,37.6,0,37.6,38.9,37,2212,shot
juraj-kucka,https://www.sofascore.com/kazakhstan-slovakia/XTbsxVb#id:10225889,slovakia,block,No information,assisted,11,63.9,0,right-foot,low-left,0,53.7,19,No information,No information,53,No information,3159,63.9,11,46.3,0,46.3,81,38,2241,shot
matus-bero,https://www.sofascore.com/kazakhstan-slovakia/XTbsxVb#id:10225889,slovakia,goal,regular,assisted,20.1,59.2,0,left-foot,low-right,0,46.1,3.2,No information,No information,51,No information,3032,59.2,20.1,53.9,0,53.9,96.8,40,2368,shot
aslan-darabaev,https://www.sofascore.com/kazakhstan-slovakia/XTbsxVb#id:10225889,kazakhstan,miss,No information,assisted,29.5,62,0,right-foot,left,0,72.1,4.2,No information,No information,50,No information,2960,62,29.5,27.9,0,27.9,95.8,41,2440,shot
askhat-tagybergen,https://www.sofascore.com/kazakhstan-slovakia/XTbsxVb#id:10225889,kazakhstan,miss,No information,assisted,25.9,58.1,0,left-foot,high,0,54.3,62.5,No information,No information,49,No information,2929,58.1,25.9,45.7,0,45.7,37.5,42,2471,shot
astanov-elkhan,https://www.sofascore.com/kazakhstan-slovakia/XTbsxVb#id:10225889,kazakhstan,goal,regular,regular,9.3,53.6,0,head,low-left,0,53,11.4,No information,No information,39,No information,2297,53.6,9.3,47,0,47,88.6,7,403,shot
yan-vorogovskiy,https://www.sofascore.com/kazakhstan-slovakia/XTbsxVb#id:10225889,kazakhstan,save,No information,regular,7.3,41.9,0,right-foot,low-left,0,52.7,1.9,No information,No information,30,No information,1797,41.9,7.3,47.3,0,47.3,98.1,16,903,shot
ondrej-duda,https://www.sofascore.com/kazakhstan-slovakia/XTbsxVb#id:10225889,slovakia,miss,No information,regular,12,47.4,0,right-foot,right,0,28.4,1.4,No information,No information,30,No information,1747,47.4,12,71.6,0,71.6,98.6,16,953,shot
patrik-hrosovsky,https://www.sofascore.com/kazakhstan-slovakia/XTbsxVb#id:10225889,slovakia,save,No information,assisted,26.1,32.8,0,right-foot,low-centre,0,50.1,10.1,No information,No information,26,No information,1515,32.8,26.1,49.9,0,49.9,89.9,20,1185,shot
patrik-hrosovsky,https://www.sofascore.com/kazakhstan-slovakia/XTbsxVb#id:10225889,slovakia,miss,No information,assisted,26.6,66.4,0,right-foot,left,0,65.2,8.3,No information,No information,22,No information,1261,66.4,26.6,34.8,0,34.8,91.7,24,1439,shot
abat-aimbetov,https://www.sofascore.com/kazakhstan-slovakia/XTbsxVb#id:10225889,kazakhstan,block,No information,assisted,24.4,67.6,0,right-foot,low-centre,0,51.5,19,No information,No information,21,No information,1215,67.6,24.4,48.5,0,48.5,81,25,1485,shot
yan-vorogovskiy,https://www.sofascore.com/kazakhstan-slovakia/XTbsxVb#id:10225889,kazakhstan,goal,regular,assisted,8.8,47.6,0,left-foot,low-centre,0,49.8,3.2,No information,No information,18,No information,1051,47.6,8.8,50.2,0,50.2,96.8,28,1649,shot
albert-rusnak,https://www.sofascore.com/kazakhstan-slovakia/XTbsxVb#id:10225889,slovakia,save,No information,regular,17.1,51.3,0,left-foot,low-centre,0,50.9,1.9,No information,No information,16,No information,902,51.3,17.1,49.1,0,49.1,98.1,30,1798,shot
ondrej-duda,https://www.sofascore.com/kazakhstan-slovakia/XTbsxVb#id:10225889,slovakia,block,No information,assisted,18.4,53.2,0,right-foot,low-centre,0,48.9,19,No information,No information,11,No information,618,53.2,18.4,51.1,0,51.1,81,35,2082,shot
matus-bero,https://www.sofascore.com/kazakhstan-slovakia/XTbsxVb#id:10225889,slovakia,miss,No information,corner,6.3,60,0,head,left,0,95.5,1.4,No information,No information,6,No information,317,60,6.3,4.5,0,4.5,98.6,40,2383,shot

eran-zahavi,https://www.sofascore.com/slovakia-israel/FObsXTb#id:8600837,israel,save,No information,assisted,24.2,54.8,0,right-foot,low-left,0,53.5,9.5,No information,No information,90,4,5631,54.8,24.2,46.5,0,46.5,90.5,1,669,shot
manor-solomon,https://www.sofascore.com/slovakia-israel/FObsXTb#id:8600837,israel,block,No information,assisted,18.2,29.4,0,right-foot,low-right,0,47.3,19,No information,No information,90,4,5615,29.4,18.2,52.7,0,52.7,81,1,685,shot
nir-bitton,https://www.sofascore.com/slovakia-israel/FObsXTb#id:8600837,israel,miss,No information,assisted,25.2,65.8,0,right-foot,high,0,47.2,88.9,No information,No information,90,3,5532,65.8,25.2,52.8,0,52.8,11.1,1,768,shot
ilay-elmkies,https://www.sofascore.com/slovakia-israel/FObsXTb#id:8600837,israel,goal,regular,assisted,9,49.5,0,right-foot,low-right,0,46.1,7.6,No information,No information,90,1,5422,49.5,9,53.9,0,53.9,92.4,1,878,shot
robert-bozenik,https://www.sofascore.com/slovakia-israel/FObsXTb#id:8600837,slovakia,miss,No information,corner,5.1,61.1,0,right-foot,right,0,40.7,18.1,No information,No information,88,No information,5248,61.1,5.1,59.3,0,59.3,81.9,3,152,shot
robert-bozenik,https://www.sofascore.com/slovakia-israel/FObsXTb#id:8600837,slovakia,save,No information,assisted,11.8,70.1,0,right-foot,high-right,0,46.6,20.9,No information,No information,87,No information,5201,70.1,11.8,53.4,0,53.4,79.1,4,199,shot
dor-peretz,https://www.sofascore.com/slovakia-israel/FObsXTb#id:8600837,israel,save,No information,assisted,26.2,41.6,0,right-foot,low-centre,0,50.6,4.4,No information,No information,85,No information,5065,41.6,26.2,49.4,0,49.4,95.6,6,335,shot
shon-weissman,https://www.sofascore.com/slovakia-israel/FObsXTb#id:8600837,israel,save,No information,assisted,15,70.2,0,left-foot,low-centre,0,51.5,17.7,No information,No information,84,No information,4999,70.2,15,48.5,0,48.5,82.3,7,401,shot
yonatan-cohen,https://www.sofascore.com/slovakia-israel/FObsXTb#id:8600837,israel,miss,No information,free-kick,23,73.2,0,left-foot,high,0,44.4,63.9,No information,No information,81,No information,4846,73.2,23,55.6,0,55.6,36.1,10,554,shot
eran-zahavi,https://www.sofascore.com/slovakia-israel/FObsXTb#id:8600837,israel,miss,No information,assisted,15.1,60.2,0,right-foot,close-right,0,41.8,9.7,No information,No information,76,No information,4524,60.2,15.1,58.2,0,58.2,90.3,15,876,shot
eran-zahavi,https://www.sofascore.com/slovakia-israel/FObsXTb#id:8600837,israel,miss,No information,free-kick,25.1,39.5,0,right-foot,close-high,0,54.6,51.4,No information,No information,74,No information,4431,39.5,25.1,45.4,0,45.4,48.6,17,969,shot
eran-zahavi,https://www.sofascore.com/slovakia-israel/FObsXTb#id:8600837,israel,save,No information,assisted,29,51,0,right-foot,low-centre,0,50.4,9.5,No information,No information,69,No information,4092,51,29,49.6,0,49.6,90.5,22,1308,shot
eran-zahavi,https://www.sofascore.com/slovakia-israel/FObsXTb#id:8600837,israel,block,No information,assisted,24.2,66.8,0,right-foot,low-centre,0,49.8,19,No information,No information,61,No information,3603,66.8,24.2,50.2,0,50.2,81,30,1797,shot
shon-weissman,https://www.sofascore.com/slovakia-israel/FObsXTb#id:8600837,israel,miss,No information,assisted,23,44.8,0,right-foot,high,0,54.5,61.1,No information,No information,58,No information,3459,44.8,23,45.5,0,45.5,38.9,33,1941,shot
michal-duris,https://www.sofascore.com/slovakia-israel/FObsXTb#id:8600837,slovakia,save,No information,assisted,14.9,34.5,0,right-foot,low-right,0,46.1,19,No information,No information,54,No information,3202,34.5,14.9,53.9,0,53.9,81,37,2198,shot
juraj-kucka,https://www.sofascore.com/slovakia-israel/FObsXTb#id:8600837,slovakia,miss,No information,regular,50.2,50,0,right-foot,left,0,77.3,2.8,No information,No information,46,No information,2700,50,50.2,22.7,0,22.7,97.2,45,0,shot
munas-dabbur,https://www.sofascore.com/slovakia-israel/FObsXTb#id:8600837,israel,block,No information,corner,3.7,38.4,0,head,low-left,0,54.2,19,No information,No information,45,1,2715,38.4,3.7,45.8,0,45.8,81,1,2685,shot
manor-solomon,https://www.sofascore.com/slovakia-israel/FObsXTb#id:8600837,israel,block,No information,assisted,19.7,52.4,0,right-foot,low-centre,0,48.3,19,No information,No information,45,No information,2672,52.4,19.7,51.7,0,51.7,81,1,28,shot
manor-solomon,https://www.sofascore.com/slovakia-israel/FObsXTb#id:8600837,israel,miss,No information,assisted,9.8,28.8,0,right-foot,high-right,0,43.2,63.9,No information,No information,39,No information,2336,28.8,9.8,56.8,0,56.8,36.1,7,364,shot
dor-peretz,https://www.sofascore.com/slovakia-israel/FObsXTb#id:8600837,israel,miss,No information,assisted,22.7,63.4,0,right-foot,close-left,0,59,6.9,No information,No information,33,No information,1954,63.4,22.7,41,0,41,93.1,13,746,shot
eran-zahavi,https://www.sofascore.com/slovakia-israel/FObsXTb#id:8600837,israel,miss,No information,assisted,7.5,55.5,0,right-foot,high,0,48.7,76.4,No information,No information,29,No information,1729,55.5,7.5,51.3,0,51.3,23.6,17,971,shot
manor-solomon,https://www.sofascore.com/slovakia-israel/FObsXTb#id:8600837,israel,block,No information,assisted,14.9,65.8,0,right-foot,low-centre,0,51.1,19,No information,No information,21,No information,1206,65.8,14.9,48.9,0,48.9,81,25,1494,shot
michal-duris,https://www.sofascore.com/slovakia-israel/FObsXTb#id:8600837,slovakia,miss,No information,assisted,8.8,50.1,0,head,high,0,47.2,66.7,No information,No information,17,No information,991,50.1,8.8,52.8,0,52.8,33.3,29,1709,shot
michal-duris,https://www.sofascore.com/slovakia-israel/FObsXTb#id:8600837,slovakia,goal,regular,assisted,11.4,51.5,0,right-foot,high-right,0,46.4,24.1,No information,No information,14,No information,805,51.5,11.4,53.6,0,53.6,75.9,32,1895,shot
eli-dasa,https://www.sofascore.com/slovakia-israel/FObsXTb#id:8600837,israel,save,No information,regular,13.4,71.7,0,right-foot,high-right,0,46.7,25.3,No information,No information,10,No information,560,71.7,13.4,53.3,0,53.3,74.7,36,2140,shot
eran-zahavi,https://www.sofascore.com/slovakia-israel/FObsXTb#id:8600837,israel,miss,No information,assisted,12.6,40.3,0,right-foot,high,0,51.8,66.7,No information,No information,7,No information,371,40.3,12.6,48.2,0,48.2,33.3,39,2329,shot
