Player,Game Link,Country,shotType,goalType,situation,X,Y,Z,bodyPart,goalMouthLocation,Goal Mouth X,Goal mouth Y,Goal Mouth Z,XG,XGOT,time,addedTime,timeSeconds,Start X,Start Y,End X,End Y,Goal X,Goal Y,reversedPeriodTime,reversedPeriodTimeSeconds,incidentType
rodrigo,https://www.sofascore.com/greece-spain/YTbskUb#id:9223888,spain,block,No information,assisted,10.8,66,0,left-foot,low-centre,0,51,19,No information,No information,90,3,5577,66,10.8,49,0,49,81,1,723,shot
rodrigo,https://www.sofascore.com/greece-spain/YTbskUb#id:9223888,spain,block,No information,assisted,13,38.6,0,left-foot,low-centre,0,50.8,19,No information,No information,83,No information,4949,38.6,13,49.2,0,49.2,81,8,451,shot
georgios-tzavellas,https://www.sofascore.com/greece-spain/YTbskUb#id:9223888,greece,miss,No information,set-piece,8.3,46.6,0,head,right,0,34.8,12.5,No information,No information,79,No information,4714,46.6,8.3,65.2,0,65.2,87.5,12,686,shot
rodri,https://www.sofascore.com/greece-spain/YTbskUb#id:9223888,spain,miss,No information,assisted,24.3,31.8,0,right-foot,high,0,50.1,63.9,No information,No information,74,No information,4419,31.8,24.3,49.9,0,49.9,36.1,17,981,shot
rodrigo,https://www.sofascore.com/greece-spain/YTbskUb#id:9223888,spain,miss,No information,assisted,14,71.5,0,left-foot,close-right,0,42,2.8,No information,No information,68,No information,4040,71.5,14,58,0,58,97.2,23,1360,shot
tzolis-christos,https://www.sofascore.com/greece-spain/YTbskUb#id:9223888,greece,block,No information,assisted,12.2,36.5,0,right-foot,low-left,0,52,19,No information,No information,54,No information,3186,36.5,12.2,48,0,48,81,37,2214,shot
raul-de-tomas,https://www.sofascore.com/greece-spain/YTbskUb#id:9223888,spain,block,No information,assisted,24.9,40.8,0,right-foot,low-left,0,54.3,19,No information,No information,49,No information,2911,40.8,24.9,45.7,0,45.7,81,42,2489,shot
rodri,https://www.sofascore.com/greece-spain/YTbskUb#id:9223888,spain,block,No information,regular,21.2,42.3,0,left-foot,low-centre,0,49.9,19,No information,No information,38,No information,2274,42.3,21.2,50.1,0,50.1,81,8,426,shot
alvaro-morata,https://www.sofascore.com/greece-spain/YTbskUb#id:9223888,spain,save,No information,assisted,4.7,35.3,0,left-foot,low-centre,0,50.8,7,No information,No information,36,No information,2119,35.3,4.7,49.2,0,49.2,93,10,581,shot
jose-luis-gaya,https://www.sofascore.com/greece-spain/YTbskUb#id:9223888,spain,save,No information,corner,30.3,36.3,0,left-foot,low-centre,0,51,12,No information,No information,29,No information,1738,36.3,30.3,49,0,49,88,17,962,shot
pablo-sarabia,https://www.sofascore.com/greece-spain/YTbskUb#id:9223888,spain,goal,penalty,penalty,11.5,50,0,left-foot,low-right,0,46.9,6.3,No information,No information,26,No information,1513,50,11.5,53.1,0,53.1,93.7,20,1187,shot
aymeric-laporte,https://www.sofascore.com/greece-spain/YTbskUb#id:9223888,spain,block,No information,corner,8.1,52.2,0,head,low-centre,0,50.3,19,No information,No information,24,No information,1388,52.2,8.1,49.7,0,49.7,81,22,1312,shot
raul-de-tomas,https://www.sofascore.com/greece-spain/YTbskUb#id:9223888,spain,block,No information,assisted,12,43.1,0,left-foot,low-centre,0,51,19,No information,No information,23,No information,1352,43.1,12,49,0,49,81,23,1348,shot
pablo-sarabia,https://www.sofascore.com/greece-spain/YTbskUb#id:9223888,spain,miss,No information,assisted,7.4,38.9,0,left-foot,left,0,73.3,5.6,No information,No information,4,No information,210,38.9,7.4,26.7,0,26.7,94.4,42,2490,shot
athanasios-androutsos,https://www.sofascore.com/greece-spain/YTbskUb#id:9223888,greece,save,No information,assisted,13.8,50.3,0,head,low-centre,0,50.2,9.5,No information,No information,3,No information,159,50.3,13.8,49.8,0,49.8,90.5,43,2541,shot

cristiano-ronaldo,https://www.sofascore.com/portugal-spain/YTbseUb#id:10023338,portugal,save,No information,assisted,5.9,67.8,0,right-foot,low-right,0,46.4,1.9,No information,No information,90,No information,5393,67.8,5.9,53.6,0,53.6,98.1,1,7,shot
alvaro-morata,https://www.sofascore.com/portugal-spain/YTbseUb#id:10023338,spain,goal,regular,assisted,2.1,50.5,0,left-foot,high-centre,0,50.1,24.7,No information,No information,88,No information,5252,50.5,2.1,49.9,0,49.9,75.3,3,148,shot
nico-williams,https://www.sofascore.com/portugal-spain/YTbseUb#id:10023338,spain,save,No information,assisted,21.8,72.8,0,left-foot,low-right,0,47.1,3.2,No information,No information,84,No information,5012,72.8,21.8,52.9,0,52.9,96.8,7,388,shot
alvaro-morata,https://www.sofascore.com/portugal-spain/YTbseUb#id:10023338,spain,save,No information,assisted,24.2,58.5,0,left-foot,low-left,0,52.7,1.3,No information,No information,77,No information,4572,58.5,24.2,47.3,0,47.3,98.7,14,828,shot
nico-williams,https://www.sofascore.com/portugal-spain/YTbseUb#id:10023338,spain,save,No information,assisted,14.7,25.8,0,right-foot,low-right,0,47.1,1.3,No information,No information,74,No information,4385,25.8,14.7,52.9,0,52.9,98.7,17,1015,shot
alvaro-morata,https://www.sofascore.com/portugal-spain/YTbseUb#id:10023338,spain,save,No information,assisted,10,31,0,left-foot,low-centre,0,51.1,2.5,No information,No information,71,No information,4229,31,10,48.9,0,48.9,97.5,20,1171,shot
ferran-torres,https://www.sofascore.com/portugal-spain/YTbseUb#id:10023338,spain,block,No information,assisted,20.8,30.5,0,right-foot,low-right,0,46.5,19,No information,No information,71,No information,4206,30.5,20.8,53.5,0,53.5,81,20,1194,shot
ruben-dias,https://www.sofascore.com/portugal-spain/YTbseUb#id:10023338,portugal,miss,No information,corner,8.3,44.9,0,head,high-left,0,57.5,62.5,No information,No information,70,No information,4169,44.9,8.3,42.5,0,42.5,37.5,21,1231,shot
ruben-dias,https://www.sofascore.com/portugal-spain/YTbseUb#id:10023338,portugal,block,No information,set-piece,8.5,61.2,0,right-foot,low-centre,0,48.5,19,No information,No information,69,No information,4128,61.2,8.5,51.5,0,51.5,81,22,1272,shot
rodri,https://www.sofascore.com/portugal-spain/YTbseUb#id:10023338,spain,miss,No information,corner,8.8,61.8,0,head,high-right,0,42.2,77.8,No information,No information,66,No information,3955,61.8,8.8,57.8,0,57.8,22.2,25,1445,shot
carlos-soler,https://www.sofascore.com/portugal-spain/YTbseUb#id:10023338,spain,miss,No information,assisted,28.7,52.7,0,right-foot,high-right,0,43.5,79.2,No information,No information,56,No information,3357,52.7,28.7,56.5,0,56.5,20.8,35,2043,shot
william-carvalho,https://www.sofascore.com/portugal-spain/YTbseUb#id:10023338,portugal,block,No information,regular,15.5,43.5,0,right-foot,low-centre,0,51.3,16.7,No information,No information,48,No information,2868,43.5,15.5,48.7,0,48.7,83.3,43,2532,shot
cristiano-ronaldo,https://www.sofascore.com/portugal-spain/YTbseUb#id:10023338,portugal,save,No information,assisted,8.3,37.1,0,left-foot,low-centre,0,51.5,3.8,No information,No information,47,No information,2795,37.1,8.3,48.5,0,48.5,96.2,44,2605,shot
bruno-fernandes,https://www.sofascore.com/portugal-spain/YTbseUb#id:10023338,portugal,miss,No information,assisted,24.1,36.3,0,left-foot,close-left,0,56.3,23.6,No information,No information,37,No information,2217,36.3,24.1,43.7,0,43.7,76.4,9,483,shot
diogo-jota,https://www.sofascore.com/portugal-spain/YTbseUb#id:10023338,portugal,save,No information,fast-break,14,39.8,0,right-foot,high-left,0,53.2,31,No information,No information,33,No information,1937,39.8,14,46.8,0,46.8,69,13,763,shot
alvaro-morata,https://www.sofascore.com/portugal-spain/YTbseUb#id:10023338,spain,block,No information,assisted,20.9,34.2,0,right-foot,low-centre,0,50.7,19,No information,No information,30,No information,1796,34.2,20.9,49.3,0,49.3,81,16,904,shot
ruben-dias,https://www.sofascore.com/portugal-spain/YTbseUb#id:10023338,portugal,miss,No information,corner,6.7,49.5,0,head,right,0,38.7,15.3,No information,No information,28,No information,1676,49.5,6.7,61.3,0,61.3,84.7,18,1024,shot
ruben-neves,https://www.sofascore.com/portugal-spain/YTbseUb#id:10023338,portugal,save,No information,corner,22.8,29.1,0,right-foot,low-left,0,53.3,15.2,No information,No information,23,No information,1369,29.1,22.8,46.7,0,46.7,84.8,23,1331,shot
pablo-sarabia,https://www.sofascore.com/portugal-spain/YTbseUb#id:10023338,spain,block,No information,assisted,14.7,47.8,0,left-foot,low-centre,0,49.8,19,No information,No information,8,No information,451,47.8,14.7,50.2,0,50.2,81,38,2249,shot

lawrence-shankland,https://www.sofascore.com/spain-scotland/VTbsYTb#id:10752407,scotland,save,No information,fast-break,11.8,35.3,0,left-foot,low-left,0,52.6,3.2,No information,No information,90,6,5734,35.3,11.8,47.4,0,47.4,96.8,1,566,shot
yeremy-pino,https://www.sofascore.com/spain-scotland/VTbsYTb#id:10752407,spain,miss,No information,corner,22.7,54.8,0,right-foot,right,0,40.5,23.6,No information,No information,90,3,5560,54.8,22.7,59.5,0,59.5,76.4,1,740,shot
ryan-christie,https://www.sofascore.com/spain-scotland/VTbsYTb#id:10752407,scotland,miss,No information,corner,26.1,49.8,0,right-foot,right,0,31.3,26.4,No information,No information,66,No information,3942,49.8,26.1,68.7,0,68.7,73.6,25,1458,shot
iago-aspas,https://www.sofascore.com/spain-scotland/VTbsYTb#id:10752407,spain,miss,No information,assisted,8.8,58.9,0,left-foot,high,0,49.2,76.4,No information,No information,62,No information,3678,58.9,8.8,50.8,0,50.8,23.6,29,1722,shot
john-mcginn,https://www.sofascore.com/spain-scotland/VTbsYTb#id:10752407,scotland,post,No information,free-kick,11.6,93.1,0,left-foot,high,0,46.1,38.6,No information,No information,57,No information,3402,93.1,11.6,53.9,0,53.9,61.4,34,1998,shot
scott-mctominay,https://www.sofascore.com/spain-scotland/VTbsYTb#id:10752407,scotland,goal,regular,fast-break,13.7,42,0,left-foot,low-left,0,53.2,8.2,No information,No information,51,No information,3054,42,13.7,46.8,0,46.8,91.8,40,2346,shot
ryan-christie,https://www.sofascore.com/spain-scotland/VTbsYTb#id:10752407,scotland,miss,No information,set-piece,18.6,46.2,0,left-foot,left,0,68.6,9.7,No information,No information,50,No information,2955,46.2,18.6,31.4,0,31.4,90.3,41,2445,shot
rodri,https://www.sofascore.com/spain-scotland/VTbsYTb#id:10752407,spain,save,No information,assisted,21.9,58.7,0,left-foot,low-centre,0,50.2,5.1,No information,No information,47,No information,2763,58.7,21.9,49.8,0,49.8,94.9,44,2637,shot
lyndon-dykes,https://www.sofascore.com/spain-scotland/VTbsYTb#id:10752407,scotland,miss,No information,fast-break,9.7,37.6,0,right-foot,high,0,45.2,62.5,No information,No information,45,2,2777,37.6,9.7,54.8,0,54.8,37.5,1,2623,shot
yeremy-pino,https://www.sofascore.com/spain-scotland/VTbsYTb#id:10752407,spain,miss,No information,corner,15.2,58.8,0,right-foot,high,0,48.6,65.3,No information,No information,30,No information,1769,58.8,15.2,51.4,0,51.4,34.7,16,931,shot
pedro-porro,https://www.sofascore.com/spain-scotland/VTbsYTb#id:10752407,spain,save,No information,assisted,24.2,67.9,0,right-foot,high-right,0,46.1,27.8,No information,No information,29,No information,1738,67.9,24.2,53.9,0,53.9,72.2,17,962,shot
rodri,https://www.sofascore.com/spain-scotland/VTbsYTb#id:10752407,spain,miss,No information,corner,5.9,61,0,head,close-high,0,50.6,52.8,No information,No information,29,No information,1688,61,5.9,49.4,0,49.4,47.2,17,1012,shot
joselu,https://www.sofascore.com/spain-scotland/VTbsYTb#id:10752407,spain,post,No information,assisted,5,46.8,0,head,high,0,53.9,39.9,No information,No information,23,No information,1371,46.8,5,46.1,0,46.1,60.1,23,1329,shot
joselu,https://www.sofascore.com/spain-scotland/VTbsYTb#id:10752407,spain,save,No information,assisted,6.9,56.1,0,head,high-centre,0,50.5,26.6,No information,No information,20,No information,1170,56.1,6.9,49.5,0,49.5,73.4,26,1530,shot
ryan-christie,https://www.sofascore.com/spain-scotland/VTbsYTb#id:10752407,scotland,miss,No information,fast-break,15.8,57.5,0,left-foot,close-right,0,43.7,6.9,No information,No information,15,No information,847,57.5,15.8,56.3,0,56.3,93.1,31,1853,shot
scott-mctominay,https://www.sofascore.com/spain-scotland/VTbsYTb#id:10752407,scotland,goal,regular,assisted,11.1,39.6,0,left-foot,low-centre,0,49,6.3,No information,No information,7,No information,384,39.6,11.1,51,0,51,93.7,39,2316,shot
lyndon-dykes,https://www.sofascore.com/spain-scotland/VTbsYTb#id:10752407,scotland,block,No information,regular,18.5,37.8,0,left-foot,low-centre,0,50.9,19,No information,No information,2,No information,82,37.8,18.5,49.1,0,49.1,81,44,2618,shot

giorgi-kochorashvili,https://www.sofascore.com/georgia-spain/YTbsnVb#id:10752581,georgia,miss,No information,free-kick,21.3,73.9,0,right-foot,high,0,46.1,81.9,No information,No information,90,5,5684,73.9,21.3,53.9,0,53.9,18.1,1,616,shot
fabian-ruiz,https://www.sofascore.com/georgia-spain/YTbsnVb#id:10752581,spain,save,No information,assisted,26.6,45.2,0,left-foot,low-centre,0,50.3,7,No information,No information,90,No information,5395,45.2,26.6,49.7,0,49.7,93,1,5,shot
oihan-sancet,https://www.sofascore.com/georgia-spain/YTbsnVb#id:10752581,spain,miss,No information,set-piece,16,47.8,0,right-foot,high-left,0,60.3,77.8,No information,No information,84,No information,5008,47.8,16,39.7,0,39.7,22.2,7,392,shot
rodri,https://www.sofascore.com/georgia-spain/YTbsnVb#id:10752581,spain,miss,No information,assisted,22.5,59.4,0,left-foot,high-left,0,62.2,84.7,No information,No information,82,No information,4877,59.4,22.5,37.8,0,37.8,15.3,9,523,shot
oihan-sancet,https://www.sofascore.com/georgia-spain/YTbsnVb#id:10752581,spain,miss,No information,corner,7,59.4,0,head,left,0,100,4.2,No information,No information,78,No information,4645,59.4,7,0,0,0,95.8,13,755,shot
fabian-ruiz,https://www.sofascore.com/georgia-spain/YTbsnVb#id:10752581,spain,block,No information,assisted,19.8,61.5,0,left-foot,low-centre,0,50.4,19,No information,No information,77,No information,4596,61.5,19.8,49.6,0,49.6,81,14,804,shot
khvicha-kvaratskhelia,https://www.sofascore.com/georgia-spain/YTbsnVb#id:10752581,georgia,block,No information,regular,21.4,67.4,0,left-foot,low-centre,0,49.9,19,No information,No information,76,No information,4536,67.4,21.4,50.1,0,50.1,81,15,864,shot
giorgi-chakvetadze,https://www.sofascore.com/georgia-spain/YTbsnVb#id:10752581,georgia,block,No information,assisted,14.5,57.9,0,left-foot,low-centre,0,48.9,19,No information,No information,76,No information,4534,57.9,14.5,51.1,0,51.1,81,15,866,shot
luka-lochoshvili,https://www.sofascore.com/georgia-spain/YTbsnVb#id:10752581,spain,goal,own,regular,10.3,65.3,0,head,low-right,0,46.4,5.7,No information,No information,72,No information,4284,65.3,10.3,53.6,0,53.6,94.3,19,1116,shot
alvaro-morata,https://www.sofascore.com/georgia-spain/YTbsnVb#id:10752581,spain,miss,No information,assisted,7.6,48.5,0,head,right,0,37.6,4.2,No information,No information,70,No information,4169,48.5,7.6,62.4,0,62.4,95.8,21,1231,shot
khvicha-kvaratskhelia,https://www.sofascore.com/georgia-spain/YTbsnVb#id:10752581,georgia,miss,No information,free-kick,23.5,31.2,0,right-foot,high,0,54.5,68.1,No information,No information,58,No information,3435,31.2,23.5,45.5,0,45.5,31.9,33,1965,shot
ferran-torres,https://www.sofascore.com/georgia-spain/YTbsnVb#id:10752581,spain,goal,regular,assisted,6.3,53,0,head,high-right,0,47.1,24.1,No information,No information,55,No information,3256,53,6.3,52.9,0,52.9,75.9,36,2144,shot
rodri,https://www.sofascore.com/georgia-spain/YTbsnVb#id:10752581,spain,save,No information,assisted,14,46.3,0,head,low-right,0,46.1,16.5,No information,No information,52,No information,3079,46.3,14,53.9,0,53.9,83.5,39,2321,shot
rodri,https://www.sofascore.com/georgia-spain/YTbsnVb#id:10752581,spain,save,No information,assisted,19.8,54.2,0,right-foot,low-centre,0,48.8,19,No information,No information,47,No information,2784,54.2,19.8,51.2,0,51.2,81,44,2616,shot
nico-williams,https://www.sofascore.com/georgia-spain/YTbsnVb#id:10752581,spain,miss,No information,assisted,23.9,37.7,0,right-foot,close-right,0,41.8,8.3,No information,No information,45,1,2733,37.7,23.9,58.2,0,58.2,91.7,1,2667,shot
khvicha-kvaratskhelia,https://www.sofascore.com/georgia-spain/YTbsnVb#id:10752581,georgia,miss,No information,fast-break,57.6,77.1,0,right-foot,left,0,88.1,4.2,No information,No information,43,No information,2563,77.1,57.6,11.9,0,11.9,95.8,3,137,shot
inigo-martinez,https://www.sofascore.com/georgia-spain/YTbsnVb#id:10752581,spain,miss,No information,assisted,27.6,43.7,0,left-foot,high-left,0,61.3,91.7,No information,No information,33,No information,1920,43.7,27.6,38.7,0,38.7,8.3,13,780,shot
alvaro-morata,https://www.sofascore.com/georgia-spain/YTbsnVb#id:10752581,spain,save,No information,assisted,4.5,53.6,0,left-foot,low-right,0,46.4,3.2,No information,No information,32,No information,1911,53.6,4.5,53.6,0,53.6,96.8,14,789,shot
fabian-ruiz,https://www.sofascore.com/georgia-spain/YTbsnVb#id:10752581,spain,block,No information,assisted,4.8,42.5,0,head,low-left,0,53.9,19,No information,No information,31,No information,1832,42.5,4.8,46.1,0,46.1,81,15,868,shot
nika-kvekveskiri,https://www.sofascore.com/georgia-spain/YTbsnVb#id:10752581,georgia,miss,No information,corner,24.9,64.3,0,right-foot,right,0,32.3,15.3,No information,No information,26,No information,1535,64.3,24.9,67.7,0,67.7,84.7,20,1165,shot
otar-kakabadze,https://www.sofascore.com/georgia-spain/YTbsnVb#id:10752581,georgia,miss,No information,corner,5,61.7,0,right-foot,left,0,76.1,5.6,No information,No information,25,No information,1444,61.7,5,23.9,0,23.9,94.4,21,1256,shot
alvaro-morata,https://www.sofascore.com/georgia-spain/YTbsnVb#id:10752581,spain,save,No information,set-piece,1.6,62,0,right-foot,low-centre,0,49.9,17.1,No information,No information,22,No information,1312,62,1.6,50.1,0,50.1,82.9,24,1388,shot
fabian-ruiz,https://www.sofascore.com/georgia-spain/YTbsnVb#id:10752581,spain,save,No information,free-kick,18.1,83.3,0,left-foot,low-right,0,46.5,19,No information,No information,22,No information,1310,83.3,18.1,53.5,0,53.5,81,24,1390,shot
ferran-torres,https://www.sofascore.com/georgia-spain/YTbsnVb#id:10752581,spain,block,No information,corner,20.9,24.2,0,right-foot,low-centre,0,51.8,2.8,No information,No information,19,No information,1131,24.2,20.9,48.2,0,48.2,97.2,27,1569,shot
daniel-carvajal,https://www.sofascore.com/georgia-spain/YTbsnVb#id:10752581,spain,block,No information,corner,20.8,59.4,0,right-foot,low-left,0,52.8,19,No information,No information,18,No information,1060,59.4,20.8,47.2,0,47.2,81,28,1640,shot
khvicha-kvaratskhelia,https://www.sofascore.com/georgia-spain/YTbsnVb#id:10752581,georgia,goal,regular,assisted,19.7,49.1,0,left-foot,low-left,0,52.9,1.3,No information,No information,10,No information,551,49.1,19.7,47.1,0,47.1,98.7,36,2149,shot
nico-williams,https://www.sofascore.com/georgia-spain/YTbsnVb#id:10752581,spain,miss,No information,regular,9.8,34.7,0,right-foot,high,0,49.9,83.3,No information,No information,8,No information,459,34.7,9.8,50.1,0,50.1,16.7,38,2241,shot
gavi,https://www.sofascore.com/georgia-spain/YTbsnVb#id:10752581,spain,save,No information,assisted,11.1,64.1,0,right-foot,high-left,0,53,23.4,No information,No information,8,No information,457,64.1,11.1,47,0,47,76.6,38,2243,shot
robin-le-normand,https://www.sofascore.com/georgia-spain/YTbsnVb#id:10752581,spain,goal,regular,set-piece,4.1,55.1,0,head,high-right,0,46,22.8,No information,No information,4,No information,205,55.1,4.1,54,0,54,77.2,42,2495,shot

erling-haaland,https://www.sofascore.com/spain-norway/AObsYTb#id:10752533,norway,save,No information,assisted,9.8,43.4,0,right-foot,low-left,0,52.3,2.5,No information,No information,84,No information,5008,43.4,9.8,47.7,0,47.7,97.5,7,392,shot
mikel-oyarzabal,https://www.sofascore.com/spain-norway/AObsYTb#id:10752533,spain,miss,No information,assisted,14.3,69.1,0,left-foot,left,0,63,6.9,No information,No information,78,No information,4668,69.1,14.3,37,0,37,93.1,13,732,shot
alfonso-pedraza,https://www.sofascore.com/spain-norway/AObsYTb#id:10752533,spain,miss,No information,assisted,23.3,30,0,left-foot,close-left,0,58.5,11.1,No information,No information,73,No information,4333,30,23.3,41.5,0,41.5,88.9,18,1067,shot
ferran-torres,https://www.sofascore.com/spain-norway/AObsYTb#id:10752533,spain,miss,No information,assisted,14.4,68.6,0,left-foot,high-left,0,59.7,75,No information,No information,71,No information,4222,68.6,14.4,40.3,0,40.3,25,20,1178,shot
nusa-antonio,https://www.sofascore.com/spain-norway/AObsYTb#id:10752533,norway,save,No information,regular,14.5,32.8,0,left-foot,low-centre,0,50.2,1.9,No information,No information,64,No information,3839,32.8,14.5,49.8,0,49.8,98.1,27,1561,shot
martin-odegaard,https://www.sofascore.com/spain-norway/AObsYTb#id:10752533,norway,miss,No information,assisted,14.1,61.2,0,left-foot,left,0,61,36.1,No information,No information,63,No information,3724,61.2,14.1,39,0,39,63.9,28,1676,shot
gavi,https://www.sofascore.com/spain-norway/AObsYTb#id:10752533,spain,goal,regular,regular,10,48.9,0,left-foot,low-right,0,46.7,0.6,No information,No information,49,No information,2886,48.9,10,53.3,0,53.3,99.4,42,2514,shot
mikel-oyarzabal,https://www.sofascore.com/spain-norway/AObsYTb#id:10752533,spain,block,No information,assisted,9.6,44.5,0,right-foot,low-centre,0,50.7,19,No information,No information,49,No information,2883,44.5,9.6,49.3,0,49.3,81,42,2517,shot
ferran-torres,https://www.sofascore.com/spain-norway/AObsYTb#id:10752533,spain,block,No information,regular,12.8,71.3,0,right-foot,low-centre,0,51.2,19,No information,No information,49,No information,2880,71.3,12.8,48.8,0,48.8,81,42,2520,shot
leo-ostigard,https://www.sofascore.com/spain-norway/AObsYTb#id:10752533,norway,miss,No information,set-piece,10.6,41.6,0,head,left,0,62.5,38.9,No information,No information,45,2,2806,41.6,10.6,37.5,0,37.5,61.1,1,2594,shot
rodri,https://www.sofascore.com/spain-norway/AObsYTb#id:10752533,spain,miss,No information,assisted,28.3,60.3,0,right-foot,left,0,60.3,26.4,No information,No information,44,No information,2625,60.3,28.3,39.7,0,39.7,73.6,2,75,shot
erling-haaland,https://www.sofascore.com/spain-norway/AObsYTb#id:10752533,norway,block,No information,regular,8.4,46.6,0,left-foot,low-left,0,52.7,19,No information,No information,42,No information,2461,46.6,8.4,47.3,0,47.3,81,4,239,shot
alvaro-morata,https://www.sofascore.com/spain-norway/AObsYTb#id:10752533,spain,miss,No information,set-piece,12.5,41.4,0,head,close-high,0,52.9,56.9,No information,No information,41,No information,2406,41.4,12.5,47.1,0,47.1,43.1,5,294,shot
ansu-fati,https://www.sofascore.com/spain-norway/AObsYTb#id:10752533,spain,block,No information,assisted,6.7,36.9,0,head,low-left,0,53.3,19,No information,No information,35,No information,2073,36.9,6.7,46.7,0,46.7,81,11,627,shot
ferran-torres,https://www.sofascore.com/spain-norway/AObsYTb#id:10752533,spain,block,No information,assisted,21.4,61.6,0,left-foot,low-left,0,52.4,19,No information,No information,34,No information,2037,61.6,21.4,47.6,0,47.6,81,12,663,shot
alvaro-morata,https://www.sofascore.com/spain-norway/AObsYTb#id:10752533,spain,save,No information,assisted,5.2,72.7,0,right-foot,low-centre,0,48.7,2.5,No information,No information,31,No information,1859,72.7,5.2,51.3,0,51.3,97.5,15,841,shot
daniel-carvajal,https://www.sofascore.com/spain-norway/AObsYTb#id:10752533,spain,miss,No information,regular,23,65.8,0,right-foot,close-left,0,59.2,34.7,No information,No information,28,No information,1642,65.8,23,40.8,0,40.8,65.3,18,1058,shot
daniel-carvajal,https://www.sofascore.com/spain-norway/AObsYTb#id:10752533,spain,miss,No information,assisted,4.6,74.2,0,right-foot,high-right,0,38.8,45.8,No information,No information,13,No information,749,74.2,4.6,61.2,0,61.2,54.2,33,1951,shot

mikel-oyarzabal,https://www.sofascore.com/germany-spain/YTbslUb#id:8600781,spain,goal,regular,assisted,6.7,49,0,right-foot,low-centre,0,50,1.9,No information,No information,89,No information,5281,49,6.7,50,0,50,98.1,2,119,shot
gerard-moreno,https://www.sofascore.com/germany-spain/YTbslUb#id:8600781,spain,block,No information,assisted,15,60.8,0,left-foot,low-right,0,47.9,19,No information,No information,85,No information,5094,60.8,15,52.1,0,52.1,81,6,306,shot
serge-gnabry,https://www.sofascore.com/germany-spain/YTbslUb#id:8600781,germany,post,No information,fast-break,25.8,49.9,0,right-foot,high,0,46.7,40.5,No information,No information,77,No information,4600,49.9,25.8,53.3,0,53.3,59.5,14,800,shot
ferran-torres,https://www.sofascore.com/germany-spain/YTbslUb#id:8600781,spain,goal,regular,assisted,18.8,39.7,0,right-foot,low-right,0,45.8,1.9,No information,No information,71,No information,4258,39.7,18.8,54.2,0,54.2,98.1,20,1142,shot
ferran-torres,https://www.sofascore.com/germany-spain/YTbslUb#id:8600781,spain,miss,No information,assisted,14.7,62.5,0,right-foot,close-left,0,58.3,18.1,No information,No information,62,No information,3694,62.5,14.7,41.7,0,41.7,81.9,29,1706,shot
fabian-ruiz,https://www.sofascore.com/germany-spain/YTbslUb#id:8600781,spain,block,No information,assisted,18.9,41.2,0,left-foot,low-centre,0,51.1,19,No information,No information,60,No information,3573,41.2,18.9,48.9,0,48.9,81,31,1827,shot
rodri,https://www.sofascore.com/germany-spain/YTbslUb#id:8600781,spain,miss,No information,set-piece,8.3,37.7,0,head,close-high,0,53.9,50,No information,No information,57,No information,3403,37.7,8.3,46.1,0,46.1,50,34,1997,shot
ferran-torres,https://www.sofascore.com/germany-spain/YTbslUb#id:8600781,spain,goal,regular,fast-break,3.8,55.1,0,right-foot,low-right,0,46.8,1.9,No information,No information,55,No information,3252,55.1,3.8,53.2,0,53.2,98.1,36,2148,shot
koke,https://www.sofascore.com/germany-spain/YTbslUb#id:8600781,spain,block,No information,regular,13,53.1,0,right-foot,low-centre,0,50.5,19,No information,No information,47,No information,2819,53.1,13,49.5,0,49.5,81,44,2581,shot
dani-olmo,https://www.sofascore.com/germany-spain/YTbslUb#id:8600781,spain,save,No information,regular,10.2,65.1,0,right-foot,low-centre,0,49.7,1.3,No information,No information,47,No information,2816,65.1,10.2,50.3,0,50.3,98.7,44,2584,shot
dani-olmo,https://www.sofascore.com/germany-spain/YTbslUb#id:8600781,spain,miss,No information,set-piece,24.6,32.1,0,right-foot,high-right,0,43,65.3,No information,No information,42,No information,2463,32.1,24.6,57,0,57,34.7,4,237,shot
rodri,https://www.sofascore.com/germany-spain/YTbslUb#id:8600781,spain,goal,regular,corner,9.7,45.2,0,head,low-right,0,45.8,11.4,No information,No information,38,No information,2268,45.2,9.7,54.2,0,54.2,88.6,8,432,shot
ferran-torres,https://www.sofascore.com/germany-spain/YTbslUb#id:8600781,spain,goal,regular,regular,8.6,58.1,0,right-foot,low-left,0,54.1,19.6,No information,No information,33,No information,1971,58.1,8.6,45.9,0,45.9,80.4,13,729,shot
dani-olmo,https://www.sofascore.com/germany-spain/YTbslUb#id:8600781,spain,post,No information,assisted,8.1,46,0,head,high,0,48.5,40.5,No information,No information,33,No information,1968,46,8.1,51.5,0,51.5,59.5,13,732,shot
ferran-torres,https://www.sofascore.com/germany-spain/YTbslUb#id:8600781,spain,block,No information,regular,10.8,52.4,0,left-foot,low-centre,0,49.1,19,No information,No information,33,No information,1930,52.4,10.8,50.9,0,50.9,81,13,770,shot
ferran-torres,https://www.sofascore.com/germany-spain/YTbslUb#id:8600781,spain,save,No information,assisted,8,63.5,0,right-foot,low-centre,0,51.5,2.5,No information,No information,30,No information,1768,63.5,8,48.5,0,48.5,97.5,16,932,shot
alvaro-morata,https://www.sofascore.com/germany-spain/YTbslUb#id:8600781,spain,miss,No information,assisted,24.1,40.1,0,left-foot,high-left,0,56.8,76.4,No information,No information,25,No information,1462,40.1,24.1,43.2,0,43.2,23.6,21,1238,shot
ferran-torres,https://www.sofascore.com/germany-spain/YTbslUb#id:8600781,spain,miss,No information,assisted,9.6,62.2,0,right-foot,left,0,61.7,2.8,No information,No information,21,No information,1205,62.2,9.6,38.3,0,38.3,97.2,25,1495,shot
alvaro-morata,https://www.sofascore.com/germany-spain/YTbslUb#id:8600781,spain,goal,regular,corner,3.1,41.9,0,head,high-centre,0,51.4,30.4,No information,No information,17,No information,976,41.9,3.1,48.6,0,48.6,69.6,29,1724,shot
alvaro-morata,https://www.sofascore.com/germany-spain/YTbslUb#id:8600781,spain,miss,No information,regular,25.8,29.6,0,right-foot,high,0,45.9,75,No information,No information,15,No information,851,29.6,25.8,54.1,0,54.1,25,31,1849,shot
serge-gnabry,https://www.sofascore.com/germany-spain/YTbslUb#id:8600781,germany,block,No information,fast-break,12.7,34.9,0,right-foot,low-centre,0,50.9,19,No information,No information,14,No information,802,34.9,12.7,49.1,0,49.1,81,32,1898,shot
sergio-ramos,https://www.sofascore.com/germany-spain/YTbslUb#id:8600781,spain,save,No information,free-kick,17.6,55.8,0,right-foot,low-left,0,53.9,3.2,No information,No information,7,No information,362,55.8,17.6,46.1,0,46.1,96.8,39,2338,shot
sergi-roberto,https://www.sofascore.com/germany-spain/YTbslUb#id:8600781,spain,miss,No information,corner,18.8,46.1,0,right-foot,right,0,38.8,4.2,No information,No information,5,No information,260,46.1,18.8,61.2,0,61.2,95.8,41,2440,shot
rodri,https://www.sofascore.com/germany-spain/YTbslUb#id:8600781,spain,block,No information,corner,7.3,60.1,0,head,low-centre,0,50.4,6.9,No information,No information,5,No information,258,60.1,7.3,49.6,0,49.6,93.1,41,2442,shot
alvaro-morata,https://www.sofascore.com/germany-spain/YTbslUb#id:8600781,spain,save,No information,assisted,13.9,71.1,0,left-foot,low-centre,0,48.8,3.8,No information,No information,2,No information,92,71.1,13.9,51.2,0,51.2,96.2,44,2608,shot

niclas-fullkrug,https://www.sofascore.com/germany-spain/YTbslUb#id:10230575,germany,goal,regular,assisted,8,64.7,0,right-foot,high-left,0,52,34.8,No information,No information,83,No information,4945,64.7,8,48,0,48,65.2,8,455,shot
joshua-kimmich,https://www.sofascore.com/germany-spain/YTbslUb#id:10230575,germany,block,No information,free-kick,25.6,29.5,0,right-foot,low-left,0,52.6,19,No information,No information,81,No information,4818,29.5,25.6,47.4,0,47.4,81,10,582,shot
niclas-fullkrug,https://www.sofascore.com/germany-spain/YTbslUb#id:10230575,germany,miss,No information,corner,10.2,51.9,0,head,high-right,0,41.3,70.8,No information,No information,74,No information,4397,51.9,10.2,58.7,0,58.7,29.2,17,1003,shot
serge-gnabry,https://www.sofascore.com/germany-spain/YTbslUb#id:10230575,germany,block,No information,assisted,13.2,31,0,right-foot,low-left,0,52.4,19,No information,No information,73,No information,4370,31,13.2,47.6,0,47.6,81,18,1030,shot
jamal-musiala,https://www.sofascore.com/germany-spain/YTbslUb#id:10230575,germany,save,No information,assisted,8.8,64.1,0,right-foot,low-centre,0,51.6,18.4,No information,No information,73,No information,4363,64.1,8.8,48.4,0,48.4,81.6,18,1037,shot
niclas-fullkrug,https://www.sofascore.com/germany-spain/YTbslUb#id:10230575,germany,miss,No information,assisted,7.7,52.6,0,right-foot,left,0,92.8,5.6,No information,No information,73,No information,4320,52.6,7.7,7.2,0,7.2,94.4,18,1080,shot
marco-asensio,https://www.sofascore.com/germany-spain/YTbslUb#id:10230575,spain,miss,No information,assisted,18.3,54.8,0,left-foot,high-left,0,56.6,80.6,No information,No information,65,No information,3866,54.8,18.3,43.4,0,43.4,19.4,26,1534,shot
leon-goretzka,https://www.sofascore.com/germany-spain/YTbslUb#id:10230575,germany,block,No information,regular,22.9,48.7,0,right-foot,low-centre,0,48.3,19,No information,No information,64,No information,3804,48.7,22.9,51.7,0,51.7,81,27,1596,shot
alvaro-morata,https://www.sofascore.com/germany-spain/YTbslUb#id:10230575,spain,goal,regular,assisted,6.9,44.7,0,right-foot,high-left,0,53.1,26.6,No information,No information,62,No information,3694,44.7,6.9,46.9,0,46.9,73.4,29,1706,shot
dani-olmo,https://www.sofascore.com/germany-spain/YTbslUb#id:10230575,spain,save,No information,assisted,27.8,41.2,0,right-foot,low-left,0,52.3,3.2,No information,No information,58,No information,3479,41.2,27.8,47.7,0,47.7,96.8,33,1921,shot
joshua-kimmich,https://www.sofascore.com/germany-spain/YTbslUb#id:10230575,germany,save,No information,assisted,14.3,49.8,0,right-foot,low-left,0,53.6,15.8,No information,No information,56,No information,3353,49.8,14.3,46.4,0,46.4,84.2,35,2047,shot
antonio-rudiger,https://www.sofascore.com/germany-spain/YTbslUb#id:10230575,germany,save,No information,set-piece,7.7,74.4,0,right-foot,high-centre,0,48.7,23.4,No information,No information,45,No information,2674,74.4,7.7,51.3,0,51.3,76.6,1,26,shot
ferran-torres,https://www.sofascore.com/germany-spain/YTbslUb#id:10230575,spain,block,No information,corner,11.4,68.9,0,right-foot,low-centre,0,48.3,19,No information,No information,36,No information,2104,68.9,11.4,51.7,0,51.7,81,10,596,shot
antonio-rudiger,https://www.sofascore.com/germany-spain/YTbslUb#id:10230575,germany,miss,No information,assisted,27.9,33.8,0,right-foot,high-right,0,36.6,94.4,No information,No information,30,No information,1779,33.8,27.9,63.4,0,63.4,5.6,16,921,shot
ferran-torres,https://www.sofascore.com/germany-spain/YTbslUb#id:10230575,spain,block,No information,assisted,14.8,57.7,0,left-foot,low-centre,0,48.3,19,No information,No information,26,No information,1558,57.7,14.8,51.7,0,51.7,81,20,1142,shot
serge-gnabry,https://www.sofascore.com/germany-spain/YTbslUb#id:10230575,germany,miss,No information,regular,16.2,67.8,0,left-foot,left,0,63.7,1.4,No information,No information,25,No information,1451,67.8,16.2,36.3,0,36.3,98.6,21,1249,shot
jordi-alba,https://www.sofascore.com/germany-spain/YTbslUb#id:10230575,spain,miss,No information,assisted,22.9,26.4,0,right-foot,close-left,0,57,9.7,No information,No information,22,No information,1273,26.4,22.9,43,0,43,90.3,24,1427,shot
dani-olmo,https://www.sofascore.com/germany-spain/YTbslUb#id:10230575,spain,save,No information,assisted,20.1,29.7,0,right-foot,high-right,0,47.5,32.3,No information,No information,7,No information,385,29.7,20.1,52.5,0,52.5,67.7,39,2315,shot

joselu,https://www.sofascore.com/italy-spain/YTbshUb#id:11014035,spain,goal,regular,regular,3.5,46.5,0,right-foot,low-centre,0,49.4,7.6,No information,No information,88,No information,5245,46.5,3.5,50.6,0,50.6,92.4,3,155,shot
rodri,https://www.sofascore.com/italy-spain/YTbshUb#id:11014035,spain,block,No information,regular,20.4,48.6,0,right-foot,low-centre,0,49,19,No information,No information,88,No information,5243,48.6,20.4,51,0,51,81,3,157,shot
nicolo-zaniolo,https://www.sofascore.com/italy-spain/YTbshUb#id:11014035,italy,miss,No information,assisted,35,69,0,left-foot,left,0,71.3,18.1,No information,No information,82,No information,4905,69,35,28.7,0,28.7,81.9,9,495,shot
alvaro-morata,https://www.sofascore.com/italy-spain/YTbshUb#id:11014035,spain,miss,No information,corner,6.8,41.9,0,head,high,0,51.3,77.8,No information,No information,81,No information,4855,41.9,6.8,48.7,0,48.7,22.2,10,545,shot
alvaro-morata,https://www.sofascore.com/italy-spain/YTbshUb#id:11014035,spain,block,No information,assisted,2.3,42.6,0,right-foot,low-centre,0,51.1,19,No information,No information,81,No information,4813,42.6,2.3,48.9,0,48.9,81,10,587,shot
sergio-canales,https://www.sofascore.com/italy-spain/YTbshUb#id:11014035,spain,block,No information,assisted,18.8,52.4,0,left-foot,low-left,0,53.7,19,No information,No information,78,No information,4667,52.4,18.8,46.3,0,46.3,81,13,733,shot
davide-frattesi,https://www.sofascore.com/italy-spain/YTbshUb#id:11014035,italy,miss,No information,corner,6.5,59.8,0,head,high-right,0,42.7,80.6,No information,No information,74,No information,4384,59.8,6.5,57.3,0,57.3,19.4,17,1016,shot
davide-frattesi,https://www.sofascore.com/italy-spain/YTbshUb#id:11014035,italy,miss,No information,regular,7,40.5,0,right-foot,high-left,0,57.3,81.9,No information,No information,65,No information,3843,40.5,7,42.7,0,42.7,18.1,26,1557,shot
davide-frattesi,https://www.sofascore.com/italy-spain/YTbshUb#id:11014035,italy,save,No information,assisted,8.8,46.6,0,left-foot,low-centre,0,50.4,18.4,No information,No information,65,No information,3842,46.6,8.8,49.6,0,49.6,81.6,26,1558,shot
alvaro-morata,https://www.sofascore.com/italy-spain/YTbshUb#id:11014035,spain,save,No information,assisted,14.6,48.2,0,left-foot,low-right,0,47,8.2,No information,No information,60,No information,3541,48.2,14.6,53,0,53,91.8,31,1859,shot
giovanni-di-lorenzo,https://www.sofascore.com/italy-spain/YTbshUb#id:11014035,italy,save,No information,assisted,17.1,58.9,0,head,low-left,0,53.3,13.9,No information,No information,56,No information,3349,58.9,17.1,46.7,0,46.7,86.1,35,2051,shot
alvaro-morata,https://www.sofascore.com/italy-spain/YTbshUb#id:11014035,spain,block,No information,assisted,18.3,54.6,0,right-foot,low-centre,0,49.7,19,No information,No information,53,No information,3164,54.6,18.3,50.3,0,50.3,81,38,2236,shot
rodri,https://www.sofascore.com/italy-spain/YTbshUb#id:11014035,spain,miss,No information,set-piece,10.4,58,0,right-foot,close-high,0,50.3,59.7,No information,No information,52,No information,3076,58,10.4,49.7,0,49.7,40.3,39,2324,shot
alvaro-morata,https://www.sofascore.com/italy-spain/YTbshUb#id:11014035,spain,miss,No information,regular,2.9,49.8,0,right-foot,close-right,0,43.5,5.6,No information,No information,49,No information,2881,49.8,2.9,56.5,0,56.5,94.4,42,2519,shot
mikel-merino,https://www.sofascore.com/italy-spain/YTbshUb#id:11014035,spain,save,No information,assisted,2.2,44.1,0,left-foot,high-left,0,52.3,25.3,No information,No information,48,No information,2878,44.1,2.2,47.7,0,47.7,74.7,43,2522,shot
rafael-toloi,https://www.sofascore.com/italy-spain/YTbshUb#id:11014035,italy,miss,No information,regular,23.4,56.4,0,right-foot,close-high,0,45.7,55.6,No information,No information,44,No information,2594,56.4,23.4,54.3,0,54.3,44.4,2,106,shot
alvaro-morata,https://www.sofascore.com/italy-spain/YTbshUb#id:11014035,spain,save,No information,assisted,12.2,65.5,0,left-foot,low-centre,0,49.4,3.8,No information,No information,42,No information,2519,65.5,12.2,50.6,0,50.6,96.2,4,181,shot
gavi,https://www.sofascore.com/italy-spain/YTbshUb#id:11014035,spain,block,No information,corner,9.7,50.9,0,head,low-centre,0,50.6,19,No information,No information,41,No information,2408,50.9,9.7,49.4,0,49.4,81,5,292,shot
rodri,https://www.sofascore.com/italy-spain/YTbshUb#id:11014035,spain,miss,No information,assisted,8.4,63,0,right-foot,close-right,0,42.5,9.7,No information,No information,27,No information,1619,63,8.4,57.5,0,57.5,90.3,19,1081,shot
alvaro-morata,https://www.sofascore.com/italy-spain/YTbshUb#id:11014035,spain,save,No information,fast-break,19.7,58.9,0,right-foot,low-left,0,53.7,3.8,No information,No information,27,No information,1582,58.9,19.7,46.3,0,46.3,96.2,19,1118,shot
rodrigo,https://www.sofascore.com/italy-spain/YTbshUb#id:11014035,spain,save,No information,assisted,16.9,70,0,left-foot,low-right,0,46,3.2,No information,No information,20,No information,1162,70,16.9,54,0,54,96.8,26,1538,shot
jesus-navas,https://www.sofascore.com/italy-spain/YTbshUb#id:11014035,spain,miss,No information,assisted,18.2,73.7,0,left-foot,close-high,0,47.9,58.3,No information,No information,17,No information,1004,73.7,18.2,52.1,0,52.1,41.7,29,1696,shot
ciro-immobile,https://www.sofascore.com/italy-spain/YTbshUb#id:11014035,italy,goal,penalty,penalty,11.5,50,0,right-foot,low-left,0,54.1,1.9,No information,No information,11,No information,635,50,11.5,45.9,0,45.9,98.1,35,2065,shot
nicolo-zaniolo,https://www.sofascore.com/italy-spain/YTbshUb#id:11014035,italy,miss,No information,assisted,10.9,34.8,0,left-foot,right,0,15.1,12.5,No information,No information,10,No information,562,34.8,10.9,84.9,0,84.9,87.5,36,2138,shot
yeremy-pino,https://www.sofascore.com/italy-spain/YTbshUb#id:11014035,spain,goal,regular,regular,15.1,42.1,0,right-foot,low-right,0,46,7.6,No information,No information,3,No information,174,42.1,15.1,54,0,54,92.4,43,2526,shot
rodri,https://www.sofascore.com/italy-spain/YTbshUb#id:11014035,spain,miss,No information,regular,13.3,68.5,0,right-foot,high-right,0,40.7,88.9,No information,No information,1,No information,32,68.5,13.3,59.3,0,59.3,11.1,45,2668,shot
rodrigo,https://www.sofascore.com/italy-spain/YTbshUb#id:11014035,spain,block,No information,assisted,7.7,66.5,0,left-foot,low-centre,0,51.7,19,No information,No information,1,No information,29,66.5,7.7,48.3,0,48.3,81,45,2671,shot

jorginho,https://www.sofascore.com/italy-spain/YTbshUb#id:8594150,italy,goal,penalty,shootout,11.5,50,0,right-foot,low-right,0,46.2,1.9,No information,No information,126,No information,7559,50,11.5,53.8,0,53.8,98.1,10,541,shot
alvaro-morata,https://www.sofascore.com/italy-spain/YTbshUb#id:8594150,spain,save,No information,shootout,11.5,50,0,right-foot,low-right,0,47.1,3.2,No information,No information,126,No information,7501,50,11.5,52.9,0,52.9,96.8,10,599,shot
federico-bernardeschi,https://www.sofascore.com/italy-spain/YTbshUb#id:8594150,italy,goal,penalty,shootout,11.5,50,0,left-foot,high-right,0,46.8,29.7,No information,No information,125,No information,7463,50,11.5,53.2,0,53.2,70.3,11,637,shot
thiago-alcantara,https://www.sofascore.com/italy-spain/YTbshUb#id:8594150,spain,goal,penalty,shootout,11.5,50,0,right-foot,low-left,0,52.9,1.3,No information,No information,124,No information,7423,50,11.5,47.1,0,47.1,98.7,12,677,shot
leonardo-bonucci,https://www.sofascore.com/italy-spain/YTbshUb#id:8594150,italy,goal,penalty,shootout,11.5,50,0,right-foot,low-centre,0,48.2,10.1,No information,No information,124,No information,7386,50,11.5,51.8,0,51.8,89.9,12,714,shot
gerard-moreno,https://www.sofascore.com/italy-spain/YTbshUb#id:8594150,spain,goal,penalty,shootout,11.5,50,0,left-foot,high-centre,0,48.7,21.5,No information,No information,123,No information,7342,50,11.5,51.3,0,51.3,78.5,13,758,shot
andrea-belotti,https://www.sofascore.com/italy-spain/YTbshUb#id:8594150,italy,goal,penalty,shootout,11.5,50,0,right-foot,low-left,0,53.9,7,No information,No information,122,No information,7301,50,11.5,46.1,0,46.1,93,14,799,shot
dani-olmo,https://www.sofascore.com/italy-spain/YTbshUb#id:8594150,spain,miss,No information,shootout,11.5,50,0,right-foot,close-high,0,53.8,56.9,No information,No information,121,No information,7251,50,11.5,46.2,0,46.2,43.1,15,849,shot
manuel-locatelli,https://www.sofascore.com/italy-spain/YTbshUb#id:8594150,italy,save,No information,shootout,11.5,50,0,right-foot,low-left,0,52.9,3.8,No information,No information,121,No information,7200,50,11.5,47.1,0,47.1,96.2,15,0,shot
domenico-berardi,https://www.sofascore.com/italy-spain/YTbshUb#id:8594150,italy,block,No information,assisted,12.6,59.1,0,left-foot,low-centre,0,51.1,19,No information,No information,110,No information,6566,59.1,12.6,48.9,0,48.9,81,11,634,shot
thiago-alcantara,https://www.sofascore.com/italy-spain/YTbshUb#id:8594150,spain,block,No information,free-kick,32.7,22.4,0,right-foot,low-centre,0,50.3,19.4,No information,No information,107,No information,6417,22.4,32.7,49.7,0,49.7,80.6,14,783,shot
marcos-llorente,https://www.sofascore.com/italy-spain/YTbshUb#id:8594150,spain,block,No information,regular,15.4,61,0,left-foot,low-centre,0,49.6,19,No information,No information,102,No information,6081,61,15.4,50.4,0,50.4,81,4,219,shot
alvaro-morata,https://www.sofascore.com/italy-spain/YTbshUb#id:8594150,spain,block,No information,set-piece,7.8,67.6,0,right-foot,low-right,0,46.4,19,No information,No information,98,No information,5858,67.6,7.8,53.6,0,53.6,81,8,442,shot
dani-olmo,https://www.sofascore.com/italy-spain/YTbshUb#id:8594150,spain,save,No information,free-kick,18.2,8,0,right-foot,low-centre,0,49.3,10.1,No information,No information,98,No information,5855,8,18.2,50.7,0,50.7,89.9,8,445,shot
gerard-moreno,https://www.sofascore.com/italy-spain/YTbshUb#id:8594150,spain,miss,No information,assisted,18.7,53.8,0,left-foot,high,0,53.1,75,No information,No information,84,No information,5021,53.8,18.7,46.9,0,46.9,25,7,379,shot
sergio-busquets,https://www.sofascore.com/italy-spain/YTbshUb#id:8594150,spain,miss,No information,corner,8.8,59.1,0,head,left,0,63.4,13.9,No information,No information,82,No information,4918,59.1,8.8,36.6,0,36.6,86.1,9,482,shot
alvaro-morata,https://www.sofascore.com/italy-spain/YTbshUb#id:8594150,spain,goal,regular,assisted,9.7,46,0,left-foot,low-left,0,53,1.3,No information,No information,80,No information,4778,46,9.7,47,0,47,98.7,11,622,shot
domenico-berardi,https://www.sofascore.com/italy-spain/YTbshUb#id:8594150,italy,save,No information,assisted,18.2,49.4,0,left-foot,low-left,0,52.7,5.7,No information,No information,80,No information,4748,49.4,18.2,47.3,0,47.3,94.3,11,652,shot
domenico-berardi,https://www.sofascore.com/italy-spain/YTbshUb#id:8594150,italy,save,No information,assisted,4.7,66,0,right-foot,low-right,0,47.5,4.4,No information,No information,68,No information,4036,66,4.7,52.5,0,52.5,95.6,23,1364,shot
dani-olmo,https://www.sofascore.com/italy-spain/YTbshUb#id:8594150,spain,miss,No information,assisted,18,53.3,0,right-foot,close-right,0,42.4,12.5,No information,No information,66,No information,3959,53.3,18,57.6,0,57.6,87.5,25,1441,shot
federico-chiesa,https://www.sofascore.com/italy-spain/YTbshUb#id:8594150,italy,goal,regular,fast-break,13.6,34.9,0,right-foot,low-right,0,46.1,7,No information,No information,60,No information,3561,34.9,13.6,53.9,0,53.9,93,31,1839,shot
mikel-oyarzabal,https://www.sofascore.com/italy-spain/YTbshUb#id:8594150,spain,save,No information,assisted,24.6,61.8,0,left-foot,high-centre,0,49,26.6,No information,No information,58,No information,3453,61.8,24.6,51,0,51,73.4,33,1947,shot
ferran-torres,https://www.sofascore.com/italy-spain/YTbshUb#id:8594150,spain,block,No information,assisted,19.5,38.6,0,right-foot,low-left,0,53,19,No information,No information,57,No information,3382,38.6,19.5,47,0,47,81,34,2018,shot
federico-chiesa,https://www.sofascore.com/italy-spain/YTbshUb#id:8594150,italy,save,No information,assisted,10.5,69.4,0,right-foot,low-centre,0,51.4,7.6,No information,No information,53,No information,3160,69.4,10.5,48.6,0,48.6,92.4,38,2240,shot
sergio-busquets,https://www.sofascore.com/italy-spain/YTbshUb#id:8594150,spain,miss,No information,fast-break,18,55.2,0,right-foot,high,0,45.5,70.8,No information,No information,52,No information,3111,55.2,18,54.5,0,54.5,29.2,39,2289,shot
ciro-immobile,https://www.sofascore.com/italy-spain/YTbshUb#id:8594150,italy,miss,No information,regular,19.1,31.8,0,left-foot,right,0,37.3,4.2,No information,No information,49,No information,2915,31.8,19.1,62.7,0,62.7,95.8,42,2485,shot
emerson-palmieri,https://www.sofascore.com/italy-spain/YTbshUb#id:8594150,italy,post,No information,assisted,5.3,30.3,0,left-foot,high,0,54.5,38.6,No information,No information,45,No information,2660,30.3,5.3,45.5,0,45.5,61.4,1,40,shot
mikel-oyarzabal,https://www.sofascore.com/italy-spain/YTbshUb#id:8594150,spain,miss,No information,assisted,14.4,65.3,0,left-foot,high-left,0,56.8,63.9,No information,No information,39,No information,2330,65.3,14.4,43.2,0,43.2,36.1,7,370,shot
dani-olmo,https://www.sofascore.com/italy-spain/YTbshUb#id:8594150,spain,miss,No information,assisted,22.2,68,0,right-foot,high,0,48.4,72.2,No information,No information,33,No information,1921,68,22.2,51.6,0,51.6,27.8,13,779,shot
dani-olmo,https://www.sofascore.com/italy-spain/YTbshUb#id:8594150,spain,save,No information,regular,12.3,52.8,0,right-foot,low-left,0,52,3.2,No information,No information,25,No information,1484,52.8,12.3,48,0,48,96.8,21,1216,shot
dani-olmo,https://www.sofascore.com/italy-spain/YTbshUb#id:8594150,spain,block,No information,assisted,13.2,53.6,0,right-foot,low-centre,0,48.3,19,No information,No information,25,No information,1483,53.6,13.2,51.7,0,51.7,81,21,1217,shot
ferran-torres,https://www.sofascore.com/italy-spain/YTbshUb#id:8594150,spain,miss,No information,regular,23.3,42.7,0,right-foot,close-left,0,57.5,4.2,No information,No information,15,No information,853,42.7,23.3,42.5,0,42.5,95.8,31,1847,shot

ferran-torres,https://www.sofascore.com/czech-republic-spain/YTbsoUb#id:10023420,spain,block,No information,regular,25.6,57.5,0,right-foot,low-centre,0,49.8,19,No information,No information,86,No information,5131,57.5,25.6,50.2,0,50.2,81,5,269,shot
pablo-sarabia,https://www.sofascore.com/czech-republic-spain/YTbsoUb#id:10023420,spain,miss,No information,assisted,15.2,26.8,0,right-foot,close-right,0,42.2,16.7,No information,No information,82,No information,4911,26.8,15.2,57.8,0,57.8,83.3,9,489,shot
dani-olmo,https://www.sofascore.com/czech-republic-spain/YTbsoUb#id:10023420,spain,save,No information,regular,12.8,50.5,0,right-foot,low-centre,0,50.6,7.6,No information,No information,82,No information,4902,50.5,12.8,49.4,0,49.4,92.4,9,498,shot
pablo-sarabia,https://www.sofascore.com/czech-republic-spain/YTbsoUb#id:10023420,spain,goal,regular,regular,2.3,46,0,left-foot,low-left,0,53.7,4.4,No information,No information,75,No information,4472,46,2.3,46.3,0,46.3,95.6,16,928,shot
gavi,https://www.sofascore.com/czech-republic-spain/YTbsoUb#id:10023420,spain,save,No information,assisted,13.7,68.9,0,left-foot,low-centre,0,51,14.6,No information,No information,71,No information,4201,68.9,13.7,49,0,49,85.4,20,1199,shot
alex-kral,https://www.sofascore.com/czech-republic-spain/YTbsoUb#id:10023420,czechia,miss,No information,assisted,24.3,33.1,0,right-foot,close-left,0,58,9.7,No information,No information,67,No information,3986,33.1,24.3,42,0,42,90.3,24,1414,shot
vaclav-cerny,https://www.sofascore.com/czech-republic-spain/YTbsoUb#id:10023420,czechia,block,No information,assisted,18.6,55.9,0,left-foot,low-centre,0,48.9,19,No information,No information,51,No information,3044,55.9,18.6,51.1,0,51.1,81,40,2356,shot
jakub-pesek,https://www.sofascore.com/czech-republic-spain/YTbsoUb#id:10023420,czechia,miss,No information,regular,9.5,29.1,0,left-foot,close-high,0,50.9,54.2,No information,No information,50,No information,2950,29.1,9.5,49.1,0,49.1,45.8,41,2450,shot
marco-asensio,https://www.sofascore.com/czech-republic-spain/YTbsoUb#id:10023420,spain,block,No information,assisted,10.4,74.9,0,left-foot,low-centre,0,49.9,19,No information,No information,38,No information,2227,74.9,10.4,50.1,0,50.1,81,8,473,shot
dani-olmo,https://www.sofascore.com/czech-republic-spain/YTbsoUb#id:10023420,spain,block,No information,assisted,12.8,25.2,0,right-foot,low-centre,0,50.7,19,No information,No information,37,No information,2178,25.2,12.8,49.3,0,49.3,81,9,522,shot
carlos-soler,https://www.sofascore.com/czech-republic-spain/YTbsoUb#id:10023420,spain,miss,No information,assisted,6.9,56.3,0,left-foot,left,0,76.6,5.6,No information,No information,27,No information,1619,56.3,6.9,23.4,0,23.4,94.4,19,1081,shot
carlos-soler,https://www.sofascore.com/czech-republic-spain/YTbsoUb#id:10023420,spain,goal,regular,assisted,6.7,55.9,0,right-foot,low-right,0,46.9,15.8,No information,No information,24,No information,1395,55.9,6.7,53.1,0,53.1,84.2,22,1305,shot
jan-kuchta,https://www.sofascore.com/czech-republic-spain/YTbsoUb#id:10023420,czechia,save,No information,fast-break,8.7,33.6,0,left-foot,low-centre,0,48.4,1.3,No information,No information,20,No information,1148,33.6,8.7,51.6,0,51.6,98.7,26,1552,shot
vaclav-cerny,https://www.sofascore.com/czech-republic-spain/YTbsoUb#id:10023420,czechia,save,No information,assisted,21.8,52.8,0,left-foot,low-right,0,47.7,0.6,No information,No information,18,No information,1031,52.8,21.8,52.3,0,52.3,99.4,28,1669,shot
vaclav-cerny,https://www.sofascore.com/czech-republic-spain/YTbsoUb#id:10023420,czechia,miss,No information,fast-break,52.5,76.2,0,left-foot,left,0,84.2,25,No information,No information,16,No information,902,76.2,52.5,15.8,0,15.8,75,30,1798,shot
jakub-pesek,https://www.sofascore.com/czech-republic-spain/YTbsoUb#id:10023420,czechia,block,No information,regular,15.8,42.9,0,right-foot,low-centre,0,51.3,19,No information,No information,12,No information,667,42.9,15.8,48.7,0,48.7,81,34,2033,shot

ivan-perisic,https://www.sofascore.com/croatia-spain/YTbspUb#id:11873907,croatia,miss,No information,assisted,11,35.2,0,head,high-left,0,63.9,44.4,No information,No information,90,2,5508,35.2,11,36.1,0,36.1,55.6,1,792,shot
ferran-torres,https://www.sofascore.com/croatia-spain/YTbspUb#id:11873907,spain,block,No information,fast-break,9.5,69.5,0,right-foot,low-right,0,47.9,19,No information,No information,88,No information,5272,69.5,9.5,52.1,0,52.1,81,3,128,shot
ivan-perisic,https://www.sofascore.com/croatia-spain/YTbspUb#id:11873907,croatia,save,No information,assisted,28.4,32.7,0,left-foot,low-left,0,53.9,15.2,No information,No information,84,No information,5032,32.7,28.4,46.1,0,46.1,84.8,7,368,shot
ivan-perisic,https://www.sofascore.com/croatia-spain/YTbspUb#id:11873907,croatia,block,No information,assisted,18.2,33.4,0,right-foot,low-centre,0,50.8,19,No information,No information,84,No information,5024,33.4,18.2,49.2,0,49.2,81,7,376,shot
bruno-petkovic,https://www.sofascore.com/croatia-spain/YTbspUb#id:11873907,croatia,save,No information,penalty,11.5,50,0,right-foot,low-left,0,53.8,11.4,No information,No information,80,No information,4742,50,11.5,46.2,0,46.2,88.6,11,658,shot
dani-olmo,https://www.sofascore.com/croatia-spain/YTbspUb#id:11873907,spain,block,No information,assisted,26.2,48.5,0,right-foot,low-centre,0,51.1,19,No information,No information,74,No information,4392,48.5,26.2,48.9,0,48.9,81,17,1008,shot
lamine-yamal,https://www.sofascore.com/croatia-spain/YTbspUb#id:11873907,spain,block,No information,free-kick,25.3,58.7,0,left-foot,low-right,0,47.4,19,No information,No information,58,No information,3437,58.7,25.3,52.6,0,52.6,81,33,1963,shot
mateo-kovacic,https://www.sofascore.com/croatia-spain/YTbspUb#id:11873907,croatia,miss,No information,regular,4.2,43.2,0,head,left,0,78.2,9.7,No information,No information,55,No information,3273,43.2,4.2,21.8,0,21.8,90.3,36,2127,shot
andrej-kramaric,https://www.sofascore.com/croatia-spain/YTbspUb#id:11873907,croatia,save,No information,assisted,2.7,50.9,0,head,high-centre,0,50.3,24.7,No information,No information,55,No information,3272,50.9,2.7,49.7,0,49.7,75.3,36,2128,shot
ante-budimir,https://www.sofascore.com/croatia-spain/YTbspUb#id:11873907,croatia,miss,No information,regular,3,46.6,0,head,close-right,0,41.3,12.5,No information,No information,55,No information,3272,46.6,3,58.7,0,58.7,87.5,36,2128,shot
josip-stanisic,https://www.sofascore.com/croatia-spain/YTbspUb#id:11873907,croatia,block,No information,regular,7.4,59.3,0,right-foot,low-right,0,48.1,19,No information,No information,55,No information,3270,59.3,7.4,51.9,0,51.9,81,36,2130,shot
alvaro-morata,https://www.sofascore.com/croatia-spain/YTbspUb#id:11873907,spain,miss,No information,corner,2.6,42.1,0,right-foot,right,0,0.3,30.6,No information,No information,54,No information,3181,42.1,2.6,99.7,0,99.7,69.4,37,2219,shot
lamine-yamal,https://www.sofascore.com/croatia-spain/YTbspUb#id:11873907,spain,save,No information,fast-break,9.8,61.5,0,left-foot,low-left,0,52.3,3.2,No information,No information,52,No information,3105,61.5,9.8,47.7,0,47.7,96.8,39,2295,shot
josko-gvardiol,https://www.sofascore.com/croatia-spain/YTbspUb#id:11873907,croatia,block,No information,assisted,18.7,30,0,left-foot,low-centre,0,48.8,19,No information,No information,51,No information,3000,30,18.7,51.2,0,51.2,81,40,2400,shot
daniel-carvajal,https://www.sofascore.com/croatia-spain/YTbspUb#id:11873907,spain,goal,regular,corner,5.2,53.6,0,right-foot,low-centre,0,48.7,2.5,No information,No information,45,2,2814,53.6,5.2,51.3,0,51.3,97.5,1,2586,shot
mateo-kovacic,https://www.sofascore.com/croatia-spain/YTbspUb#id:11873907,croatia,miss,No information,assisted,25.4,36.6,0,right-foot,high-right,0,35.1,51.4,No information,No information,45,1,2732,36.6,25.4,64.9,0,64.9,48.6,1,2668,shot
andrej-kramaric,https://www.sofascore.com/croatia-spain/YTbspUb#id:11873907,croatia,miss,No information,assisted,30.4,55.3,0,right-foot,close-high-left,0,57.8,51.4,No information,No information,45,No information,2659,55.3,30.4,42.2,0,42.2,48.6,1,41,shot
josko-gvardiol,https://www.sofascore.com/croatia-spain/YTbspUb#id:11873907,croatia,miss,No information,assisted,4.5,35,0,left-foot,right,0,40.7,12.5,No information,No information,41,No information,2448,35,4.5,59.3,0,59.3,87.5,5,252,shot
robin-le-normand,https://www.sofascore.com/croatia-spain/YTbspUb#id:11873907,spain,miss,No information,corner,6.1,48.5,0,head,high-left,0,57.8,76.4,No information,No information,36,No information,2110,48.5,6.1,42.2,0,42.2,23.6,10,590,shot
lovro-majer,https://www.sofascore.com/croatia-spain/YTbspUb#id:11873907,croatia,miss,No information,regular,2.9,64.2,0,right-foot,close-right,0,42.9,15.3,No information,No information,33,No information,1976,64.2,2.9,57.1,0,57.1,84.7,13,724,shot
marcelo-brozovic,https://www.sofascore.com/croatia-spain/YTbspUb#id:11873907,croatia,save,No information,regular,18.5,49.9,0,right-foot,low-right,0,47.4,3.8,No information,No information,33,No information,1974,49.9,18.5,52.6,0,52.6,96.2,13,726,shot
fabian-ruiz,https://www.sofascore.com/croatia-spain/YTbspUb#id:11873907,spain,goal,regular,assisted,14.3,46.6,0,left-foot,low-right,0,48,0.6,No information,No information,32,No information,1885,46.6,14.3,52,0,52,99.4,14,815,shot
mateo-kovacic,https://www.sofascore.com/croatia-spain/YTbspUb#id:11873907,croatia,save,No information,assisted,15,47.9,0,left-foot,low-right,0,47.7,1.9,No information,No information,30,No information,1792,47.9,15,52.3,0,52.3,98.1,16,908,shot
alvaro-morata,https://www.sofascore.com/croatia-spain/YTbspUb#id:11873907,spain,goal,regular,fast-break,15.6,49.7,0,left-foot,low-left,0,52.6,3.8,No information,No information,29,No information,1688,49.7,15.6,47.4,0,47.4,96.2,17,1012,shot
ante-budimir,https://www.sofascore.com/croatia-spain/YTbspUb#id:11873907,croatia,miss,No information,assisted,13,48.9,0,head,high-right,0,37.6,59.7,No information,No information,22,No information,1308,48.9,13,62.4,0,62.4,40.3,24,1392,shot
lamine-yamal,https://www.sofascore.com/croatia-spain/YTbspUb#id:11873907,spain,miss,No information,fast-break,11.9,62.4,0,left-foot,close-right,0,41.5,12.5,No information,No information,15,No information,852,62.4,11.9,58.5,0,58.5,87.5,31,1848,shot
alvaro-morata,https://www.sofascore.com/croatia-spain/YTbspUb#id:11873907,spain,save,No information,assisted,22.1,63,0,left-foot,low-right,0,46.8,1.9,No information,No information,7,No information,382,63,22.1,53.2,0,53.2,98.1,39,2318,shot

joselu,https://www.sofascore.com/spain-cyprus/HObsYTb#id:10752495,spain,miss,No information,corner,2.7,40.8,0,left-foot,left,0,60,38.9,No information,No information,90,2,5483,40.8,2.7,40,0,40,61.1,1,817,shot
robin-le-normand,https://www.sofascore.com/spain-cyprus/HObsYTb#id:10752495,spain,miss,No information,corner,6.4,57.3,0,head,left,0,72.9,8.3,No information,No information,90,2,5482,57.3,6.4,27.1,0,27.1,91.7,1,818,shot
ferran-torres,https://www.sofascore.com/spain-cyprus/HObsYTb#id:10752495,spain,goal,regular,assisted,13.8,46.1,0,left-foot,low-left,0,53,2.5,No information,No information,83,No information,4966,46.1,13.8,47,0,47,97.5,8,434,shot
rodri,https://www.sofascore.com/spain-cyprus/HObsYTb#id:10752495,spain,save,No information,assisted,30.9,51.1,0,right-foot,low-left,0,54.7,1.9,No information,No information,82,No information,4912,51.1,30.9,45.3,0,45.3,98.1,9,488,shot
aymeric-laporte,https://www.sofascore.com/spain-cyprus/HObsYTb#id:10752495,spain,miss,No information,corner,6,43.9,0,head,high,0,53.3,100,No information,No information,81,No information,4844,43.9,6,46.7,0,46.7,0,10,556,shot
alejandro-baena,https://www.sofascore.com/spain-cyprus/HObsYTb#id:10752495,spain,goal,regular,assisted,7,46.6,0,right-foot,low-left,0,52.8,12,No information,No information,77,No information,4612,46.6,7,47.2,0,47.2,88,14,788,shot
joselu,https://www.sofascore.com/spain-cyprus/HObsYTb#id:10752495,spain,save,No information,assisted,6,44.1,0,left-foot,low-centre,0,51.6,15.8,No information,No information,77,No information,4608,44.1,6,48.4,0,48.4,84.2,14,792,shot
ferran-torres,https://www.sofascore.com/spain-cyprus/HObsYTb#id:10752495,spain,goal,regular,assisted,10.8,54.3,0,right-foot,low-centre,0,48.6,3.2,No information,No information,73,No information,4331,54.3,10.8,51.4,0,51.4,96.8,18,1069,shot
marinos-tzionis,https://www.sofascore.com/spain-cyprus/HObsYTb#id:10752495,cyprus,save,No information,assisted,9.8,62.5,0,right-foot,low-right,0,47.7,18.4,No information,No information,72,No information,4284,62.5,9.8,52.3,0,52.3,81.6,19,1116,shot
joselu,https://www.sofascore.com/spain-cyprus/HObsYTb#id:10752495,spain,goal,regular,assisted,3.2,55.1,0,head,low-left,0,52,17.7,No information,No information,70,No information,4170,55.1,3.2,48,0,48,82.3,21,1230,shot
ferran-torres,https://www.sofascore.com/spain-cyprus/HObsYTb#id:10752495,spain,block,No information,assisted,13.1,67.3,0,left-foot,high-right,0,46.9,22.2,No information,No information,70,No information,4164,67.3,13.1,53.1,0,53.1,77.8,21,1236,shot
ferran-torres,https://www.sofascore.com/spain-cyprus/HObsYTb#id:10752495,spain,miss,No information,assisted,8.1,55.7,0,head,high,0,53.1,65.3,No information,No information,67,No information,4015,55.7,8.1,46.9,0,46.9,34.7,24,1385,shot
lamine-yamal,https://www.sofascore.com/spain-cyprus/HObsYTb#id:10752495,spain,save,No information,assisted,21.9,61,0,left-foot,low-centre,0,50.9,3.8,No information,No information,57,No information,3408,61,21.9,49.1,0,49.1,96.2,34,1992,shot
jose-luis-gaya,https://www.sofascore.com/spain-cyprus/HObsYTb#id:10752495,spain,miss,No information,regular,19.7,30.1,0,left-foot,high,0,45.2,79.2,No information,No information,52,No information,3112,30.1,19.7,54.8,0,54.8,20.8,39,2288,shot
lamine-yamal,https://www.sofascore.com/spain-cyprus/HObsYTb#id:10752495,spain,block,No information,assisted,14,70.4,0,left-foot,low-centre,0,51.3,19,No information,No information,39,No information,2314,70.4,14,48.7,0,48.7,81,7,386,shot
alvaro-morata,https://www.sofascore.com/spain-cyprus/HObsYTb#id:10752495,spain,miss,No information,corner,5.8,45.8,0,head,high,0,48.7,80.6,No information,No information,36,No information,2147,45.8,5.8,51.3,0,51.3,19.4,10,553,shot
lamine-yamal,https://www.sofascore.com/spain-cyprus/HObsYTb#id:10752495,spain,save,No information,assisted,1.6,66.8,0,left-foot,low-right,0,47.7,18.4,No information,No information,36,No information,2116,66.8,1.6,52.3,0,52.3,81.6,10,584,shot
mikel-merino,https://www.sofascore.com/spain-cyprus/HObsYTb#id:10752495,spain,goal,regular,assisted,5.4,56.7,0,head,low-left,0,53.8,19.6,No information,No information,33,No information,1923,56.7,5.4,46.2,0,46.2,80.4,13,777,shot
rodri,https://www.sofascore.com/spain-cyprus/HObsYTb#id:10752495,spain,block,No information,assisted,14.5,56.9,0,right-foot,low-right,0,45.6,19,No information,No information,32,No information,1917,56.9,14.5,54.4,0,54.4,81,14,783,shot
nico-williams,https://www.sofascore.com/spain-cyprus/HObsYTb#id:10752495,spain,save,No information,fast-break,9.7,37.8,0,left-foot,low-centre,0,48.7,2.5,No information,No information,29,No information,1697,37.8,9.7,51.3,0,51.3,97.5,17,1003,shot
alvaro-morata,https://www.sofascore.com/spain-cyprus/HObsYTb#id:10752495,spain,miss,No information,regular,13.8,45.6,0,right-foot,right,0,40.5,18.1,No information,No information,28,No information,1637,45.6,13.8,59.5,0,59.5,81.9,18,1063,shot
alvaro-morata,https://www.sofascore.com/spain-cyprus/HObsYTb#id:10752495,spain,miss,No information,assisted,9,46.6,0,head,close-right,0,41.8,27.8,No information,No information,27,No information,1570,46.6,9,58.2,0,58.2,72.2,19,1130,shot
aymeric-laporte,https://www.sofascore.com/spain-cyprus/HObsYTb#id:10752495,spain,miss,No information,corner,8,53.6,0,head,left,0,64.7,5.6,No information,No information,21,No information,1214,53.6,8,35.3,0,35.3,94.4,25,1486,shot
gavi,https://www.sofascore.com/spain-cyprus/HObsYTb#id:10752495,spain,goal,regular,assisted,8.3,44.1,0,left-foot,low-left,0,53.5,5.7,No information,No information,18,No information,1041,44.1,8.3,46.5,0,46.5,94.3,28,1659,shot
robin-le-normand,https://www.sofascore.com/spain-cyprus/HObsYTb#id:10752495,spain,miss,No information,corner,14,56.7,0,right-foot,close-high,0,51.9,54.2,No information,No information,16,No information,928,56.7,14,48.1,0,48.1,45.8,30,1772,shot
mikel-merino,https://www.sofascore.com/spain-cyprus/HObsYTb#id:10752495,spain,block,No information,assisted,24.1,59,0,left-foot,low-centre,0,49.9,19,No information,No information,14,No information,812,59,24.1,50.1,0,50.1,81,32,1888,shot
mikel-merino,https://www.sofascore.com/spain-cyprus/HObsYTb#id:10752495,spain,block,No information,corner,10.2,42.2,0,head,low-centre,0,51.3,19,No information,No information,8,No information,470,42.2,10.2,48.7,0,48.7,81,38,2230,shot
mikel-merino,https://www.sofascore.com/spain-cyprus/HObsYTb#id:10752495,spain,save,No information,corner,11.1,43,0,head,low-centre,0,49.6,7,No information,No information,6,No information,330,43,11.1,50.4,0,50.4,93,40,2370,shot
alvaro-morata,https://www.sofascore.com/spain-cyprus/HObsYTb#id:10752495,spain,block,No information,assisted,22.1,66.8,0,left-foot,low-centre,0,50.9,19,No information,No information,5,No information,246,66.8,22.1,49.1,0,49.1,81,41,2454,shot

zlatan-ibrahimovic,https://www.sofascore.com/spain-sweden/NTbsYTb#id:9223882,sweden,miss,No information,corner,7.3,46,0,other,right,0,18.2,5.6,No information,No information,90,3,5564,46,7.3,81.8,0,81.8,94.4,1,736,shot
zlatan-ibrahimovic,https://www.sofascore.com/spain-sweden/NTbsYTb#id:9223882,sweden,block,No information,assisted,8.3,44.2,0,head,low-centre,0,50.3,19,No information,No information,90,No information,5392,44.2,8.3,49.7,0,49.7,81,1,8,shot
alvaro-morata,https://www.sofascore.com/spain-sweden/NTbsYTb#id:9223882,spain,goal,regular,regular,4,47.2,0,right-foot,high-centre,0,51.4,21.5,No information,No information,86,No information,5130,47.2,4,48.6,0,48.6,78.5,5,270,shot
dani-olmo,https://www.sofascore.com/spain-sweden/NTbsYTb#id:9223882,spain,save,No information,assisted,24.3,24,0,right-foot,high-left,0,52,25.3,No information,No information,86,No information,5126,24,24.3,48,0,48,74.7,5,274,shot
alvaro-morata,https://www.sofascore.com/spain-sweden/NTbsYTb#id:9223882,spain,save,No information,fast-break,15.3,36.3,0,left-foot,low-centre,0,50.5,3.2,No information,No information,84,No information,4995,36.3,15.3,49.5,0,49.5,96.8,7,405,shot
alvaro-morata,https://www.sofascore.com/spain-sweden/NTbsYTb#id:9223882,spain,miss,No information,set-piece,12.7,40.2,0,right-foot,high-right,0,42.2,100,No information,No information,78,No information,4640,40.2,12.7,57.8,0,57.8,0,13,760,shot
rodrigo,https://www.sofascore.com/spain-sweden/NTbsYTb#id:9223882,spain,block,No information,regular,9.3,76.5,0,left-foot,low-centre,0,49.1,19,No information,No information,72,No information,4280,76.5,9.3,50.9,0,50.9,81,19,1120,shot
svanberg-mattias,https://www.sofascore.com/spain-sweden/NTbsYTb#id:9223882,sweden,miss,No information,throw-in-set-piece,19.9,62.7,0,right-foot,high-left,0,62.9,61.1,No information,No information,66,No information,3916,62.7,19.9,37.1,0,37.1,38.9,25,1484,shot
alvaro-morata,https://www.sofascore.com/spain-sweden/NTbsYTb#id:9223882,spain,miss,No information,assisted,4.4,32.8,0,right-foot,left,0,59.5,2.8,No information,No information,62,No information,3703,32.8,4.4,40.5,0,40.5,97.2,29,1697,shot
aymeric-laporte,https://www.sofascore.com/spain-sweden/NTbsYTb#id:9223882,spain,save,No information,corner,21.6,49.1,0,right-foot,low-right,0,48,13.9,No information,No information,60,No information,3586,49.1,21.6,52,0,52,86.1,31,1814,shot
pau-torres,https://www.sofascore.com/spain-sweden/NTbsYTb#id:9223882,spain,block,No information,corner,15.1,51.1,0,right-foot,low-centre,0,51.3,19,No information,No information,60,No information,3585,51.1,15.1,48.7,0,48.7,81,31,1815,shot
ludwig-augustinsson,https://www.sofascore.com/spain-sweden/NTbsYTb#id:9223882,sweden,miss,No information,regular,21.6,26.6,0,left-foot,high-right,0,40.7,70.8,No information,No information,53,No information,3152,26.6,21.6,59.3,0,59.3,29.2,38,2248,shot
viktor-claesson,https://www.sofascore.com/spain-sweden/NTbsYTb#id:9223882,sweden,block,No information,assisted,12.1,74.2,0,right-foot,low-left,0,53.8,19,No information,No information,53,No information,3141,74.2,12.1,46.2,0,46.2,81,38,2259,shot
raul-de-tomas,https://www.sofascore.com/spain-sweden/NTbsYTb#id:9223882,spain,miss,No information,corner,6.8,42.3,0,head,right,0,33.4,1.4,No information,No information,52,No information,3086,42.3,6.8,66.6,0,66.6,98.6,39,2314,shot
alexander-isak,https://www.sofascore.com/spain-sweden/NTbsYTb#id:9223882,sweden,miss,No information,assisted,14.7,45,0,right-foot,high-right,0,37.5,79.2,No information,No information,48,No information,2866,45,14.7,62.5,0,62.5,20.8,43,2534,shot
emil-forsberg,https://www.sofascore.com/spain-sweden/NTbsYTb#id:9223882,sweden,miss,No information,assisted,5,66,0,right-foot,close-left,0,56.5,4.2,No information,No information,39,No information,2280,66,5,43.5,0,43.5,95.8,7,420,shot
jordi-alba,https://www.sofascore.com/spain-sweden/NTbsYTb#id:9223882,spain,miss,No information,corner,25.5,51.1,0,left-foot,high,0,48.9,77.8,No information,No information,23,No information,1366,51.1,25.5,51.1,0,51.1,22.2,23,1334,shot
dani-olmo,https://www.sofascore.com/spain-sweden/NTbsYTb#id:9223882,spain,block,No information,assisted,23.2,47.2,0,right-foot,low-centre,0,51.1,19,No information,No information,23,No information,1327,47.2,23.2,48.9,0,48.9,81,23,1373,shot
emil-forsberg,https://www.sofascore.com/spain-sweden/NTbsYTb#id:9223882,sweden,miss,No information,assisted,18.9,48,0,left-foot,close-right,0,42.5,9.7,No information,No information,16,No information,937,48,18.9,57.5,0,57.5,90.3,30,1763,shot
pablo-sarabia,https://www.sofascore.com/spain-sweden/NTbsYTb#id:9223882,spain,miss,No information,assisted,20.1,75.7,0,left-foot,close-left,0,56.8,19.4,No information,No information,9,No information,497,75.7,20.1,43.2,0,43.2,80.6,37,2203,shot

djibril-sow,https://www.sofascore.com/switzerland-spain/YTbsZTb#id:10023361,switzerland,block,No information,regular,13,52.8,0,right-foot,low-left,0,54.1,19,No information,No information,90,4,5588,52.8,13,45.9,0,45.9,81,1,712,shot
haris-seferovic,https://www.sofascore.com/switzerland-spain/YTbsZTb#id:10023361,switzerland,block,No information,assisted,21.2,49.1,0,left-foot,low-centre,0,50.9,19,No information,No information,88,No information,5225,49.1,21.2,49.1,0,49.1,81,3,175,shot
breel-embolo,https://www.sofascore.com/switzerland-spain/YTbsZTb#id:10023361,switzerland,miss,No information,assisted,28,64.6,0,right-foot,left,0,63.5,22.2,No information,No information,87,No information,5170,64.6,28,36.5,0,36.5,77.8,4,230,shot
marco-asensio,https://www.sofascore.com/switzerland-spain/YTbsZTb#id:10023361,spain,save,No information,assisted,14.7,32.9,0,right-foot,low-centre,0,51.3,18.4,No information,No information,82,No information,4872,32.9,14.7,48.7,0,48.7,81.6,9,528,shot
marcos-llorente,https://www.sofascore.com/switzerland-spain/YTbsZTb#id:10023361,spain,miss,No information,regular,15.7,40.8,0,left-foot,right,0,38.5,20.8,No information,No information,65,No information,3864,40.8,15.7,61.5,0,61.5,79.2,26,1536,shot
pablo-sarabia,https://www.sofascore.com/switzerland-spain/YTbsZTb#id:10023361,spain,block,No information,fast-break,18.5,37.1,0,right-foot,low-right,0,46,19,No information,No information,61,No information,3640,37.1,18.5,54,0,54,81,30,1760,shot
ferran-torres,https://www.sofascore.com/switzerland-spain/YTbsZTb#id:10023361,spain,save,No information,assisted,22.3,54.2,0,left-foot,low-centre,0,48.8,3.2,No information,No information,55,No information,3269,54.2,22.3,51.2,0,51.2,96.8,36,2131,shot
steven-zuber,https://www.sofascore.com/switzerland-spain/YTbsZTb#id:10023361,switzerland,block,No information,assisted,21.8,35.1,0,left-foot,low-centre,0,51.1,19,No information,No information,53,No information,3164,35.1,21.8,48.9,0,48.9,81,38,2236,shot
xherdan-shaqiri,https://www.sofascore.com/switzerland-spain/YTbsZTb#id:10023361,switzerland,save,No information,assisted,21,65.6,0,left-foot,low-centre,0,50.2,13.9,No information,No information,53,No information,3125,65.6,21,49.8,0,49.8,86.1,38,2275,shot
eray-comert,https://www.sofascore.com/switzerland-spain/YTbsZTb#id:10023361,switzerland,miss,No information,corner,4.6,53.2,0,head,left,0,64.7,30.6,No information,No information,45,No information,2689,53.2,4.6,35.3,0,35.3,69.4,1,11,shot
pablo-sarabia,https://www.sofascore.com/switzerland-spain/YTbsZTb#id:10023361,spain,miss,No information,assisted,12.1,40.2,0,left-foot,high,0,48.7,98.6,No information,No information,29,No information,1726,40.2,12.1,51.3,0,51.3,1.4,17,974,shot
breel-embolo,https://www.sofascore.com/switzerland-spain/YTbsZTb#id:10023361,switzerland,miss,No information,set-piece,2.3,60.6,0,head,right,0,39.2,15.3,No information,No information,25,No information,1480,60.6,2.3,60.8,0,60.8,84.7,21,1220,shot
pablo-sarabia,https://www.sofascore.com/switzerland-spain/YTbsZTb#id:10023361,spain,goal,regular,assisted,4.3,50.5,0,left-foot,low-centre,0,51,1.9,No information,No information,13,No information,739,50.5,4.3,49,0,49,98.1,33,1961,shot
alvaro-morata,https://www.sofascore.com/switzerland-spain/YTbsZTb#id:10023361,spain,miss,No information,assisted,8.1,58.3,0,head,high-right,0,38,77.8,No information,No information,10,No information,596,58.3,8.1,62,0,62,22.2,36,2104,shot

joselu,https://www.sofascore.com/georgia-spain/YTbsnVb#id:10752470,spain,save,No information,assisted,6,57.3,0,left-foot,low-right,0,47.7,16.5,No information,No information,90,3,5534,57.3,6,52.3,0,52.3,83.5,1,766,shot
robin-le-normand,https://www.sofascore.com/georgia-spain/YTbsnVb#id:10752470,spain,miss,No information,corner,5.1,54.4,0,head,right,0,40.2,2.8,No information,No information,90,1,5413,54.4,5.1,59.8,0,59.8,97.2,1,887,shot
martin-zubimendi,https://www.sofascore.com/georgia-spain/YTbsnVb#id:10752470,spain,block,No information,corner,12.6,50.7,0,left-foot,low-left,0,51.9,19,No information,No information,90,No information,5390,50.7,12.6,48.1,0,48.1,81,1,10,shot
fabian-ruiz,https://www.sofascore.com/georgia-spain/YTbsnVb#id:10752470,spain,block,No information,corner,21.1,63.1,0,left-foot,low-centre,0,49.9,19,No information,No information,90,No information,5382,63.1,21.1,50.1,0,50.1,81,1,18,shot
mikel-merino,https://www.sofascore.com/georgia-spain/YTbsnVb#id:10752470,spain,block,No information,set-piece,8.8,50.7,0,head,low-centre,0,51.8,19,No information,No information,90,No information,5343,50.7,8.8,48.2,0,48.2,81,1,57,shot
khvicha-kvaratskhelia,https://www.sofascore.com/georgia-spain/YTbsnVb#id:10752470,georgia,miss,No information,free-kick,26,23,0,right-foot,close-left,0,57.3,6.9,No information,No information,85,No information,5085,23,26,42.7,0,42.7,93.1,6,315,shot
khvicha-kvaratskhelia,https://www.sofascore.com/georgia-spain/YTbsnVb#id:10752470,georgia,miss,No information,assisted,19.3,69.2,0,right-foot,left,0,60.5,4.2,No information,No information,83,No information,4973,69.2,19.3,39.5,0,39.5,95.8,8,427,shot
joselu,https://www.sofascore.com/georgia-spain/YTbsnVb#id:10752470,spain,miss,No information,regular,14.7,43.1,0,right-foot,close-left,0,57.3,9.7,No information,No information,78,No information,4647,43.1,14.7,42.7,0,42.7,90.3,13,753,shot
nico-williams,https://www.sofascore.com/georgia-spain/YTbsnVb#id:10752470,spain,block,No information,assisted,12.8,57.9,0,right-foot,low-left,0,53,19,No information,No information,78,No information,4646,57.9,12.8,47,0,47,81,13,754,shot
lamine-yamal,https://www.sofascore.com/georgia-spain/YTbsnVb#id:10752470,spain,block,No information,regular,4.8,55.7,0,left-foot,low-centre,0,48.4,19,No information,No information,76,No information,4537,55.7,4.8,51.6,0,51.6,81,15,863,shot
joselu,https://www.sofascore.com/georgia-spain/YTbsnVb#id:10752470,spain,save,No information,assisted,12,46.8,0,right-foot,low-right,0,47.2,3.8,No information,No information,76,No information,4535,46.8,12,52.8,0,52.8,96.2,15,865,shot
lamine-yamal,https://www.sofascore.com/georgia-spain/YTbsnVb#id:10752470,spain,goal,regular,assisted,12.7,56.7,0,left-foot,low-left,0,53.2,15.8,No information,No information,74,No information,4397,56.7,12.7,46.8,0,46.8,84.2,17,1003,shot
nico-williams,https://www.sofascore.com/georgia-spain/YTbsnVb#id:10752470,spain,miss,No information,assisted,7,35.9,0,left-foot,high,0,54.8,61.1,No information,No information,72,No information,4266,35.9,7,45.2,0,45.2,38.9,19,1134,shot
lamine-yamal,https://www.sofascore.com/georgia-spain/YTbsnVb#id:10752470,spain,block,No information,assisted,17.7,70.9,0,left-foot,low-centre,0,51.8,19,No information,No information,71,No information,4225,70.9,17.7,48.2,0,48.2,81,20,1175,shot
nico-williams,https://www.sofascore.com/georgia-spain/YTbsnVb#id:10752470,spain,goal,regular,assisted,8,38.8,0,right-foot,low-centre,0,49.4,18.4,No information,No information,68,No information,4036,38.8,8,50.6,0,50.6,81.6,23,1364,shot
fabian-ruiz,https://www.sofascore.com/georgia-spain/YTbsnVb#id:10752470,spain,miss,No information,regular,7.3,33.8,0,left-foot,high-left,0,58.5,61.1,No information,No information,67,No information,3986,33.8,7.3,41.5,0,41.5,38.9,24,1414,shot
rodri,https://www.sofascore.com/georgia-spain/YTbsnVb#id:10752470,spain,save,No information,assisted,28.1,52.8,0,right-foot,low-centre,0,50.9,9.5,No information,No information,67,No information,3983,52.8,28.1,49.1,0,49.1,90.5,24,1417,shot
alvaro-morata,https://www.sofascore.com/georgia-spain/YTbsnVb#id:10752470,spain,goal,regular,assisted,9.3,63.7,0,right-foot,low-centre,0,50.6,1.3,No information,No information,66,No information,3901,63.7,9.3,49.4,0,49.4,98.7,25,1499,shot
mikel-merino,https://www.sofascore.com/georgia-spain/YTbsnVb#id:10752470,spain,save,No information,assisted,12.2,53,0,right-foot,low-centre,0,49.4,1.9,No information,No information,65,No information,3880,53,12.2,50.6,0,50.6,98.1,26,1520,shot
robin-le-normand,https://www.sofascore.com/georgia-spain/YTbsnVb#id:10752470,spain,post,No information,set-piece,7.4,53.4,0,head,high,0,44.8,39.2,No information,No information,59,No information,3501,53.4,7.4,55.2,0,55.2,60.8,32,1899,shot
giorgi-chakvetadze,https://www.sofascore.com/georgia-spain/YTbsnVb#id:10752470,georgia,save,No information,fast-break,23.8,67.6,0,right-foot,low-centre,0,49.3,11.4,No information,No information,54,No information,3184,67.6,23.8,50.7,0,50.7,88.6,37,2216,shot
guram-kashia,https://www.sofascore.com/georgia-spain/YTbsnVb#id:10752470,georgia,miss,No information,assisted,31.8,53.4,0,right-foot,high,0,49.9,75,No information,No information,52,No information,3088,53.4,31.8,50.1,0,50.1,25,39,2312,shot
fabian-ruiz,https://www.sofascore.com/georgia-spain/YTbsnVb#id:10752470,spain,block,No information,free-kick,25.9,56.5,0,left-foot,low-left,0,53.4,19,No information,No information,52,No information,3063,56.5,25.9,46.6,0,46.6,81,39,2337,shot
giorgi-chakvetadze,https://www.sofascore.com/georgia-spain/YTbsnVb#id:10752470,georgia,goal,regular,regular,10,53.2,0,left-foot,low-right,0,46.2,3.8,No information,No information,49,No information,2886,53.2,10,53.8,0,53.8,96.2,42,2514,shot
alvaro-morata,https://www.sofascore.com/georgia-spain/YTbsnVb#id:10752470,spain,miss,No information,assisted,12.1,56.7,0,right-foot,close-high-right,0,41.3,52.8,No information,No information,41,No information,2456,56.7,12.1,58.7,0,58.7,47.2,5,244,shot
alvaro-morata,https://www.sofascore.com/georgia-spain/YTbsnVb#id:10752470,spain,goal,regular,assisted,9.8,54.5,0,right-foot,low-right,0,47.6,7,No information,No information,40,No information,2345,54.5,9.8,52.4,0,52.4,93,6,355,shot
dani-olmo,https://www.sofascore.com/georgia-spain/YTbsnVb#id:10752470,spain,goal,regular,regular,13.1,42.1,0,right-foot,low-left,0,52.9,2.5,No information,No information,38,No information,2239,42.1,13.1,47.1,0,47.1,97.5,8,461,shot
dani-olmo,https://www.sofascore.com/georgia-spain/YTbsnVb#id:10752470,spain,block,No information,assisted,14.5,29.7,0,right-foot,low-centre,0,51.4,19,No information,No information,38,No information,2237,29.7,14.5,48.6,0,48.6,81,8,463,shot
dani-olmo,https://www.sofascore.com/georgia-spain/YTbsnVb#id:10752470,spain,miss,No information,regular,13.8,37.3,0,right-foot,close-right,0,41.3,2.8,No information,No information,33,No information,1976,37.3,13.8,58.7,0,58.7,97.2,13,724,shot
fabian-ruiz,https://www.sofascore.com/georgia-spain/YTbsnVb#id:10752470,spain,save,No information,assisted,9.7,38.8,0,left-foot,low-left,0,51.9,14.6,No information,No information,33,No information,1964,38.8,9.7,48.1,0,48.1,85.4,13,736,shot
dani-olmo,https://www.sofascore.com/georgia-spain/YTbsnVb#id:10752470,spain,block,No information,assisted,13.7,25.6,0,right-foot,low-centre,0,49.8,19,No information,No information,32,No information,1899,25.6,13.7,50.2,0,50.2,81,14,801,shot
solomon-kvirkvelia,https://www.sofascore.com/georgia-spain/YTbsnVb#id:10752470,spain,goal,own,regular,4.5,45.3,0,right-foot,low-right,0,46.1,12,No information,No information,28,No information,1620,45.3,4.5,53.9,0,53.9,88,18,1080,shot
alvaro-morata,https://www.sofascore.com/georgia-spain/YTbsnVb#id:10752470,spain,goal,regular,assisted,8.5,46.4,0,head,low-left,0,52.4,12,No information,No information,22,No information,1300,46.4,8.5,47.6,0,47.6,88,24,1400,shot
dani-olmo,https://www.sofascore.com/georgia-spain/YTbsnVb#id:10752470,spain,block,No information,assisted,13.4,27.4,0,right-foot,low-left,0,52.9,19,No information,No information,22,No information,1286,27.4,13.4,47.1,0,47.1,81,24,1414,shot
robin-le-normand,https://www.sofascore.com/georgia-spain/YTbsnVb#id:10752470,spain,miss,No information,corner,7.2,53.6,0,head,close-right,0,42.2,19.4,No information,No information,15,No information,840,53.6,7.2,57.8,0,57.8,80.6,31,1860,shot
dani-olmo,https://www.sofascore.com/georgia-spain/YTbsnVb#id:10752470,spain,miss,No information,assisted,14.2,50.4,0,right-foot,high,0,44.7,66.7,No information,No information,10,No information,554,50.4,14.2,55.3,0,55.3,33.3,36,2146,shot
marco-asensio,https://www.sofascore.com/georgia-spain/YTbsnVb#id:10752470,spain,miss,No information,assisted,5.2,65.1,0,right-foot,high-right,0,38.7,58.3,No information,No information,4,No information,238,65.1,5.2,61.3,0,61.3,41.7,42,2462,shot
marco-asensio,https://www.sofascore.com/georgia-spain/YTbsnVb#id:10752470,spain,save,No information,assisted,3.3,60.2,0,left-foot,low-right,0,46.3,3.2,No information,No information,2,No information,74,60.2,3.3,53.7,0,53.7,96.8,44,2626,shot
alvaro-morata,https://www.sofascore.com/georgia-spain/YTbsnVb#id:10752470,spain,block,No information,assisted,6.3,60.6,0,right-foot,low-right,0,47.1,19,No information,No information,2,No information,71,60.6,6.3,52.9,0,52.9,81,44,2629,shot

rodrigo,https://www.sofascore.com/spain-sweden/NTbsYTb#id:8079023,spain,goal,regular,corner,2.7,50.3,0,right-foot,low-centre,0,48.4,10.1,No information,No information,90,2,5463,50.3,2.7,51.6,0,51.6,89.9,1,837,shot
fabian-ruiz,https://www.sofascore.com/spain-sweden/NTbsYTb#id:8079023,spain,miss,No information,corner,5.7,30.5,0,left-foot,right,0,39.2,1.4,No information,No information,90,2,5461,30.5,5.7,60.8,0,60.8,98.6,1,839,shot
gerard-moreno,https://www.sofascore.com/spain-sweden/NTbsYTb#id:8079023,spain,miss,No information,assisted,7.7,55.5,0,head,left,0,65.4,5.6,No information,No information,77,No information,4583,55.5,7.7,34.6,0,34.6,94.4,14,817,shot
robin-quaison,https://www.sofascore.com/spain-sweden/NTbsYTb#id:8079023,sweden,save,No information,assisted,10.3,47.4,0,head,high-right,0,47.4,24.7,No information,No information,75,No information,4477,47.4,10.3,52.6,0,52.6,75.3,16,923,shot
mikel-oyarzabal,https://www.sofascore.com/spain-sweden/NTbsYTb#id:8079023,spain,save,No information,regular,6.5,52.2,0,left-foot,low-centre,0,50.6,0.6,No information,No information,73,No information,4323,52.2,6.5,49.4,0,49.4,99.4,18,1077,shot
gerard-moreno,https://www.sofascore.com/spain-sweden/NTbsYTb#id:8079023,spain,miss,No information,set-piece,7,52.4,0,head,close-left,0,57.1,5.6,No information,No information,67,No information,3985,52.4,7,42.9,0,42.9,94.4,24,1415,shot
mikel-oyarzabal,https://www.sofascore.com/spain-sweden/NTbsYTb#id:8079023,spain,miss,No information,assisted,8.3,51.5,0,head,high-right,0,41.5,68.1,No information,No information,63,No information,3760,51.5,8.3,58.5,0,58.5,31.9,28,1640,shot
marcus-berg,https://www.sofascore.com/spain-sweden/NTbsYTb#id:8079023,sweden,block,No information,assisted,14.7,33.4,0,right-foot,No information,No information,No information,No information,No information,No information,58,No information,3477,33.4,14.7,No information,No information,No information,No information,33,1923,shot
rodri,https://www.sofascore.com/spain-sweden/NTbsYTb#id:8079023,spain,save,No information,corner,9.1,49.1,0,head,high-centre,0,51.1,31,No information,No information,58,No information,3451,49.1,9.1,48.9,0,48.9,69,33,1949,shot
emil-forsberg,https://www.sofascore.com/spain-sweden/NTbsYTb#id:8079023,sweden,save,No information,assisted,14.1,46,0,right-foot,low-centre,0,51.4,0.6,No information,No information,53,No information,3127,46,14.1,48.6,0,48.6,99.4,38,2273,shot
gerard-moreno,https://www.sofascore.com/spain-sweden/NTbsYTb#id:8079023,spain,miss,No information,assisted,10.4,53.6,0,head,left,0,62.9,15.3,No information,No information,52,No information,3069,53.6,10.4,37.1,0,37.1,84.7,39,2331,shot
marcus-berg,https://www.sofascore.com/spain-sweden/NTbsYTb#id:8079023,sweden,goal,regular,regular,1.1,51.1,0,head,high-centre,0,49.6,21.5,No information,No information,50,No information,2959,51.1,1.1,50.4,0,50.4,78.5,41,2441,shot
emil-forsberg,https://www.sofascore.com/spain-sweden/NTbsYTb#id:8079023,sweden,save,No information,regular,2.7,55.7,0,right-foot,low-right,0,46.5,17.1,No information,No information,50,No information,2958,55.7,2.7,53.5,0,53.5,82.9,41,2442,shot
marcus-berg,https://www.sofascore.com/spain-sweden/NTbsYTb#id:8079023,sweden,save,No information,assisted,8.3,50.1,0,head,low-centre,0,49.9,18.4,No information,No information,50,No information,2957,50.1,8.3,50.1,0,50.1,81.6,41,2443,shot
emil-forsberg,https://www.sofascore.com/spain-sweden/NTbsYTb#id:8079023,sweden,block,No information,assisted,24.7,57.8,0,right-foot,No information,No information,No information,No information,No information,No information,41,No information,2407,57.8,24.7,No information,No information,No information,No information,5,293,shot
fabian-ruiz,https://www.sofascore.com/spain-sweden/NTbsYTb#id:8079023,spain,block,No information,assisted,13,60.4,0,left-foot,No information,No information,No information,No information,No information,No information,39,No information,2326,60.4,13,No information,No information,No information,No information,7,374,shot
fabian-ruiz,https://www.sofascore.com/spain-sweden/NTbsYTb#id:8079023,spain,miss,No information,regular,21.1,70.3,0,left-foot,high-left,0,58,69.4,No information,No information,36,No information,2120,70.3,21.1,42,0,42,30.6,10,580,shot
albin-ekdal,https://www.sofascore.com/spain-sweden/NTbsYTb#id:8079023,sweden,block,No information,corner,24.9,38.6,0,right-foot,No information,No information,No information,No information,No information,No information,33,No information,1968,38.6,24.9,No information,No information,No information,No information,13,732,shot
robin-quaison,https://www.sofascore.com/spain-sweden/NTbsYTb#id:8079023,sweden,save,No information,assisted,13,54.4,0,head,high-right,0,47.1,25.9,No information,No information,33,No information,1921,54.4,13,52.9,0,52.9,74.1,13,779,shot
robin-quaison,https://www.sofascore.com/spain-sweden/NTbsYTb#id:8079023,sweden,miss,No information,assisted,12.2,38,0,left-foot,close-left,0,59,2.8,No information,No information,27,No information,1599,38,12.2,41,0,41,97.2,19,1101,shot
mikael-lustig,https://www.sofascore.com/spain-sweden/NTbsYTb#id:8079023,sweden,save,No information,assisted,25.6,63.1,0,right-foot,low-left,0,53.7,6.3,No information,No information,27,No information,1579,63.1,25.6,46.3,0,46.3,93.7,19,1121,shot
gerard-moreno,https://www.sofascore.com/spain-sweden/NTbsYTb#id:8079023,spain,save,No information,assisted,10,51.5,0,head,low-left,0,54,8.9,No information,No information,20,No information,1179,51.5,10,46,0,46,91.1,26,1521,shot
rodri,https://www.sofascore.com/spain-sweden/NTbsYTb#id:8079023,spain,save,No information,corner,4.7,52,0,left-foot,low-right,0,47.4,9.5,No information,No information,11,No information,643,52,4.7,52.6,0,52.6,90.5,35,2057,shot
gerard-moreno,https://www.sofascore.com/spain-sweden/NTbsYTb#id:8079023,spain,block,No information,corner,10.3,48.2,0,head,No information,No information,No information,No information,No information,No information,11,No information,641,48.2,10.3,No information,No information,No information,No information,35,2059,shot
thiago-alcantara,https://www.sofascore.com/spain-sweden/NTbsYTb#id:8079023,spain,block,No information,assisted,19.5,44.6,0,right-foot,No information,No information,No information,No information,No information,No information,7,No information,411,44.6,19.5,No information,No information,No information,No information,39,2289,shot
fabian-ruiz,https://www.sofascore.com/spain-sweden/NTbsYTb#id:8079023,spain,save,No information,assisted,22.6,61,0,left-foot,high-centre,0,49.6,32.3,No information,No information,3,No information,167,61,22.6,50.4,0,50.4,67.7,43,2533,shot

ferran-torres,https://www.sofascore.com/poland-spain/YTbsdUb#id:8513125,spain,miss,No information,regular,14.1,38.6,0,right-foot,high,0,45.7,68.1,No information,No information,84,No information,4983,38.6,14.1,54.3,0,54.3,31.9,7,417,shot
alvaro-morata,https://www.sofascore.com/poland-spain/YTbsdUb#id:8513125,spain,save,No information,assisted,5.8,44.5,0,right-foot,low-left,0,52.2,5.7,No information,No information,84,No information,4980,44.5,5.8,47.8,0,47.8,94.3,7,420,shot
rodri,https://www.sofascore.com/poland-spain/YTbsdUb#id:8513125,spain,save,No information,assisted,15.3,58.2,0,left-foot,low-centre,0,48.3,10.1,No information,No information,81,No information,4800,58.2,15.3,51.7,0,51.7,89.9,10,600,shot
alvaro-morata,https://www.sofascore.com/poland-spain/YTbsdUb#id:8513125,spain,save,No information,assisted,8.3,73.3,0,right-foot,low-left,0,52.3,1.3,No information,No information,65,No information,3849,73.3,8.3,47.7,0,47.7,98.7,26,1551,shot
alvaro-morata,https://www.sofascore.com/poland-spain/YTbsdUb#id:8513125,spain,miss,No information,set-piece,12.5,45.6,0,right-foot,close-left,0,58.2,25,No information,No information,58,No information,3450,45.6,12.5,41.8,0,41.8,75,33,1950,shot
gerard-moreno,https://www.sofascore.com/poland-spain/YTbsdUb#id:8513125,spain,post,No information,penalty,11.5,50,0,left-foot,left,0,55.4,4.4,No information,No information,58,No information,3448,50,11.5,44.6,0,44.6,95.6,33,1952,shot
robert-lewandowski,https://www.sofascore.com/poland-spain/YTbsdUb#id:8513125,poland,goal,regular,assisted,6.8,48.5,0,head,low-left,0,54.5,10.8,No information,No information,54,No information,3190,48.5,6.8,45.5,0,45.5,89.2,37,2210,shot
gerard-moreno,https://www.sofascore.com/poland-spain/YTbsdUb#id:8513125,spain,miss,No information,assisted,4.6,43.3,0,left-foot,close-left,0,56.6,15.3,No information,No information,45,No information,2668,43.3,4.6,43.4,0,43.4,84.7,1,32,shot
robert-lewandowski,https://www.sofascore.com/poland-spain/YTbsdUb#id:8513125,poland,save,No information,regular,6.7,41.2,0,left-foot,low-centre,0,51.3,13.9,No information,No information,43,No information,2522,41.2,6.7,48.7,0,48.7,86.1,3,178,shot
karol-swiderski,https://www.sofascore.com/poland-spain/YTbsdUb#id:8513125,poland,post,No information,assisted,23.2,49.4,0,left-foot,left,0,55.2,1.9,No information,No information,43,No information,2520,49.4,23.2,44.8,0,44.8,98.1,3,180,shot
karol-swiderski,https://www.sofascore.com/poland-spain/YTbsdUb#id:8513125,poland,miss,No information,assisted,3,52.4,0,left-foot,high,0,49.1,65.3,No information,No information,35,No information,2078,52.4,3,50.9,0,50.9,34.7,11,622,shot
gerard-moreno,https://www.sofascore.com/poland-spain/YTbsdUb#id:8513125,spain,miss,No information,free-kick,19.7,53,0,left-foot,close-left,0,56.8,8.3,No information,No information,34,No information,2009,53,19.7,43.2,0,43.2,91.7,12,691,shot
alvaro-morata,https://www.sofascore.com/poland-spain/YTbsdUb#id:8513125,spain,goal,regular,assisted,4.6,50.1,0,right-foot,low-right,0,46.7,0.6,No information,No information,25,No information,1482,50.1,4.6,53.3,0,53.3,99.4,21,1218,shot
gerard-moreno,https://www.sofascore.com/poland-spain/YTbsdUb#id:8513125,spain,miss,No information,assisted,15.5,70.3,0,left-foot,close-left,0,58,2.8,No information,No information,25,No information,1481,70.3,15.5,42,0,42,97.2,21,1219,shot
pau-torres,https://www.sofascore.com/poland-spain/YTbsdUb#id:8513125,spain,miss,No information,assisted,27.3,37.3,0,left-foot,close-left,0,58.3,11.1,No information,No information,13,No information,720,37.3,27.3,41.7,0,41.7,88.9,33,1980,shot
dani-olmo,https://www.sofascore.com/poland-spain/YTbsdUb#id:8513125,spain,save,No information,regular,15.7,23.1,0,right-foot,low-left,0,52.6,2.5,No information,No information,10,No information,589,23.1,15.7,47.4,0,47.4,97.5,36,2111,shot
mateusz-klich,https://www.sofascore.com/poland-spain/YTbsdUb#id:8513125,poland,post,No information,regular,26.9,60.4,0,right-foot,high,0,53.1,41.1,No information,No information,6,No information,350,60.4,26.9,46.9,0,46.9,58.9,40,2350,shot

dani-olmo,https://www.sofascore.com/portugal-spain/YTbseUb#id:10023333,spain,miss,No information,assisted,20.1,32.2,0,right-foot,right,0,37.3,30.6,No information,No information,90,4,5582,32.2,20.1,62.7,0,62.7,69.4,1,718,shot
joao-cancelo,https://www.sofascore.com/portugal-spain/YTbseUb#id:10023333,portugal,block,No information,assisted,21.7,62.4,0,left-foot,low-centre,0,49.2,19,No information,No information,90,3,5530,62.4,21.7,50.8,0,50.8,81,1,770,shot
jordi-alba,https://www.sofascore.com/portugal-spain/YTbseUb#id:10023333,spain,miss,No information,regular,9.3,47.6,0,head,close-left,0,58.8,22.2,No information,No information,87,No information,5161,47.6,9.3,41.2,0,41.2,77.8,4,239,shot
ricardo-horta,https://www.sofascore.com/portugal-spain/YTbseUb#id:10023333,portugal,goal,regular,assisted,10.3,44.9,0,right-foot,low-centre,0,51,6.3,No information,No information,82,No information,4881,44.9,10.3,49,0,49,93.7,9,519,shot
pablo-sarabia,https://www.sofascore.com/portugal-spain/YTbseUb#id:10023333,spain,miss,No information,assisted,12.8,68,0,left-foot,close-right,0,43.5,2.8,No information,No information,74,No information,4416,68,12.8,56.5,0,56.5,97.2,17,984,shot
jordi-alba,https://www.sofascore.com/portugal-spain/YTbseUb#id:10023333,spain,miss,No information,set-piece,10.6,29.5,0,left-foot,left,0,61.5,20.8,No information,No information,67,No information,4012,29.5,10.6,38.5,0,38.5,79.2,24,1388,shot
alvaro-morata,https://www.sofascore.com/portugal-spain/YTbseUb#id:10023333,spain,miss,No information,assisted,15.7,65.1,0,right-foot,left,0,64.5,8.3,No information,No information,64,No information,3817,65.1,15.7,35.5,0,35.5,91.7,27,1583,shot
rafael-leao,https://www.sofascore.com/portugal-spain/YTbseUb#id:10023333,portugal,save,No information,assisted,9.1,41.9,0,right-foot,low-left,0,53.5,1.3,No information,No information,59,No information,3494,41.9,9.1,46.5,0,46.5,98.7,32,1906,shot
rafael-leao,https://www.sofascore.com/portugal-spain/YTbseUb#id:10023333,portugal,miss,No information,assisted,10.4,27.2,0,right-foot,right,0,0.2,2.8,No information,No information,48,No information,2827,27.2,10.4,99.8,0,99.8,97.2,43,2573,shot
pepe,https://www.sofascore.com/portugal-spain/YTbseUb#id:10023333,portugal,miss,No information,assisted,33.1,60.2,0,right-foot,high-right,0,38.8,84.7,No information,No information,44,No information,2614,60.2,33.1,61.2,0,61.2,15.3,2,86,shot
pablo-sarabia,https://www.sofascore.com/portugal-spain/YTbseUb#id:10023333,spain,miss,No information,free-kick,21.8,64.1,0,left-foot,close-high-right,0,43.4,47.2,No information,No information,41,No information,2437,64.1,21.8,56.6,0,56.6,52.8,5,263,shot
andre-silva,https://www.sofascore.com/portugal-spain/YTbseUb#id:10023333,portugal,miss,No information,assisted,13.8,65.1,0,left-foot,close-left,0,58.5,5.6,No information,No information,34,No information,2032,65.1,13.8,41.5,0,41.5,94.4,12,668,shot
carlos-soler,https://www.sofascore.com/portugal-spain/YTbseUb#id:10023333,spain,miss,No information,regular,8.5,48.2,0,left-foot,high,0,51.4,62.5,No information,No information,29,No information,1718,48.2,8.5,48.6,0,48.6,37.5,17,982,shot
carlos-soler,https://www.sofascore.com/portugal-spain/YTbseUb#id:10023333,spain,save,No information,assisted,15.5,49.7,0,right-foot,low-centre,0,51.4,7,No information,No information,29,No information,1717,49.7,15.5,48.6,0,48.6,93,17,983,shot
alvaro-morata,https://www.sofascore.com/portugal-spain/YTbseUb#id:10023333,spain,goal,regular,fast-break,9.3,46,0,right-foot,low-left,0,54.5,1.3,No information,No information,25,No information,1465,46,9.3,45.5,0,45.5,98.7,21,1235,shot
rafael-leao,https://www.sofascore.com/portugal-spain/YTbseUb#id:10023333,portugal,miss,No information,assisted,10.8,36.5,0,left-foot,close-high,0,50.9,59.7,No information,No information,18,No information,1025,36.5,10.8,49.1,0,49.1,40.3,28,1675,shot
gavi,https://www.sofascore.com/portugal-spain/YTbseUb#id:10023333,spain,block,No information,regular,20.1,41.9,0,right-foot,low-centre,0,48.9,19,No information,No information,3,No information,147,41.9,20.1,51.1,0,51.1,81,43,2553,shot
cesar-azpilicueta,https://www.sofascore.com/portugal-spain/YTbseUb#id:10023333,spain,miss,No information,regular,23.2,67.3,0,right-foot,left,0,63,18.1,No information,No information,3,No information,145,67.3,23.2,37,0,37,81.9,43,2555,shot

marcos-llorente,https://www.sofascore.com/greece-spain/YTbskUb#id:9223717,spain,block,No information,regular,12.3,55.5,0,left-foot,low-centre,0,48.6,19,No information,No information,90,4,5612,55.5,12.3,51.4,0,51.4,81,1,688,shot
alvaro-morata,https://www.sofascore.com/greece-spain/YTbskUb#id:9223717,spain,save,No information,assisted,8.4,41.5,0,head,high-left,0,52.9,29.1,No information,No information,70,No information,4172,41.5,8.4,47.1,0,47.1,70.9,21,1228,shot
anastasios-bakasetas,https://www.sofascore.com/greece-spain/YTbskUb#id:9223717,greece,goal,penalty,penalty,11.4,49.9,0,left-foot,high-centre,0,50.6,27.2,No information,No information,57,No information,3360,49.9,11.4,49.4,0,49.4,72.8,34,2040,shot
alvaro-morata,https://www.sofascore.com/greece-spain/YTbskUb#id:9223717,spain,miss,No information,assisted,19.4,67.6,0,right-foot,close-right,0,42.7,16.7,No information,No information,50,No information,2942,67.6,19.4,57.3,0,57.3,83.3,41,2458,shot
koke,https://www.sofascore.com/greece-spain/YTbskUb#id:9223717,spain,block,No information,assisted,20.1,68,0,right-foot,low-centre,0,49.6,19,No information,No information,43,No information,2559,68,20.1,50.4,0,50.4,81,3,141,shot
alvaro-morata,https://www.sofascore.com/greece-spain/YTbskUb#id:9223717,spain,goal,regular,assisted,4.1,41.9,0,left-foot,high-left,0,53.1,29.1,No information,No information,33,No information,1949,41.9,4.1,46.9,0,46.9,70.9,13,751,shot
dani-olmo,https://www.sofascore.com/greece-spain/YTbskUb#id:9223717,spain,post,No information,regular,18.2,29.1,0,right-foot,high,0,50.2,40.5,No information,No information,32,No information,1910,29.1,18.2,49.8,0,49.8,59.5,14,790,shot
koke,https://www.sofascore.com/greece-spain/YTbskUb#id:9223717,spain,block,No information,regular,11,48.4,0,right-foot,low-right,0,47.5,19,No information,No information,14,No information,796,48.4,11,52.5,0,52.5,81,32,1904,shot
koke,https://www.sofascore.com/greece-spain/YTbskUb#id:9223717,spain,miss,No information,regular,14.5,52.4,0,left-foot,close-right,0,41.2,20.8,No information,No information,14,No information,795,52.4,14.5,58.8,0,58.8,79.2,32,1905,shot
dani-olmo,https://www.sofascore.com/greece-spain/YTbskUb#id:9223717,spain,miss,No information,regular,8.1,47.2,0,head,high,0,53.4,68.1,No information,No information,2,No information,87,47.2,8.1,46.6,0,46.6,31.9,44,2613,shot

daniel-carvajal,https://www.sofascore.com/croatia-spain/YTbspUb#id:11353239,spain,goal,penalty,shootout,11.5,50,0,right-foot,high-centre,0,51,22.8,No information,No information,129,No information,7692,50,11.5,49,0,49,77.2,7,408,shot
bruno-petkovic,https://www.sofascore.com/croatia-spain/YTbspUb#id:11353239,croatia,save,No information,shootout,11.5,50,0,right-foot,low-left,0,52.3,14.6,No information,No information,128,No information,7638,50,11.5,47.7,0,47.7,85.4,8,462,shot
aymeric-laporte,https://www.sofascore.com/croatia-spain/YTbspUb#id:11353239,spain,post,No information,shootout,11.5,50,0,left-foot,high,0,49.2,38.6,No information,No information,127,No information,7583,50,11.5,50.8,0,50.8,61.4,9,517,shot
ivan-perisic,https://www.sofascore.com/croatia-spain/YTbspUb#id:11353239,croatia,goal,penalty,shootout,11.5,50,0,right-foot,low-right,0,46.3,10.8,No information,No information,126,No information,7543,50,11.5,53.7,0,53.7,89.2,10,557,shot
marco-asensio,https://www.sofascore.com/croatia-spain/YTbspUb#id:11353239,spain,goal,penalty,shootout,11.5,50,0,left-foot,high-right,0,46.8,30.4,No information,No information,125,No information,7498,50,11.5,53.2,0,53.2,69.6,11,602,shot
lovro-majer,https://www.sofascore.com/croatia-spain/YTbspUb#id:11353239,croatia,save,No information,shootout,11.5,50,0,left-foot,low-centre,0,48.9,13.3,No information,No information,125,No information,7447,50,11.5,51.1,0,51.1,86.7,11,653,shot
mikel-merino,https://www.sofascore.com/croatia-spain/YTbspUb#id:11353239,spain,goal,penalty,shootout,11.5,50,0,left-foot,low-right,0,47.4,10.8,No information,No information,124,No information,7404,50,11.5,52.6,0,52.6,89.2,12,696,shot
luka-modric,https://www.sofascore.com/croatia-spain/YTbspUb#id:11353239,croatia,goal,penalty,shootout,11.5,50,0,right-foot,high-centre,0,48.9,34.8,No information,No information,123,No information,7367,50,11.5,51.1,0,51.1,65.2,13,733,shot
rodri,https://www.sofascore.com/croatia-spain/YTbspUb#id:11353239,spain,goal,penalty,shootout,11.5,50,0,right-foot,low-left,0,53.8,13.9,No information,No information,123,No information,7326,50,11.5,46.2,0,46.2,86.1,13,774,shot
marcelo-brozovic,https://www.sofascore.com/croatia-spain/YTbspUb#id:11353239,croatia,goal,penalty,shootout,11.5,50,0,right-foot,low-left,0,52.9,3.2,No information,No information,122,No information,7290,50,11.5,47.1,0,47.1,96.8,14,810,shot
joselu,https://www.sofascore.com/croatia-spain/YTbspUb#id:11353239,spain,goal,penalty,shootout,11.5,50,0,right-foot,high-left,0,53.6,29.7,No information,No information,121,No information,7245,50,11.5,46.4,0,46.4,70.3,15,855,shot
nikola-vlasic,https://www.sofascore.com/croatia-spain/YTbspUb#id:11353239,croatia,goal,penalty,shootout,11.5,50,0,right-foot,high-right,0,46.5,22.2,No information,No information,121,No information,7201,50,11.5,53.5,0,53.5,77.8,15,899,shot
mateo-kovacic,https://www.sofascore.com/croatia-spain/YTbspUb#id:11353239,croatia,miss,No information,assisted,17.5,46.1,0,right-foot,left,0,64.7,5.6,No information,No information,119,No information,7100,46.1,17.5,35.3,0,35.3,94.4,2,100,shot
rodri,https://www.sofascore.com/croatia-spain/YTbspUb#id:11353239,spain,block,No information,assisted,24.1,38,0,right-foot,low-centre,0,50.3,19,No information,No information,116,No information,6901,38,24.1,49.7,0,49.7,81,5,299,shot
nikola-vlasic,https://www.sofascore.com/croatia-spain/YTbspUb#id:11353239,croatia,save,No information,assisted,18.6,38.2,0,right-foot,low-centre,0,48.2,0.6,No information,No information,110,No information,6579,38.2,18.6,51.8,0,51.8,99.4,11,621,shot
rodri,https://www.sofascore.com/croatia-spain/YTbspUb#id:11353239,spain,block,No information,corner,14.6,61,0,right-foot,low-centre,0,51.7,19,No information,No information,109,No information,6504,61,14.6,48.3,0,48.3,81,12,696,shot
marco-asensio,https://www.sofascore.com/croatia-spain/YTbspUb#id:11353239,spain,block,No information,corner,23.8,54.1,0,left-foot,low-right,0,47.2,19,No information,No information,109,No information,6481,54.1,23.8,52.8,0,52.8,81,12,719,shot
dani-olmo,https://www.sofascore.com/croatia-spain/YTbspUb#id:11353239,spain,block,No information,assisted,10.6,47.6,0,right-foot,low-centre,0,50.6,19,No information,No information,108,No information,6446,47.6,10.6,49.4,0,49.4,81,13,754,shot
marcelo-brozovic,https://www.sofascore.com/croatia-spain/YTbspUb#id:11353239,croatia,save,No information,regular,14.1,32.8,0,right-foot,low-right,0,46.9,1.9,No information,No information,105,3,6426,32.8,14.1,53.1,0,53.1,98.1,1,774,shot
nikola-vlasic,https://www.sofascore.com/croatia-spain/YTbspUb#id:11353239,croatia,block,No information,assisted,25.2,43.1,0,right-foot,low-centre,0,50.2,19,No information,No information,105,2,6417,43.1,25.2,49.8,0,49.8,81,1,783,shot
dani-olmo,https://www.sofascore.com/croatia-spain/YTbspUb#id:11353239,spain,miss,No information,regular,17.7,51.2,0,left-foot,high,0,55.1,75,No information,No information,104,No information,6233,51.2,17.7,44.9,0,44.9,25,2,67,shot
marco-asensio,https://www.sofascore.com/croatia-spain/YTbspUb#id:11353239,spain,block,No information,assisted,24,47.8,0,left-foot,low-centre,0,51.1,19,No information,No information,104,No information,6230,47.8,24,48.9,0,48.9,81,2,70,shot
marcelo-brozovic,https://www.sofascore.com/croatia-spain/YTbspUb#id:11353239,croatia,miss,No information,regular,21.2,44.2,0,left-foot,right,0,32.3,6.9,No information,No information,93,No information,5555,44.2,21.2,67.7,0,67.7,93.1,13,745,shot
marco-asensio,https://www.sofascore.com/croatia-spain/YTbspUb#id:11353239,spain,miss,No information,assisted,8.5,69.7,0,right-foot,left,0,73.4,1.4,No information,No information,90,No information,5389,69.7,8.5,26.6,0,26.6,98.6,1,11,shot
aymeric-laporte,https://www.sofascore.com/croatia-spain/YTbspUb#id:11353239,spain,save,No information,corner,7.7,55.1,0,head,high-left,0,51.9,30.4,No information,No information,85,No information,5058,55.1,7.7,48.1,0,48.1,69.6,6,342,shot
ansu-fati,https://www.sofascore.com/croatia-spain/YTbspUb#id:11353239,spain,block,No information,assisted,8.1,48.9,0,left-foot,low-right,0,47.7,19,No information,No information,84,No information,5031,48.9,8.1,52.3,0,52.3,81,7,369,shot
marco-asensio,https://www.sofascore.com/croatia-spain/YTbspUb#id:11353239,spain,miss,No information,regular,15.3,52.8,0,left-foot,close-right,0,41.8,1.4,No information,No information,77,No information,4593,52.8,15.3,58.2,0,58.2,98.6,14,807,shot
fabian-ruiz,https://www.sofascore.com/croatia-spain/YTbspUb#id:11353239,spain,block,No information,regular,19.1,33,0,left-foot,low-centre,0,50.3,19,No information,No information,77,No information,4591,33,19.1,49.7,0,49.7,81,14,809,shot
ansu-fati,https://www.sofascore.com/croatia-spain/YTbspUb#id:11353239,spain,block,No information,assisted,10.8,32.8,0,right-foot,low-right,0,47.5,19,No information,No information,77,No information,4589,32.8,10.8,52.5,0,52.5,81,14,811,shot
fabian-ruiz,https://www.sofascore.com/croatia-spain/YTbspUb#id:11353239,spain,miss,No information,regular,19.6,15,0,left-foot,close-high,0,45.5,56.9,No information,No information,75,No information,4496,15,19.6,54.5,0,54.5,43.1,16,904,shot
rodri,https://www.sofascore.com/croatia-spain/YTbspUb#id:11353239,spain,miss,No information,assisted,28.6,52.2,0,right-foot,close-left,0,59.2,26.4,No information,No information,65,No information,3898,52.2,28.6,40.8,0,40.8,73.6,26,1502,shot
mario-pasalic,https://www.sofascore.com/croatia-spain/YTbspUb#id:11353239,croatia,miss,No information,assisted,3.3,60.6,0,head,close-right,0,43.5,29.2,No information,No information,61,No information,3614,60.6,3.3,56.5,0,56.5,70.8,30,1786,shot
andrej-kramaric,https://www.sofascore.com/croatia-spain/YTbspUb#id:11353239,croatia,miss,No information,assisted,18.4,53.1,0,left-foot,left,0,67.1,16.7,No information,No information,60,No information,3574,53.1,18.4,32.9,0,32.9,83.3,31,1826,shot
marco-asensio,https://www.sofascore.com/croatia-spain/YTbspUb#id:11353239,spain,miss,No information,assisted,8.7,49.1,0,head,close-high,0,48.1,56.9,No information,No information,57,No information,3399,49.1,8.7,51.9,0,51.9,43.1,34,2001,shot
josip-juranovic,https://www.sofascore.com/croatia-spain/YTbspUb#id:11353239,croatia,miss,No information,regular,6.6,67.7,0,right-foot,left,0,77,9.7,No information,No information,51,No information,3007,67.7,6.6,23,0,23,90.3,40,2393,shot
alvaro-morata,https://www.sofascore.com/croatia-spain/YTbspUb#id:11353239,spain,miss,No information,assisted,8.1,42.5,0,head,high,0,53.9,68.1,No information,No information,42,No information,2494,42.5,8.1,46.1,0,46.1,31.9,4,206,shot
ivan-perisic,https://www.sofascore.com/croatia-spain/YTbspUb#id:11353239,croatia,save,No information,assisted,11.8,39.7,0,head,high-right,0,47.1,20.9,No information,No information,39,No information,2309,39.7,11.8,52.9,0,52.9,79.1,7,391,shot
ivan-perisic,https://www.sofascore.com/croatia-spain/YTbspUb#id:11353239,croatia,save,No information,set-piece,14.9,43.1,0,head,low-left,0,54.4,5.7,No information,No information,31,No information,1823,43.1,14.9,45.6,0,45.6,94.3,15,877,shot
rodri,https://www.sofascore.com/croatia-spain/YTbspUb#id:11353239,spain,block,No information,corner,10.3,45,0,head,low-centre,0,49.4,19,No information,No information,27,No information,1587,45,10.3,50.6,0,50.6,81,19,1113,shot
fabian-ruiz,https://www.sofascore.com/croatia-spain/YTbspUb#id:11353239,spain,block,No information,assisted,20.1,35.3,0,left-foot,low-centre,0,49.3,19,No information,No information,26,No information,1512,35.3,20.1,50.7,0,50.7,81,20,1188,shot
mario-pasalic,https://www.sofascore.com/croatia-spain/YTbspUb#id:11353239,croatia,save,No information,regular,7,49.1,0,right-foot,low-centre,0,50.6,9.5,No information,No information,24,No information,1398,49.1,7,49.4,0,49.4,90.5,22,1302,shot
andrej-kramaric,https://www.sofascore.com/croatia-spain/YTbspUb#id:11353239,croatia,block,No information,assisted,12.8,48.2,0,right-foot,low-centre,0,50.1,19,No information,No information,23,No information,1342,48.2,12.8,49.9,0,49.9,81,23,1358,shot
alvaro-morata,https://www.sofascore.com/croatia-spain/YTbspUb#id:11353239,spain,block,No information,assisted,9.8,65.4,0,head,low-centre,0,50.4,19,No information,No information,20,No information,1144,65.4,9.8,49.6,0,49.6,81,26,1556,shot
gavi,https://www.sofascore.com/croatia-spain/YTbspUb#id:11353239,spain,miss,No information,regular,18.7,47.6,0,right-foot,close-left,0,56.8,1.4,No information,No information,12,No information,687,47.6,18.7,43.2,0,43.2,98.6,34,2013,shot
jordi-alba,https://www.sofascore.com/croatia-spain/YTbspUb#id:11353239,spain,block,No information,regular,28.3,41.9,0,left-foot,low-centre,0,50.3,19,No information,No information,2,No information,64,41.9,28.3,49.7,0,49.7,81,44,2636,shot

carlos-soler,https://www.sofascore.com/switzerland-spain/YTbsZTb#id:10023300,spain,save,No information,regular,12,58.8,0,right-foot,low-left,0,52.7,7,No information,No information,90,2,5508,58.8,12,47.3,0,47.3,93,1,792,shot
nico-williams,https://www.sofascore.com/switzerland-spain/YTbsZTb#id:10023300,spain,block,No information,assisted,23.2,74.6,0,left-foot,low-centre,0,49.8,19,No information,No information,86,No information,5117,74.6,23.2,50.2,0,50.2,81,5,283,shot
marcos-llorente,https://www.sofascore.com/switzerland-spain/YTbsZTb#id:10023300,spain,save,No information,assisted,20.2,27,0,right-foot,low-centre,0,49.7,19.6,No information,No information,76,No information,4522,27,20.2,50.3,0,50.3,80.4,15,878,shot
yeremy-pino,https://www.sofascore.com/switzerland-spain/YTbsZTb#id:10023300,spain,block,No information,free-kick,27.5,53.6,0,right-foot,low-centre,0,49,19,No information,No information,75,No information,4465,53.6,27.5,51,0,51,81,16,935,shot
ruben-vargas,https://www.sofascore.com/switzerland-spain/YTbsZTb#id:10023300,switzerland,save,No information,regular,5.3,47,0,head,high-centre,0,50.8,22.8,No information,No information,62,No information,3719,47,5.3,49.2,0,49.2,77.2,29,1681,shot
marco-asensio,https://www.sofascore.com/switzerland-spain/YTbsZTb#id:10023300,spain,save,No information,assisted,18.1,32.2,0,left-foot,low-centre,0,51.3,1.9,No information,No information,62,No information,3691,32.2,18.1,48.7,0,48.7,98.1,29,1709,shot
breel-embolo,https://www.sofascore.com/switzerland-spain/YTbsZTb#id:10023300,switzerland,goal,regular,corner,3.6,48.6,0,left-foot,low-right,0,47.8,2.5,No information,No information,58,No information,3453,48.6,3.6,52.2,0,52.2,97.5,33,1947,shot
manuel-akanji,https://www.sofascore.com/switzerland-spain/YTbsZTb#id:10023300,switzerland,miss,No information,corner,5.3,40.6,0,left-foot,right,0,39,19,No information,No information,58,No information,3452,40.6,5.3,61,0,61,81,33,1948,shot
jordi-alba,https://www.sofascore.com/switzerland-spain/YTbsZTb#id:10023300,spain,goal,regular,assisted,10.3,37.1,0,left-foot,high-right,0,47.8,32.3,No information,No information,55,No information,3261,37.1,10.3,52.2,0,52.2,67.7,36,2139,shot
xherdan-shaqiri,https://www.sofascore.com/switzerland-spain/YTbsZTb#id:10023300,switzerland,save,No information,assisted,3.4,64.3,0,right-foot,low-right,0,46.4,19.6,No information,No information,43,No information,2575,64.3,3.4,53.6,0,53.6,80.4,3,125,shot
silvan-widmer,https://www.sofascore.com/switzerland-spain/YTbsZTb#id:10023300,switzerland,block,No information,corner,5.5,62.8,0,head,low-centre,0,49.1,19,No information,No information,35,No information,2047,62.8,5.5,50.9,0,50.9,81,11,653,shot
pablo-sarabia,https://www.sofascore.com/switzerland-spain/YTbsZTb#id:10023300,spain,block,No information,regular,15.5,34.5,0,right-foot,low-centre,0,49.4,19,No information,No information,23,No information,1356,34.5,15.5,50.6,0,50.6,81,23,1344,shot
manuel-akanji,https://www.sofascore.com/switzerland-spain/YTbsZTb#id:10023300,switzerland,goal,regular,corner,9.4,50.9,0,head,high-right,0,46.6,26.6,No information,No information,21,No information,1239,50.9,9.4,53.4,0,53.4,73.4,25,1461,shot
ferran-torres,https://www.sofascore.com/switzerland-spain/YTbsZTb#id:10023300,spain,block,No information,assisted,15,61.4,0,left-foot,low-left,0,52.9,19,No information,No information,14,No information,818,61.4,15,47.1,0,47.1,81,32,1882,shot
granit-xhaka,https://www.sofascore.com/switzerland-spain/YTbsZTb#id:10023300,switzerland,save,No information,assisted,26.9,31.2,0,right-foot,low-left,0,51.9,7.6,No information,No information,14,No information,783,31.2,26.9,48.1,0,48.1,92.4,32,1917,shot
djibril-sow,https://www.sofascore.com/switzerland-spain/YTbsZTb#id:10023300,switzerland,miss,No information,assisted,11.2,56.9,0,head,high,0,53.4,65.3,No information,No information,12,No information,678,56.9,11.2,46.6,0,46.6,34.7,34,2022,shot

inigo-martinez,https://www.sofascore.com/czech-republic-spain/YTbsoUb#id:10023385,spain,goal,regular,corner,9,55.3,0,head,low-right,0,46.2,12.7,No information,No information,90,No information,5349,55.3,9,53.8,0,53.8,87.3,1,51,shot
alvaro-morata,https://www.sofascore.com/czech-republic-spain/YTbsoUb#id:10023385,spain,miss,No information,assisted,20.8,32.5,0,right-foot,high,0,47.1,75,No information,No information,86,No information,5135,32.5,20.8,52.9,0,52.9,25,5,265,shot
ferran-torres,https://www.sofascore.com/czech-republic-spain/YTbsoUb#id:10023385,spain,post,No information,assisted,12.1,55.7,0,head,right,0,44.4,3.2,No information,No information,70,No information,4183,55.7,12.1,55.6,0,55.6,96.8,21,1217,shot
alvaro-morata,https://www.sofascore.com/czech-republic-spain/YTbsoUb#id:10023385,spain,miss,No information,assisted,1.3,42.3,0,right-foot,close-left,0,57.8,5.6,No information,No information,69,No information,4117,42.3,1.3,42.2,0,42.2,94.4,22,1283,shot
jan-kuchta,https://www.sofascore.com/czech-republic-spain/YTbsoUb#id:10023385,czechia,goal,regular,fast-break,19.4,50.2,0,right-foot,low-right,0,46.9,19.6,No information,No information,66,No information,3952,50.2,19.4,53.1,0,53.1,80.4,25,1448,shot
marco-asensio,https://www.sofascore.com/czech-republic-spain/YTbsoUb#id:10023385,spain,post,No information,assisted,10.5,31,0,left-foot,right,0,44.9,1.9,No information,No information,62,No information,3687,31,10.5,55.1,0,55.1,98.1,29,1713,shot
ferran-torres,https://www.sofascore.com/czech-republic-spain/YTbsoUb#id:10023385,spain,save,No information,corner,5.6,52.6,0,right-foot,low-right,0,47.8,12.7,No information,No information,57,No information,3418,52.6,5.6,52.2,0,52.2,87.3,34,1982,shot
koke,https://www.sofascore.com/czech-republic-spain/YTbsoUb#id:10023385,spain,block,No information,corner,11.1,58.6,0,right-foot,low-centre,0,51.1,19,No information,No information,57,No information,3418,58.6,11.1,48.9,0,48.9,81,34,1982,shot
raul-de-tomas,https://www.sofascore.com/czech-republic-spain/YTbsoUb#id:10023385,spain,save,No information,corner,1.1,61,0,right-foot,low-centre,0,48.4,12.7,No information,No information,57,No information,3414,61,1.1,51.6,0,51.6,87.3,34,1986,shot
rodri,https://www.sofascore.com/czech-republic-spain/YTbsoUb#id:10023385,spain,miss,No information,corner,11,52,0,right-foot,right,0,38.7,18.1,No information,No information,57,No information,3412,52,11,61.3,0,61.3,81.9,34,1988,shot
jan-kuchta,https://www.sofascore.com/czech-republic-spain/YTbsoUb#id:10023385,czechia,miss,No information,assisted,14.5,37.5,0,left-foot,close-right,0,42.9,11.1,No information,No information,54,No information,3236,37.5,14.5,57.1,0,57.1,88.9,37,2164,shot
dani-olmo,https://www.sofascore.com/czech-republic-spain/YTbsoUb#id:10023385,spain,miss,No information,assisted,14.7,25.6,0,right-foot,right,0,39.8,20.8,No information,No information,49,No information,2923,25.6,14.7,60.2,0,60.2,79.2,42,2477,shot
gavi,https://www.sofascore.com/czech-republic-spain/YTbsoUb#id:10023385,spain,goal,regular,assisted,11.9,65.2,0,left-foot,low-left,0,53,2.5,No information,No information,45,3,2829,65.2,11.9,47,0,47,97.5,1,2571,shot
eric-garcia,https://www.sofascore.com/czech-republic-spain/YTbsoUb#id:10023385,spain,save,No information,set-piece,13.4,58.4,0,head,high-centre,0,50.3,33.5,No information,No information,34,No information,2010,58.4,13.4,49.7,0,49.7,66.5,12,690,shot
pablo-sarabia,https://www.sofascore.com/czech-republic-spain/YTbsoUb#id:10023385,spain,miss,No information,regular,13,63.5,0,left-foot,left,0,66.9,6.9,No information,No information,27,No information,1572,63.5,13,33.1,0,33.1,93.1,19,1128,shot
jakub-pesek,https://www.sofascore.com/czech-republic-spain/YTbsoUb#id:10023385,czechia,goal,regular,assisted,6.8,43.9,0,left-foot,low-left,0,53.4,0.6,No information,No information,4,No information,205,43.9,6.8,46.6,0,46.6,99.4,42,2495,shot

robin-quaison,https://www.sofascore.com/spain-sweden/NTbsYTb#id:9223852,sweden,miss,No information,regular,15.6,35.7,0,right-foot,close-right,0,42.7,1.4,No information,No information,90,3,5529,35.7,15.6,57.3,0,57.3,98.6,1,771,shot
brais-mendez,https://www.sofascore.com/spain-sweden/NTbsYTb#id:9223852,spain,block,No information,corner,7.6,67.7,0,head,low-left,0,52.4,11.1,No information,No information,88,No information,5236,67.7,7.6,47.6,0,47.6,88.9,3,164,shot
carlos-soler,https://www.sofascore.com/spain-sweden/NTbsYTb#id:9223852,spain,miss,No information,corner,20.2,36.9,0,right-foot,right,0,28.7,8.3,No information,No information,83,No information,4951,36.9,20.2,71.3,0,71.3,91.7,8,449,shot
adama-traore,https://www.sofascore.com/spain-sweden/NTbsYTb#id:9223852,spain,block,No information,regular,6.8,70.2,0,right-foot,low-centre,0,50,19,No information,No information,82,No information,4911,70.2,6.8,50,0,50,81,9,489,shot
carlos-soler,https://www.sofascore.com/spain-sweden/NTbsYTb#id:9223852,spain,save,No information,assisted,10.7,50.3,0,right-foot,low-left,0,51.9,0.6,No information,No information,77,No information,4581,50.3,10.7,48.1,0,48.1,99.4,14,819,shot
ferran-torres,https://www.sofascore.com/spain-sweden/NTbsYTb#id:9223852,spain,miss,No information,regular,20.9,50.6,0,right-foot,left,0,60.7,4.2,No information,No information,75,No information,4492,50.6,20.9,39.3,0,39.3,95.8,16,908,shot
adama-traore,https://www.sofascore.com/spain-sweden/NTbsYTb#id:9223852,spain,save,No information,regular,6.7,66.7,0,right-foot,low-right,0,47.4,3.8,No information,No information,68,No information,4037,66.7,6.7,52.6,0,52.6,96.2,23,1363,shot
carlos-soler,https://www.sofascore.com/spain-sweden/NTbsYTb#id:9223852,spain,miss,No information,assisted,27.6,48.9,0,right-foot,high-right,0,41.7,87.5,No information,No information,59,No information,3500,48.9,27.6,58.3,0,58.3,12.5,32,1900,shot
viktor-claesson,https://www.sofascore.com/spain-sweden/NTbsYTb#id:9223852,sweden,goal,regular,corner,10.9,35.6,0,right-foot,low-left,0,54.2,1.3,No information,No information,57,No information,3373,35.6,10.9,45.8,0,45.8,98.7,34,2027,shot
alvaro-morata,https://www.sofascore.com/spain-sweden/NTbsYTb#id:9223852,spain,save,No information,assisted,2.3,51.5,0,right-foot,low-centre,0,48.5,10.1,No information,No information,49,No information,2899,51.5,2.3,51.5,0,51.5,89.9,42,2501,shot
ferran-torres,https://www.sofascore.com/spain-sweden/NTbsYTb#id:9223852,spain,block,No information,assisted,5.6,52.6,0,right-foot,low-centre,0,49.2,19,No information,No information,49,No information,2899,52.6,5.6,50.8,0,50.8,81,42,2501,shot
koke,https://www.sofascore.com/spain-sweden/NTbsYTb#id:9223852,spain,block,No information,regular,23.2,44.7,0,right-foot,low-centre,0,48.8,19,No information,No information,44,No information,2620,44.7,23.2,51.2,0,51.2,81,2,80,shot
emil-forsberg,https://www.sofascore.com/spain-sweden/NTbsYTb#id:9223852,sweden,miss,No information,free-kick,29.1,59.2,0,right-foot,high,0,45.7,73.6,No information,No information,41,No information,2430,59.2,29.1,54.3,0,54.3,26.4,5,270,shot
dejan-kulusevski,https://www.sofascore.com/spain-sweden/NTbsYTb#id:9223852,sweden,save,No information,assisted,6.4,70.1,0,right-foot,low-centre,0,50.9,1.3,No information,No information,36,No information,2134,70.1,6.4,49.1,0,49.1,98.7,10,566,shot
alvaro-morata,https://www.sofascore.com/spain-sweden/NTbsYTb#id:9223852,spain,miss,No information,assisted,9.9,66.7,0,right-foot,high,0,50.6,86.1,No information,No information,11,No information,658,66.7,9.9,49.4,0,49.4,13.9,35,2042,shot
alexander-isak,https://www.sofascore.com/spain-sweden/NTbsYTb#id:9223852,sweden,goal,regular,regular,17.5,38.7,0,right-foot,low-right,0,46.1,2.5,No information,No information,6,No information,300,38.7,17.5,53.9,0,53.9,97.5,40,2400,shot
carlos-soler,https://www.sofascore.com/spain-sweden/NTbsYTb#id:9223852,spain,goal,regular,assisted,4.8,54.4,0,right-foot,low-left,0,52.9,13.9,No information,No information,4,No information,237,54.4,4.8,47.1,0,47.1,86.1,42,2463,shot
filip-helander,https://www.sofascore.com/spain-sweden/NTbsYTb#id:9223852,sweden,save,No information,corner,8.6,53.1,0,head,high-centre,0,49.6,29.1,No information,No information,3,No information,130,53.1,8.6,50.4,0,50.4,70.9,43,2570,shot

fabian-ruiz,https://www.sofascore.com/croatia-spain/YTbspUb#id:8594133,spain,miss,No information,assisted,13.1,36,0,right-foot,close-right,0,43,38.9,No information,No information,120,No information,7183,36,13.1,57,0,57,61.1,1,17,shot
mikel-oyarzabal,https://www.sofascore.com/croatia-spain/YTbspUb#id:8594133,spain,block,No information,regular,7.5,43.3,0,left-foot,low-left,0,52.5,19,No information,No information,120,No information,7173,43.3,7.5,47.5,0,47.5,81,1,27,shot
dani-olmo,https://www.sofascore.com/croatia-spain/YTbspUb#id:8594133,spain,post,No information,assisted,13.4,56,0,left-foot,left,0,55.1,16.5,No information,No information,120,No information,7171,56,13.4,44.9,0,44.9,83.5,1,29,shot
alvaro-morata,https://www.sofascore.com/croatia-spain/YTbspUb#id:8594133,spain,save,No information,assisted,8.4,34.6,0,left-foot,low-left,0,53.9,12,No information,No information,116,No information,6909,34.6,8.4,46.1,0,46.1,88,5,291,shot
ante-budimir,https://www.sofascore.com/croatia-spain/YTbspUb#id:8594133,croatia,miss,No information,assisted,13.7,40,0,left-foot,close-right,0,42,2.8,No information,No information,106,No information,6328,40,13.7,58,0,58,97.2,15,872,shot
mikel-oyarzabal,https://www.sofascore.com/croatia-spain/YTbspUb#id:8594133,spain,goal,regular,assisted,8,45.1,0,left-foot,low-left,0,54.2,6.3,No information,No information,103,No information,6164,45.1,8,45.8,0,45.8,93.7,3,136,shot
andrej-kramaric,https://www.sofascore.com/croatia-spain/YTbspUb#id:8594133,croatia,save,No information,assisted,22.1,36.3,0,right-foot,low-centre,0,51.7,5.1,No information,No information,103,No information,6136,36.3,22.1,48.3,0,48.3,94.9,3,164,shot
alvaro-morata,https://www.sofascore.com/croatia-spain/YTbspUb#id:8594133,spain,goal,regular,assisted,7.7,37.5,0,left-foot,high-left,0,51.9,27.8,No information,No information,100,No information,5980,37.5,7.7,48.1,0,48.1,72.2,6,320,shot
dani-olmo,https://www.sofascore.com/croatia-spain/YTbspUb#id:8594133,spain,block,No information,assisted,11.4,33.1,0,left-foot,low-centre,0,50.5,19,No information,No information,97,No information,5806,33.1,11.4,49.5,0,49.5,81,9,494,shot
andrej-kramaric,https://www.sofascore.com/croatia-spain/YTbspUb#id:8594133,croatia,save,No information,assisted,7.5,49.3,0,left-foot,low-centre,0,50.7,16.5,No information,No information,96,No information,5713,49.3,7.5,49.3,0,49.3,83.5,10,587,shot
mislav-orsic,https://www.sofascore.com/croatia-spain/YTbspUb#id:8594133,croatia,miss,No information,regular,15.2,36.1,0,right-foot,close-high,0,47.9,55.6,No information,No information,92,No information,5491,36.1,15.2,52.1,0,52.1,44.4,14,809,shot
mikel-oyarzabal,https://www.sofascore.com/croatia-spain/YTbspUb#id:8594133,spain,miss,No information,assisted,22.9,66.3,0,left-foot,right,0,40,1.4,No information,No information,90,6,5722,66.3,22.9,60,0,60,98.6,1,578,shot
dani-olmo,https://www.sofascore.com/croatia-spain/YTbspUb#id:8594133,spain,miss,No information,assisted,18.4,50.3,0,right-foot,high,0,48.2,72.2,No information,No information,90,4,5606,50.3,18.4,51.8,0,51.8,27.8,1,694,shot
mario-pasalic,https://www.sofascore.com/croatia-spain/YTbspUb#id:8594133,croatia,goal,regular,assisted,6.7,49,0,head,low-centre,0,48.2,7,No information,No information,90,2,5511,49,6.7,51.8,0,51.8,93,1,789,shot
mislav-orsic,https://www.sofascore.com/croatia-spain/YTbspUb#id:8594133,croatia,goal,regular,throw-in-set-piece,2.5,51.2,0,right-foot,low-centre,0,48.6,17.7,No information,No information,85,No information,5056,51.2,2.5,51.4,0,51.4,82.3,6,344,shot
ante-budimir,https://www.sofascore.com/croatia-spain/YTbspUb#id:8594133,croatia,block,No information,throw-in-set-piece,3.7,52,0,right-foot,low-centre,0,48.6,19,No information,No information,85,No information,5054,52,3.7,51.4,0,51.4,81,6,346,shot
mario-pasalic,https://www.sofascore.com/croatia-spain/YTbspUb#id:8594133,croatia,miss,No information,throw-in-set-piece,4.2,51.4,0,right-foot,close-right,0,43,15.3,No information,No information,85,No information,5054,51.4,4.2,57,0,57,84.7,6,346,shot
dani-olmo,https://www.sofascore.com/croatia-spain/YTbspUb#id:8594133,spain,save,No information,assisted,7.8,73.6,0,right-foot,high-right,0,47.9,25.3,No information,No information,84,No information,5009,73.6,7.8,52.1,0,52.1,74.7,7,391,shot
ferran-torres,https://www.sofascore.com/croatia-spain/YTbspUb#id:8594133,spain,goal,regular,assisted,8.5,61.5,0,left-foot,low-centre,0,50.8,0.6,No information,No information,77,No information,4562,61.5,8.5,49.2,0,49.2,99.4,14,838,shot
josko-gvardiol,https://www.sofascore.com/croatia-spain/YTbspUb#id:8594133,croatia,save,No information,assisted,9.5,37.6,0,right-foot,low-left,0,53.5,3.8,No information,No information,67,No information,4003,37.6,9.5,46.5,0,46.5,96.2,24,1397,shot
ante-rebic,https://www.sofascore.com/croatia-spain/YTbspUb#id:8594133,croatia,save,No information,assisted,16.8,30.3,0,right-foot,low-left,0,52.9,3.2,No information,No information,66,No information,3929,30.3,16.8,47.1,0,47.1,96.8,25,1471,shot
cesar-azpilicueta,https://www.sofascore.com/croatia-spain/YTbspUb#id:8594133,spain,goal,regular,assisted,4.4,51.9,0,head,low-centre,0,48.6,16.5,No information,No information,57,No information,3366,51.9,4.4,51.4,0,51.4,83.5,34,2034,shot
alvaro-morata,https://www.sofascore.com/croatia-spain/YTbspUb#id:8594133,spain,miss,No information,assisted,20.7,55.7,0,right-foot,high-right,0,43,86.1,No information,No information,45,1,2748,55.7,20.7,57,0,57,13.9,1,2652,shot
koke,https://www.sofascore.com/croatia-spain/YTbspUb#id:8594133,spain,miss,No information,corner,22.8,66.9,0,right-foot,right,0,38.8,15.3,No information,No information,43,No information,2530,66.9,22.8,61.2,0,61.2,84.7,3,170,shot
pablo-sarabia,https://www.sofascore.com/croatia-spain/YTbspUb#id:8594133,spain,goal,regular,regular,10.2,54.3,0,left-foot,high-centre,0,49,20.9,No information,No information,38,No information,2248,54.3,10.2,51,0,51,79.1,8,452,shot
jose-luis-gaya,https://www.sofascore.com/croatia-spain/YTbspUb#id:8594133,spain,save,No information,assisted,13.6,34.2,0,left-foot,low-centre,0,50.3,10.8,No information,No information,38,No information,2246,34.2,13.6,49.7,0,49.7,89.2,8,454,shot
jose-luis-gaya,https://www.sofascore.com/croatia-spain/YTbspUb#id:8594133,spain,block,No information,assisted,14.8,32.5,0,right-foot,low-centre,0,49.8,19,No information,No information,38,No information,2241,32.5,14.8,50.2,0,50.2,81,8,459,shot
jose-luis-gaya,https://www.sofascore.com/croatia-spain/YTbspUb#id:8594133,spain,miss,No information,corner,24.6,39.7,0,left-foot,close-right,0,41,18.1,No information,No information,37,No information,2189,39.7,24.6,59,0,59,81.9,9,511,shot
pablo-sarabia,https://www.sofascore.com/croatia-spain/YTbspUb#id:8594133,spain,miss,No information,assisted,9,40.7,0,head,high,0,50.4,63.9,No information,No information,27,No information,1579,40.7,9,49.6,0,49.6,36.1,19,1121,shot
mateo-kovacic,https://www.sofascore.com/croatia-spain/YTbspUb#id:8594133,croatia,miss,No information,assisted,20.8,33,0,right-foot,close-high,0,50.4,55.6,No information,No information,26,No information,1533,33,20.8,49.6,0,49.6,44.4,20,1167,shot
nikola-vlasic,https://www.sofascore.com/croatia-spain/YTbspUb#id:8594133,croatia,miss,No information,assisted,4.4,65.8,0,right-foot,close-right,0,44,20.8,No information,No information,25,No information,1443,65.8,4.4,56,0,56,79.2,21,1257,shot
pedri,https://www.sofascore.com/croatia-spain/YTbspUb#id:8594133,croatia,goal,own,regular,45,74,0,right-foot,low-left,0,53.3,1.3,No information,No information,20,No information,1172,74,45,46.7,0,46.7,98.7,26,1528,shot
alvaro-morata,https://www.sofascore.com/croatia-spain/YTbspUb#id:8594133,spain,miss,No information,assisted,4.1,46.2,0,head,right,0,40.3,20.8,No information,No information,19,No information,1115,46.2,4.1,59.7,0,59.7,79.2,27,1585,shot
koke,https://www.sofascore.com/croatia-spain/YTbspUb#id:8594133,spain,save,No information,assisted,13,53.9,0,right-foot,low-centre,0,50.9,3.8,No information,No information,16,No information,916,53.9,13,49.1,0,49.1,96.2,30,1784,shot
pablo-sarabia,https://www.sofascore.com/croatia-spain/YTbspUb#id:8594133,spain,miss,No information,assisted,9.7,25.8,0,left-foot,close-left,0,57.1,25,No information,No information,13,No information,739,25.8,9.7,42.9,0,42.9,75,33,1961,shot
cesar-azpilicueta,https://www.sofascore.com/croatia-spain/YTbspUb#id:8594133,spain,save,No information,set-piece,14.4,52.5,0,head,low-centre,0,48.9,17.1,No information,No information,9,No information,522,52.5,14.4,51.1,0,51.1,82.9,37,2178,shot

patrick-berg,https://www.sofascore.com/spain-norway/AObsYTb#id:10752386,norway,miss,No information,corner,15.7,34.9,0,left-foot,high-left,0,58.7,83.3,No information,No information,90,5,5646,34.9,15.7,41.3,0,41.3,16.7,1,654,shot
rodri,https://www.sofascore.com/spain-norway/AObsYTb#id:10752386,spain,save,No information,assisted,29.2,42.7,0,right-foot,low-left,0,54.1,1.9,No information,No information,90,No information,5355,42.7,29.2,45.9,0,45.9,98.1,1,45,shot
joselu,https://www.sofascore.com/spain-norway/AObsYTb#id:10752386,spain,goal,regular,regular,6.9,55.3,0,left-foot,low-right,0,45.9,17.7,No information,No information,85,No information,5086,55.3,6.9,54.1,0,54.1,82.3,6,314,shot
mikel-oyarzabal,https://www.sofascore.com/spain-norway/AObsYTb#id:10752386,spain,save,No information,assisted,4,35.1,0,left-foot,low-centre,0,50.9,14.6,No information,No information,85,No information,5083,35.1,4,49.1,0,49.1,85.4,6,317,shot
joselu,https://www.sofascore.com/spain-norway/AObsYTb#id:10752386,spain,goal,regular,assisted,4.4,56.7,0,head,low-left,0,54,5.1,No information,No information,84,No information,4980,56.7,4.4,46,0,46,94.9,7,420,shot
alexander-sorloth,https://www.sofascore.com/spain-norway/AObsYTb#id:10752386,norway,miss,No information,assisted,7.3,44.5,0,right-foot,close-right,0,42,30.6,No information,No information,80,No information,4781,44.5,7.3,58,0,58,69.4,11,619,shot
mikel-merino,https://www.sofascore.com/spain-norway/AObsYTb#id:10752386,spain,block,No information,assisted,13,30,0,left-foot,low-centre,0,50.6,19,No information,No information,79,No information,4701,30,13,49.4,0,49.4,81,12,699,shot
yeremy-pino,https://www.sofascore.com/spain-norway/AObsYTb#id:10752386,spain,miss,No information,assisted,9.5,67.5,0,right-foot,left,0,69.4,5.6,No information,No information,76,No information,4529,67.5,9.5,30.6,0,30.6,94.4,15,871,shot
mikel-merino,https://www.sofascore.com/spain-norway/AObsYTb#id:10752386,spain,block,No information,assisted,22.5,49.5,0,left-foot,low-centre,0,50.9,19,No information,No information,73,No information,4357,49.5,22.5,49.1,0,49.1,81,18,1043,shot
rodri,https://www.sofascore.com/spain-norway/AObsYTb#id:10752386,spain,miss,No information,regular,23.7,34.3,0,left-foot,left,0,79.3,11.1,No information,No information,63,No information,3725,34.3,23.7,20.7,0,20.7,88.9,28,1675,shot
patrick-berg,https://www.sofascore.com/spain-norway/AObsYTb#id:10752386,norway,miss,No information,corner,25.9,39.8,0,left-foot,right,0,31.2,19,No information,No information,57,No information,3385,39.8,25.9,68.8,0,68.8,81,34,2015,shot
marcus-pedersen,https://www.sofascore.com/spain-norway/AObsYTb#id:10752386,norway,save,No information,assisted,10.5,66.4,0,left-foot,low-right,0,45.8,6.3,No information,No information,56,No information,3301,66.4,10.5,54.2,0,54.2,93.7,35,2099,shot
iago-aspas,https://www.sofascore.com/spain-norway/AObsYTb#id:10752386,spain,save,No information,assisted,9.3,50,0,head,low-centre,0,49.6,16.5,No information,No information,50,No information,2950,50,9.3,50.4,0,50.4,83.5,41,2450,shot
mikel-merino,https://www.sofascore.com/spain-norway/AObsYTb#id:10752386,spain,save,No information,assisted,5.6,33,0,left-foot,low-left,0,53.9,1.3,No information,No information,31,No information,1805,33,5.6,46.1,0,46.1,98.7,15,895,shot
fredrik-aursnes,https://www.sofascore.com/spain-norway/AObsYTb#id:10752386,norway,save,No information,assisted,7,36.9,0,left-foot,low-centre,0,49.8,14.6,No information,No information,29,No information,1685,36.9,7,50.2,0,50.2,85.4,17,1015,shot
martin-odegaard,https://www.sofascore.com/spain-norway/AObsYTb#id:10752386,norway,block,No information,assisted,13.8,49.9,0,left-foot,low-left,0,52.4,19,No information,No information,15,No information,864,49.9,13.8,47.6,0,47.6,81,31,1836,shot
dani-olmo,https://www.sofascore.com/spain-norway/AObsYTb#id:10752386,spain,goal,regular,assisted,7.5,48.9,0,right-foot,low-right,0,46.2,1.3,No information,No information,13,No information,734,48.9,7.5,53.8,0,53.8,98.7,33,1966,shot
alejandro-balde,https://www.sofascore.com/spain-norway/AObsYTb#id:10752386,spain,miss,No information,assisted,12.7,34.2,0,left-foot,right,0,40.3,1.4,No information,No information,13,No information,732,34.2,12.7,59.7,0,59.7,98.6,33,1968,shot
nacho-fernandez,https://www.sofascore.com/spain-norway/AObsYTb#id:10752386,spain,block,No information,assisted,30.4,56,0,right-foot,low-left,0,54.2,19,No information,No information,7,No information,375,56,30.4,45.8,0,45.8,81,39,2325,shot

dani-olmo,https://www.sofascore.com/georgia-spain/YTbsnVb#id:9223769,spain,goal,regular,assisted,25.8,35.5,0,right-foot,high-right,0,45.8,31.6,No information,No information,90,2,5515,35.5,25.8,54.2,0,54.2,68.4,1,785,shot
pedri,https://www.sofascore.com/georgia-spain/YTbsnVb#id:9223769,spain,miss,No information,assisted,15.6,41.8,0,left-foot,close-left,0,58,16.7,No information,No information,87,No information,5165,41.8,15.6,42,0,42,83.3,4,235,shot
alvaro-morata,https://www.sofascore.com/georgia-spain/YTbsnVb#id:9223769,spain,miss,No information,corner,8.4,47.2,0,head,right,0,38.7,37.5,No information,No information,85,No information,5073,47.2,8.4,61.3,0,61.3,62.5,6,327,shot
dani-olmo,https://www.sofascore.com/georgia-spain/YTbsnVb#id:9223769,spain,miss,No information,assisted,12.3,36.9,0,left-foot,right,0,39.7,12.5,No information,No information,77,No information,4608,36.9,12.3,60.3,0,60.3,87.5,14,792,shot
valeriane-gvilia,https://www.sofascore.com/georgia-spain/YTbsnVb#id:9223769,georgia,block,No information,corner,16.2,68.4,0,right-foot,low-right,0,47.1,19,No information,No information,58,No information,3455,68.4,16.2,52.9,0,52.9,81,33,1945,shot
ferran-torres,https://www.sofascore.com/georgia-spain/YTbsnVb#id:9223769,spain,goal,regular,assisted,3.1,53.2,0,right-foot,low-right,0,48.1,15.8,No information,No information,56,No information,3303,53.2,3.1,51.9,0,51.9,84.2,35,2097,shot
inigo-martinez,https://www.sofascore.com/georgia-spain/YTbsnVb#id:9223769,spain,miss,No information,corner,7.1,55,0,head,right,0,35,20.8,No information,No information,54,No information,3217,55,7.1,65,0,65,79.2,37,2183,shot
khvicha-kvaratskhelia,https://www.sofascore.com/georgia-spain/YTbsnVb#id:9223769,georgia,goal,regular,assisted,13,38.2,0,left-foot,low-right,0,46.6,3.8,No information,No information,43,No information,2579,38.2,13,53.4,0,53.4,96.2,3,121,shot
ferran-torres,https://www.sofascore.com/georgia-spain/YTbsnVb#id:9223769,spain,miss,No information,assisted,17.5,55.5,0,left-foot,high,0,54.3,73.6,No information,No information,42,No information,2487,55.5,17.5,45.7,0,45.7,26.4,4,213,shot
otar-kakabadze,https://www.sofascore.com/georgia-spain/YTbsnVb#id:9223769,georgia,miss,No information,assisted,25.2,59.1,0,right-foot,right,0,28.1,20.8,No information,No information,26,No information,1538,59.1,25.2,71.9,0,71.9,79.2,20,1162,shot
saba-lobjanidze,https://www.sofascore.com/georgia-spain/YTbsnVb#id:9223769,georgia,block,No information,assisted,13.1,47,0,right-foot,low-centre,0,50.8,19,No information,No information,26,No information,1533,47,13.1,49.2,0,49.2,81,20,1167,shot
guram-kashia,https://www.sofascore.com/georgia-spain/YTbsnVb#id:9223769,georgia,save,No information,corner,8.1,57.1,0,head,low-centre,0,51.3,6.3,No information,No information,18,No information,1047,57.1,8.1,48.7,0,48.7,93.7,28,1653,shot
ferran-torres,https://www.sofascore.com/georgia-spain/YTbsnVb#id:9223769,spain,save,No information,regular,15,56,0,left-foot,low-centre,0,48.5,7,No information,No information,11,No information,618,56,15,51.5,0,51.5,93,35,2082,shot
ferran-torres,https://www.sofascore.com/georgia-spain/YTbsnVb#id:9223769,spain,block,No information,assisted,25.4,45,0,right-foot,low-centre,0,50.9,19,No information,No information,4,No information,188,45,25.4,49.1,0,49.1,81,42,2512,shot

abel-ruiz,https://www.sofascore.com/georgia-spain/YTbsnVb#id:9223821,spain,save,No information,assisted,8.4,55.7,0,right-foot,low-centre,0,51.1,3.8,No information,No information,67,No information,3989,55.7,8.4,48.9,0,48.9,96.2,24,1411,shot
valeri-qazaishvili,https://www.sofascore.com/georgia-spain/YTbsnVb#id:9223821,georgia,miss,No information,regular,6.7,54.6,0,head,close-left,0,56.6,1.4,No information,No information,65,No information,3850,54.6,6.7,43.4,0,43.4,98.6,26,1550,shot
mikautadze-georges,https://www.sofascore.com/georgia-spain/YTbsnVb#id:9223821,georgia,save,No information,throw-in-set-piece,10,69,0,left-foot,high-right,0,46.7,26.6,No information,No information,65,No information,3849,69,10,53.3,0,53.3,73.4,26,1551,shot
pablo-sarabia,https://www.sofascore.com/georgia-spain/YTbsnVb#id:9223821,spain,goal,regular,fast-break,8.8,59.6,0,left-foot,high-left,0,54.1,30.4,No information,No information,63,No information,3728,59.6,8.8,45.9,0,45.9,69.6,28,1672,shot
zuriko-davitashvili,https://www.sofascore.com/georgia-spain/YTbsnVb#id:9223821,georgia,save,No information,assisted,17.4,55.7,0,left-foot,low-centre,0,50.3,8.2,No information,No information,62,No information,3677,55.7,17.4,49.7,0,49.7,91.8,29,1723,shot
zuriko-davitashvili,https://www.sofascore.com/georgia-spain/YTbsnVb#id:9223821,georgia,miss,No information,assisted,12.1,75.2,0,right-foot,high-right,0,41.5,90.3,No information,No information,59,No information,3494,75.2,12.1,58.5,0,58.5,9.7,32,1906,shot
cesar-azpilicueta,https://www.sofascore.com/georgia-spain/YTbsnVb#id:9223821,spain,miss,No information,corner,7.1,46.2,0,head,high-left,0,64.4,76.4,No information,No information,53,No information,3178,46.2,7.1,35.6,0,35.6,23.6,38,2222,shot
azarovi-irakli,https://www.sofascore.com/georgia-spain/YTbsnVb#id:9223821,georgia,save,No information,corner,5.1,71.7,0,left-foot,low-right,0,47.9,15.2,No information,No information,46,No information,2751,71.7,5.1,52.1,0,52.1,84.8,45,2649,shot
ferran-torres,https://www.sofascore.com/georgia-spain/YTbsnVb#id:9223821,spain,goal,regular,regular,8.4,60.2,0,right-foot,low-left,0,53.9,6.3,No information,No information,41,No information,2454,60.2,8.4,46.1,0,46.1,93.7,5,246,shot
abel-ruiz,https://www.sofascore.com/georgia-spain/YTbsnVb#id:9223821,spain,miss,No information,assisted,7.5,57.5,0,left-foot,left,0,85.2,4.2,No information,No information,38,No information,2273,57.5,7.5,14.8,0,14.8,95.8,8,427,shot
pablo-sarabia,https://www.sofascore.com/georgia-spain/YTbsnVb#id:9223821,spain,save,No information,assisted,22.5,36.5,0,left-foot,low-right,0,46.8,1.9,No information,No information,38,No information,2230,36.5,22.5,53.2,0,53.2,98.1,8,470,shot
rodri,https://www.sofascore.com/georgia-spain/YTbsnVb#id:9223821,spain,miss,No information,set-piece,7.3,54.2,0,head,high-right,0,37,50,No information,No information,30,No information,1747,54.2,7.3,63,0,63,50,16,953,shot
carlos-soler,https://www.sofascore.com/georgia-spain/YTbsnVb#id:9223821,spain,goal,regular,regular,7.3,53.4,0,left-foot,high-right,0,48.1,33.5,No information,No information,25,No information,1467,53.4,7.3,51.9,0,51.9,66.5,21,1233,shot
marcos-llorente,https://www.sofascore.com/georgia-spain/YTbsnVb#id:9223821,spain,block,No information,regular,8.4,51.8,0,head,low-centre,0,50.3,19,No information,No information,22,No information,1298,51.8,8.4,49.7,0,49.7,81,24,1402,shot
jose-luis-gaya,https://www.sofascore.com/georgia-spain/YTbsnVb#id:9223821,spain,save,No information,assisted,13.1,25.5,0,right-foot,low-left,0,52.1,7.6,No information,No information,19,No information,1122,25.5,13.1,47.9,0,47.9,92.4,27,1578,shot
abel-ruiz,https://www.sofascore.com/georgia-spain/YTbsnVb#id:9223821,spain,block,No information,assisted,10.8,57.7,0,right-foot,low-centre,0,51.6,19,No information,No information,17,No information,963,57.7,10.8,48.4,0,48.4,81,29,1737,shot
jose-luis-gaya,https://www.sofascore.com/georgia-spain/YTbsnVb#id:9223821,spain,goal,regular,corner,22.1,38,0,left-foot,low-left,0,52.7,2.5,No information,No information,14,No information,833,38,22.1,47.3,0,47.3,97.5,32,1867,shot
ferran-torres,https://www.sofascore.com/georgia-spain/YTbsnVb#id:9223821,spain,miss,No information,assisted,9.7,64.9,0,right-foot,left,0,63.4,11.1,No information,No information,8,No information,453,64.9,9.7,36.6,0,36.6,88.9,38,2247,shot
ferran-torres,https://www.sofascore.com/georgia-spain/YTbsnVb#id:9223821,spain,save,No information,assisted,9.9,54.2,0,head,high-centre,0,51.8,31.6,No information,No information,3,No information,122,54.2,9.9,48.2,0,48.2,68.4,43,2578,shot

gerard-moreno,https://www.sofascore.com/spain-sweden/NTbsYTb#id:8513124,spain,miss,No information,corner,7.4,55.1,0,head,close-right,0,41,20.8,No information,No information,90,6,5710,55.1,7.4,59,0,59,79.2,1,590,shot
pablo-sarabia,https://www.sofascore.com/spain-sweden/NTbsYTb#id:8513124,spain,save,No information,assisted,7.3,55.1,0,left-foot,low-centre,0,48.7,1.9,No information,No information,90,3,5562,55.1,7.3,51.3,0,51.3,98.1,1,738,shot
gerard-moreno,https://www.sofascore.com/spain-sweden/NTbsYTb#id:8513124,spain,miss,No information,assisted,12.2,71.2,0,left-foot,close-high-left,0,57.6,43.1,No information,No information,90,2,5481,71.2,12.2,42.4,0,42.4,56.9,1,819,shot
gerard-moreno,https://www.sofascore.com/spain-sweden/NTbsYTb#id:8513124,spain,save,No information,assisted,6.3,53,0,head,low-centre,0,49.7,3.8,No information,No information,90,No information,5397,53,6.3,50.3,0,50.3,96.2,1,3,shot
dani-olmo,https://www.sofascore.com/spain-sweden/NTbsYTb#id:8513124,spain,block,No information,assisted,14.6,50.9,0,right-foot,low-centre,0,50.4,5.6,No information,No information,73,No information,4347,50.9,14.6,49.6,0,49.6,94.4,18,1053,shot
ferran-torres,https://www.sofascore.com/spain-sweden/NTbsYTb#id:8513124,spain,block,No information,regular,24.9,54.3,0,left-foot,low-centre,0,50.1,19,No information,No information,70,No information,4194,54.3,24.9,49.9,0,49.9,81,21,1206,shot
dani-olmo,https://www.sofascore.com/spain-sweden/NTbsYTb#id:8513124,spain,miss,No information,regular,18.7,41.2,0,right-foot,right,0,40.5,23.6,No information,No information,68,No information,4049,41.2,18.7,59.5,0,59.5,76.4,23,1351,shot
marcus-berg,https://www.sofascore.com/spain-sweden/NTbsYTb#id:8513124,sweden,miss,No information,assisted,4.1,47.3,0,right-foot,high-left,0,65.2,72.2,No information,No information,61,No information,3621,47.3,4.1,34.8,0,34.8,27.8,30,1779,shot
alvaro-morata,https://www.sofascore.com/spain-sweden/NTbsYTb#id:8513124,spain,miss,No information,regular,14.8,41.9,0,right-foot,close-left,0,58.8,2.8,No information,No information,50,No information,2943,41.9,14.8,41.2,0,41.2,97.2,41,2457,shot
dani-olmo,https://www.sofascore.com/spain-sweden/NTbsYTb#id:8513124,spain,save,No information,assisted,24.9,31.2,0,right-foot,low-centre,0,48.7,3.8,No information,No information,45,No information,2645,31.2,24.9,51.3,0,51.3,96.2,1,55,shot
rodri,https://www.sofascore.com/spain-sweden/NTbsYTb#id:8513124,spain,block,No information,assisted,28.5,37.5,0,right-foot,low-centre,0,50.7,19,No information,No information,44,No information,2597,37.5,28.5,49.3,0,49.3,81,2,103,shot
alexander-isak,https://www.sofascore.com/spain-sweden/NTbsYTb#id:8513124,sweden,block,No information,regular,6.1,64.3,0,right-foot,low-left,0,52.8,19,No information,No information,41,No information,2440,64.3,6.1,47.2,0,47.2,81,5,260,shot
ferran-torres,https://www.sofascore.com/spain-sweden/NTbsYTb#id:8513124,spain,save,No information,assisted,23.9,60.9,0,left-foot,low-centre,0,49,0.6,No information,No information,39,No information,2335,60.9,23.9,51,0,51,99.4,7,365,shot
alvaro-morata,https://www.sofascore.com/spain-sweden/NTbsYTb#id:8513124,spain,miss,No information,assisted,14.1,42.5,0,right-foot,close-right,0,42.4,5.6,No information,No information,38,No information,2249,42.5,14.1,57.6,0,57.6,94.4,8,451,shot
albin-ekdal,https://www.sofascore.com/spain-sweden/NTbsYTb#id:8513124,sweden,block,No information,corner,18.4,57.1,0,right-foot,low-centre,0,50.4,13.9,No information,No information,37,No information,2163,57.1,18.4,49.6,0,49.6,86.1,9,537,shot
koke,https://www.sofascore.com/spain-sweden/NTbsYTb#id:8513124,spain,miss,No information,assisted,9.1,44.1,0,right-foot,high,0,51.4,88.9,No information,No information,29,No information,1713,44.1,9.1,48.6,0,48.6,11.1,17,987,shot
koke,https://www.sofascore.com/spain-sweden/NTbsYTb#id:8513124,spain,miss,No information,regular,11,34.2,0,right-foot,close-right,0,42.2,5.6,No information,No information,23,No information,1325,34.2,11,57.8,0,57.8,94.4,23,1375,shot
emil-forsberg,https://www.sofascore.com/spain-sweden/NTbsYTb#id:8513124,sweden,miss,No information,throw-in-set-piece,24.1,50.9,0,right-foot,high-right,0,41.8,95.8,No information,No information,22,No information,1278,50.9,24.1,58.2,0,58.2,4.2,24,1422,shot
dani-olmo,https://www.sofascore.com/spain-sweden/NTbsYTb#id:8513124,spain,save,No information,assisted,7.3,50.7,0,head,low-right,0,48.1,8.2,No information,No information,16,No information,923,50.7,7.3,51.9,0,51.9,91.8,30,1777,shot
dani-olmo,https://www.sofascore.com/spain-sweden/NTbsYTb#id:8513124,spain,miss,No information,corner,18.4,56.2,0,right-foot,high-left,0,57,65.3,No information,No information,7,No information,367,56.2,18.4,43,0,43,34.7,39,2333,shot
alvaro-morata,https://www.sofascore.com/spain-sweden/NTbsYTb#id:8513124,spain,block,No information,corner,13.3,50.7,0,head,low-centre,0,50.4,19,No information,No information,7,No information,364,50.7,13.3,49.6,0,49.6,81,39,2336,shot

hakimi-achraf,https://www.sofascore.com/morocco-spain/YTbsDVb#id:10230636,morocco,goal,penalty,shootout,11.5,50,0,right-foot,low-centre,0,50.1,8.2,No information,No information,126,No information,7531,50,11.5,49.9,0,49.9,91.8,10,569,shot
sergio-busquets,https://www.sofascore.com/morocco-spain/YTbsDVb#id:10230636,spain,save,No information,shootout,11.5,50,0,right-foot,low-left,0,53.4,12.7,No information,No information,125,No information,7465,50,11.5,46.6,0,46.6,87.3,11,635,shot
badr-benoun,https://www.sofascore.com/morocco-spain/YTbsDVb#id:10230636,morocco,save,No information,shootout,11.5,50,0,right-foot,low-left,0,53,3.2,No information,No information,124,No information,7410,50,11.5,47,0,47,96.8,12,690,shot
carlos-soler,https://www.sofascore.com/morocco-spain/YTbsDVb#id:10230636,spain,save,No information,shootout,11.5,50,0,right-foot,low-right,0,47.1,6.3,No information,No information,123,No information,7358,50,11.5,52.9,0,52.9,93.7,13,742,shot
hakim-ziyech,https://www.sofascore.com/morocco-spain/YTbsDVb#id:10230636,morocco,goal,penalty,shootout,11.5,50,0,left-foot,low-centre,0,50,19,No information,No information,122,No information,7305,50,11.5,50,0,50,81,14,795,shot
pablo-sarabia,https://www.sofascore.com/morocco-spain/YTbsDVb#id:10230636,spain,post,No information,shootout,11.5,50,0,left-foot,right,0,44.6,3.8,No information,No information,121,No information,7254,50,11.5,55.4,0,55.4,96.2,15,846,shot
abdelhamid-sabiri,https://www.sofascore.com/morocco-spain/YTbsDVb#id:10230636,morocco,goal,penalty,shootout,11.5,50,0,right-foot,low-right,0,47.4,0.6,No information,No information,121,No information,7202,50,11.5,52.6,0,52.6,99.4,15,898,shot
pablo-sarabia,https://www.sofascore.com/morocco-spain/YTbsDVb#id:10230636,spain,post,No information,corner,1.6,60.8,0,right-foot,left,0,55.2,25.9,No information,No information,120,3,7341,60.8,1.6,44.8,0,44.8,74.1,1,759,shot
carlos-soler,https://www.sofascore.com/morocco-spain/YTbsDVb#id:10230636,spain,block,No information,assisted,13.4,55.3,0,head,low-left,0,54.8,15.3,No information,No information,120,2,7281,55.3,13.4,45.2,0,45.2,84.7,1,819,shot
sergio-busquets,https://www.sofascore.com/morocco-spain/YTbsDVb#id:10230636,spain,block,No information,assisted,14.1,60,0,left-foot,low-centre,0,49.7,19,No information,No information,120,1,7245,60,14.1,50.3,0,50.3,81,1,855,shot
abdelhamid-sabiri,https://www.sofascore.com/morocco-spain/YTbsDVb#id:10230636,morocco,miss,No information,regular,49.8,49.9,0,right-foot,high-right,0,40.3,80.6,No information,No information,106,No information,6300,49.9,49.8,59.7,0,59.7,19.4,15,0,shot
marcos-llorente,https://www.sofascore.com/morocco-spain/YTbsDVb#id:10230636,spain,block,No information,corner,19.4,69.7,0,right-foot,low-centre,0,51.1,19,No information,No information,105,2,6369,69.7,19.4,48.9,0,48.9,81,1,831,shot
walid-cheddira,https://www.sofascore.com/morocco-spain/YTbsDVb#id:10230636,morocco,save,No information,assisted,8.5,55.9,0,left-foot,low-centre,0,49.2,1.9,No information,No information,104,No information,6215,55.9,8.5,50.8,0,50.8,98.1,2,85,shot
rodri,https://www.sofascore.com/morocco-spain/YTbsDVb#id:10230636,spain,miss,No information,assisted,31.9,61,0,right-foot,high,0,48.1,77.8,No information,No information,103,No information,6171,61,31.9,51.9,0,51.9,22.2,3,129,shot
alejandro-balde,https://www.sofascore.com/morocco-spain/YTbsDVb#id:10230636,spain,block,No information,regular,6.9,32.8,0,left-foot,low-right,0,46.3,19,No information,No information,100,No information,5996,32.8,6.9,53.7,0,53.7,81,6,304,shot
aymeric-laporte,https://www.sofascore.com/morocco-spain/YTbsDVb#id:10230636,spain,block,No information,corner,11.8,47.4,0,head,low-centre,0,50.8,19,No information,No information,90,5,5699,47.4,11.8,49.2,0,49.2,81,1,601,shot
alvaro-morata,https://www.sofascore.com/morocco-spain/YTbsDVb#id:10230636,spain,miss,No information,set-piece,4.6,61.3,0,head,high,0,49.4,68.1,No information,No information,90,1,5419,61.3,4.6,50.6,0,50.6,31.9,1,881,shot
nico-williams,https://www.sofascore.com/morocco-spain/YTbsDVb#id:10230636,spain,miss,No information,assisted,12.4,62,0,right-foot,left,0,60.7,9.7,No information,No information,89,No information,5280,62,12.4,39.3,0,39.3,90.3,2,120,shot
walid-cheddira,https://www.sofascore.com/morocco-spain/YTbsDVb#id:10230636,morocco,miss,No information,assisted,8.5,52.2,0,right-foot,right,0,39.7,6.9,No information,No information,86,No information,5104,52.2,8.5,60.3,0,60.3,93.1,5,296,shot
alvaro-morata,https://www.sofascore.com/morocco-spain/YTbsDVb#id:10230636,spain,miss,No information,regular,1.6,66,0,right-foot,left,0,99.7,4.2,No information,No information,82,No information,4860,66,1.6,0.3,0,0.3,95.8,9,540,shot
dani-olmo,https://www.sofascore.com/morocco-spain/YTbsDVb#id:10230636,spain,miss,No information,regular,22.2,40,0,right-foot,high-right,0,37.8,93.1,No information,No information,78,No information,4657,40,22.2,62.2,0,62.2,6.9,13,743,shot
dani-olmo,https://www.sofascore.com/morocco-spain/YTbsDVb#id:10230636,spain,save,No information,set-piece,9.8,14,0,right-foot,high-centre,0,49.3,28.5,No information,No information,54,No information,3239,14,9.8,50.7,0,50.7,71.5,37,2161,shot
nayef-aguerd,https://www.sofascore.com/morocco-spain/YTbsDVb#id:10230636,morocco,miss,No information,set-piece,7,52.2,0,head,close-high,0,45.2,56.9,No information,No information,42,No information,2511,52.2,7,54.8,0,54.8,43.1,4,189,shot
noussair-mazraoui,https://www.sofascore.com/morocco-spain/YTbsDVb#id:10230636,morocco,save,No information,regular,27.5,46.4,0,left-foot,low-left,0,52,12.7,No information,No information,33,No information,1938,46.4,27.5,48,0,48,87.3,13,762,shot
marco-asensio,https://www.sofascore.com/morocco-spain/YTbsDVb#id:10230636,spain,miss,No information,assisted,5.6,31,0,left-foot,close-left,0,56.5,22.2,No information,No information,26,No information,1556,31,5.6,43.5,0,43.5,77.8,20,1144,shot
hakimi-achraf,https://www.sofascore.com/morocco-spain/YTbsDVb#id:10230636,morocco,miss,No information,free-kick,26.5,38,0,right-foot,close-high,0,54.6,59.7,No information,No information,12,No information,663,38,26.5,45.4,0,45.4,40.3,34,2037,shot

dani-olmo,https://www.sofascore.com/japan-spain/YTbsvVb#id:10230554,spain,miss,No information,assisted,26.4,67.3,0,right-foot,left,0,66.9,5.6,No information,No information,90,6,5729,67.3,26.4,33.1,0,33.1,94.4,1,571,shot
dani-olmo,https://www.sofascore.com/japan-spain/YTbsvVb#id:10230554,spain,save,No information,assisted,8.4,64.9,0,right-foot,low-centre,0,50.9,10.8,No information,No information,90,No information,5348,64.9,8.4,49.1,0,49.1,89.2,1,52,shot
marco-asensio,https://www.sofascore.com/japan-spain/YTbsvVb#id:10230554,spain,save,No information,assisted,23.6,74.4,0,left-foot,low-left,0,53.4,5.7,No information,No information,89,No information,5329,74.4,23.6,46.6,0,46.6,94.3,2,71,shot
jordi-alba,https://www.sofascore.com/japan-spain/YTbsvVb#id:10230554,spain,block,No information,regular,21.6,27.2,0,right-foot,low-centre,0,50.7,19,No information,No information,89,No information,5308,27.2,21.6,49.3,0,49.3,81,2,92,shot
marco-asensio,https://www.sofascore.com/japan-spain/YTbsvVb#id:10230554,spain,block,No information,assisted,21.6,66,0,left-foot,low-left,0,53.9,16.7,No information,No information,85,No information,5070,66,21.6,46.1,0,46.1,83.3,6,330,shot
ko-itakura,https://www.sofascore.com/japan-spain/YTbsvVb#id:10230554,japan,save,No information,set-piece,15,46.8,0,head,low-left,0,52.9,8.9,No information,No information,83,No information,4941,46.8,15,47.1,0,47.1,91.1,8,459,shot
dani-olmo,https://www.sofascore.com/japan-spain/YTbsvVb#id:10230554,spain,block,No information,assisted,28.2,54.8,0,right-foot,high-right,0,47.6,20.8,No information,No information,80,No information,4758,54.8,28.2,52.4,0,52.4,79.2,11,642,shot
marco-asensio,https://www.sofascore.com/japan-spain/YTbsvVb#id:10230554,spain,block,No information,assisted,13.8,26.2,0,left-foot,low-left,0,52.8,19,No information,No information,74,No information,4392,26.2,13.8,47.2,0,47.2,81,17,1008,shot
takuma-asano,https://www.sofascore.com/japan-spain/YTbsvVb#id:10230554,japan,miss,No information,fast-break,18.3,47.5,0,right-foot,right,0,32.1,16.7,No information,No information,70,No information,4190,47.5,18.3,67.9,0,67.9,83.3,21,1210,shot
ao-tanaka,https://www.sofascore.com/japan-spain/YTbsvVb#id:10230554,japan,goal,regular,assisted,1.3,49.1,0,right-foot,low-centre,0,50.4,13.9,No information,No information,51,No information,3014,49.1,1.3,49.6,0,49.6,86.1,40,2386,shot
ritsu-doan,https://www.sofascore.com/japan-spain/YTbsvVb#id:10230554,japan,goal,regular,assisted,19.1,69.4,0,left-foot,high-right,0,47,25.9,No information,No information,48,No information,2868,69.4,19.1,53,0,53,74.1,43,2532,shot
dani-olmo,https://www.sofascore.com/japan-spain/YTbsvVb#id:10230554,spain,block,No information,assisted,16.3,45.5,0,right-foot,low-centre,0,51.1,19,No information,No information,42,No information,2513,45.5,16.3,48.9,0,48.9,81,4,187,shot
daichi-kamada,https://www.sofascore.com/japan-spain/YTbsvVb#id:10230554,japan,block,No information,assisted,12.1,71.1,0,right-foot,low-centre,0,50,19,No information,No information,36,No information,2149,71.1,12.1,50,0,50,81,10,551,shot
alvaro-morata,https://www.sofascore.com/japan-spain/YTbsvVb#id:10230554,spain,save,No information,regular,12.7,64.5,0,right-foot,low-right,0,47.8,5.1,No information,No information,23,No information,1354,64.5,12.7,52.2,0,52.2,94.9,23,1346,shot
alvaro-morata,https://www.sofascore.com/japan-spain/YTbsvVb#id:10230554,spain,goal,regular,assisted,4.1,47.6,0,head,low-centre,0,49.5,5.1,No information,No information,12,No information,660,47.6,4.1,50.5,0,50.5,94.9,34,2040,shot
alvaro-morata,https://www.sofascore.com/japan-spain/YTbsvVb#id:10230554,spain,save,No information,corner,9.2,44.5,0,head,low-centre,0,50,10.1,No information,No information,9,No information,532,44.5,9.2,50,0,50,89.9,37,2168,shot
junya-ito,https://www.sofascore.com/japan-spain/YTbsvVb#id:10230554,japan,miss,No information,assisted,5.7,67,0,right-foot,close-right,0,42.4,9.7,No information,No information,8,No information,432,67,5.7,57.6,0,57.6,90.3,38,2268,shot
sergio-busquets,https://www.sofascore.com/japan-spain/YTbsvVb#id:10230554,spain,miss,No information,regular,23.1,58.8,0,left-foot,high,0,51.6,80.6,No information,No information,7,No information,362,58.8,23.1,48.4,0,48.4,19.4,39,2338,shot

adama-traore,https://www.sofascore.com/switzerland-spain/YTbsZTb#id:8600829,spain,miss,No information,corner,11.1,63.7,0,right-foot,high,0,51.9,68.1,No information,No information,90,4,5632,63.7,11.1,48.1,0,48.1,31.9,1,668,shot
alvaro-morata,https://www.sofascore.com/switzerland-spain/YTbsZTb#id:8600829,spain,block,No information,assisted,26,45.2,0,right-foot,low-centre,0,48.9,19,No information,No information,90,4,5601,45.2,26,51.1,0,51.1,81,1,699,shot
sergio-ramos,https://www.sofascore.com/switzerland-spain/YTbsZTb#id:8600829,spain,miss,No information,corner,9.7,49.1,0,head,high-left,0,59.3,63.9,No information,No information,90,2,5507,49.1,9.7,40.7,0,40.7,36.1,1,793,shot
gerard-moreno,https://www.sofascore.com/switzerland-spain/YTbsZTb#id:8600829,spain,goal,regular,assisted,8.6,50.7,0,right-foot,high-left,0,52.2,20.9,No information,No information,89,No information,5303,50.7,8.6,47.8,0,47.8,79.1,2,97,shot
sergio-ramos,https://www.sofascore.com/switzerland-spain/YTbsZTb#id:8600829,spain,save,No information,assisted,4.2,40.4,0,head,low-right,0,46.4,9.5,No information,No information,88,No information,5270,40.4,4.2,53.6,0,53.6,90.5,3,130,shot
sergio-ramos,https://www.sofascore.com/switzerland-spain/YTbsZTb#id:8600829,spain,save,No information,penalty,11.5,50,0,right-foot,low-centre,0,51.7,1.3,No information,No information,80,No information,4747,50,11.5,48.3,0,48.3,98.7,11,653,shot
dani-olmo,https://www.sofascore.com/switzerland-spain/YTbsZTb#id:8600829,spain,miss,No information,assisted,26.1,62.9,0,right-foot,close-left,0,59,25,No information,No information,70,No information,4141,62.9,26.1,41,0,41,75,21,1259,shot
mikel-oyarzabal,https://www.sofascore.com/switzerland-spain/YTbsZTb#id:8600829,spain,miss,No information,corner,20.1,50.1,0,left-foot,left,0,59.8,12.5,No information,No information,64,No information,3836,50.1,20.1,40.2,0,40.2,87.5,27,1564,shot
sergio-ramos,https://www.sofascore.com/switzerland-spain/YTbsZTb#id:8600829,spain,save,No information,corner,8,54.4,0,head,low-right,0,47.1,7,No information,No information,58,No information,3431,54.4,8,52.9,0,52.9,93,33,1969,shot
sergio-ramos,https://www.sofascore.com/switzerland-spain/YTbsZTb#id:8600829,spain,save,No information,penalty,11.5,50,0,right-foot,low-left,0,54,2.5,No information,No information,57,No information,3408,50,11.5,46,0,46,97.5,34,1992,shot
sergio-ramos,https://www.sofascore.com/switzerland-spain/YTbsZTb#id:8600829,spain,block,No information,corner,11.8,42.1,0,head,low-centre,0,49,19,No information,No information,56,No information,3350,42.1,11.8,51,0,51,81,35,2050,shot
haris-seferovic,https://www.sofascore.com/switzerland-spain/YTbsZTb#id:8600829,switzerland,block,No information,fast-break,12.4,62.5,0,left-foot,low-centre,0,49.9,19,No information,No information,55,No information,3261,62.5,12.4,50.1,0,50.1,81,36,2139,shot
sergio-ramos,https://www.sofascore.com/switzerland-spain/YTbsZTb#id:8600829,spain,miss,No information,corner,8.7,56.9,0,head,right,0,27.7,15.3,No information,No information,47,No information,2783,56.9,8.7,72.3,0,72.3,84.7,44,2617,shot
ferran-torres,https://www.sofascore.com/switzerland-spain/YTbsZTb#id:8600829,spain,miss,No information,corner,3.4,57.3,0,right-foot,high,0,48.7,63.9,No information,No information,45,2,2761,57.3,3.4,51.3,0,51.3,36.1,1,2639,shot
mikel-merino,https://www.sofascore.com/switzerland-spain/YTbsZTb#id:8600829,spain,miss,No information,corner,8,40.6,0,head,right,0,36.5,13.9,No information,No information,45,2,2760,40.6,8,63.5,0,63.5,86.1,1,2640,shot
mikel-oyarzabal,https://www.sofascore.com/switzerland-spain/YTbsZTb#id:8600829,spain,save,No information,assisted,16.1,36.7,0,left-foot,low-left,0,53.8,10.8,No information,No information,45,1,2729,36.7,16.1,46.2,0,46.2,89.2,1,2671,shot
fabian-ruiz,https://www.sofascore.com/switzerland-spain/YTbsZTb#id:8600829,spain,save,No information,assisted,24.6,53.2,0,left-foot,low-centre,0,51.2,1.9,No information,No information,38,No information,2223,53.2,24.6,48.8,0,48.8,98.1,8,477,shot
dani-olmo,https://www.sofascore.com/switzerland-spain/YTbsZTb#id:8600829,spain,block,No information,assisted,7.3,61.1,0,right-foot,low-centre,0,48.9,19,No information,No information,34,No information,1999,61.1,7.3,51.1,0,51.1,81,12,701,shot
ricardo-rodriguez,https://www.sofascore.com/switzerland-spain/YTbsZTb#id:8600829,switzerland,save,No information,free-kick,26.8,35.4,0,left-foot,high-centre,0,48.8,33.5,No information,No information,29,No information,1687,35.4,26.8,51.2,0,51.2,66.5,17,1013,shot
remo-freuler,https://www.sofascore.com/switzerland-spain/YTbsZTb#id:8600829,switzerland,goal,regular,assisted,13.8,62.7,0,left-foot,high-left,0,54.1,20.3,No information,No information,26,No information,1519,62.7,13.8,45.9,0,45.9,79.7,20,1181,shot
haris-seferovic,https://www.sofascore.com/switzerland-spain/YTbsZTb#id:8600829,switzerland,miss,No information,assisted,8.8,56.9,0,head,high,0,48.9,66.7,No information,No information,20,No information,1181,56.9,8.8,51.1,0,51.1,33.3,26,1519,shot
xherdan-shaqiri,https://www.sofascore.com/switzerland-spain/YTbsZTb#id:8600829,switzerland,miss,No information,corner,28.2,52.5,0,left-foot,high,0,54.3,75,No information,No information,19,No information,1134,52.5,28.2,45.7,0,45.7,25,27,1566,shot
xherdan-shaqiri,https://www.sofascore.com/switzerland-spain/YTbsZTb#id:8600829,switzerland,save,No information,assisted,4.7,39.6,0,left-foot,low-left,0,52.1,14.6,No information,No information,19,No information,1092,39.6,4.7,47.9,0,47.9,85.4,27,1608,shot
fabian-ruiz,https://www.sofascore.com/switzerland-spain/YTbsZTb#id:8600829,spain,miss,No information,assisted,26.7,44.9,0,left-foot,high,0,53.6,70.8,No information,No information,18,No information,1029,44.9,26.7,46.4,0,46.4,29.2,28,1671,shot
ferran-torres,https://www.sofascore.com/switzerland-spain/YTbsZTb#id:8600829,spain,miss,No information,assisted,12.4,64.3,0,right-foot,high,0,48.4,62.5,No information,No information,10,No information,568,64.3,12.4,51.6,0,51.6,37.5,36,2132,shot
dani-olmo,https://www.sofascore.com/switzerland-spain/YTbsZTb#id:8600829,spain,block,No information,assisted,12.5,53.8,0,right-foot,low-centre,0,48.9,19,No information,No information,6,No information,324,53.8,12.5,51.1,0,51.1,81,40,2376,shot
granit-xhaka,https://www.sofascore.com/switzerland-spain/YTbsZTb#id:8600829,switzerland,miss,No information,assisted,21.8,47.2,0,left-foot,right,0,34.1,16.7,No information,No information,5,No information,288,47.2,21.8,65.9,0,65.9,83.3,41,2412,shot

mikel-oyarzabal,https://www.sofascore.com/switzerland-spain/YTbsZTb#id:8594132,spain,goal,penalty,shootout,11.5,50,0,left-foot,low-right,0,46.9,2.5,No information,No information,127,No information,7598,50,11.5,53.1,0,53.1,97.5,9,502,shot
ruben-vargas,https://www.sofascore.com/switzerland-spain/YTbsZTb#id:8594132,switzerland,miss,No information,shootout,11.5,50,0,right-foot,high,0,52.6,63.9,No information,No information,126,No information,7527,50,11.5,47.4,0,47.4,36.1,10,573,shot
gerard-moreno,https://www.sofascore.com/switzerland-spain/YTbsZTb#id:8594132,spain,goal,penalty,shootout,11.5,50,0,left-foot,high-right,0,46.8,20.3,No information,No information,125,No information,7481,50,11.5,53.2,0,53.2,79.7,11,619,shot
manuel-akanji,https://www.sofascore.com/switzerland-spain/YTbsZTb#id:8594132,switzerland,save,No information,shootout,11.5,50,0,right-foot,low-left,0,53.1,1.9,No information,No information,124,No information,7439,50,11.5,46.9,0,46.9,98.1,12,661,shot
rodri,https://www.sofascore.com/switzerland-spain/YTbsZTb#id:8594132,spain,save,No information,shootout,11.5,50,0,right-foot,low-right,0,47.8,15.2,No information,No information,123,No information,7375,50,11.5,52.2,0,52.2,84.8,13,725,shot
fabian-schar,https://www.sofascore.com/switzerland-spain/YTbsZTb#id:8594132,switzerland,save,No information,shootout,11.5,50,0,right-foot,low-left,0,52.6,10.1,No information,No information,123,No information,7336,50,11.5,47.4,0,47.4,89.9,13,764,shot
dani-olmo,https://www.sofascore.com/switzerland-spain/YTbsZTb#id:8594132,spain,goal,penalty,shootout,11.5,50,0,right-foot,high-left,0,53.9,28.5,No information,No information,122,No information,7287,50,11.5,46.1,0,46.1,71.5,14,813,shot
mario-gavranovic,https://www.sofascore.com/switzerland-spain/YTbsZTb#id:8594132,switzerland,goal,penalty,shootout,11.5,50,0,right-foot,high-left,0,53.9,22.2,No information,No information,121,No information,7247,50,11.5,46.1,0,46.1,77.8,15,853,shot
sergio-busquets,https://www.sofascore.com/switzerland-spain/YTbsZTb#id:8594132,spain,post,No information,shootout,11.5,50,0,right-foot,left,0,55.2,5.1,No information,No information,121,No information,7200,50,11.5,44.8,0,44.8,94.9,15,0,shot
rodri,https://www.sofascore.com/switzerland-spain/YTbsZTb#id:8594132,spain,miss,No information,assisted,8.8,50.1,0,head,high,0,48.6,66.7,No information,No information,120,1,7257,50.1,8.8,51.4,0,51.4,33.3,1,843,shot
gerard-moreno,https://www.sofascore.com/switzerland-spain/YTbsZTb#id:8594132,spain,save,No information,assisted,15.5,43.3,0,left-foot,low-centre,0,48.5,0.6,No information,No information,118,No information,7038,43.3,15.5,51.5,0,51.5,99.4,3,162,shot
sergio-busquets,https://www.sofascore.com/switzerland-spain/YTbsZTb#id:8594132,spain,save,No information,corner,5.1,43.5,0,head,low-centre,0,51,7,No information,No information,116,No information,6919,43.5,5.1,49,0,49,93,5,281,shot
dani-olmo,https://www.sofascore.com/switzerland-spain/YTbsZTb#id:8594132,spain,block,No information,assisted,14.2,41.9,0,right-foot,low-right,0,47.4,18.1,No information,No information,115,No information,6891,41.9,14.2,52.6,0,52.6,81.9,6,309,shot
dani-olmo,https://www.sofascore.com/switzerland-spain/YTbsZTb#id:8594132,spain,miss,No information,assisted,12.1,59.3,0,right-foot,high-right,0,41.7,68.1,No information,No information,112,No information,6712,59.3,12.1,58.3,0,58.3,31.9,9,488,shot
dani-olmo,https://www.sofascore.com/switzerland-spain/YTbsZTb#id:8594132,spain,save,No information,assisted,14.1,39.8,0,left-foot,low-centre,0,50.9,7,No information,No information,111,No information,6649,39.8,14.1,49.1,0,49.1,93,10,551,shot
marcos-llorente,https://www.sofascore.com/switzerland-spain/YTbsZTb#id:8594132,spain,block,No information,assisted,10.5,47.3,0,left-foot,low-right,0,47.9,19,No information,No information,110,No information,6571,47.3,10.5,52.1,0,52.1,81,11,629,shot
mikel-oyarzabal,https://www.sofascore.com/switzerland-spain/YTbsZTb#id:8594132,spain,save,No information,assisted,11.4,72.1,0,left-foot,high-centre,0,49.8,23.4,No information,No information,105,1,6348,72.1,11.4,50.2,0,50.2,76.6,1,852,shot
dani-olmo,https://www.sofascore.com/switzerland-spain/YTbsZTb#id:8594132,spain,block,No information,assisted,14.5,30.6,0,right-foot,low-left,0,52.3,19,No information,No information,105,No information,6291,30.6,14.5,47.7,0,47.7,81,1,9,shot
mikel-oyarzabal,https://www.sofascore.com/switzerland-spain/YTbsZTb#id:8594132,spain,save,No information,assisted,15,70.3,0,left-foot,high-left,0,52.1,24.1,No information,No information,103,No information,6173,70.3,15,47.9,0,47.9,75.9,3,127,shot
gerard-moreno,https://www.sofascore.com/switzerland-spain/YTbsZTb#id:8594132,spain,save,No information,set-piece,8.4,47.9,0,left-foot,high-centre,0,51,22.2,No information,No information,101,No information,6033,47.9,8.4,49,0,49,77.8,5,267,shot
gerard-moreno,https://www.sofascore.com/switzerland-spain/YTbsZTb#id:8594132,spain,miss,No information,corner,5.4,48.9,0,head,left,0,61.3,15.3,No information,No information,100,No information,5948,48.9,5.4,38.7,0,38.7,84.7,6,352,shot
marcos-llorente,https://www.sofascore.com/switzerland-spain/YTbsZTb#id:8594132,spain,block,No information,assisted,10.7,61.8,0,right-foot,low-right,0,46,19,No information,No information,99,No information,5927,61.8,10.7,54,0,54,81,7,373,shot
dani-olmo,https://www.sofascore.com/switzerland-spain/YTbsZTb#id:8594132,spain,block,No information,assisted,18.4,48.7,0,right-foot,low-right,0,48.1,19,No information,No information,97,No information,5771,48.7,18.4,51.9,0,51.9,81,9,529,shot
marcos-llorente,https://www.sofascore.com/switzerland-spain/YTbsZTb#id:8594132,spain,save,No information,corner,4.3,35.4,0,head,low-left,0,51.9,2.5,No information,No information,96,No information,5733,35.4,4.3,48.1,0,48.1,97.5,10,567,shot
jordi-alba,https://www.sofascore.com/switzerland-spain/YTbsZTb#id:8594132,spain,save,No information,regular,21.2,32.5,0,left-foot,high-centre,0,49.5,30.4,No information,No information,96,No information,5702,32.5,21.2,50.5,0,50.5,69.6,10,598,shot
mikel-oyarzabal,https://www.sofascore.com/switzerland-spain/YTbsZTb#id:8594132,spain,block,No information,assisted,19.2,62.9,0,left-foot,low-centre,0,48.6,19,No information,No information,95,No information,5699,62.9,19.2,51.4,0,51.4,81,11,601,shot
gerard-moreno,https://www.sofascore.com/switzerland-spain/YTbsZTb#id:8594132,spain,miss,No information,assisted,5.6,46.1,0,left-foot,close-left,0,58.5,15.3,No information,No information,92,No information,5514,46.1,5.6,41.5,0,41.5,84.7,14,786,shot
aymeric-laporte,https://www.sofascore.com/switzerland-spain/YTbsZTb#id:8594132,spain,block,No information,assisted,26.9,55.5,0,left-foot,low-left,0,53.4,19,No information,No information,86,No information,5115,55.5,26.9,46.6,0,46.6,81,5,285,shot
gerard-moreno,https://www.sofascore.com/switzerland-spain/YTbsZTb#id:8594132,spain,save,No information,assisted,15.9,60.9,0,left-foot,low-centre,0,51,8.9,No information,No information,84,No information,5031,60.9,15.9,49,0,49,91.1,7,369,shot
gerard-moreno,https://www.sofascore.com/switzerland-spain/YTbsZTb#id:8594132,spain,miss,No information,set-piece,10.6,53,0,head,left,0,59.7,8.3,No information,No information,79,No information,4706,53,10.6,40.3,0,40.3,91.7,12,694,shot
pau-torres,https://www.sofascore.com/switzerland-spain/YTbsZTb#id:8594132,spain,miss,No information,corner,4.5,53.3,0,left-foot,left,0,59.5,20.8,No information,No information,77,No information,4565,53.3,4.5,40.5,0,40.5,79.2,14,835,shot
dani-olmo,https://www.sofascore.com/switzerland-spain/YTbsZTb#id:8594132,spain,block,No information,assisted,4.1,33,0,left-foot,low-left,0,52.2,19,No information,No information,76,No information,4510,33,4.1,47.8,0,47.8,81,15,890,shot
xherdan-shaqiri,https://www.sofascore.com/switzerland-spain/YTbsZTb#id:8594132,switzerland,goal,regular,assisted,10.1,56.7,0,right-foot,low-left,0,54.4,3.2,No information,No information,68,No information,4062,56.7,10.1,45.6,0,45.6,96.8,23,1338,shot
steven-zuber,https://www.sofascore.com/switzerland-spain/YTbsZTb#id:8594132,switzerland,save,No information,regular,4.6,40.8,0,right-foot,low-left,0,53.7,17.7,No information,No information,64,No information,3820,40.8,4.6,46.3,0,46.3,82.3,27,1580,shot
ferran-torres,https://www.sofascore.com/switzerland-spain/YTbsZTb#id:8594132,spain,block,No information,set-piece,8.4,55.7,0,right-foot,low-centre,0,51.8,19,No information,No information,59,No information,3510,55.7,8.4,48.2,0,48.2,81,32,1890,shot
denis-zakaria,https://www.sofascore.com/switzerland-spain/YTbsZTb#id:8594132,switzerland,miss,No information,corner,9.4,62.7,0,head,close-left,0,56.5,13.9,No information,No information,56,No information,3328,62.7,9.4,43.5,0,43.5,86.1,35,2072,shot
koke,https://www.sofascore.com/switzerland-spain/YTbsZTb#id:8594132,spain,miss,No information,assisted,11,45.2,0,head,high,0,53.4,81.9,No information,No information,50,No information,2992,45.2,11,46.6,0,46.6,18.1,41,2408,shot
manuel-akanji,https://www.sofascore.com/switzerland-spain/YTbsZTb#id:8594132,switzerland,miss,No information,corner,8.7,46.4,0,head,left,0,62.4,27.8,No information,No information,48,No information,2846,46.4,8.7,37.6,0,37.6,72.2,43,2554,shot
silvan-widmer,https://www.sofascore.com/switzerland-spain/YTbsZTb#id:8594132,switzerland,miss,No information,corner,7.5,43.4,0,head,close-high-left,0,56.6,59.7,No information,No information,39,No information,2313,43.4,7.5,43.4,0,43.4,40.3,7,387,shot
manuel-akanji,https://www.sofascore.com/switzerland-spain/YTbsZTb#id:8594132,switzerland,miss,No information,corner,8,50.1,0,head,high,0,52.8,70.8,No information,No information,34,No information,2020,50.1,8,47.2,0,47.2,29.2,12,680,shot
haris-seferovic,https://www.sofascore.com/switzerland-spain/YTbsZTb#id:8594132,switzerland,block,No information,assisted,20.8,74.4,0,left-foot,low-centre,0,50.7,19,No information,No information,34,No information,1988,74.4,20.8,49.3,0,49.3,81,12,712,shot
cesar-azpilicueta,https://www.sofascore.com/switzerland-spain/YTbsZTb#id:8594132,spain,save,No information,corner,7.5,50.3,0,head,high-centre,0,51.7,31.6,No information,No information,25,No information,1480,50.3,7.5,48.3,0,48.3,68.4,21,1220,shot
koke,https://www.sofascore.com/switzerland-spain/YTbsZTb#id:8594132,spain,miss,No information,free-kick,20.9,29.5,0,right-foot,close-high,0,52.8,51.4,No information,No information,17,No information,1004,29.5,20.9,47.2,0,47.2,48.6,29,1696,shot
jordi-alba,https://www.sofascore.com/switzerland-spain/YTbsZTb#id:8594132,spain,block,No information,corner,22.8,37.1,0,left-foot,low-right,0,46.6,19,No information,No information,8,No information,449,37.1,22.8,53.4,0,53.4,81,38,2251,shot
denis-zakaria,https://www.sofascore.com/switzerland-spain/YTbsZTb#id:8594132,spain,goal,own,corner,10.3,46.6,0,right-foot,high-left,0,53.9,21.5,No information,No information,8,No information,450,46.6,10.3,46.1,0,46.1,78.5,38,2250,shot
xherdan-shaqiri,https://www.sofascore.com/switzerland-spain/YTbsZTb#id:8594132,switzerland,block,No information,regular,27.1,48.7,0,left-foot,low-centre,0,50.6,19,No information,No information,2,No information,66,48.7,27.1,49.4,0,49.4,81,44,2634,shot

grigoris-kastanos,https://www.sofascore.com/spain-cyprus/HObsYTb#id:10752557,cyprus,block,No information,assisted,21.9,68.2,0,left-foot,low-centre,0,50,19,No information,No information,90,2,5466,68.2,21.9,50,0,50,81,1,834,shot
kostas-pileas,https://www.sofascore.com/spain-cyprus/HObsYTb#id:10752557,cyprus,goal,regular,assisted,14.6,47.2,0,left-foot,low-left,0,53.3,3.8,No information,No information,75,No information,4483,47.2,14.6,46.7,0,46.7,96.2,16,917,shot
rodrigo-riquelme,https://www.sofascore.com/spain-cyprus/HObsYTb#id:10752557,spain,miss,No information,assisted,18.4,18.9,0,right-foot,close-right,0,42.5,38.9,No information,No information,74,No information,4421,18.9,18.4,57.5,0,57.5,61.1,17,979,shot
joselu,https://www.sofascore.com/spain-cyprus/HObsYTb#id:10752557,spain,save,No information,assisted,11.3,52,0,head,high-centre,0,50.3,25.9,No information,No information,61,No information,3643,52,11.3,49.7,0,49.7,74.1,30,1757,shot
martin-zubimendi,https://www.sofascore.com/spain-cyprus/HObsYTb#id:10752557,spain,miss,No information,regular,20.4,31.6,0,right-foot,close-left,0,58,4.2,No information,No information,58,No information,3458,31.6,20.4,42,0,42,95.8,33,1942,shot
aleix-garcia,https://www.sofascore.com/spain-cyprus/HObsYTb#id:10752557,spain,block,No information,regular,20.5,35.1,0,left-foot,low-centre,0,50.9,19,No information,No information,56,No information,3348,35.1,20.5,49.1,0,49.1,81,35,2052,shot
ioannis-pittas,https://www.sofascore.com/spain-cyprus/HObsYTb#id:10752557,cyprus,save,No information,fast-break,19.7,73.9,0,right-foot,low-left,0,54.3,3.2,No information,No information,49,No information,2931,73.9,19.7,45.7,0,45.7,96.8,42,2469,shot
grigoris-kastanos,https://www.sofascore.com/spain-cyprus/HObsYTb#id:10752557,cyprus,save,No information,assisted,28,48.3,0,left-foot,low-centre,0,50.2,3.2,No information,No information,41,No information,2439,48.3,28,49.8,0,49.8,96.8,5,261,shot
mikel-merino,https://www.sofascore.com/spain-cyprus/HObsYTb#id:10752557,spain,block,No information,regular,11.2,41.9,0,left-foot,low-centre,0,50.3,19,No information,No information,38,No information,2241,41.9,11.2,49.7,0,49.7,81,8,459,shot
mikel-oyarzabal,https://www.sofascore.com/spain-cyprus/HObsYTb#id:10752557,spain,save,No information,assisted,9.3,49.2,0,left-foot,low-centre,0,50,7,No information,No information,38,No information,2238,49.2,9.3,50,0,50,93,8,462,shot
joselu,https://www.sofascore.com/spain-cyprus/HObsYTb#id:10752557,spain,goal,regular,corner,2.3,42.5,0,right-foot,high-left,0,53,22.2,No information,No information,28,No information,1669,42.5,2.3,47,0,47,77.8,18,1031,shot
martin-zubimendi,https://www.sofascore.com/spain-cyprus/HObsYTb#id:10752557,spain,block,No information,corner,12.1,53.9,0,head,low-centre,0,49.2,19,No information,No information,28,No information,1628,53.9,12.1,50.8,0,50.8,81,18,1072,shot
martin-zubimendi,https://www.sofascore.com/spain-cyprus/HObsYTb#id:10752557,spain,post,No information,regular,17.4,53.2,0,right-foot,left,0,55.4,2.5,No information,No information,26,No information,1530,53.2,17.4,44.6,0,44.6,97.5,20,1170,shot
mikel-oyarzabal,https://www.sofascore.com/spain-cyprus/HObsYTb#id:10752557,spain,goal,regular,assisted,4.8,34.6,0,left-foot,low-right,0,47.3,1.3,No information,No information,22,No information,1275,34.6,4.8,52.7,0,52.7,98.7,24,1425,shot
joselu,https://www.sofascore.com/spain-cyprus/HObsYTb#id:10752557,spain,miss,No information,assisted,13.2,63.5,0,right-foot,right,0,40.3,5.6,No information,No information,18,No information,1064,63.5,13.2,59.7,0,59.7,94.4,28,1636,shot
mikel-merino,https://www.sofascore.com/spain-cyprus/HObsYTb#id:10752557,spain,block,No information,assisted,14.9,50.5,0,right-foot,low-centre,0,50.3,19,No information,No information,7,No information,402,50.5,14.9,49.7,0,49.7,81,39,2298,shot
lamine-yamal,https://www.sofascore.com/spain-cyprus/HObsYTb#id:10752557,spain,goal,regular,assisted,7.1,52.8,0,left-foot,low-right,0,46.8,1.9,No information,No information,5,No information,270,52.8,7.1,53.2,0,53.2,98.1,41,2430,shot
joselu,https://www.sofascore.com/spain-cyprus/HObsYTb#id:10752557,spain,miss,No information,assisted,10.7,48.5,0,left-foot,right,0,29.9,5.6,No information,No information,5,No information,266,48.5,10.7,70.1,0,70.1,94.4,41,2434,shot

sergio-busquets,https://www.sofascore.com/spain-france/GObsYTb#id:9869233,spain,block,No information,corner,8,55.7,0,head,low-centre,0,49.4,19,No information,No information,90,5,5687,55.7,8,50.6,0,50.6,81,1,613,shot
yeremy-pino,https://www.sofascore.com/spain-france/GObsYTb#id:9869233,spain,save,No information,corner,9.1,59.4,0,left-foot,low-centre,0,49.6,13.3,No information,No information,90,4,5635,59.4,9.1,50.4,0,50.4,86.7,1,665,shot
mikel-merino,https://www.sofascore.com/spain-france/GObsYTb#id:9869233,spain,miss,No information,assisted,10.5,47,0,head,left,0,79.3,16.7,No information,No information,90,4,5608,47,10.5,20.7,0,20.7,83.3,1,692,shot
pablo-fornals,https://www.sofascore.com/spain-france/GObsYTb#id:9869233,spain,block,No information,assisted,16,51.1,0,right-foot,low-centre,0,49,19,No information,No information,90,No information,5363,51.1,16,51,0,51,81,1,37,shot
kylian-mbappe,https://www.sofascore.com/spain-france/GObsYTb#id:9869233,france,save,No information,fast-break,9.4,66.1,0,right-foot,low-centre,0,48.7,4.4,No information,No information,89,No information,5317,66.1,9.4,51.3,0,51.3,95.6,2,83,shot
mikel-oyarzabal,https://www.sofascore.com/spain-france/GObsYTb#id:9869233,spain,save,No information,assisted,14.4,51.8,0,left-foot,low-centre,0,51,3.2,No information,No information,88,No information,5273,51.8,14.4,49,0,49,96.8,3,127,shot
antoine-griezmann,https://www.sofascore.com/spain-france/GObsYTb#id:9869233,france,miss,No information,set-piece,22.2,63.3,0,left-foot,high-left,0,58,95.8,No information,No information,87,No information,5163,63.3,22.2,42,0,42,4.2,4,237,shot
kylian-mbappe,https://www.sofascore.com/spain-france/GObsYTb#id:9869233,france,block,No information,assisted,13.1,40.8,0,right-foot,low-centre,0,51.2,19,No information,No information,83,No information,4975,40.8,13.1,48.8,0,48.8,81,8,425,shot
kylian-mbappe,https://www.sofascore.com/spain-france/GObsYTb#id:9869233,france,goal,regular,assisted,9.1,33,0,left-foot,low-centre,0,51,0.6,No information,No information,80,No information,4780,33,9.1,49,0,49,99.4,11,620,shot
yeremy-pino,https://www.sofascore.com/spain-france/GObsYTb#id:9869233,spain,block,No information,assisted,14.4,34.7,0,right-foot,low-centre,0,51.1,19,No information,No information,78,No information,4656,34.7,14.4,48.9,0,48.9,81,13,744,shot
paul-pogba,https://www.sofascore.com/spain-france/GObsYTb#id:9869233,france,miss,No information,regular,28.3,27.9,0,right-foot,high,0,48.9,83.3,No information,No information,76,No information,4528,27.9,28.3,51.1,0,51.1,16.7,15,872,shot
sergio-busquets,https://www.sofascore.com/spain-france/GObsYTb#id:9869233,spain,miss,No information,corner,6.3,64.1,0,head,high,0,49.1,70.8,No information,No information,74,No information,4392,64.1,6.3,50.9,0,50.9,29.2,17,1008,shot
rodri,https://www.sofascore.com/spain-france/GObsYTb#id:9869233,spain,block,No information,assisted,27.9,58.3,0,right-foot,low-centre,0,50.2,19,No information,No information,73,No information,4332,58.3,27.9,49.8,0,49.8,81,18,1068,shot
kylian-mbappe,https://www.sofascore.com/spain-france/GObsYTb#id:9869233,france,save,No information,assisted,13.4,36.9,0,right-foot,low-centre,0,51.3,1.3,No information,No information,72,No information,4261,36.9,13.4,48.7,0,48.7,98.7,19,1139,shot
kylian-mbappe,https://www.sofascore.com/spain-france/GObsYTb#id:9869233,france,block,No information,assisted,15.7,71.1,0,left-foot,low-centre,0,50.1,19,No information,No information,70,No information,4197,71.1,15.7,49.9,0,49.9,81,21,1203,shot
paul-pogba,https://www.sofascore.com/spain-france/GObsYTb#id:9869233,france,save,No information,corner,9.7,50.9,0,head,high-centre,0,48.9,21.5,No information,No information,70,No information,4150,50.9,9.7,51.1,0,51.1,78.5,21,1250,shot
kylian-mbappe,https://www.sofascore.com/spain-france/GObsYTb#id:9869233,france,miss,No information,assisted,23.6,28.3,0,right-foot,high,0,50.8,70.8,No information,No information,68,No information,4030,28.3,23.6,49.2,0,49.2,29.2,23,1370,shot
karim-benzema,https://www.sofascore.com/spain-france/GObsYTb#id:9869233,france,goal,regular,assisted,13.5,25,0,right-foot,high-right,0,45.6,26.6,No information,No information,66,No information,3933,25,13.5,54.4,0,54.4,73.4,25,1467,shot
mikel-oyarzabal,https://www.sofascore.com/spain-france/GObsYTb#id:9869233,spain,goal,regular,assisted,8.7,36.1,0,left-foot,low-right,0,45.8,1.3,No information,No information,64,No information,3826,36.1,8.7,54.2,0,54.2,98.7,27,1574,shot
theo-hernandez,https://www.sofascore.com/spain-france/GObsYTb#id:9869233,france,post,No information,assisted,7,40.6,0,left-foot,high,0,53.6,39.2,No information,No information,64,No information,3788,40.6,7,46.4,0,46.4,60.8,27,1612,shot
rodri,https://www.sofascore.com/spain-france/GObsYTb#id:9869233,spain,miss,No information,corner,9.3,46.2,0,head,right,0,29.9,12.5,No information,No information,58,No information,3469,46.2,9.3,70.1,0,70.1,87.5,33,1931,shot
marcos-alonso,https://www.sofascore.com/spain-france/GObsYTb#id:9869233,spain,miss,No information,free-kick,28.6,70.3,0,left-foot,right,0,40.7,9.7,No information,No information,37,No information,2165,70.3,28.6,59.3,0,59.3,90.3,9,535,shot
karim-benzema,https://www.sofascore.com/spain-france/GObsYTb#id:9869233,france,block,No information,assisted,10.7,25.6,0,right-foot,low-left,0,52.3,19,No information,No information,26,No information,1503,25.6,10.7,47.7,0,47.7,81,20,1197,shot
pablo-sarabia,https://www.sofascore.com/spain-france/GObsYTb#id:9869233,spain,save,No information,assisted,7.8,66.4,0,right-foot,low-centre,0,51.3,1.9,No information,No information,11,No information,658,66.4,7.8,48.7,0,48.7,98.1,35,2042,shot

lirim-kastrati,https://www.sofascore.com/kosovo-spain/YTbsBNlb#id:9223775,kosovo,miss,No information,assisted,10.7,58.5,0,right-foot,close-high-left,0,56.8,43.1,No information,No information,88,No information,5237,58.5,10.7,43.2,0,43.2,56.9,3,163,shot
marcos-llorente,https://www.sofascore.com/kosovo-spain/YTbsBNlb#id:9223775,spain,save,No information,assisted,14.7,55.1,0,right-foot,low-centre,0,49.4,3.8,No information,No information,87,No information,5204,55.1,14.7,50.6,0,50.6,96.2,4,196,shot
fabian-ruiz,https://www.sofascore.com/kosovo-spain/YTbsBNlb#id:9223775,spain,miss,No information,assisted,16.9,28.5,0,left-foot,high-left,0,57.5,79.2,No information,No information,81,No information,4843,28.5,16.9,42.5,0,42.5,20.8,10,557,shot
ferran-torres,https://www.sofascore.com/kosovo-spain/YTbsBNlb#id:9223775,spain,miss,No information,assisted,2.4,59,0,right-foot,right,0,39.5,12.5,No information,No information,77,No information,4594,59,2.4,60.5,0,60.5,87.5,14,806,shot
gerard-moreno,https://www.sofascore.com/kosovo-spain/YTbsBNlb#id:9223775,spain,goal,regular,corner,4.5,41.5,0,head,low-right,0,45.8,7.6,No information,No information,75,No information,4446,41.5,4.5,54.2,0,54.2,92.4,16,954,shot
dani-olmo,https://www.sofascore.com/kosovo-spain/YTbsBNlb#id:9223775,spain,save,No information,assisted,27.9,47.2,0,right-foot,low-right,0,48.1,17.1,No information,No information,73,No information,4355,47.2,27.9,51.9,0,51.9,82.9,18,1045,shot
besar-halimi,https://www.sofascore.com/kosovo-spain/YTbsBNlb#id:9223775,kosovo,goal,regular,regular,35.5,25.8,0,left-foot,low-centre,0,49.3,18.4,No information,No information,70,No information,4161,25.8,35.5,50.7,0,50.7,81.6,21,1239,shot
ferran-torres,https://www.sofascore.com/kosovo-spain/YTbsBNlb#id:9223775,spain,save,No information,assisted,9.4,60.6,0,right-foot,low-centre,0,48.4,16.5,No information,No information,63,No information,3739,60.6,9.4,51.6,0,51.6,83.5,28,1661,shot
pedri,https://www.sofascore.com/kosovo-spain/YTbsBNlb#id:9223775,spain,save,No information,assisted,18.4,32.2,0,right-foot,low-centre,0,50.8,1.3,No information,No information,59,No information,3529,32.2,18.4,49.2,0,49.2,98.7,32,1871,shot
mergim-vojvoda,https://www.sofascore.com/kosovo-spain/YTbsBNlb#id:9223775,kosovo,miss,No information,set-piece,31.2,52,0,right-foot,right,0,34.8,23.6,No information,No information,58,No information,3454,52,31.2,65.2,0,65.2,76.4,33,1946,shot
dani-olmo,https://www.sofascore.com/kosovo-spain/YTbsBNlb#id:9223775,spain,miss,No information,assisted,24.7,50,0,right-foot,close-right,0,41.5,15.3,No information,No information,53,No information,3151,50,24.7,58.5,0,58.5,84.7,38,2249,shot
ferran-torres,https://www.sofascore.com/kosovo-spain/YTbsBNlb#id:9223775,spain,save,No information,regular,8.7,51.9,0,left-foot,low-centre,0,49.2,7,No information,No information,52,No information,3088,51.9,8.7,50.8,0,50.8,93,39,2312,shot
alvaro-morata,https://www.sofascore.com/kosovo-spain/YTbsBNlb#id:9223775,spain,block,No information,assisted,9.1,57.3,0,right-foot,low-right,0,46.6,19,No information,No information,47,No information,2761,57.3,9.1,53.4,0,53.4,81,44,2639,shot
eric-garcia,https://www.sofascore.com/kosovo-spain/YTbsBNlb#id:9223775,spain,miss,No information,corner,8.2,57.5,0,head,close-right,0,43.2,19.4,No information,No information,39,No information,2334,57.5,8.2,56.8,0,56.8,80.6,7,366,shot
alvaro-morata,https://www.sofascore.com/kosovo-spain/YTbsBNlb#id:9223775,spain,save,No information,assisted,20.9,37.9,0,right-foot,low-right,0,48.1,1.4,No information,No information,39,No information,2296,37.9,20.9,51.9,0,51.9,98.6,7,404,shot
ferran-torres,https://www.sofascore.com/kosovo-spain/YTbsBNlb#id:9223775,spain,miss,No information,assisted,27.1,61.5,0,right-foot,high-right,0,42.4,80.6,No information,No information,37,No information,2209,61.5,27.1,57.6,0,57.6,19.4,9,491,shot
ferran-torres,https://www.sofascore.com/kosovo-spain/YTbsBNlb#id:9223775,spain,goal,regular,assisted,10.8,70.3,0,right-foot,low-left,0,54.4,7,No information,No information,36,No information,2135,70.3,10.8,45.6,0,45.6,93,10,565,shot
dani-olmo,https://www.sofascore.com/kosovo-spain/YTbsBNlb#id:9223775,spain,goal,regular,assisted,13.4,38.4,0,right-foot,high-right,0,45.8,31.6,No information,No information,34,No information,1998,38.4,13.4,54.2,0,54.2,68.4,12,702,shot
ferran-torres,https://www.sofascore.com/kosovo-spain/YTbsBNlb#id:9223775,spain,miss,No information,assisted,22.1,57.8,0,left-foot,close-right,0,41.7,1.4,No information,No information,30,No information,1740,57.8,22.1,58.3,0,58.3,98.6,16,960,shot
alvaro-morata,https://www.sofascore.com/kosovo-spain/YTbsBNlb#id:9223775,spain,block,No information,corner,12.4,45.2,0,head,low-centre,0,51.7,19,No information,No information,23,No information,1354,45.2,12.4,48.3,0,48.3,81,23,1346,shot
ferran-torres,https://www.sofascore.com/kosovo-spain/YTbsBNlb#id:9223775,spain,block,No information,corner,10.3,55.1,0,head,low-centre,0,48.7,13.9,No information,No information,23,No information,1325,55.1,10.3,51.3,0,51.3,86.1,23,1375,shot
alvaro-morata,https://www.sofascore.com/kosovo-spain/YTbsBNlb#id:9223775,spain,save,No information,assisted,3.7,33.6,0,left-foot,low-centre,0,51.2,10.1,No information,No information,22,No information,1293,33.6,3.7,48.8,0,48.8,89.9,24,1407,shot
dani-olmo,https://www.sofascore.com/kosovo-spain/YTbsBNlb#id:9223775,spain,block,No information,corner,18.9,45.8,0,right-foot,low-centre,0,51.1,19,No information,No information,16,No information,958,45.8,18.9,48.9,0,48.9,81,30,1742,shot
koke,https://www.sofascore.com/kosovo-spain/YTbsBNlb#id:9223775,spain,block,No information,assisted,10,66,0,right-foot,low-centre,0,50.5,19,No information,No information,16,No information,925,66,10,49.5,0,49.5,81,30,1775,shot
eric-garcia,https://www.sofascore.com/kosovo-spain/YTbsBNlb#id:9223775,spain,miss,No information,corner,9.3,52.8,0,head,close-left,0,59,11.1,No information,No information,8,No information,454,52.8,9.3,41,0,41,88.9,38,2246,shot
jordi-alba,https://www.sofascore.com/kosovo-spain/YTbsBNlb#id:9223775,spain,save,No information,assisted,2.4,32.4,0,left-foot,low-left,0,52.7,1.9,No information,No information,8,No information,426,32.4,2.4,47.3,0,47.3,98.1,38,2274,shot
dani-olmo,https://www.sofascore.com/kosovo-spain/YTbsBNlb#id:9223775,spain,miss,No information,regular,24.4,42.1,0,right-foot,close-high,0,52.8,56.9,No information,No information,5,No information,250,42.1,24.4,47.2,0,47.2,43.1,41,2450,shot

ferran-torres,https://www.sofascore.com/kosovo-spain/YTbsBNlb#id:9223822,spain,goal,regular,assisted,15.8,46.2,0,right-foot,low-left,0,52.9,12,No information,No information,88,No information,5277,46.2,15.8,47.1,0,47.1,88,3,123,shot
zymer-bytyqi,https://www.sofascore.com/kosovo-spain/YTbsBNlb#id:9223822,kosovo,save,No information,assisted,10.6,33.1,0,right-foot,low-left,0,54.2,1.3,No information,No information,80,No information,4747,33.1,10.6,45.8,0,45.8,98.7,11,653,shot
cesar-azpilicueta,https://www.sofascore.com/kosovo-spain/YTbsBNlb#id:9223822,spain,miss,No information,corner,10.3,40.9,0,head,close-left,0,57.3,15.3,No information,No information,79,No information,4703,40.9,10.3,42.7,0,42.7,84.7,12,697,shot
ferran-torres,https://www.sofascore.com/kosovo-spain/YTbsBNlb#id:9223822,spain,miss,No information,assisted,8.1,52.2,0,head,close-high,0,49.9,52.8,No information,No information,78,No information,4662,52.2,8.1,50.1,0,50.1,47.2,13,738,shot
sergio-busquets,https://www.sofascore.com/kosovo-spain/YTbsBNlb#id:9223822,spain,miss,No information,corner,10,56,0,head,right,0,38.5,15.3,No information,No information,77,No information,4570,56,10,61.5,0,61.5,84.7,14,830,shot
elbasan-rashani,https://www.sofascore.com/kosovo-spain/YTbsBNlb#id:9223822,kosovo,miss,No information,assisted,8.2,49.9,0,head,right,0,39,6.9,No information,No information,73,No information,4345,49.9,8.2,61,0,61,93.1,18,1055,shot
ferran-torres,https://www.sofascore.com/kosovo-spain/YTbsBNlb#id:9223822,spain,miss,No information,free-kick,24.2,38.2,0,right-foot,left,0,59.5,5.6,No information,No information,72,No information,4290,38.2,24.2,40.5,0,40.5,94.4,19,1110,shot
sergio-reguilon,https://www.sofascore.com/kosovo-spain/YTbsBNlb#id:9223822,spain,miss,No information,assisted,23.1,37.3,0,left-foot,close-right,0,41.7,2.8,No information,No information,70,No information,4181,37.3,23.1,58.3,0,58.3,97.2,21,1219,shot
alvaro-morata,https://www.sofascore.com/kosovo-spain/YTbsBNlb#id:9223822,spain,save,No information,assisted,22.2,27.6,0,right-foot,low-centre,0,50.7,4.4,No information,No information,58,No information,3423,27.6,22.2,49.3,0,49.3,95.6,33,1977,shot
florian-loshaj,https://www.sofascore.com/kosovo-spain/YTbsBNlb#id:9223822,kosovo,save,No information,assisted,46.4,57.2,0,left-foot,high-centre,0,50.2,24.7,No information,No information,57,No information,3380,57.2,46.4,49.8,0,49.8,75.3,34,2020,shot
pablo-fornals,https://www.sofascore.com/kosovo-spain/YTbsBNlb#id:9223822,spain,miss,No information,assisted,4.6,47.8,0,right-foot,close-high-left,0,57.5,41.7,No information,No information,54,No information,3184,47.8,4.6,42.5,0,42.5,58.3,37,2216,shot
carlos-soler,https://www.sofascore.com/kosovo-spain/YTbsBNlb#id:9223822,spain,block,No information,assisted,9.3,33.4,0,left-foot,low-right,0,47.6,19,No information,No information,54,No information,3184,33.4,9.3,52.4,0,52.4,81,37,2216,shot
vedat-muriqi,https://www.sofascore.com/kosovo-spain/YTbsBNlb#id:9223822,kosovo,miss,No information,fast-break,16.7,63.7,0,left-foot,close-right,0,42.9,2.8,No information,No information,53,No information,3126,63.7,16.7,57.1,0,57.1,97.2,38,2274,shot
inigo-martinez,https://www.sofascore.com/kosovo-spain/YTbsBNlb#id:9223822,spain,miss,No information,regular,29.4,43.3,0,left-foot,high,0,52.3,72.2,No information,No information,50,No information,2988,43.3,29.4,47.7,0,47.7,27.8,41,2412,shot
milot-rashica,https://www.sofascore.com/kosovo-spain/YTbsBNlb#id:9223822,kosovo,save,No information,assisted,21.1,52,0,right-foot,low-centre,0,49.7,8.2,No information,No information,45,No information,2672,52,21.1,50.3,0,50.3,91.8,1,28,shot
alvaro-morata,https://www.sofascore.com/kosovo-spain/YTbsBNlb#id:9223822,spain,miss,No information,corner,8.4,57.9,0,head,close-right,0,43.9,22.2,No information,No information,43,No information,2535,57.9,8.4,56.1,0,56.1,77.8,3,165,shot
carlos-soler,https://www.sofascore.com/kosovo-spain/YTbsBNlb#id:9223822,spain,save,No information,free-kick,29.6,43.9,0,right-foot,high-right,0,47.9,27.2,No information,No information,42,No information,2504,43.9,29.6,52.1,0,52.1,72.8,4,196,shot
pablo-fornals,https://www.sofascore.com/kosovo-spain/YTbsBNlb#id:9223822,spain,block,No information,assisted,14.6,31.9,0,right-foot,low-centre,0,48.7,19,No information,No information,36,No information,2156,31.9,14.6,51.3,0,51.3,81,10,544,shot
alvaro-morata,https://www.sofascore.com/kosovo-spain/YTbsBNlb#id:9223822,spain,miss,No information,assisted,25.9,38.2,0,right-foot,high,0,48.9,61.1,No information,No information,35,No information,2061,38.2,25.9,51.1,0,51.1,38.9,11,639,shot
pablo-fornals,https://www.sofascore.com/kosovo-spain/YTbsBNlb#id:9223822,spain,goal,regular,assisted,10.9,34.6,0,left-foot,low-left,0,53.9,14.6,No information,No information,32,No information,1905,34.6,10.9,46.1,0,46.1,85.4,14,795,shot
vedat-muriqi,https://www.sofascore.com/kosovo-spain/YTbsBNlb#id:9223822,kosovo,miss,No information,corner,5.7,43.1,0,head,right,0,26.6,8.3,No information,No information,27,No information,1581,43.1,5.7,73.4,0,73.4,91.7,19,1119,shot
pablo-fornals,https://www.sofascore.com/kosovo-spain/YTbsBNlb#id:9223822,spain,miss,No information,regular,9.7,54.2,0,head,left,0,89.2,6.9,No information,No information,18,No information,1043,54.2,9.7,10.8,0,10.8,93.1,28,1657,shot
elbasan-rashani,https://www.sofascore.com/kosovo-spain/YTbsBNlb#id:9223822,kosovo,miss,No information,assisted,25.7,60.6,0,left-foot,close-left,0,56.6,4.2,No information,No information,15,No information,850,60.6,25.7,43.4,0,43.4,95.8,31,1850,shot
koke,https://www.sofascore.com/kosovo-spain/YTbsBNlb#id:9223822,spain,miss,No information,assisted,9.2,44.8,0,left-foot,right,0,40.7,9.7,No information,No information,9,No information,504,44.8,9.2,59.3,0,59.3,90.3,37,2196,shot
aymeric-laporte,https://www.sofascore.com/kosovo-spain/YTbsBNlb#id:9223822,spain,miss,No information,corner,9.4,56.1,0,right-foot,high,0,50.9,84.7,No information,No information,4,No information,201,56.1,9.4,49.1,0,49.1,15.3,42,2499,shot
sergio-reguilon,https://www.sofascore.com/kosovo-spain/YTbsBNlb#id:9223822,spain,miss,No information,assisted,20.4,45.5,0,left-foot,close-right,0,42,27.8,No information,No information,1,No information,30,45.5,20.4,58,0,58,72.2,45,2670,shot

rodri,https://www.sofascore.com/spain-scotland/VTbsYTb#id:10752507,spain,save,No information,assisted,19.5,25.8,0,left-foot,low-centre,0,48.4,1.3,No information,No information,90,5,5699,25.8,19.5,51.6,0,51.6,98.7,1,601,shot
che-adams,https://www.sofascore.com/spain-scotland/VTbsYTb#id:10752507,scotland,miss,No information,set-piece,8,47.2,0,right-foot,close-right,0,40.8,8.3,No information,No information,90,1,5420,47.2,8,59.2,0,59.2,91.7,1,880,shot
oihan-sancet,https://www.sofascore.com/spain-scotland/VTbsYTb#id:10752507,spain,goal,regular,regular,7.1,53.4,0,right-foot,low-right,0,47.8,3.8,No information,No information,86,No information,5131,53.4,7.1,52.2,0,52.2,96.2,5,269,shot
oihan-sancet,https://www.sofascore.com/spain-scotland/VTbsYTb#id:10752507,spain,block,No information,assisted,8.6,54.2,0,left-foot,low-centre,0,50.9,19,No information,No information,86,No information,5129,54.2,8.6,49.1,0,49.1,81,5,271,shot
joselu,https://www.sofascore.com/spain-scotland/VTbsYTb#id:10752507,spain,block,No information,regular,9.4,67.4,0,right-foot,low-centre,0,48.6,19,No information,No information,85,No information,5054,67.4,9.4,51.4,0,51.4,81,6,346,shot
stuart-armstrong,https://www.sofascore.com/spain-scotland/VTbsYTb#id:10752507,scotland,block,No information,throw-in-set-piece,5.8,53.9,0,right-foot,low-centre,0,49.5,19,No information,No information,83,No information,4957,53.9,5.8,50.5,0,50.5,81,8,443,shot
hickey-aaron,https://www.sofascore.com/spain-scotland/VTbsYTb#id:10752507,scotland,miss,No information,assisted,10.7,40.2,0,right-foot,right,0,36.5,4.2,No information,No information,81,No information,4838,40.2,10.7,63.5,0,63.5,95.8,10,562,shot
che-adams,https://www.sofascore.com/spain-scotland/VTbsYTb#id:10752507,scotland,save,No information,assisted,7.3,50.1,0,right-foot,low-centre,0,49,5.1,No information,No information,81,No information,4839,50.1,7.3,51,0,51,94.9,10,561,shot
alvaro-morata,https://www.sofascore.com/spain-scotland/VTbsYTb#id:10752507,spain,goal,regular,assisted,5.6,52,0,head,low-left,0,53.1,15.8,No information,No information,73,No information,4372,52,5.6,46.9,0,46.9,84.2,18,1028,shot
alvaro-morata,https://www.sofascore.com/spain-scotland/VTbsYTb#id:10752507,spain,miss,No information,assisted,7,51.5,0,head,high,0,52.1,63.9,No information,No information,67,No information,3962,51.5,7,47.9,0,47.9,36.1,24,1438,shot
gavi,https://www.sofascore.com/spain-scotland/VTbsYTb#id:10752507,spain,miss,No information,corner,14.3,51.6,0,right-foot,left,0,61,12.5,No information,No information,63,No information,3753,51.6,14.3,39,0,39,87.5,28,1647,shot
alvaro-morata,https://www.sofascore.com/spain-scotland/VTbsYTb#id:10752507,spain,miss,No information,regular,6.1,32.1,0,right-foot,close-right,0,43,37.5,No information,No information,56,No information,3313,32.1,6.1,57,0,57,62.5,35,2087,shot
bryan-zaragoza,https://www.sofascore.com/spain-scotland/VTbsYTb#id:10752507,spain,miss,No information,assisted,24.4,29.9,0,right-foot,high-right,0,40.5,70.8,No information,No information,49,No information,2888,29.9,24.4,59.5,0,59.5,29.2,42,2512,shot
mikel-merino,https://www.sofascore.com/spain-scotland/VTbsYTb#id:10752507,spain,block,No information,regular,13.2,66.4,0,left-foot,low-centre,0,48.2,19,No information,No information,45,No information,2665,66.4,13.2,51.8,0,51.8,81,1,35,shot
daniel-carvajal,https://www.sofascore.com/spain-scotland/VTbsYTb#id:10752507,spain,block,No information,assisted,17.4,70.2,0,left-foot,low-centre,0,50.7,19,No information,No information,45,No information,2661,70.2,17.4,49.3,0,49.3,81,1,39,shot
mikel-merino,https://www.sofascore.com/spain-scotland/VTbsYTb#id:10752507,spain,post,No information,regular,13.9,63.5,0,left-foot,left,0,54.9,3.2,No information,No information,34,No information,2015,63.5,13.9,45.1,0,45.1,96.8,12,685,shot
mikel-oyarzabal,https://www.sofascore.com/spain-scotland/VTbsYTb#id:10752507,spain,block,No information,assisted,9.9,56.1,0,right-foot,low-right,0,47.9,19,No information,No information,34,No information,2014,56.1,9.9,52.1,0,52.1,81,12,686,shot
mikel-oyarzabal,https://www.sofascore.com/spain-scotland/VTbsYTb#id:10752507,spain,miss,No information,assisted,11.7,33.7,0,left-foot,high,0,54.3,80.6,No information,No information,20,No information,1170,33.7,11.7,45.7,0,45.7,19.4,26,1530,shot
mikel-oyarzabal,https://www.sofascore.com/spain-scotland/VTbsYTb#id:10752507,spain,save,No information,assisted,17.4,50.5,0,right-foot,low-right,0,46.4,12.7,No information,No information,17,No information,1006,50.5,17.4,53.6,0,53.6,87.3,29,1694,shot
alejandro-balde,https://www.sofascore.com/spain-scotland/VTbsYTb#id:10752507,spain,block,No information,assisted,11.8,27.9,0,right-foot,low-centre,0,50.6,19,No information,No information,12,No information,700,27.9,11.8,49.4,0,49.4,81,34,2000,shot
alvaro-morata,https://www.sofascore.com/spain-scotland/VTbsYTb#id:10752507,spain,miss,No information,corner,3.6,58.5,0,head,high-right,0,43.2,63.9,No information,No information,4,No information,238,58.5,3.6,56.8,0,56.8,36.1,42,2462,shot
ferran-torres,https://www.sofascore.com/spain-scotland/VTbsYTb#id:10752507,spain,miss,No information,assisted,11.8,50.3,0,left-foot,close-right,0,41.8,6.9,No information,No information,2,No information,68,50.3,11.8,58.2,0,58.2,93.1,44,2632,shot

carlos-soler,https://www.sofascore.com/costa-rica-spain/YTbsgVb#id:10230571,spain,block,No information,free-kick,15.1,17.5,0,right-foot,low-centre,0,51,19,No information,No information,90,8,5846,17.5,15.1,49,0,49,81,1,454,shot
carlos-soler,https://www.sofascore.com/costa-rica-spain/YTbsgVb#id:10230571,spain,miss,No information,assisted,15.9,53.8,0,right-foot,right,0,39.7,2.8,No information,No information,90,6,5713,53.8,15.9,60.3,0,60.3,97.2,1,587,shot
alvaro-morata,https://www.sofascore.com/costa-rica-spain/YTbsgVb#id:10230571,spain,goal,regular,assisted,14.4,43.1,0,left-foot,low-left,0,54,1.3,No information,No information,90,2,5517,43.1,14.4,46,0,46,98.7,1,783,shot
carlos-soler,https://www.sofascore.com/costa-rica-spain/YTbsgVb#id:10230571,spain,goal,regular,regular,9.1,50.3,0,right-foot,low-right,0,45.7,13.9,No information,No information,90,No information,5351,50.3,9.1,54.3,0,54.3,86.1,1,49,shot
gavi,https://www.sofascore.com/costa-rica-spain/YTbsgVb#id:10230571,spain,goal,regular,assisted,15.3,57.1,0,right-foot,low-right,0,45.9,2.5,No information,No information,74,No information,4439,57.1,15.3,54.1,0,54.1,97.5,17,961,shot
dani-olmo,https://www.sofascore.com/costa-rica-spain/YTbsgVb#id:10230571,spain,save,No information,assisted,8.9,31.6,0,head,low-right,0,47.5,12,No information,No information,70,No information,4143,31.6,8.9,52.5,0,52.5,88,21,1257,shot
alvaro-morata,https://www.sofascore.com/costa-rica-spain/YTbsgVb#id:10230571,spain,miss,No information,assisted,6.2,71.3,0,right-foot,close-right,0,42.9,9.7,No information,No information,63,No information,3762,71.3,6.2,57.1,0,57.1,90.3,28,1638,shot
dani-olmo,https://www.sofascore.com/costa-rica-spain/YTbsgVb#id:10230571,spain,miss,No information,assisted,25.1,31.2,0,right-foot,high-right,0,38.7,77.8,No information,No information,62,No information,3672,31.2,25.1,61.3,0,61.3,22.2,29,1728,shot
ferran-torres,https://www.sofascore.com/costa-rica-spain/YTbsgVb#id:10230571,spain,goal,regular,regular,4.2,60.3,0,left-foot,low-centre,0,50.5,1.3,No information,No information,54,No information,3222,60.3,4.2,49.5,0,49.5,98.7,37,2178,shot
marco-asensio,https://www.sofascore.com/costa-rica-spain/YTbsgVb#id:10230571,spain,miss,No information,assisted,19.6,54.3,0,left-foot,high,0,50.3,68.1,No information,No information,48,No information,2857,54.3,19.6,49.7,0,49.7,31.9,43,2543,shot
marco-asensio,https://www.sofascore.com/costa-rica-spain/YTbsgVb#id:10230571,spain,miss,No information,assisted,9,40.2,0,left-foot,left,0,60.7,31.9,No information,No information,45,5,2955,40.2,9,39.3,0,39.3,68.1,1,2445,shot
marco-asensio,https://www.sofascore.com/costa-rica-spain/YTbsgVb#id:10230571,spain,block,No information,assisted,27,38.5,0,left-foot,low-centre,0,49.5,19,No information,No information,43,No information,2539,38.5,27,50.5,0,50.5,81,3,161,shot
ferran-torres,https://www.sofascore.com/costa-rica-spain/YTbsgVb#id:10230571,spain,goal,penalty,penalty,11.5,50,0,right-foot,low-left,0,52.1,1.3,No information,No information,31,No information,1809,50,11.5,47.9,0,47.9,98.7,15,891,shot
marco-asensio,https://www.sofascore.com/costa-rica-spain/YTbsgVb#id:10230571,spain,goal,regular,assisted,13.7,43.7,0,left-foot,low-right,0,47.3,8.9,No information,No information,21,No information,1232,43.7,13.7,52.7,0,52.7,91.1,25,1468,shot
dani-olmo,https://www.sofascore.com/costa-rica-spain/YTbsgVb#id:10230571,spain,goal,regular,regular,7.9,50.2,0,right-foot,low-left,0,52.6,8.9,No information,No information,11,No information,652,50.2,7.9,47.4,0,47.4,91.1,35,2048,shot
marco-asensio,https://www.sofascore.com/costa-rica-spain/YTbsgVb#id:10230571,spain,miss,No information,assisted,15.4,51.2,0,left-foot,close-right,0,43.7,2.8,No information,No information,9,No information,488,51.2,15.4,56.3,0,56.3,97.2,37,2212,shot
dani-olmo,https://www.sofascore.com/costa-rica-spain/YTbsgVb#id:10230571,spain,miss,No information,assisted,6.7,57.6,0,right-foot,left,0,61.3,4.2,No information,No information,5,No information,264,57.6,6.7,38.7,0,38.7,95.8,41,2436,shot

pablo-sarabia,https://www.sofascore.com/spain-malta/IObsYTb#id:8079066,spain,miss,No information,regular,16.1,29.1,0,left-foot,right,0,40.2,1.4,No information,No information,90,No information,5387,29.1,16.1,59.8,0,59.8,98.6,1,13,shot
paco-alcacer,https://www.sofascore.com/spain-malta/IObsYTb#id:8079066,spain,post,No information,assisted,7.3,35.3,0,left-foot,left,0,55.5,29.7,No information,No information,90,No information,5384,35.3,7.3,44.5,0,44.5,70.3,1,16,shot
paco-alcacer,https://www.sofascore.com/spain-malta/IObsYTb#id:8079066,spain,miss,No information,regular,14.5,61.6,0,right-foot,close-high,0,47.1,48.6,No information,No information,87,No information,5163,61.6,14.5,52.9,0,52.9,51.4,4,237,shot
jesus-navas,https://www.sofascore.com/spain-malta/IObsYTb#id:8079066,spain,goal,regular,corner,21.1,65.5,0,right-foot,high-left,0,53,21.5,No information,No information,85,No information,5094,65.5,21.1,47,0,47,78.5,6,306,shot
dani-olmo,https://www.sofascore.com/spain-malta/IObsYTb#id:8079066,spain,save,No information,assisted,11.1,31.6,0,right-foot,low-centre,0,50.5,3.2,No information,No information,84,No information,5007,31.6,11.1,49.5,0,49.5,96.8,7,393,shot
pablo-sarabia,https://www.sofascore.com/spain-malta/IObsYTb#id:8079066,spain,save,No information,assisted,3.9,41.5,0,left-foot,high-centre,0,50.8,26.6,No information,No information,80,No information,4762,41.5,3.9,49.2,0,49.2,73.4,11,638,shot
juan-bernat,https://www.sofascore.com/spain-malta/IObsYTb#id:8079066,spain,block,No information,assisted,5.3,30.3,0,left-foot,No information,No information,No information,No information,No information,No information,74,No information,4430,30.3,5.3,No information,No information,No information,No information,17,970,shot
gerard-moreno,https://www.sofascore.com/spain-malta/IObsYTb#id:8079066,spain,goal,regular,assisted,2.8,52.4,0,right-foot,low-centre,0,49,4.4,No information,No information,71,No information,4256,52.4,2.8,51,0,51,95.6,20,1144,shot
dani-olmo,https://www.sofascore.com/spain-malta/IObsYTb#id:8079066,spain,goal,regular,assisted,3.7,61.6,0,right-foot,low-centre,0,50.3,1.9,No information,No information,69,No information,4084,61.6,3.7,49.7,0,49.7,98.1,22,1316,shot
gerard-moreno,https://www.sofascore.com/spain-malta/IObsYTb#id:8079066,spain,block,No information,assisted,13.2,47.8,0,left-foot,No information,No information,No information,No information,No information,No information,67,No information,3993,47.8,13.2,No information,No information,No information,No information,24,1407,shot
dani-olmo,https://www.sofascore.com/spain-malta/IObsYTb#id:8079066,spain,save,No information,assisted,8.8,53.6,0,left-foot,low-centre,0,49.7,7.6,No information,No information,66,No information,3940,53.6,8.8,50.3,0,50.3,92.4,25,1460,shot
thiago-alcantara,https://www.sofascore.com/spain-malta/IObsYTb#id:8079066,spain,block,No information,assisted,18.1,45.2,0,left-foot,No information,No information,No information,No information,No information,No information,65,No information,3871,45.2,18.1,No information,No information,No information,No information,26,1529,shot
gerard-moreno,https://www.sofascore.com/spain-malta/IObsYTb#id:8079066,spain,block,No information,assisted,13,53.2,0,left-foot,No information,No information,No information,No information,No information,No information,65,No information,3844,53.2,13,No information,No information,No information,No information,26,1556,shot
pablo-sarabia,https://www.sofascore.com/spain-malta/IObsYTb#id:8079066,spain,goal,regular,assisted,14.8,56.9,0,left-foot,high-left,0,53.3,31,No information,No information,63,No information,3727,56.9,14.8,46.7,0,46.7,69,28,1673,shot
pau-torres,https://www.sofascore.com/spain-malta/IObsYTb#id:8079066,spain,goal,regular,corner,1.2,52.4,0,other,low-centre,0,48.8,17.7,No information,No information,62,No information,3664,52.4,1.2,51.2,0,51.2,82.3,29,1736,shot
gerard-moreno,https://www.sofascore.com/spain-malta/IObsYTb#id:8079066,spain,miss,No information,regular,13,55.5,0,right-foot,close-right,0,43.7,29.2,No information,No information,58,No information,3470,55.5,13,56.3,0,56.3,70.8,33,1930,shot
gerard-moreno,https://www.sofascore.com/spain-malta/IObsYTb#id:8079066,spain,block,No information,corner,15.4,43.9,0,right-foot,No information,No information,No information,No information,No information,No information,58,No information,3448,43.9,15.4,No information,No information,No information,No information,33,1952,shot
pablo-sarabia,https://www.sofascore.com/spain-malta/IObsYTb#id:8079066,spain,block,No information,regular,9.4,52.6,0,left-foot,low-centre,0,51.6,13.9,No information,No information,57,No information,3409,52.6,9.4,48.4,0,48.4,86.1,34,1991,shot
paco-alcacer,https://www.sofascore.com/spain-malta/IObsYTb#id:8079066,spain,save,No information,assisted,12.5,41,0,right-foot,high-right,0,47.5,21.5,No information,No information,57,No information,3405,41,12.5,52.5,0,52.5,78.5,34,1995,shot
santi-cazorla,https://www.sofascore.com/spain-malta/IObsYTb#id:8079066,spain,block,No information,assisted,24.4,53,0,right-foot,No information,No information,No information,No information,No information,No information,52,No information,3102,53,24.4,No information,No information,No information,No information,39,2298,shot
raul-albiol,https://www.sofascore.com/spain-malta/IObsYTb#id:8079066,spain,block,No information,corner,15.9,46.2,0,right-foot,No information,No information,No information,No information,No information,No information,51,No information,3004,46.2,15.9,No information,No information,No information,No information,40,2396,shot
pablo-sarabia,https://www.sofascore.com/spain-malta/IObsYTb#id:8079066,spain,miss,No information,assisted,6.1,43.7,0,left-foot,high,0,52.8,68.1,No information,No information,49,No information,2915,43.7,6.1,47.2,0,47.2,31.9,42,2485,shot
kyrian-nwoko,https://www.sofascore.com/spain-malta/IObsYTb#id:8079066,malta,miss,No information,assisted,28.7,61.8,0,right-foot,right,0,37,19.4,No information,No information,48,No information,2867,61.8,28.7,63,0,63,80.6,43,2533,shot
gerard-moreno,https://www.sofascore.com/spain-malta/IObsYTb#id:8079066,spain,miss,No information,assisted,3.2,53.9,0,left-foot,close-right,0,43.4,2.8,No information,No information,43,No information,2523,53.9,3.2,56.6,0,56.6,97.2,3,177,shot
santi-cazorla,https://www.sofascore.com/spain-malta/IObsYTb#id:8079066,spain,goal,regular,assisted,12.1,47.8,0,left-foot,low-left,0,53.4,0.6,No information,No information,41,No information,2437,47.8,12.1,46.6,0,46.6,99.4,5,263,shot
pablo-sarabia,https://www.sofascore.com/spain-malta/IObsYTb#id:8079066,spain,miss,No information,corner,21.6,44.2,0,right-foot,right,0,0.3,6.9,No information,No information,35,No information,2071,44.2,21.6,99.7,0,99.7,93.1,11,629,shot
sergio-ramos,https://www.sofascore.com/spain-malta/IObsYTb#id:8079066,spain,save,No information,corner,8,53.2,0,head,low-left,0,51.9,1.3,No information,No information,28,No information,1621,53.2,8,48.1,0,48.1,98.7,18,1079,shot
alvaro-morata,https://www.sofascore.com/spain-malta/IObsYTb#id:8079066,spain,goal,regular,corner,2.1,46.6,0,right-foot,low-left,0,52,1.3,No information,No information,23,No information,1352,46.6,2.1,48,0,48,98.7,23,1348,shot
alvaro-morata,https://www.sofascore.com/spain-malta/IObsYTb#id:8079066,spain,save,No information,assisted,5.3,72.1,0,right-foot,low-left,0,53.7,1.3,No information,No information,22,No information,1319,72.1,5.3,46.3,0,46.3,98.7,24,1381,shot
santi-cazorla,https://www.sofascore.com/spain-malta/IObsYTb#id:8079066,spain,block,No information,set-piece,12.8,62.3,0,right-foot,No information,No information,No information,No information,No information,No information,20,No information,1189,62.3,12.8,No information,No information,No information,No information,26,1511,shot
juan-bernat,https://www.sofascore.com/spain-malta/IObsYTb#id:8079066,spain,save,No information,regular,8.7,45.8,0,head,low-centre,0,50.6,4.4,No information,No information,16,No information,946,45.8,8.7,49.4,0,49.4,95.6,30,1754,shot
sergio-ramos,https://www.sofascore.com/spain-malta/IObsYTb#id:8079066,spain,miss,No information,assisted,14.2,51.1,0,head,close-right,0,41.7,9.7,No information,No information,5,No information,252,51.1,14.2,58.3,0,58.3,90.3,41,2448,shot
pablo-sarabia,https://www.sofascore.com/spain-malta/IObsYTb#id:8079066,spain,block,No information,corner,19.8,30.1,0,left-foot,No information,No information,No information,No information,No information,No information,4,No information,193,30.1,19.8,No information,No information,No information,No information,42,2507,shot

mikel-oyarzabal,https://www.sofascore.com/spain-slovakia/XTbsYTb#id:8602465,spain,miss,No information,regular,7.6,32.4,0,left-foot,close-left,0,58.3,5.6,No information,No information,89,No information,5315,32.4,7.6,41.7,0,41.7,94.4,2,85,shot
pablo-sarabia,https://www.sofascore.com/spain-slovakia/XTbsYTb#id:8602465,spain,miss,No information,assisted,21.9,40,0,left-foot,high-left,0,61,79.2,No information,No information,85,No information,5092,40,21.9,39,0,39,20.8,6,308,shot
juraj-kucka,https://www.sofascore.com/spain-slovakia/XTbsYTb#id:8602465,spain,goal,own,set-piece,1.2,50.2,0,right-foot,low-right,0,46.8,10.1,No information,No information,71,No information,4248,50.2,1.2,53.2,0,53.2,89.9,20,1152,shot
pau-torres,https://www.sofascore.com/spain-slovakia/XTbsYTb#id:8602465,spain,save,No information,set-piece,3.3,55.1,0,head,low-centre,0,48.3,12,No information,No information,71,No information,4247,55.1,3.3,51.7,0,51.7,88,20,1153,shot
thiago-alcantara,https://www.sofascore.com/spain-slovakia/XTbsYTb#id:8602465,spain,block,No information,set-piece,15.4,55.1,0,right-foot,low-left,0,53.5,19,No information,No information,71,No information,4245,55.1,15.4,46.5,0,46.5,81,20,1155,shot
ferran-torres,https://www.sofascore.com/spain-slovakia/XTbsYTb#id:8602465,spain,goal,regular,corner,2.2,55.1,0,right-foot,low-centre,0,50.8,0.6,No information,No information,67,No information,3971,55.1,2.2,49.2,0,49.2,99.4,24,1429,shot
lukas-haraslin,https://www.sofascore.com/spain-slovakia/XTbsYTb#id:8602465,slovakia,miss,No information,assisted,26.5,59.8,0,right-foot,right,0,38.8,11.1,No information,No information,62,No information,3665,59.8,26.5,61.2,0,61.2,88.9,29,1735,shot
pablo-sarabia,https://www.sofascore.com/spain-slovakia/XTbsYTb#id:8602465,spain,goal,regular,assisted,9,47,0,left-foot,low-right,0,45.3,8.9,No information,No information,56,No information,3324,47,9,54.7,0,54.7,91.1,35,2076,shot
michal-duris,https://www.sofascore.com/spain-slovakia/XTbsYTb#id:8602465,slovakia,miss,No information,assisted,14.5,27.4,0,left-foot,close-left,0,58.3,11.1,No information,No information,55,No information,3265,27.4,14.5,41.7,0,41.7,88.9,36,2135,shot
michal-duris,https://www.sofascore.com/spain-slovakia/XTbsYTb#id:8602465,slovakia,block,No information,assisted,22.4,43.4,0,right-foot,low-centre,0,50.9,19,No information,No information,48,No information,2845,43.4,22.4,49.1,0,49.1,81,43,2555,shot
aymeric-laporte,https://www.sofascore.com/spain-slovakia/XTbsYTb#id:8602465,spain,goal,regular,corner,4.1,47.2,0,head,high-right,0,45.4,26.6,No information,No information,45,3,2850,47.2,4.1,54.6,0,54.6,73.4,1,2550,shot
gerard-moreno,https://www.sofascore.com/spain-slovakia/XTbsYTb#id:8602465,spain,save,No information,assisted,18.8,50.6,0,left-foot,low-centre,0,51.7,5.1,No information,No information,45,1,2739,50.6,18.8,48.3,0,48.3,94.9,1,2661,shot
koke,https://www.sofascore.com/spain-slovakia/XTbsYTb#id:8602465,spain,miss,No information,assisted,28.9,69.7,0,right-foot,left,0,59.3,4.2,No information,No information,45,No information,2667,69.7,28.9,40.7,0,40.7,95.8,1,33,shot
martin-dubravka,https://www.sofascore.com/spain-slovakia/XTbsYTb#id:8602465,spain,goal,own,regular,0.4,50.5,0,other,low-centre,0,51.1,18.4,No information,No information,30,No information,1755,50.5,0.4,48.9,0,48.9,81.6,16,945,shot
pablo-sarabia,https://www.sofascore.com/spain-slovakia/XTbsYTb#id:8602465,spain,post,No information,regular,17.8,54.2,0,left-foot,high,0,46.8,39.9,No information,No information,30,No information,1752,54.2,17.8,53.2,0,53.2,60.1,16,948,shot
alvaro-morata,https://www.sofascore.com/spain-slovakia/XTbsYTb#id:8602465,spain,save,No information,assisted,18.7,50.1,0,right-foot,high-right,0,48,21.5,No information,No information,24,No information,1404,50.1,18.7,52,0,52,78.5,22,1296,shot
alvaro-morata,https://www.sofascore.com/spain-slovakia/XTbsYTb#id:8602465,spain,miss,No information,assisted,7.9,56.2,0,head,left,0,59.5,12.5,No information,No information,19,No information,1129,56.2,7.9,40.5,0,40.5,87.5,27,1571,shot
pablo-sarabia,https://www.sofascore.com/spain-slovakia/XTbsYTb#id:8602465,spain,save,No information,assisted,7.5,48.7,0,left-foot,low-centre,0,48.7,10.8,No information,No information,19,No information,1093,48.7,7.5,51.3,0,51.3,89.2,27,1607,shot
eric-garcia,https://www.sofascore.com/spain-slovakia/XTbsYTb#id:8602465,spain,block,No information,corner,15,46.4,0,right-foot,low-right,0,47.5,19,No information,No information,15,No information,875,46.4,15,52.5,0,52.5,81,31,1825,shot
cesar-azpilicueta,https://www.sofascore.com/spain-slovakia/XTbsYTb#id:8602465,spain,block,No information,corner,10.3,46.7,0,head,low-centre,0,49.5,19,No information,No information,15,No information,874,46.7,10.3,50.5,0,50.5,81,31,1826,shot
gerard-moreno,https://www.sofascore.com/spain-slovakia/XTbsYTb#id:8602465,spain,miss,No information,set-piece,1.7,30.3,0,left-foot,high-right,0,32.3,83.3,No information,No information,12,No information,666,30.3,1.7,67.7,0,67.7,16.7,34,2034,shot
alvaro-morata,https://www.sofascore.com/spain-slovakia/XTbsYTb#id:8602465,spain,save,No information,penalty,11.5,50,0,right-foot,low-left,0,52.6,15.2,No information,No information,12,No information,664,50,11.5,47.4,0,47.4,84.8,34,2036,shot
alvaro-morata,https://www.sofascore.com/spain-slovakia/XTbsYTb#id:8602465,spain,save,No information,assisted,2.7,32.8,0,left-foot,low-right,0,46.1,13.9,No information,No information,5,No information,269,32.8,2.7,53.9,0,53.9,86.1,41,2431,shot
cesar-azpilicueta,https://www.sofascore.com/spain-slovakia/XTbsYTb#id:8602465,spain,block,No information,regular,7.8,66.6,0,right-foot,low-centre,0,48.6,11.1,No information,No information,5,No information,270,66.6,7.8,51.4,0,51.4,88.9,41,2430,shot

bryan-gil,https://www.sofascore.com/italy-spain/YTbshUb#id:9212603,spain,block,No information,assisted,5.3,65.3,0,right-foot,low-right,0,46.4,19,No information,No information,90,2,5471,65.3,5.3,53.6,0,53.6,81,1,829,shot
lorenzo-pellegrini,https://www.sofascore.com/italy-spain/YTbshUb#id:9212603,italy,goal,regular,fast-break,4.3,53.7,0,right-foot,low-centre,0,49,1.3,No information,No information,83,No information,4942,53.7,4.3,51,0,51,98.7,8,458,shot
yeremy-pino,https://www.sofascore.com/italy-spain/YTbshUb#id:9212603,spain,block,No information,assisted,12.1,72.1,0,right-foot,low-centre,0,49.3,19,No information,No information,80,No information,4740,72.1,12.1,50.7,0,50.7,81,11,660,shot
bryan-gil,https://www.sofascore.com/italy-spain/YTbshUb#id:9212603,spain,block,No information,assisted,10.7,39.6,0,right-foot,low-centre,0,50.4,19,No information,No information,78,No information,4658,39.6,10.7,49.6,0,49.6,81,13,742,shot
marcos-alonso,https://www.sofascore.com/italy-spain/YTbshUb#id:9212603,spain,save,No information,assisted,11.5,39.7,0,left-foot,low-centre,0,48.5,3.2,No information,No information,78,No information,4653,39.7,11.5,51.5,0,51.5,96.8,13,747,shot
mikel-oyarzabal,https://www.sofascore.com/italy-spain/YTbshUb#id:9212603,spain,miss,No information,assisted,5.8,45.8,0,head,close-left,0,56.1,4.2,No information,No information,63,No information,3771,45.8,5.8,43.9,0,43.9,95.8,28,1629,shot
koke,https://www.sofascore.com/italy-spain/YTbshUb#id:9212603,spain,block,No information,assisted,13.6,38,0,right-foot,low-right,0,46.3,19,No information,No information,57,No information,3384,38,13.6,53.7,0,53.7,81,34,2016,shot
mikel-oyarzabal,https://www.sofascore.com/italy-spain/YTbshUb#id:9212603,spain,miss,No information,assisted,18.4,53.4,0,right-foot,right,0,34.5,2.8,No information,No information,55,No information,3252,53.4,18.4,65.5,0,65.5,97.2,36,2148,shot
ferran-torres,https://www.sofascore.com/italy-spain/YTbshUb#id:9212603,spain,goal,regular,assisted,4.3,52.6,0,head,low-left,0,54.2,5.1,No information,No information,45,2,2764,52.6,4.3,45.8,0,45.8,94.9,1,2636,shot
lorenzo-insigne,https://www.sofascore.com/italy-spain/YTbshUb#id:9212603,italy,save,No information,set-piece,6.5,32.8,0,right-foot,low-left,0,51.9,19.6,No information,No information,45,1,2708,32.8,6.5,48.1,0,48.1,80.4,1,2692,shot
lorenzo-insigne,https://www.sofascore.com/italy-spain/YTbshUb#id:9212603,italy,miss,No information,assisted,13.6,47,0,right-foot,right,0,38.8,36.1,No information,No information,35,No information,2073,47,13.6,61.2,0,61.2,63.9,11,627,shot
federico-bernardeschi,https://www.sofascore.com/italy-spain/YTbshUb#id:9212603,italy,save,No information,assisted,10,69,0,left-foot,low-right,0,45.9,12.7,No information,No information,34,No information,2025,69,10,54.1,0,54.1,87.3,12,675,shot
leonardo-bonucci,https://www.sofascore.com/italy-spain/YTbshUb#id:9212603,italy,miss,No information,regular,29.9,43.1,0,right-foot,high,0,55.8,83.3,No information,No information,30,No information,1793,43.1,29.9,44.2,0,44.2,16.7,16,907,shot
giovanni-di-lorenzo,https://www.sofascore.com/italy-spain/YTbshUb#id:9212603,italy,miss,No information,corner,2.5,37.9,0,head,left,0,59.8,13.9,No information,No information,28,No information,1624,37.9,2.5,40.2,0,40.2,86.1,18,1076,shot
marcos-alonso,https://www.sofascore.com/italy-spain/YTbshUb#id:9212603,spain,save,No information,regular,13.9,27.6,0,left-foot,high-left,0,54.3,23.4,No information,No information,19,No information,1090,27.6,13.9,45.7,0,45.7,76.6,27,1610,shot
sergio-busquets,https://www.sofascore.com/italy-spain/YTbshUb#id:9212603,spain,miss,No information,assisted,19.6,46.7,0,right-foot,left,0,60.8,6.9,No information,No information,19,No information,1088,46.7,19.6,39.2,0,39.2,93.1,27,1612,shot
mikel-oyarzabal,https://www.sofascore.com/italy-spain/YTbshUb#id:9212603,spain,block,No information,assisted,13.2,37.6,0,right-foot,low-centre,0,50.8,19,No information,No information,19,No information,1086,37.6,13.2,49.2,0,49.2,81,27,1614,shot
ferran-torres,https://www.sofascore.com/italy-spain/YTbshUb#id:9212603,spain,goal,regular,assisted,9.6,49.3,0,right-foot,low-right,0,45.5,10.8,No information,No information,17,No information,1005,49.3,9.6,54.5,0,54.5,89.2,29,1695,shot
mikel-oyarzabal,https://www.sofascore.com/italy-spain/YTbshUb#id:9212603,spain,block,No information,assisted,10.1,45.7,0,left-foot,low-right,0,47.7,11.1,No information,No information,13,No information,747,45.7,10.1,52.3,0,52.3,88.9,33,1953,shot
alessandro-bastoni,https://www.sofascore.com/italy-spain/YTbshUb#id:9212603,italy,save,No information,assisted,19.1,57.2,0,right-foot,high-right,0,47.3,29.1,No information,No information,6,No information,349,57.2,19.1,52.7,0,52.7,70.9,40,2351,shot
federico-chiesa,https://www.sofascore.com/italy-spain/YTbshUb#id:9212603,italy,save,No information,assisted,26.9,46.8,0,right-foot,low-left,0,53.7,13.3,No information,No information,5,No information,259,46.8,26.9,46.3,0,46.3,86.7,41,2441,shot
